lei,year,application_count,approval_count,denial_count,approval_rate,denial_rate,du_share,lpa_share,internal_aus_share,other_aus_share,external_aus_coverage,external_aus_coverage_alt_any_aus_reported,cert,rssd,entity,type,insure,name,assets,assetl,org,assorg,namet,state,fore,valid_fdic_cert,asset,astempm,bkclass,esal,id,nclnlsr,nonixay,numemp,rbc1aaj,roa,specgrp,stalp,matched_fdic_financials
01J4SO3XTWZF4PP38209,2023,3378,3042,336,0.9005328596802842,0.0994671403197158,0.5805210183540557,0.0926583777383067,0.0,0.3268206039076377,0.6731793960923623,0.6731793960923623,4988.0,342634.0,342634.0,10.0,7.0,TRUSTMARK NB,18719930.0,18013146.0,1079562.0,18722189.0,TRUSTMARK NATIONAL BANK,28.0,NAT,True,18719930.0,6.789963728690606,N,304665.0,4988_20231231,1.1955613468890327,2.900859065464968,2757.0,8.749963003182655,0.939100879388656,4.0,MS,True
01J4SO3XTWZF4PP38209,2024,2241,2156,85,0.962070504239179,0.03792949576082106,0.6662204373047746,0.24051762605979474,0.0,0.09326193663543061,0.9067380633645694,0.9071842927264614,4988.0,342634.0,342634.0,10.0,7.0,TRUSTMARK NB,18150160.0,18719930.0,1079562.0,18152422.0,TRUSTMARK NATIONAL BANK,28.0,NAT,True,18150160.0,7.260064,N,266239.0,4988_20241231,1.1697147284448923,2.6081993327221813,2500.0,10.210575197903331,1.2553649056974243,4.0,MS,True
01J4SO3XTWZF4PP38209,2025,2174,2065,109,0.9498620055197792,0.05013799448022079,0.6816927322907084,0.20101195952161913,0.0,0.11729530818767249,0.8827046918123275,0.8831646734130635,4988.0,342634.0,342634.0,10.0,7.0,TRUSTMARK BK,18922957.0,18150160.0,1079562.0,18925211.0,TRUSTMARK BANK,28.0,SMB,True,18922957.0,7.441194258749509,SM,283377.0,4988_20251231,1.3504386361606826,2.733931239046598,2543.0,10.36516138592907,1.2609318447845104,4.0,MS,True
03D0JEWFDFUS0SEEKG89,2023,5046,4248,798,0.8418549346016647,0.1581450653983353,0.25980975029726516,0.0,0.0,0.7401902497027348,0.25980975029726516,0.25980975029726516,18409.0,497404.0,497404.0,10.0,7.0,T D BK NA,367174651.0,344032413.0,1238565.0,746094152.0,TD BANK,10.0,NAT,True,367174651.0,13.649107877030596,N,3145299.0,18409_20231231,0.6057121987965529,1.7613961190788916,26901.0,11.012485656018656,0.6083688967849572,9.0,DE,True
03D0JEWFDFUS0SEEKG89,2024,4152,3497,655,0.8422447013487476,0.1577552986512524,0.45134874759152216,0.00024084778420038535,0.0,0.5484104046242775,0.4515895953757225,0.4515895953757225,18409.0,497404.0,497404.0,10.0,7.0,T D BK NA,372778425.0,367174651.0,1238565.0,720290394.0,TD BANK,10.0,NAT,True,372778425.0,13.52655847454552,N,3316539.0,18409_20241231,0.9448385764654392,2.613326614930501,27559.0,9.941053705917485,-0.3618651701363153,9.0,DE,True
03D0JEWFDFUS0SEEKG89,2025,3874,3216,658,0.8301497160557563,0.16985028394424367,0.42178626742385134,0.0,0.0,0.5782137325761487,0.42178626742385134,0.4217862674238513,18409.0,497404.0,497404.0,10.0,7.0,TD BK NA,346188188.0,372778425.0,1238565.0,380820075.0,TD BANK,10.0,NAT,True,346188188.0,11.934231522338663,N,3845805.0,18409_20251231,1.214210203332557,2.233161154695998,29008.0,11.325807607263984,0.5390262720790824,9.0,DE,True
1IE8VN30JCEQV1H4R804,2023,1053,1004,49,0.9534662867996201,0.04653371320037987,0.05413105413105413,0.000949667616334283,0.9354226020892688,0.00949667616334283,0.055080721747388414,0.9905033238366572,57890.0,413208.0,413208.0,10.0,7.0,HSBC BK USA NA,165171605.0,195872216.0,1857108.0,165229105.0,"HSBC BANK USA, NA",51.0,NAT,True,165171605.0,86.56792714884696,N,492565.0,57890_20231231,1.4255863734088494,1.6692423871447335,1908.0,10.152921360637787,0.5170664634782878,9.0,VA,True
1IE8VN30JCEQV1H4R804,2024,1241,1189,52,0.9580983078162773,0.041901692183722805,0.06768734891216761,0.0,0.9266720386784851,0.0056406124093473006,0.06768734891216761,0.9943593875906527,57890.0,413208.0,413208.0,10.0,7.0,HSBC BK USA NA,164819624.0,165171605.0,1857108.0,164876120.0,"HSBC BANK USA, NA",51.0,NAT,True,164819624.0,83.66478375634519,N,525183.0,57890_20241231,1.2569286008834544,1.5947738225897254,1970.0,10.160969122806144,0.8017737598179614,9.0,VA,True
1IE8VN30JCEQV1H4R804,2025,1145,1087,58,0.9493449781659389,0.050655021834061134,0.05240174672489083,0.0,0.9135371179039301,0.03406113537117904,0.05240174672489083,0.965938864628821,57890.0,413208.0,413208.0,10.0,7.0,HSBC BK USA NA,165262283.0,164819624.0,1857108.0,165318723.0,"HSBC BANK USA, NA",51.0,NAT,True,165262283.0,96.53170735981308,N,542362.0,57890_20251231,1.3439978412475628,1.5602091176504818,1712.0,10.274438440194682,0.917536070640927,9.0,VA,True
1TMVIO1SD0RLIPEIW803,2023,522,486,36,0.9310344827586207,0.06896551724137931,0.7432950191570882,0.07662835249042145,0.0,0.18007662835249041,0.8199233716475096,0.8199233716475096,29546.0,572374.0,572374.0,10.0,7.0,GREAT SOUTHERN BK,5815659.0,5684000.0,2339133.0,5817185.0,GREAT SOUTHERN BANK,29.0,NMB,True,5815659.0,5.624428433268859,NM,76242.0,29546_20231231,0.2520954847054991,2.4037415459966485,1034.0,11.57282199261967,1.301088182527335,4.0,MO,True
20TVKH7M13MUBGE80C53,2023,1296,1243,53,0.9591049382716049,0.04089506172839506,0.5887345679012346,0.35802469135802467,0.0,0.05324074074074074,0.9467592592592593,0.9467592592592593,27811.0,636771.0,636771.0,10.0,7.0,INDEPENDENT BK,5259523.0,4995759.0,1201925.0,5263726.0,INDEPENDENT BANK,26.0,SMB,True,5259523.0,6.566196004993758,SM,77604.0,27811_20231231,0.1950165302978396,2.4419245531501854,801.0,8.800501660286148,1.2320348024556391,4.0,MI,True
20TVKH7M13MUBGE80C53,2024,1089,1047,42,0.9614325068870524,0.03856749311294766,0.5840220385674931,0.34710743801652894,0.0,0.06887052341597796,0.9311294765840221,0.931129476584022,27811.0,636771.0,636771.0,10.0,7.0,INDEPENDENT BK,5328488.0,5259523.0,1201925.0,5338104.0,INDEPENDENT BANK,26.0,SMB,True,5328488.0,6.762040609137056,SM,83976.0,27811_20241231,0.1923684626323273,2.563625512819057,788.0,9.575287699895382,1.3397042583204608,4.0,MI,True
20TVKH7M13MUBGE80C53,2025,966,924,42,0.9565217391304348,0.043478260869565216,0.7122153209109731,0.2432712215320911,0.0,0.044513457556935816,0.9554865424430642,0.9554865424430642,27811.0,636771.0,636771.0,10.0,7.0,INDEPENDENT BK,5499615.0,5328488.0,1201925.0,5505720.0,INDEPENDENT BANK,26.0,SMB,True,5499615.0,7.032755754475703,SM,83832.0,27811_20251231,0.7711401374781008,2.547233941044209,782.0,9.360943772721026,1.3303973774421305,4.0,MI,True
213800XR2TCBQJSF1X93,2023,3283,3046,237,0.9278099299421261,0.0721900700578739,0.7416996649406031,0.25007614986293025,0.0,0.008224185196466647,0.9917758148035334,0.9966494060310691,35014.0,2747587.0,2747587.0,10.0,7.0,NBKC BK,1106624.0,1052701.0,2772990.0,1106624.0,NBKC BANK,20.0,NMB,True,1106624.0,2.9989810298102983,NM,46803.0,35014_20231231,0.7017076788498839,7.611884403414155,369.0,17.990658896406465,3.143662191669905,4.0,KS,True
213800XR2TCBQJSF1X93,2024,4042,3762,280,0.9307273626917367,0.06927263730826323,0.7560613557644731,0.23849579416130628,0.0,0.0054428500742206825,0.9945571499257794,0.9962889658584859,35014.0,2747587.0,2747587.0,10.0,7.0,NBKC BK,1142781.0,1106624.0,2772990.0,1142781.0,NBKC BANK,20.0,NMB,True,1142781.0,3.096967479674797,NM,51711.0,35014_20241231,0.6238928783489461,7.946299926239246,369.0,16.508664124751302,3.072019549757628,4.0,KS,True
213800XR2TCBQJSF1X93,2025,3152,2869,283,0.9102157360406091,0.08978426395939086,0.6973350253807107,0.2985406091370558,0.0,0.004124365482233503,0.9958756345177665,0.9958756345177665,35014.0,2747587.0,2747587.0,10.0,7.0,NBKC BK,1256004.0,1142781.0,2772990.0,1256004.0,NBKC BANK,20.0,NMB,True,1256004.0,3.45056043956044,NM,53044.0,35014_20251231,1.10555276517122,7.852298445841891,364.0,16.696803982349767,2.7429589745844165,4.0,KS,True
2549004XJQQPBYQSMT39,2023,754,675,79,0.8952254641909815,0.10477453580901856,0.09814323607427056,0.05702917771883289,0.001326259946949602,0.843501326259947,0.15517241379310345,0.2427055702917772,57807.0,3340725.0,3340725.0,20.0,7.0,QUONTIC BK,621668.0,632715.0,4098537.0,621668.0,QUONTIC BANK,36.0,FSB,True,623237.0,3.2630209424083767,SB,21683.0,57807_20231231,5.380717744168301,7.321225460507852,191.0,12.54461719564791,0.0100716159034843,5.0,NY,True
2549004XJQQPBYQSMT39,2024,879,797,82,0.906712172923777,0.09328782707622298,0.030716723549488054,0.08191126279863481,0.0,0.8873720136518771,0.11262798634812286,0.11262798634812288,57807.0,3340725.0,3340725.0,20.0,7.0,QUONTIC BK,710153.0,621668.0,4098537.0,710153.0,QUONTIC BANK,36.0,FSB,True,710153.0,3.414197115384616,SB,21391.0,57807_20241231,4.373789913642091,6.097512843819999,208.0,10.964168117049942,0.3436757886478908,5.0,NY,True
2549004XJQQPBYQSMT39,2025,665,587,78,0.8827067669172932,0.11729323308270677,0.019548872180451128,0.11879699248120301,0.0,0.8616541353383459,0.13834586466165413,0.1383458646616541,57807.0,3340725.0,3340725.0,20.0,7.0,QUONTIC BK,831982.0,710153.0,4098537.0,831982.0,QUONTIC BANK,36.0,FSB,True,831982.0,4.596585635359116,SB,18659.0,57807_20251231,2.6688548130673366,5.082556168174584,181.0,10.564686172342498,0.5568320036134199,5.0,NY,True
2549006II76YXSS5XM65,2023,2066,1982,84,0.9593417231364957,0.04065827686350436,0.21006776379477252,0.4022265246853824,0.0,0.3877057115198451,0.6122942884801549,0.6127783155856728,22858.0,1864722.0,365325.0,11.0,7.0,UNITED BK,29851399.0,29430409.0,1076217.0,29926482.0,"GEORGE MASON MORTGAGE, LLC.",51.0,SMB,True,29851399.0,11.21389894815928,SM,242675.0,22858_20231231,0.2124551343907838,1.8660497133297915,2662.0,11.529375998787138,1.3092142971733738,4.0,VA,True
2549007NTZZX7VJJPB03,2023,936,919,17,0.9818376068376068,0.018162393162393164,0.19444444444444445,0.018162393162393164,0.0,0.7873931623931624,0.2126068376068376,0.2136752136752137,19559.0,232856.0,232856.0,10.0,7.0,TEXASBANK,2217361.0,1715530.0,4126225.0,2217361.0,TEXASBANK,48.0,NMB,True,2218905.0,7.758409090909091,NM,32530.0,19559_20231231,0.7153069714218793,2.3957071575572195,286.0,10.84525396591928,1.858206260748923,4.0,TX,True
2549007NTZZX7VJJPB03,2024,872,856,16,0.981651376146789,0.01834862385321101,0.22706422018348624,0.022935779816513763,0.0,0.75,0.25,0.2522935779816514,19559.0,232856.0,232856.0,10.0,7.0,TEXASBANK,2545401.0,2217361.0,4126225.0,2545401.0,TEXASBANK,48.0,NMB,True,2545401.0,7.856175925925926,NM,34618.0,19559_20241231,0.2377990821054674,2.3509941033341373,324.0,10.9265354082848,1.741219498623212,4.0,TX,True
2549007NTZZX7VJJPB03,2025,615,605,10,0.983739837398374,0.016260162601626018,0.2861788617886179,0.00975609756097561,0.0,0.7040650406504065,0.2959349593495935,0.29593495934959346,19559.0,232856.0,232856.0,10.0,7.0,TEXASBANK,2389217.0,2545401.0,4126225.0,2389217.0,TEXASBANK,48.0,NMB,True,2389217.0,6.618329639889197,NM,41108.0,19559_20251231,1.784751442528948,2.70355659829941,361.0,12.297697941378225,1.7938215568631055,4.0,TX,True
2549008TT6UNYR7AXF54,2023,1318,1274,44,0.9666160849772383,0.03338391502276176,0.644916540212443,0.3535660091047041,0.0,0.0015174506828528073,0.9984825493171472,0.9984825493171472,4767.0,474759.0,474759.0,10.0,7.0,SUNFLOWER BK NA,7865286.0,7415263.0,1066713.0,7879724.0,"SUNFLOWER BANK, N.A.",48.0,NAT,True,7865286.0,7.137283121597096,N,130530.0,4767_20231231,1.0135085966385438,2.8548376189943143,1102.0,11.053634720850551,1.4318518882480864,4.0,TX,True
2549008TT6UNYR7AXF54,2024,1483,1444,39,0.973701955495617,0.026298044504383007,0.7174645987862441,0.2805124747134187,0.0,0.0020229265003371545,0.9979770734996629,0.9986513823331086,4767.0,474759.0,474759.0,10.0,7.0,SUNFLOWER BK NA,8085206.0,7865286.0,1066713.0,8097387.0,"SUNFLOWER BANK, N.A.",48.0,NAT,True,8085206.0,7.244808243727599,N,152243.0,4767_20241231,1.0825260919930502,3.2221702970167776,1116.0,11.685543162032234,1.064985545252942,4.0,TX,True
2549008TT6UNYR7AXF54,2025,1713,1677,36,0.978984238178634,0.021015761821366025,0.6363105662580268,0.3607705779334501,0.0,0.002918855808523059,0.9970811441914769,0.997081144191477,4767.0,474759.0,474759.0,10.0,7.0,SUNFLOWER BK NA,8473383.0,8085206.0,1066713.0,8485162.0,"SUNFLOWER BANK, N.A.",48.0,NAT,True,8473383.0,7.279538659793814,N,167967.0,4767_20251231,0.9071530720421088,3.176604402647759,1164.0,12.377808146630104,1.2852519142708465,4.0,TX,True
254900DTLB5WWMBJAD86,2023,570,556,14,0.9754385964912281,0.02456140350877193,0.7964912280701755,0.05263157894736842,0.0,0.15087719298245614,0.8491228070175438,0.8491228070175438,12517.0,806846.0,806846.0,10.0,7.0,BANK FIVE NINE,1967245.0,1675982.0,2320618.0,1967245.0,BANK FIVE NINE,55.0,NMB,True,1967245.0,6.186305031446541,NM,34165.0,12517_20231231,0.2805616224648986,2.966746996110196,318.0,9.465425735680032,0.659549354717493,4.0,WI,True
254900DTLB5WWMBJAD86,2024,808,788,20,0.9752475247524752,0.024752475247524754,0.7524752475247525,0.10272277227722772,0.0,0.1448019801980198,0.8551980198019802,0.8551980198019802,12517.0,806846.0,806846.0,10.0,7.0,BANK FIVE NINE,2293836.0,1967245.0,2320618.0,2293836.0,BANK FIVE NINE,55.0,NMB,True,2293836.0,6.847271641791045,NM,38410.0,12517_20241231,0.7862769771817256,2.876253063191004,335.0,8.66268069258482,0.8321799403203354,4.0,WI,True
254900DTLB5WWMBJAD86,2025,829,816,13,0.9843184559710495,0.015681544028950542,0.3425814234016888,0.5452352231604343,0.0,0.11218335343787696,0.8878166465621231,0.887816646562123,12517.0,806846.0,806846.0,10.0,7.0,BANK FIVE NINE,2666805.0,2293836.0,2320618.0,2666805.0,BANK FIVE NINE,55.0,NMB,True,2666805.0,7.774941690962098,NM,41955.0,12517_20251231,0.8866033261183617,2.6390281170250494,343.0,9.086951904922923,0.9593598294514004,4.0,WI,True
254900HA4DQWAE0W3342,2023,1845,1655,190,0.8970189701897019,0.10298102981029811,0.5544715447154471,0.4205962059620596,0.0,0.024932249322493227,0.9750677506775067,0.9750677506775067,57512.0,3871751.0,3138146.0,11.0,7.0,WESTERN ALLI BK,70852671.0,67683841.0,2349815.0,70916482.0,"AMERIHOME MORTGAGE COMPANY, LL",4.0,SMB,True,70852671.0,21.41210970081596,SM,549478.0,57512_20231231,1.6666762681984109,2.4099171690060364,3309.0,8.855161996432956,0.992152406779267,4.0,AZ,True
254900HA4DQWAE0W3342,2024,2678,2450,228,0.9148618371919343,0.08513816280806571,0.6691560866318148,0.3174010455563854,0.0,0.01344286781179985,0.9865571321882002,0.9865571321882002,57512.0,3871751.0,3138146.0,11.0,7.0,WESTERN ALLI BK,80862067.0,70852671.0,2349815.0,80934241.0,"AMERIHOME MORTGAGE COMPANY, LL",4.0,SMB,True,80862067.0,22.517980228348648,SM,611048.0,57512_20241231,1.8800466384191468,2.6095333348396355,3591.0,8.239860585127264,0.9973463750748656,4.0,AZ,True
254900HA4DQWAE0W3342,2025,2765,2570,195,0.9294755877034359,0.0705244122965642,0.7779385171790235,0.2047016274864376,0.0,0.01735985533453888,0.9826401446654611,0.9826401446654611,57512.0,3871751.0,3138146.0,11.0,7.0,WESTERN ALLI BK,92735703.0,80862067.0,2349815.0,92793507.0,"AMERIHOME MORTGAGE COMPANY, LL",4.0,SMB,True,92735703.0,24.30817903014417,SM,731446.0,57512_20251231,2.4102979204376034,2.4448886530180087,3815.0,8.253763559047824,1.1029357259106718,4.0,AZ,True
254900L67A0ZTJRS6614,2023,765,693,72,0.9058823529411765,0.09411764705882353,0.7372549019607844,0.07973856209150326,0.0,0.1830065359477124,0.8169934640522876,0.8169934640522876,15019.0,216922.0,216922.0,10.0,7.0,FIRST BK,12114629.0,10625188.0,1076431.0,12116326.0,FIRST BANK,37.0,SMB,True,12114629.0,8.525425052779733,SM,139851.0,15019_20231231,0.3950559619682588,2.1961886832660165,1421.0,10.825599608254825,0.9467574388682558,4.0,NC,True
254900L67A0ZTJRS6614,2024,514,478,36,0.9299610894941635,0.07003891050583658,0.6108949416342413,0.08949416342412451,0.0,0.29961089494163423,0.7003891050583658,0.7023346303501945,15019.0,216922.0,216922.0,10.0,7.0,FIRST BK,12147931.0,12114629.0,1076431.0,12149926.0,FIRST BANK,37.0,SMB,True,12147931.0,8.86063530269876,SM,140022.0,15019_20241231,0.3923034020367335,1.995054359684715,1371.0,10.941737890991542,0.6929436424876322,4.0,NC,True
254900L67A0ZTJRS6614,2025,519,486,33,0.9364161849710982,0.06358381502890173,0.7398843930635838,0.03275529865125241,0.0,0.22736030828516376,0.7726396917148362,0.7726396917148363,15019.0,216922.0,216922.0,10.0,7.0,FIRST BK,12659342.0,12147931.0,1076431.0,12670766.0,FIRST BANK,37.0,SMB,True,12659342.0,9.35649815225425,SM,144184.0,15019_20251231,0.41596942295425,1.9649346561762997,1353.0,11.076498445616586,0.94217961678917,4.0,NC,True
254900MQ4O1DX3N88207,2023,663,583,80,0.8793363499245852,0.12066365007541478,0.0015082956259426848,0.579185520361991,0.0,0.4193061840120664,0.5806938159879337,0.5806938159879336,2720.0,509811.0,509811.0,10.0,7.0,COMMUNITY TR BK INC,5733770.0,5351295.0,1070644.0,5769696.0,"COMMUNITY TRUST BANK, INC.",21.0,SMB,True,5733770.0,6.225591748099892,SM,64975.0,2720_20231231,0.3447988155193038,2.0659347169325373,921.0,13.219853643016227,1.4046224849048687,4.0,KY,True
254900MQ4O1DX3N88207,2024,622,534,88,0.8585209003215434,0.1414790996784566,0.0,0.5434083601286174,0.0,0.4565916398713826,0.5434083601286174,0.5434083601286174,2720.0,509811.0,509811.0,10.0,7.0,COMMUNITY TR BK INC,6153523.0,5733770.0,1070644.0,6193245.0,"COMMUNITY TRUST BANK, INC.",21.0,SMB,True,6153523.0,6.96099886877828,SM,69948.0,2720_20241231,0.5947640879812233,2.029430993800434,884.0,13.288155443555237,1.3793843276218865,4.0,KY,True
254900MQ4O1DX3N88207,2025,753,662,91,0.8791500664010624,0.12084993359893759,0.0,0.5710491367861886,0.0,0.42895086321381143,0.5710491367861886,0.5710491367861885,2720.0,509811.0,509811.0,10.0,7.0,COMMUNITY TR BK INC,6642331.0,6153523.0,1070644.0,6684138.0,"COMMUNITY TRUST BANK, INC.",21.0,SMB,True,6642331.0,7.522458663646659,SM,73983.0,2720_20251231,0.3914484388945555,2.016272208083632,883.0,13.18763342433118,1.5045937084151773,4.0,KY,True
254900Q6YS0NMCYAH669,2024,506,477,29,0.9426877470355731,0.05731225296442688,0.0,0.6837944664031621,0.0,0.31620553359683795,0.6837944664031621,0.6837944664031621,609.0,433608.0,433608.0,10.0,7.0,TOMPKINS CMNTY BK,8069333.0,7773612.0,2367921.0,8109080.0,TOMPKINS COMMUNITY BANK,36.0,NMB,True,8069333.0,9.913185503685504,NM,104489.0,609_20241231,0.8450441716686694,2.167317357159042,814.0,8.770047380055432,0.9202653519815588,4.0,NY,True
254900Q6YS0NMCYAH669,2025,636,609,27,0.9575471698113207,0.04245283018867924,0.0,0.7358490566037735,0.0,0.2641509433962264,0.7358490566037735,0.7358490566037736,609.0,433608.0,433608.0,10.0,7.0,TOMPKINS CMNTY BK,8678169.0,8069333.0,2367921.0,8678169.0,TOMPKINS COMMUNITY BANK,36.0,NMB,True,8678169.0,10.294387900355872,NM,111012.0,609_20251231,0.7387107386568069,2.1741378524349835,843.0,8.92268235598575,0.3877354665182267,4.0,NY,True
254900TM81D0YC1B9584,2023,645,631,14,0.9782945736434109,0.021705426356589147,0.0,0.0,0.0,1.0,0.0,0.0,58181.0,3437456.0,3437456.0,10.0,7.0,METRO CITY BK,3482906.0,3440092.0,4750086.0,3483451.0,METRO CITY BANK,13.0,NMB,True,3482906.0,15.831390909090908,NM,29304.0,58181_20231231,0.4635171995756933,1.3675048806625036,220.0,10.147690241086629,1.5001788742642,5.0,GA,True
254900TM81D0YC1B9584,2024,805,781,24,0.9701863354037267,0.02981366459627329,0.0,0.0,0.0,1.0,0.0,0.0,58181.0,3437456.0,3437456.0,10.0,7.0,METRO CITY BK,3578664.0,3482906.0,4750086.0,3579195.0,METRO CITY BANK,13.0,NMB,True,3578664.0,14.9111,NM,33207.0,58181_20241231,0.5698086822264619,1.4848427607786303,240.0,11.492434347207713,1.8153657186177243,5.0,GA,True
254900TM81D0YC1B9584,2025,823,802,21,0.9744835965978129,0.02551640340218712,0.0,0.0,0.0,1.0,0.0,0.0,58181.0,3437456.0,3437456.0,10.0,7.0,METRO CITY BK,4713542.0,3578664.0,4750086.0,4766797.0,METRO CITY BANK,13.0,NMB,True,4713603.0,14.916465189873415,NM,36674.0,58181_20251231,0.6421821247701175,1.649699039065566,316.0,9.840894578960212,1.7925331728820333,4.0,GA,True
254900WTZC5SSKIN2M11,2023,3530,2993,537,0.8478753541076487,0.15212464589235128,0.0,0.0,0.0,1.0,0.0,0.0,17438.0,413141.0,413141.0,10.0,7.0,FIRST NB AMER,5613739.0,4554611.0,1206313.0,5618886.0,FIRST NATIONAL BANK OF AMERICA,26.0,NAT,True,5613739.0,15.902943342776206,N,36388.0,17438_20231231,1.1620698700764314,1.3199722618372862,353.0,8.37310197615753,2.6326921465791804,5.0,MI,True
254900WTZC5SSKIN2M11,2024,3401,2999,402,0.8817994707438989,0.11820052925610115,0.0,0.0,0.0,1.0,0.0,0.0,17438.0,413141.0,413141.0,10.0,7.0,FIRST NB AMER,6310718.0,5613739.0,1206313.0,6314685.0,FIRST NATIONAL BANK OF AMERICA,26.0,NAT,True,6310718.0,17.242398907103826,N,39403.0,17438_20241231,1.4620345803318295,1.1932877430376856,366.0,8.144869435948676,2.953822915160392,5.0,MI,True
254900WTZC5SSKIN2M11,2025,2204,1950,254,0.8847549909255898,0.11524500907441017,0.0,0.0,0.0,1.0,0.0,0.0,17438.0,413141.0,413141.0,10.0,7.0,FIRST NB AMER,6700737.0,6310718.0,1206313.0,6703343.0,FIRST NATIONAL BANK OF AMERICA,26.0,NAT,True,6700737.0,17.773838196286473,N,42782.0,17438_20251231,1.823958620178782,1.2340638099570442,377.0,8.14270920584977,2.935973831358411,5.0,MI,True
2WHM8VNJH63UN14OL754,2023,12697,11912,785,0.9381743718988738,0.061825628101126254,0.5981727967236355,0.2490352051665748,0.027644325431204222,0.12514767267858548,0.8472080018902104,0.8754823974167126,6560.0,12311.0,12311.0,10.0,7.0,HUNTINGTON NB,188730743.0,113260434.0,1068191.0,189368216.0,HUNTINGTON NATIONAL BANK,39.0,NAT,True,188730743.0,10.149542511427804,N,2280099.0,6560_20231231,0.7010204703963469,2.2363002964497376,18595.0,8.509095463711985,1.173130378877103,4.0,OH,True
2WHM8VNJH63UN14OL754,2024,12132,11276,856,0.9294427959116386,0.07055720408836136,0.6318826244642268,0.23763600395647874,0.03461918892185954,0.09586218265743489,0.8695186284207056,0.9043026706231454,6560.0,12311.0,12311.0,10.0,7.0,HUNTINGTON NB,203427533.0,188730743.0,1068191.0,204230284.0,HUNTINGTON NATIONAL BANK,39.0,NAT,True,203427533.0,10.717994362486827,N,2414856.0,6560_20241231,0.7830110639503687,2.1754437957990933,18980.0,8.941115729927187,1.081114942371023,4.0,OH,True
2WHM8VNJH63UN14OL754,2025,11261,10510,751,0.9333096527839446,0.0666903472160554,0.7089068466388421,0.1619749578190214,0.03276796021667703,0.09635023532545955,0.8708818044578635,0.9044489832164107,6560.0,12311.0,12311.0,10.0,7.0,HUNTINGTON NB,224047234.0,203427533.0,1068191.0,225105957.0,HUNTINGTON NATIONAL BANK,39.0,NAT,True,224047234.0,11.420493118564584,N,2702897.0,6560_20251231,0.8071347645392613,2.163012024060873,19618.0,9.628233992626562,1.1998613549659756,4.0,OH,True
337KMNHEWWWR6B7Q7W10,2023,837,763,74,0.9115890083632019,0.0884109916367981,0.7777777777777778,0.0,0.0,0.2222222222222222,0.7777777777777778,0.7777777777777778,4063.0,595270.0,595270.0,20.0,7.0,MIDFIRST BK,36651207.0,34681050.0,3839096.0,36678291.0,MIDFIRST BANK,40.0,FSB,True,36651207.0,11.59114705882353,SB,371646.0,4063_20231231,9.547821403812176,1.664518354508817,3162.0,8.926145767138308,1.3544089161593122,4.0,OK,True
337KMNHEWWWR6B7Q7W10,2025,701,651,50,0.9286733238231099,0.07132667617689016,0.6291012838801712,0.0,0.0,0.37089871611982883,0.6291012838801712,0.6291012838801712,4063.0,595270.0,595270.0,20.0,7.0,MIDFIRST BK,41367487.0,39086938.0,3839096.0,41367487.0,MIDFIRST BANK,40.0,FSB,True,41367487.0,12.52421646987587,SB,424324.0,4063_20251231,14.743662109249792,1.7560521100252222,3303.0,9.036095277683849,1.185106851725084,4.0,OK,True
38CFVD4YYFWD1FV7IM34,2023,841,817,24,0.9714625445897741,0.028537455410225922,0.06420927467300833,0.582639714625446,0.0,0.35315101070154575,0.6468489892984542,0.6468489892984542,57038.0,2941068.0,2941068.0,10.0,7.0,NICOLET NB,8453024.0,8748360.0,3103603.0,8468678.0,NICOLET NATIONAL BANK,55.0,NAT,True,8453024.0,8.954474576271187,N,92494.0,57038_20231231,0.4187570441619212,2.117300740449897,944.0,9.436055486597745,0.7648632201779503,4.0,WI,True
38CFVD4YYFWD1FV7IM34,2024,943,922,21,0.9777306468716861,0.022269353128313893,0.07953340402969247,0.6924708377518558,0.0,0.22799575821845175,0.7720042417815483,0.7720042417815483,57038.0,2941068.0,2941068.0,10.0,7.0,NICOLET NB,8784372.0,8453024.0,3103603.0,8796795.0,NICOLET NATIONAL BANK,55.0,NAT,True,8784372.0,9.25645100105374,N,101727.0,57038_20241231,0.4283698116176714,2.148171045621743,949.0,9.526696640653537,1.425745119402725,4.0,WI,True
38CFVD4YYFWD1FV7IM34,2025,880,862,18,0.9795454545454545,0.020454545454545454,0.15795454545454546,0.5931818181818181,0.0,0.24886363636363637,0.7511363636363636,0.7511363636363636,57038.0,2941068.0,2941068.0,10.0,7.0,NICOLET NB,9170369.0,8784372.0,3103603.0,9185107.0,NICOLET NATIONAL BANK,55.0,NAT,True,9170369.0,9.602480628272252,N,107784.0,57038_20251231,0.4624695162676014,2.132288155161706,955.0,9.48856507133791,1.6612966477471829,4.0,WI,True
3Y4U8VZURTYWI1W2K376,2023,3219,2710,509,0.8418763591177384,0.15812364088226158,0.43336439888164024,0.14725069897483692,0.0,0.4193849021435228,0.5806150978564771,0.6582789686237962,16571.0,75633.0,75633.0,10.0,7.0,BMO BK NA,265657813.0,141516186.0,1231333.0,265665939.0,BMO HARRIS BANK NA,17.0,NAT,True,265689963.0,14.027240536402513,N,3280654.0,16571_20231231,0.9690895539886052,2.8009734809091107,18941.0,9.135751454743748,0.117855316847503,4.0,IL,True
3Y4U8VZURTYWI1W2K376,2024,3581,2915,666,0.814018430605976,0.18598156939402402,0.328120636693661,0.2097179558782463,0.0,0.4621614074280927,0.5378385925719072,0.6140742809271154,16571.0,75633.0,75633.0,10.0,7.0,BMO BK NA,263653406.0,265657813.0,1231333.0,263661569.0,BMO HARRIS BANK NA,17.0,NAT,True,263653406.0,15.132491878551342,N,2643539.0,16571_20241231,1.2868114088998517,1.5442008208327604,17423.0,9.846579003844267,1.1048665898622734,4.0,IL,True
3Y4U8VZURTYWI1W2K376,2025,2676,2134,542,0.79745889387145,0.20254110612855009,0.3759342301943199,0.20366218236173392,0.0,0.4204035874439462,0.5795964125560538,0.6988041853512705,16571.0,75633.0,75633.0,10.0,7.0,BMO BK NA,252074150.0,263653406.0,1231333.0,252082353.0,BMO HARRIS BANK NA,17.0,NAT,True,252074150.0,14.927112571800793,N,2852312.0,16571_20251231,1.0715232045015988,1.978774340898431,16887.0,11.067102334840222,0.953471060568599,4.0,IL,True
4LJGQ9KJ9S0CP4B1FY29,2023,839,751,88,0.8951132300357568,0.10488676996424315,0.3098927294398093,0.06912991656734208,0.0,0.6209773539928486,0.37902264600715135,0.39809296781883197,258.0,317342.0,317342.0,10.0,7.0,STOCK YARDS B&TC,8165735.0,7488838.0,1249730.0,8188631.0,STOCK YARDS BANK & TRUST COMPA,21.0,NMB,True,8165735.0,7.596032558139536,NM,107391.0,258_20231231,0.3318510721362306,2.362945380150956,1075.0,9.296755873314204,1.4253299886671582,4.0,KY,True
4LJGQ9KJ9S0CP4B1FY29,2024,773,695,78,0.8990944372574385,0.10090556274256145,0.36739974126778785,0.13065976714100905,0.0,0.5019404915912031,0.49805950840879687,0.5109961190168175,258.0,317342.0,317342.0,10.0,7.0,STOCK YARDS B&TC,8860929.0,8165735.0,1249730.0,8863419.0,STOCK YARDS BANK & TRUST COMPA,21.0,NMB,True,8860929.0,8.204563888888888,NM,118913.0,258_20241231,0.3403563951578504,2.325979235037799,1080.0,9.648585908840424,1.404711649524229,4.0,KY,True
4LJGQ9KJ9S0CP4B1FY29,2025,788,737,51,0.9352791878172588,0.06472081218274112,0.3946700507614213,0.2563451776649746,0.0,0.3489847715736041,0.6510152284263959,0.6675126903553299,258.0,317342.0,317342.0,10.0,7.0,STOCK YARDS B&TC,9533246.0,8860929.0,1249730.0,9536124.0,STOCK YARDS BANK & TRUST COMPA,21.0,NMB,True,9533246.0,8.489088156723064,NM,127915.0,258_20251231,0.1849435201446402,2.259890563375795,1123.0,10.00848653742185,1.5730953648999464,4.0,KY,True
5493000F6NFDOVVZP043,2023,1002,988,14,0.9860279441117764,0.013972055888223553,0.36427145708582837,0.6337325349301397,0.0,0.001996007984031936,0.998003992015968,0.998003992015968,15752.0,3597930.0,887340.0,11.0,7.0,FIRST ST BK,1550854.0,1540979.0,1139345.0,1550854.0,FIRST STATE MORTGAGE SERVICES,17.0,NMB,True,1550854.0,4.876899371069182,NM,31415.0,15752_20231231,0.5701346677253287,2.969022941046566,318.0,9.671672594169417,0.692213817796659,4.0,IL,True
5493000F6NFDOVVZP043,2024,909,892,17,0.9812981298129813,0.0187018701870187,0.3179317931793179,0.680968096809681,0.0,0.0011001100110011,0.9988998899889989,0.9988998899889989,15752.0,3597930.0,887340.0,11.0,7.0,FIRST ST BK,1537157.0,1550854.0,1139345.0,1537157.0,FIRST STATE MORTGAGE SERVICES,17.0,NMB,True,1537157.0,5.337350694444444,NM,30859.0,15752_20241231,0.3257780118904695,2.9321758214644,288.0,10.178022964995264,0.7323621748150264,4.0,IL,True
5493000F6NFDOVVZP043,2025,902,887,15,0.983370288248337,0.01662971175166297,0.33592017738359203,0.664079822616408,0.0,0.0,1.0,1.0,15752.0,3597930.0,887340.0,11.0,7.0,FIRST ST BK,1592935.0,1537157.0,1139345.0,1592935.0,FIRST STATE MORTGAGE SERVICES,17.0,NMB,True,1592935.0,5.550296167247387,NM,32033.0,15752_20251231,0.426486450656527,2.983770613262404,287.0,10.45380700214538,0.9637726979258624,4.0,IL,True
5493000JFVFQFL816N45,2023,619,521,98,0.8416801292407108,0.1583198707592892,0.05977382875605816,0.23424878836833601,0.0,0.7059773828756059,0.29402261712439415,0.29402261712439415,34562.0,2594240.0,2594240.0,10.0,7.0,ENCORE BK,3995119.0,3552312.0,2777016.0,3995119.0,ENCORE BANK,5.0,SMB,True,3995766.0,12.071800604229608,SM,42514.0,34562_20231231,0.0376985765663575,1.9861760450833168,331.0,7.859408853130498,-0.1553612190498147,4.0,AR,True
5493000JFVFQFL816N45,2024,538,391,147,0.7267657992565055,0.2732342007434944,0.120817843866171,0.5315985130111525,0.0,0.3475836431226766,0.6524163568773235,0.6524163568773234,34562.0,2594240.0,2594240.0,10.0,7.0,ENCORE BK,3735333.0,3995119.0,2777016.0,3762451.0,ENCORE BANK,5.0,SMB,True,3735333.0,12.28727960526316,SM,46378.0,34562_20241231,0.2287712317000116,1.9868692080050088,304.0,8.677093488681328,0.1100616017268227,4.0,AR,True
5493000XYE7QL54NMB52,2025,548,520,28,0.948905109489051,0.051094890510948905,0.7317518248175182,0.06386861313868614,0.0,0.20437956204379562,0.7956204379562044,0.7956204379562044,19459.0,439338.0,439338.0,10.0,7.0,UNITED CMNTY BK,4088428.0,3859236.0,1097182.0,4161222.0,UNITED COMMUNITY BANK,17.0,NMB,True,4088428.0,7.160119089316988,NM,40462.0,19459_20251231,0.1802444277181846,1.960572164513689,571.0,9.848368717113036,1.273917706616232,4.0,IL,True
549300121SF0K2LN2804,2023,14720,14295,425,0.9711277173913043,0.028872282608695652,0.5974184782608696,0.4002038043478261,0.0,0.002377717391304348,0.9976222826086957,0.9993206521739131,17491.0,2888798.0,637451.0,11.0,7.0,PLAINSCAPITAL BK,13407371.0,13520414.0,5213690.0,13407371.0,PRIMELENDING,48.0,SMB,True,13407371.0,5.261919544740974,SM,374464.0,17491_20231231,2.1158875158172155,4.295806505098334,2548.0,10.550123993898636,0.7702346856582575,4.0,TX,True
549300121SF0K2LN2804,2024,13912,13492,420,0.9698102357676825,0.030189764232317423,0.5794278320874066,0.41532489936745254,0.0,0.005247268545140886,0.9947527314548591,0.9988499137435307,17491.0,2888798.0,637451.0,11.0,7.0,PLAINSCAPITAL BK,13329161.0,13407371.0,5213690.0,13329161.0,PRIMELENDING,48.0,SMB,True,13329161.0,5.655138311412813,SM,362267.0,17491_20241231,1.3052989888814135,4.246002998872878,2357.0,9.986746375868597,0.8374624224675178,4.0,TX,True
549300121SF0K2LN2804,2025,12736,12397,339,0.9733825376884422,0.026617462311557788,0.4078988693467337,0.5875471105527639,0.0,0.004554020100502512,0.9954459798994976,0.9990577889447236,17491.0,2888798.0,637451.0,11.0,7.0,PLAINSCAPITAL BK,12749613.0,13329161.0,5213690.0,12749613.0,PRIMELENDING,48.0,SMB,True,12749613.0,5.579699343544857,SM,366659.0,17491_20251231,0.97850746409248,4.241917565317351,2285.0,10.596283085767014,1.0544700634463158,4.0,TX,True
5493002JDOI3GTNVUD76,2023,581,507,74,0.8726333907056799,0.12736660929432014,0.07056798623063683,0.8192771084337349,0.0,0.11015490533562823,0.8898450946643718,0.8898450946643718,17393.0,37640.0,37640.0,10.0,7.0,GERMAN AMER BK,6144423.0,6150272.0,1098620.0,6153467.0,GERMAN AMERICAN BANK,18.0,NMB,True,6144423.0,7.332247016706444,NM,82709.0,17393_20231231,0.2311440663047228,2.366478981085089,838.0,11.034936263139013,1.479243147609345,4.0,IN,True
5493002JDOI3GTNVUD76,2024,589,536,53,0.9100169779286927,0.0899830220713073,0.100169779286927,0.7962648556876061,0.0,0.1035653650254669,0.8964346349745331,0.8964346349745331,17393.0,37640.0,37640.0,10.0,7.0,GERMAN AMER BK,6288885.0,6144423.0,1098620.0,6297006.0,GERMAN AMERICAN BANK,18.0,NMB,True,6288885.0,8.274848684210527,NM,81647.0,17393_20241231,0.2691173613481853,2.302206368073508,760.0,11.122414340877825,1.4659481284062164,4.0,IN,True
5493002JDOI3GTNVUD76,2025,785,722,63,0.9197452229299363,0.08025477707006369,0.05222929936305733,0.778343949044586,0.0,0.16942675159235668,0.8305732484076433,0.8305732484076433,17393.0,37640.0,37640.0,10.0,7.0,GERMAN AMER BK,8376930.0,6288885.0,1098620.0,8388780.0,GERMAN AMERICAN BANK,18.0,NMB,True,8376930.0,8.530478615071283,NM,106734.0,17393_20251231,0.4999393157880601,2.351656757834826,982.0,10.609770871140654,1.4576290714324225,4.0,IN,True
5493002LPXKMOZNXUY90,2023,512,508,4,0.9921875,0.0078125,0.642578125,0.099609375,0.0,0.2578125,0.7421875,0.744140625,10248.0,236153.0,236153.0,10.0,7.0,FIRST INTERNATIONAL B&TC,5171412.0,4910204.0,1135048.0,5172249.0,FIRST INTERNATIONAL BANK & TRU,38.0,NMB,True,5171412.0,7.968277349768876,NM,85851.0,10248_20231231,0.6146764123166287,3.0788428963444154,649.0,8.543394047719206,1.557261779151071,4.0,ND,True
5493002LPXKMOZNXUY90,2024,583,577,6,0.9897084048027445,0.010291595197255575,0.6740994854202401,0.2144082332761578,0.0,0.11149228130360206,0.8885077186963979,0.8919382504288165,10248.0,236153.0,236153.0,10.0,7.0,FIRST INTERNATIONAL B&TC,5453117.0,5171412.0,1135048.0,5453886.0,FIRST INTERNATIONAL BANK & TRU,38.0,NMB,True,5453117.0,8.954215106732349,NM,99425.0,10248_20241231,0.3817992895633473,3.2543282341782205,609.0,9.167047820471067,1.9053724908838463,4.0,ND,True
5493002LPXKMOZNXUY90,2025,713,701,12,0.9831697054698457,0.016830294530154277,0.5399719495091164,0.30995792426367463,0.0,0.15007012622720897,0.8499298737727911,0.85273492286115,10248.0,236153.0,236153.0,10.0,7.0,FIRST INTERNATIONAL B&TC,6161111.0,5453117.0,1135048.0,6161876.0,FIRST INTERNATIONAL BANK & TRU,38.0,NMB,True,6161111.0,9.98559319286872,NM,97531.0,10248_20251231,1.8450145491005183,3.216094788136284,617.0,9.29236195363661,1.6941766802649163,4.0,ND,True
5493002N5168AC238149,2024,979,940,39,0.9601634320735445,0.03983656792645557,0.1675178753830439,0.5485188968335035,0.0,0.2839632277834525,0.7160367722165475,0.7160367722165475,28359.0,85472.0,85472.0,10.0,7.0,OCEANFIRST BK NA,13331830.0,13436358.0,2609975.0,13426397.0,"OCEANFIRST BANK, N.A.",34.0,NAT,True,13331830.0,13.901803962460896,N,131458.0,28359_20241231,0.3510062711780581,1.7549593640574692,959.0,8.990464750070725,0.7691000208427906,4.0,NJ,True
5493002N5168AC238149,2025,1623,1578,45,0.9722735674676525,0.027726432532347505,0.28342575477510784,0.3228589032655576,0.0,0.39371534195933455,0.6062846580406654,0.6062846580406654,28359.0,85472.0,85472.0,10.0,7.0,OCEANFIRST BK NA,14471649.0,13331830.0,2609975.0,14575231.0,OCEANFIRST BANK,34.0,NAT,True,14471649.0,15.594449353448276,N,154131.0,28359_20251231,0.2521753754014408,2.070602958641249,928.0,8.711583036090149,0.6061038516920776,4.0,NJ,True
5493002RF1ERFA2XR050,2023,2469,2356,113,0.9542324827865533,0.04576751721344674,0.45402997164844067,0.3580396921830701,0.0,0.18793033616848925,0.8120696638315108,0.8221952207371406,12437.0,749242.0,749242.0,10.0,7.0,RENASANT BK,17360699.0,16995485.0,1098844.0,17360699.0,RENASANT BANK,28.0,NMB,True,17360699.0,7.47339603960396,NM,281768.0,12437_20231231,0.5535717620305377,2.532461685560992,2323.0,10.44741368234621,0.9648596643546364,4.0,MS,True
5493002RF1ERFA2XR050,2024,2504,2435,69,0.972444089456869,0.02755591054313099,0.6541533546325878,0.33426517571884984,0.0,0.0115814696485623,0.9884185303514377,0.9896166134185304,12437.0,749242.0,749242.0,10.0,7.0,RENASANT BK,18036850.0,17360699.0,1098844.0,18036850.0,RENASANT BANK,28.0,NMB,True,18036850.0,8.121049076992346,NM,283768.0,12437_20241231,0.8626407155299165,2.599911231528559,2221.0,10.80463197100639,1.234010067862676,4.0,MS,True
5493002RF1ERFA2XR050,2025,2625,2528,97,0.963047619047619,0.03695238095238095,0.6693333333333333,0.3142857142857143,0.0,0.01638095238095238,0.9836190476190476,0.9836190476190476,12437.0,749242.0,749242.0,10.0,7.0,RENASANT BK,26747636.0,18036850.0,1098844.0,26751426.0,RENASANT BANK,28.0,NMB,True,26747636.0,8.80435681369322,NM,368563.0,12437_20251231,0.911453519541606,2.8017209417685303,3038.0,10.27558721517529,0.8887805732913087,4.0,MS,True
54930034MNPILHP25H80,2023,4176,4069,107,0.9743773946360154,0.025622605363984675,0.7796934865900383,0.2128831417624521,0.0,0.007423371647509579,0.9925766283524904,0.992816091954023,15118.0,3851427.0,3851427.0,10.0,7.0,GATEWAY FIRST BK,2113468.0,2037606.0,5610860.0,2113468.0,GATEWAY FIRST BANK,40.0,NMB,True,2113468.0,2.5742606577344698,NM,83375.0,15118_20231231,11.555448555164933,7.197809656986295,821.0,11.46655055055461,-0.5088499684350265,4.0,OK,True
54930034MNPILHP25H80,2024,3047,2978,69,0.9773547751887102,0.022645224811289794,0.5057433541188053,0.4811289793239252,0.0,0.013127666557269446,0.9868723334427305,0.9868723334427305,15118.0,3851427.0,3851427.0,10.0,7.0,GATEWAY FIRST BK,1894749.0,2113468.0,5610860.0,1894749.0,GATEWAY FIRST BANK,40.0,NMB,True,1894749.0,2.786395588235294,NM,73558.0,15118_20241231,4.510771584142188,6.256891445093747,680.0,13.301250719510504,0.8256340625541321,4.0,OK,True
54930034MNPILHP25H80,2025,2835,2775,60,0.9788359788359788,0.021164021164021163,0.8204585537918871,0.16049382716049382,0.0,0.01904761904761905,0.980952380952381,0.9809523809523809,15118.0,3851427.0,3851427.0,10.0,7.0,GATEWAY FIRST BK,2006088.0,1894749.0,5610860.0,2006088.0,GATEWAY FIRST BANK,40.0,NMB,True,2006088.0,3.288668852459016,NM,67157.0,15118_20251231,4.70097882788129,5.620218185367542,610.0,12.549884613265174,0.5119775158463372,4.0,OK,True
54930039UO39UJGI7078,2023,1919,1860,59,0.969254820218864,0.030745179781136008,0.4570088587806149,0.5143303804064617,0.0,0.0286607608129234,0.9713392391870767,0.9713392391870767,35095.0,2797724.0,2797724.0,10.0,7.0,TOWNEBANK,16835042.0,15845722.0,2797724.0,16835042.0,TOWNEBANK,51.0,NMB,True,16835042.0,6.3528460377358495,NM,330870.0,35095_20231231,0.0666259488731215,3.304560541997619,2650.0,10.17139285098491,0.9224743915611804,4.0,VA,True
54930039UO39UJGI7078,2024,2017,1954,63,0.9687654933068914,0.031234506693108576,0.4293505205751115,0.5344571145265246,0.0,0.03619236489836391,0.963807635101636,0.9638076351016361,35095.0,2797724.0,2797724.0,10.0,7.0,TOWNEBANK,17248124.0,16835042.0,2797724.0,17248124.0,TOWNEBANK,51.0,NMB,True,17248124.0,6.659507335907336,NM,342076.0,35095_20241231,0.0745063695742331,3.271156691857607,2590.0,10.357479649847354,0.9490017681344548,4.0,VA,True
54930039UO39UJGI7078,2025,2330,2269,61,0.9738197424892704,0.026180257510729613,0.46652360515021457,0.4944206008583691,0.0,0.03905579399141631,0.9609442060085837,0.9609442060085837,35095.0,2797724.0,2797724.0,10.0,7.0,TOWNEBANK,19687341.0,17248124.0,2797724.0,19687341.0,TOWNEBANK,51.0,NMB,True,19687341.0,6.915118018967334,NM,374701.0,35095_20251231,0.0935194005685143,3.509023220826854,2847.0,9.363679435469615,0.9028237490698402,4.0,VA,True
5493003GO99ZQDTH5407,2023,514,504,10,0.980544747081712,0.019455252918287938,0.811284046692607,0.188715953307393,0.0,0.0,1.0,1.0,1213.0,4437725.0,2891622.0,21.0,7.0,CORNERSTONE CAP BK SSB,2266758.0,1991593.0,2891622.0,2266758.0,"BROOKHOLLOW MORTGAGE SERVICES,",48.0,SSB,True,2266758.0,1.554703703703704,SI,219546.0,1213_20231231,2.471077560316348,13.0894889699927,1458.0,15.010044591631743,-0.9422922998863902,9.0,TX,True
5493003T5D4N1CM46J77,2023,521,504,17,0.9673704414587332,0.03262955854126679,0.28790786948176583,0.6046065259117083,0.0,0.10748560460652591,0.8925143953934741,0.8925143953934741,57633.0,1018927.0,1018927.0,20.0,7.0,1ST SCTY BK OF WA,2972308.0,2632273.0,4347208.0,2972308.0,1ST SECURITY BANK OF WASHINGTO,53.0,SSB,True,2972308.0,5.214575438596492,SI,53625.0,57633_20231231,0.4451378300456037,3.2927650494866367,570.0,10.38711925104011,1.3303124002001854,4.0,WA,True
5493003T5D4N1CM46J77,2024,666,654,12,0.9819819819819819,0.018018018018018018,0.30930930930930933,0.6546546546546547,0.0,0.036036036036036036,0.963963963963964,0.963963963963964,57633.0,1018927.0,1018927.0,20.0,7.0,1ST SCTY BK OF WA,3028747.0,2972308.0,4347208.0,3028747.0,1ST SECURITY BANK OF WASHINGTO,53.0,SSB,True,3028747.0,5.389229537366548,SI,55108.0,57633_20241231,0.5308943422668017,3.2618024136074584,562.0,11.23808849339944,1.2407643188838886,4.0,WA,True
5493003T5D4N1CM46J77,2025,630,616,14,0.9777777777777777,0.022222222222222223,0.346031746031746,0.6015873015873016,0.0,0.05238095238095238,0.9476190476190476,0.9476190476190476,57633.0,1018927.0,1018927.0,20.0,7.0,1ST SCTY BK OF WA,3196183.0,3028747.0,4347208.0,3196183.0,1ST SECURITY BANK OF WASHINGTO,53.0,SSB,True,3196183.0,5.510660344827587,SI,57462.0,57633_20251231,0.694588023266068,3.2126782132124903,580.0,10.962273178554227,1.136653972675011,4.0,WA,True
54930054ET8KM4O1D485,2023,2160,1722,438,0.7972222222222223,0.20277777777777778,0.7180555555555556,0.22268518518518518,0.0,0.05925925925925926,0.9407407407407408,0.9407407407407408,26881.0,962966.0,962966.0,10.0,7.0,SOFI BK NA,24063364.0,9123708.0,5586871.0,30074858.0,"SOFI BANK, NATIONAL ASSOCIATIO",49.0,NAT,True,24063364.0,23.754554787759133,N,329889.0,26881_20231231,0.137814439489859,6.633683342337187,1013.0,14.957901360306751,2.04026473661933,6.0,UT,True
54930054ET8KM4O1D485,2024,2410,2178,232,0.9037344398340249,0.09626556016597511,0.7128630705394191,0.24605809128630704,0.0,0.04107883817427386,0.9589211618257262,0.9593360995850623,26881.0,962966.0,962966.0,10.0,7.0,SOFI BK NA,31087762.0,24063364.0,5586871.0,36250951.0,"SOFI BANK, NATIONAL ASSOCIATIO",49.0,NAT,True,31087762.0,22.65871865889213,N,424210.0,26881_20241231,0.1102497495691629,5.407032208719859,1372.0,14.431591126011304,1.7186720986823525,6.0,UT,True
54930054ET8KM4O1D485,2025,2688,2531,157,0.9415922619047619,0.058407738095238096,0.7101934523809523,0.2805059523809524,0.0,0.009300595238095238,0.9906994047619047,0.9906994047619048,26881.0,962966.0,962966.0,10.0,7.0,SOFI BK NA,46568135.0,31087762.0,5586871.0,50660478.0,"SOFI BANK, NATIONAL ASSOCIATIO",49.0,NAT,True,46568135.0,23.905613449691995,N,703909.0,26881_20251231,0.0916679789011181,5.718325494442325,1948.0,13.54134309495183,1.9606427346081463,6.0,UT,True
54930059GZZ7G4G40O53,2023,755,742,13,0.9827814569536424,0.017218543046357615,0.7086092715231788,0.28874172185430463,0.0,0.0026490066225165563,0.9973509933774833,0.9973509933774835,57968.0,5403110.0,3325759.0,11.0,7.0,PRIMIS BK,3873505.0,3564481.0,3325740.0,3880662.0,PRIMIS MORTGAGE COMPANY,51.0,SMB,True,3852352.0,7.538849315068493,SM,55185.0,57968_20231231,0.3299848424947452,3.054198878839566,511.0,9.796011512274749,-0.0206329804912451,4.0,VA,True
54930059GZZ7G4G40O53,2024,906,888,18,0.9801324503311258,0.019867549668874173,0.6247240618101545,0.3675496688741722,0.0,0.00772626931567329,0.9922737306843267,0.9922737306843267,57968.0,5403110.0,3325759.0,11.0,7.0,PRIMIS BK,3688370.0,3873505.0,3325740.0,3699371.0,PRIMIS BANK,51.0,SMB,True,3679664.0,6.399415652173913,SM,57938.0,57968_20241231,0.5342176965834959,2.952910303982524,575.0,9.103846963616382,-0.2014379627044188,4.0,VA,True
54930059GZZ7G4G40O53,2025,1143,1127,16,0.9860017497812773,0.01399825021872266,0.6290463692038495,0.3657042869641295,0.0,0.005249343832020997,0.994750656167979,0.9956255468066492,57968.0,5403110.0,3325759.0,11.0,7.0,PRIMIS BK,4029759.0,3688370.0,3325740.0,4048402.0,PRIMIS BANK,51.0,SMB,True,4029759.0,6.795546374367622,SM,72061.0,57968_20251231,2.5088359813976897,3.393351258120592,593.0,9.7432970574715,1.1302902969600097,4.0,VA,True
5493005CFFMKTUKLO381,2025,610,597,13,0.978688524590164,0.021311475409836064,0.30327868852459017,0.6426229508196721,0.0,0.054098360655737705,0.9459016393442623,0.9459016393442623,7506.0,5210.0,5210.0,10.0,7.0,ACNB BK,3211593.0,2377180.0,1117464.0,3228126.0,ACNB BANK,42.0,NMB,True,3211593.0,7.136873333333333,NM,46486.0,7506_20251231,0.4545331210115471,2.9749249887105225,450.0,10.924627270981835,1.234057224348241,4.0,PA,True
5493005DKMV1IHIM8E20,2023,726,696,30,0.9586776859504132,0.04132231404958678,0.778236914600551,0.13911845730027547,0.0,0.08264462809917356,0.9173553719008265,0.9173553719008265,17838.0,437914.0,437914.0,20.0,7.0,WILMINGTON SVG FUND SCTY FSB,20494574.0,19808858.0,3844269.0,20594672.0,WSFS BANK,10.0,FSB,True,20494574.0,9.572430639887903,SB,273459.0,17838_20231231,0.669784404476866,2.692032010464998,2141.0,10.920679424233056,1.325608814683474,4.0,DE,True
5493005DKMV1IHIM8E20,2024,947,917,30,0.9683210137275607,0.03167898627243928,0.7180570221752904,0.19957761351636746,0.0,0.08236536430834214,0.9176346356916579,0.9176346356916578,17838.0,437914.0,437914.0,20.0,7.0,WILMINGTON SVG FUND SCTY FSB,20721673.0,20494574.0,3844269.0,20814303.0,WSFS BANK,10.0,FSB,True,20721673.0,9.0765102934735,SB,311622.0,17838_20241231,0.9922289508849576,2.96024896610935,2283.0,11.026142477052217,1.3355266122949785,4.0,DE,True
5493005DKMV1IHIM8E20,2025,973,938,35,0.9640287769784173,0.03597122302158273,0.8129496402877698,0.10688591983556012,0.0,0.08016443987667009,0.9198355601233299,0.9198355601233299,17838.0,437914.0,437914.0,20.0,7.0,WILMINGTON SVG FUND SCTY FSB,21217946.0,20721673.0,3844269.0,21314076.0,WSFS BANK,10.0,FSB,True,21217946.0,9.249322580645162,SB,330248.0,17838_20251231,0.7078905014670973,2.904481172971221,2294.0,10.687321584162312,1.4343494397184304,4.0,DE,True
5493005LKFCLR81TSN28,2023,538,501,37,0.9312267657992565,0.0687732342007435,0.0,0.9721189591078067,0.0,0.027881040892193308,0.9721189591078067,0.9851301115241635,28834.0,174572.0,174572.0,20.0,7.0,COLUMBIA BK,10336879.0,10094596.0,2571120.0,10639953.0,COLUMBIA BANK,34.0,FSB,True,10336879.0,14.277457182320443,SB,110506.0,28834_20231231,0.1664050826733126,1.7400591179834528,724.0,9.477636692117738,0.3547970233055568,4.0,NJ,True
5493005QK4NV0ZZ5EM64,2023,656,615,41,0.9375,0.0625,0.3871951219512195,0.036585365853658534,0.0,0.5762195121951219,0.42378048780487804,0.4237804878048781,8879.0,460033.0,460033.0,10.0,7.0,COMMUNITY BK OF MS,4795332.0,4608467.0,2313544.0,4795332.0,COMMUNITY BANK OF MISSISSIPPI,28.0,NMB,True,4795332.0,5.4992339449541285,NM,72013.0,8879_20231231,0.3065626310503846,2.620957230728791,872.0,8.212450413674873,0.4975762085180479,4.0,MS,True
5493005QK4NV0ZZ5EM64,2024,602,567,35,0.9418604651162791,0.05813953488372093,0.3903654485049834,0.061461794019933555,0.0,0.5481727574750831,0.45182724252491696,0.4518272425249169,8879.0,460033.0,460033.0,10.0,7.0,COMMUNITY BK OF MS,4671996.0,4795332.0,2313544.0,4671996.0,COMMUNITY BANK OF MISSISSIPPI,28.0,NMB,True,4671996.0,5.628910843373494,NM,74995.0,8879_20241231,0.3211580143240073,2.637683755123514,830.0,8.080924562440211,0.5458501900845214,4.0,MS,True
5493005QK4NV0ZZ5EM64,2025,620,574,46,0.9258064516129032,0.07419354838709677,0.35,0.06612903225806452,0.0,0.5838709677419355,0.4161290322580645,0.4161290322580645,8879.0,460033.0,460033.0,10.0,7.0,COMMUNITY BK OF MS,5015100.0,4671996.0,2313544.0,5015100.0,COMMUNITY BANK OF MISSISSIPPI,28.0,NMB,True,5015100.0,6.086286407766991,NM,81990.0,8879_20251231,0.2039620327876895,2.865194483138773,824.0,8.183243975486082,0.8916874124320356,4.0,MS,True
5493005RDTT7HVODH436,2023,2358,2061,297,0.8740458015267175,0.12595419847328243,0.07463952502120441,0.00042408821034775233,0.0,0.9249363867684478,0.07506361323155217,0.07888040712468192,6989.0,202907.0,202907.0,10.0,7.0,COMMUNITY BK NA,15313982.0,15614778.0,1048867.0,15555753.0,"COMMUNITY BANK, N.A.",36.0,NAT,True,15313982.0,7.5512731755424065,N,197427.0,6989_20231231,0.5622853191004218,2.301635376486905,2028.0,7.701384422870591,0.691012397414739,9.0,NY,True
5493005RDTT7HVODH436,2024,2210,1984,226,0.897737556561086,0.10226244343891402,0.1520361990950226,0.0,0.0,0.8479638009049774,0.1520361990950226,0.15203619909502264,6989.0,202907.0,202907.0,10.0,7.0,COMMUNITY BK NA,16129873.0,15313982.0,1048867.0,16386044.0,"COMMUNITY BANK, N.A.",36.0,NAT,True,16129873.0,8.024812437810946,N,202734.0,6989_20241231,0.7033277127430481,2.232325109922468,2010.0,7.688640831485885,0.9535171062269868,4.0,NY,True
5493005RDTT7HVODH436,2025,1959,1715,244,0.8754466564573762,0.12455334354262379,0.18631955079122,0.0,0.0,0.81368044920878,0.18631955079122,0.18683001531393573,6989.0,202907.0,202907.0,10.0,7.0,COMMUNITY BK NA,17000592.0,16129873.0,1048867.0,17303296.0,"COMMUNITY BANK, N.A.",36.0,NAT,True,17000592.0,8.053335859782093,N,215176.0,6989_20251231,0.5155737386789889,2.292355585358719,2111.0,7.853111258537612,1.1062501741240784,4.0,NY,True
54930078TNN7GKZ7NU89,2023,726,701,25,0.9655647382920111,0.03443526170798898,0.48760330578512395,0.5110192837465565,0.0,0.0013774104683195593,0.9986225895316805,0.9986225895316805,32363.0,538473.0,538473.0,20.0,7.0,PRESIDENTIAL BK FSB,932000.0,800304.0,3917275.0,932000.0,"PRESIDENTIAL BANK, FSB",24.0,FSB,True,932000.0,3.138047138047138,SB,24667.0,32363_20231231,0.9599400561449656,4.630090189858568,297.0,10.01948675412034,-0.4622112939100729,4.0,MD,True
54930078TNN7GKZ7NU89,2024,1044,1020,24,0.9770114942528736,0.022988505747126436,0.6130268199233716,0.3831417624521073,0.0,0.0038314176245210726,0.9961685823754789,0.9961685823754789,32363.0,538473.0,538473.0,20.0,7.0,PRESIDENTIAL BK FSB,974190.0,932000.0,3917275.0,974190.0,"PRESIDENTIAL BANK, FSB",24.0,FSB,True,974190.0,2.9431722054380667,SB,31246.0,32363_20241231,0.9462217426911228,4.951108674023898,331.0,9.38186830637887,0.1530932218694283,4.0,MD,True
54930078TNN7GKZ7NU89,2025,1257,1193,64,0.949085123309467,0.05091487669053302,0.588703261734288,0.4017501988862371,0.0,0.00954653937947494,0.9904534606205251,0.9904534606205251,32363.0,538473.0,538473.0,20.0,7.0,PRESIDENTIAL BK FSB,1057047.0,974190.0,3917275.0,1057047.0,"PRESIDENTIAL BANK, FSB",24.0,FSB,True,1057047.0,3.028787965616046,SB,35154.0,32363_20251231,1.5409122312373484,5.339689464502426,349.0,8.880571363825494,0.4431236429958013,4.0,MD,True
5493007ASPHNTEYEZ797,2024,570,559,11,0.980701754385965,0.01929824561403509,0.8982456140350877,0.09824561403508772,0.0,0.0035087719298245615,0.9964912280701754,0.9964912280701754,1213.0,5787212.0,2891622.0,21.0,7.0,CORNERSTONE CAP BK SSB,2280636.0,2266758.0,2891622.0,2280636.0,"LENDLO MORTGAGE, LLC",48.0,SSB,True,2280636.0,1.609482004234298,SI,222461.0,1213_20241231,2.534465892111557,12.36948979517633,1417.0,13.356063050900415,0.7763692858337539,9.0,TX,True
5493007B7MEWKMDWUZ73,2025,501,385,116,0.7684630738522954,0.2315369261477046,0.3373253493013972,0.023952095808383235,0.0,0.6387225548902196,0.36127744510978044,0.36127744510978044,15953.0,84541.0,84541.0,10.0,7.0,GUARANTY B&TC,2913249.0,2867959.0,1096952.0,2913249.0,GUARANTY BANK & TRUST COMPANY,28.0,NMB,True,2913249.0,5.982030800821356,NM,46361.0,15953_20251231,2.3177044707964862,2.868684777598195,487.0,10.180631237198986,1.1020044269001543,4.0,MS,True
5493007XQ02VMXYJYJ21,2023,675,662,13,0.9807407407407407,0.01925925925925926,0.56,0.3244444444444444,0.0,0.11555555555555555,0.8844444444444445,0.8844444444444445,23287.0,664206.0,664206.0,10.0,7.0,CAPE COD FIVE CENTS SVG BK,5545468.0,5272127.0,4369808.0,5547804.0,CAPE COD FIVE CENTS SAVINGS BA,25.0,NMB,True,5545468.0,9.814987610619468,NM,80976.0,23287_20231231,0.2449892045131333,2.3095335104403083,565.0,9.770010822719913,0.481031291173538,5.0,MA,True
5493007XQ02VMXYJYJ21,2024,531,508,23,0.9566854990583804,0.04331450094161959,0.4180790960451977,0.4595103578154426,0.0,0.1224105461393597,0.8775894538606404,0.8775894538606404,23287.0,664206.0,664206.0,10.0,7.0,CAPE COD FIVE CENTS SVG BK,5708025.0,5545468.0,4369808.0,7258436.0,CAPE COD FIVE CENTS SAVINGS BA,25.0,NMB,True,5708025.0,10.284729729729731,NM,79427.0,23287_20241231,0.2900636946156283,2.1872308219181704,555.0,9.767640220424482,0.4855714819774175,5.0,MA,True
5493007ZF78YQRSXQG49,2023,628,604,24,0.9617834394904459,0.03821656050955414,0.5589171974522293,0.40605095541401276,0.0,0.03503184713375796,0.9649681528662422,0.9697452229299363,30182.0,685676.0,685676.0,10.0,7.0,OPPORTUNITY BK OF MT,2071461.0,1941231.0,4126609.0,2071461.0,OPPORTUNITY BANK OF MONTANA,30.0,SMB,True,2071461.0,5.21778589420655,SM,42895.0,30182_20231231,0.5629307964792258,3.5240251386547663,397.0,9.745939656066124,0.6245754896627173,4.0,MT,True
54930082GM1TWV6QVI24,2023,778,760,18,0.9768637532133676,0.02313624678663239,0.615681233933162,0.07583547557840617,0.0,0.30848329048843187,0.6915167095115682,0.6915167095115682,12923.0,800657.0,800657.0,10.0,7.0,BREMER BK NA,16310795.0,15939263.0,1121340.0,16310795.0,"BREMER BANK, NA",27.0,NAT,True,16310795.0,11.35849233983287,N,197620.0,12923_20231231,0.4800154911235688,2.206941243478978,1436.0,9.05755484325044,0.8297678008558271,4.0,MN,True
54930082GM1TWV6QVI24,2024,646,623,23,0.9643962848297214,0.03560371517027864,0.7894736842105263,0.08513931888544891,0.0,0.12538699690402477,0.8746130030959752,0.8746130030959752,12923.0,800657.0,800657.0,10.0,7.0,BREMER BK NA,16385645.0,16310795.0,1121340.0,16385645.0,BREMER BANK NA,27.0,NAT,True,16385645.0,11.56361679604799,N,210369.0,12923_20241231,0.6061486899495809,2.8843029354787157,1417.0,9.269544298734251,0.2697911207495791,4.0,MN,True
54930087FQP1S845Z665,2023,508,483,25,0.9507874015748031,0.04921259842519685,0.047244094488188976,0.001968503937007874,0.0,0.9507874015748031,0.049212598425196846,0.049212598425196874,3250.0,56351.0,56351.0,10.0,7.0,VERABANK NA,4071215.0,3954479.0,1917600.0,4074072.0,"VERABANK,N.A.",48.0,NAT,True,4071215.0,7.402209090909091,N,62770.0,3250_20231231,0.436881190813303,2.5508597881207544,550.0,9.831832699969691,1.344432458425836,4.0,TX,True
5493008CPTDVOS570626,2023,4523,4010,513,0.8865797037364581,0.1134202962635419,0.07870882157859828,0.0,0.0,0.9212911784214017,0.07870882157859828,0.07870882157859826,30012.0,915878.0,915878.0,20.0,7.0,THIRD FS&LA OF CLEVELAND,17042877.0,16117865.0,3828036.0,17053736.0,THIRD FEDERAL SAVINGS AND LOAN,39.0,SAL,True,17042877.0,17.461964139344264,SB,106801.0,30012_20231231,0.2192451199714925,1.2117563308447754,976.0,9.772139054885146,0.4019725680080598,5.0,OH,True
5493008CPTDVOS570626,2024,2402,2189,213,0.9113238967527061,0.08867610324729393,0.533721898417985,0.0,0.0,0.466278101582015,0.533721898417985,0.533721898417985,30012.0,915878.0,915878.0,20.0,7.0,THIRD FS&LA,17046704.0,17042877.0,3828036.0,17057529.0,THIRD FEDERAL SAVINGS AND LOAN,39.0,SAL,True,17046704.0,18.36929310344828,SB,102185.0,30012_20241231,0.2368904660394178,1.1276300833852912,928.0,9.964517393903224,0.4507761928569707,5.0,OH,True
5493008CPTDVOS570626,2025,3199,2935,264,0.9174742106908409,0.08252578930915912,0.7292904032510159,0.0,0.0,0.27070959674898404,0.7292904032510159,0.7292904032510159,30012.0,915878.0,915878.0,20.0,7.0,THIRD FS&LA,17487528.0,17046704.0,3828036.0,17498624.0,THIRD FEDERAL SAVINGS AND LOAN,39.0,SAL,True,17487528.0,18.103031055900622,SB,107784.0,30012_20251231,0.2461861175639462,1.1663459957989633,966.0,9.807875702351202,0.513063362058434,5.0,OH,True
5493008P6YO2KM3EO556,2023,1209,1181,28,0.9768403639371381,0.02315963606286187,0.20926385442514475,0.5889164598842018,0.0,0.20181968569065342,0.7981803143093466,0.7981803143093466,5033.0,47247.0,47247.0,10.0,7.0,DART BK,1163471.0,931934.0,3726196.0,1163471.0,DART BANK,26.0,NMB,True,1163471.0,4.56263137254902,NM,28047.0,5033_20231231,0.5951704430138255,4.241156950229264,255.0,8.58538318726451,0.5168680710904574,4.0,MI,True
5493008P6YO2KM3EO556,2024,1633,1578,55,0.966319657072872,0.03368034292712799,0.2706674831598285,0.6858542559706062,0.0,0.043478260869565216,0.9565217391304348,0.9565217391304348,5033.0,47247.0,47247.0,10.0,7.0,DART BK,1316430.0,1163471.0,3726196.0,1316430.0,DART BANK,26.0,NMB,True,1316430.0,4.3881000000000006,NM,35637.0,5033_20241231,0.7497572647357628,4.548772139356808,300.0,8.304381419835556,0.6381583270649949,4.0,MI,True
5493008P6YO2KM3EO556,2025,2592,2450,142,0.9452160493827161,0.05478395061728395,0.4498456790123457,0.5243055555555556,0.0,0.025848765432098766,0.9741512345679013,0.9741512345679012,5033.0,47247.0,47247.0,10.0,7.0,DART BK,1432696.0,1316430.0,3726196.0,1432696.0,DART BANK,26.0,NMB,True,1432696.0,3.511509803921569,NM,47761.0,5033_20251231,1.0609945091252626,5.620924681322767,408.0,8.602128139183844,0.9158414427808892,4.0,MI,True
5493008PQSMR41Y70C36,2023,539,452,87,0.8385899814471243,0.1614100185528757,0.7606679035250464,0.15398886827458255,0.0,0.08534322820037106,0.914656771799629,0.9146567717996289,22953.0,3878068.0,83638.0,11.0,7.0,AMERANT BK NA,9698964.0,8018877.0,1135972.0,9716327.0,"AMERANT MORTGAGE, LLC",12.0,NAT,True,9698964.0,14.221354838709678,N,133506.0,22953_20231231,0.473536362174793,2.765157929668593,682.0,9.025490149697667,0.4813058678306704,4.0,FL,True
5493008PQSMR41Y70C36,2024,549,484,65,0.8816029143897997,0.11839708561020036,0.726775956284153,0.20765027322404372,0.0,0.06557377049180328,0.9344262295081968,0.9344262295081968,22953.0,3878068.0,83638.0,11.0,7.0,AMERANT BK NA,9884832.0,9698964.0,1135972.0,9901734.0,AMERANT MORTGAGE LLC,12.0,NAT,True,9884832.0,14.161650429799428,N,137082.0,22953_20241231,1.4316653835437352,2.804903779534785,698.0,9.49993402692595,-0.0381618186090496,4.0,FL,True
5493008RSN6F31BTGT93,2025,527,497,30,0.9430740037950665,0.056925996204933584,0.8614800759013282,0.11764705882352941,0.0,0.020872865275142316,0.9791271347248577,0.9791271347248577,32974.0,1458608.0,1458608.0,10.0,7.0,GULF COAST B&TC,3630639.0,3371364.0,1458608.0,3630639.0,GULF COAST BANK AND TRUST,22.0,NMB,True,3630639.0,3.809694648478489,NM,137412.0,32974_20251231,1.3822159833486616,6.077479131816678,953.0,9.003617312231132,1.1505185609606166,4.0,LA,True
54930095UWUUXAWASB02,2023,2360,2314,46,0.9805084745762712,0.019491525423728815,0.6165254237288136,0.3622881355932203,0.0,0.0211864406779661,0.978813559322034,0.978813559322034,58696.0,4533841.0,3614976.0,11.0,7.0,FVCBANK,2183294.0,2338603.0,4875907.0,2183294.0,"ATLANTIC COAST MORTGAGE, LLC",51.0,SMB,True,2183294.0,18.50249152542373,SM,19491.0,58696_20231231,0.0999691561246967,1.5178688394766555,118.0,10.771387724990127,0.1894184869835423,4.0,VA,True
54930095UWUUXAWASB02,2024,2624,2585,39,0.9851371951219512,0.01486280487804878,0.629954268292683,0.35327743902439024,0.0,0.01676829268292683,0.9832317073170732,0.9832317073170732,58696.0,4533841.0,3614976.0,11.0,7.0,FVCBANK,2193460.0,2183294.0,4875907.0,2193460.0,"ATLANTIC COAST MORTGAGE, LLC",51.0,SMB,True,2193460.0,19.584464285714287,SM,17962.0,58696_20241231,0.6876141233588292,1.5674299303861388,112.0,11.739583598139156,0.7406541967949856,4.0,VA,True
54930095UWUUXAWASB02,2025,2931,2894,37,0.9873763220743773,0.012623677925622655,0.66359604230638,0.29512111907198907,0.0,0.04128283862163084,0.9587171613783692,0.9587171613783692,58696.0,4533841.0,3614976.0,11.0,7.0,FVCBANK,2287755.0,2193460.0,4875907.0,2287755.0,"ATLANTIC COAST MORTGAGE, LLC",51.0,SMB,True,2287755.0,18.752090163934422,SM,19262.0,58696_20251231,0.5640084418397523,1.624582068960619,122.0,12.232752006304043,1.0513307208389338,4.0,VA,True
5493009BOQDC6PCFR785,2023,623,568,55,0.9117174959871589,0.08828250401284109,0.05778491171749599,0.8667736757624398,0.0,0.0754414125200642,0.9245585874799358,0.9325842696629214,7230.0,702117.0,702117.0,10.0,7.0,NBT BK NA,13217864.0,11659908.0,1139279.0,13309040.0,NBT BANK NA,36.0,NAT,True,13217864.0,7.905421052631579,N,152973.0,7230_20231231,0.392310653190919,2.4170905488509398,1672.0,9.163293264911935,0.9462256815633608,4.0,NY,True
5493009BOQDC6PCFR785,2024,563,529,34,0.9396092362344582,0.06039076376554174,0.09769094138543517,0.8561278863232682,0.0,0.046181172291296625,0.9538188277087034,0.955595026642984,7230.0,702117.0,702117.0,10.0,7.0,NBT BK NA,13683389.0,13217864.0,1139279.0,13786666.0,NBT BANK NA,36.0,NAT,True,13683389.0,7.978652478134111,N,185494.0,7230_20241231,0.5172223405741322,2.451062885578837,1715.0,9.390802229041132,1.0238324072228957,4.0,NY,True
5493009BOQDC6PCFR785,2025,711,672,39,0.9451476793248945,0.05485232067510549,0.4978902953586498,0.4345991561181435,0.0,0.06751054852320675,0.9324894514767933,0.9324894514767933,7230.0,702117.0,702117.0,10.0,7.0,NBT BK NA,15879824.0,13683389.0,1139279.0,15995121.0,NBT BANK NA,36.0,NAT,True,15879824.0,8.156047252182846,N,208698.0,7230_20251231,0.445917838282602,2.632151267770281,1947.0,9.349394297504436,1.0649654229001932,4.0,NY,True
5493009V3WNJX9V2GZ85,2023,617,554,63,0.8978930307941653,0.10210696920583469,0.25283630470016205,0.04862236628849271,0.0,0.6985413290113452,0.30145867098865475,0.30145867098865475,18714.0,288853.0,288853.0,10.0,7.0,FIRSTBANK,28121331.0,27775362.0,5533585.0,28121331.0,FIRSTBANK,8.0,SMB,True,28121331.0,11.43143536585366,SM,251606.0,18714_20231231,0.1456345872028122,1.582969780366135,2460.0,8.001399694614598,1.0091056438485806,4.0,CO,True
5493009V3WNJX9V2GZ85,2024,722,668,54,0.925207756232687,0.07479224376731301,0.18421052631578946,0.04293628808864266,0.0,0.7728531855955678,0.22714681440443213,0.22714681440443218,18714.0,288853.0,288853.0,10.0,7.0,FIRSTBANK,27247393.0,28121331.0,5533585.0,27247393.0,FIRSTBANK,8.0,SMB,True,27247393.0,11.39105058528428,SM,251160.0,18714_20241231,0.2606520730290793,1.5673482515493815,2392.0,8.553736310188352,0.9906057887817984,4.0,CO,True
5493009V3WNJX9V2GZ85,2025,601,547,54,0.9101497504159733,0.08985024958402663,0.17970049916805325,0.033277870216306155,0.0,0.7870216306156406,0.2129783693843594,0.21297836938435943,18714.0,288853.0,288853.0,10.0,7.0,FIRSTBANK,26480975.0,27247393.0,5533585.0,26480975.0,FIRSTBANK,8.0,SMB,True,26480975.0,11.35061080154308,SM,247667.0,18714_20251231,0.5504896690543609,1.648618340732174,2333.0,9.146771717318137,1.20370517861144,4.0,CO,True
549300AENO88GEUWCZ39,2023,4314,4240,74,0.9828465461288827,0.017153453871117292,0.4462216040797404,0.5491423273064442,0.0,0.004636068613815485,0.9953639313861846,0.9955957348168752,16635.0,4728919.0,310754.0,11.0,7.0,LUMINATE BK,224345.0,156413.0,5715064.0,224345.0,"LUMINATE HOME LOANS, INC.",27.0,NMB,True,224345.0,0.348361801242236,NM,78525.0,16635_20231231,2.865659124265452,54.9106554983654,644.0,12.799085747324773,2.05159327688112,4.0,MN,True
549300AENO88GEUWCZ39,2024,4562,4463,99,0.9782989916703201,0.021701008329679965,0.3809732573432705,0.5979833406400702,0.0,0.02104340201665936,0.9789565979833407,0.9857518632178869,16635.0,4728919.0,310754.0,11.0,7.0,LUMINATE BK,335841.0,224345.0,5715064.0,335841.0,"LUMINATE HOME LOANS, INC.",27.0,NMB,True,335841.0,0.5135183486238533,NM,95962.0,16635_20241231,3.3798729782623367,49.90467145827488,654.0,11.837878895161342,3.2354147331160563,4.0,MN,True
549300ASIS4D2QDWH380,2023,689,682,7,0.9898403483309144,0.010159651669085631,0.9898403483309144,0.005805515239477504,0.0,0.0043541364296081275,0.9956458635703919,0.9956458635703919,14531.0,353555.0,353555.0,10.0,7.0,AMARILLO NB,9164639.0,8454890.0,1107205.0,9180927.0,AMARILLO NATIONAL BANK,48.0,NAT,True,9164639.0,10.30893025871766,N,99661.0,14531_20231231,1.575378561543491,1.9230313990928192,889.0,9.492738840934484,1.1684713625727352,4.0,TX,True
549300ASIS4D2QDWH380,2024,726,721,5,0.9931129476584022,0.006887052341597796,0.9944903581267218,0.0027548209366391185,0.0,0.0027548209366391185,0.997245179063361,0.9972451790633609,14531.0,353555.0,353555.0,10.0,7.0,AMARILLO NB,9557608.0,9164639.0,1107205.0,9573535.0,AMARILLO NATIONAL BANK,48.0,NAT,True,9557608.0,10.388704347826089,N,107675.0,14531_20241231,1.3115019569478292,1.991668715922565,920.0,10.092454112416034,1.709269208147148,4.0,TX,True
549300ASIS4D2QDWH380,2025,674,667,7,0.9896142433234422,0.010385756676557863,0.9970326409495549,0.0,0.0,0.002967359050445104,0.9970326409495549,0.9970326409495549,14531.0,353555.0,353555.0,10.0,7.0,AMARILLO NB,9551998.0,9557608.0,1107205.0,9618879.0,AMARILLO NATIONAL BANK,48.0,NAT,True,9551998.0,10.293101293103447,N,119262.0,14531_20251231,1.5633614456081963,2.1937485307493496,928.0,10.601826867667388,1.775161179572411,4.0,TX,True
549300AT7EB9FJAF0E61,2023,2104,1829,275,0.8692965779467681,0.13070342205323193,0.8346007604562737,0.07984790874524715,0.0,0.08555133079847908,0.9144486692015209,0.9149239543726235,3832.0,208244.0,208244.0,10.0,7.0,OLD NB,48802528.0,21019742.0,1098303.0,49089836.0,OLD NATIONAL BANK,18.0,NAT,True,48802528.0,13.793817976257772,N,440645.0,3832_20231231,0.8350973822530466,2.040284602953653,3538.0,8.994925141420508,1.3180492816422815,4.0,IN,True
549300AT7EB9FJAF0E61,2024,3308,2913,395,0.8805925030229746,0.11940749697702539,0.6798669891172914,0.10519951632406288,0.0,0.21493349455864572,0.7850665054413543,0.7850665054413543,3832.0,208244.0,208244.0,10.0,7.0,OLD NB,53244673.0,48802528.0,1098303.0,53552272.0,OLD NATIONAL BANK,18.0,NAT,True,53244673.0,14.535810264810266,N,492176.0,3832_20241231,1.2445880920265957,2.035468369592518,3663.0,9.074973936421936,1.1347245580749226,4.0,IN,True
549300AT7EB9FJAF0E61,2025,4207,3811,396,0.9058711671024483,0.0941288328975517,0.6624673163774661,0.09365343475160447,0.0,0.2438792488709294,0.7561207511290706,0.7561207511290706,3832.0,208244.0,208244.0,10.0,7.0,OLD NB,71771976.0,53244673.0,1098303.0,72151967.0,OLD NATIONAL BANK,18.0,NAT,True,71771976.0,16.077951612903224,N,594794.0,3832_20251231,1.073263855864525,2.1568257350415543,4464.0,8.523771506325907,1.164154127517348,4.0,IN,True
549300BEFX6JRSCS5N78,2023,1494,1167,327,0.7811244979919679,0.21887550200803213,0.3895582329317269,0.31994645247657294,0.0,0.29049531459170014,0.7095046854082998,0.7101740294511378,11241.0,456045.0,456045.0,10.0,7.0,CENTENNIAL BK,22582477.0,22808174.0,1491409.0,22656658.0,CENTENNIAL BANK,5.0,SMB,True,22582477.0,8.010811280595956,SM,242242.0,11241_20231231,0.4443827294351755,2.0241309592776644,2819.0,11.924290380612494,1.8511291160299568,4.0,AR,True
549300BEFX6JRSCS5N78,2024,1426,1172,254,0.8218793828892006,0.17812061711079943,0.4032258064516129,0.32187938288920054,0.0,0.27489481065918653,0.7251051893408134,0.7265077138849929,11241.0,456045.0,456045.0,10.0,7.0,CENTENNIAL BK,22418169.0,22582477.0,1491409.0,22490748.0,CENTENNIAL BANK,5.0,SMB,True,22418169.0,8.784548981191223,SM,226462.0,11241_20241231,0.6697551559483897,1.883095917687621,2552.0,12.226032174445749,1.8497266970403476,4.0,AR,True
549300BEFX6JRSCS5N78,2025,1445,1188,257,0.8221453287197232,0.17785467128027682,0.48719723183391006,0.21868512110726643,0.0,0.29411764705882354,0.7058823529411765,0.7058823529411764,11241.0,456045.0,456045.0,10.0,7.0,CENTENNIAL BK,22716797.0,22418169.0,1491409.0,22881879.0,CENTENNIAL BANK,5.0,SMB,True,22716797.0,8.933069996067637,SM,236592.0,11241_20251231,0.5449332163281821,1.9186632547058315,2543.0,12.782065454255632,2.1393079848544856,4.0,AR,True
549300BES7HNVKCDIM50,2025,557,523,34,0.9389587073608617,0.06104129263913824,0.933572710951526,0.04308797127468582,0.0,0.02333931777378815,0.9766606822262118,0.9766606822262118,32526.0,54973.0,54973.0,20.0,7.0,AMERICAN SVG BK FSB,8979486.0,9290946.0,54973.0,8979486.0,AMERICAN SAVINGS BANK,15.0,FSB,True,8979486.0,9.238154320987656,SB,128098.0,32526_20251231,0.4719307092511953,2.7402842881768104,972.0,8.995592672516551,-0.3351757453625215,5.0,HI,True
549300BM4NS8HDJT3X28,2023,2109,2086,23,0.9890943575154102,0.010905642484589853,0.39497392128971076,0.5960170697012802,0.0,0.009009009009009009,0.990990990990991,0.990990990990991,34603.0,3088867.0,2757205.0,11.0,7.0,MVB BK INC,3273441.0,3029565.0,3211601.0,3319097.0,"INTERCOASTAL MORTGAGE, LLC",54.0,NMB,True,3273441.0,9.247008474576273,NM,46225.0,34603_20231231,0.3566093512142706,3.072511030337597,354.0,10.549163894975385,1.30001326006868,4.0,WV,True
549300BM4NS8HDJT3X28,2024,1915,1874,41,0.9785900783289817,0.021409921671018278,0.208355091383812,0.7827676240208877,0.0,0.008877284595300261,0.9911227154046998,0.9911227154046998,34603.0,3088867.0,2757205.0,11.0,7.0,MVB BK INC,3087043.0,3273441.0,3211601.0,3139280.0,"INTERCOASTAL MORTGAGE, LLC",54.0,NMB,True,3087043.0,9.026441520467836,NM,48575.0,34603_20241231,1.171688813697812,3.1141273271759884,342.0,11.178052972108402,1.0883878642799687,4.0,WV,True
549300BM4NS8HDJT3X28,2025,1667,1624,43,0.9742051589682064,0.02579484103179364,0.29214157168566285,0.6568686262747451,0.0,0.05098980203959208,0.949010197960408,0.949010197960408,34603.0,3088867.0,2757205.0,11.0,7.0,MVB BK INC,3266143.0,3087043.0,3211601.0,3324795.0,"INTERCOASTAL MORTGAGE, LLC",54.0,NMB,True,3266143.0,11.340774305555556,NM,46603.0,34603_20251231,1.3082316509777596,3.15710265891999,288.0,11.140894658005667,1.4587149976587146,4.0,WV,True
549300BRLQAIJ1LJA253,2024,536,526,10,0.9813432835820896,0.018656716417910446,0.7593283582089553,0.0,0.0,0.24067164179104478,0.7593283582089553,0.7593283582089552,5304.0,594947.0,594947.0,10.0,7.0,BANK FIRST NA,4492896.0,4219635.0,1208009.0,4495060.0,BANK FIRST N.A.,55.0,NAT,True,4492896.0,12.585142857142856,N,38729.0,5304_20241231,0.2413460839211693,1.814568072695117,357.0,9.544671726854288,1.5908857931230018,4.0,WI,True
549300BRLQAIJ1LJA253,2025,624,603,21,0.9663461538461539,0.03365384615384615,0.7900641025641025,0.0,0.0,0.20993589743589744,0.7900641025641025,0.7900641025641025,5304.0,594947.0,594947.0,10.0,7.0,BANK FIRST NA,4503074.0,4492896.0,1208009.0,4506095.0,BANK FIRST N.A.,55.0,NAT,True,4503074.0,11.850194736842107,N,40339.0,5304_20251231,0.2506026899148272,1.847316894566971,380.0,9.84903603243621,1.641201739544587,4.0,WI,True
549300BRR67NLTQSBT29,2023,539,517,22,0.9591836734693877,0.04081632653061224,0.0,0.5862708719851577,0.0,0.4137291280148423,0.5862708719851577,0.5862708719851577,6985.0,2623878.0,161602.0,11.0,7.0,CANANDAIGUA NB&TC,4873001.0,4739658.0,1133503.0,4883787.0,"HOMETOWN FUNDING, INC. D/B/A C",36.0,NAT,True,4873001.0,7.759555732484077,N,62003.0,6985_20231231,0.387750453652918,2.4086101077523745,628.0,8.256629732484353,0.964358361085836,4.0,NY,True
549300BRR67NLTQSBT29,2024,586,570,16,0.9726962457337884,0.027303754266211604,0.0,0.6877133105802048,0.0,0.3122866894197952,0.6877133105802048,0.6877133105802048,6985.0,2623878.0,161602.0,11.0,7.0,CANANDAIGUA NB&TC,5047064.0,4873001.0,1133503.0,5058649.0,"HOMETOWN FUNDING, INC. D/B/A C",36.0,NAT,True,5047064.0,8.219973941368078,N,70643.0,6985_20241231,1.0825919311962715,2.5009021873678243,614.0,8.54129016908021,0.9446289778702168,4.0,NY,True
549300BRR67NLTQSBT29,2025,576,563,13,0.9774305555555556,0.022569444444444444,0.012152777777777778,0.6458333333333334,0.0,0.3420138888888889,0.6579861111111112,0.6579861111111112,6985.0,2623878.0,161602.0,11.0,7.0,CANANDAIGUA NB&TC,5315449.0,5047064.0,1133503.0,5326941.0,"HOMETOWN FUNDING, INC. D/B/A C",36.0,NAT,True,5315449.0,8.518347756410257,N,77389.0,6985_20251231,0.9260976377696012,2.5695342237470333,624.0,8.736609113715858,1.154078208694878,4.0,NY,True
549300BWFA5UY7H4WJ62,2023,737,735,2,0.9972862957937585,0.0027137042062415195,0.7693351424694709,0.23066485753052918,0.0,0.0,1.0,1.0,10363.0,2350222.0,928421.0,11.0,7.0,CITIZENS & FARMERS BK,2416783.0,2312638.0,2183493.0,2416783.0,C&F MORTGAGE CORP,51.0,NMB,True,2416783.0,4.124203071672355,NM,50592.0,10363_20231231,0.0811774718284001,3.609615508867993,586.0,10.251401688150668,1.0943339188528238,4.0,VA,True
549300BWFA5UY7H4WJ62,2024,721,714,7,0.9902912621359223,0.009708737864077669,0.8280166435506241,0.17198335644937587,0.0,0.0,1.0,1.0,10363.0,2350222.0,928421.0,11.0,7.0,CITIZENS & FARMERS BK,2542660.0,2416783.0,2183493.0,2542660.0,C&F MORTGAGE CORP,51.0,NMB,True,2542660.0,4.674007352941176,NM,50336.0,10363_20241231,0.0699208096592738,3.5038847417789287,544.0,10.14012720834728,0.9120820748930176,4.0,VA,True
549300BWFA5UY7H4WJ62,2025,881,871,10,0.9886492622020431,0.011350737797956867,0.8161180476730987,0.18274687854710556,0.0,0.0011350737797956867,0.9988649262202043,0.9988649262202043,10363.0,2350222.0,928421.0,11.0,7.0,CITIZENS & FARMERS BK,2744329.0,2542660.0,2183493.0,2744329.0,C&F MORTGAGE CORPORATION,51.0,NMB,True,2744329.0,4.831565140845071,NM,52344.0,10363_20251231,0.1041087124187844,3.4803677821572405,568.0,11.09490436431692,1.1535712898061654,4.0,VA,True
549300BX448ALT10FI43,2023,2245,2032,213,0.9051224944320713,0.09487750556792873,0.3955456570155902,0.4552338530066815,0.0,0.1492204899777283,0.8507795100222717,0.8507795100222717,35518.0,2806877.0,2806877.0,20.0,7.0,FEDERAL SVGS BK,1184665.0,780976.0,4267463.0,1184665.0,THE FEDERAL SAVINGS BANK,17.0,FSB,True,1184665.0,1.184665,SB,109286.0,35518_20231231,1.10227046415704,16.85091968308679,1000.0,13.500595971198631,-0.3536748267962321,5.0,IL,True
549300BX448ALT10FI43,2024,2073,1877,196,0.9054510371442354,0.0945489628557646,0.4365653642064641,0.4515195369030391,0.0,0.11191509889049686,0.8880849011095031,0.8885672937771346,35518.0,2806877.0,2806877.0,20.0,7.0,FEDERAL SVGS BK,1179914.0,1184665.0,4267463.0,1179914.0,THE FEDERAL SAVINGS BANK,17.0,FSB,True,1179914.0,0.9965489864864864,SB,125766.0,35518_20241231,1.8015793420521329,16.083654919239144,1184.0,13.164141581655144,0.3922822082762855,5.0,IL,True
549300BX448ALT10FI43,2025,1759,1624,135,0.9232518476407049,0.07674815235929505,0.4650369528140989,0.48379761227970436,0.0,0.051165434906196704,0.9488345650938033,0.9602046617396248,35518.0,2806877.0,2806877.0,20.0,7.0,FEDERAL SVGS BK,1138673.0,1179914.0,4267463.0,1138673.0,THE FEDERAL SAVINGS BANK,17.0,FSB,True,1138673.0,0.8965929133858268,SB,135162.0,35518_20251231,3.3529166703775064,16.718029926124263,1270.0,14.444321470619762,0.6883421653084352,5.0,IL,True
549300BXWU32AYWT1A56,2023,1619,1494,125,0.922791846819024,0.07720815318097592,0.28474366893143915,0.7152563310685608,0.0,0.0,1.0,1.0,14587.0,3424821.0,137652.0,11.0,7.0,UNIVERSITY BK,909718.0,781550.0,1496253.0,909718.0,UIF CORPORATION,26.0,NMB,True,909718.0,1.9031757322175733,NM,54328.0,14587_20231231,0.6016137021201207,9.565713387603733,478.0,10.054785983399904,1.0207647459123428,5.0,MI,True
549300BXWU32AYWT1A56,2024,1714,1501,213,0.8757292882147024,0.12427071178529756,0.21878646441073513,0.7812135355892649,0.0,0.0,1.0,1.0,14587.0,3424821.0,137652.0,11.0,7.0,UNIVERSITY BK,956188.0,909718.0,1496253.0,980093.0,UIF CORPORATION,26.0,NMB,True,956188.0,1.817847908745247,NM,58318.0,14587_20241231,0.1481615257666794,9.37894494095588,526.0,10.398217180578188,1.2920188902650036,5.0,MI,True
549300BXWU32AYWT1A56,2025,1500,1299,201,0.866,0.134,0.24933333333333332,0.7506666666666667,0.0,0.0,1.0,1.0,14587.0,3424821.0,137652.0,11.0,7.0,UNIVERSITY BK,1110261.0,956188.0,1496253.0,1146935.0,UIF CORPORATION,26.0,NMB,True,1110261.0,2.1228699808795413,NM,66454.0,14587_20251231,0.4263940329062327,9.511892143133316,523.0,10.115709286298165,1.1308047444576663,5.0,MI,True
549300C04BJ0G297NC13,2023,2519,2242,277,0.8900357284636761,0.10996427153632393,0.9868995633187773,0.0003969829297340214,0.0,0.012703453751488685,0.9872965462485113,0.9872965462485113,57803.0,3284070.0,3284070.0,10.0,7.0,ALLY BK,186114000.0,168322500.0,1562859.0,196392000.0,ALLY BANK,49.0,SMB,True,186114000.0,18.91210242861498,SM,1846000.0,57803_20231231,0.9812163126328952,2.597961309299181,9841.0,9.07260933029104,0.905701390251634,6.0,UT,True
549300C04BJ0G297NC13,2024,2357,2082,275,0.8833262621977089,0.11667373780229105,0.9915146372507425,0.00042426813746287653,0.0,0.008061094611794654,0.9919389053882054,0.9919389053882054,57803.0,3284070.0,3284070.0,10.0,7.0,ALLY BK,181409000.0,186114000.0,1562859.0,191836000.0,ALLY BANK,49.0,SMB,True,181409000.0,18.73479293607353,SM,1810000.0,57803_20241231,1.0921607131037223,2.494975586327468,9683.0,9.395962174012633,0.7909964257464412,6.0,UT,True
549300C1ICNCM0V37Y02,2023,1283,1265,18,0.9859703819173812,0.014029618082618862,0.5643024162120032,0.4224473889321902,0.0,0.013250194855806703,0.9867498051441934,0.9867498051441933,12219.0,345756.0,345756.0,10.0,7.0,FIRST ST BK OF ST CHARLES MO,547893.0,534540.0,1416550.0,547893.0,FIRST STATE BANK OF ST CHARLES,29.0,NMB,True,547893.0,3.078050561797753,NM,22180.0,12219_20231231,0.3762980002387127,5.6260159382705455,178.0,14.297720904199943,1.0798181960822266,4.0,MO,True
549300C1ICNCM0V37Y02,2024,1225,1225,0,1.0,0.0,0.5020408163265306,0.49142857142857144,0.0,0.006530612244897959,0.9934693877551021,0.9934693877551021,12219.0,345756.0,345756.0,10.0,7.0,FIRST ST BK OF ST CHARLES MO,536334.0,547893.0,1416550.0,536334.0,FIRST STATE BANK OF ST CHARLES,29.0,NMB,True,536334.0,2.9962793296089387,NM,23519.0,12219_20241231,0.2655835373855618,5.835695787201488,179.0,15.174539380682685,1.2638869786990627,4.0,MO,True
549300C1ICNCM0V37Y02,2025,1288,1288,0,1.0,0.0,0.5520186335403726,0.4355590062111801,0.0,0.012422360248447204,0.9875776397515528,0.9875776397515528,12219.0,345756.0,345756.0,10.0,7.0,FIRST ST BK OF ST CHARLES MO,560266.0,536334.0,1416550.0,560266.0,FIRST STATE BANK OF ST CHARLES,29.0,NMB,True,560266.0,3.183329545454545,NM,26009.0,12219_20251231,0.3532311987122483,6.221151696997607,176.0,15.443489808860134,1.3109923178147282,5.0,MO,True
549300C4J510S9L1RF98,2023,855,845,10,0.9883040935672515,0.011695906432748537,0.47251461988304094,0.3847953216374269,0.0,0.14269005847953217,0.8573099415204679,0.8573099415204678,3931.0,933256.0,933256.0,10.0,7.0,ALERUS FNCL NA,3885776.0,3778066.0,2067007.0,3896811.0,ALERUS FINANCIAL NA,38.0,NAT,True,3885776.0,5.181034666666667,N,94421.0,3931_20231231,0.3155819965782442,3.8148961885494335,750.0,9.918499569324224,0.4203087360605614,4.0,ND,True
549300C4J510S9L1RF98,2024,1029,996,33,0.967930029154519,0.03206997084548105,0.6287657920310982,0.24975704567541301,0.0,0.12147716229348883,0.8785228377065112,0.8785228377065112,3931.0,933256.0,933256.0,10.0,7.0,ALERUS FNCL NA,5247399.0,3885776.0,2067007.0,5261673.0,ALERUS FINANCIAL NA,38.0,NAT,True,5252917.0,5.942213800904978,N,107956.0,3931_20241231,1.3058698166050229,3.814874243034888,884.0,8.692985864279054,0.6676189910691133,4.0,ND,True
549300C4J510S9L1RF98,2025,970,901,69,0.9288659793814433,0.0711340206185567,0.5257731958762887,0.28969072164948456,0.0,0.18453608247422681,0.8154639175257732,0.8154639175257732,3931.0,933256.0,933256.0,10.0,7.0,ALERUS FNCL NA,5211720.0,5247399.0,2067007.0,5230084.0,ALERUS FINANCIAL NA,38.0,NAT,True,5211720.0,6.167715976331361,N,121572.0,3931_20251231,1.6288136775925832,3.7267146086705583,845.0,8.621711417585352,0.419984789954816,4.0,ND,True
549300C61LNGA8J8EF85,2023,1067,1021,46,0.9568884723523898,0.04311152764761012,0.0,0.0,0.0,1.0,0.0,0.0,27981.0,968070.0,968070.0,20.0,7.0,CAPITOL FSB,9588061.0,9950802.0,4226910.0,9588073.0,CAPITOL FEDERAL SAVINGS BANK,20.0,FSB,True,9588061.0,15.39014606741573,SB,49321.0,27981_20231231,0.1297864064721224,1.169406702487938,623.0,8.887476534524687,-1.1547549579000222,5.0,KS,True
549300C61LNGA8J8EF85,2024,807,777,30,0.9628252788104089,0.03717472118959108,0.0,0.0,0.0,1.0,0.0,0.0,27981.0,968070.0,968070.0,20.0,7.0,CAPITOL FSB,9552474.0,9588061.0,4226910.0,9552628.0,CAPITOL FEDERAL SAVINGS BANK,20.0,FSB,True,9552474.0,14.85610264385692,SB,51975.0,27981_20241231,0.1445816749333071,1.1793044732981646,643.0,9.380485662591196,0.5274049795099309,5.0,KS,True
549300C61LNGA8J8EF85,2025,628,596,32,0.9490445859872612,0.050955414012738856,0.0,0.11942675159235669,0.0,0.8805732484076433,0.11942675159235669,0.11942675159235672,27981.0,968070.0,968070.0,20.0,7.0,CAPITOL FSB,9796570.0,9552474.0,4226910.0,9796847.0,CAPITOL FEDERAL SAVINGS BANK,20.0,FSB,True,9796570.0,14.709564564564564,SB,60402.0,27981_20251231,0.5937550495074118,1.2666830083961758,666.0,9.534356146916195,0.7566917848888017,5.0,KS,True
549300CDOC4F7XSRG390,2023,1969,1846,123,0.9375317420010157,0.062468257998984256,0.5083798882681564,0.1802945657694261,0.0,0.31132554596241746,0.6886744540375824,0.6886744540375825,35583.0,2925666.0,2925666.0,10.0,7.0,PINNACLE BK,47830432.0,41842515.0,2925657.0,47959883.0,PINNACLE BANK,47.0,NMB,True,47830432.0,14.247969019958296,NM,483185.0,35583_20231231,0.2692684031284565,1.8391560917950425,3357.0,9.665257532975549,1.316554504096383,4.0,TN,True
549300CDOC4F7XSRG390,2024,1903,1744,159,0.9164477141355754,0.08355228586442459,0.5323173935890699,0.2233315817130846,0.0,0.2443510246978455,0.7556489753021545,0.7556489753021545,35583.0,2925666.0,2925666.0,10.0,7.0,PINNACLE BK,52489231.0,47830432.0,2925657.0,52589449.0,PINNACLE BANK,47.0,NMB,True,52489231.0,14.719358104318564,NM,572303.0,35583_20241231,0.4241460809101109,1.986253545452021,3566.0,9.779676783808638,1.037739189041642,4.0,TN,True
549300CDOC4F7XSRG390,2025,2115,1909,206,0.9026004728132387,0.09739952718676123,0.3617021276595745,0.18486997635933805,0.0,0.45342789598108746,0.5465721040189125,0.5465721040189125,35583.0,2925666.0,2925666.0,10.0,7.0,PINNACLE BK,57636946.0,52489231.0,2925657.0,57706053.0,PINNACLE BANK,47.0,NMB,True,57636946.0,15.53975357239148,NM,668936.0,35583_20251231,0.3470733066536646,2.017621390147025,3709.0,9.393072081869152,1.2537159462038845,4.0,TN,True
549300CEHN5CVC6INV48,2023,1227,1121,106,0.9136104319478403,0.08638956805215973,0.19967400162999185,0.4808475957620212,0.0,0.31947840260798693,0.680521597392013,0.6805215973920131,6653.0,489623.0,489623.0,10.0,7.0,PARK NB,9798573.0,9815951.0,1142336.0,9836453.0,THE PARK  NATIONAL BANK,39.0,NAT,True,9798573.0,5.523434611048478,N,177626.0,6653_20231231,0.8170108398397922,3.0216872786308717,1774.0,9.110048103132398,1.4233553899492648,4.0,OH,True
549300CEHN5CVC6INV48,2024,1344,1221,123,0.9084821428571429,0.09151785714285714,0.15104166666666666,0.6748511904761905,0.0,0.17410714285714285,0.8258928571428571,0.8258928571428572,6653.0,489623.0,489623.0,10.0,7.0,PARK NB,9751214.0,9798573.0,1142336.0,9805350.0,THE PARK NATIONAL BANK,39.0,NAT,True,9751214.0,5.67591036088475,N,184980.0,6653_20241231,0.8947345865493662,3.164250055127797,1718.0,9.79664257686767,1.6326622345112058,4.0,OH,True
549300CEHN5CVC6INV48,2025,1327,1200,127,0.9042954031650339,0.09570459683496609,0.1356443104747551,0.6654107008289375,0.0,0.19894498869630747,0.8010550113036926,0.8010550113036925,6653.0,489623.0,489623.0,10.0,7.0,PARK NB,9742967.0,9751214.0,1142336.0,9805013.0,THE PARK NATIONAL BANK,39.0,NAT,True,9742967.0,5.778746737841044,N,188751.0,6653_20251231,0.8607242191062194,3.1746092616394472,1686.0,10.448505305021904,1.9039843117803965,4.0,OH,True
549300CP7747DCRW6U68,2023,663,644,19,0.971342383107089,0.02865761689291101,0.8763197586726998,0.0392156862745098,0.0,0.08446455505279035,0.9155354449472096,0.918552036199095,12383.0,1001648.0,1001648.0,10.0,7.0,CARROLLTON BK,3339855.0,3135836.0,1860863.0,3341352.0,CARROLLTON BANK,17.0,NMB,True,3339855.0,11.760052816901409,NM,41636.0,12383_20231231,0.1107482575236467,2.182651505566684,284.0,7.891888344873972,0.9832799736522272,4.0,IL,True
549300CP7747DCRW6U68,2024,561,535,26,0.9536541889483066,0.04634581105169341,0.8235294117647058,0.06417112299465241,0.0,0.11229946524064172,0.8877005347593583,0.8912655971479501,12383.0,1001648.0,1001648.0,10.0,7.0,CARROLLTON BK,3486508.0,3339855.0,1860863.0,3487435.0,CARROLLTON BANK,17.0,NMB,True,3486508.0,11.85887074829932,NM,41618.0,12383_20241231,0.1154507263596039,1.9927374231055008,294.0,7.997259190027581,0.943989857112826,4.0,IL,True
549300CP7747DCRW6U68,2025,559,537,22,0.960644007155635,0.03935599284436494,0.8407871198568873,0.0518783542039356,0.0,0.1073345259391771,0.8926654740608229,0.8980322003577818,12383.0,1001648.0,1001648.0,10.0,7.0,CARROLLTON BK,3810105.0,3486508.0,1860863.0,3811714.0,CARROLLTON BANK,17.0,NMB,True,3810105.0,12.492147540983607,NM,44494.0,12383_20251231,0.1942492294872537,2.0037769118575444,305.0,7.824588213045142,1.04390251866687,4.0,IL,True
549300CY7WNAHKHYSJ73,2023,4597,4481,116,0.9747661518381553,0.02523384816184468,0.7757232978029149,0.19055906025668914,0.0,0.033717641940395914,0.966282358059604,0.966282358059604,1213.0,2891622.0,2891622.0,21.0,7.0,CORNERSTONE CAP BK SSB,2266758.0,1991593.0,2891622.0,2266758.0,"CORNERSTONE CAPITAL BANK, SSB",48.0,SSB,True,2266758.0,1.554703703703704,SI,219546.0,1213_20231231,2.471077560316348,13.0894889699927,1458.0,15.010044591631743,-0.9422922998863902,9.0,TX,True
549300CY7WNAHKHYSJ73,2024,3340,3300,40,0.9880239520958084,0.011976047904191617,0.7922155688622754,0.18323353293413175,0.0,0.024550898203592814,0.9754491017964071,0.9763473053892215,1213.0,2891622.0,2891622.0,21.0,7.0,CORNERSTONE CAP BK SSB,2280636.0,2266758.0,2891622.0,2280636.0,"CORNERSTONE CAPITAL BANK, SSB",48.0,SSB,True,2280636.0,1.609482004234298,SI,222461.0,1213_20241231,2.534465892111557,12.36948979517633,1417.0,13.356063050900415,0.7763692858337539,9.0,TX,True
549300CY7WNAHKHYSJ73,2025,2840,2800,40,0.9859154929577465,0.014084507042253521,0.7348591549295774,0.2045774647887324,0.0,0.06056338028169014,0.9394366197183098,0.9394366197183098,1213.0,2891622.0,2891622.0,21.0,7.0,CORNERSTONE CAP BK SSB,2469832.0,2280636.0,6013468.0,2469832.0,"CORNERSTONE CAPITAL BANK, SSB",48.0,SSB,True,2469832.0,1.7794178674351584,SI,218966.0,1213_20251231,4.6915066472289,12.53195994259952,1388.0,15.07654843686224,0.6881808335363043,9.0,TX,True
549300D003QRZFSQ4N43,2023,3313,2760,553,0.8330817989737398,0.16691820102626018,0.28342891638997886,0.00392393600965892,0.0,0.7126471476003622,0.28735285239963776,0.29037126471476005,16835.0,664756.0,664756.0,10.0,7.0,PROSPERITY BK,38556810.0,37695970.0,1109599.0,38567987.0,PROSPERITY BANK,48.0,NMB,True,38556810.0,10.014755844155845,NM,316314.0,16835_20231231,0.3346609986960671,1.3970885111261635,3850.0,10.345957296900735,1.1183754684841545,4.0,TX,True
549300D003QRZFSQ4N43,2024,1325,984,341,0.7426415094339622,0.2573584905660377,0.409811320754717,0.04150943396226415,0.0,0.5486792452830188,0.45132075471698113,0.4513207547169812,16835.0,664756.0,664756.0,10.0,7.0,PROSPERITY BK,39595132.0,38556810.0,1109599.0,39608553.0,PROSPERITY BANK,48.0,NMB,True,39595132.0,10.1111164453524,NM,339512.0,16835_20241231,0.3423869448340119,1.4057385794564268,3916.0,10.775831646954996,1.2527589637024792,4.0,TX,True
549300D003QRZFSQ4N43,2025,1019,739,280,0.7252208047105005,0.2747791952894995,0.380765456329735,0.0323846908734053,0.0,0.5868498527968596,0.4131501472031403,0.41315014720314036,16835.0,664756.0,664756.0,10.0,7.0,PROSPERITY BK,38458815.0,39595132.0,1109599.0,38470891.0,PROSPERITY BANK,48.0,NMB,True,38458815.0,9.758643745242324,NM,340434.0,16835_20251231,0.6307345970955409,1.38952895994822,3941.0,11.22457080599538,1.4367250899058512,4.0,TX,True
549300D214S3L7KZ0515,2023,691,591,100,0.8552821997105644,0.1447178002894356,0.9030390738060782,0.08972503617945007,0.0,0.00723589001447178,0.9927641099855282,0.9927641099855282,22858.0,3228001.0,365325.0,11.0,7.0,UNITED BK,29851399.0,29430409.0,1076217.0,29926482.0,CRESCENT MORTGAGE COMPANY,51.0,SMB,True,29851399.0,11.21389894815928,SM,242675.0,22858_20231231,0.2124551343907838,1.8660497133297915,2662.0,11.529375998787138,1.3092142971733738,4.0,VA,True
549300DAUXQ2DCY4H838,2023,998,920,78,0.9218436873747495,0.0781563126252505,0.655310621242485,0.2895791583166333,0.0,0.05511022044088176,0.9448897795591182,0.9448897795591182,59070.0,3868694.0,40499.0,11.0,7.0,HARBORONE BK,5671127.0,5362221.0,4973353.0,5673180.0,"HARBORONE MORTGAGE, LLC",25.0,NMB,True,5671127.0,10.720466918714555,NM,76259.0,59070_20231231,0.3671490778715374,2.506990362231604,529.0,8.996323936202973,0.3264913518542582,4.0,MA,True
549300DAUXQ2DCY4H838,2024,1106,1031,75,0.9321880650994575,0.06781193490054249,0.6283905967450272,0.321880650994575,0.0,0.04972875226039783,0.9502712477396023,0.9502712477396021,59070.0,3868694.0,40499.0,11.0,7.0,HARBORONE BK,5754704.0,5671127.0,4973353.0,5754704.0,"HARBORONE MORTGAGE, LLC",25.0,NMB,True,5754704.0,10.756456074766357,NM,76595.0,59070_20241231,0.6026056666571901,2.280023649566703,535.0,9.192391852754652,0.4762798463679126,4.0,MA,True
549300DAUXQ2DCY4H838,2025,914,864,50,0.9452954048140044,0.05470459518599562,0.6925601750547046,0.24179431072210067,0.0,0.06564551422319474,0.9343544857768052,0.9343544857768052,32773.0,3868694.0,128904.0,11.0,7.0,EASTERN BK,30579383.0,25551908.0,1427239.0,30588225.0,"HARBORONE MORTGAGE, LLC",25.0,NMB,True,30579383.0,12.45088884364821,NM,343223.0,32773_20251231,0.7458036401089241,2.202555261487466,2456.0,10.929541644202706,0.3930757822051269,4.0,MA,True
549300DMHEHNYZ2OLB41,2023,2815,2707,108,0.9616341030195382,0.03836589698046181,0.8216696269982238,0.12788632326820604,0.0,0.05044404973357016,0.9495559502664298,0.9523978685612788,4239.0,509950.0,509950.0,10.0,7.0,FIRST UNITED B&TC,16260538.0,14547035.0,1058398.0,16274324.0,FIRST UNITED BANK AND TRUST CO,40.0,NMB,True,16260538.0,8.36017377892031,NM,253607.0,4239_20231231,1.0425264048649852,2.956088048195914,1945.0,8.360460741503871,0.5150011412490049,4.0,OK,True
549300DMHEHNYZ2OLB41,2024,2772,2698,74,0.9733044733044733,0.026695526695526696,0.7792207792207793,0.18253968253968253,0.0,0.03823953823953824,0.9617604617604618,0.9635642135642135,4239.0,509950.0,509950.0,10.0,7.0,FIRST UNITED B&TC,16259998.0,16260538.0,1058398.0,16276741.0,FIRST UNITED BANK AND TRUST CO,40.0,SMB,True,16259998.0,8.685896367521368,SM,238250.0,4239_20241231,1.435019898256721,2.694938111510692,1872.0,8.718985551730203,0.7872114165673451,4.0,OK,True
549300DMHEHNYZ2OLB41,2025,2303,2217,86,0.9626574033868867,0.03734259661311333,0.7333912288319583,0.21710811984368214,0.0,0.04950065132435953,0.9504993486756405,0.9518019973947025,4239.0,509950.0,509950.0,10.0,7.0,FIRST UNITED B&TC,16273258.0,16259998.0,1058398.0,16279514.0,FIRST UNITED BANK AND TRUST CO,40.0,SMB,True,16273258.0,8.614747485442033,SM,256106.0,4239_20251231,1.5650920707904303,2.8595875247761366,1889.0,9.43090526716153,0.9743040910589936,4.0,OK,True
549300DPRWSBUY619V27,2023,1273,1126,147,0.8845247446975648,0.11547525530243519,0.04399057344854674,0.45247446975648076,0.0,0.5035349567949725,0.4964650432050275,0.49725058915946585,3890.0,663245.0,663245.0,10.0,7.0,SIMMONS BK,27308895.0,27409758.0,1094828.0,27356830.0,SIMMONS BANK,5.0,SMB,True,27308895.0,9.13646537303446,SM,283044.0,3890_20231231,0.5055254430482035,2.046386716774796,2989.0,10.047407229333665,0.7498469770819198,4.0,AR,True
549300DPRWSBUY619V27,2024,892,784,108,0.8789237668161435,0.1210762331838565,0.028026905829596414,0.6412556053811659,0.0,0.3307174887892377,0.6692825112107623,0.6737668161434978,3890.0,663245.0,663245.0,10.0,7.0,SIMMONS BK,26843102.0,27308895.0,1094828.0,26890402.0,SIMMONS BANK,5.0,SMB,True,26843102.0,9.155218963165074,SM,279000.0,3890_20241231,0.6508474026483437,2.032884690341453,2932.0,9.899907142237431,0.6977604348832614,4.0,AR,True
549300DPRWSBUY619V27,2025,725,631,94,0.8703448275862069,0.1296551724137931,0.05103448275862069,0.696551724137931,0.0,0.2524137931034483,0.7475862068965516,0.7503448275862069,3890.0,663245.0,663245.0,10.0,7.0,SIMMONS BK,24498708.0,26843102.0,1094828.0,24540966.0,SIMMONS BANK,5.0,SMB,True,24498708.0,8.430388162422574,SM,293097.0,3890_20251231,0.6438690235200462,2.1762336098818955,2906.0,9.133610088090489,-1.4008547815742864,4.0,AR,True
549300DPWFIO1S3DF358,2023,828,813,15,0.9818840579710145,0.018115942028985508,0.3828502415458937,0.6159420289855072,0.0,0.0012077294685990338,0.998792270531401,0.998792270531401,29488.0,318974.0,318974.0,20.0,7.0,FIRST FS&LA OF LAKEWOOD,2810395.0,2548129.0,4843090.0,3107936.0,FIRST FEDERAL S&L OF LAKEWOOD,39.0,SAL,True,2810395.0,10.486548507462686,SB,27763.0,29488_20231231,0.2618891532278763,2.0832733132613743,268.0,8.294035539788771,0.264412580905498,5.0,OH,True
549300DPWFIO1S3DF358,2024,717,696,21,0.9707112970711297,0.029288702928870293,0.496513249651325,0.502092050209205,0.0,0.001394700139470014,0.9986052998605299,0.99860529986053,29488.0,318974.0,318974.0,20.0,7.0,FIRST FS&LA OF LAKEWOOD,2987052.0,2810395.0,4843090.0,3279252.0,FIRST FEDERAL S&L OF LAKEWOOD,39.0,SAL,True,2987052.0,11.44464367816092,SB,27870.0,29488_20241231,0.6166121717885389,2.007945029691561,261.0,7.837293335920966,0.2483162778719847,5.0,OH,True
549300DPWFIO1S3DF358,2025,618,602,16,0.9741100323624595,0.025889967637540454,0.5485436893203883,0.44660194174757284,0.0,0.0048543689320388345,0.9951456310679612,0.9951456310679612,29488.0,318974.0,318974.0,20.0,7.0,FIRST FS&LA OF LAKEWOOD,2909587.0,2987052.0,4843090.0,3212497.0,FIRST FEDERAL S&L OF LAKEWOOD,39.0,SAL,True,2909587.0,11.277468992248062,SB,24662.0,29488_20251231,0.4435034108771414,2.09485847074144,258.0,8.149975224810005,0.1118737285264027,5.0,OH,True
549300DT7WZ1SOTNFJ62,2023,812,793,19,0.9766009852216748,0.023399014778325122,0.8078817733990148,0.1687192118226601,0.0,0.023399014778325122,0.9766009852216748,0.9766009852216748,12229.0,169653.0,169653.0,10.0,7.0,FIRST BK,6554829.0,6436322.0,1118797.0,6583103.0,FIRST BANK,29.0,SMB,True,6554829.0,7.218974669603524,SM,111348.0,12229_20231231,0.2166611318934191,2.9104639052468984,908.0,8.893169323551584,0.2773836642551175,4.0,MO,True
549300DT7WZ1SOTNFJ62,2024,871,853,18,0.9793340987370838,0.02066590126291619,0.9770378874856487,0.012629161882893225,0.0,0.010332950631458095,0.9896670493685419,0.9896670493685419,12229.0,169653.0,169653.0,10.0,7.0,FIRST BK,6630571.0,6554829.0,1118797.0,6646832.0,FIRST BANK,29.0,SMB,True,6630571.0,7.940803592814371,SM,102139.0,12229_20241231,0.2767932640564551,2.712302596606309,835.0,8.883214530450775,0.2750682804855983,4.0,MO,True
549300DT7WZ1SOTNFJ62,2025,701,685,16,0.9771754636233951,0.02282453637660485,0.9686162624821684,0.014265335235378032,0.0,0.017118402282453638,0.9828815977175464,0.9828815977175464,12229.0,169653.0,169653.0,10.0,7.0,FIRST BK,6652312.0,6630571.0,1118797.0,6664520.0,FIRST BANK,29.0,SMB,True,6652312.0,8.431320659062104,SM,102662.0,12229_20251231,0.2375340521711515,2.755398356397644,789.0,9.361750132284172,0.5087160018429804,4.0,MO,True
549300ENNFGLHCMQ1U82,2023,800,732,68,0.915,0.085,0.0,0.2525,0.0,0.7475,0.2525,0.25249999999999995,27998.0,727174.0,727174.0,20.0,7.0,GUARDIAN SVGS BK,1129095.0,1060078.0,3828018.0,1129095.0,GUARDIAN SAVINGS BANK,39.0,SSB,True,1129095.0,7.013012422360249,SI,11127.0,27998_20231231,0.1754335420700952,1.8092095741985077,161.0,13.387960759864107,1.4889541765878926,5.0,OH,True
549300ENNFGLHCMQ1U82,2024,834,760,74,0.9112709832134293,0.08872901678657075,0.0,0.42565947242206237,0.0,0.5743405275779376,0.42565947242206237,0.42565947242206237,27998.0,727174.0,727174.0,20.0,7.0,GUARDIAN SVGS BK,1318382.0,1129095.0,3828018.0,1318382.0,GUARDIAN SAVINGS BANK,39.0,SSB,True,1318382.0,8.138160493827161,SI,11761.0,27998_20241231,0.1826060532280382,1.834189467395179,162.0,11.87215595299996,1.135202689081537,5.0,OH,True
549300ENNFGLHCMQ1U82,2025,1001,931,70,0.9300699300699301,0.06993006993006994,0.0,0.5854145854145855,0.0,0.4145854145854146,0.5854145854145855,0.5854145854145854,27998.0,727174.0,727174.0,20.0,7.0,GUARDIAN SVGS BK,1356947.0,1318382.0,3828018.0,1356947.0,GUARDIAN SAVINGS BANK,39.0,SSB,True,1356947.0,8.223921212121212,SI,13692.0,27998_20251231,0.2580417108518911,1.850048627465937,165.0,11.481873093961434,1.6752191811516128,5.0,OH,True
549300ESRQ6OLBB56N04,2023,1351,1163,188,0.8608438193930422,0.1391561806069578,0.533678756476684,0.16654330125832717,0.0,0.2997779422649889,0.7002220577350111,0.7024426350851221,30788.0,2634191.0,2634191.0,10.0,7.0,GLACIER BK,27724419.0,26612483.0,2003975.0,27742629.0,GLACIER BANK,30.0,NMB,True,27724419.0,8.434566169759659,NM,300096.0,30788_20231231,0.1488117540562582,1.885532618875372,3287.0,8.813017072430736,0.8492305557508428,4.0,MT,True
549300ESRQ6OLBB56N04,2024,1459,1227,232,0.8409869773817683,0.15901302261823166,0.6148046607265251,0.18231665524331733,0.0,0.20287868403015763,0.7971213159698424,0.7998629198080878,30788.0,2634191.0,2634191.0,10.0,7.0,GLACIER BK,27886112.0,27724419.0,2003975.0,27902987.0,GLACIER BANK,30.0,NMB,True,27886112.0,8.122957180308768,NM,326262.0,30788_20241231,0.1539296911015837,2.0536167524230127,3433.0,8.771787268813464,0.7258959738790802,4.0,MT,True
549300ESRQ6OLBB56N04,2025,1550,1329,221,0.8574193548387097,0.14258064516129032,0.6438709677419355,0.10838709677419354,0.0,0.24774193548387097,0.7522580645161291,0.7554838709677419,30788.0,2634191.0,2634191.0,10.0,7.0,GLACIER BK,31955659.0,27886112.0,2003975.0,31978063.0,GLACIER BANK,30.0,NMB,True,31955659.0,7.832269362745098,NM,381232.0,30788_20251231,0.3266278379978578,2.232310832908956,4080.0,9.329771948703035,0.8973055187134905,4.0,MT,True
549300F04B6FGYBJY412,2023,580,472,108,0.8137931034482758,0.18620689655172415,0.13448275862068965,0.38448275862068965,0.0,0.4810344827586207,0.5189655172413793,0.5189655172413793,17323.0,707354.0,707354.0,10.0,7.0,FIRST ST CMNTY BK,3977265.0,3866130.0,1099917.0,3986660.0,FIRST STATE COMMUNITY BANK,29.0,NMB,True,3977265.0,5.72268345323741,NM,51317.0,17323_20231231,0.2426260525110633,2.399418207483583,695.0,11.275869749975346,1.5034296885822604,4.0,MO,True
549300F04B6FGYBJY412,2024,520,418,102,0.8038461538461539,0.19615384615384615,0.03653846153846154,0.5326923076923077,0.0,0.4307692307692308,0.5692307692307692,0.5711538461538461,17323.0,707354.0,707354.0,10.0,7.0,FIRST ST CMNTY BK,4217547.0,3977265.0,1099917.0,4227869.0,FIRST STATE COMMUNITY BANK,29.0,NMB,True,4217547.0,5.948585331452751,NM,54954.0,17323_20241231,0.3119800732210542,2.4941507509116696,709.0,11.609915242394846,1.581727696604038,4.0,MO,True
549300F04B6FGYBJY412,2025,640,547,93,0.8546875,0.1453125,0.021875,0.53125,0.0,0.446875,0.553125,0.553125,17323.0,707354.0,707354.0,10.0,7.0,FIRST ST CMNTY BK,4469173.0,4217547.0,1099917.0,4482168.0,FIRST STATE COMMUNITY BANK,29.0,NMB,True,4469173.0,6.233156206415621,NM,58218.0,17323_20251231,0.5809067110623252,2.486153345841408,717.0,11.799362219590952,1.7437243985898978,4.0,MO,True
549300F570XAWYN8Z237,2025,582,550,32,0.9450171821305842,0.054982817869415807,0.08762886597938144,0.012027491408934709,0.0,0.9003436426116839,0.09965635738831614,0.09965635738831613,26610.0,671464.0,671464.0,10.0,7.0,BANK OF HOPE,18526390.0,17048804.0,2961879.0,18532068.0,BANK OF HOPE,6.0,NMB,True,18526390.0,12.91037630662021,NM,231964.0,26610_20251231,1.022956782892411,2.1130239382490985,1435.0,10.931367664788342,0.421495281426142,4.0,CA,True
549300FHGNOLF14HHS09,2025,503,482,21,0.9582504970178927,0.041749502982107355,0.5089463220675944,0.31610337972166996,0.0,0.1749502982107356,0.8250497017892644,0.8250497017892644,17870.0,758703.0,758703.0,10.0,7.0,CAMBRIDGE SVG BK,6937271.0,6876590.0,2687795.0,6940344.0,CAMBRIDGE SAVINGS BANK,25.0,NMB,True,6937271.0,14.215719262295082,NM,87827.0,17870_20251231,0.7899361265662436,2.125834885119906,488.0,10.066700531517164,0.969594464157387,4.0,MA,True
549300FK3AFCFVAPH234,2023,2325,2283,42,0.9819354838709677,0.01806451612903226,0.730752688172043,0.2679569892473118,0.0,0.0012903225806451613,0.9987096774193548,0.9987096774193548,57134.0,3109146.0,3109146.0,10.0,7.0,LEADER BK NA,4434341.0,3907360.0,3439236.0,4436078.0,LEADER BANK NA,25.0,NAT,True,4434341.0,12.115685792349728,N,46074.0,57134_20231231,0.028289382924738,1.6579843567672032,366.0,11.685336986884606,0.4243247355071196,4.0,MA,True
549300FK3AFCFVAPH234,2024,3172,3104,68,0.978562421185372,0.021437578814627996,0.6812736443883984,0.3155737704918033,0.0,0.0031525851197982345,0.9968474148802018,0.9968474148802018,57134.0,3109146.0,3109146.0,10.0,7.0,LEADER BK NA,4596441.0,4434341.0,3439236.0,4598280.0,LEADER BANK NA,25.0,NAT,True,4596441.0,11.75560358056266,N,51945.0,57134_20241231,0.0289740675504416,1.721220689827215,391.0,11.53143566857746,0.5340850098313819,4.0,MA,True
549300FK3AFCFVAPH234,2025,3433,3381,52,0.9848528983396446,0.015147101660355374,0.6478298863967376,0.34780075735508303,0.0,0.004369356248179435,0.9956306437518205,0.9956306437518205,57134.0,3109146.0,3109146.0,10.0,7.0,LEADER BK NA,5031931.0,4596441.0,3439236.0,5034248.0,LEADER BANK NA,25.0,NAT,True,5031931.0,11.514716247139589,N,62700.0,57134_20251231,0.0317965560807536,1.897577753917269,437.0,11.342496290806398,0.7458633359013712,4.0,MA,True
549300FVJ3IB88LTR841,2023,694,665,29,0.9582132564841499,0.04178674351585014,0.7521613832853026,0.11527377521613832,0.0,0.13256484149855907,0.8674351585014409,0.8674351585014409,16191.0,651859.0,651859.0,10.0,7.0,STOCKMAN BK OF MT,6331965.0,6029685.0,1126046.0,6356567.0,STOCKMAN BANK OF MONTANA,30.0,NMB,True,6331965.0,8.086800766283526,NM,73961.0,16191_20231231,0.2537224721926531,1.9504591959710087,783.0,9.41175402653564,1.1514696345059043,4.0,MT,True
549300FVJ3IB88LTR841,2024,640,619,21,0.9671875,0.0328125,0.7171875,0.1796875,0.0,0.103125,0.896875,0.8984375,16191.0,651859.0,651859.0,10.0,7.0,STOCKMAN BK OF MT,6880929.0,6331965.0,1126046.0,6899331.0,STOCKMAN BANK OF MONTANA,30.0,NMB,True,6880929.0,8.381155907429964,NM,81547.0,16191_20241231,0.4691955996764049,2.051150182164246,821.0,9.346898685650483,1.5168029601782378,4.0,MT,True
549300FVJ3IB88LTR841,2025,671,659,12,0.9821162444113264,0.01788375558867362,0.6810730253353204,0.15499254843517138,0.0,0.16393442622950818,0.8360655737704918,0.8360655737704918,16191.0,651859.0,651859.0,10.0,7.0,STOCKMAN BK OF MT,7583294.0,6880929.0,1126046.0,7603263.0,STOCKMAN BANK OF MONTANA,30.0,NMB,True,7583294.0,8.588101925254813,NM,89632.0,16191_20251231,0.6570763174141802,2.083750075314816,883.0,9.641842740716347,1.8710823004866224,4.0,MT,True
549300GCEP3NM7A1X491,2023,1236,1083,153,0.8762135922330098,0.12378640776699029,0.0016181229773462784,0.0,0.0,0.9983818770226537,0.0016181229773462784,0.0016181229773463146,31945.0,677176.0,677176.0,20.0,7.0,TRUSTCO BK,6167505.0,5999551.0,1048513.0,6168423.0,TRUSTCO BANK,36.0,FSB,True,6167505.0,8.201469414893618,SB,50276.0,31945_20231231,0.3529790778656417,1.8176674148187373,752.0,10.3914292036446,0.9927148942072016,5.0,NY,True
549300GCEP3NM7A1X491,2024,838,752,86,0.8973747016706444,0.1026252983293556,0.0,0.002386634844868735,0.0,0.9976133651551312,0.002386634844868735,0.0035799522673031214,31945.0,677176.0,677176.0,20.0,7.0,TRUSTCO BK,6239398.0,6167505.0,1048513.0,6239398.0,TRUSTCO BANK,36.0,FSB,True,6239398.0,8.465940298507462,SB,48149.0,31945_20241231,0.3687372910076819,1.7195419680185908,737.0,10.576225967358097,0.8057623730205122,5.0,NY,True
549300GCEP3NM7A1X491,2025,962,890,72,0.9251559251559252,0.07484407484407485,0.0,0.0,0.0,1.0,0.0,0.0,31945.0,677176.0,677176.0,20.0,7.0,TRUSTCO BK,6440470.0,6239398.0,1048513.0,6440700.0,TRUSTCO BANK,36.0,FSB,True,6440470.0,8.668196500672948,SB,48739.0,31945_20251231,0.3947674042258294,1.6665831582994803,743.0,8.125694482340277,0.9742415104232474,5.0,NY,True
549300GG5XNEIGHQTG04,2023,784,763,21,0.9732142857142857,0.026785714285714284,0.8201530612244898,0.13392857142857142,0.0,0.04591836734693878,0.9540816326530612,0.9540816326530612,26185.0,582953.0,582953.0,10.0,7.0,CHARTER WEST BK,444148.0,415343.0,1132579.0,444148.0,CHARTER WEST BANK,31.0,SMB,True,444148.0,3.2899851851851856,SM,14810.0,26185_20231231,0.2219129649828863,4.91245947929882,135.0,9.167501082640406,1.1161933576035268,2.0,NE,True
549300GG5XNEIGHQTG04,2024,759,722,37,0.9512516469038208,0.048748353096179184,0.8511198945981555,0.09749670619235837,0.0,0.05138339920948617,0.9486166007905139,0.9486166007905138,26185.0,582953.0,582953.0,10.0,7.0,CHARTER WEST BK,467824.0,444148.0,1132579.0,467824.0,CHARTER WEST BANK,31.0,SMB,True,467824.0,3.226372413793104,SM,16431.0,26185_20241231,0.3642824931072567,5.116371692213302,145.0,9.431035966270866,1.276315009708535,2.0,NE,True
549300GG5XNEIGHQTG04,2025,935,893,42,0.9550802139037433,0.044919786096256686,0.8438502673796792,0.09304812834224599,0.0,0.06310160427807486,0.9368983957219251,0.9368983957219251,26185.0,582953.0,582953.0,10.0,7.0,CHARTER WEST BK,508166.0,467824.0,1132579.0,508166.0,CHARTER WEST BANK,31.0,SMB,True,508166.0,3.2997792207792207,SM,19289.0,26185_20251231,0.2290140811081482,5.5318727832180885,154.0,9.33130189150384,1.3657206922172425,2.0,NE,True
549300GRGZDEH4ZGQS06,2023,3319,3200,119,0.9641458270563422,0.035854172943657725,0.504368785778849,0.4658029526965954,0.0,0.029828261524555588,0.9701717384754445,0.9701717384754445,28513.0,3429509.0,310978.0,21.0,7.0,WATERSTONE BK,2210278.0,2027068.0,4523431.0,2210580.0,WATERSTONE MORTGAGE CORPORATIO,55.0,SSB,True,2210278.0,3.166587392550144,SI,84969.0,28513_20231231,0.2628459967373858,5.541499471977747,698.0,15.616300777190627,0.4154108721237061,4.0,WI,True
549300GRGZDEH4ZGQS06,2024,3461,3358,103,0.9702398150823461,0.029760184917653858,0.5524414908985842,0.41346431667148226,0.0,0.03409419242993354,0.9659058075700664,0.9659058075700665,28513.0,3429509.0,310978.0,21.0,7.0,WATERSTONE BK,2207930.0,2210278.0,4523431.0,2208224.0,WATERSTONE MORTGAGE CORPORATIO,55.0,SSB,True,2207930.0,3.679883333333333,SI,81671.0,28513_20241231,0.3118660489902201,4.9832594362064695,600.0,15.549978077426218,0.8205474711332499,4.0,WI,True
549300GRGZDEH4ZGQS06,2025,2988,2940,48,0.9839357429718876,0.01606425702811245,0.5234270414993306,0.45147255689424365,0.0,0.025100401606425703,0.9748995983935742,0.9748995983935743,28513.0,3429509.0,310978.0,21.0,7.0,WATERSTONE BK,2259133.0,2207930.0,4523431.0,2259439.0,WATERSTONE MORTGAGE CORPORATIO,55.0,SSB,True,2259133.0,3.809667790893761,SI,80101.0,28513_20251231,0.3391722220421848,4.94143033872003,593.0,15.42962098151753,1.172082844144507,4.0,WI,True
549300GS0W0TEUQS8571,2023,4216,4137,79,0.9812618595825426,0.018738140417457305,0.0,0.0,0.0,1.0,0.0,0.0,34221.0,2489805.0,2489805.0,10.0,7.0,MORGAN STANLEY PRIV BK NA,203313000.0,209664000.0,2961897.0,412319000.0,MORGAN STANLEY PRIVATE BANK NA,36.0,NAT,True,203313000.0,159.96302124311566,N,314000.0,34221_20231231,0.2005567695393181,0.5505873263359957,1271.0,7.478543171236672,1.0897248258132863,9.0,NY,True
549300GS0W0TEUQS8571,2024,4039,3959,80,0.9801931171081951,0.019806882891804902,0.0,0.0,0.0,1.0,0.0,0.0,34221.0,2489805.0,2489805.0,10.0,7.0,MORGAN STANLEY PRIV BK NA,221306000.0,203313000.0,2961897.0,452018000.0,MORGAN STANLEY PRIVATE BANK NA,36.0,NAT,True,221306000.0,173.43730407523512,N,313000.0,34221_20241231,0.3277057869707994,0.4874501906269882,1276.0,7.715375217503979,0.9835108851119604,9.0,NY,True
549300GS0W0TEUQS8571,2025,3848,3771,77,0.979989604989605,0.02001039501039501,0.0,0.0,0.0,1.0,0.0,0.0,34221.0,2489805.0,2489805.0,10.0,7.0,MORGAN STANLEY PRIV BK NA,254706000.0,221306000.0,2961897.0,508054000.0,MORGAN STANLEY PRIVATE BANK NA,36.0,NAT,True,254706000.0,195.6267281105991,N,345000.0,34221_20251231,0.2465737714318481,0.452328106809006,1302.0,6.987876853718344,1.0986934823902668,9.0,NY,True
549300GS6ONO04ORI292,2023,500,480,20,0.96,0.04,0.564,0.434,0.0,0.002,0.998,0.998,57033.0,2954497.0,2954497.0,10.0,7.0,WILLAMETTE VALLEY BK,395937.0,401943.0,3823198.0,395937.0,WILLAMETTE VALLEY BANK,41.0,NMB,True,395937.0,2.890051094890511,NM,18095.0,57033_20231231,0.3436949854746101,6.851937942536801,137.0,18.55523476370885,0.9593724849037314,4.0,OR,True
549300GWD9H4FQ2VR805,2023,664,614,50,0.9246987951807228,0.07530120481927711,0.572289156626506,0.0,0.0,0.42771084337349397,0.572289156626506,0.572289156626506,57565.0,3212149.0,3212149.0,20.0,7.0,UBS BK USA,114334131.0,120987397.0,4795461.0,114334131.0,UBS BANK USA,49.0,NMB,True,114334131.0,163.5681416309013,NM,170262.0,57565_20231231,0.0406384744113285,0.4543004514357501,699.0,9.20283824772525,1.3153815739813062,6.0,UT,True
549300GWD9H4FQ2VR805,2024,569,548,21,0.9630931458699473,0.03690685413005272,0.14235500878734622,0.0,0.0,0.8576449912126538,0.14235500878734622,0.1423550087873462,57565.0,3212149.0,3212149.0,20.0,7.0,UBS BK USA,119112431.0,114334131.0,4795461.0,119112431.0,UBS BANK USA,49.0,NMB,True,119112431.0,193.05094165316044,NM,150294.0,57565_20241231,0.1036901188531323,0.4298993509890169,617.0,9.029809123171082,1.2290506530822254,9.0,UT,True
549300GWD9H4FQ2VR805,2025,945,905,40,0.9576719576719577,0.042328042328042326,0.091005291005291,0.0,0.0,0.908994708994709,0.091005291005291,0.09100529100529098,57565.0,3212149.0,3212149.0,20.0,7.0,UBS BK USA,119317920.0,119112431.0,4795461.0,119317920.0,UBS BANK USA,49.0,NMB,True,119317920.0,186.72600938967136,NM,167209.0,57565_20251231,0.1173595801666752,0.4660090603405416,639.0,8.79034112776512,1.129606790546526,9.0,UT,True
549300GY4NTTEM7WWB64,2023,3603,3495,108,0.9700249791840133,0.02997502081598668,0.6272550652234249,0.3671940049958368,0.0,0.005550929780738274,0.9944490702192617,0.9944490702192618,13303.0,244149.0,244149.0,10.0,7.0,BANK OF ENGLAND,412782.0,441843.0,2795083.0,412782.0,BANK OF ENGLAND,5.0,NMB,True,412782.0,0.6225972850678733,NM,82068.0,13303_20231231,2.1439070734592907,25.49931889431578,663.0,13.378422322204264,-2.746627779142305,8.0,AR,True
549300GY4NTTEM7WWB64,2024,1643,1574,69,0.9580036518563603,0.041996348143639686,0.6488131466828971,0.3414485696895922,0.0,0.009738283627510651,0.9902617163724894,0.9902617163724894,13303.0,244149.0,244149.0,10.0,7.0,BANK OF ENGLAND,373007.0,412782.0,2795083.0,373007.0,BANK OF ENGLAND,5.0,NMB,True,373007.0,1.7268842592592593,NM,55323.0,13303_20241231,3.1350199076847183,18.558610575886316,216.0,17.22785876255264,-0.1771203532800538,2.0,AR,True
549300H8H31LPYGJEW50,2023,743,689,54,0.927321668909825,0.07267833109017496,0.8977119784656796,0.10228802153432032,0.0,0.0,1.0,1.0,23296.0,3437821.0,618807.0,11.0,7.0,SALEM FIVE CENTS SVG BK,7291012.0,6619741.0,3365858.0,7291012.0,SALEM FIVE MORTGAGE COMPANY LL,25.0,NMB,True,7291012.0,11.148336391437308,NM,87534.0,23296_20231231,0.2425321670730188,1.92312908633583,654.0,10.733222910639288,0.9138437535158233,4.0,MA,True
549300H8H31LPYGJEW50,2024,876,805,71,0.9189497716894978,0.08105022831050228,0.8767123287671232,0.12214611872146118,0.0,0.001141552511415525,0.9988584474885844,0.9988584474885844,23296.0,3437821.0,618807.0,11.0,7.0,SALEM FIVE CENTS SVG BK,7844697.0,7291012.0,3365858.0,7844697.0,SALEM FIVE MORTGAGE COMPANY LL,25.0,NMB,True,7844697.0,12.068764615384616,NM,93412.0,23296_20241231,0.2074695062104955,1.86790713051282,650.0,10.75949457887681,0.7164648011916344,4.0,MA,True
549300H8H31LPYGJEW50,2025,885,822,63,0.9288135593220339,0.0711864406779661,0.9333333333333333,0.06440677966101695,0.0,0.0022598870056497176,0.9977401129943503,0.9977401129943503,23296.0,3437821.0,618807.0,11.0,7.0,SALEM FIVE CENTS SVG BK,8538245.0,7844697.0,3365858.0,8538245.0,SALEM FIVE MORTGAGE COMPANY LL,25.0,NMB,True,8538245.0,13.3410078125,NM,98765.0,23296_20251231,0.3756311079822406,1.7908493993536685,640.0,10.283198248825196,0.8942520654645347,4.0,MA,True
549300H8JJI69WD7I525,2024,651,615,36,0.9447004608294931,0.055299539170506916,0.946236559139785,0.026113671274961597,0.0,0.027649769585253458,0.9723502304147466,0.9723502304147466,12982.0,542528.0,542528.0,10.0,7.0,CIVISTA BK,4089119.0,3842524.0,1246533.0,4098470.0,CIVISTA BANK,39.0,SMB,True,4089119.0,7.878842003853565,SM,61380.0,12982_20241231,1.0115529568658244,2.814126396298615,519.0,9.61705591825552,0.8949586196838321,4.0,OH,True
549300H8JJI69WD7I525,2025,633,610,23,0.9636650868878357,0.036334913112164295,0.9146919431279621,0.026856240126382307,0.0,0.05845181674565561,0.9415481832543444,0.9415481832543444,12982.0,542528.0,542528.0,10.0,7.0,CIVISTA BK,4326380.0,4089119.0,1246533.0,4336453.0,CIVISTA BANK,39.0,SMB,True,4326380.0,7.909287020109689,SM,58437.0,12982_20251231,0.9549539763202172,2.697519528781204,547.0,12.28896927130068,1.2182903547702593,4.0,OH,True
549300HFBEONQN2CK447,2023,3253,3080,173,0.9468183215493391,0.05318167845066093,0.004918536735321242,0.340608668920996,0.0,0.6544727943436828,0.3455272056563172,0.3458346142022748,32296.0,911973.0,911973.0,20.0,7.0,UNION SVG BK,3923651.0,3307068.0,911973.0,3923651.0,UNION SAVINGS BANK,39.0,SAL,True,3923651.0,7.459412547528518,SL,45058.0,32296_20231231,0.2567430900920626,1.947754150978676,526.0,10.414300893072587,1.2050755512971012,5.0,OH,True
549300HFBEONQN2CK447,2024,3041,2920,121,0.9602104570864847,0.03978954291351529,0.014140085498191384,0.4505097007563302,0.0,0.5353502137454784,0.4646497862545216,0.46497862545215385,32296.0,911973.0,911973.0,20.0,7.0,UNION SVG BK,3903720.0,3923651.0,911973.0,3903720.0,UNION SAVINGS BANK,39.0,SAL,True,3903720.0,7.580038834951456,SL,46131.0,32296_20241231,0.3345591493776235,1.989100450605412,515.0,10.47876995204777,0.82732361232126,5.0,OH,True
549300HFBEONQN2CK447,2025,3131,3020,111,0.9645480677099968,0.035451932290003194,0.016288725646758224,0.5812839348450974,0.0,0.40242733950814435,0.5975726604918556,0.597892047269243,32296.0,911973.0,911973.0,20.0,7.0,UNION SVG BK,4044411.0,3903720.0,911973.0,4044411.0,UNION SAVINGS BANK,39.0,SAL,True,4044411.0,8.22034756097561,SL,50876.0,32296_20251231,0.5082752459355646,1.98737631310134,492.0,10.30042864476967,1.6541932152379344,5.0,OH,True
549300HGDJQ37M5BE268,2023,504,482,22,0.9563492063492064,0.04365079365079365,0.49206349206349204,0.4146825396825397,0.0,0.09325396825396826,0.9067460317460317,0.9166666666666666,3664.0,925037.0,925037.0,10.0,7.0,INB NA,2167826.0,1820094.0,1208054.0,2167826.0,"INB, NATIONAL ASSOCIATION",17.0,NAT,True,2167826.0,7.527173611111111,N,28805.0,3664_20231231,0.210390176103538,2.3391102335294187,288.0,9.514878879467338,0.910562955386518,4.0,IL,True
549300HGDJQ37M5BE268,2024,540,524,16,0.9703703703703703,0.02962962962962963,0.47962962962962963,0.46111111111111114,0.0,0.05925925925925926,0.9407407407407408,0.9425925925925926,3664.0,925037.0,925037.0,10.0,7.0,INB NA,2411933.0,2167826.0,1208054.0,2411933.0,"INB, NATIONAL ASSOCIATION",17.0,NAT,True,2411933.0,8.17604406779661,N,30624.0,3664_20241231,0.3921484570764832,2.3079385010272477,295.0,9.4050510583976,0.8397924427779042,4.0,IL,True
549300HGDJQ37M5BE268,2025,547,539,8,0.9853747714808044,0.014625228519195612,0.5630712979890311,0.37294332723948814,0.0,0.06398537477148081,0.9360146252285193,0.9378427787934186,3664.0,925037.0,925037.0,10.0,7.0,INB NA,2516959.0,2411933.0,1208054.0,2516959.0,"INB, NATIONAL ASSOCIATION",17.0,NAT,True,2516959.0,8.225356209150327,N,34796.0,3664_20251231,0.8698049604638691,2.429108318458148,306.0,9.746637773825247,1.1775208412338425,4.0,IL,True
549300IFOE4SCP384147,2023,758,754,4,0.9947229551451188,0.005277044854881266,0.5184696569920845,0.4472295514511873,0.0,0.03430079155672823,0.9656992084432718,0.9656992084432717,14587.0,137652.0,137652.0,10.0,7.0,UNIVERSITY BK,909718.0,781550.0,1496253.0,909718.0,UNIVERSITY BANK,26.0,NMB,True,909718.0,1.9031757322175733,NM,54328.0,14587_20231231,0.6016137021201207,9.565713387603733,478.0,10.054785983399904,1.0207647459123428,5.0,MI,True
549300IFOE4SCP384147,2024,707,700,7,0.9900990099009901,0.009900990099009901,0.4016973125884017,0.5572842998585573,0.0,0.04101838755304102,0.958981612446959,0.9632248939179632,14587.0,137652.0,137652.0,10.0,7.0,UNIVERSITY BK,956188.0,909718.0,1496253.0,980093.0,UNIVERSITY BANK,26.0,NMB,True,956188.0,1.817847908745247,NM,58318.0,14587_20241231,0.1481615257666794,9.37894494095588,526.0,10.398217180578188,1.2920188902650036,5.0,MI,True
549300IFOE4SCP384147,2025,792,779,13,0.9835858585858586,0.016414141414141416,0.476010101010101,0.476010101010101,0.0,0.047979797979797977,0.952020202020202,0.952020202020202,14587.0,137652.0,137652.0,10.0,7.0,UNIVERSITY BK,1110261.0,956188.0,1496253.0,1146935.0,UNIVERSITY BANK,26.0,NMB,True,1110261.0,2.1228699808795413,NM,66454.0,14587_20251231,0.4263940329062327,9.511892143133316,523.0,10.115709286298165,1.1308047444576663,5.0,MI,True
549300IKNQI45EOJU155,2023,1005,958,47,0.9532338308457712,0.046766169154228855,0.6885572139303483,0.11044776119402985,0.0,0.2009950248756219,0.7990049751243782,0.7990049751243781,9622.0,3467828.0,876634.0,11.0,7.0,CAPITAL CITY BK,4298014.0,4520223.0,1085509.0,4634512.0,"CAPITAL CITY HOME LOANS, LLC",12.0,SMB,True,4298014.0,5.475177070063695,SM,87184.0,9622_20231231,0.2259851006234683,3.569173377623045,785.0,9.308112763869042,1.2701348828472598,4.0,FL,True
549300IKNQI45EOJU155,2024,927,897,30,0.9676375404530745,0.032362459546925564,0.8230852211434736,0.14455231930960086,0.0,0.032362459546925564,0.9676375404530745,0.9676375404530745,9622.0,3467828.0,876634.0,11.0,7.0,CAPITAL CITY BK,4325392.0,4298014.0,1085509.0,4714136.0,"CAPITAL CITY HOME LOANS, LLC",12.0,SMB,True,4325392.0,5.632020833333333,SM,92488.0,9622_20241231,0.2351297765632846,3.72012355604372,768.0,9.671823203365191,1.3474618438489767,4.0,FL,True
549300IKNQI45EOJU155,2025,867,845,22,0.9746251441753172,0.025374855824682813,0.8558246828143022,0.09688581314878893,0.0,0.04728950403690888,0.9527104959630912,0.9527104959630911,9622.0,3467828.0,876634.0,11.0,7.0,CAPITAL CITY BK,4383270.0,4325392.0,1085509.0,4827850.0,"CAPITAL CITY HOME LOANS, LLC",12.0,SMB,True,4383270.0,4.703079399141632,SM,98585.0,9622_20251231,0.3347206358095391,3.821328805840174,932.0,10.061143552838478,1.4566395973503932,4.0,FL,True
549300INFJ8TYNZ1G568,2024,932,869,63,0.9324034334763949,0.06759656652360516,0.0,0.0,0.0,1.0,0.0,0.0,57450.0,3150447.0,3150447.0,20.0,7.0,CHARLES SCHWAB BK SSB,275425000.0,304549000.0,1238565.0,720290394.0,"CHARLES SCHWAB BANK, SSB",48.0,SMB,True,275425000.0,275.97695390781564,SM,174000.0,57450_20241231,0.0792141951837769,0.3417852654461465,998.0,11.608081196718215,0.2876515743351109,5.0,TX,True
549300INFJ8TYNZ1G568,2025,1490,1425,65,0.9563758389261745,0.0436241610738255,0.0,0.0,0.0,1.0,0.0,0.0,57450.0,3150447.0,3150447.0,20.0,7.0,CHARLES SCHWAB BK SSB,253772000.0,275425000.0,1026632.0,490995000.0,"CHARLES SCHWAB BANK, SSB",48.0,SMB,True,253772000.0,238.7318908748824,SM,194000.0,57450_20251231,0.0785603361651594,0.3370101149895694,1063.0,11.124558988719604,0.9387859981864716,5.0,TX,True
549300INKSPQCTELMO58,2024,560,541,19,0.9660714285714286,0.033928571428571426,0.6375,0.3125,0.0,0.05,0.95,0.95,5116.0,311256.0,311256.0,10.0,7.0,GRANITE BK,306496.0,292035.0,1247969.0,306496.0,GRANITE BANK,27.0,NMB,True,306496.0,2.2371970802919705,NM,13343.0,5116_20241231,0.4097716505377551,6.796774785912861,137.0,8.161551431210796,0.7853168947056524,4.0,MN,True
549300INKSPQCTELMO58,2025,1257,1206,51,0.9594272076372315,0.0405727923627685,0.6929196499602227,0.28082736674622116,0.0,0.026252983293556086,0.9737470167064439,0.9737470167064439,5116.0,311256.0,311256.0,10.0,7.0,GRANITE BK,350736.0,306496.0,1247969.0,350736.0,GRANITE BANK,27.0,NMB,True,350736.0,1.4374426229508197,NM,29322.0,5116_20251231,0.7057944695593936,13.457914082958816,244.0,8.201819148307838,0.9377506097214092,4.0,MN,True
549300IQ5NY7CSJLZW53,2024,522,472,50,0.9042145593869731,0.09578544061302682,0.8869731800766284,0.0,0.0,0.11302681992337164,0.8869731800766284,0.8869731800766284,3973.0,77851.0,77851.0,10.0,7.0,FIRST B&T,4684374.0,4701349.0,1123072.0,4686505.0,FIRST BANK & TRUST,46.0,NMB,True,4684374.0,6.740106474820144,NM,78051.0,3973_20241231,0.1630149080713862,2.5378024961932963,695.0,9.940036541918728,1.1417549090016534,4.0,SD,True
549300IQVXIW1VTW0D69,2023,1503,1479,24,0.9840319361277445,0.015968063872255488,0.8489687292082502,0.0,0.0,0.15103127079174983,0.8489687292082502,0.8489687292082502,33440.0,1867983.0,1867983.0,10.0,7.0,CITIZENS FIRST BK,3726803.0,3828547.0,2012315.0,3726803.0,CITIZENS FIRST BANK,12.0,NMB,True,3726803.0,9.680007792207793,NM,34246.0,33440_20231231,0.1129055216946827,1.663497690868199,385.0,12.164693203572298,1.158294633199993,9.0,FL,True
549300IQVXIW1VTW0D69,2024,1398,1373,25,0.9821173104434907,0.0178826895565093,0.8261802575107297,0.0,0.0,0.17381974248927037,0.8261802575107297,0.8261802575107297,33440.0,1867983.0,1867983.0,10.0,7.0,CITIZENS FIRST BK,3987481.0,3726803.0,2012315.0,3987481.0,CITIZENS FIRST BANK,12.0,NMB,True,3987481.0,10.198161125319691,NM,34165.0,33440_20241231,0.1762483228665822,1.63187601634509,391.0,12.496896886534836,1.028735972805154,9.0,FL,True
549300IQVXIW1VTW0D69,2025,1439,1420,19,0.9867963863794301,0.01320361362056984,0.8200138985406532,0.0,0.0,0.17998610145934676,0.8200138985406532,0.8200138985406532,131.0,1867983.0,34537.0,10.0,7.0,SEACOAST NB,20830874.0,15167038.0,1085013.0,20842331.0,CITIZENS FIRST BANK,12.0,NAT,True,20830874.0,10.776448008277288,N,216570.0,131_20251231,0.571333395706723,2.386940379441396,1933.0,9.694335570843108,0.9056616885722036,4.0,FL,True
549300IRXW9RSZM2B951,2023,1007,956,51,0.9493545183714002,0.0506454816285998,0.5531281032770605,0.2939424031777557,0.0,0.1529294935451837,0.8470705064548163,0.8510427010923536,1299.0,592448.0,592448.0,10.0,7.0,EVOLVE B&TC,1431947.0,1747013.0,1142411.0,1431947.0,EVOLVE BANK & TRUST,5.0,SMB,True,1431947.0,3.059715811965812,SM,58669.0,1299_20231231,0.4386053078708689,6.809615840995613,468.0,10.39297554030935,1.5588033626833937,4.0,AR,True
549300IRXW9RSZM2B951,2024,683,656,27,0.9604685212298683,0.03953147877013177,0.43923865300146414,0.5329428989751098,0.0,0.027818448023426062,0.972181551976574,0.972181551976574,1299.0,592448.0,592448.0,10.0,7.0,EVOLVE B&TC,1812062.0,1431947.0,1142411.0,1812062.0,EVOLVE BANK & TRUST,5.0,SMB,True,1812062.0,3.624124,SM,58062.0,1299_20241231,0.8994151349459275,7.694109475376014,500.0,10.043670276767548,0.6321066731878372,4.0,AR,True
549300IVURCTJ6QVMD67,2023,1797,1651,146,0.9187534780189204,0.08124652198107958,0.1547022815804118,0.30272676683361155,0.0,0.5425709515859767,0.4574290484140233,0.4574290484140233,3066.0,470050.0,470050.0,10.0,7.0,FIRST FNCL BK NA,13046223.0,12922116.0,1102312.0,13105594.0,"FIRST FINANCIAL BANK, NA",48.0,NAT,True,13046223.0,9.332062231759656,N,116382.0,3066_20231231,0.4829930519752569,1.6561205525100848,1398.0,10.75389198099539,1.4308166165378864,4.0,TX,True
549300IVURCTJ6QVMD67,2024,1701,1584,117,0.9312169312169312,0.06878306878306878,0.14344503233392122,0.31099353321575546,0.0,0.5455614344503233,0.45443856554967665,0.45443856554967665,3066.0,470050.0,470050.0,10.0,7.0,FIRST FNCL BK,13925288.0,13046223.0,1102312.0,13989694.0,FIRST FINANCIAL BANK,48.0,SMB,True,13925288.0,9.84119293286219,SM,133236.0,3066_20241231,0.7854359865946804,1.762661678483388,1415.0,11.531007021824747,1.5529772964164128,4.0,TX,True
549300IVURCTJ6QVMD67,2025,1605,1493,112,0.9302180685358256,0.06978193146417445,0.18317757009345795,0.30778816199376946,0.0,0.5090342679127726,0.4909657320872274,0.4909657320872274,3066.0,470050.0,470050.0,10.0,7.0,FIRST FNCL BK,15381581.0,13925288.0,1102312.0,15446477.0,FIRST FINANCIAL BANK,48.0,SMB,True,15381581.0,10.492210777626196,SM,151395.0,3066_20251231,0.6840517818845472,1.8444257951577896,1466.0,11.427584830880267,1.6375454963958875,4.0,TX,True
549300JEBULFT3BSU682,2023,921,839,82,0.9109663409337676,0.08903365906623235,0.12269272529858849,0.7361563517915309,0.0,0.14115092290988057,0.8588490770901194,0.8588490770901194,18408.0,419406.0,419406.0,20.0,7.0,BANGOR SVG BK,7260613.0,7377141.0,3547999.0,7274044.0,BANGOR SAVINGS BANK,23.0,SSB,True,7260613.0,6.928065839694657,SI,111124.0,18408_20231231,0.0762417181346579,2.648145102812716,1048.0,7.37203936894806,0.2457744383974511,4.0,ME,True
549300JEBULFT3BSU682,2024,1040,957,83,0.9201923076923076,0.0798076923076923,0.06634615384615385,0.7980769230769231,0.0,0.13557692307692307,0.864423076923077,0.864423076923077,18408.0,419406.0,419406.0,20.0,7.0,BANGOR SVG BK,7237664.0,7260613.0,3547999.0,7251596.0,BANGOR SAVINGS BANK,23.0,SSB,True,7237664.0,6.627897435897435,SI,116835.0,18408_20241231,0.1313708321509755,2.838070472816161,1092.0,7.62075707291427,0.1705758062148185,4.0,ME,True
549300JEBULFT3BSU682,2025,1150,1048,102,0.9113043478260869,0.08869565217391304,0.18,0.6747826086956522,0.0,0.14521739130434783,0.8547826086956523,0.8547826086956521,18408.0,419406.0,419406.0,20.0,7.0,BANGOR SVG BK,7354239.0,7237664.0,3547999.0,7367952.0,BANGOR SAVINGS BANK,23.0,SSB,True,7354239.0,6.490943512797882,SI,127151.0,18408_20251231,0.3690802444583316,3.061297548723503,1133.0,7.9516843721055634,0.3912912996939128,4.0,ME,True
549300K6K2IS7FRS7S09,2023,637,534,103,0.8383045525902669,0.16169544740973313,0.3814756671899529,0.16012558869701726,0.0,0.45839874411302983,0.5416012558869702,0.5416012558869702,29708.0,211271.0,211271.0,20.0,7.0,NORTH AMER SVG BK FSB,2750302.0,2517837.0,3841941.0,2750302.0,NORTH AMERICAN SAVINGS BANK,29.0,FSB,True,2750302.0,11.134825910931175,SB,31434.0,29708_20231231,0.8251719655374874,1.9831995039017047,247.0,15.29621506815268,0.9608367650335584,5.0,MO,True
549300KJ8PAJ7E52HG32,2023,5420,5289,131,0.9758302583025831,0.024169741697416973,0.6191881918819189,0.3699261992619926,0.0,0.010885608856088561,0.9891143911439115,0.9891143911439114,1678.0,593052.0,593052.0,10.0,7.0,PLAINS CMRC BK,1205205.0,1054618.0,5331286.0,1205205.0,PLAINS COMMERCE BANK,46.0,NMB,True,1205205.0,2.9539338235294115,NM,57513.0,1678_20231231,0.6989833619679054,8.708669933703641,408.0,10.958816066461996,0.8189428612162073,4.0,SD,True
549300KJ8PAJ7E52HG32,2024,6183,5980,203,0.9671680414038493,0.032831958596150734,0.591460456089277,0.39689471130519166,0.0,0.011644832605531296,0.9883551673944686,0.9883551673944687,1678.0,593052.0,593052.0,10.0,7.0,PLAINS CMRC BK,1270295.0,1205205.0,5331286.0,1270295.0,PLAINS COMMERCE BANK,46.0,NMB,True,1270295.0,2.798006607929516,NM,56600.0,1678_20241231,1.049587148976039,8.033500625108724,454.0,10.259055049696258,0.6221823366547823,4.0,SD,True
549300KJ8PAJ7E52HG32,2025,6048,5691,357,0.9409722222222222,0.059027777777777776,0.6117724867724867,0.37996031746031744,0.0,0.008267195767195767,0.9917328042328042,0.9917328042328042,1678.0,593052.0,593052.0,10.0,7.0,PLAINS CMRC BK,1308415.0,1270295.0,5331286.0,1308415.0,PLAINS COMMERCE BANK,46.0,NMB,True,1308415.0,3.175764563106796,NM,54514.0,1678_20251231,1.1089477383375144,7.358155360173457,412.0,10.26407482119934,1.140871707323814,4.0,SD,True
549300KJZ82173UB3I21,2023,850,763,87,0.8976470588235295,0.10235294117647059,0.9929411764705882,0.0,0.0,0.007058823529411765,0.9929411764705882,0.9929411764705882,17735.0,1011526.0,1011526.0,10.0,7.0,CITY NB OF WV,6142217.0,5832156.0,1076262.0,6166851.0,CITY NATIONAL BANK OF WV,54.0,NAT,True,6142217.0,6.404814389989573,N,73134.0,17735_20231231,0.1898234828305399,2.33647340236553,959.0,8.942340470894324,1.8855810998185087,4.0,WV,True
549300KJZ82173UB3I21,2024,797,732,65,0.918444165621079,0.08155583437892096,0.9410288582183187,0.0,0.0,0.05897114178168131,0.9410288582183187,0.9410288582183187,17735.0,1011526.0,1011526.0,10.0,7.0,CITY NB OF WV,6438179.0,6142217.0,1076262.0,6458191.0,CITY NATIONAL BANK OF WV,54.0,NAT,True,6438179.0,6.827337221633086,N,76771.0,17735_20241231,0.332557887561221,2.289953319074877,943.0,8.724660698346437,1.8629147263480312,4.0,WV,True
549300KJZ82173UB3I21,2025,937,848,89,0.9050160085378869,0.09498399146211313,0.8922091782283885,0.0,0.0,0.10779082177161152,0.8922091782283885,0.8922091782283885,17735.0,1011526.0,1011526.0,10.0,7.0,CITY NB OF WV,6703029.0,6438179.0,1076262.0,6721620.0,CITY NATIONAL BANK OF WV,54.0,NAT,True,6703029.0,7.16135576923077,N,79352.0,17735_20251231,0.3088760594870438,2.2948693876254933,936.0,8.682074860091053,2.0079140413227226,4.0,WV,True
549300KWXO8FUM7L0E14,2023,616,590,26,0.9577922077922078,0.04220779220779221,0.538961038961039,0.38636363636363635,0.0,0.07467532467532467,0.9253246753246753,0.9253246753246753,17943.0,587800.0,587800.0,20.0,7.0,LIBERTY BK,7667364.0,6944336.0,587800.0,7667364.0,LIBERTY BANK,9.0,SSB,True,7667364.0,9.5365223880597,SI,110411.0,17943_20231231,0.6018685746040567,2.832072852271572,804.0,13.502079458770428,1.3595730791007172,4.0,CT,True
549300KWXO8FUM7L0E14,2024,660,633,27,0.9590909090909091,0.04090909090909091,0.706060606060606,0.21818181818181817,0.0,0.07575757575757576,0.9242424242424242,0.9242424242424242,17943.0,587800.0,587800.0,20.0,7.0,LIBERTY BK,8102950.0,7667364.0,587800.0,8102950.0,LIBERTY BANK,9.0,SSB,True,8102950.0,9.532882352941176,SI,124921.0,17943_20241231,0.5843931949440095,2.7925376319889663,850.0,13.60991484596364,0.7961077124248166,4.0,CT,True
549300KWXO8FUM7L0E14,2025,1022,985,37,0.9637964774951077,0.036203522504892366,0.7759295499021527,0.16046966731898238,0.0,0.06360078277886497,0.9363992172211351,0.9363992172211351,17943.0,587800.0,587800.0,20.0,7.0,LIBERTY BK,8984131.0,8102950.0,6005472.0,8984131.0,LIBERTY BANK,9.0,SSB,True,8984131.0,10.209239772727273,SI,142926.0,17943_20251231,0.4029508497601493,2.833621405939509,880.0,13.359321307952698,0.9932400281670992,4.0,CT,True
549300L0OVX5O63S8C68,2023,553,527,26,0.9529837251356239,0.04701627486437613,0.29294755877034356,0.28028933092224234,0.0,0.4267631103074141,0.5732368896925859,0.5732368896925859,23623.0,4462361.0,816603.0,11.0,7.0,WASHINGTON TC OF WESTERLY,7202606.0,133427.0,1115349.0,7204894.0,WASHINGTON TRUST MORTGAGE COMP,44.0,NMB,True,7202606.0,10.830986466165411,NM,82577.0,23623_20231231,0.787401852631371,1.9021998678844887,665.0,7.721459398298943,0.7175994442728442,4.0,RI,True
549300L8JRY60EOROT34,2023,544,519,25,0.9540441176470589,0.04595588235294118,0.40625,0.014705882352941176,0.0,0.5790441176470589,0.4209558823529412,0.4209558823529411,33005.0,1459717.0,1459717.0,10.0,7.0,FCB BKS,2214641.0,2111560.0,1250473.0,2214641.0,FCB BANKS,17.0,NMB,True,2214641.0,10.15890366972477,NM,26213.0,33005_20231231,0.3045615624342835,1.9019046900882617,218.0,8.520434381075244,0.8257697708982517,4.0,IL,True
549300L8JRY60EOROT34,2024,533,511,22,0.9587242026266416,0.04127579737335835,0.5384615384615384,0.0150093808630394,0.0,0.44652908067542213,0.5534709193245778,0.5553470919324578,33005.0,1459717.0,1459717.0,10.0,7.0,FCB BKS,2443123.0,2214641.0,1250473.0,2443123.0,FCB BANKS,17.0,NMB,True,2443123.0,11.41646261682243,NM,27894.0,33005_20241231,0.3335126581779228,1.8711329213924008,214.0,8.213166247118082,1.149650344625654,4.0,IL,True
549300L8JRY60EOROT34,2025,593,563,30,0.9494097807757167,0.050590219224283306,0.47048903878583476,0.016863406408094434,0.0,0.5126475548060708,0.4873524451939292,0.4873524451939292,33005.0,1459717.0,1459717.0,10.0,7.0,FCB BKS,2595483.0,2443123.0,1250473.0,2595483.0,FCB BANKS,17.0,NMB,True,2595483.0,11.484438053097346,NM,30444.0,33005_20251231,0.4551425144823716,1.895102800158573,226.0,7.982525483669649,1.616879078195167,4.0,IL,True
549300L9MOPDT0NKE883,2023,552,466,86,0.8442028985507246,0.15579710144927536,0.5978260869565217,0.2807971014492754,0.0,0.1213768115942029,0.8786231884057971,0.8786231884057971,30895.0,762474.0,762474.0,10.0,7.0,FIDELITY BK NA,3196919.0,3078918.0,3223967.0,3196919.0,"FIDELITY BANK, N.A.",20.0,NAT,True,3196919.0,6.904792656587473,N,47486.0,30895_20231231,0.2349632641632325,2.7713160648329254,463.0,9.732674210724362,0.5801870740080769,4.0,KS,True
549300L9MOPDT0NKE883,2024,552,478,74,0.8659420289855072,0.13405797101449277,0.6068840579710145,0.26811594202898553,0.0,0.125,0.875,0.875,30895.0,762474.0,762474.0,10.0,7.0,FIDELITY BK NA,3167804.0,3196919.0,3223967.0,3181422.0,FIDELITY BANK,20.0,NAT,True,3167804.0,7.248979405034325,N,45160.0,30895_20241231,0.4175261777283859,2.6813680050739133,437.0,9.921020572977264,0.5774566537667983,4.0,KS,True
549300LBK5BTNFKZJD14,2023,770,756,14,0.9818181818181818,0.01818181818181818,0.6545454545454545,0.0987012987012987,0.0,0.24675324675324675,0.7532467532467533,0.7532467532467533,7759.0,354310.0,354310.0,10.0,7.0,UNIVEST B&TC,7762404.0,7207694.0,1116609.0,7780628.0,UNIVEST BANK AND TRUST CO.,42.0,SMB,True,7762404.0,8.871318857142859,SM,104006.0,7759_20231231,0.3201318892919143,2.6113656365889577,875.0,9.450098555958917,1.0621360389089316,4.0,PA,True
549300LBK5BTNFKZJD14,2024,771,747,24,0.9688715953307393,0.0311284046692607,0.8184176394293126,0.13748378728923477,0.0,0.04409857328145266,0.9559014267185473,0.9584954604409858,7759.0,354310.0,354310.0,10.0,7.0,UNIVEST B&TC,8106170.0,7762404.0,1116609.0,8128417.0,UNIVEST BANK AND TRUST CO.,42.0,SMB,True,8106170.0,9.673233890214798,SM,106051.0,7759_20241231,0.1897932498601538,2.4932040122853247,838.0,9.447346802124624,1.0831760045477872,4.0,PA,True
549300LE3ZOZXUS7W648,2023,959,887,72,0.9249217935349322,0.07507820646506778,0.4984358706986444,0.3753910323253389,0.0,0.1261730969760167,0.8738269030239834,0.8978102189781022,28316.0,255574.0,255574.0,20.0,7.0,FIDELITY BK,1125458.0,1004612.0,255574.0,1125458.0,FIDELITY BANK,22.0,SSB,True,1125458.0,3.0750218579234976,SI,40868.0,28316_20231231,1.1126239635831572,6.102865368456542,366.0,14.802567178417474,0.1049386099745368,4.0,LA,True
549300LE3ZOZXUS7W648,2024,772,726,46,0.9404145077720207,0.05958549222797927,0.6295336787564767,0.327720207253886,0.0,0.042746113989637305,0.9572538860103628,0.9598445595854922,28316.0,255574.0,255574.0,20.0,7.0,FIDELITY BK,1227812.0,1125458.0,5926413.0,1227812.0,FIDELITY BANK,22.0,SSB,True,1227812.0,3.7319513677811553,SI,41275.0,28316_20241231,1.6573838370305152,5.860251377287063,329.0,19.547113221694577,-0.5242600534647818,4.0,LA,True
549300LE3ZOZXUS7W648,2025,717,679,38,0.9470013947001394,0.05299860529986053,0.6429567642956764,0.3207810320781032,0.0,0.03626220362622036,0.9637377963737797,0.9693165969316597,28316.0,255574.0,255574.0,20.0,7.0,FIDELITY BK,1257462.0,1227812.0,5926413.0,1257462.0,FIDELITY BANK,22.0,SSB,True,1257462.0,3.893071207430341,SI,42367.0,28316_20251231,2.1840980586944827,5.34328411347238,323.0,20.015742895312883,0.0901292295987597,4.0,LA,True
549300LH06ZZHKPX5U83,2023,611,507,104,0.8297872340425532,0.1702127659574468,0.7528641571194763,0.23567921440261866,0.0,0.011456628477905073,0.9885433715220949,0.9885433715220949,57197.0,2358769.0,2358769.0,10.0,7.0,BNC NB,966807.0,942438.0,1248162.0,966807.0,BNC NATIONAL BANK,4.0,NAT,True,966807.0,6.955446043165468,N,16538.0,57197_20231231,0.5010406574084042,3.624581818338335,139.0,12.540853183040747,0.7485034772699638,4.0,AZ,True
549300LLESTPOVRG3X73,2023,572,534,38,0.9335664335664335,0.06643356643356643,0.6520979020979021,0.23601398601398602,0.0,0.11188811188811189,0.8881118881118881,0.8881118881118881,17614.0,482156.0,482156.0,10.0,7.0,FARMERS B&TC,985167.0,977048.0,1055155.0,985167.0,FARMERS BANK & TRUST,20.0,NMB,True,985167.0,8.209725,NM,11777.0,17614_20231231,0.0225449536465843,1.884243968268384,120.0,20.49071420256056,1.6053216896974216,8.0,KS,True
549300LLESTPOVRG3X73,2024,672,618,54,0.9196428571428571,0.08035714285714286,0.5565476190476191,0.3601190476190476,0.0,0.08333333333333333,0.9166666666666667,0.9166666666666666,17614.0,482156.0,482156.0,10.0,7.0,FARMERS B&TC,985971.0,985167.0,1055155.0,985971.0,FARMERS BANK & TRUST,20.0,NMB,True,985971.0,7.584392307692307,NM,13140.0,17614_20241231,0.1149244600037387,2.081777310003898,130.0,21.19585751330277,1.8527739397507768,8.0,KS,True
549300LNUJ0IPK43UX33,2023,1604,1491,113,0.9295511221945137,0.07044887780548628,0.18079800498753118,0.506857855361596,0.0,0.3123441396508728,0.6876558603491272,0.6876558603491272,29845.0,981275.0,981275.0,10.0,7.0,PREMIER BK,8603358.0,8408012.0,3316917.0,8632440.0,PREMIER BANK,39.0,NMB,True,8603358.0,8.752144455747711,NM,86947.0,29845_20231231,0.5381158871519557,1.8024508519234452,983.0,10.415253708514612,1.03070395301156,4.0,OH,True
549300LNUJ0IPK43UX33,2024,1186,1090,96,0.9190556492411467,0.08094435075885328,0.40219224283305227,0.3785834738617201,0.0,0.21922428330522767,0.7807757166947724,0.7807757166947723,29845.0,981275.0,981275.0,10.0,7.0,PREMIER BK,8556139.0,8603358.0,3316917.0,8583236.0,PREMIER BANK,39.0,NMB,True,8556139.0,9.200149462365593,NM,86153.0,29845_20241231,1.2439703117340857,1.8405532762526329,930.0,10.536276044939658,0.8677598141725912,4.0,OH,True
549300M8WGW2D17CZD19,2023,1075,1060,15,0.986046511627907,0.013953488372093023,0.17767441860465116,0.8204651162790698,0.0,0.0018604651162790699,0.998139534883721,0.998139534883721,58581.0,4429908.0,3548567.0,11.0,7.0,TEXAS PTNRS BK,2206019.0,2054918.0,3593286.0,2206019.0,GARDNER FINANCIAL SERVICES,48.0,NMB,True,2206019.0,9.387314893617022,NM,30942.0,58581_20231231,0.0110827011411806,2.366217879856397,235.0,9.222904556368524,0.5426081043923957,4.0,TX,True
549300M8WGW2D17CZD19,2024,1200,1188,12,0.99,0.01,0.20666666666666667,0.7641666666666667,0.0,0.029166666666666667,0.9708333333333333,0.9716666666666667,58581.0,4429908.0,3548567.0,11.0,7.0,TEXAS PTNRS BK,2483111.0,2206019.0,3593286.0,2483111.0,GARDNER FINANCIAL SERVICES,48.0,NMB,True,2483111.0,11.338406392694065,NM,31321.0,58581_20241231,1.29427881521147,2.303540848537305,219.0,8.843464850434495,0.6140257495733557,4.0,TX,True
549300M8WGW2D17CZD19,2025,1172,1155,17,0.985494880546075,0.014505119453924915,0.3464163822525597,0.6194539249146758,0.0,0.034129692832764506,0.9658703071672354,0.9658703071672355,58581.0,4429908.0,3548567.0,11.0,7.0,TEXAS PTNRS BK,2425763.0,2483111.0,3593286.0,2425763.0,GARDNER FINANCIAL SERVICES,48.0,NMB,True,2425763.0,11.230384259259258,NM,33285.0,58581_20251231,0.0432954875793492,2.2090912630291277,216.0,9.322074997972642,1.0639970266810228,4.0,TX,True
549300MKOZ81ZWTNKB12,2024,1644,1544,100,0.9391727493917275,0.06082725060827251,0.28041362530413627,0.4489051094890511,0.0,0.2706812652068126,0.7293187347931873,0.7299270072992701,22858.0,365325.0,365325.0,10.0,7.0,UNITED BK,29924656.0,29851399.0,1076217.0,30023545.0,UNITED BANK,51.0,SMB,True,29924656.0,11.90320445505171,SM,243191.0,22858_20241231,0.3379707929692682,1.7972349730562054,2514.0,11.830400041723536,1.3417161000803213,4.0,VA,True
549300MKOZ81ZWTNKB12,2025,1216,1121,95,0.921875,0.078125,0.4621710526315789,0.2557565789473684,0.0,0.28207236842105265,0.7179276315789473,0.7179276315789473,22858.0,365325.0,365325.0,10.0,7.0,UNITED BK,33545963.0,29924656.0,1076217.0,33660281.0,UNITED BANK VA,51.0,SMB,True,33545963.0,12.611264285714286,SM,264000.0,22858_20251231,0.4101227308419722,1.7952053052395172,2660.0,11.529403539743464,1.4997872848395728,4.0,VA,True
549300MNZECUR067HB12,2023,963,887,76,0.9210799584631361,0.07892004153686397,0.34579439252336447,0.1557632398753894,0.0,0.4984423676012461,0.5015576323987538,0.5015576323987538,27476.0,1386251.0,1386251.0,10.0,7.0,BANCFIRST,10473539.0,10406351.0,1133286.0,12372242.0,BANCFIRST,40.0,SMB,True,10473539.0,5.624886680988185,SM,156238.0,27476_20231231,0.5263405562557331,2.601572609308046,1862.0,10.431320629707605,1.749629561002986,4.0,OK,True
549300MNZECUR067HB12,2024,917,844,73,0.920392584514722,0.07960741548527808,0.3435114503816794,0.1723009814612868,0.0,0.4841875681570338,0.5158124318429662,0.5158124318429662,27476.0,1386251.0,1386251.0,10.0,7.0,BANCFIRST,11405008.0,10473539.0,1133286.0,13554321.0,BANCFIRST,40.0,SMB,True,11405008.0,6.072954206602769,SM,164231.0,27476_20241231,0.6648933181143644,2.5471752209663854,1878.0,10.290234230416,1.7602927855213115,4.0,OK,True
549300MNZECUR067HB12,2025,876,808,68,0.9223744292237442,0.0776255707762557,0.3538812785388128,0.2100456621004566,0.0,0.4360730593607306,0.5639269406392694,0.5639269406392694,27476.0,1386251.0,1386251.0,10.0,7.0,BANCFIRST,12118977.0,11405008.0,1133286.0,14838898.0,BANCFIRST,40.0,SMB,True,12118977.0,6.3021201248049925,SM,174124.0,27476_20251231,0.8671583705714164,2.433871166674946,1923.0,10.741186421298467,1.7892297976311862,4.0,OK,True
549300MSU5WVAU4ZN645,2023,758,716,42,0.9445910290237467,0.055408970976253295,0.6240105540897097,0.0,0.0,0.3759894459102902,0.6240105540897097,0.6240105540897098,32245.0,961624.0,961624.0,20.0,7.0,DOLLAR BK FSB,11506265.0,11417843.0,5218097.0,11506265.0,"DOLLAR BANK, FSB",42.0,CSA,True,11506265.0,7.691353609625668,SB,141300.0,32245_20231231,0.7187240986527871,2.707877611047221,1496.0,10.547600071155063,0.3003111404948055,4.0,PA,True
549300MSU5WVAU4ZN645,2024,879,829,50,0.9431171786120591,0.05688282138794084,0.6700796359499431,0.0,0.0,0.32992036405005687,0.6700796359499431,0.6700796359499431,32245.0,961624.0,961624.0,20.0,7.0,DOLLAR BK FSB,11639893.0,11506265.0,5218097.0,11640385.0,"DOLLAR BANK, FSB",42.0,CSA,True,11639893.0,7.657824342105263,SB,149888.0,32245_20241231,0.7173034052393474,2.428429654377398,1520.0,10.97763917924008,0.4227301001823154,4.0,PA,True
549300MSU5WVAU4ZN645,2025,991,941,50,0.9495459132189707,0.050454086781029264,0.7164480322906155,0.0,0.0,0.28355196770938446,0.7164480322906155,0.7164480322906155,32245.0,961624.0,961624.0,20.0,7.0,DOLLAR BK FSB,12513390.0,11639893.0,5218097.0,12515898.0,"DOLLAR BANK, FSB",42.0,CSA,True,12513390.0,8.325608782435129,SB,159883.0,32245_20251231,1.1355440037100717,2.522118928892597,1503.0,10.956161148829676,0.5261692046339986,4.0,PA,True
549300N38Q5YKSSV1106,2023,557,525,32,0.9425493716337523,0.05745062836624776,0.23877917414721722,0.755834829443447,0.0,0.005385996409335727,0.9946140035906643,0.9946140035906643,90188.0,859002.0,859002.0,20.0,7.0,EASTHAMPTON SVG BK,1907524.0,1738869.0,3728930.0,4705538.0,EASTHAMPTON SAVINGS BANK,25.0,SMB,True,1907524.0,8.04862447257384,SM,21472.0,90188_20231231,0.1688273332774983,2.0580695488693443,237.0,9.80495258007085,1.0531224652689986,4.0,MA,True
549300N38Q5YKSSV1106,2025,560,541,19,0.9660714285714286,0.033928571428571426,0.11964285714285715,0.8571428571428571,0.0,0.023214285714285715,0.9767857142857143,0.9767857142857143,90188.0,859002.0,859002.0,20.0,7.0,BANKESB,1997695.0,1994486.0,3728930.0,6811676.0,BANKESB,25.0,SMB,True,1997695.0,7.86494094488189,SM,23685.0,90188_20251231,0.8639171071413018,2.145739498507196,254.0,9.57216781679558,0.0600826872504438,4.0,MA,True
549300NQA30MEKPQP417,2023,583,557,26,0.9554030874785592,0.044596912521440824,0.5180102915951973,0.36363636363636365,0.0,0.1183533447684391,0.8816466552315609,0.8816466552315609,4865.0,506922.0,506922.0,10.0,7.0,SANDY SPRING BK,14022860.0,13827883.0,1248304.0,14028172.0,SANDY SPRING BANK,24.0,SMB,True,14022860.0,12.77127504553734,SM,159962.0,4865_20231231,0.8072544620786486,1.9499182700767304,1098.0,11.2980152349367,0.9639634223605388,4.0,MD,True
549300NQA30MEKPQP417,2024,560,525,35,0.9375,0.0625,0.5857142857142857,0.33035714285714285,0.0,0.08392857142857142,0.9160714285714286,0.9160714285714285,4865.0,506922.0,506922.0,10.0,7.0,SANDY SPRING BK,14122892.0,14022860.0,1248304.0,14127481.0,SANDY SPRING BANK,24.0,SMB,True,14122892.0,12.43212323943662,SM,159694.0,4865_20241231,1.032518619223664,2.425511711731595,1136.0,11.331118070739642,0.2165947403971325,4.0,MD,True
549300NWBS6MQJX15N44,2023,2531,2390,141,0.9442907941525089,0.05570920584749111,0.6764124851837219,0.2852627419992098,0.0,0.03832477281706835,0.9616752271829316,0.9616752271829316,29209.0,652874.0,652874.0,10.0,7.0,NEXBANK,15995379.0,14304653.0,4970802.0,15995379.0,NEXBANK,48.0,NMB,True,15995379.0,153.80172115384616,NM,40817.0,29209_20231231,0.8062221588388732,0.7586339686871897,104.0,8.132168122575717,0.7583339715880313,5.0,TX,True
549300NWBS6MQJX15N44,2024,3712,3428,284,0.9234913793103449,0.07650862068965517,0.8095366379310345,0.16783405172413793,0.0,0.022629310344827586,0.9773706896551724,0.9773706896551724,29209.0,652874.0,652874.0,10.0,7.0,NEXBANK,13943020.0,15995379.0,4970802.0,13943020.0,NEXBANK,48.0,NMB,True,13943020.0,139.4302,NM,41152.0,29209_20241231,1.5410413905475828,0.9500697527941724,100.0,9.795499647221591,0.8465384386322797,5.0,TX,True
549300NWBS6MQJX15N44,2025,2575,2354,221,0.9141747572815534,0.0858252427184466,0.7537864077669902,0.16776699029126213,0.0,0.07844660194174757,0.9215533980582524,0.9215533980582524,29209.0,652874.0,652874.0,10.0,7.0,NEXBANK,13937262.0,13943020.0,4970802.0,13937262.0,NEXBANK,48.0,NMB,True,13937262.0,139.37262,NM,45949.0,29209_20251231,1.2179434891925829,1.130527707600084,100.0,9.26558542187747,1.1701002958123752,5.0,TX,True
549300O5WDIJU8S7OI05,2024,653,643,10,0.9846860643185299,0.015313935681470138,0.4655436447166922,0.5206738131699847,0.0,0.013782542113323124,0.9862174578866769,0.9892802450229708,4091.0,278555.0,278555.0,10.0,7.0,STRIDE BK NA,3928318.0,3693563.0,1051465.0,3932970.0,"STRIDE BANK, NATIONAL ASSOCIAT",40.0,NAT,True,3928318.0,10.821812672176309,N,55333.0,4091_20241231,0.6086034699329325,2.0655858091306656,363.0,8.644138070140707,1.977388764799642,3.0,OK,True
549300O5WDIJU8S7OI05,2025,824,814,10,0.9878640776699029,0.012135922330097087,0.5266990291262136,0.46480582524271846,0.0,0.00849514563106796,0.991504854368932,0.9939320388349514,4091.0,278555.0,278555.0,10.0,7.0,STRIDE BK NA,4855805.0,3928318.0,1051465.0,4861396.0,"STRIDE BANK, NATIONAL ASSOCIAT",40.0,NAT,True,4855805.0,12.019319306930694,N,65989.0,4091_20251231,0.7640276230764823,2.34196857208486,404.0,9.605271004479,2.1044298235765093,3.0,OK,True
549300O7SGM8FH65GQ47,2023,730,682,48,0.9342465753424658,0.06575342465753424,0.23150684931506849,0.4643835616438356,0.0,0.3041095890410959,0.6958904109589041,0.6958904109589041,16450.0,416245.0,416245.0,10.0,7.0,BUSEY BK,12254786.0,12304953.0,1203602.0,12283415.0,BUSEY BANK,17.0,NMB,True,12254786.0,8.636212825933756,NM,144831.0,16450_20231231,0.1021243724858439,2.2540037849337704,1419.0,11.192382463979314,1.17085372516994,4.0,IL,True
549300O7SGM8FH65GQ47,2024,666,623,43,0.9354354354354354,0.06456456456456457,0.14114114114114115,0.5465465465465466,0.0,0.3123123123123123,0.6876876876876877,0.6891891891891893,16450.0,416245.0,416245.0,10.0,7.0,BUSEY BK,12011325.0,12254786.0,1203602.0,12046722.0,BUSEY BANK,17.0,SMB,True,12011325.0,8.272262396694215,SM,154491.0,16450_20241231,0.3017500646690761,2.342744997911539,1452.0,12.140648918349836,1.1367711929247788,4.0,IL,True
549300O7SGM8FH65GQ47,2025,624,572,52,0.9166666666666666,0.08333333333333333,0.1282051282051282,0.5625,0.0,0.3092948717948718,0.6907051282051282,0.6907051282051282,16450.0,416245.0,416245.0,10.0,7.0,BUSEY BK,18052735.0,12011325.0,1203602.0,18104736.0,BUSEY BANK,17.0,SMB,True,18052735.0,9.690142243692968,SM,246100.0,16450_20251231,0.3940457438145699,2.348084921131941,1863.0,12.003453344344257,0.9174213028006992,4.0,IL,True
549300OBO7DOF2KOP535,2023,2046,1970,76,0.9628543499511242,0.03714565004887586,0.7917888563049853,0.1549364613880743,0.0,0.05327468230694037,0.9467253176930596,0.9467253176930597,8663.0,436159.0,436159.0,10.0,7.0,FIRSTBANK,12589424.0,12826414.0,1132104.0,12604403.0,FIRSTBANK,47.0,NMB,True,12589424.0,7.912900062853552,NM,202209.0,8663_20231231,0.8668904452321132,2.529449234629161,1591.0,11.06170827784289,0.961943931180223,4.0,TN,True
549300OBO7DOF2KOP535,2024,2006,1947,59,0.9705882352941176,0.029411764705882353,0.6490528414755733,0.29112662013958124,0.0,0.05982053838484546,0.9401794616151545,0.9401794616151545,8663.0,436159.0,436159.0,10.0,7.0,FIRSTBANK,13118535.0,12589424.0,1132104.0,13157482.0,FIRSTBANK,47.0,NMB,True,13118535.0,8.804385906040268,NM,182622.0,8663_20241231,1.1826528623689814,2.316366802342826,1490.0,10.818032895140002,0.935134409499884,4.0,TN,True
549300OBO7DOF2KOP535,2025,2135,2059,76,0.9644028103044496,0.035597189695550355,0.5995316159250585,0.3185011709601874,0.0,0.08196721311475409,0.9180327868852459,0.9180327868852459,8663.0,436159.0,436159.0,10.0,7.0,FIRSTBANK,16265349.0,13118535.0,1132104.0,16300292.0,FIRSTBANK,47.0,SMB,True,16265349.0,10.20410853199498,SM,216434.0,8663_20251231,1.1805921189075437,2.6065346152804176,1594.0,10.46393392461596,0.8930179592686552,4.0,TN,True
549300OQMU3ID8QA6M46,2023,1337,1275,62,0.9536275243081526,0.04637247569184742,0.8548990276738968,0.12415856394913986,0.0,0.020942408376963352,0.9790575916230366,0.9790575916230366,1213.0,5787191.0,2891622.0,21.0,7.0,CORNERSTONE CAP BK SSB,2266758.0,1991593.0,2891622.0,2266758.0,"VELOCIO MORTGAGE, L.L.C.",48.0,SSB,True,2266758.0,1.554703703703704,SI,219546.0,1213_20231231,2.471077560316348,13.0894889699927,1458.0,15.010044591631743,-0.9422922998863902,9.0,TX,True
549300OQMU3ID8QA6M46,2024,1420,1373,47,0.9669014084507043,0.03309859154929577,0.9211267605633803,0.07183098591549296,0.0,0.007042253521126761,0.9929577464788732,0.9929577464788732,1213.0,5787191.0,2891622.0,21.0,7.0,CORNERSTONE CAP BK SSB,2280636.0,2266758.0,2891622.0,2280636.0,"VELOCIO MORTGAGE, L.L.C.",48.0,SSB,True,2280636.0,1.609482004234298,SI,222461.0,1213_20241231,2.534465892111557,12.36948979517633,1417.0,13.356063050900415,0.7763692858337539,9.0,TX,True
549300OQMU3ID8QA6M46,2025,1216,1170,46,0.962171052631579,0.03782894736842105,0.9333881578947368,0.061677631578947366,0.0,0.004934210526315789,0.9950657894736842,0.9950657894736842,1213.0,5787191.0,2891622.0,21.0,7.0,CORNERSTONE CAP BK SSB,2469832.0,2280636.0,6013468.0,2469832.0,"VELOCIO MORTGAGE, L.L.C.",48.0,SSB,True,2469832.0,1.7794178674351584,SI,218966.0,1213_20251231,4.6915066472289,12.53195994259952,1388.0,15.07654843686224,0.6881808335363043,9.0,TX,True
549300OZIFHR7THILC90,2023,541,522,19,0.9648798521256932,0.03512014787430684,0.3659889094269871,0.5083179297597042,0.0,0.1256931608133087,0.8743068391866913,0.8743068391866913,8866.0,779351.0,779351.0,10.0,7.0,MERCHANTS BK NA,2600240.0,2576574.0,1128769.0,2600240.0,"MERCHANTS BANK, N.A.",27.0,NAT,True,2600240.0,6.650230179028133,N,40453.0,8866_20231231,0.4431391831714426,2.829062311793592,391.0,11.157758282403734,1.122000117075529,4.0,MN,True
549300OZIFHR7THILC90,2024,582,557,25,0.9570446735395189,0.0429553264604811,0.46219931271477666,0.46563573883161513,0.0,0.07216494845360824,0.9278350515463918,0.929553264604811,8866.0,779351.0,779351.0,10.0,7.0,MERCHANTS BK NA,2779602.0,2600240.0,1128769.0,2779602.0,"MERCHANTS BANK, NATIONAL ASSOC",27.0,NAT,True,2779602.0,7.182434108527131,N,39712.0,8866_20241231,0.3309863847996759,2.751869857876733,387.0,10.578962228921698,0.7755762033148679,4.0,MN,True
549300OZIFHR7THILC90,2025,669,648,21,0.968609865470852,0.03139013452914798,0.4469357249626308,0.4992526158445441,0.0,0.053811659192825115,0.946188340807175,0.9476831091180867,8866.0,779351.0,779351.0,10.0,7.0,MERCHANTS BK NA,2898711.0,2779602.0,1128769.0,2898711.0,"MERCHANTS BANK, NATIONAL ASSOC",27.0,NAT,True,2898711.0,7.5684360313315935,N,42362.0,8866_20251231,0.8326865549397618,2.7855210585903483,383.0,11.278082766719418,1.2321134001797769,4.0,MN,True
549300PP6R8WIOP60124,2023,651,578,73,0.8878648233486943,0.11213517665130568,0.3102918586789555,0.19201228878648233,0.0,0.4976958525345622,0.5023041474654378,0.5023041474654377,35295.0,2849801.0,2849801.0,10.0,7.0,SOUTHERN FIRST BK,4056256.0,3694134.0,2849799.0,4056806.0,SOUTHERN FIRST BANK,45.0,NMB,True,4056256.0,13.8438771331058,NM,41364.0,35295_20231231,0.1097561347224696,1.7102874421166845,293.0,8.474627503782031,0.3891858824818417,4.0,SC,True
549300PP6R8WIOP60124,2024,665,512,153,0.7699248120300752,0.23007518796992482,0.33383458646616543,0.22105263157894736,0.0,0.44511278195488724,0.5548872180451128,0.5548872180451128,35295.0,2849801.0,2849801.0,10.0,7.0,SOUTHERN FIRST BK,4090151.0,4056256.0,2849799.0,4090314.0,SOUTHERN FIRST BANK,45.0,NMB,True,4090151.0,13.864918644067798,NM,43129.0,35295_20241231,0.2990432101905084,1.7613787927909568,295.0,8.747108000599733,0.4240590769309865,4.0,SC,True
549300PP6R8WIOP60124,2025,633,543,90,0.8578199052132701,0.14218009478672985,0.3744075829383886,0.2353870458135861,0.0,0.3902053712480253,0.6097946287519747,0.6097946287519747,35295.0,2849801.0,2849801.0,10.0,7.0,SOUTHERN FIRST BK,4406861.0,4090151.0,2849799.0,4407264.0,SOUTHERN FIRST BANK,45.0,NMB,True,4406861.0,14.124554487179486,NM,44089.0,35295_20251231,0.3584932554131626,1.7636919762534744,312.0,9.064395267832388,0.746791223204042,4.0,SC,True
549300PZ44DNQDPOV865,2023,809,784,25,0.969097651421508,0.030902348578491966,0.5302843016069221,0.0754017305315204,0.0,0.3943139678615575,0.6056860321384425,0.6056860321384425,10634.0,913856.0,913856.0,10.0,7.0,PINNACLE BK,8202374.0,7724198.0,1053272.0,19275397.0,PINNACLE BANK,31.0,NMB,True,8202374.0,9.216150561797752,NM,81573.0,10634_20231231,0.1705807064126367,1.7900359200482794,890.0,8.877928283981353,0.7005240461863788,4.0,NE,True
549300PZ44DNQDPOV865,2024,924,898,26,0.9718614718614719,0.02813852813852814,0.6352813852813853,0.06385281385281386,0.0,0.3008658008658009,0.6991341991341992,0.699134199134199,10634.0,913856.0,913856.0,10.0,7.0,PINNACLE BK,8278376.0,8202374.0,1053272.0,19520600.0,PINNACLE BANK,31.0,NMB,True,8278376.0,9.28069058295964,NM,81821.0,10634_20241231,0.1179586826942229,1.6647417956525663,892.0,9.309428364150452,0.7599977018798857,4.0,NE,True
549300PZ44DNQDPOV865,2025,1012,992,20,0.9802371541501976,0.019762845849802372,0.5889328063241107,0.10276679841897234,0.0,0.308300395256917,0.691699604743083,0.691699604743083,10634.0,913856.0,913856.0,10.0,7.0,PINNACLE BK,8860281.0,8278376.0,1053272.0,20704995.0,PINNACLE BANK,31.0,NMB,True,8860281.0,9.779559602649009,NM,87579.0,10634_20251231,0.0520872111217848,1.7386107060200076,906.0,10.383415460286702,1.2553254188117042,4.0,NE,True
549300Q55VW95EP3CM33,2024,557,536,21,0.9622980251346499,0.03770197486535009,0.07540394973070018,0.8725314183123878,0.0,0.05206463195691203,0.947935368043088,0.947935368043088,6623.0,785923.0,785923.0,10.0,7.0,LCNB NB,2303313.0,2288432.0,2759900.0,2303313.0,LCNB NATIONAL BANK,39.0,NAT,True,2303313.0,6.276057220708447,N,34582.0,6623_20241231,0.2675168232825894,2.729362736862063,367.0,7.940258243547577,0.6487012075417354,4.0,OH,True
549300Q76VHK6FGPX546,2023,522,510,12,0.9770114942528736,0.022988505747126436,0.657088122605364,0.28735632183908044,0.0,0.05555555555555555,0.9444444444444444,0.9444444444444444,15555.0,546544.0,546544.0,10.0,7.0,CENTRAL BK,2135960.0,1964850.0,1978674.0,2135960.0,CENTRAL BANK,19.0,SMB,True,2135960.0,7.442369337979094,SM,33089.0,15555_20231231,0.1268234842398815,2.5306844588798767,287.0,9.19776770638604,0.6923729504053183,4.0,IA,True
549300Q76VHK6FGPX546,2024,581,572,9,0.9845094664371773,0.01549053356282272,0.4406196213425129,0.4939759036144578,0.0,0.06540447504302926,0.9345955249569707,0.9345955249569707,15555.0,546544.0,546544.0,10.0,7.0,CENTRAL BK,2167453.0,2135960.0,1978674.0,2167453.0,CENTRAL BANK,19.0,SMB,True,2167453.0,7.824740072202166,SM,33797.0,15555_20241231,0.0428569929813149,2.629714354007826,277.0,9.05150421625834,0.5118343800878803,4.0,IA,True
549300Q76VHK6FGPX546,2025,620,613,7,0.9887096774193549,0.01129032258064516,0.47096774193548385,0.46774193548387094,0.0,0.06129032258064516,0.9387096774193548,0.9387096774193548,15555.0,546544.0,546544.0,10.0,7.0,CENTRAL BK,2260937.0,2167453.0,1978674.0,2260937.0,CENTRAL BANK,19.0,SMB,True,2260937.0,7.200436305732484,SM,37518.0,15555_20251231,0.0634403125162683,2.874885181393277,314.0,9.847361538984808,0.7909902086870287,4.0,IA,True
549300QFP6J5QSZVF805,2023,942,906,36,0.9617834394904459,0.03821656050955414,0.5403397027600849,0.42144373673036095,0.0,0.03821656050955414,0.9617834394904459,0.9617834394904459,3873.0,453446.0,453446.0,10.0,7.0,EAGLE B&TC,471019.0,473884.0,1100046.0,471019.0,EAGLE BANK AND TRUST COMPANY,5.0,SMB,True,471019.0,2.94386875,SM,18630.0,3873_20231231,0.4958301107373898,5.5220595561218175,160.0,16.34690259257467,0.3433226124090421,7.0,AR,True
549300QFP6J5QSZVF805,2024,783,756,27,0.9655172413793104,0.034482758620689655,0.4329501915708812,0.5338441890166028,0.0,0.033205619412515965,0.966794380587484,0.966794380587484,3873.0,453446.0,453446.0,10.0,7.0,EAGLE B&TC,480848.0,471019.0,1100046.0,480848.0,EAGLE BANK AND TRUST COMPANY,5.0,SMB,True,480848.0,2.8793293413173653,SM,19703.0,3873_20241231,0.597867657389051,5.601481161891078,167.0,15.695232556472735,0.6201527657640488,7.0,AR,True
549300QFP6J5QSZVF805,2025,797,781,16,0.9799247176913425,0.020075282308657464,0.5495608531994981,0.42785445420326224,0.0,0.02258469259723965,0.9774153074027603,0.9774153074027604,3873.0,453446.0,453446.0,10.0,7.0,EAGLE B&TC,498100.0,480848.0,1100046.0,498100.0,EAGLE BANK AND TRUST COMPANY,5.0,SMB,True,498100.0,3.0006024096385544,SM,20846.0,3873_20251231,0.6802049546373338,5.787916131531621,166.0,16.27212144560932,0.6990964348763513,4.0,AR,True
549300QLO8TSQW5JTK72,2023,952,923,29,0.9695378151260504,0.03046218487394958,0.9495798319327731,0.0,0.0,0.05042016806722689,0.9495798319327731,0.9495798319327731,19850.0,207050.0,207050.0,10.0,7.0,WEST GATE BK,1250982.0,1121085.0,1061736.0,1250982.0,WEST GATE BANK,31.0,NMB,True,1250982.0,5.98555980861244,NM,20532.0,19850_20231231,0.1459247485656582,3.048010769737515,209.0,11.815057257952809,0.8973952413103843,4.0,NE,True
549300QLO8TSQW5JTK72,2024,1495,1459,36,0.9759197324414716,0.024080267558528427,0.9672240802675586,0.006688963210702341,0.0,0.02608695652173913,0.9739130434782609,0.9739130434782609,19850.0,207050.0,207050.0,10.0,7.0,WEST GATE BK,1302261.0,1250982.0,1061736.0,1302261.0,WEST GATE BANK,31.0,NMB,True,1302261.0,5.86604054054054,NM,25015.0,19850_20241231,0.1492321660013758,2.9047913300559007,222.0,11.52692817959689,0.6609102293115909,4.0,NE,True
549300QLO8TSQW5JTK72,2025,1744,1701,43,0.9753440366972477,0.024655963302752295,0.8698394495412844,0.10263761467889908,0.0,0.027522935779816515,0.9724770642201835,0.9724770642201834,19850.0,207050.0,207050.0,10.0,7.0,WEST GATE BK,1403917.0,1302261.0,1061736.0,1403917.0,WEST GATE BANK,31.0,NMB,True,1403917.0,6.43998623853211,NM,24548.0,19850_20251231,0.3005839137660168,3.5295702727444827,218.0,11.509440666695191,0.9383376813384298,4.0,NE,True
549300R0SXC1JU7ZU290,2023,3231,3085,146,0.9548127514701331,0.045187248529866914,0.5181058495821727,0.43051686784277315,0.0,0.05137728257505416,0.9486227174249457,0.9486227174249459,27211.0,3120329.0,1188772.0,11.0,7.0,FIRST CMNTY BK OF TN,790272.0,783711.0,2016340.0,790272.0,FIRST COMMUNITY MORTGAGE,47.0,NMB,True,789751.0,1.4597985212569315,NM,58519.0,27211_20231231,1.4180621838292395,10.96699948520873,541.0,11.391186454657694,-1.1116398695862115,4.0,TN,True
549300R0SXC1JU7ZU290,2024,5017,4818,199,0.9603348614709986,0.039665138529001394,0.5142515447478573,0.47717759617301175,0.0,0.008570859079130955,0.9914291409208691,0.9914291409208691,27211.0,3120329.0,1188772.0,11.0,7.0,FIRST CMNTY BK OF TN,787865.0,790272.0,2016340.0,787865.0,FIRST COMMUNITY MORTGAGE,47.0,NMB,True,785650.0,1.513776493256262,NM,62713.0,27211_20241231,0.9900291154649434,12.093920095913466,519.0,11.26218624281166,0.3017269467255323,4.0,TN,True
549300R0SXC1JU7ZU290,2025,4760,4580,180,0.9621848739495799,0.037815126050420166,0.6422268907563026,0.3445378151260504,0.0,0.013235294117647059,0.986764705882353,0.986764705882353,27211.0,3120329.0,1188772.0,11.0,7.0,FIRST CMNTY BK OF TN,834873.0,787865.0,2016340.0,834873.0,"FIRST COMMUNITY MORTGAGE, INC.",47.0,NMB,True,834873.0,1.7249442148760332,NM,63759.0,27211_20251231,1.3539335381006037,12.438441093439373,484.0,11.545026536762196,0.7280434267828866,4.0,TN,True
549300RBJCM5B02O5U05,2023,850,833,17,0.98,0.02,0.35294117647058826,0.36941176470588233,0.0,0.2776470588235294,0.7223529411764706,0.7223529411764706,32647.0,1387605.0,1387605.0,10.0,7.0,NORTHWEST BK,2609983.0,2471026.0,1978713.0,3058314.0,NORTHWEST BANK,19.0,NMB,True,2609983.0,7.933079027355624,NM,33487.0,32647_20231231,1.2412215084044709,2.401800863297996,329.0,8.388661164965837,0.5963097263623814,4.0,IA,True
549300RBJCM5B02O5U05,2024,866,850,16,0.9815242494226328,0.018475750577367205,0.4676674364896074,0.38683602771362585,0.0,0.14549653579676675,0.8545034642032332,0.8545034642032332,32647.0,1387605.0,1387605.0,10.0,7.0,NORTHWEST BK,2902292.0,2609983.0,1978713.0,2902292.0,NORTHWEST BANK,19.0,NMB,True,2902292.0,7.273914786967419,NM,40388.0,32647_20241231,0.5747455169369378,2.503500467291296,399.0,9.592102652314564,0.5945227386981299,4.0,IA,True
549300RBJCM5B02O5U05,2025,811,796,15,0.9815043156596794,0.018495684340320593,0.45869297163995065,0.3847102342786683,0.0,0.15659679408138102,0.843403205918619,0.843403205918619,32647.0,1387605.0,1387605.0,10.0,7.0,NORTHWEST BK,2952557.0,2902292.0,1978713.0,2952557.0,NORTHWEST BANK,19.0,NMB,True,2952557.0,7.532033163265306,NM,42332.0,32647_20251231,0.2326966214184954,2.4816337522612755,392.0,10.021927008939318,1.0314357293992982,4.0,IA,True
549300REENMLD2RN3W58,2023,845,811,34,0.9597633136094674,0.040236686390532544,0.7526627218934911,0.23668639053254437,0.0,0.010650887573964497,0.9893491124260355,0.9905325443786982,8120.0,261146.0,261146.0,10.0,7.0,MAGNOLIA BK,478230.0,450910.0,1095843.0,478230.0,MAGNOLIA BANK,21.0,NMB,True,478230.0,1.8322988505747129,NM,23973.0,8120_20231231,0.018203120345793,8.877023600546128,261.0,10.647167448474944,-0.1447328758621912,4.0,KY,True
549300REENMLD2RN3W58,2024,1353,1305,48,0.9645232815964523,0.03547671840354767,0.7642276422764228,0.22985957132298596,0.0,0.005912786400591279,0.9940872135994088,0.9940872135994088,8120.0,261146.0,261146.0,10.0,7.0,MAGNOLIA BK,480403.0,478230.0,1095843.0,480403.0,MAGNOLIA BANK,21.0,NMB,True,480403.0,1.5854884488448846,NM,34644.0,8120_20241231,0.9455306522545436,11.681571476810555,303.0,10.766743538195293,0.8934373298709257,4.0,KY,True
549300REENMLD2RN3W58,2025,1043,1003,40,0.9616490891658677,0.038350910834132314,0.7593480345158198,0.23969319271332695,0.0,0.0009587727708533077,0.9990412272291467,0.9990412272291467,8120.0,261146.0,261146.0,10.0,7.0,MAGNOLIA BK,515459.0,480403.0,1095843.0,515459.0,MAGNOLIA BANK,21.0,NMB,True,515459.0,1.581162576687117,NM,36867.0,8120_20251231,2.1455947651320404,12.26062568808814,326.0,11.051828813582915,0.8038074880061717,4.0,KY,True
549300RFLICNI75BG067,2025,3944,3863,81,0.9794624746450304,0.020537525354969575,0.45334685598377283,0.5063387423935092,0.0,0.04031440162271805,0.9596855983772821,0.9639959432048681,16635.0,310754.0,310754.0,10.0,7.0,LUMINATE BK,511047.0,335841.0,5715064.0,511047.0,LUMINATE BANK,27.0,NMB,True,511047.0,0.6841325301204819,NM,97344.0,16635_20251231,2.493868087998646,31.22045819701149,747.0,10.094663225904627,3.715702331443955,8.0,MN,True
549300RFSMIRUODUVW59,2023,590,453,137,0.7677966101694915,0.23220338983050848,0.6949152542372882,0.16440677966101694,0.0,0.14067796610169492,0.8593220338983051,0.864406779661017,1105.0,659855.0,659855.0,10.0,7.0,FIRST INTRST BK,30603575.0,32216733.0,1123670.0,30671202.0,FIRST INTERSTATE BANK,30.0,SMB,True,30603575.0,9.019621279104038,SM,303420.0,1105_20231231,0.8440259345198389,2.0784934286792343,3393.0,8.163339326674492,0.8877074886460008,4.0,MT,True
549300RIPPSJXAQKZ383,2023,582,560,22,0.9621993127147767,0.037800687285223365,0.6030927835051546,0.3917525773195876,0.0,0.005154639175257732,0.9948453608247423,0.9965635738831615,11729.0,340742.0,340742.0,10.0,7.0,CIBM BK,890895.0,745082.0,1139532.0,899060.0,CIBM BANK,17.0,NMB,True,890895.0,4.616036269430052,NM,18526.0,11729_20231231,0.4889363616843482,3.338804754321144,193.0,8.75641886891275,0.2109811859024008,4.0,IL,True
549300RIPPSJXAQKZ383,2024,512,498,14,0.97265625,0.02734375,0.775390625,0.224609375,0.0,0.0,1.0,1.0,11729.0,340742.0,340742.0,10.0,7.0,CIBM BK,858434.0,890895.0,1139532.0,866474.0,CIBM BANK,17.0,NMB,True,858434.0,5.202630303030303,NM,18055.0,11729_20241231,0.8062824424149335,2.9964524341785475,165.0,9.121807367421402,0.7360264316881133,4.0,IL,True
549300RM1IZYGQDSNL85,2025,557,543,14,0.9748653500897666,0.025134649910233394,0.5727109515260324,0.2764811490125673,0.0,0.15080789946140036,0.8491921005385996,0.8491921005385996,3302.0,809650.0,809650.0,10.0,7.0,TEXANA BK NA,339970.0,293534.0,1104071.0,339970.0,TEXANA BANK,48.0,NAT,True,339970.0,0.8970184696569922,N,47230.0,3302_20251231,0.5348391356237779,23.053557288511296,379.0,9.080963492756098,1.5362148853635569,4.0,TX,True
549300SCFWZXMDMZPE93,2023,865,843,22,0.9745664739884393,0.025433526011560695,0.4393063583815029,0.5329479768786127,0.0,0.027745664739884393,0.9722543352601156,0.9722543352601156,33216.0,4802136.0,1718188.0,11.0,7.0,NORTHRIM BK,2788920.0,2656653.0,3025385.0,2788920.0,RESIDENTIAL MORTGAGE LLC,2.0,NMB,True,2788920.0,5.908728813559322,NM,60068.0,33216_20231231,0.3700668294307794,3.406470676097293,472.0,7.42581218661496,0.9939547654758176,4.0,AK,True
549300SCFWZXMDMZPE93,2024,963,934,29,0.9698857736240913,0.030114226375908618,0.5036344755970924,0.4755970924195223,0.0,0.020768431983385256,0.9792315680166147,0.9792315680166147,33216.0,4802136.0,1718188.0,11.0,7.0,NORTHRIM BK,3029564.0,2788920.0,3025385.0,3029564.0,"RESIDENTIAL MORTGAGE, LLC",2.0,NMB,True,3029564.0,6.022990059642146,NM,66071.0,33216_20241231,0.4985118752224908,3.5532351116105123,503.0,7.242330791531272,1.305232249372488,4.0,AK,True
549300SCFWZXMDMZPE93,2025,994,955,39,0.9607645875251509,0.039235412474849095,0.5120724346076458,0.4607645875251509,0.0,0.02716297786720322,0.9728370221327968,0.9738430583501007,33216.0,4802136.0,1718188.0,11.0,7.0,NORTHRIM BK,3270854.0,3029564.0,3025385.0,3270854.0,"RESIDENTIAL MORTGAGE, LLC",2.0,NMB,True,3270854.0,6.338864341085272,NM,75685.0,33216_20251231,0.4818087467927465,3.731019046783112,516.0,9.605737504018249,1.8036450953593055,4.0,AK,True
549300SFG15JDKI5MD22,2023,933,849,84,0.909967845659164,0.09003215434083602,0.6816720257234726,0.01607717041800643,0.0,0.3022508038585209,0.697749196141479,0.6977491961414791,5903.0,121642.0,121642.0,10.0,7.0,BANKPLUS,7638543.0,7028113.0,1097306.0,7642511.0,BANKPLUS,28.0,NMB,True,7638543.0,6.7657599645704165,NM,126527.0,5903_20231231,0.1410930977893936,3.010732192339409,1129.0,10.0118515051332,0.9331670545188748,4.0,MS,True
549300SFG15JDKI5MD22,2024,725,657,68,0.9062068965517242,0.09379310344827586,0.6537931034482759,0.016551724137931035,0.0,0.3296551724137931,0.670344827586207,0.670344827586207,5903.0,121642.0,121642.0,10.0,7.0,BANKPLUS,7922084.0,7638543.0,1097306.0,7926781.0,BANKPLUS,28.0,NMB,True,7922084.0,7.281327205882353,NM,128824.0,5903_20241231,0.3819112782960761,2.832240365182498,1088.0,10.125438654043595,0.93513770548424,4.0,MS,True
549300SFG15JDKI5MD22,2025,734,648,86,0.8828337874659401,0.11716621253405994,0.6021798365122616,0.010899182561307902,0.0,0.3869209809264305,0.6130790190735695,0.6130790190735695,5903.0,121642.0,121642.0,10.0,7.0,BANKPLUS,8074068.0,7922084.0,1097306.0,8078448.0,BANKPLUS,28.0,NMB,True,8074068.0,7.581284507042254,NM,133949.0,5903_20251231,0.444705839037498,2.876791296828693,1065.0,10.9077779610773,1.1367196261019723,4.0,MS,True
549300SKTBTC2QFDKG02,2023,663,606,57,0.9140271493212669,0.08597285067873303,0.09954751131221719,0.4555052790346908,0.0,0.444947209653092,0.555052790346908,0.555052790346908,12854.0,783648.0,783648.0,10.0,7.0,CENTIER BK,8718026.0,6722761.0,1204560.0,8728634.0,CENTIER BANK,18.0,NMB,True,8718026.0,9.024871635610763,NM,90651.0,12854_20231231,0.1967804586207583,1.9460853290508924,966.0,9.467289079913296,1.839656247981293,4.0,IN,True
549300SKTBTC2QFDKG02,2024,542,507,35,0.9354243542435424,0.06457564575645756,0.03505535055350553,0.6365313653136532,0.0,0.3284132841328413,0.6715867158671587,0.6715867158671587,12854.0,783648.0,783648.0,10.0,7.0,CENTIER BK,9692491.0,8718026.0,1204560.0,9703244.0,CENTIER BANK,18.0,NMB,True,9692491.0,9.42849319066148,NM,99288.0,12854_20241231,0.103587711617385,1.810657683823076,1028.0,9.609522471012609,1.6657454480830969,4.0,IN,True
549300SKTBTC2QFDKG02,2025,592,562,30,0.9493243243243243,0.05067567567567568,0.04222972972972973,0.6587837837837838,0.0,0.2989864864864865,0.7010135135135135,0.7010135135135135,12854.0,783648.0,783648.0,10.0,7.0,CENTIER BK,9663367.0,9692491.0,1204560.0,9700368.0,CENTIER BANK,18.0,NMB,True,9663367.0,9.022751633986928,NM,108538.0,12854_20251231,0.3379515474289889,1.7857690191183213,1071.0,10.617547052854636,1.6654613947149992,4.0,IN,True
549300SLZFPDLWNB0O94,2023,606,584,22,0.9636963696369637,0.036303630363036306,0.8250825082508251,0.15841584158415842,0.0,0.0165016501650165,0.9834983498349835,0.9867986798679867,35214.0,2839790.0,2839790.0,10.0,7.0,FIRST RELIANCE BK,971957.0,934534.0,3070312.0,971957.0,FIRST RELIANCE BANK,45.0,NMB,True,971957.0,5.890648484848485,NM,17933.0,35214_20231231,0.0415281226763191,3.0335329618390907,165.0,10.319103919079447,0.6238433459132527,4.0,SC,True
549300SLZFPDLWNB0O94,2024,740,711,29,0.9608108108108108,0.03918918918918919,0.8094594594594594,0.18243243243243243,0.0,0.008108108108108109,0.9918918918918919,0.9918918918918919,35214.0,2839790.0,2839790.0,10.0,7.0,FIRST RELIANCE BK,1065501.0,971957.0,3070312.0,1065501.0,FIRST RELIANCE BANK,45.0,NMB,True,1065501.0,6.304739644970415,NM,19136.0,35214_20241231,0.1536149866264599,3.0578157864003805,169.0,9.962427028286784,0.709578226856129,4.0,SC,True
549300SLZFPDLWNB0O94,2025,694,669,25,0.9639769452449568,0.03602305475504323,0.7420749279538905,0.2564841498559078,0.0,0.001440922190201729,0.9985590778097984,0.9985590778097982,35214.0,2839790.0,2839790.0,10.0,7.0,FIRST RELIANCE BK,1091534.0,1065501.0,3070312.0,1091534.0,FIRST RELIANCE BANK,45.0,NMB,True,1091534.0,7.042154838709678,NM,21664.0,35214_20251231,0.3097788628313333,3.2172922691193357,155.0,10.158840476348589,1.1021958568081474,4.0,SC,True
549300SNZET0P5BZ3J56,2023,519,477,42,0.9190751445086706,0.08092485549132948,0.0,0.4682080924855491,0.0,0.5317919075144508,0.4682080924855491,0.4682080924855492,18429.0,825146.0,825146.0,10.0,7.0,MORTON CMNTY BK,5577863.0,4865566.0,2762795.0,5577863.0,MORTON COMMUNITY BANK,17.0,NMB,True,5577863.0,10.16004189435337,NM,48038.0,18429_20231231,1.3576771055201653,1.672299738876848,549.0,9.114131312450738,1.3202595980683791,4.0,IL,True
549300SYR11CYON0JE74,2023,500,474,26,0.948,0.052,0.644,0.344,0.0,0.012,0.988,0.992,90196.0,4522881.0,771609.0,21.0,7.0,BAYCOAST BK,2879323.0,149009.0,2623430.0,2879323.0,"BAYCOAST MORTGAGE COMPANY, LLC",25.0,SSB,True,2879323.0,5.4636110056926,SI,64690.0,90196_20231231,0.1718385688948525,3.626848538144952,527.0,8.060022283873026,0.3613101533846305,4.0,MA,True
549300SYR11CYON0JE74,2024,592,578,14,0.9763513513513513,0.02364864864864865,0.581081081081081,0.40878378378378377,0.0,0.010135135135135136,0.9898648648648648,0.9949324324324325,90196.0,4522881.0,771609.0,21.0,7.0,BAYCOAST BK,2921141.0,2879323.0,2623430.0,2921141.0,"BAYCOAST MORTGAGE COMPANY, LLC",25.0,SSB,True,2921141.0,5.628402697495183,SI,60677.0,90196_20241231,0.2307623508087915,3.438941339558073,519.0,8.137601513086897,0.3829988217781772,4.0,MA,True
549300SYR11CYON0JE74,2025,522,509,13,0.975095785440613,0.02490421455938697,0.3620689655172414,0.6187739463601533,0.0,0.019157088122605363,0.9808429118773947,0.9904214559386973,90196.0,4522881.0,771609.0,21.0,7.0,BAYCOAST BK,2848338.0,2921141.0,2623430.0,2848338.0,"BAYCOAST MORTGAGE COMPANY, LLC",25.0,SSB,True,2846896.0,5.4748,SI,72827.0,90196_20251231,1.2055649161151354,3.936740223763495,520.0,8.183665721397539,0.4591267020082982,4.0,MA,True
549300T7AIY7RU1YDP31,2023,767,725,42,0.9452411994784876,0.054758800521512385,0.6883963494132985,0.2033898305084746,0.0,0.10821382007822686,0.8917861799217731,0.893089960886571,59052.0,4210227.0,4210227.0,10.0,7.0,NBH BK,9914570.0,9523916.0,3973888.0,9954236.0,NBH BANK,8.0,SMB,True,9914570.0,7.995620967741935,SM,128914.0,59052_20231231,0.3734260201447134,2.353320288358224,1240.0,8.88800956808071,1.5797727832066506,4.0,CO,True
549300T7AIY7RU1YDP31,2024,573,538,35,0.9389179755671903,0.06108202443280977,0.6509598603839442,0.21465968586387435,0.0,0.1343804537521815,0.8656195462478184,0.8673647469458987,59052.0,4210227.0,4210227.0,10.0,7.0,NBH BK,9771263.0,9914570.0,3973888.0,9812126.0,NBH BANK,8.0,SMB,True,9771263.0,7.645745696400627,SM,136315.0,59052_20241231,0.6550585635268166,2.4402720844391346,1278.0,9.528923179119673,1.3166294842711348,4.0,CO,True
549300T7AIY7RU1YDP31,2025,560,534,26,0.9535714285714286,0.04642857142857143,0.7017857142857142,0.16964285714285715,0.0,0.12857142857142856,0.8714285714285714,0.8714285714285714,59052.0,4210227.0,4210227.0,10.0,7.0,NBH BK,9836878.0,9771263.0,3973888.0,9883518.0,NBH BANK,8.0,SMB,True,9836878.0,7.763913180741911,SM,138707.0,59052_20251231,0.5408410857375744,2.5065770731887085,1267.0,10.155902816719694,1.1782144713242704,4.0,CO,True
549300T9P3WXNMXX0I34,2023,2597,2544,53,0.9795918367346939,0.02040816326530612,0.45899114362726223,0.5375433192144783,0.0,0.0034655371582595304,0.9965344628417405,0.9965344628417405,12514.0,529341.0,529341.0,10.0,7.0,IXONIA BK,707256.0,607423.0,1247295.0,707256.0,IXONIA BANK,55.0,NMB,True,707256.0,1.4921012658227848,NM,51760.0,12514_20231231,0.1290818378852192,11.428323000039793,474.0,9.60308920316094,0.6341454069038289,4.0,WI,True
549300T9P3WXNMXX0I34,2024,3432,3321,111,0.9676573426573427,0.032342657342657344,0.43123543123543123,0.5343822843822844,0.0,0.034382284382284384,0.9656177156177157,0.9659090909090909,12514.0,529341.0,529341.0,10.0,7.0,IXONIA BK,810617.0,707256.0,1247295.0,810617.0,IXONIA BANK,55.0,NMB,True,810617.0,1.2153178410794605,NM,75764.0,12514_20241231,0.2064559560627066,13.936280425713884,667.0,9.889831954749209,1.3490419458289342,4.0,WI,True
549300T9P3WXNMXX0I34,2025,3809,3707,102,0.9732213179312156,0.02677868206878446,0.5248096613284327,0.4449986873195064,0.0,0.030191651352060908,0.9698083486479391,0.9698083486479391,12514.0,529341.0,529341.0,10.0,7.0,IXONIA BK,951221.0,810617.0,1247295.0,951221.0,IXONIA BANK,55.0,NMB,True,951221.0,1.3726132756132756,NM,90653.0,12514_20251231,0.5517099489167481,14.697562117823136,693.0,9.725522642217369,1.5131698293475595,4.0,WI,True
549300TQVOMKNKFOH392,2023,985,972,13,0.9868020304568528,0.013197969543147208,0.19898477157360406,0.7654822335025381,0.0,0.03553299492385787,0.9644670050761421,0.9644670050761421,27774.0,657271.0,657271.0,20.0,7.0,GATE CITY BK,3495339.0,3392287.0,657271.0,3495339.0,GATE CITY BANK,38.0,CSA,True,3495339.0,5.22472197309417,SB,60991.0,27774_20231231,0.5245308771911452,4.023982109046686,669.0,9.675545623588528,0.4087608468555092,5.0,ND,True
549300TQVOMKNKFOH392,2024,968,945,23,0.9762396694214877,0.023760330578512397,0.03512396694214876,0.9297520661157025,0.0,0.03512396694214876,0.9648760330578513,0.9648760330578512,27774.0,657271.0,657271.0,20.0,7.0,GATE CITY BK,3768316.0,3495339.0,657271.0,3768316.0,GATE CITY BANK,38.0,CSA,True,3768316.0,5.599280832095097,SB,65110.0,27774_20241231,0.785811839937723,4.010645899156024,673.0,9.489859121871518,0.3182925084108319,6.0,ND,True
549300TQVOMKNKFOH392,2025,925,917,8,0.9913513513513513,0.008648648648648649,0.021621621621621623,0.9394594594594594,0.0,0.03891891891891892,0.961081081081081,0.9621621621621621,27774.0,657271.0,657271.0,20.0,7.0,GATE CITY BK,3982369.0,3768316.0,657271.0,3982369.0,GATE CITY BANK,38.0,CSA,True,3982369.0,5.943834328358209,SB,69436.0,27774_20251231,0.7181088314005353,3.88445412599116,670.0,9.746746882477376,0.6036335689239072,5.0,ND,True
549300U82B82JH54TO79,2025,595,583,12,0.9798319327731092,0.020168067226890758,0.8941176470588236,0.06050420168067227,0.0,0.0453781512605042,0.9546218487394958,0.9546218487394958,29692.0,529275.0,529275.0,20.0,7.0,LINCOLN FSB OF NE,387752.0,362061.0,3824346.0,387752.0,LINCOLN FEDERAL SVGS BK OF NE,31.0,FSB,True,387752.0,4.508744186046512,SB,7946.0,29692_20251231,0.4685719524813684,3.248909290903537,86.0,11.805828396012426,0.1543392962879654,4.0,NE,True
549300UF3FPC7U6RFC59,2023,3134,3060,74,0.9763880025526483,0.023611997447351627,0.46266751754945756,0.22686662412252712,0.0,0.3104658583280153,0.6895341416719847,0.6914486279514998,12633.0,853952.0,853952.0,10.0,7.0,CENTRAL TR BK,19000390.0,19309880.0,1094314.0,19036595.0,THE CENTRAL TRUST BANK,29.0,SMB,True,19000390.0,6.669143559143559,SM,261609.0,12633_20231231,0.179039732794366,2.4002989713769147,2849.0,8.158720657215321,1.289157708249348,4.0,MO,True
549300UF3FPC7U6RFC59,2024,2854,2790,64,0.9775753328661527,0.02242466713384723,0.49649614576033635,0.22494744218640506,0.0,0.2785564120532586,0.7214435879467413,0.7217939733707077,12633.0,853952.0,853952.0,10.0,7.0,CENTRAL TR BK,19230483.0,19000390.0,1094314.0,19273492.0,THE CENTRAL TRUST BANK,29.0,SMB,True,19230483.0,6.545433287950988,SM,271907.0,12633_20241231,0.3390816665641385,2.496965760315541,2938.0,8.327147221239944,1.407290366023119,4.0,MO,True
549300UF3FPC7U6RFC59,2025,2597,2546,51,0.980361956103196,0.019638043896804003,0.3881401617250674,0.3288409703504043,0.0,0.2830188679245283,0.7169811320754718,0.7169811320754718,12633.0,853952.0,853952.0,10.0,7.0,CENTRAL TR BK,20799746.0,19230483.0,1094314.0,20838056.0,THE CENTRAL TRUST BANK,29.0,SMB,True,20799746.0,7.159981411359724,SM,288430.0,12633_20251231,0.4004736114474554,2.4824260523382717,2905.0,8.207564023152488,1.824880241962631,4.0,MO,True
549300UXY7OP0IC38293,2023,4031,3844,187,0.9536095261721658,0.04639047382783428,0.4547258744728355,0.4951624906970975,0.0,0.05011163483006698,0.949888365169933,0.9503845199702308,34953.0,2737980.0,2737980.0,10.0,7.0,NORTHPOINTE BK,4758446.0,4401730.0,2737814.0,4758479.0,NORTHPOINTE BANK,26.0,NMB,True,4758446.0,7.800731147540984,NM,104286.0,34953_20231231,1.5048231075647094,3.2744404426382814,610.0,9.449626547186345,0.7542655615689648,5.0,MI,True
549300UXY7OP0IC38293,2024,2033,1940,93,0.9542547958681751,0.04574520413182489,0.49335956714215445,0.4013772749631087,0.0,0.10526315789473684,0.8947368421052632,0.8947368421052632,34953.0,2737980.0,2737980.0,10.0,7.0,NORTHPOINTE BK,5223965.0,4758446.0,2737814.0,5224012.0,NORTHPOINTE BANK,26.0,NMB,True,5223965.0,10.44793,NM,77792.0,34953_20241231,1.699826495152564,2.2538685671536007,500.0,9.094696068035748,1.1244635193133048,5.0,MI,True
549300UXY7OP0IC38293,2025,2165,2067,98,0.9547344110854503,0.045265588914549654,0.39676674364896075,0.4646651270207852,0.0,0.13856812933025403,0.8614318706697459,0.8614318706697459,34953.0,2737980.0,2737980.0,10.0,7.0,NORTHPOINTE BK,7022546.0,5223965.0,2737814.0,7022825.0,NORTHPOINTE BANK,26.0,NMB,True,7022546.0,14.420012320328542,NM,90171.0,34953_20251231,1.4368778373460291,2.032888719732037,487.0,9.503658433138307,1.3888723779647676,9.0,MI,True
549300VHBALPLHRR4080,2023,691,650,41,0.9406657018813314,0.059334298118668596,0.5918958031837916,0.2937771345875543,0.0,0.11432706222865413,0.8856729377713459,0.8856729377713459,25103.0,575254.0,575254.0,10.0,7.0,CITY BK,4202495.0,3942106.0,2033226.0,4204793.0,CITY BANK,48.0,NMB,True,4202495.0,7.208396226415094,NM,79277.0,25103_20231231,0.1710001677313867,3.153342224228426,583.0,10.597842128472733,1.7030113093471386,4.0,TX,True
549300VHBALPLHRR4080,2024,532,497,35,0.9342105263157895,0.06578947368421052,0.618421052631579,0.25375939849624063,0.0,0.12781954887218044,0.8721804511278196,0.8721804511278195,25103.0,575254.0,575254.0,10.0,7.0,CITY BK,4230555.0,4202495.0,2033226.0,4232239.0,CITY BANK,48.0,NMB,True,4230555.0,7.435070298769772,NM,74225.0,25103_20241231,0.7810843816938245,2.952612010898179,569.0,10.964006678134307,1.336027695545936,4.0,TX,True
549300VIZR4H7AB15496,2023,677,626,51,0.9246676514032496,0.07533234859675036,0.9571639586410635,0.026587887740029542,0.0,0.01624815361890694,0.983751846381093,0.983751846381093,15032.0,113740.0,113740.0,10.0,7.0,FIRST ST BK,1150248.0,957924.0,1204177.0,1150248.0,FIRST STATE BANK,26.0,SMB,True,1150248.0,6.251347826086957,SM,17482.0,15032_20231231,0.1799228943811518,2.82859118260246,184.0,9.512294778176928,1.3118531775523157,4.0,MI,True
549300VIZR4H7AB15496,2024,731,691,40,0.945280437756498,0.05471956224350205,0.9247606019151847,0.057455540355677154,0.0,0.017783857729138167,0.9822161422708618,0.9822161422708618,15032.0,113740.0,113740.0,10.0,7.0,FIRST ST BK,1246263.0,1150248.0,1204177.0,1246263.0,FIRST STATE BANK,26.0,SMB,True,1246263.0,7.001477528089887,SM,19197.0,15032_20241231,0.3278393717220499,2.611922382659768,178.0,9.126203369907188,1.104089535310751,4.0,MI,True
549300VIZR4H7AB15496,2025,661,644,17,0.9742813918305597,0.025718608169440244,0.9470499243570348,0.039334341906202726,0.0,0.01361573373676248,0.9863842662632376,0.9863842662632375,15032.0,113740.0,113740.0,10.0,7.0,FIRST ST BK,1316947.0,1246263.0,1204177.0,1316947.0,FIRST STATE BANK,26.0,SMB,True,1316947.0,6.9313,SM,20269.0,15032_20251231,0.8143211404251786,2.72921488010809,190.0,9.553879423230894,1.1609627726949174,4.0,MI,True
549300VUQ4KD10YTTM53,2023,1153,1124,29,0.9748482220294883,0.02515177797051171,0.6825672159583694,0.2532523850823938,0.0,0.06418039895923677,0.9358196010407632,0.955767562879445,26333.0,852704.0,852704.0,10.0,7.0,GENESEE REGIONAL BK,1137920.0,1116398.0,3644722.0,1137920.0,GENESEE REGIONAL BANK,36.0,NMB,True,1137920.0,7.437385620915033,NM,13484.0,26333_20231231,0.1111109780759362,2.08122177495742,153.0,9.514378849365132,0.4993535466760251,4.0,NY,True
549300VUQ4KD10YTTM53,2024,1165,1130,35,0.9699570815450643,0.030042918454935622,0.5630901287553648,0.3828326180257511,0.0,0.05407725321888412,0.9459227467811159,0.9699570815450643,26333.0,852704.0,852704.0,10.0,7.0,GENESEE REGIONAL BK,1236709.0,1137920.0,3644722.0,1236709.0,GENESEE REGIONAL BANK,36.0,NMB,True,1236709.0,8.030577922077923,NM,14733.0,26333_20241231,0.1050128640758493,2.040922504043456,154.0,9.52829939497652,0.8088596056119097,4.0,NY,True
549300VUQ4KD10YTTM53,2025,1287,1246,41,0.9681429681429682,0.031857031857031856,0.4568764568764569,0.5042735042735043,0.0,0.03885003885003885,0.9611499611499612,0.986013986013986,26333.0,852704.0,852704.0,10.0,7.0,GENESEE REGIONAL BK,1308838.0,1236709.0,3644722.0,1308838.0,GENESEE REGIONAL BANK,36.0,NMB,True,1308838.0,7.79070238095238,NM,17667.0,26333_20251231,0.7150763448840991,2.252437731754262,168.0,10.188446288276578,1.1857567301617415,4.0,NY,True
549300WIBPMHJJ84YQ06,2023,536,531,5,0.9906716417910447,0.009328358208955223,0.10634328358208955,0.8097014925373134,0.0,0.08395522388059702,0.9160447761194029,0.9160447761194029,57377.0,3145797.0,3145797.0,10.0,7.0,TRADITIONS BK,840071.0,776801.0,5558122.0,840071.0,TRADITIONS BANK,42.0,NMB,True,840071.0,6.043676258992806,NM,15612.0,57377_20231231,0.5872555197581157,3.0360413210864112,139.0,8.69413111572145,0.6121678448507033,4.0,PA,True
549300WIBPMHJJ84YQ06,2024,627,613,14,0.9776714513556619,0.022328548644338118,0.20414673046251994,0.7320574162679426,0.0,0.06379585326953748,0.9362041467304626,0.9362041467304625,57377.0,3145797.0,3145797.0,10.0,7.0,TRADITIONS BK,870088.0,840071.0,5558122.0,870088.0,TRADITIONS BANK,42.0,NMB,True,870088.0,6.641893129770992,NM,14659.0,57377_20241231,0.6402134141473957,2.820456908397921,131.0,9.020079026446142,0.5235950356023544,4.0,PA,True
549300WRDGBHKR1BXL98,2024,741,669,72,0.902834008097166,0.09716599190283401,0.5479082321187584,0.41295546558704455,0.0,0.03913630229419703,0.9608636977058029,0.9608636977058029,8056.0,963945.0,963945.0,10.0,7.0,MERCHANTS BK OF IN,18622251.0,16635872.0,3530786.0,18805732.0,MERCHANTS BANK OF INDIANA,18.0,NMB,True,18622251.0,28.172845688350986,NM,129517.0,8056_20241231,1.912098725354049,1.2250372450495084,661.0,11.200424812807636,1.8066524916964768,4.0,IN,True
549300WRDGBHKR1BXL98,2025,558,513,45,0.9193548387096774,0.08064516129032258,0.6093189964157706,0.3207885304659498,0.0,0.06989247311827956,0.9301075268817204,0.9301075268817205,8056.0,963945.0,963945.0,10.0,7.0,MERCHANTS BK OF IN,19390856.0,18622251.0,3530786.0,19448943.0,MERCHANTS BANK OF INDIANA,18.0,NMB,True,19390856.0,26.78295027624309,NM,165908.0,8056_20251231,1.2739225140166446,1.5609067777711847,724.0,11.276600507371842,1.1960757221004443,4.0,IN,True
549300WWJ28EP3GZG107,2023,1157,955,202,0.8254105445116681,0.17458945548833188,0.15643906655142611,0.000864304235090752,0.0,0.8426966292134831,0.15730337078651688,0.1573033707865169,30387.0,510871.0,510871.0,10.0,7.0,FIRSTBANK PR,18901836.0,13306675.0,2744894.0,18909549.0,FIRSTBANK,72.0,NMB,True,18901836.0,6.054399743754003,NM,214357.0,30387_20231231,1.1741142412057688,2.536549788203168,3122.0,11.451519592668424,1.6498114303378633,4.0,PR,True
549300WWJ28EP3GZG107,2024,1119,922,197,0.8239499553172476,0.17605004468275245,0.13315460232350312,0.0,0.0,0.8668453976764968,0.13315460232350312,0.13315460232350318,30387.0,510871.0,510871.0,10.0,7.0,FIRSTBANK PR,19286191.0,18901836.0,2744894.0,19292921.0,FIRSTBANK,72.0,NMB,True,19286191.0,6.298560091443501,NM,228519.0,30387_20241231,1.0175419955379448,2.6027013472410467,3062.0,11.198571634419194,1.6140588110080056,4.0,PR,True
549300WWJ28EP3GZG107,2025,1098,925,173,0.8424408014571949,0.1575591985428051,0.0482695810564663,0.0,0.0,0.9517304189435337,0.0482695810564663,0.04826958105646628,30387.0,510871.0,510871.0,10.0,7.0,FIRSTBANK PR,19111594.0,19286191.0,2744894.0,19132892.0,FIRSTBANK,72.0,NMB,True,19111594.0,6.032700126262626,NM,237399.0,30387_20251231,0.947157951653368,2.5931754304058003,3168.0,11.297844460882846,1.6906250210308589,4.0,PR,True
549300WYBPIWKK6SQC06,2023,5710,5543,167,0.9707530647985989,0.02924693520140105,0.6961471103327496,0.28231173380035024,0.0,0.021541155866900176,0.9784588441330998,0.9784588441330998,19581.0,929352.0,929352.0,10.0,7.0,BELL BK,14010713.0,12493973.0,1417333.0,14302842.0,BELL BANK,38.0,NMB,True,14010713.0,7.516476931330472,NM,230453.0,19581_20231231,0.3996524747075592,2.7029977422672777,1864.0,9.38927068479151,0.5044643496170735,4.0,ND,True
549300WYBPIWKK6SQC06,2024,6093,5923,170,0.9720991301493517,0.027900869850648286,0.6678155260134581,0.3236500902675201,0.0,0.008534383719021828,0.9914656162809782,0.9914656162809782,19581.0,929352.0,929352.0,10.0,7.0,BELL BK,14533697.0,14010713.0,1417333.0,14755544.0,BELL BANK,38.0,NMB,True,14533697.0,7.714276539278131,NM,237715.0,19581_20241231,0.7624021610722089,2.76291925954186,1884.0,9.359535249165903,0.4083581887251039,4.0,ND,True
549300WYBPIWKK6SQC06,2025,5975,5834,141,0.9764016736401674,0.023598326359832635,0.5407531380753138,0.44451882845188284,0.0,0.014728033472803347,0.9852719665271966,0.9852719665271966,19581.0,929352.0,929352.0,10.0,7.0,BELL BK,14443599.0,14533697.0,1417333.0,14579606.0,BELL BANK,38.0,NMB,True,14443599.0,7.558136577708006,NM,256319.0,19581_20251231,0.8855381721640564,2.9644368308040487,1911.0,9.773143289245576,0.5918452107658141,4.0,ND,True
549300XJN2FXJNUZ8F52,2024,575,564,11,0.9808695652173913,0.019130434782608695,0.5043478260869565,0.4956521739130435,0.0,0.0,1.0,1.0,17491.0,3816668.0,637451.0,11.0,7.0,PLAINSCAPITAL BK,13329161.0,13407371.0,5213690.0,13329161.0,PRIMELENDING VENTURES LLC,48.0,SMB,True,13329161.0,5.655138311412813,SM,362267.0,17491_20241231,1.3052989888814135,4.246002998872878,2357.0,9.986746375868597,0.8374624224675178,4.0,TX,True
549300XKEC7P1D7OKJ16,2025,583,567,16,0.9725557461406518,0.0274442538593482,0.8370497427101201,0.07032590051457976,0.0,0.09262435677530018,0.9073756432246999,0.9073756432246998,34207.0,2482824.0,2482824.0,10.0,7.0,GREAT PLAINS NB,1850039.0,1726343.0,1060355.0,1850039.0,GREAT PLAINS NATIONAL BANK,40.0,NAT,True,1850039.0,4.53440931372549,N,46100.0,34207_20251231,1.5617116997507785,4.148340098844348,408.0,9.534431286532142,1.7256540775786966,4.0,OK,True
549300XOTES5TCS8T794,2023,526,445,81,0.8460076045627376,0.15399239543726237,0.0038022813688212928,0.9220532319391636,0.0,0.0741444866920152,0.9258555133079849,0.9258555133079848,3705.0,762447.0,762447.0,10.0,7.0,FIRST MID B&TC NA,7535918.0,6704869.0,1206760.0,7586794.0,"FIRST MID BANK AND TRUST, NA",17.0,NAT,True,7535918.0,7.373696673189825,N,80169.0,3705_20231231,0.3374568704064911,1.9976093253098808,1022.0,10.233397707426604,0.8205367470169781,4.0,IL,True
549300XOTES5TCS8T794,2024,836,756,80,0.9043062200956937,0.09569377990430622,0.07894736842105263,0.8145933014354066,0.0,0.10645933014354067,0.8935406698564593,0.8935406698564593,3705.0,762447.0,762447.0,10.0,7.0,FIRST MID B&TC NA,7461415.0,7535918.0,1206760.0,7519734.0,"FIRST MID BANK AND TRUST, NA",17.0,NAT,True,7461415.0,7.272334307992202,N,95487.0,3705_20241231,0.5072753241890382,2.485124891812146,1026.0,10.818521628393762,0.9739130314737884,4.0,IL,True
549300XOTES5TCS8T794,2025,740,660,80,0.8918918918918919,0.10810810810810811,0.12702702702702703,0.7891891891891892,0.0,0.08378378378378379,0.9162162162162163,0.9162162162162162,3705.0,762447.0,762447.0,10.0,7.0,FIRST MID B&TC NA,7901511.0,7461415.0,1206760.0,7966658.0,"FIRST MID BANK AND TRUST, NA",17.0,NAT,True,7901511.0,7.973270433905147,N,102201.0,3705_20251231,0.5165707540405904,2.471761874372262,991.0,10.877448879012125,1.1468133801887732,4.0,IL,True
549300XSS1CPK8G7B851,2024,512,504,8,0.984375,0.015625,0.3984375,0.283203125,0.0,0.318359375,0.681640625,0.681640625,57993.0,3348888.0,3348888.0,10.0,7.0,SERVISFIRST BK,17350779.0,16129111.0,3635319.0,17351643.0,SERVISFIRST BANK,1.0,NMB,True,17350779.0,27.940062801932363,NM,96318.0,57993_20241231,0.3366297406581204,1.1051083240436683,621.0,9.937581710804524,1.4062500210379958,4.0,AL,True
549300XSS1CPK8G7B851,2025,515,505,10,0.9805825242718447,0.019417475728155338,0.4815533980582524,0.12233009708737864,0.0,0.39611650485436894,0.6038834951456311,0.6038834951456311,57993.0,3348888.0,3348888.0,10.0,7.0,SERVISFIRST BK,17725922.0,17350779.0,3635319.0,17727190.0,SERVISFIRST BANK,1.0,NMB,True,17725922.0,26.615498498498496,NM,94815.0,57993_20251231,1.2324038184341335,1.0392677077605594,666.0,10.414778926758425,1.5755808187595834,4.0,AL,True
549300YCCZTMBHGTNQ79,2023,514,476,38,0.9260700389105059,0.07392996108949416,0.26848249027237353,0.5505836575875487,0.0,0.18093385214007782,0.8190661478599222,0.8210116731517509,3076.0,122854.0,122854.0,10.0,7.0,DBA INDEPENDENT FINANCIAL,19029731.0,18252788.0,3140288.0,19035102.0,INDEPENDENT BANK,48.0,NMB,True,19029731.0,12.720408422459894,NM,173062.0,3076_20231231,0.3515049471846264,2.379812275145785,1496.0,10.409096913246348,0.3696259363017501,4.0,TX,True
549300YCCZTMBHGTNQ79,2024,532,493,39,0.9266917293233082,0.07330827067669173,0.12218045112781954,0.48872180451127817,0.0,0.3890977443609023,0.6109022556390977,0.612781954887218,3076.0,122854.0,122854.0,10.0,7.0,DBA INDEPENDENT FINANCIAL,17535258.0,19029731.0,3140288.0,17566328.0,INDEPENDENT BANK,48.0,NMB,True,17535258.0,12.597168103448276,NM,185929.0,3076_20241231,0.3154489227333984,4.670501534231049,1392.0,10.684669083824884,-2.1456379270156787,4.0,TX,True
549300YFPHIE78XPP635,2023,559,538,21,0.962432915921288,0.03756708407871199,0.9373881932021467,0.0626118067978533,0.0,0.0,1.0,1.0,18199.0,507509.0,507509.0,20.0,7.0,NEWTOWN SVGS BK,1846562.0,1846410.0,5045444.0,1846562.0,NEWTOWN SAVINGS BANK,9.0,SSB,True,1846562.0,7.694008333333334,SI,25001.0,18199_20231231,0.6382021003029082,2.5075024733904767,240.0,8.030079118212678,0.3466970057680678,5.0,CT,True
549300YNUT7D0FWKU636,2025,550,541,9,0.9836363636363636,0.016363636363636365,0.0,0.990909090909091,0.0,0.00909090909090909,0.990909090909091,0.990909090909091,6540.0,680813.0,680813.0,10.0,7.0,FARMERS NB,5230209.0,5105719.0,1071191.0,5245870.0,FARMERS NATIONAL BANK,39.0,NAT,True,5230209.0,8.315117647058823,N,56240.0,6540_20251231,0.792897285699206,2.0452731302177267,629.0,9.422310737880029,1.067576469176233,4.0,OH,True
549300Z4DV0VEDFHP667,2023,842,825,17,0.9798099762470309,0.020190023752969122,0.8432304038004751,0.1342042755344418,0.0,0.022565320665083134,0.9774346793349169,0.9774346793349169,1213.0,4437752.0,2891622.0,21.0,7.0,CORNERSTONE CAP BK SSB,2266758.0,1991593.0,2891622.0,2266758.0,"CRESTMARK MORTGAGE COMPANY, LT",48.0,SSB,True,2266758.0,1.554703703703704,SI,219546.0,1213_20231231,2.471077560316348,13.0894889699927,1458.0,15.010044591631743,-0.9422922998863902,9.0,TX,True
549300Z4DV0VEDFHP667,2024,800,791,9,0.98875,0.01125,0.91125,0.0775,0.0,0.01125,0.98875,0.98875,1213.0,4437752.0,2891622.0,21.0,7.0,CORNERSTONE CAP BK SSB,2280636.0,2266758.0,2891622.0,2280636.0,"CRESTMARK MORTGAGE COMPANY, LT",48.0,SSB,True,2280636.0,1.609482004234298,SI,222461.0,1213_20241231,2.534465892111557,12.36948979517633,1417.0,13.356063050900415,0.7763692858337539,9.0,TX,True
549300Z4DV0VEDFHP667,2025,570,567,3,0.9947368421052631,0.005263157894736842,0.8280701754385965,0.1649122807017544,0.0,0.007017543859649123,0.9929824561403509,0.9929824561403509,1213.0,4437752.0,2891622.0,21.0,7.0,CORNERSTONE CAP BK SSB,2469832.0,2280636.0,6013468.0,2469832.0,"CRESTMARK MORTGAGE COMPANY, LT",48.0,SSB,True,2469832.0,1.7794178674351584,SI,218966.0,1213_20251231,4.6915066472289,12.53195994259952,1388.0,15.07654843686224,0.6881808335363043,9.0,TX,True
549300ZIXM1VUXPG4D03,2023,519,484,35,0.9325626204238922,0.0674373795761079,0.3699421965317919,0.6204238921001927,0.0,0.009633911368015413,0.9903660886319845,0.9961464354527938,26323.0,188430.0,188430.0,10.0,7.0,FLORIDA CAP BK NA,495075.0,444412.0,3223828.0,495075.0,"FLORIDA CAPITAL BANK, N.A",12.0,NAT,True,495075.0,4.460135135135135,N,13348.0,26323_20231231,0.3159162762350969,4.300157359180921,111.0,11.23277147365899,0.4769212744561876,4.0,FL,True
549300ZIXM1VUXPG4D03,2024,751,720,31,0.9587217043941412,0.041278295605858856,0.355525965379494,0.6338215712383488,0.0,0.010652463382157125,0.9893475366178428,0.9933422103861518,26323.0,188430.0,188430.0,10.0,7.0,FLORIDA CAP BK NA,645819.0,495075.0,3223828.0,645819.0,"FLORIDA CAPITAL BANK, N.A",12.0,NAT,True,645819.0,5.2935983606557375,N,13931.0,26323_20241231,0.5315719217888419,3.92365335563484,122.0,10.44113328788459,0.7212333251935714,4.0,FL,True
549300ZIXM1VUXPG4D03,2025,609,582,27,0.9556650246305419,0.04433497536945813,0.32676518883415434,0.6683087027914614,0.0,0.0049261083743842365,0.9950738916256157,1.0,26323.0,188430.0,188430.0,10.0,7.0,FLORIDA CAP BK NA,652158.0,645819.0,3223828.0,652158.0,"FLORIDA CAPITAL BANK, N.A",12.0,NAT,True,652158.0,5.43465,N,15513.0,26323_20251231,0.1902882937683085,3.8013305746931714,120.0,10.096667035434614,1.0393168504168475,4.0,FL,True
549300ZJ3ZL66QGSGO48,2023,819,748,71,0.9133089133089133,0.08669108669108669,0.6617826617826618,0.2625152625152625,0.0,0.0757020757020757,0.9242979242979243,0.9242979242979243,19953.0,687009.0,687009.0,10.0,7.0,LAKELAND BK,11130342.0,10777878.0,1404799.0,11139126.0,LAKELAND BANK,34.0,NMB,True,11130342.0,13.017943859649124,NM,108874.0,19953_20231231,0.3111381414759978,1.6641784730645677,855.0,10.085150855506097,0.8362494546328125,4.0,NJ,True
549300ZN5MIVRMVHJS09,2023,1306,1270,36,0.9724349157733537,0.027565084226646247,0.7978560490045942,0.19448698315467075,0.0,0.007656967840735069,0.9923430321592649,0.9923430321592649,16418.0,4346818.0,88231.0,21.0,7.0,BANKSOUTH,1250432.0,1128504.0,1134313.0,1250432.0,BANKSOUTH MORTGAGE COMPANY LLC,13.0,FSB,True,1250432.0,4.099777049180328,SB,42014.0,16418_20231231,0.2002886958990984,5.376746523332622,305.0,10.111750838151382,0.925511590638386,4.0,GA,True
549300ZN5MIVRMVHJS09,2024,1159,1140,19,0.9836065573770492,0.01639344262295082,0.7661777394305436,0.22605694564279552,0.0,0.007765314926660914,0.9922346850733391,0.9922346850733391,16418.0,4346818.0,88231.0,21.0,7.0,BANKSOUTH,1329164.0,1250432.0,1134313.0,1329164.0,BANKSOUTH MORTGAGE COMPANY LLC,13.0,FSB,True,1329164.0,4.615152777777777,SB,43227.0,16418_20241231,0.3259107836526176,5.124299589790525,288.0,10.200798387204443,1.5280428828587431,4.0,GA,True
549300ZN5MIVRMVHJS09,2025,928,904,24,0.9741379310344828,0.02586206896551724,0.8415948275862069,0.15517241379310345,0.0,0.003232758620689655,0.9967672413793103,0.9967672413793104,16418.0,4346818.0,88231.0,21.0,7.0,BANKSOUTH,1556140.0,1329164.0,1134313.0,1556140.0,BANKSOUTH MORTGAGE COMPANY LLC,13.0,FSB,True,1555126.0,5.032770226537217,SB,40940.0,16418_20251231,0.522049472863765,4.97458249904453,309.0,9.386041214275432,1.499407059890131,4.0,GA,True
549300ZTT08EKQRVTR15,2024,539,517,22,0.9591836734693877,0.04081632653061224,0.5714285714285714,0.22263450834879406,0.0,0.20593692022263452,0.7940630797773655,0.7940630797773655,34589.0,693224.0,693224.0,10.0,7.0,ATLANTIC UNION BK,24469472.0,21056427.0,1971693.0,24585447.0,ATLANTIC UNION BANK,51.0,SMB,True,24469472.0,11.515045647058823,SM,271787.0,34589_20241231,0.3902101732350053,2.1591735204558207,2125.0,10.7366599722543,1.0761484692702823,4.0,VA,True
549300ZTT08EKQRVTR15,2025,1011,970,41,0.9594460929772503,0.040553907022749754,0.5301681503461919,0.1661721068249258,0.0,0.3036597428288823,0.6963402571711177,0.6963402571711177,34589.0,693224.0,693224.0,10.0,7.0,ATLANTIC UNION BK,37497884.0,24469472.0,1971693.0,37585781.0,ATLANTIC UNION BANK,51.0,SMB,True,37497884.0,12.495129623458846,SM,403369.0,34589_20251231,0.5414448276597231,2.7391868950042366,3001.0,11.1282509242366,0.991076730920757,4.0,VA,True
549300ZWA6HRT4N1Z222,2023,1321,1318,3,0.9977289931869796,0.002271006813020439,0.5079485238455715,0.0,0.0,0.49205147615442846,0.5079485238455715,0.5079485238455715,14650.0,731247.0,731247.0,10.0,7.0,HILLS B&TC,4340318.0,3979185.0,1245291.0,4341666.0,HILLS BANK AND TRUST COMPANY,19.0,NMB,True,4340318.0,8.750641129032259,NM,44098.0,14650_20231231,0.9135652848679306,1.9016281601177427,496.0,12.819601776772007,0.9179720437855488,4.0,IA,True
549300ZWA6HRT4N1Z222,2024,1119,1112,7,0.9937444146559428,0.006255585344057194,0.7202859696157283,0.0,0.0,0.2797140303842717,0.7202859696157283,0.7202859696157283,14650.0,731247.0,731247.0,10.0,7.0,HILLS B&TC,4586865.0,4340318.0,1245291.0,4588242.0,HILLS BANK AND TRUST COMPANY,19.0,NMB,True,4586865.0,9.496614906832296,NM,43773.0,14650_20241231,0.72018851788503,1.825879687502688,483.0,12.71174875959454,1.0963698158285218,4.0,IA,True
549300ZWA6HRT4N1Z222,2025,1245,1238,7,0.9943775100401606,0.005622489959839358,0.44899598393574297,0.0,0.0,0.551004016064257,0.44899598393574297,0.448995983935743,14650.0,731247.0,731247.0,10.0,7.0,HILLS B&TC,4647826.0,4586865.0,1245291.0,4649392.0,HILLS BANK AND TRUST COMPANY,19.0,NMB,True,4646755.0,9.330833333333334,NM,45288.0,14650_20251231,0.5639408128024359,1.8494711071383565,498.0,12.944243239607156,1.3326924482641116,4.0,IA,True
593C3GZG957YOJPS2Z63,2024,774,623,151,0.8049095607235142,0.19509043927648578,0.01937984496124031,0.0,0.0,0.9806201550387597,0.01937984496124031,0.019379844961240345,17281.0,63069.0,63069.0,10.0,7.0,CITY NB,92193181.0,93373306.0,1232497.0,98948624.0,CITY NATIONAL BANK,6.0,NAT,True,92193181.0,11.774352618135376,N,1390938.0,17281_20241231,0.4565828251205882,2.703988594706122,7830.0,10.653206609505322,0.8441258796640377,4.0,CA,True
593C3GZG957YOJPS2Z63,2025,1635,1404,231,0.8587155963302753,0.14128440366972478,0.026299694189602447,0.0,0.0,0.9737003058103976,0.026299694189602447,0.02629969418960243,17281.0,63069.0,63069.0,10.0,7.0,CITY NB,98429760.0,92193181.0,1232497.0,106474156.0,CITY NATIONAL BANK,6.0,NAT,True,98429760.0,12.679345613809096,N,1414057.0,17281_20251231,0.6080523184842956,2.5398497202468424,7763.0,11.13909043025535,0.9512106469461604,4.0,CA,True
635400IW1QMK3FNFF894,2023,1120,1099,21,0.98125,0.01875,0.5517857142857143,0.3723214285714286,0.0,0.07589285714285714,0.9241071428571429,0.9241071428571429,57777.0,3271799.0,3271799.0,10.0,7.0,MERIDIAN BK,2245657.0,2062088.0,5033580.0,2245657.0,MERIDIAN BANK,42.0,NMB,True,2245657.0,7.017678125000001,NM,46406.0,57777_20231231,1.7579200904706913,3.459550432427863,320.0,9.456692638585256,0.7301865838053068,4.0,PA,True
635400IW1QMK3FNFF894,2024,1244,1213,31,0.97508038585209,0.02491961414790997,0.6069131832797428,0.3754019292604502,0.0,0.017684887459807074,0.982315112540193,0.9831189710610932,57777.0,3271799.0,3271799.0,10.0,7.0,MERIDIAN BK,2382012.0,2245657.0,5033580.0,2382012.0,MERIDIAN BANK,42.0,NMB,True,2382012.0,7.490603773584906,NM,46430.0,57777_20241231,2.187507574472211,3.3524134622965764,318.0,9.211068908497207,0.8216417890600073,4.0,PA,True
635400IW1QMK3FNFF894,2025,1064,1041,23,0.9783834586466166,0.021616541353383457,0.5911654135338346,0.38345864661654133,0.0,0.02537593984962406,0.974624060150376,0.974624060150376,57777.0,3271799.0,3271799.0,10.0,7.0,MERIDIAN BK,2560367.0,2382012.0,5033580.0,2560367.0,MERIDIAN BANK,42.0,NMB,True,2560367.0,8.001146875,NM,50289.0,57777_20251231,2.4976841371789207,3.2702215937265167,320.0,9.501005964815915,1.0489246844599394,4.0,PA,True
6BYL5QZYBDK8S7L73M02,2023,24321,21756,2565,0.8945355865301591,0.10546441346984088,0.7829036635006784,0.08379589655030632,0.048846675712347354,0.0844537642366679,0.8666995600509847,0.9168208544056576,6548.0,504713.0,504713.0,10.0,7.0,U S BK NA,650658504.0,504714757.0,1119794.0,663491000.0,"US BANK, N.A.",39.0,NAT,True,650658504.0,8.968662182279317,N,10046739.0,6548_20231231,1.106142422892119,2.733530089516114,72548.0,9.234316343096092,0.872920179030775,9.0,OH,True
6BYL5QZYBDK8S7L73M02,2024,25587,23151,2436,0.9047954039160511,0.09520459608394888,0.7700785555164732,0.08203384531207254,0.11693438074021964,0.03095321843123461,0.8521124008285458,0.9693985226873021,6548.0,504713.0,504713.0,10.0,7.0,U S BK NA,662906418.0,650658504.0,1119794.0,678318000.0,"US BANK, N.A.",39.0,NAT,True,662906418.0,9.80819414976253,N,10148270.0,6548_20241231,1.2948660669042094,2.503470110357551,67587.0,9.279983592848575,0.973808437363064,9.0,OH,True
6BYL5QZYBDK8S7L73M02,2025,22851,20610,2241,0.9019298936589208,0.09807010634107917,0.7520021005645268,0.06673668548422389,0.15207211938208393,0.029189094569165464,0.8187387860487506,0.9710734759966742,6548.0,504713.0,504713.0,10.0,7.0,U S BK NA,676125227.0,662906418.0,1119794.0,692345000.0,"US BANK, N.A.",39.0,NAT,True,676125227.0,10.24835885348774,N,9892189.0,6548_20251231,1.4902905709048822,2.4219901130717387,65974.0,9.377924780546913,1.177604778085379,9.0,OH,True
7DMUJTL9FFTVIAG9H788,2023,979,791,188,0.8079673135852911,0.1920326864147089,0.6853932584269663,0.0,0.0,0.3146067415730337,0.6853932584269663,0.6853932584269663,24998.0,601050.0,601050.0,10.0,7.0,COMMERCE BK,31504301.0,31679817.0,1049341.0,31733993.0,COMMERCE BANK,29.0,SMB,True,31504301.0,6.974607261456719,SM,541829.0,24998_20231231,0.1695327320894735,2.888911186615552,4517.0,9.564774085163872,1.4420750176321515,4.0,MO,True
7DMUJTL9FFTVIAG9H788,2024,817,686,131,0.8396572827417381,0.16034271725826194,0.6707466340269278,0.0,0.0,0.3292533659730722,0.6707466340269278,0.6707466340269278,24998.0,601050.0,601050.0,10.0,7.0,COMMERCE BK,31808311.0,31504301.0,1049341.0,32048357.0,COMMERCE BANK,29.0,SMB,True,31808311.0,7.021702207505519,SM,561221.0,24998_20241231,0.2484650920015827,2.955086759809915,4530.0,10.363411759703348,1.221837702950917,4.0,MO,True
7DMUJTL9FFTVIAG9H788,2025,816,673,143,0.8247549019607843,0.17524509803921567,0.6936274509803921,0.0,0.0,0.30637254901960786,0.6936274509803921,0.6936274509803921,24998.0,601050.0,601050.0,10.0,7.0,COMMERCE BK,32722351.0,31808311.0,1049341.0,32956875.0,COMMERCE BANK,29.0,SMB,True,32722351.0,7.26033969380963,SM,581379.0,24998_20251231,0.2273285750483022,2.9501041015306586,4507.0,11.12762208474297,1.7445936949283831,4.0,MO,True
7H6GLXDRUGQFU57RNE97,2023,40861,37031,3830,0.9062675901226108,0.09373240987738919,0.5617336824845207,0.38508602334744624,0.0,0.05318029416803309,0.946819705831967,0.9541371968380608,628.0,852218.0,852218.0,10.0,7.0,JPMORGAN CHASE BK NA,3395126000.0,2588418500.0,1039502.0,3883707526.0,"JPMORGAN CHASE BANK, NA",39.0,NAT,True,3395126000.0,14.968239412402678,N,37835000.0,628_20231231,0.7130439486301833,2.364243149096842,226822.0,7.850341627914083,1.4277806506141748,1.0,OH,True
7H6GLXDRUGQFU57RNE97,2024,53224,47947,5277,0.9008529986472268,0.09914700135277318,0.8471742071246054,0.12366601533142943,0.0,0.029159777543965128,0.9708402224560349,0.9770592214038779,628.0,852218.0,852218.0,10.0,7.0,JPMORGAN CHASE BK NA,3459261000.0,3395126000.0,1039502.0,4002814000.0,"JPMORGAN CHASE BANK, NA",39.0,NAT,True,3459261000.0,15.165678787187964,N,41568000.0,628_20241231,0.8715500530930762,2.3803046322371477,228098.0,7.89787020989132,1.5041494608073118,1.0,OH,True
7H6GLXDRUGQFU57RNE97,2025,47618,42735,4883,0.8974547440043681,0.1025452559956319,0.8680750976521483,0.0730816077953715,0.026964593221050864,0.03187870133142929,0.9411567054475198,0.9681212986685707,628.0,852218.0,852218.0,10.0,7.0,JPMORGAN CHASE BK NA,3752662000.0,3459261000.0,1039502.0,4424900000.0,"JPMORGAN CHASE BANK, NA",39.0,NAT,True,3752662000.0,16.555326151212753,N,43739000.0,628_20251231,0.857501552598014,2.333206407713841,226674.0,7.826646550078596,1.3448553188805723,1.0,OH,True
8AI385EP1ZJCMUOZ8022,2023,500,490,10,0.98,0.02,0.018,0.96,0.0,0.022,0.978,0.978,5826.0,481177.0,481177.0,10.0,7.0,LANDMARK NB,1557491.0,90442.0,3030307.0,1561672.0,LANDMARK NATIONAL BANK,20.0,NAT,True,1557491.0,5.7684851851851855,N,22681.0,5826_20231231,0.2519281830825641,2.733421238597529,270.0,8.679196066075063,0.8648687594941732,4.0,KS,True
8I3UVGYULPJQIP7FQV10,2023,3711,3458,253,0.9318243061169497,0.06817569388305039,0.6028024791161412,0.1161412018323902,0.0,0.2810563190514686,0.7189436809485313,0.7189436809485314,33555.0,1929247.0,1929247.0,10.0,7.0,SOUTHSTATE BK NA,44886855.0,43900126.0,1133437.0,44902024.0,"SOUTHSTATE BANK, N.A.",12.0,NAT,True,44886855.0,8.65872974537037,N,583641.0,33555_20231231,0.5632074869995192,2.263141598034518,5184.0,10.028616171797667,1.1694396881638474,4.0,FL,True
8I3UVGYULPJQIP7FQV10,2024,3551,3219,332,0.9065052098000563,0.09349479019994368,0.5249225570261898,0.1526330611095466,0.0,0.3224443818642636,0.6775556181357365,0.6775556181357364,33555.0,1929247.0,1929247.0,10.0,7.0,SOUTHSTATE BK NA,46369727.0,44886855.0,1133437.0,46381204.0,"SOUTHSTATE BANK, N.A.",12.0,NAT,True,46369727.0,9.092103333333332,N,606011.0,33555_20241231,0.616075201142531,2.2265920279421887,5100.0,10.644472268855838,1.240036129822539,4.0,FL,True
8I3UVGYULPJQIP7FQV10,2025,3090,2801,289,0.9064724919093851,0.09352750809061489,0.39935275080906146,0.16310679611650486,0.0,0.4375404530744337,0.5624595469255663,0.5799352750809061,33555.0,1929247.0,1929247.0,10.0,7.0,SOUTHSTATE BK NA,67179734.0,46369727.0,1133437.0,67197412.0,"SOUTHSTATE BANK, NATIONAL ASSO",12.0,NAT,True,67179734.0,10.634752889029604,N,796476.0,33555_20251231,0.6172274485037657,2.451394732411873,6317.0,10.220504430187022,1.3951772655142562,4.0,FL,True
8WH0EE09O9V05QJZ3V89,2023,2419,1969,450,0.8139727159983464,0.18602728400165358,0.6510954940057875,0.2769739561802398,0.0,0.07193054981397272,0.9280694501860273,0.9280694501860273,2270.0,276579.0,276579.0,10.0,7.0,ZIONS BC NA,87202697.0,89544919.0,276579.0,87202697.0,"ZIONS BANCORPORATION, N.A.",49.0,NAT,True,87202697.0,9.009473809277818,N,1274545.0,2270_20231231,0.3895399329008474,2.3823591397606987,9679.0,8.337756842902515,0.7732778796257556,4.0,UT,True
8WH0EE09O9V05QJZ3V89,2024,2787,2334,453,0.83745963401507,0.16254036598493002,0.6548259777538572,0.27879440258342303,0.0,0.06637961966271977,0.9336203803372802,0.9336203803372802,2270.0,276579.0,276579.0,10.0,7.0,ZIONS BC NA,88774720.0,87202697.0,276579.0,88774720.0,"ZIONS BANCORPORATION, N.A.",49.0,NAT,True,88774720.0,9.182325196524618,N,1287500.0,2270_20241231,0.5292882622522439,2.337869553724376,9668.0,8.340197659362484,0.8959469097743287,4.0,UT,True
8WH0EE09O9V05QJZ3V89,2025,2304,1950,354,0.8463541666666666,0.15364583333333334,0.6909722222222222,0.2578125,0.0,0.051215277777777776,0.9487847222222222,0.9487847222222222,2270.0,276579.0,276579.0,10.0,7.0,ZIONS BC NA,88989689.0,88774720.0,276579.0,88989689.0,"ZIONS BANCORPORATION, N.A.",49.0,NAT,True,88989689.0,9.678052093529091,N,1350114.0,2270_20251231,0.5235506921808949,2.4143400158624457,9195.0,8.989240057508276,1.0139184027452557,4.0,UT,True
AD6GFRVSDT01YPT1CS68,2023,10410,8882,1528,0.8532180595581172,0.1467819404418828,0.4562920268972142,0.39865513928914503,0.0,0.14505283381364073,0.8549471661863592,0.8550432276657061,6384.0,817824.0,817824.0,10.0,7.0,PNC BK NA,557463343.0,424286572.0,1069778.0,561599813.0,PNC BANK N.A.,10.0,NAT,True,557463343.0,9.943693464378724,N,7079396.0,6384_20231231,1.00348514483244,2.420376259846584,56062.0,8.555390413453468,1.0523283565800154,4.0,DE,True
AD6GFRVSDT01YPT1CS68,2024,9798,8455,1343,0.8629312104511124,0.13706878954888752,0.5900183710961421,0.30383751786078794,0.0,0.10614411104307002,0.89385588895693,0.8940600122473974,6384.0,817824.0,817824.0,10.0,7.0,PNC BK NA,556138962.0,557463343.0,1069778.0,560050977.0,PNC BANK N.A.,10.0,NAT,True,556138962.0,10.2402725515108,N,6983424.0,6384_20241231,1.042147417033588,2.339456087440616,54309.0,8.941839014824167,1.112043326825585,4.0,DE,True
AD6GFRVSDT01YPT1CS68,2025,9763,8353,1410,0.8555771791457544,0.14442282085424563,0.319471473932193,0.5846563556283929,0.0,0.09587217043941411,0.9041278295605859,0.9043326846256273,6384.0,817824.0,817824.0,10.0,7.0,PNC BK NA,568338163.0,556138962.0,1069778.0,573474800.0,PNC BANK N.A.,10.0,NAT,True,568338163.0,10.41961981849849,N,7404176.0,6384_20251231,0.8867613743811911,2.3725505058089325,54545.0,9.273641778634415,1.295406060461283,4.0,DE,True
B4TYDEB6GKMZO031MB27,2023,24700,19105,5595,0.7734817813765182,0.2265182186234818,0.0,0.4865587044534413,0.33396761133603237,0.1794736842105263,0.4865587044534413,0.8205263157894737,3510.0,480228.0,480228.0,10.0,7.0,BANK OF AMER NA,2540116000.0,1977273500.0,1073757.0,3180151000.0,BANK OF AMERICA NA,37.0,NAT,True,2540116000.0,18.751640693631376,N,20594000.0,3510_20231231,0.6894088740321705,1.9184628862345496,135461.0,7.592315623689906,1.1613182491345997,9.0,NC,True
B4TYDEB6GKMZO031MB27,2024,23397,18700,4697,0.7992477668077104,0.2007522331922896,0.0,0.5481899388810532,0.2992263965465658,0.15258366457238107,0.5481899388810532,0.847416335427619,3510.0,480228.0,480228.0,10.0,7.0,BANK OF AMER NA,2589060000.0,2540116000.0,1073757.0,3261789000.0,BANK OF AMERICA NA,37.0,NAT,True,2589060000.0,18.78076557592288,N,21304000.0,3510_20241231,0.7782969663454662,1.8297122671372092,137857.0,7.632592739216378,1.06271482785911,9.0,NC,True
B4TYDEB6GKMZO031MB27,2025,21944,17609,4335,0.8024516952242071,0.19754830477579294,0.0,0.5429274516952242,0.3083302952971199,0.14874225300765584,0.5429274516952242,0.8512577469923441,3510.0,480228.0,480228.0,10.0,7.0,BANK OF AMER NA,2636823000.0,2589060000.0,1073757.0,3411738000.0,BANK OF AMERICA NA,37.0,NAT,True,2636823000.0,19.33452364366948,N,22146000.0,3510_20251231,0.7055495719332618,1.825491813843991,136379.0,7.3622190475345395,1.1544462063028051,9.0,NC,True
C398JSK21YCXWM603F55,2023,3365,3216,149,0.9557206537890045,0.044279346210995545,0.549479940564636,0.4472511144130758,0.0,0.0032689450222882616,0.9967310549777118,0.9967310549777118,34395.0,2508751.0,2508751.0,10.0,7.0,BARRINGTON B&TC NA,4007008.0,3765608.0,2260406.0,56505809.0,BARRINGTON BANK & TRUST CO. NA,17.0,NAT,True,4007008.0,5.137189743589744,N,110768.0,34395_20231231,5.913891049511859,4.613722936256656,780.0,10.802018806889285,0.686711311486455,4.0,IL,True
C398JSK21YCXWM603F55,2024,3822,3670,152,0.9602302459445317,0.03976975405546834,0.3202511773940345,0.6690214547357405,0.0,0.010727367870225013,0.989272632129775,0.989272632129775,34395.0,2508751.0,2508751.0,10.0,7.0,BARRINGTON B&TC NA,4348857.0,4007008.0,2260406.0,65045304.0,BARRINGTON BANK & TRUST COMPAN,17.0,NAT,True,4348857.0,5.625946959896507,N,117943.0,34395_20241231,6.278493964648714,4.385980955339362,773.0,10.662896311546696,0.8740776672804296,4.0,IL,True
C398JSK21YCXWM603F55,2025,3677,3506,171,0.953494696763666,0.04650530323633397,0.28147946695675824,0.710089747076421,0.0,0.008430785966820778,0.9915692140331793,0.9915692140331792,34395.0,2508751.0,2508751.0,10.0,7.0,BARRINGTON B&TC NA,4769383.0,4348857.0,2260406.0,71255984.0,BARRINGTON BANK & TRUST COMPAN,17.0,NAT,True,4769383.0,6.642594707520892,N,121610.0,34395_20251231,5.3560970715362615,4.1569301337577205,718.0,10.42388952322735,1.0384293462893206,4.0,IL,True
C5654JQHZUHN0772B561,2023,5022,3695,1327,0.7357626443647949,0.2642373556352051,0.9850657108721624,0.0,0.0,0.014934289127837515,0.9850657108721624,0.9850657108721624,32188.0,619877.0,619877.0,20.0,7.0,USAA FSB,110371000.0,110900000.0,1447376.0,212035000.0,USAA FEDERAL SAVINGS BANK,48.0,SAL,True,110371000.0,7.374290104897441,SB,2308000.0,32188_20231231,1.050115065799763,5.028386638340451,14967.0,8.610943317976504,-0.2836851149604472,9.0,TX,True
C5654JQHZUHN0772B561,2024,5256,3638,1618,0.6921613394216134,0.3078386605783866,0.9861111111111112,0.0,0.0,0.013888888888888888,0.9861111111111112,0.9861111111111112,32188.0,619877.0,619877.0,20.0,7.0,USAA FSB,109221000.0,110371000.0,1447376.0,220758000.0,USAA BANK,4.0,SAL,True,109221000.0,7.6096286490629135,SB,2406000.0,32188_20241231,1.1297933142819163,4.8693957888063775,14353.0,8.479569617010375,-0.0980654589470343,9.0,AZ,True
C5654JQHZUHN0772B561,2025,4791,2956,1835,0.6169901899394699,0.38300981006053014,0.9810060530160718,0.0,0.0,0.018993946983928197,0.9810060530160718,0.9810060530160718,32188.0,619877.0,619877.0,20.0,7.0,USAA FSB,107989000.0,109221000.0,1447376.0,236001000.0,USAA FEDERAL SAVINGS BANK,4.0,SAL,True,107989000.0,8.409048434823235,SB,2322000.0,32188_20251231,1.138810575621018,4.818593578792997,12842.0,9.0470618453723,0.40046795422058,9.0,AZ,True
CKVBED0S4DMLKJJ5XH28,2023,1635,1619,16,0.9902140672782874,0.009785932721712538,0.12293577981651377,0.26055045871559634,0.0,0.6165137614678899,0.3834862385321101,0.38348623853211006,57311.0,3076248.0,3076248.0,10.0,7.0,STIFEL B&T,16773574.0,21228609.0,3063622.0,37727460.0,STIFEL BANK & TRUST,29.0,SMB,True,16773574.0,53.24944126984127,SM,39397.0,57311_20231231,0.3697410440012432,0.8318657874707172,315.0,7.260945089450057,2.6899313951161576,4.0,MO,True
CKVBED0S4DMLKJJ5XH28,2024,1641,1631,10,0.9939061547836685,0.006093845216331505,0.16575258988421693,0.4253503960999391,0.0,0.408897014015844,0.591102985984156,0.591102985984156,57311.0,3076248.0,3076248.0,10.0,7.0,STIFEL B&T,19509889.0,16773574.0,3063622.0,39895540.0,STIFEL BANK & TRUST,29.0,SMB,True,19509889.0,60.968403125,SM,45420.0,57311_20241231,1.113538822232369,0.9290692698150352,320.0,7.058595373034233,1.9854797556316743,4.0,MO,True
CKVBED0S4DMLKJJ5XH28,2025,1777,1765,12,0.9932470455824424,0.006752954417557681,0.15475520540236354,0.37084974676420934,0.0,0.4743950478334271,0.5256049521665729,0.5256049521665729,57311.0,3076248.0,3076248.0,10.0,7.0,STIFEL B&T,19412996.0,19509889.0,3063622.0,41270782.0,STIFEL BANK & TRUST,29.0,SMB,True,19412996.0,61.23973501577287,SM,48646.0,57311_20251231,1.1413903578441766,0.9616104116319718,317.0,7.021144795696266,1.8241522736457307,9.0,MO,True
COINQMNIM6RBU631DD85,2023,3807,3584,223,0.9414236931967428,0.05857630680325716,0.6863672182821119,0.13081166272655634,0.0,0.18282111899133174,0.8171788810086682,0.8211189913317573,8728.0,311845.0,311845.0,10.0,7.0,ARVEST BK,27644964.0,26441420.0,1095674.0,27661509.0,ARVEST BANK,5.0,SMB,True,27645540.0,4.355,SM,634366.0,8728_20231231,0.7029959649599632,4.477342052145201,6348.0,8.100265026600908,0.0007959692999063,4.0,AR,True
COINQMNIM6RBU631DD85,2024,3894,3708,186,0.9522342064714946,0.04776579352850539,0.6494607087827426,0.10631741140215717,0.0,0.24422187981510016,0.7557781201848999,0.7583461736004109,8728.0,311845.0,311845.0,10.0,7.0,ARVEST BK,26894931.0,27644964.0,1095674.0,26998212.0,ARVEST BANK,5.0,SMB,True,26896404.0,4.364173941262373,SM,692443.0,8728_20241231,0.8104780024207805,4.711799831644745,6163.0,8.682856821859323,0.1989887257398349,4.0,AR,True
COINQMNIM6RBU631DD85,2025,3796,3636,160,0.9578503688092729,0.04214963119072708,0.6253951527924131,0.10985247629083246,0.0,0.26475237091675446,0.7352476290832456,0.7386722866174922,8728.0,311845.0,311845.0,10.0,7.0,ARVEST BK,27787109.0,26894931.0,1095674.0,27875683.0,ARVEST BANK,5.0,SMB,True,27788097.0,4.535351232250694,SM,731775.0,8728_20251231,0.8161755251340927,4.659528083306894,6127.0,8.996504464023793,0.4888961514912437,4.0,AR,True
COOWI3L2W9TPYR3WJX37,2023,3277,2992,285,0.9130302105584376,0.0869697894415624,0.4202014037229173,0.17943240768996033,0.0,0.40036618858712236,0.5996338114128776,0.5996338114128776,4977.0,485559.0,485559.0,10.0,7.0,FIRST HORIZON BK,81367479.0,78672073.0,1094640.0,81662570.0,FIRST HORIZON BANK,47.0,SMB,True,81367479.0,11.607343651925822,SM,1066130.0,4977_20231231,0.7947175697900691,2.4257125932336656,7010.0,10.19584834185096,1.0443824635553065,4.0,TN,True
COOWI3L2W9TPYR3WJX37,2024,2935,2702,233,0.9206132879045996,0.07938671209540034,0.5049403747870528,0.26882453151618396,0.0,0.2262350936967632,0.7737649063032368,0.7737649063032368,4977.0,485559.0,485559.0,10.0,7.0,FIRST HORIZON BK,81865694.0,81367479.0,1094640.0,82153252.0,FIRST HORIZON BANK,47.0,SMB,True,81865694.0,11.794510012966432,SM,1110869.0,4977_20241231,1.0001582174413282,2.365160426324865,6941.0,10.061185812987294,1.0887752437455611,4.0,TN,True
COOWI3L2W9TPYR3WJX37,2025,3113,2895,218,0.9299710889816897,0.07002891101831031,0.5499518149694829,0.24413748795374238,0.0,0.2059106970767748,0.7940893029232252,0.7940893029232252,4977.0,485559.0,485559.0,10.0,7.0,FIRST HORIZON BK,83572753.0,81865694.0,1094640.0,83877598.0,FIRST HORIZON BANK,47.0,SMB,True,83572753.0,11.446754280235584,SM,1120458.0,4977_20251231,0.9642806433443956,2.3988315990631564,7301.0,10.089220546820515,1.347792016143313,4.0,TN,True
D38AC76TAMYI50NBPX33,2023,816,556,260,0.6813725490196079,0.31862745098039214,0.0,0.0,0.0,1.0,0.0,0.0,28088.0,656377.0,656377.0,10.0,7.0,WASHINGTON FED BK,22637277.0,21645013.0,3065617.0,22640122.0,WASHINGTON FEDERAL,53.0,NMB,True,22637277.0,10.82087810707457,NM,197156.0,28088_20231231,0.2548381021574559,1.6793889846887344,2092.0,9.116932423164544,1.0699926616915256,4.0,WA,True
D38AC76TAMYI50NBPX33,2024,665,500,165,0.7518796992481203,0.24812030075187969,0.0,0.0,0.0,1.0,0.0,0.0,28088.0,656377.0,656377.0,10.0,7.0,WASHINGTON FED BK,27670704.0,22637277.0,3065617.0,27684454.0,WASHINGTON FEDERAL,53.0,NMB,True,27670704.0,12.72216275862069,NM,244272.0,28088_20241231,0.3407631848646389,1.6656621999526888,2175.0,9.116648668723352,0.7265401790114802,4.0,WA,True
DRMSV1Q0EKMEXLAU1P80,2023,13730,11268,2462,0.8206846321922797,0.1793153678077203,0.7300801165331391,0.14166059723233795,0.0,0.12825928623452293,0.871740713765477,0.9926438455935906,57957.0,3303298.0,3303298.0,10.0,7.0,CITIZENS BK NA,221750244.0,171433351.0,1132449.0,222411872.0,CBNA YEAR TO DATE,44.0,NAT,True,221750244.0,12.881970721505752,N,2415907.0,57957_20231231,1.341033435270791,2.365425790718888,17214.0,8.864500777469694,0.7656354853611289,4.0,RI,True
DRMSV1Q0EKMEXLAU1P80,2024,7534,6249,1285,0.829439872577648,0.170560127422352,0.7636049907087868,0.02548447040084948,0.0,0.21091053889036368,0.7890894611096363,0.9877886912662597,57957.0,3303298.0,3303298.0,10.0,7.0,CITIZENS BK NA,217178887.0,221750244.0,1132449.0,217935962.0,CBNA YEAR TO DATE,44.0,NAT,True,217178887.0,12.821991203211716,N,2477461.0,57957_20241231,1.5518759276962115,2.282457740536638,16938.0,9.55851768837884,0.7121276236051198,4.0,RI,True
DRMSV1Q0EKMEXLAU1P80,2025,7631,6405,1226,0.8393395361027388,0.16066046389726119,0.7119643559166557,0.034857816799895164,0.0,0.25317782728344906,0.7468221727165509,0.9853230245053073,57957.0,3303298.0,3303298.0,10.0,7.0,CITIZENS BK NA,225863637.0,217178887.0,1132449.0,226892839.0,"CITIZENS BANK, NA",44.0,NAT,True,225863637.0,13.236265646976092,N,2621353.0,57957_20251231,1.4006107931776026,2.2997629941150755,17064.0,9.773873095580552,0.871318329941014,9.0,RI,True
DX0JX77PRMOELF7VG772,2023,1568,1401,167,0.8934948979591837,0.10650510204081633,0.1326530612244898,0.53125,0.0,0.3360969387755102,0.6639030612244898,0.6683673469387755,873.0,395238.0,395238.0,10.0,7.0,SYNOVUS BK,59685757.0,59629623.0,1078846.0,59832344.0,SYNOVUS BANK,13.0,SMB,True,59685757.0,12.935794755093196,SM,666752.0,873_20231231,0.6747549511752444,2.003930214253874,4614.0,9.205439517687122,0.908201932381106,4.0,GA,True
DX0JX77PRMOELF7VG772,2024,1088,974,114,0.8952205882352942,0.10477941176470588,0.359375,0.41268382352941174,0.0,0.22794117647058823,0.7720588235294117,0.7748161764705882,873.0,395238.0,395238.0,10.0,7.0,SYNOVUS BK,60119623.0,59685757.0,1078846.0,60275378.0,SYNOVUS BANK,13.0,SMB,True,60119623.0,13.306689464364764,SM,675062.0,873_20241231,0.8378529599859144,1.9359848335536085,4518.0,9.442143333879486,0.8506030951158065,4.0,GA,True
DX0JX77PRMOELF7VG772,2025,1171,1076,95,0.918872758326217,0.08112724167378309,0.47822374039282667,0.28778821520068315,0.0,0.23398804440649018,0.7660119555935099,0.766865926558497,873.0,395238.0,395238.0,10.0,7.0,SYNOVUS BK,61204265.0,60119623.0,1078846.0,61373053.0,SYNOVUS BANK,13.0,SMB,True,61204265.0,13.114262909792158,SM,710218.0,873_20251231,0.5824440787691132,1.9851009784178468,4667.0,9.841993492626344,1.3872176939738488,4.0,GA,True
DZC62HF6UIZYJ08V1J90,2023,2194,1924,270,0.8769371011850501,0.12306289881494986,0.5574293527803099,0.21969006381039197,0.0,0.2228805834092981,0.7771194165907018,0.7784867821330903,7551.0,474919.0,474919.0,10.0,7.0,FULTON BK NA,27432801.0,26819331.0,1117129.0,27495457.0,"FULTON BANK, NATIONAL ASSOCIAT",42.0,NAT,True,27432801.0,8.023632933606317,N,370579.0,7551_20231231,0.7216046972007683,2.483573036501036,3419.0,9.624854484339211,1.137746149276495,4.0,PA,True
DZC62HF6UIZYJ08V1J90,2024,2059,1845,214,0.8960660514813016,0.1039339485186984,0.5619232637202526,0.26663428848955806,0.0,0.1714424477901894,0.8285575522098106,0.82904322486644,7551.0,474919.0,474919.0,10.0,7.0,FULTON BK NA,31916102.0,27432801.0,1117129.0,31985952.0,"FULTON BANK, NATIONAL ASSOCIAT",42.0,NAT,True,31916102.0,9.400913696612664,N,423732.0,7551_20241231,0.914644988654806,2.703112036955015,3395.0,9.574530041963053,1.044562822755923,4.0,PA,True
DZC62HF6UIZYJ08V1J90,2025,2038,1862,176,0.9136408243375859,0.08635917566241413,0.6305201177625123,0.22423945044160942,0.0,0.1452404317958783,0.8547595682041217,0.8547595682041217,7551.0,474919.0,474919.0,10.0,7.0,FULTON BK NA,31982120.0,31916102.0,1117129.0,32050544.0,"FULTON BANK, NATIONAL ASSOCIAT",42.0,NAT,True,31982120.0,9.598475390156064,N,429309.0,7551_20251231,0.7607096281183476,2.421325860262993,3332.0,10.059986927327827,1.33108615155256,4.0,PA,True
E57ODZWZ7FF32TWEFA76,2023,6544,5994,550,0.9159535452322738,0.08404645476772617,0.46118581907090467,0.01573960880195599,0.39165647921760394,0.13141809290953546,0.47692542787286063,0.8685819070904646,7213.0,476810.0,476810.0,10.0,7.0,CITIBANK NA,1684710000.0,1546675000.0,1951350.0,2411834000.0,"CITIBANK, NA",46.0,NAT,True,1684710000.0,9.028456591639872,N,21390000.0,7213_20231231,0.8176867604823495,2.3133134963901925,186600.0,8.954589828808077,0.6547246393123194,1.0,SD,True
E57ODZWZ7FF32TWEFA76,2024,6088,5490,598,0.9017739816031537,0.09822601839684625,0.5110052562417872,0.03153745072273324,0.35578186596583444,0.1016754270696452,0.5425427069645204,0.8983245729303548,7213.0,476810.0,476810.0,10.0,7.0,CITIBANK NA,1696818000.0,1684710000.0,1951350.0,2352945000.0,"CITIBANK, NA",46.0,NAT,True,1696818000.0,9.53177505519136,N,20785000.0,7213_20241231,0.7475110561190238,2.187830551699508,178017.0,9.014187470167617,0.7839333637211772,1.0,SD,True
E57ODZWZ7FF32TWEFA76,2025,5964,5257,707,0.8814553990610329,0.11854460093896714,0.4367873910127431,0.03537894030851777,0.4351106639839034,0.09272300469483569,0.4721663313212609,0.9072769953051643,7213.0,476810.0,476810.0,10.0,7.0,CITIBANK NA,1836436000.0,1696818000.0,1951350.0,2657202000.0,"CITIBANK, NA",46.0,NAT,True,1836436000.0,10.497399138000024,N,22056000.0,7213_20251231,0.7718097901864128,2.066806303892972,174942.0,8.600056962544715,0.8458257679165101,1.0,SD,True
EQTWLK1G7ODGC2MGLV11,2023,8216,7220,996,0.8787731256085687,0.12122687439143136,0.36441090555014605,0.04673807205452775,0.0,0.5888510223953262,0.4111489776046738,0.4112706913339824,12368.0,233031.0,233031.0,10.0,7.0,REGIONS BK,151314000.0,135169500.0,3242838.0,152632000.0,REGIONS BANK,1.0,SMB,True,151314000.0,7.566835025253788,SM,2343000.0,12368_20231231,1.0256981430104697,2.7659430051272413,19997.0,9.436708100241658,1.4645531155039002,4.0,AL,True
EQTWLK1G7ODGC2MGLV11,2024,6639,5762,877,0.8679017924386203,0.13209820756137972,0.5919566199728875,0.0596475372797108,0.0,0.3483958427474017,0.6516041572525983,0.6517547823467389,12368.0,233031.0,233031.0,10.0,7.0,REGIONS BK,155918000.0,151314000.0,3242838.0,157460000.0,REGIONS BANK,1.0,SMB,True,155918000.0,7.97901847397779,SM,2441000.0,12368_20241231,1.1807867801208534,2.6122434148886198,19541.0,9.207384276267453,1.3320754423165266,4.0,AL,True
EQTWLK1G7ODGC2MGLV11,2025,6361,5321,1040,0.8365036943876749,0.16349630561232512,0.5648482942933502,0.0682282659959126,0.0,0.3669234397107373,0.6330765602892627,0.6330765602892627,12368.0,233031.0,233031.0,10.0,7.0,REGIONS BK,158218000.0,155918000.0,3242838.0,158871000.0,REGIONS BANK,1.0,SMB,True,157412000.0,7.927280052374478,SM,2590000.0,12368_20251231,0.9955993882837614,2.642877805916595,19857.0,9.482227783091174,1.42801678855455,4.0,AL,True
F28JOQ8OBWCFUYM0UX93,2023,3218,2814,404,0.8744561839651958,0.12554381603480422,0.0006215040397762585,0.0,0.0,0.9993784959602238,0.0006215040397762585,0.0006215040397762328,31628.0,197478.0,197478.0,10.0,7.0,EAST WEST BK,69478848.0,46142596.0,2734233.0,69612884.0,EAST WEST BANK,6.0,SMB,True,69478848.0,21.671505926388026,SM,501261.0,31628_20231231,0.1970335771662077,1.5008190132575687,3206.0,9.645460513047492,1.7411295789360606,4.0,CA,True
F28JOQ8OBWCFUYM0UX93,2024,1801,1640,161,0.9106052193225985,0.08939478067740145,0.00277623542476402,0.0,0.0,0.997223764575236,0.00277623542476402,0.0027762354247640175,31628.0,197478.0,197478.0,10.0,7.0,EAST WEST BK,75841883.0,69478848.0,2734233.0,75976475.0,EAST WEST BANK,6.0,SMB,True,75841883.0,23.715410569105693,SM,543584.0,31628_20241231,0.2959760909658276,1.298405934353572,3198.0,9.80612503039794,1.6202589875458913,4.0,CA,True
F28JOQ8OBWCFUYM0UX93,2025,2106,1849,257,0.8779677113010447,0.12203228869895537,0.0014245014245014246,0.0,0.0,0.9985754985754985,0.0014245014245014246,0.0014245014245014564,31628.0,197478.0,197478.0,10.0,7.0,EAST WEST BK,79661753.0,75841883.0,2734233.0,80434997.0,EAST WEST BANK,6.0,SMB,True,79661753.0,23.77962776119403,SM,607301.0,31628_20251231,0.3283318056010259,1.3190311376582984,3350.0,10.034873276804452,1.7190640724487023,4.0,CA,True
FT6J43S06X6CLJ0R0B48,2023,1377,1249,128,0.9070442992011619,0.09295570079883805,0.0,0.0014524328249818446,0.0,0.9985475671750181,0.0014524328249818446,0.001452432824981864,18503.0,595869.0,595869.0,10.0,7.0,CATHAY BK,23056487.0,18405327.0,1843080.0,23081534.0,CATHAY BANK,6.0,NMB,True,23056487.0,18.2842878667724,NM,154386.0,18503_20231231,0.3772997375161671,1.6686104143637133,1261.0,10.867902345942696,1.5445908152612773,4.0,CA,True
FT6J43S06X6CLJ0R0B48,2024,636,589,47,0.9261006289308176,0.07389937106918239,0.0,0.0015723270440251573,0.0,0.9984276729559748,0.0015723270440251573,0.0015723270440252124,18503.0,595869.0,595869.0,10.0,7.0,CATHAY BK,23036365.0,23056487.0,1843080.0,23054681.0,CATHAY BANK,6.0,NMB,True,23036365.0,18.196180884676146,NM,167376.0,18503_20241231,0.8932117516986723,1.598132075304416,1266.0,11.201880175579957,1.3001659654586653,4.0,CA,True
FT6J43S06X6CLJ0R0B48,2025,821,764,57,0.9305724725943971,0.06942752740560293,0.0,0.0036540803897685747,0.0,0.9963459196102314,0.0036540803897685747,0.0036540803897685548,18503.0,595869.0,595869.0,10.0,7.0,CATHAY BK,24213489.0,23036365.0,1843080.0,24229577.0,CATHAY BANK,6.0,NMB,True,24213489.0,19.095811514195585,NM,177427.0,18503_20251231,0.5624026364951,1.4987031072088592,1268.0,11.283133272326925,1.3825303099332882,4.0,CA,True
FU7RSW4CQQY98A2O7J66,2023,1809,1639,170,0.9060254284134881,0.09397457158651189,0.5201768933112216,0.34051962410171366,0.0,0.13930348258706468,0.8606965174129353,0.861249309010503,4214.0,339858.0,339858.0,10.0,7.0,BOKF NA,49582657.0,47596192.0,1883693.0,49888458.0,BOKF NA,40.0,NAT,True,49582657.0,10.53605121121972,N,698966.0,4214_20231231,0.810597686576617,2.4908871369578547,4706.0,8.860908227427702,1.054868771498163,4.0,OK,True
FU7RSW4CQQY98A2O7J66,2024,2046,1944,102,0.9501466275659824,0.04985337243401759,0.5283479960899315,0.3699902248289345,0.0,0.10166177908113393,0.8983382209188661,0.9095796676441837,4214.0,339858.0,339858.0,10.0,7.0,BOKF NA,49465723.0,49582657.0,1883693.0,49761313.0,BOKF NA,40.0,NAT,True,49465723.0,10.258341559518872,N,746577.0,4214_20241231,0.4109216224639528,2.4629323989095084,4822.0,9.26292159733583,1.0563456344304842,4.0,OK,True
FU7RSW4CQQY98A2O7J66,2025,1849,1734,115,0.9378042184964845,0.062195781503515415,0.5473228772309356,0.31314223904813415,0.0,0.13953488372093023,0.8604651162790697,0.8788534342888048,4214.0,339858.0,339858.0,10.0,7.0,BOKF NA,52005221.0,49465723.0,1883693.0,52275974.0,BOKF NA,40.0,NAT,True,52005221.0,10.149340554254488,N,812178.0,4214_20251231,0.5871092831395458,2.566949814937205,5124.0,9.144093728878175,1.0971746627883443,4.0,OK,True
G5AHTAP80NWA3Q8RDC78,2024,748,587,161,0.7847593582887701,0.21524064171122995,0.48262032085561496,0.0,0.0,0.517379679144385,0.48262032085561496,0.482620320855615,5510.0,682563.0,682563.0,10.0,7.0,FROST BK,52580731.0,50957079.0,1102367.0,52580731.0,FROST BANK,48.0,SMB,True,52580731.0,8.982017594806969,SM,750166.0,5510_20241231,0.4556868101754652,2.559901086806548,5854.0,8.438337658277655,1.1813295894539566,4.0,TX,True
G5AHTAP80NWA3Q8RDC78,2025,858,674,184,0.7855477855477856,0.21445221445221446,0.5407925407925408,0.0,0.0,0.4592074592074592,0.5407925407925408,0.5407925407925408,5510.0,682563.0,682563.0,10.0,7.0,FROST BK,53127804.0,52580731.0,1102367.0,53127804.0,FROST BANK,48.0,SMB,True,53127804.0,8.842843541944076,SM,827652.0,5510_20251231,0.4209427515208539,2.696998298919362,6008.0,8.687287529172782,1.2643509572478149,4.0,TX,True
GDN5JXQ4P5NZE28ZRC90,2025,551,505,46,0.9165154264972777,0.08348457350272233,0.7477313974591652,0.2395644283121597,0.0,0.012704174228675136,0.9872958257713249,0.9872958257713249,20234.0,814430.0,814430.0,10.0,7.0,CITY NB OF FL,28048551.0,26506696.0,2833891.0,28048551.0,CITY NATIONAL BANK OF FLORIDA,12.0,NAT,True,28048551.0,24.998708556149733,N,212167.0,20234_20251231,0.9426817696386832,1.5132697597005669,1122.0,10.944447218941344,0.9551085822046312,4.0,FL,True
HUX2X73FUCYHUVH1BK78,2023,3875,3258,617,0.8407741935483871,0.1592258064516129,0.8616774193548387,0.0005161290322580645,0.0,0.13780645161290322,0.8621935483870967,0.8745806451612903,17534.0,280110.0,280110.0,10.0,7.0,KEYBANK NA,185890386.0,156428340.0,1068025.0,188368904.0,KEYBANK NATIONAL ASSOCIATION,39.0,NAT,True,185890386.0,10.409944895559164,N,2223222.0,17534_20231231,0.6095517496827421,2.179796485902477,17857.0,9.21957424790618,0.6819597770301494,4.0,OH,True
HUX2X73FUCYHUVH1BK78,2024,3107,2652,455,0.8535564853556485,0.14644351464435146,0.6594785967170904,0.2909559060186675,0.0,0.04956549726424203,0.9504345027357579,0.9549404570325073,17534.0,280110.0,280110.0,10.0,7.0,KEYBANK NA,184461420.0,185890386.0,1068025.0,187184010.0,KEYBANK NATIONAL ASSOCIATION,39.0,NAT,True,184461420.0,10.562985741281569,N,2264732.0,17534_20241231,0.886815639327273,2.1271468275115635,17463.0,9.4244281589212,0.0709993682165341,4.0,OH,True
HUX2X73FUCYHUVH1BK78,2025,3010,2601,409,0.8641196013289036,0.13588039867109636,0.5365448504983389,0.4186046511627907,0.0,0.044850498338870434,0.9551495016611296,0.9641196013289036,17534.0,280110.0,280110.0,10.0,7.0,KEYBANK NA,181707510.0,184461420.0,1238967.0,181716815.0,KEYBANK NATIONAL ASSOCIATION,39.0,NAT,True,181707510.0,10.170006716292606,N,2388377.0,17534_20251231,0.7373973971105294,2.199275279069595,17867.0,9.95697197581154,1.173893112802461,4.0,OH,True
I70W3N0Z6KOX8FYIH023,2024,509,452,57,0.888015717092338,0.11198428290766209,0.9390962671905697,0.0,0.0,0.060903732809430254,0.9390962671905697,0.9390962671905697,6544.0,577128.0,577128.0,10.0,7.0,PEOPLES BK,9242858.0,9140701.0,1070578.0,9254247.0,PEOPLES BANK,39.0,SMB,True,9242858.0,6.253625169147496,SM,143223.0,6544_20241231,0.672242774023006,2.877947447771494,1478.0,9.483176403670177,1.4206755790359575,4.0,OH,True
I70W3N0Z6KOX8FYIH023,2025,582,508,74,0.872852233676976,0.12714776632302405,0.9329896907216495,0.0,0.0,0.06701030927835051,0.9329896907216495,0.9329896907216495,6544.0,577128.0,577128.0,10.0,7.0,PEOPLES BK,9637101.0,9242858.0,1070578.0,9649630.0,PEOPLES BANK,39.0,SMB,True,9637101.0,6.627992434662999,SM,150265.0,6544_20251231,0.6289448670959343,2.895238437842376,1454.0,9.32633061433766,1.2744864128810345,4.0,OH,True
IFQSIUC9AGQV2NE8CN25,2023,891,850,41,0.9539842873176206,0.04601571268237935,0.574635241301908,0.265993265993266,0.0,0.15937149270482603,0.840628507295174,0.840628507295174,17266.0,143662.0,143662.0,10.0,7.0,UMPQUA BK,52167342.0,31844724.0,2078816.0,52173596.0,UMPQUA BANK,41.0,NMB,True,52167342.0,10.460666131943054,NM,608627.0,17266_20231231,0.3039922486433177,2.673775713081105,4987.0,8.29520505759511,0.7820672323788467,4.0,OR,True
IFQSIUC9AGQV2NE8CN25,2024,1025,986,39,0.9619512195121951,0.03804878048780488,0.6682926829268293,0.22439024390243903,0.0,0.1073170731707317,0.8926829268292683,0.8926829268292683,17266.0,143662.0,143662.0,10.0,7.0,UMPQUA BK,51566291.0,52167342.0,2078816.0,51576397.0,UMPQUA BANK,41.0,NMB,True,51566291.0,11.305917781188334,NM,586310.0,17266_20241231,0.4483498760185965,2.1176335377256783,4561.0,8.965794243696696,1.0861398996624994,4.0,OR,True
IFQSIUC9AGQV2NE8CN25,2025,1099,1038,61,0.9444949954504095,0.055505004549590536,0.6942675159235668,0.21747042766151045,0.0,0.08826205641492266,0.9117379435850773,0.9117379435850773,17266.0,143662.0,143662.0,10.0,7.0,COLUMBIA BK,66821352.0,51566291.0,2078816.0,66832134.0,COLUMBIA BANK,41.0,NMB,True,66821352.0,11.493180598555211,NM,668194.0,17266_20251231,0.4179784067839104,2.444685600572277,5814.0,9.698596934068089,1.0039942125110437,4.0,OR,True
IUGPUX5LWRZ3B6KIZ697,2023,6576,6359,217,0.9670012165450121,0.032998783454987836,0.70088199513382,0.2615571776155718,0.0,0.037560827250608275,0.9624391727493917,0.9631995133819952,20504.0,764030.0,764030.0,10.0,7.0,AMERIS BK,25112290.0,24967889.0,1082067.0,25203699.0,AMERIS BANK,13.0,NMB,True,25112290.0,9.08220253164557,NM,306894.0,20504_20231231,0.8180039205601188,2.2191904511930005,2765.0,10.689467034937554,1.1718046236313755,4.0,GA,True
IUGPUX5LWRZ3B6KIZ697,2024,7207,6976,231,0.9679478285000693,0.03205217149993062,0.7034827251283474,0.27181906479811296,0.0,0.024698210073539614,0.9753017899264604,0.9753017899264604,20504.0,764030.0,764030.0,10.0,7.0,AMERIS BK,26175081.0,25112290.0,1082067.0,26266322.0,AMERIS BANK,13.0,NMB,True,26175081.0,9.726897435897436,NM,330497.0,20504_20241231,0.5639841634379097,2.257680272533162,2691.0,11.165781945302983,1.5125003776901145,4.0,GA,True
IUGPUX5LWRZ3B6KIZ697,2025,5754,5540,214,0.9628084810566563,0.037191518943343764,0.691692735488356,0.27424400417101147,0.0,0.0340632603406326,0.9659367396593674,0.9661105318039624,20504.0,764030.0,764030.0,10.0,7.0,AMERIS BK,27432143.0,26175081.0,1082067.0,27520547.0,AMERIS BANK,13.0,NMB,True,27432143.0,10.26267976056865,NM,332008.0,20504_20251231,0.535392082839545,2.1830233617861685,2673.0,11.67204575358076,1.6372347867448518,4.0,GA,True
IWRZQFYIRJ0IMURZBB68,2023,1327,1262,65,0.9510173323285607,0.048982667671439335,0.0,0.8749058025621703,0.0,0.12509419743782968,0.8749058025621703,0.8749058025621703,20296.0,58243.0,58243.0,10.0,7.0,JOHNSON BK,6274391.0,6057275.0,1490701.0,6326645.0,JOHNSON BANK,55.0,SMB,True,6274391.0,7.113821995464853,SM,126647.0,20296_20231231,0.3114934135223962,3.128566221988605,882.0,12.714196790319503,0.866852094989494,4.0,WI,True
IWRZQFYIRJ0IMURZBB68,2024,1537,1482,55,0.9642160052049447,0.035783994795055306,0.009108653220559532,0.9206245933636955,0.0,0.07026675341574495,0.929733246584255,0.929733246584255,20296.0,58243.0,58243.0,10.0,7.0,JOHNSON BK,6744404.0,6274391.0,1490701.0,6799878.0,JOHNSON BANK,55.0,SMB,True,6744404.0,8.580666666666668,SM,114778.0,20296_20241231,0.1794986743936798,2.881431688869353,786.0,12.38841083029399,0.8960899945818388,4.0,WI,True
IWRZQFYIRJ0IMURZBB68,2025,1462,1419,43,0.9705882352941176,0.029411764705882353,0.049247606019151846,0.8426812585499316,0.0,0.10807113543091655,0.8919288645690835,0.8919288645690835,20296.0,58243.0,58243.0,10.0,7.0,JOHNSON BK,7187696.0,6744404.0,1490701.0,7215228.0,JOHNSON BANK,55.0,SMB,True,7187696.0,9.274446451612905,SM,120940.0,20296_20251231,0.2805460933307223,2.8200181570585565,775.0,11.964596592428308,1.0730890383636638,4.0,WI,True
JJKC32MCHWDI71265Z06,2023,11788,10271,1517,0.8713098065829658,0.12869019341703428,0.5357142857142857,0.21165592127587377,0.0,0.2526297930098405,0.7473702069901594,0.7473702069901595,9846.0,852320.0,852320.0,10.0,7.0,TRUIST BK,527530000.0,358542500.0,1074156.0,535349000.0,TRUIST BANK,37.0,NMB,True,527548000.0,10.88558281575635,NM,7744000.0,9846_20231231,0.6273645898184953,3.7164516372207785,48463.0,9.21571129551718,-0.1184086901682175,4.0,NC,True
JJKC32MCHWDI71265Z06,2024,10305,9156,1149,0.8885007278020378,0.11149927219796216,0.49374090247452695,0.28908296943231443,0.0,0.21717612809315867,0.7828238719068414,0.7829209121785541,9846.0,852320.0,852320.0,10.0,7.0,TRUIST BK,523132000.0,527530000.0,1074156.0,531176000.0,TRUIST BANK,37.0,NMB,True,523132000.0,14.740680210769534,NM,5567000.0,9846_20241231,0.6554967761654089,2.07271969158576,35489.0,10.133005547150782,0.968113865394738,9.0,NC,True
JJKC32MCHWDI71265Z06,2025,9925,8975,950,0.9042821158690176,0.09571788413098237,0.4433249370277078,0.2774811083123426,0.0,0.2791939546599496,0.7208060453400504,0.7209068010075567,9846.0,852320.0,852320.0,10.0,7.0,TRUIST BK,539519000.0,523132000.0,1074156.0,547538000.0,TRUIST BANK,37.0,NMB,True,539519000.0,14.987887879545518,NM,5879000.0,9846_20251231,0.6844794807522312,2.030989785305028,35997.0,9.83348239819126,1.0402951379494856,9.0,NC,True
KB1H1DSPRFMYMCUFXT09,2023,25546,21517,4029,0.8422845063806467,0.15771549361935333,0.31406090973146483,0.3345337821968214,0.3373130822829406,0.014092225788773194,0.6485946919282862,0.9859077742112268,3511.0,451965.0,451965.0,10.0,7.0,WELLS FARGO BK NA,1733244000.0,1749891000.0,1120754.0,1932472000.0,WELLS FARGO BANK NA,46.0,NAT,True,1733244000.0,8.678586986455699,N,27222000.0,3511_20231231,1.3285575739614215,2.66658974712662,199715.0,8.44775201982643,1.2920837808883454,9.0,SD,True
KB1H1DSPRFMYMCUFXT09,2024,19595,15971,3624,0.8150548609339117,0.18494513906608828,0.5714723143659096,0.3019137535085481,0.1105384026537382,0.01607552947180403,0.8733860678744577,0.983924470528196,3511.0,451965.0,451965.0,10.0,7.0,WELLS FARGO BK NA,1705538000.0,1733244000.0,1120754.0,1929845000.0,WELLS FARGO BANK NA,46.0,NAT,True,1705538000.0,8.850145034325655,N,26145000.0,3511_20241231,1.4288962921693251,2.493494914702836,192713.0,8.721898791936985,1.3157835071336477,9.0,SD,True
KB1H1DSPRFMYMCUFXT09,2025,19568,16478,3090,0.8420891251022077,0.15791087489779232,0.571698691741619,0.28986099754701555,0.12213818479149632,0.016302125919869175,0.8615596892886346,0.9836978740801309,3511.0,451965.0,451965.0,10.0,7.0,WELLS FARGO BK NA,1822693000.0,1705538000.0,1120754.0,2148682000.0,WELLS FARGO BANK NA,46.0,NAT,True,1822693000.0,10.011661183036082,N,25862000.0,3511_20251231,1.199168587637725,2.440030902259608,182057.0,8.691538067875431,1.4074992133907964,9.0,SD,True
KI0VI4JRMCIJ329YTN75,2023,874,790,84,0.9038901601830663,0.09610983981693363,0.9233409610983981,0.07208237986270023,0.0,0.004576659038901602,0.9954233409610984,0.9954233409610984,9396.0,229801.0,229801.0,10.0,7.0,VALLEY NB,60943806.0,57451653.0,1048773.0,60943806.0,VALLEY NATIONAL BANK,34.0,NAT,True,60943806.0,16.36954230459307,N,560100.0,9396_20231231,0.6071065357362477,1.891630009073493,3723.0,9.140231838311076,0.8767534082388617,4.0,NJ,True
KI0VI4JRMCIJ329YTN75,2024,953,878,75,0.9213011542497377,0.07869884575026233,0.9338929695697796,0.06190975865687303,0.0,0.004197271773347324,0.9958027282266526,0.9958027282266527,9396.0,229801.0,229801.0,10.0,7.0,VALLEY NB,62446510.0,60943806.0,1048773.0,62491691.0,VALLEY NATIONAL BANK,34.0,NAT,True,62446510.0,16.89113064647011,N,553939.0,9396_20241231,0.7483543554861681,1.7816145403560864,3697.0,9.910036423369975,0.594041680924405,4.0,NJ,True
KI0VI4JRMCIJ329YTN75,2025,1019,908,111,0.8910696761530913,0.10893032384690873,0.9195289499509323,0.07654563297350343,0.0,0.003925417075564278,0.9960745829244357,0.9960745829244357,9396.0,229801.0,229801.0,10.0,7.0,VALLEY NB,64061947.0,62446510.0,1048773.0,64132725.0,VALLEY NATIONAL BANK,34.0,NAT,True,64061947.0,17.628493946064943,N,574143.0,9396_20251231,0.8741907326612227,1.7977603808556806,3634.0,10.266348775507709,0.987082991276724,4.0,NJ,True
L9VVX1KT5TFTKS0MLF66,2023,3227,2783,444,0.8624109079640533,0.1375890920359467,0.5094515029439107,0.0,0.0,0.49054849705608927,0.5094515029439107,0.5094515029439107,11063.0,491224.0,491224.0,10.0,7.0,FIRST-CITIZENS B&TC,213617760.0,109180139.0,1075612.0,213766628.0,FIRST CIITIZENS BANK AND TRUST,37.0,NMB,True,213617760.0,13.4367694049566,NM,2912959.0,11063_20231231,0.8190152955588375,2.7816746107083947,15898.0,9.876785221014254,5.9949584421366096,4.0,NC,True
L9VVX1KT5TFTKS0MLF66,2024,2742,2369,373,0.8639679066374909,0.13603209336250913,0.6557257476294676,0.0,0.0,0.34427425237053244,0.6557257476294676,0.6557257476294676,11063.0,491224.0,491224.0,10.0,7.0,FIRST-CITIZENS B&TC,223543000.0,213617760.0,1075612.0,223720000.0,FIRST CIITIZENS BANK AND TRUST,37.0,NMB,True,223543000.0,12.896215530171917,NM,3130000.0,11063_20241231,0.9198629112129222,2.612441471904231,17334.0,9.77712749059246,1.2763107697906528,4.0,NC,True
L9VVX1KT5TFTKS0MLF66,2025,3193,2834,359,0.8875665518321328,0.11243344816786721,0.8149076103977451,0.0,0.0,0.18509238960225494,0.8149076103977451,0.8149076103977451,11063.0,491224.0,491224.0,10.0,7.0,FIRST-CITIZENS B&TC,229332000.0,223543000.0,1075612.0,229698000.0,FIRST CIITIZENS BANK AND TRUST,37.0,NMB,True,229332000.0,12.733592448639644,NM,3303000.0,11063_20251231,1.0488875740440666,2.656705877005749,18010.0,9.793442397580424,1.001235921075863,4.0,NC,True
LDVFX8JEECFFE8HRWA73,2023,2090,1957,133,0.9363636363636364,0.06363636363636363,0.9349282296650717,0.0,0.0,0.06507177033492823,0.9349282296650717,0.9349282296650718,5452.0,527954.0,527954.0,10.0,7.0,FIRST NB OF OMAHA,31111148.0,28274145.0,1066209.0,31111148.0,FIRST NATIONAL BANK OF OMAHA,31.0,NAT,True,31111148.0,6.9460031256977,N,526590.0,5452_20231231,0.7733291540374446,3.979206863913431,4479.0,9.491372003894078,0.8086612854283408,9.0,NE,True
LDVFX8JEECFFE8HRWA73,2024,1748,1624,124,0.9290617848970252,0.07093821510297482,0.8489702517162472,0.08581235697940504,0.0,0.06521739130434782,0.9347826086956522,0.9347826086956522,5452.0,527954.0,527954.0,10.0,7.0,FIRST NB OF OMAHA,31985717.0,31111148.0,1066209.0,31985717.0,FIRST NATIONAL BANK OF OMAHA,31.0,NAT,True,31985717.0,7.692572631072631,N,534840.0,5452_20241231,0.9219004308782838,3.66235233721409,4158.0,10.38624620368335,1.3171165349994245,9.0,NE,True
LDVFX8JEECFFE8HRWA73,2025,1030,932,98,0.9048543689320389,0.09514563106796116,0.516504854368932,0.35436893203883496,0.0,0.129126213592233,0.8708737864077669,0.870873786407767,5452.0,527954.0,527954.0,10.0,7.0,FIRST NB OF OMAHA,34573634.0,31985717.0,1066209.0,34573634.0,FIRST NATIONAL BANK OF OMAHA,31.0,NAT,True,34573634.0,8.177302270577105,N,536359.0,5452_20251231,0.807130481430152,3.681131954254532,4228.0,10.18108586941904,1.513722738174403,4.0,NE,True
LVR1UQE8OOCO93IHEB52,2023,1229,1129,100,0.9186330349877949,0.08136696501220504,0.01627339300244101,0.9235150528885273,0.0,0.060211554109031735,0.9397884458909683,0.9406021155410903,28178.0,1002878.0,1002878.0,20.0,7.0,NORTHWEST BK,14473118.0,14213677.0,4122722.0,14486518.0,NORTHWEST BANK,42.0,SSB,True,14473118.0,6.898530981887512,SI,209235.0,28178_20231231,0.8503170624060131,2.5439981283557325,2098.0,9.696643701504842,1.0306392130408202,4.0,PA,True
LVR1UQE8OOCO93IHEB52,2024,780,695,85,0.8910256410256411,0.10897435897435898,0.05128205128205128,0.9012820512820513,0.0,0.047435897435897434,0.9525641025641026,0.9538461538461538,28178.0,1002878.0,1002878.0,20.0,7.0,NORTHWEST BK,14463103.0,14473118.0,4122722.0,14476599.0,NORTHWEST BANK,42.0,SSB,True,14463103.0,7.394224437627813,SI,227985.0,28178_20241231,0.6941858262244841,2.637101438800654,1956.0,9.49649790840276,0.7858922559094785,4.0,PA,True
LVR1UQE8OOCO93IHEB52,2025,858,777,81,0.9055944055944056,0.0944055944055944,0.15151515151515152,0.7925407925407926,0.0,0.055944055944055944,0.9440559440559441,0.9452214452214452,28178.0,1002878.0,1002878.0,20.0,7.0,NORTHWEST BK,16771847.0,14463103.0,4122722.0,16788242.0,NORTHWEST BANK,42.0,SSB,True,16771847.0,7.732525126786538,SI,235668.0,28178_20251231,0.8283272906247724,2.813381754288771,2169.0,9.767374932804437,0.9231034533903127,4.0,PA,True
MCXHCL35UUWDZK7NCQ61,2023,762,703,59,0.9225721784776902,0.07742782152230972,0.9081364829396326,0.0,0.0,0.09186351706036745,0.9081364829396326,0.9081364829396326,11124.0,936426.0,936426.0,10.0,7.0,S&T BK,9545787.0,9106184.0,1071397.0,9551526.0,S&T BANK,42.0,NMB,True,9545787.0,7.673462218649518,NM,111460.0,11124_20231231,0.2998107792336415,2.2917128094064743,1244.0,10.790960041793102,1.614420283940569,4.0,PA,True
MCXHCL35UUWDZK7NCQ61,2024,579,535,44,0.924006908462867,0.07599309153713299,0.8894645941278065,0.0,0.0,0.11053540587219343,0.8894645941278065,0.8894645941278065,11124.0,936426.0,936426.0,10.0,7.0,S&T BK,9653169.0,9545787.0,1071397.0,9657972.0,S&T BANK,42.0,NMB,True,9653169.0,8.00428606965174,NM,123543.0,11124_20241231,0.360818178272438,2.322941014336933,1206.0,11.428591451577862,1.3986730384330055,4.0,PA,True
MCXHCL35UUWDZK7NCQ61,2025,503,446,57,0.8866799204771372,0.11332007952286283,0.882703777335984,0.0,0.0,0.1172962226640159,0.882703777335984,0.882703777335984,11124.0,936426.0,936426.0,10.0,7.0,S&T BK,9864607.0,9653169.0,1071397.0,9870980.0,S&T BANK,42.0,NMB,True,9864607.0,8.15931100082713,NM,129050.0,11124_20251231,0.6881980317769167,2.3493865466799884,1209.0,11.905872944617087,1.4300382341871345,4.0,PA,True
MV4O55SH8HO6KQSGW013,2023,1846,1631,215,0.8835319609967497,0.11646803900325027,0.31365113759479957,0.581798483206934,0.0,0.10455037919826653,0.8954496208017335,0.8954496208017335,6600.0,165628.0,165628.0,10.0,7.0,FIRST FNCL BK,17459008.0,16915645.0,1071276.0,17532900.0,FIRST FINANCIAL BANK,39.0,SMB,True,17459008.0,8.200567402536404,SM,276284.0,6600_20231231,0.6194350594339993,2.679213222330562,2129.0,10.237063844740993,1.6679366177396262,4.0,OH,True
MV4O55SH8HO6KQSGW013,2024,1940,1645,295,0.8479381443298969,0.15206185567010308,0.3309278350515464,0.6056701030927835,0.0,0.0634020618556701,0.9365979381443299,0.9365979381443299,6600.0,165628.0,165628.0,10.0,7.0,FIRST FNCL BK,18486296.0,17459008.0,1071276.0,18570261.0,FIRST FINANCIAL BANK,39.0,SMB,True,18480378.0,8.953671511627908,SM,286295.0,6600_20241231,0.5633480337383765,2.7620933308061884,2064.0,9.973751398246108,1.4460531759839206,4.0,OH,True
MV4O55SH8HO6KQSGW013,2025,1998,1800,198,0.9009009009009009,0.0990990990990991,0.3308308308308308,0.6186186186186187,0.0,0.05055055055055055,0.9494494494494494,0.9494494494494494,6600.0,165628.0,165628.0,10.0,7.0,FIRST FNCL BK,20985843.0,18486296.0,1071276.0,21129379.0,FIRST FINANCIAL BANK,39.0,SMB,True,20985843.0,9.69770933456562,SM,297535.0,6600_20251231,0.7601356503992033,2.6986984943162096,2164.0,9.768314332150704,1.530391704453224,4.0,OH,True
N8T7HW55LK5D2ORCKP39,2023,4069,3595,474,0.8835094617842222,0.11649053821577783,0.5505038092897517,0.03293192430572622,0.0,0.416564266404522,0.583435733595478,0.5836814942246252,7888.0,379920.0,379920.0,10.0,7.0,FIRST NB OF PA,46035934.0,43726588.0,3005332.0,46229753.0,FIRST NATIONAL BANK OF PA,42.0,NAT,True,46035934.0,11.426143956316704,N,446202.0,7888_20231231,0.3607532426643194,1.975324633125311,4029.0,8.710457575544702,1.1250131433798662,4.0,PA,True
N8T7HW55LK5D2ORCKP39,2024,4341,3908,433,0.9002533978346003,0.09974660216539968,0.5572448744528911,0.03294171849804193,0.0,0.40981340704906705,0.590186592950933,0.5904169546187514,7888.0,379920.0,379920.0,10.0,7.0,FIRST NB OF PA,48447307.0,46035934.0,3005332.0,48732987.0,FIRST NATIONAL BANK OF PA,42.0,NAT,True,48447307.0,11.8308442002442,N,488610.0,7888_20241231,0.5015391206552408,1.9555486001698708,4095.0,8.775193833476607,1.0474510061110076,4.0,PA,True
N8T7HW55LK5D2ORCKP39,2025,5064,4519,545,0.8923775671406003,0.10762243285939968,0.5477883096366508,0.02527646129541864,0.0,0.42693522906793047,0.5730647709320694,0.5730647709320695,7888.0,379920.0,379920.0,10.0,7.0,FIRST NB OF PA,50018001.0,48447307.0,3005332.0,50288850.0,FIRST NATIONAL BANK OF PA,42.0,NAT,True,50018001.0,12.175754868549172,N,513181.0,7888_20251231,0.3273522363217034,1.9114924499957004,4108.0,9.27409596692496,1.2858520865222585,4.0,PA,True
NSGZD26XPW2CUM2JKU70,2023,1614,1463,151,0.9064436183395291,0.09355638166047088,0.533457249070632,0.41759603469640644,0.0,0.04894671623296159,0.9510532837670385,0.9510532837670385,12441.0,463735.0,463735.0,10.0,7.0,HANCOCK WHITNEY BK,35580052.0,35158162.0,1086533.0,35614942.0,HANCOCK WHITNEY BANK,28.0,NMB,True,35580052.0,9.905359688195992,NM,448390.0,12441_20231231,0.2866405382336387,2.268290686581093,3592.0,9.85582607452377,1.1175243681893567,4.0,MS,True
NSGZD26XPW2CUM2JKU70,2024,886,782,104,0.8826185101580135,0.11738148984198646,0.36681715575620766,0.5812641083521445,0.0,0.05191873589164785,0.9480812641083521,0.9480812641083521,12441.0,463735.0,463735.0,10.0,7.0,HANCOCK WHITNEY BK,35067504.0,35580052.0,1086533.0,35092166.0,HANCOCK WHITNEY BANK,28.0,NMB,True,35067504.0,10.088464902186422,NM,457258.0,12441_20241231,0.5110720704368432,2.2830568081982574,3476.0,10.912522180221483,1.337721338706808,4.0,MS,True
NSGZD26XPW2CUM2JKU70,2025,981,892,89,0.90927624872579,0.09072375127421,0.4648318042813456,0.4801223241590214,0.0,0.05504587155963303,0.944954128440367,0.9459734964322121,12441.0,463735.0,463735.0,10.0,7.0,HANCOCK WHITNEY BK,35458426.0,35067504.0,1086533.0,35481819.0,HANCOCK WHITNEY BANK,28.0,NMB,True,35458426.0,9.776240970499035,NM,463291.0,12441_20251231,0.5654792011916461,2.3635653555827543,3627.0,10.837636182300772,1.4093457525564057,4.0,MS,True
OJH4M4RQMT1WXN2BNC32,2023,1218,967,251,0.7939244663382594,0.20607553366174056,0.8768472906403941,0.1206896551724138,0.0,0.0024630541871921183,0.9975369458128079,0.9975369458128078,34968.0,940311.0,940311.0,10.0,7.0,BANCO POPULAR DE PR,56876000.0,46198000.0,1129382.0,71978053.0,BANCO POPULAR,72.0,SMB,True,56876000.0,7.837398373983739,SM,522000.0,34968_20231231,2.4570630290081352,2.777503630493324,7257.0,7.73509293166586,0.7842570530263511,9.0,PR,True
OJH4M4RQMT1WXN2BNC32,2024,866,716,150,0.8267898383371824,0.17321016166281755,0.31755196304849886,0.053117782909930716,0.0,0.6293302540415704,0.3706697459584296,0.3706697459584296,34968.0,940311.0,940311.0,10.0,7.0,BANCO POPULAR DE PR,58456000.0,56876000.0,1129382.0,73045000.0,BANCO POPULAR,72.0,SMB,True,58456000.0,8.013159698423578,SM,547000.0,34968_20241231,2.0556366710212863,2.7353857711248994,7295.0,7.548989220649515,0.918171447650316,9.0,PR,True
OJH4M4RQMT1WXN2BNC32,2025,762,611,151,0.8018372703412073,0.19816272965879264,0.27034120734908135,0.024934383202099737,0.0,0.7047244094488189,0.2952755905511811,0.29527559055118113,34968.0,940311.0,940311.0,10.0,7.0,BANCO POPULAR DE PR,59766000.0,58456000.0,1129382.0,75348000.0,BANCO POPULAR,72.0,SMB,True,59766000.0,8.206233694905945,SM,595000.0,34968_20251231,2.495640802092415,2.691936951914584,7283.0,7.519830954736789,1.1738390077281933,9.0,PR,True
P7GC0W65KB5CEIHLDX81,2023,823,654,169,0.7946537059538274,0.20534629404617255,0.8578371810449574,0.009720534629404616,0.0,0.1324422843256379,0.867557715674362,0.8675577156743621,4360.0,130541.0,130541.0,10.0,7.0,HORIZON BK,7901144.0,7794340.0,1209136.0,7931195.0,HORIZON BANK,18.0,NMB,True,7901144.0,9.241104093567252,NM,77307.0,4360_20231231,0.4441001772327433,1.8267560250271389,855.0,8.413969137362745,0.4529353459152902,4.0,IN,True
P7GC0W65KB5CEIHLDX81,2024,657,579,78,0.8812785388127854,0.1187214611872146,0.8051750380517504,0.0776255707762557,0.0,0.1171993911719939,0.882800608828006,0.8858447488584476,4360.0,130541.0,130541.0,10.0,7.0,HORIZON BK,7774767.0,7901144.0,1209136.0,7801146.0,HORIZON BANK,18.0,NMB,True,7774767.0,8.977790993071594,NM,82893.0,4360_20241231,0.5485247435365013,1.947778284056353,866.0,8.644253782549349,0.5879273787133484,4.0,IN,True
P7GC0W65KB5CEIHLDX81,2025,681,621,60,0.9118942731277533,0.0881057268722467,0.7606461086637298,0.11600587371512482,0.0,0.12334801762114538,0.8766519823788547,0.8795888399412628,4360.0,130541.0,130541.0,10.0,7.0,HORIZON BK,6413881.0,7774767.0,1209136.0,6436611.0,HORIZON BANK,18.0,NMB,True,6413881.0,7.41489132947977,NM,87636.0,4360_20251231,0.7151803402151312,2.340081938800098,865.0,9.936860472549911,-1.9557523611497245,4.0,IN,True
PINLJ7T7GLTF48NFP863,2024,774,702,72,0.9069767441860465,0.09302325581395349,0.7571059431524548,0.24289405684754523,0.0,0.0,1.0,1.0,33111.0,1718469.0,1718469.0,20.0,7.0,COLORADO FSB,2317950.0,2331251.0,3835164.0,2354685.0,COLORADO FEDERAL SAVINGS BANK,8.0,FSB,True,2317950.0,35.12045454545455,SB,10879.0,33111_20241231,0.2777244429015308,0.7268639920870507,66.0,10.202839161659586,0.618796463064541,5.0,CO,True
PINLJ7T7GLTF48NFP863,2025,956,904,52,0.9456066945606695,0.05439330543933055,0.6579497907949791,0.34205020920502094,0.0,0.0,1.0,1.0,33111.0,1718469.0,1718469.0,20.0,7.0,COLORADO FSB,2723291.0,2317950.0,3835164.0,2759905.0,COLORADO FEDERAL SAVINGS BANK,8.0,FSB,True,2723291.0,38.35621126760564,SB,11934.0,33111_20251231,0.4716195613932215,0.8025025203301183,71.0,9.738501000160529,0.5728542881558373,5.0,CO,True
Q708HHR4LD2B7XIZNO92,2023,1759,1642,117,0.9334849346219443,0.06651506537805571,0.37237066515065376,0.5764638999431495,0.0,0.051165434906196704,0.9488345650938033,0.9488345650938033,31313.0,384278.0,384278.0,20.0,7.0,FIRST FED BK,3860802.0,3765448.0,3846405.0,3860802.0,FIRST FEDERAL BANK,12.0,CSA,True,3860802.0,6.247252427184466,SB,66291.0,31313_20231231,2.7341427185424325,3.033324243899958,618.0,9.545822301503929,0.8062738186408439,9.0,FL,True
Q708HHR4LD2B7XIZNO92,2024,2376,2156,220,0.9074074074074074,0.09259259259259259,0.46254208754208753,0.5206228956228957,0.0,0.016835016835016835,0.9831649831649831,0.9831649831649831,31313.0,384278.0,384278.0,20.0,7.0,FIRST FED BK,3820541.0,3860802.0,3846405.0,3820541.0,FIRST FEDERAL BANK,12.0,CSA,True,3820541.0,6.464536379018613,SB,66279.0,31313_20241231,3.678643299284204,3.0223548688664703,591.0,10.49649026055647,0.9705403526558096,9.0,FL,True
Q708HHR4LD2B7XIZNO92,2025,2296,2091,205,0.9107142857142857,0.08928571428571429,0.6141114982578397,0.36106271777003485,0.0,0.024825783972125436,0.9751742160278746,0.975609756097561,31313.0,384278.0,384278.0,20.0,7.0,FIRST FED BK,4310472.0,3820541.0,3846405.0,4310472.0,FIRST FEDERAL BANK,12.0,CSA,True,4310472.0,7.780635379061372,SB,67228.0,31313_20251231,3.179872721155133,2.8597507660662576,554.0,10.705342034621296,0.5802765083728056,9.0,FL,True
Q7C315HKI8VX0SSKBS64,2023,3681,3362,319,0.9133387666395001,0.08666123336049987,0.9616951915240424,0.019016571583808747,0.0,0.019288236892148872,0.9807117631078511,0.9815267590328715,11813.0,606046.0,606046.0,10.0,7.0,CADENCE BK,48934510.0,48668073.0,606046.0,48934510.0,CADENCE BANK,28.0,NMB,True,48934510.0,9.175794112132008,NM,635797.0,11813_20231231,0.9030018153294878,2.340953968494975,5333.0,9.295283490251151,1.0993063904209883,4.0,MS,True
Q7C315HKI8VX0SSKBS64,2024,3913,3548,365,0.9067211857909533,0.09327881420904677,0.9667774086378738,0.019933554817275746,0.0,0.013289036544850499,0.9867109634551495,0.9867109634551495,11813.0,606046.0,606046.0,10.0,7.0,CADENCE BK,47019190.0,48934510.0,606046.0,47019190.0,CADENCE BANK,28.0,SMB,True,47019190.0,8.813343955014059,SM,610196.0,11813_20241231,1.020454130644057,2.163741046040022,5335.0,10.411929590517186,1.0842612220614047,4.0,MS,True
Q7C315HKI8VX0SSKBS64,2025,4917,4579,338,0.9312588977018508,0.06874110229814928,0.9666463290624364,0.022574740695546065,0.0,0.01077893024201749,0.9892210697579825,0.9892210697579825,11813.0,606046.0,606046.0,10.0,7.0,CADENCE BK,53529044.0,47019190.0,606046.0,53529044.0,CADENCE BANK,28.0,SMB,True,53529044.0,9.311018264045922,SM,669496.0,11813_20251231,0.980528028919595,2.295764334652721,5749.0,9.696526702082917,1.0753925586557684,4.0,MS,True
QFROUN1UWUYU0DVIWD51,2023,6404,5845,559,0.9127108057464085,0.08728919425359151,0.24937539038101186,0.6261711430356027,0.0,0.12445346658338538,0.8755465334166146,0.8755465334166146,6672.0,723112.0,723112.0,10.0,7.0,FIFTH THIRD BK NA,213768000.0,184233195.0,1070345.0,214574000.0,"FIFTH THIRD BANK, NATIONAL ASS",39.0,NAT,True,213768000.0,11.429610222958884,N,2696000.0,6672_20231231,0.7023092881678741,2.47319586404918,18703.0,9.375450809945509,1.2836722880842697,4.0,OH,True
QFROUN1UWUYU0DVIWD51,2024,7301,6535,766,0.8950828653609094,0.10491713463909054,0.3029721955896453,0.5426653883029722,0.0,0.15436241610738255,0.8456375838926175,0.8457745514313108,6672.0,723112.0,723112.0,10.0,7.0,FIFTH THIRD BK NA,212197000.0,213768000.0,1070345.0,212927000.0,"FIFTH THIRD BANK, NATIONAL ASS",39.0,NAT,True,212197000.0,11.406601085846368,N,2767000.0,6672_20241231,0.8486187111291944,2.353823215068222,18603.0,10.018752571302825,1.2540899848270597,4.0,OH,True
QFROUN1UWUYU0DVIWD51,2025,7489,6612,877,0.8828949125383896,0.11710508746161036,0.29803712111096275,0.5179596741888103,0.0,0.184003204700227,0.8159967952997731,0.815996795299773,6672.0,723112.0,723112.0,10.0,7.0,FIFTH THIRD BK NA,213730000.0,212197000.0,1070345.0,214376000.0,"FIFTH THIRD BANK, NATIONAL ASS",39.0,NAT,True,213730000.0,11.45145735105015,N,2819000.0,6672_20251231,0.8607274849251119,2.413707821470578,18664.0,10.413606678946486,1.3442002103144712,4.0,OH,True
QGPGHQ1ENZOOLJRFTH41,2023,1259,1158,101,0.9197776012708498,0.08022239872915012,0.7092930897537728,0.2057188244638602,0.0,0.08498808578236695,0.915011914217633,0.9150119142176331,803.0,645625.0,645625.0,10.0,7.0,WESBANCO BK,17686314.0,16894686.0,1070448.0,17714947.0,"WESBANCO BANK, INC.",54.0,NMB,True,17686314.0,7.600478727975935,NM,221143.0,803_20231231,0.3126092000734905,2.1634605205550184,2327.0,9.92964552674346,1.0079708626285493,4.0,WV,True
QGPGHQ1ENZOOLJRFTH41,2024,1083,1007,76,0.9298245614035088,0.07017543859649122,0.6897506925207756,0.20406278855032317,0.0,0.1061865189289012,0.8938134810710987,0.8947368421052632,803.0,645625.0,645625.0,10.0,7.0,WESBANCO BK,18649074.0,17686314.0,1070448.0,18685242.0,"WESBANCO BANK, INC.",54.0,NMB,True,18649074.0,8.411851150202978,NM,219964.0,803_20241231,0.420458346686194,2.10568507722717,2217.0,10.35161971994336,0.9452785977223118,4.0,WV,True
QGPGHQ1ENZOOLJRFTH41,2025,1820,1659,161,0.9115384615384615,0.08846153846153847,0.6318681318681318,0.23956043956043957,0.0,0.12857142857142856,0.8714285714285714,0.8730769230769231,803.0,645625.0,645625.0,10.0,7.0,WESBANCO BK,27619827.0,18649074.0,1070448.0,27698002.0,"WESBANCO BANK, INC.",54.0,NMB,True,27619827.0,9.283975462184875,NM,293459.0,803_20251231,0.6697302995612562,2.182589882689104,2975.0,9.922900070637994,0.91076147609834,4.0,WV,True
R6KJ2D7C3UT8OVTWHS39,2023,551,526,25,0.9546279491833031,0.045372050816696916,0.8911070780399274,0.0,0.0,0.1088929219600726,0.8911070780399274,0.8911070780399274,13421.0,450856.0,450856.0,10.0,7.0,UNION B&TC,8356203.0,7608489.0,1053580.0,9422115.0,UNION BANK AND TRUST COMPANY,31.0,NMB,True,8356203.0,8.398193969849245,NM,111333.0,13421_20231231,0.1694916922656926,2.6570454374177768,995.0,9.442100657596404,1.255381126939802,4.0,NE,True
R6KJ2D7C3UT8OVTWHS39,2024,546,525,21,0.9615384615384616,0.038461538461538464,0.8956043956043956,0.0,0.0,0.1043956043956044,0.8956043956043956,0.8974358974358975,13421.0,450856.0,450856.0,10.0,7.0,UNION B&TC,8757386.0,8356203.0,1053580.0,9885993.0,UNION BANK AND TRUST COMPANY,31.0,NMB,True,8757386.0,8.872731509625128,NM,122551.0,13421_20241231,0.4225861456726351,2.742863745372348,987.0,9.823850958886764,1.4529450027749695,4.0,NE,True
R6KJ2D7C3UT8OVTWHS39,2025,584,556,28,0.952054794520548,0.04794520547945205,0.8458904109589042,0.0,0.0,0.1541095890410959,0.8458904109589042,0.8476027397260274,13421.0,450856.0,450856.0,10.0,7.0,UNION B&TC,9093084.0,8757386.0,1053580.0,10295447.0,UNION BANK AND TRUST COMPANY,31.0,NMB,True,9093084.0,8.635407407407408,NM,131135.0,13421_20251231,0.5212295649345108,2.7868430805249806,1053.0,10.3860574837763,1.6029886134130973,4.0,NE,True
RM2F4G3WBQ8R9OKYRH19,2023,857,790,67,0.9218203033838973,0.07817969661610269,0.007001166861143524,0.7572928821470245,0.0,0.23570595099183198,0.764294049008168,0.7666277712952159,34598.0,2608754.0,2608754.0,10.0,7.0,MERCANTILE BK,5313149.0,4853001.0,2608763.0,5353225.0,MERCANTILE BANK,26.0,NMB,True,5313149.0,8.161519201228879,NM,64704.0,34598_20231231,0.0789845374002426,2.1502039813912983,651.0,12.227104367983896,1.8205893978983825,4.0,MI,True
RM2F4G3WBQ8R9OKYRH19,2024,1071,987,84,0.9215686274509803,0.0784313725490196,0.04948646125116713,0.8300653594771242,0.0,0.12044817927170869,0.8795518207282914,0.8814192343604108,34598.0,2608754.0,2608754.0,10.0,7.0,MERCANTILE BK,5994362.0,5313149.0,2608763.0,6052161.0,MERCANTILE BANK,26.0,NMB,True,5994362.0,8.973595808383234,NM,73506.0,34598_20241231,0.1243988005035736,2.132263404773245,668.0,11.855104114584666,1.592459330448219,4.0,MI,True
RM2F4G3WBQ8R9OKYRH19,2025,955,887,68,0.9287958115183246,0.0712041884816754,0.05549738219895288,0.8282722513089005,0.0,0.1162303664921466,0.8837696335078533,0.8837696335078534,34598.0,2608754.0,2608754.0,10.0,7.0,MERCANTILE BK,6241994.0,5994362.0,2608763.0,6835219.0,MERCANTILE BANK,26.0,NMB,True,6241994.0,9.1124,NM,78638.0,34598_20251231,0.1478211588341803,2.060347066261782,685.0,11.540450088151202,1.6101044095789034,4.0,MI,True
S0Q3AHZRL5K6VQE35M07,2023,1935,1825,110,0.9431524547803618,0.056847545219638244,0.24909560723514212,0.31266149870801035,0.0,0.4382428940568475,0.5617571059431525,0.5617571059431525,4365.0,17147.0,17147.0,10.0,7.0,FIRST MRCHS BK,18299229.0,17923519.0,1208559.0,18309479.0,FIRST MERCHANTS BANK,18.0,NMB,True,18299229.0,8.479716867469879,NM,224339.0,4365_20231231,0.4298454029564746,2.102633179490901,2158.0,9.889412150194335,1.3071209433130135,4.0,IN,True
S0Q3AHZRL5K6VQE35M07,2024,1603,1550,53,0.9669369931378665,0.0330630068621335,0.1771678103555833,0.6281971303805365,0.0,0.19463505926388022,0.8053649407361197,0.8053649407361197,4365.0,17147.0,17147.0,10.0,7.0,FIRST MRCHS BK,18299135.0,18299229.0,1208559.0,18311969.0,FIRST MERCHANTS BANK,18.0,NMB,True,18299135.0,9.00105017215937,NM,216631.0,4365_20241231,0.618930038339094,2.0199980638626207,2033.0,9.923522870781872,1.1627530824728427,4.0,IN,True
S0Q3AHZRL5K6VQE35M07,2025,1717,1622,95,0.9446709376820035,0.0553290623179965,0.18054746651135703,0.46592894583576006,0.0,0.35352358765288294,0.6464764123471171,0.6464764123471171,4365.0,17147.0,17147.0,10.0,7.0,FIRST MRCHS BK,19011326.0,18299135.0,1208559.0,19025101.0,FIRST MERCHANTS BANK,18.0,NMB,True,19011326.0,9.548631843294828,NM,219649.0,4365_20251231,0.5344348659905388,1.9915390399257595,1991.0,10.176595517176535,1.2669295611821485,4.0,IN,True
SS1TRMSN6BRNMOREEV51,2023,12324,8995,3329,0.7298766634209672,0.27012333657903276,0.5268581629341123,0.4444985394352483,0.0,0.028643297630639403,0.9713567023693606,0.9746024018175917,32541.0,694904.0,694904.0,10.0,7.0,FLAGSTAR BK NA,113998085.0,90036656.0,2132932.0,114056674.0,FLAGSTAR BANK NA,36.0,NAT,True,113998085.0,13.004572781200093,N,1137023.0,32541_20231231,1.4412641485796536,4.436615291911067,8766.0,8.480025080254656,0.0018330052741139,4.0,NY,True
SS1TRMSN6BRNMOREEV51,2024,14017,10651,3366,0.7598630234714989,0.2401369765285011,0.5083826781765,0.4675037454519512,0.0,0.024113576371548835,0.9758864236284512,0.977170578583149,32541.0,694904.0,694904.0,10.0,7.0,FLAGSTAR BK NA,100102295.0,113998085.0,2132932.0,100160127.0,FLAGSTAR BANK NA,36.0,NAT,True,100102295.0,13.791994351060898,N,1239097.0,32541_20241231,4.538517440757292,2.582417316833464,7258.0,8.054259316273647,-0.9097775222466437,4.0,NY,True
SS1TRMSN6BRNMOREEV51,2025,5135,3627,1508,0.7063291139240506,0.2936708860759494,0.4969814995131451,0.4555014605647517,0.0,0.04751703992210321,0.9524829600778968,0.9569620253164557,32541.0,694904.0,694904.0,10.0,7.0,FLAGSTAR BK NA,87511954.0,100102295.0,694904.0,87511954.0,FLAGSTAR BANK NA,36.0,NAT,True,87511954.0,15.782137781785393,N,964169.0,32541_20251231,5.269838330309697,2.190187707530683,5545.0,9.216361891484738,-0.1379981193514066,4.0,NY,True
T68X8LLAQYRNDV034K14,2023,1860,1556,304,0.8365591397849462,0.16344086021505377,0.110752688172043,0.543010752688172,0.0,0.34623655913978496,0.653763440860215,0.6543010752688172,16889.0,1017939.0,1017939.0,10.0,7.0,UNITED CMNTY BK,27241407.0,13867378.0,1249347.0,27310415.0,UNITED COMMUNITY BANK,45.0,NMB,True,27241407.0,8.830277795786062,NM,301731.0,16889_20231231,0.4996086751992166,2.0712811753809635,3085.0,9.170181267496927,0.7388588921426321,4.0,SC,True
T68X8LLAQYRNDV034K14,2024,1651,1382,269,0.837068443367656,0.16293155663234404,0.11568746214415505,0.6238643246517263,0.0,0.2604482132041187,0.7395517867958813,0.74076317383404,16889.0,1017939.0,1017939.0,10.0,7.0,UNITED CMNTY BK,27656514.0,27241407.0,1249347.0,27724058.0,UNITED COMMUNITY BANK,45.0,SMB,True,27656514.0,9.321373104145602,SM,315163.0,16889_20241231,0.6229133890483206,2.043818311785408,2967.0,9.46140732058124,0.9592114212155392,4.0,SC,True
T68X8LLAQYRNDV034K14,2025,1730,1418,312,0.8196531791907514,0.18034682080924855,0.11734104046242774,0.5832369942196531,0.0,0.2994219653179191,0.7005780346820809,0.7028901734104046,16889.0,1017939.0,1017939.0,10.0,7.0,UNITED CMNTY BK,27929114.0,27656514.0,1249347.0,28010294.0,UNITED COMMUNITY BANK,45.0,SMB,True,27929114.0,9.130145145472378,SM,334871.0,16889_20251231,0.4690095572943937,2.0802964771616197,3059.0,9.424515107196914,1.1862655808587914,4.0,SC,True
TKT6FH38184ZYBTPKS77,2023,949,845,104,0.8904109589041096,0.1095890410958904,0.7239199157007377,0.10853530031612224,0.0,0.16754478398314016,0.8324552160168599,0.9114857744994731,9712.0,613008.0,613008.0,10.0,7.0,ROCKLAND TC,19352632.0,19296982.0,1136803.0,19352688.0,ROCKLAND TRUST BANK,25.0,NMB,True,19352632.0,11.24499244625218,NM,223680.0,9712_20231231,0.3807220137047044,2.023911756097313,1721.0,11.101759799533507,1.272561211984136,4.0,MA,True
TKT6FH38184ZYBTPKS77,2024,713,615,98,0.8625525946704067,0.13744740532959326,0.5876577840112202,0.2187938288920056,0.0,0.1935483870967742,0.8064516129032258,0.8485273492286115,9712.0,613008.0,613008.0,10.0,7.0,ROCKLAND TC,19378704.0,19352632.0,1136803.0,19382315.0,ROCKLAND TRUST BANK,25.0,NMB,True,19378704.0,10.948420338983052,NM,235049.0,9712_20241231,0.6994451298732837,2.0930340544989354,1770.0,11.177195206789408,1.0195687996661844,4.0,MA,True
TKT6FH38184ZYBTPKS77,2025,786,701,85,0.8918575063613231,0.10814249363867684,0.6501272264631043,0.10941475826972011,0.0,0.24045801526717558,0.7595419847328244,0.8460559796437659,9712.0,613008.0,613008.0,10.0,7.0,ROCKLAND TC,24909975.0,19378704.0,1136803.0,24918562.0,ROCKLAND TRUST BANK,25.0,NMB,True,24909975.0,11.23589309878214,NM,289255.0,9712_20251231,0.450692638483737,2.424414979925707,2217.0,11.449178150529288,1.0279591296096011,4.0,MA,True
UBNR8NKAK8J9JL4NZF88,2023,613,582,31,0.9494290375203915,0.05057096247960848,0.013050570962479609,0.9820554649265906,0.0,0.004893964110929853,0.9951060358890702,0.9951060358890701,13339.0,614313.0,614313.0,10.0,7.0,STATE B&TC,1338566.0,1325575.0,1071454.0,1338566.0,THE STATE BANK & TRUST COMPANY,39.0,SMB,True,1338566.0,5.5085020576131685,SM,21458.0,13339_20231231,0.2810291370769978,3.0463660479369774,243.0,10.929053318342849,1.0000791635274664,4.0,OH,True
UBNR8NKAK8J9JL4NZF88,2024,690,668,22,0.9681159420289855,0.03188405797101449,0.005797101449275362,0.9840579710144928,0.0,0.010144927536231883,0.9898550724637681,0.9898550724637681,13339.0,614313.0,614313.0,10.0,7.0,STATE B&TC,1369399.0,1338566.0,1071454.0,1369399.0,THE STATE BANK & TRUST COMPANY,39.0,SMB,True,1369399.0,5.612290983606558,SM,22341.0,13339_20241231,0.523583069928145,3.058934423547295,244.0,11.09408031948723,0.9594798908265874,4.0,OH,True
UBNR8NKAK8J9JL4NZF88,2025,653,637,16,0.9754977029096478,0.02450229709035222,0.018376722817764167,0.9785604900459418,0.0,0.0030627871362940277,0.996937212863706,0.996937212863706,13339.0,614313.0,614313.0,10.0,7.0,STATE B&TC,1536850.0,1369399.0,1071454.0,1536850.0,THE STATE BANK & TRUST COMPANY,39.0,SMB,True,1536850.0,6.247357723577236,SM,23866.0,13339_20251231,0.3872772775058632,3.029488195419134,246.0,9.861893674588474,1.0774833281387608,4.0,OH,True
VN1JLT1F3FLLVN3FZG89,2023,1106,1045,61,0.9448462929475587,0.05515370705244123,0.5506329113924051,0.24864376130198915,0.0,0.2007233273056058,0.7992766726943943,0.7992766726943942,7468.0,42420.0,42420.0,10.0,7.0,FIRST COMMONWEALTH BK,11410200.0,9776999.0,1071306.0,11459488.0,FIRST COMMONWEALTH BANK,42.0,NMB,True,11410200.0,7.735728813559323,NM,148220.0,7468_20231231,0.5435082173001595,2.4024934324263985,1475.0,9.235423644350709,1.4995453232273992,4.0,PA,True
VN1JLT1F3FLLVN3FZG89,2024,1021,952,69,0.9324191968658179,0.06758080313418217,0.5680705190989226,0.3476983349657199,0.0,0.0842311459353575,0.9157688540646425,0.9157688540646425,7468.0,42420.0,42420.0,10.0,7.0,FIRST COMMONWEALTH BK,11554210.0,11410200.0,1071306.0,11584936.0,FIRST COMMONWEALTH BANK,42.0,NMB,True,11554210.0,7.641673280423281,NM,149324.0,7468_20241231,0.7029859860983193,2.281159208499607,1512.0,9.77909930933912,1.288859120974858,4.0,PA,True
VN1JLT1F3FLLVN3FZG89,2025,1129,1075,54,0.9521700620017715,0.047829937998228524,0.6031886625332152,0.32683790965456155,0.0,0.06997342781222321,0.9300265721877767,0.9326837909654562,7468.0,42420.0,42420.0,10.0,7.0,FIRST COMMONWEALTH BK,12311455.0,11554210.0,1071306.0,12343036.0,FIRST COMMONWEALTH BANK,42.0,NMB,True,12311455.0,7.856703892788769,NM,165708.0,7468_20251231,0.951419659775749,2.402194186978391,1567.0,9.97328575914474,1.3339164134615975,4.0,PA,True
VNOO6EITDJ2YUEBMSZ83,2023,765,704,61,0.9202614379084967,0.07973856209150326,0.7516339869281046,0.03137254901960784,0.0,0.2169934640522876,0.7830065359477124,0.7830065359477124,8273.0,936855.0,936855.0,10.0,7.0,UMB BK NA,43729953.0,38279055.0,1049828.0,44011674.0,UMB BANK NA,29.0,NAT,True,43729953.0,15.701957989228008,N,416256.0,8273_20231231,0.0704278707803251,2.151722435252206,2785.0,8.516582598398738,0.8531110990650435,4.0,MO,True
WE0I402RW25AU38DTI13,2023,926,734,192,0.7926565874730022,0.20734341252699784,0.22354211663066956,0.6295896328293736,0.0,0.1468682505399568,0.8531317494600432,0.8531317494600432,28489.0,352772.0,352772.0,10.0,7.0,BANNER BK,15667813.0,15821645.0,2126977.0,15670391.0,BANNER BANK,53.0,NMB,True,15667813.0,8.211642033542978,NM,228306.0,28489_20231231,0.2735448696475806,2.4193881091002782,1908.0,10.463560331776698,1.25377267539341,4.0,WA,True
WE0I402RW25AU38DTI13,2024,867,683,184,0.7877739331026529,0.2122260668973472,0.223760092272203,0.6320645905420992,0.0,0.14417531718569782,0.8558246828143021,0.8558246828143021,28489.0,352772.0,352772.0,10.0,7.0,BANNER BK,16210663.0,15667813.0,2126977.0,16210663.0,BANNER BANK,53.0,NMB,True,16210663.0,8.46509817232376,NM,233699.0,28489_20241231,0.3245547405972787,2.429629284517829,1915.0,10.834512984826723,1.12564183362237,4.0,WA,True
WE0I402RW25AU38DTI13,2025,963,754,209,0.7829698857736241,0.21703011422637591,0.2814122533748702,0.592938733125649,0.0,0.1256490134994808,0.8743509865005192,0.8743509865005192,28489.0,352772.0,352772.0,10.0,7.0,BANNER BK,16347870.0,16210663.0,2126977.0,16354488.0,BANNER BANK,53.0,NMB,True,16347870.0,8.545671719811814,NM,243487.0,28489_20251231,0.3879353541377434,2.4633396583321208,1913.0,10.9501693542449,1.2442289621583962,4.0,WA,True
WKN6AF1FCL7BBYGTGI83,2023,1306,1208,98,0.9249617151607963,0.07503828483920368,0.41577335375191427,0.4326186830015314,0.0,0.15160796324655437,0.8483920367534457,0.8491577335375191,29961.0,785473.0,785473.0,10.0,7.0,FIRST SAVINGS BK,2307849.0,2192809.0,3908929.0,2307849.0,FIRST SAVINGS BANK,18.0,SMB,True,2307849.0,7.930752577319589,SM,42340.0,29961_20231231,0.8828800897001924,3.217879030371434,291.0,9.04523346199149,0.4281256429752157,4.0,IN,True
WV0OVGBTLUP1XIUJE722,2023,565,488,77,0.863716814159292,0.13628318584070798,0.3292035398230089,0.0,0.0,0.6707964601769911,0.3292035398230089,0.3292035398230089,18221.0,761806.0,761806.0,10.0,7.0,WEBSTER BK NA,74875514.0,30840359.0,1145476.0,74945249.0,"WEBSTER BANK, N.A.",9.0,NAT,True,74875514.0,18.12527572016461,N,707875.0,18221_20231231,0.4115776304116297,1.883983472995758,4131.0,9.685366112799532,1.2381101626872342,4.0,CT,True
WV0OVGBTLUP1XIUJE722,2024,541,459,82,0.8484288354898336,0.15157116451016636,0.32717190388170053,0.0,0.0,0.6728280961182994,0.32717190388170053,0.3271719038817006,18221.0,761806.0,761806.0,10.0,7.0,WEBSTER BK NA,78957213.0,74875514.0,1145476.0,79025073.0,"WEBSTER BANK, N.A.",9.0,NAT,True,78957213.0,18.696948377930383,N,758315.0,18221_20241231,0.9290614271822014,1.7219549954164934,4223.0,9.036020002017162,1.031630233163407,4.0,CT,True
WV0OVGBTLUP1XIUJE722,2025,630,520,110,0.8253968253968254,0.1746031746031746,0.3873015873015873,0.0,0.0,0.6126984126984127,0.3873015873015873,0.38730158730158726,18221.0,761806.0,761806.0,10.0,7.0,WEBSTER BK NA,83985466.0,78957213.0,1145476.0,84073663.0,"WEBSTER BANK, N.A.",9.0,NAT,True,83985466.0,18.397692442497263,N,817048.0,18221_20251231,0.906450993178195,1.7168540987497247,4565.0,8.687083622511164,1.2584898622517158,4.0,CT,True
WWB2V0FCW3A0EE3ZJN75,2023,3771,3317,454,0.8796075311588438,0.12039246884115619,0.5409705648369133,0.16361707769822328,0.0,0.29541235746486344,0.7045876425351366,0.7051180058339963,588.0,501105.0,501105.0,10.0,7.0,MANUFACTURERS & TRADERS TC,207770947.0,130133963.0,1037003.0,208453715.0,M&T BANK,36.0,SMB,True,207770947.0,9.796819454922671,SM,2806751.0,588_20231231,1.949789220650386,2.419829369683953,21208.0,8.831931747919748,1.2913542417935562,4.0,NY,True
WWB2V0FCW3A0EE3ZJN75,2024,4656,4213,443,0.9048539518900344,0.09514604810996563,0.6030927835051546,0.109106529209622,0.0,0.28780068728522334,0.7121993127147765,0.7121993127147767,588.0,501105.0,501105.0,10.0,7.0,MANUFACTURERS & TRADERS TC,207556263.0,207770947.0,1037003.0,208267223.0,M&T BANK,36.0,SMB,True,207556263.0,9.807043233793234,SM,2955983.0,588_20241231,1.5605147154418186,2.345201356630552,21164.0,9.480804010640902,1.2650282785821043,4.0,NY,True
WWB2V0FCW3A0EE3ZJN75,2025,5071,4631,440,0.913232104121475,0.08676789587852494,0.702819956616052,0.08026030368763558,0.0,0.21691973969631237,0.7830802603036876,0.7830802603036876,588.0,501105.0,501105.0,10.0,7.0,MANUFACTURERS & TRADERS TC,212887157.0,207556263.0,1037003.0,213659956.0,M&T BANK,36.0,SMB,True,212887157.0,10.119653800446832,SM,3109924.0,588_20251231,1.3832488024708414,2.397220958222717,21037.0,9.59268103695396,1.4017772070413983,4.0,NY,True
X05BVSK68TQ7YTOSNR22,2023,760,111,649,0.14605263157894738,0.8539473684210527,0.0,0.0,0.0,1.0,0.0,0.0,5649.0,30810.0,30810.0,10.0,7.0,DISCOVER BK,149353230.0,110623459.0,3846375.0,151522372.0,DISCOVER BANK,10.0,NMB,True,149498941.0,10.742953506754814,NM,1433941.0,5649_20231231,1.7596818236609513,3.8781098556311,13916.0,9.22912318923959,1.8944858841988887,3.0,DE,True
X05BVSK68TQ7YTOSNR22,2024,3064,331,2733,0.10802872062663185,0.8919712793733682,0.0,0.0,0.0,1.0,0.0,0.0,5649.0,30810.0,30810.0,10.0,7.0,DISCOVER BK,145453245.0,149353230.0,3846375.0,147639752.0,DISCOVER BANK,10.0,NMB,True,145453245.0,11.35466393442623,NM,1579731.0,5649_20241231,1.8973872768161035,4.027852292467153,12810.0,9.886711098043923,2.946914352294504,3.0,DE,True
X05BVSK68TQ7YTOSNR22,2025,1170,114,1056,0.09743589743589744,0.9025641025641026,0.0,0.0,0.0,1.0,0.0,0.0,4297.0,30810.0,112837.0,10.0,7.0,CAPITAL ONE NA,658464240.0,487192523.0,2277860.0,669008924.0,DISCOVER BANK,51.0,NAT,True,658464240.0,7.496262935598082,N,12302101.0,4297_20251231,1.7372995259918866,5.006827553709432,87839.0,10.897668140107486,0.5450581333493583,3.0,VA,True
X6T32LKEPUT8LQMW6755,2023,774,760,14,0.9819121447028424,0.01808785529715762,0.17958656330749354,0.15503875968992248,0.0,0.665374677002584,0.334625322997416,0.3578811369509044,23627.0,316840.0,316840.0,10.0,7.0,REPUBLIC B&TC,6586777.0,5825549.0,1097025.0,6594891.0,REPUBLIC BANK & TRUST,21.0,NMB,True,6586777.0,6.463961727183514,NM,115657.0,23627_20231231,0.391458500443782,3.1872149927705484,1019.0,13.247071244152616,1.4382502061713531,4.0,KY,True
X6T32LKEPUT8LQMW6755,2024,534,514,20,0.9625468164794008,0.03745318352059925,0.6086142322097379,0.1891385767790262,0.0,0.20224719101123595,0.7977528089887641,0.8220973782771536,23627.0,316840.0,316840.0,10.0,7.0,REPUBLIC B&TC,6840042.0,6586777.0,1097025.0,6846667.0,REPUBLIC BANK & TRUST,21.0,NMB,True,6840042.0,6.916119312436805,NM,118488.0,23627_20241231,0.4169282290967073,3.002719024616381,989.0,13.289733328442308,1.5137959821167284,4.0,KY,True
X6T32LKEPUT8LQMW6755,2025,656,631,25,0.961890243902439,0.038109756097560975,0.45426829268292684,0.22408536585365854,0.0,0.32164634146341464,0.6783536585365854,0.7179878048780488,23627.0,316840.0,316840.0,10.0,7.0,REPUBLIC B&TC,7038402.0,6840042.0,1097025.0,7043928.0,REPUBLIC BANK & TRUST,21.0,NMB,True,7038402.0,7.233712230215827,NM,126841.0,23627_20251231,0.5117715177600389,3.138408911601972,973.0,14.171041013776392,1.8878017919226289,4.0,KY,True
XJCRTTYJVBMA22IXL619,2025,521,488,33,0.9366602687140115,0.06333973128598848,0.9520153550863724,0.0,0.0,0.04798464491362764,0.9520153550863724,0.9520153550863724,18053.0,795968.0,795968.0,10.0,7.0,BANK OF HAWAII,24142511.0,23567863.0,1025309.0,24176364.0,BANK OF HAWAII,15.0,SMB,True,24142511.0,12.86228609483218,SM,253700.0,18053_20251231,0.1855333140381526,1.853798149832094,1877.0,8.21475667539589,0.8713843582066356,5.0,HI,True
YWC0TIKBQM2JV8L4IV08,2023,2170,2140,30,0.9861751152073732,0.013824884792626729,0.029953917050691243,0.0,0.0,0.9700460829493087,0.029953917050691243,0.02995391705069128,628.0,4114567.0,852218.0,10.0,7.0,JPMORGAN CHASE BK NA,3395126000.0,2588418500.0,1039502.0,3883707526.0,FIRST REPUBLIC BANK,39.0,NAT,True,3395126000.0,14.968239412402678,N,37835000.0,628_20231231,0.7130439486301833,2.364243149096842,226822.0,7.850341627914083,1.4277806506141748,1.0,OH,True
ZF85QS7OXKPBG52R7N18,2023,2432,2107,325,0.8663651315789473,0.13363486842105263,0.7602796052631579,0.0,0.0,0.23972039473684212,0.7602796052631579,0.7606907894736842,5296.0,917742.0,917742.0,10.0,7.0,ASSOCIATED BK NA,40967266.0,34339079.0,1199563.0,41042053.0,ASSOCIATED BANK NA,55.0,NAT,True,40967266.0,10.026252080274109,N,468355.0,5296_20231231,0.5960899444476483,1.9889193369016616,4086.0,7.815524347130292,0.4725640283777645,4.0,WI,True
ZF85QS7OXKPBG52R7N18,2024,2616,2308,308,0.882262996941896,0.11773700305810397,0.8635321100917431,0.0,0.0,0.13646788990825687,0.8635321100917431,0.8635321100917431,5296.0,917742.0,917742.0,10.0,7.0,ASSOCIATED BK NA,42965617.0,40967266.0,1199563.0,43047112.0,ASSOCIATED BANK NA,55.0,NAT,True,42965617.0,10.918835324015248,N,487956.0,5296_20241231,0.423339443331852,1.9549520112084289,3935.0,8.344569743082998,0.309515326122362,4.0,WI,True
ZF85QS7OXKPBG52R7N18,2025,2511,2238,273,0.8912783751493429,0.1087216248506571,0.7383512544802867,0.0991636798088411,0.0,0.16248506571087215,0.8375149342891278,0.8375149342891278,5296.0,917742.0,917742.0,10.0,7.0,ASSOCIATED BK NA,45145405.0,42965617.0,1199563.0,45240764.0,ASSOCIATED BANK NA,55.0,NAT,True,45145405.0,11.617448533196088,N,521723.0,5296_20251231,0.3347215448990084,1.9330054494972528,3886.0,8.53423550228028,1.0995049724052457,4.0,WI,True
ZXMJHJK466PBZTM5F379,2023,544,512,32,0.9411764705882353,0.058823529411764705,0.8786764705882353,0.009191176470588236,0.0,0.11213235294117647,0.8878676470588235,0.8878676470588235,33893.0,2193616.0,2193616.0,10.0,7.0,RAYMOND JAMES BK,41986004.0,27367218.0,3815157.0,80129283.0,RAYMOND JAMES BANK,12.0,SMB,True,41986004.0,122.4081749271137,SM,66045.0,33893_20231231,0.4230917787144926,1.1141777264214472,343.0,7.934323221480763,1.557763163171866,4.0,FL,True
