"ASSET","ASTEMPM","BKCLASS","CERT","ESAL","ID","NCLNLSR","NONIXAY","NUMEMP","RBC1AAJ","ROA","SPECGRP","STALP"
261034,4.833962962962963,"NM",10004,4753,"10004_20251231",1.6936940445647464,3.2793666986637535,54,8.933168531187755,0.6438242275514999,2,"WI"
509049,6.78732,"NM",10011,7066,"10011_20251231",0.15069460795855896,2.3774328549907375,75,8.303974468516763,1.4087412665944063,4,"WI"
215689,5.676026315789474,"NM",10012,3229,"10012_20251231",0.103762809478612,2.4114642735045955,38,11.629651793728982,1.4739080601580519,4,"WI"
231630,9.65125,"NM",10015,2498,"10015_20251231",1.2531062269294795,2.1838027355513208,24,11.894079086578946,1.4567503004767948,4,"WI"
2920038,8.00010410958904,"N",10044,34511,"10044_20251231",1.9262496228561157,1.954198317874948,365,19.08868034760568,1.5031157265335604,4,"WI"
327683,5.371852459016393,"NM",10055,6347,"10055_20251231",0.011236537763410376,3.538452930582993,61,10.573944434958655,0.9047495199570589,4,"GA"
86116,4.784222222222223,"NM",10057,1433,"10057_20251231",0.9648447523736208,3.274751795080107,18,20.01326383394611,0.5782487664424559,7,"GA"
2161209,5.970190607734806,"SM",1005,30036,"1005_20251231",0.29789404914666173,2.523567850769972,362,8.453773157056006,1.0180535908782853,4,"MI"
145425,6.059375,"NM",10072,2130,"10072_20251231",0.2941364537374513,2.8988393578296323,24,9.873394240133562,0.6686969606443832,4,"GA"
76580,4.030526315789474,"NM",10074,1531,"10074_20251231",0.12794199962683583,4.113858673684778,19,9.682809362670074,0.46857269463731266,8,"GA"
46921,5.865125,"NM",10075,571,"10075_20251231",0,2.197019049576117,8,10.927296473661299,1.4887263410560556,2,"IL"
37148,6.191333333333334,"NM",10077,480,"10077_20251231",0.0226928895612708,1.7675429298282808,6,29.72135388595451,1.3223447106211574,2,"IL"
153545,3.5708139534883725,"SM",1008,4054,"1008_20251231",1.5077156589931697,5.597900660602939,43,12.936655144310485,5.202031021126557,4,"MI"
483356,6.118430379746836,"NM",10101,6661,"10101_20251231",0.2649442859183132,2.603990545061665,79,10.66232942954902,1.4793171136554726,2,"IN"
481985,7.901393442622951,"NM",10111,6091,"10111_20251231",0.5806872553284037,2.2357542739121836,61,12.424775811608844,1.2238017454129568,2,"IA"
290870,6.764418604651163,"NM",10118,5128,"10118_20251231",0.957393860283415,2.827671720372793,43,10.886131531608097,1.361313845299954,2,"IA"
30950,7.7375,"NM",10120,622,"10120_20251231",9.15032679738562,3.073142652001411,4,15.2012432012432,-0.6003924214383421,2,"IA"
181110,9.0555,"NM",10121,2151,"10121_20251231",0.4039174459137941,1.9827843426467526,20,20.528164998615235,1.2267141063677667,2,"IA"
212505,10.119285714285715,"NM",10122,2601,"10122_20251231",0.02686541294739579,2.0324680690864683,21,10.039765794394166,1.2928461898684198,2,"IA"
159742,7.606761904761904,"NM",10125,1991,"10125_20251231",0,1.8648047152045784,21,9.585637377895788,0.8908263836239575,2,"IA"
269686,9.631642857142856,"NM",10127,3291,"10127_20251231",0.36447209583062495,2.241180902544803,28,12.58772579071824,1.7396421757334721,2,"IA"
146278,11.252153846153846,"NM",10132,1590,"10132_20251231",0.3482251749149496,1.6556893853935446,13,10.453656947385568,1.8796203250917416,2,"IA"
244877,5.101604166666667,"NM",10137,3483,"10137_20251231",2.518670474504914,2.9983103860968914,48,11.39037978816759,1.0199702976603542,4,"KY"
23377,3.3395714285714284,"NM",10145,349,"10145_20251231",0,2.3506998953427525,7,31.752683114550816,2.1422030350601777,4,"KY"
4407418,7.745901581722319,"SM",1014,52737,"1014_20251231",0.8932008194854248,2.7609005723743354,569,9.091921450000417,0.7900664406851433,4,"MI"
385777,4.592583333333333,"NM",10157,6631,"10157_20251231",0.12945223212634538,3.224114283051168,84,9.175334814646506,0.8199151038333334,4,"MI"
473210,5.770853658536586,"NM",10159,10560,"10159_20251231",0,3.776620478006138,82,8.979786032530882,1.7141727889891194,4,"MN"
747739,41.54105555555556,"N",10160,3614,"10160_20251231",0.025011990284002125,2.0984965864372427,18,33.724221593206636,1.0212018582944526,4,"MN"
109350,7.810714285714286,"NM",10162,1383,"10162_20251231",1.0114806748126546,2.3077854990834394,14,10.657552798213828,1.6633135589349233,2,"MN"
232117,9.284680000000002,"NM",10163,3208,"10163_20251231",0.13219262353715414,2.188955743215114,25,10.97973336779307,2.0978040325867364,4,"MN"
342395,7.133229166666666,"NM",10165,5371,"10165_20251231",1.3935913503806656,2.669606083039725,48,9.92686181940043,1.3830051045681608,2,"MN"
286519,8.186257142857142,"NM",10167,3298,"10167_20251231",0.31066176470588236,1.8827020833965722,35,13.236408214989186,1.4545585462462083,8,"MN"
489579,9.599588235294117,"NM",10168,4392,"10168_20251231",0.008168738916893292,2.1175165964329836,51,9.43890469194461,1.0336722875054085,2,"MN"
337420,7.498222222222223,"NM",10169,4793,"10169_20251231",0.290367282517171,2.380757709296479,45,9.426121352022786,1.8071354488899987,4,"MN"
113514,5.974421052631579,"NM",10174,2071,"10174_20251231",0,3.4311782867148977,19,8.69124945263465,1.4920971383807198,4,"MN"
151305,6.0522,"NM",10175,2463,"10175_20251231",2.011018993542406,3.068145758409139,25,11.102288175431017,0.8025703405965728,4,"MN"
113586,5.6793,"NM",10178,2135,"10178_20251231",1.563176207869545,2.9679923457991424,20,10.090701918449987,1.3546777982958913,2,"MN"
76548,7.6548,"NM",10185,1435,"10185_20251231",0.40584707107711093,2.933908094175794,10,12.373873630820697,1.8730046908983153,4,"MN"
54598,10.919599999999999,"NM",10187,434,"10187_20251231",0.7850942666003207,1.4131720783488892,5,14.848513810570582,1.2681817830326558,2,"MN"
210104,9.55018181818182,"NM",10191,4967,"10191_20251231",0.6718999913000998,4.389114653686931,22,11.891897135429298,1.9492399673986767,4,"MN"
188292,5.088972972972973,"NM",10194,2838,"10194_20251231",0.019988406724100023,2.619737273347329,37,8.186630947824977,0.9411566704755832,8,"MN"
105034,7.502428571428572,"NM",10197,1102,"10197_20251231",1.3333789189373997,1.8890607969366802,14,8.882550574000954,1.2746822989594346,4,"MN"
37682,9.4205,"NM",10200,358,"10200_20251231",0,2.111751461880382,4,12.859512568584918,1.579199907198937,2,"MN"
87633,9.737,"NM",10202,1282,"10202_20251231",2.4139573358734614,2.6053835152853884,9,9.304594337132297,1.444288687821248,4,"MN"
229767,19.14725,"NM",10212,2219,"10212_20251231",0.7975482022019266,1.5379904691634354,12,12.888270357732711,1.019274606609521,4,"MN"
931245,26.607,"NM",10214,7078,"10214_20251231",0.3408222638407825,1.1814154676007196,35,12.74081487950609,2.290686011291189,8,"MN"
322185,9.476029411764706,"NM",10218,3168,"10218_20251231",0.4210807334328394,1.924400630356807,34,8.070657577259468,1.1203170900803214,8,"MN"
349308,8.956615384615384,"N",1022,2664,"1022_20251231",0.6908824453051398,1.37294005611332,39,11.53227410466708,0.7393927340632499,2,"WI"
178390,8.108636363636364,"NM",10236,2766,"10236_20251231",2.762777167437758,2.715367984785417,22,11.57140986891162,1.3058211927658965,2,"ND"
116970,11.697,"NM",10243,1155,"10243_20251231",2.942004809462943,1.603186166337876,10,9.775860435879553,2.516887071530994,2,"ND"
6161111,9.98559319286872,"NM",10248,97531,"10248_20251231",1.8450145491005185,3.216094788136284,617,9.29236195363661,1.6941766802649165,4,"ND"
189075,9.453750000000001,"NM",10250,2643,"10250_20251231",0.2094345983087439,2.432399861752829,20,9.575621055315892,1.4006621311892895,2,"ND"
70374,6.397636363636363,"NM",10253,787,"10253_20251231",3.7413609782030837,2.4019261214475685,11,13.526570048309178,1.616075441665259,4,"ND"
845174,8.896568421052631,"NM",10255,9535,"10255_20251231",0.14009949754567202,1.8416789457079288,95,8.315199352953902,1.1820965079470112,4,"OH"
331106,6.757265306122449,"NM",10266,3636,"10266_20251231",0.3049641680179945,2.412100541623993,49,13.33235328531098,1.1343342248502508,4,"OH"
586303,9.020046153846154,"SM",1027,5528,"1027_20251231",1.5474158134414682,2.072438490560234,65,8.635798074427951,1.9600189099255507,2,"AR"
133594,4.771214285714286,"NM",10280,1973,"10280_20251231",4.118634444965565,2.803145877479821,28,14.569169785415328,1.0999781203262167,8,"OH"
246823,4.487690909090909,"SM",1028,4589,"1028_20251231",0.9505118895757695,3.7714122453103003,55,10.127552375387932,0.7801697194703843,4,"AR"
2304592,6.899976047904192,"NM",10307,30407,"10307_20251231",0.4944924543522053,2.4217587791843234,334,8.435412959556716,2.0704570735488925,4,"TN"
1095717,5.0963581395348845,"SM",10308,17982,"10308_20251231",0.7572359274665266,2.594466320852243,215,9.538518422928833,1.006035066200368,4,"TN"
139498,8.718625,"SM",10315,1129,"10315_20251231",0.27627690639808355,1.8006220330659684,16,7.928065217712941,0.9784706952819574,2,"TN"
272647,5.801,"NM",10317,3381,"10317_20251231",0.48711183275827075,2.2755523928767665,47,14.32688507503926,1.1300821796061264,8,"TN"
183374,8.335181818181818,"NM",10319,2642,"10319_20251231",3.1584909222491424,3.2710143401355523,22,9.48989776375064,0.16284505510133848,4,"TN"
63133,3.3227894736842107,"NM",10327,1820,"10327_20251231",7.34842670759785,4.50759460501871,19,18.11127029608405,0.8891532140533315,4,"TX"
120357,4.81428,"NM",10330,2301,"10330_20251231",5.177697479760326,3.450502200962154,25,10.493304356163508,1.5885427313735914,7,"TX"
770199,10.847873239436622,"NM",10344,7257,"10344_20251231",0.06894710009468089,1.6597047165150751,71,13.833552757980847,1.647273402632107,4,"TX"
187410,5.5120588235294115,"NM",10345,2425,"10345_20251231",1.308388107061175,3.0565873907410284,34,10.164702383165409,1.01281692328096,4,"TX"
54503,4.954818181818182,"SM",10352,958,"10352_20251231",0.14899428855227217,3.2907969427434853,11,10.698632207360387,2.074673341378745,2,"TX"
2744329,4.831565140845071,"NM",10363,52344,"10363_20251231",0.10410871241878447,3.4803677821572405,568,11.094904364316921,1.1535712898061654,4,"VA"
133257,6.345571428571429,"NM",10374,71,"10374_20251231",0.4775140759746276,0.08996872591545169,21,9.32767017068289,0.0007961834151809886,7,"WI"
813336,7.601271028037384,"NM",10378,11673,"10378_20251231",2.0933880992586524,2.7569354076234367,107,8.982655066095171,1.35526678746525,4,"WI"
433545,7.474913793103449,"NM",10380,6114,"10380_20251231",0.20144578631555657,2.625025107430117,58,11.153125773050148,1.1205582111438401,4,"WI"
174001,4.142880952380953,"NM",10382,3003,"10382_20251231",1.0680426210252538,3.002458365169611,42,11.112552159693244,0.6113735369450981,4,"WI"
519820,8.384193548387097,"SM",10383,6148,"10383_20251231",0.11407468697905894,2.0605283911671926,62,9.8741645862085,1.2076104100946372,4,"WI"
350581,5.080884057971015,"NM",10384,5053,"10384_20251231",0.747280791903694,2.796686714453615,69,9.27515484398738,1.2144276338337203,4,"WI"
113355,4.928478260869565,"NM",10407,2084,"10407_20251231",0.0362793192106882,3.0429794616374726,23,20.089576901334958,0.5517586322681739,2,"CO"
6502519,7.713545670225386,"SM",1040,100533,"1040_20251231",1.501977735140609,5.360516443985263,843,9.650272878249282,-1.6224706421650827,4,"IL"
323043,7.5126279069767445,"NM",10434,4111,"10434_20251231",3.8005420977799553,2.028443509358272,43,11.489494454756741,0.6474157478690018,2,"IL"
77527,4.8454375,"NM",10437,918,"10437_20251231",1.136973298666997,2.2453051520261424,16,12.00238672771847,1.131162478921625,4,"IL"
249367,7.3343235294117655,"NM",10438,2934,"10438_20251231",1.1700468018720749,1.8824464882996976,34,11.4614108381474,0.9669771080342399,2,"IL"
195909,6.5302999999999995,"NM",10446,2774,"10446_20251231",0.1673706862198135,2.3418508280096817,30,10.35622646194595,2.0641630657562535,2,"IL"
134146,7.890941176470589,"NM",10458,1228,"10458_20251231",0.6525427415495716,2.1403805601267094,17,8.879530892707555,1.3059949180434158,4,"IL"
283670,6.0355319148936175,"NM",10460,4721,"10460_20251231",0.11305794093853165,2.619473229799047,47,14.381159715594066,3.036142578886416,4,"IL"
45698,5.71225,"NM",10463,302,"10463_20251231",0,1.8344523182076375,8,9.086245890554688,0.48887688683198466,8,"IL"
134806,3.8516000000000004,"NM",10464,2032,"10464_20251231",0.050288237458604196,2.8639126239031656,35,9.056427946670155,0.2947792909958907,2,"IL"
189640,5.418285714285715,"NM",10467,2675,"10467_20251231",0.45836462303583314,2.6431320063746124,35,13.522089207111268,2.670445771146369,2,"IL"
52395,6.549375,"NM",10469,843,"10469_20251231",0.25692582663092045,2.239950545022028,8,17.556052113316163,1.293106821187389,8,"IL"
57559,7.194875000000001,"SM",10471,717,"10471_20251231",0,2.7685286279083963,8,9.727001205177022,0.09154963007167997,2,"IL"
217954,6.227257142857143,"NM",10473,4098,"10473_20251231",0.3665043870506367,3.306176310278551,35,8.552982289877392,1.056159576197443,2,"IL"
497871,9.574442307692308,"NM",10474,5050,"10474_20251231",1.6711345481904234,2.1457541038579815,52,10.479128380152272,1.460345187112169,2,"IL"
633157,6.33157,"NM",1047,8804,"1047_20251231",0.32920180353538214,2.230031815055112,100,11.005546401060467,1.1407866912146336,4,"IL"
123102,8.2068,"NM",10492,1737,"10492_20251231",0,2.078993594055074,15,13.610949813355456,0.927262160520834,4,"IA"
186242,9.3121,"NM",10494,1899,"10494_20251231",0.31279739728958106,1.8158571402077355,20,13.284335648509863,1.0107489578867328,8,"IA"
204578,8.524083333333333,"NM",10497,2108,"10497_20251231",0.2041664408188339,1.7312075622021676,24,11.7608868865521,1.745684211367065,2,"IA"
277418,7.926228571428571,"N",1049,3319,"1049_20251231",0.4155239070812543,2.113547904632361,35,13.011029701975588,1.7573030201322521,8,"IL"
135691,5.899608695652174,"NM",10500,1764,"10500_20251231",0.27871990328755164,2.523592262104986,23,13.14160797399909,0.4862177154494915,2,"IA"
84259,7.659909090909091,"SM",10503,1241,"10503_20251231",0,2.214552706113562,11,15.343537806421914,0.6442554093370069,2,"KS"
211716,6.415636363636364,"NM",10505,2328,"10505_20251231",0.6895168367474864,2.1036991639635425,33,9.719373167059269,1.2176658313694104,7,"KS"
231958,4.63916,"NM",10520,4149,"10520_20251231",0.027840399815302713,3.2968199723945317,50,8.073628263918977,1.9952779172447799,8,"KY"
395907,5.909059701492537,"NM",10523,4567,"10523_20251231",0.34316823020463716,2.23543171387767,67,11.228795789561973,0.17831736288553046,2,"LA"
188549,6.284966666666667,"NM",10528,2383,"10528_20251231",0.7981319886872592,2.1914962578820205,30,12.764918184038427,2.3246171590210722,5,"LA"
255150,3.8082089552238805,"NM",10531,5620,"10531_20251231",3.9865063994610983,3.9636808739974785,67,10.122474092018996,0.47426786268885757,4,"LA"
328148,5.1273125,"NM",10532,4646,"10532_20251231",2.3994693795571003,2.8936268815150443,64,11.278308330321538,1.8599874122064022,4,"LA"
397020,5.753913043478261,"NM",10533,6300,"10533_20251231",1.331305417125105,3.0534113595916335,69,11.22654363039574,1.348040070457561,2,"LA"
236982,7.181272727272727,"NM",10561,3672,"10561_20251231",0.09537980237304948,2.4742393916004937,33,11.863188997300341,1.8524090475006867,2,"MN"
52447,8.741166666666667,"NM",10567,1052,"10567_20251231",0.2460951232986791,3.082264999564484,6,8.018325372843357,1.1501579735047947,8,"MN"
47708,7.951333333333333,"NM",10571,808,"10571_20251231",0.1458198314970836,2.856545824774811,6,11.122978659773993,0.4468215648091339,2,"MN"
155122,7.756100000000001,"NM",10576,2095,"10576_20251231",0,2.479840588528733,20,8.310866484295177,1.289599333410079,2,"MN"
2980633,10.878222627737227,"SM",1058,41200,"1058_20251231",1.217875937512949,2.2074220265358457,274,11.73992202362196,1.0996415598030467,4,"MO"
261023,4.661125,"NM",10594,5134,"10594_20251231",1.184407482231271,3.304299091609649,56,12.425079966460668,1.330657791856938,4,"MS"
266831,6.670775000000001,"NM",10595,3641,"10595_20251231",0.8893688504919607,2.2374814927299647,40,8.311918650480846,2.5918087139187325,2,"MO"
209289,3.608431034482759,"NM",10597,7713,"10597_20251231",3.5182934359421005,79.78941670050075,58,10.98173057618952,1.3008526187576126,6,"MO"
189713,4.51697619047619,"SM",105,3180,"105_20251231",1.9872993359551288,3.51716742446427,42,8.411932040608606,1.1098617206087253,2,"AR"
504724,4.070354838709678,"NM",10608,8362,"10608_20251231",1.178773822924349,3.316460560055833,124,8.614494009234736,1.112152317621135,4,"MO"
1288585,7.041448087431694,"NM",1060,16539,"1060_20251231",0.08660211313309622,2.2232796993798294,183,10.796830907538785,1.862758856244573,4,"MO"
1559375,6.63563829787234,"NM",10618,21909,"10618_20251231",0.8033160734255156,2.660521138528751,235,11.064180392630336,1.3291503997928424,2,"MO"
1881737,7.154893536121674,"NM",10619,27142,"10619_20251231",0.461541150780418,2.617464325019783,263,10.897767132042,1.4184881727073102,4,"MO"
138077,5.753208333333333,"NM",10623,1764,"10623_20251231",1.6615118149202028,2.344954341817336,24,8.705574553701558,1.2068679436870595,8,"MO"
130782,5.030076923076924,"NM",10628,1625,"10628_20251231",0.9943366749121209,2.554568377179991,26,8.071239105721864,1.1171537988491662,2,"MO"
8860281,9.779559602649007,"NM",10634,87579,"10634_20251231",0.0520872111217848,1.7386107060200076,906,10.383415460286702,1.2553254188117042,4,"NE"
18875,3.1458333333333335,"NM",10635,649,"10635_20251231",0,4.4035994639096305,6,7.94082788288486,0.31112387516752826,2,"NE"
144454,5.555923076923078,"NM",10637,2130,"10637_20251231",4.975905936777178,2.9389892612210127,26,10.940230445225746,0.9601932923232973,2,"NE"
341831,8.337341463414635,"NM",10639,4768,"10639_20251231",1.4946717719241591,2.3780161728839313,41,9.489537478140264,1.4902817760185518,2,"NE"
552997,7.18177922077922,"NM",10641,7626,"10641_20251231",0.008022578415561334,2.572604060367835,77,10.071694085331263,1.8072524723995904,4,"NE"
903206,14.11259375,"NM",10643,8898,"10643_20251231",0.018752823936154815,1.8276490354150885,64,9.041722609425213,1.930968862627357,4,"NE"
69712,7.7457777777777785,"SM",10647,1055,"10647_20251231",0.7067763909123125,2.6870692484410896,9,9.131824501555176,2.1874560457592946,2,"NE"
586992,6.244595744680851,"SM",10663,7399,"10663_20251231",0.145565174987536,2.7013452404258005,94,9.451522750767163,0.8266307343493793,5,"OH"
1964393,8.615758771929825,"SM",10667,29237,"10667_20251231",0.4214258924613863,2.609591493687384,228,8.482060440089052,1.0851068252959448,4,"OK"
153147,4.940225806451613,"NM",10672,2540,"10672_20251231",0,3.025270605740034,31,11.957431017240186,1.0229332264013065,7,"OK"
167849,6.2166296296296295,"NM",10674,2663,"10674_20251231",0.6896595763702195,2.517767809763111,27,12.03546816905456,3.288802311289306,4,"OK"
988719,6.297573248407644,"NM",10677,14502,"10677_20251231",0.08594408968634092,2.780786330015839,157,9.87874119895799,1.0628276169470172,4,"PA"
1251697,7.19366091954023,"NM",10685,10860,"10685_20251231",0.4067869710544114,2.951858475563134,174,8.556680900232708,0.5249728314699518,4,"PA"
1438529,21.154838235294118,"SM",1068,10670,"1068_20251231",0.6899049111323143,1.6828504682180834,68,14.475150434588812,2.1544722335515973,4,"MO"
40610,4.512222222222222,"SM",10704,877,"10704_20251231",0,4.71951034447873,9,18.75350926445817,0.19474935505083718,4,"TX"
381018,7.775877551020408,"NM",10709,4717,"10709_20251231",2.3154005165491465,2.355617110878402,49,10.739502537235355,1.9961377788287222,8,"TX"
396191,18.00868181818182,"NM",10719,2512,"10719_20251231",0.03454460904803029,1.2095162249873304,22,9.894081406582735,0.6966981334995337,2,"TX"
939830,6.572237762237762,"SM",1073,11349,"1073_20251231",0.1899308471366657,2.2453863543106345,143,16.52628496899039,2.093643349544436,4,"MO"
88359,5.5224375000000006,"NM",10741,1509,"10741_20251231",0.07423790154198308,3.0882338999440657,16,10.042424661640267,1.190972781828007,2,"WI"
172369,9.072052631578947,"SM",10788,1556,"10788_20251231",1.9385927662795635,1.5657441184151597,19,13.716453362640479,1.0392995865253833,2,"IL"
298738,19.915866666666666,"NM",10791,2515,"10791_20251231",1.4049939361401256,1.4612940133134797,15,15.890243223687872,1.4226318209687308,2,"IL"
160037,5.162483870967742,"NM",10799,2275,"10799_20251231",1.5592594706699392,2.20807049766898,31,13.214958165517412,1.5042480265369926,8,"IL"
55197,6.899625,"NM",107,673,"107_20251231",0.14711707123861256,2.643288422085278,8,10.668177511935058,0.6656882476827432,7,"AR"
30887,3.860875,"NM",10803,530,"10803_20251231",0,3.432328449457152,8,9.457131222002944,1.2615948139559396,2,"IL"
138540,6.927,"SM",10804,2048,"10804_20251231",0.07659411501882939,2.689071419201842,20,11.253830701329932,0.9027438992935753,7,"IL"
41979,8.3958,"NM",10809,563,"10809_20251231",0.06232193732193732,1.9752418007965202,5,11.302194400495289,0.5872960522693487,2,"IL"
16555,2.3649999999999998,"NM",10816,582,"10816_20251231",15.941550400396268,7.291619453383492,7,8.580489810301287,-2.226578434483071,4,"IL"
62400,8.914285714285715,"NM",10820,708,"10820_20251231",0.8778692397602647,2.0694796202263173,7,14.56848896753684,1.1212930270856987,2,"IL"
105709,6.6068125,"NM",10821,1288,"10821_20251231",4.339401682103694,2.107189662352946,16,12.520320697554126,1.2952625485723457,2,"IL"
474925,5.9365625,"NM",10829,8331,"10829_20251231",0.18137847642079807,3.037930735179238,80,8.90090112953129,1.4285507623759512,2,"IL"
321275,10.363709677419356,"SM",10831,3194,"10831_20251231",0.02829604739587939,1.6570724822184704,31,16.261315301559602,1.753936844435834,2,"IL"
25506,6.3765,"NM",10840,823,"10840_20251231",0,4.000597926140387,4,11.71953773365392,0.9165578336191839,2,"IL"
37401,4.155666666666667,"NM",10843,694,"10843_20251231",1.6343147088323795,3.6425639472337408,9,14.149120130200387,0.1514471031824781,4,"IL"
324277,5.066828125,"N",10844,5198,"10844_20251231",0.27085181480153264,2.8820820507051796,64,10.943626275348372,1.038952503313083,4,"IL"
250704,6.775783783783784,"NM",10845,2784,"10845_20251231",0.9322571979779726,2.6184484051034627,37,10.157729497882587,1.12182418142898,8,"IL"
305175,5.7580188679245285,"NM",10849,4514,"10849_20251231",0.6362388629120432,2.5735120353803045,53,9.57398363252376,0.9368353532966476,2,"IL"
246489,5.732302325581395,"NM",10853,3820,"10853_20251231",2.4799627978225782,3.1822407882078734,43,10.945233067258066,1.0580567266904697,4,"IL"
185585,6.186166666666667,"NM",10855,2781,"10855_20251231",0.23368399892790137,3.095780341232781,30,10.047673048763032,0.6727757931110456,2,"IL"
104078,13.00975,"NM",10858,931,"10858_20251231",0,1.6163793103448276,8,16.460631760520357,1.25021806128976,2,"IL"
210359,3.626879310344828,"NM",10860,3966,"10860_20251231",2.055050062816462,3.3465045503674564,58,10.644493754518935,0.02001556332094321,4,"IL"
351593,9.015205128205128,"SM",1086,3466,"1086_20251231",0,1.556680227751925,39,14.47190250507786,1.5726446902778162,5,"MO"
112073,8.005214285714287,"NM",10871,1451,"10871_20251231",1.0678707088081416,2.3439565766665686,14,15.372926090163425,2.303559361870905,8,"IL"
21365,4.273000000000001,"NM",10872,267,"10872_20251231",12.784166889542659,3.0542020841483803,5,7.076656165822033,-1.9294377067254687,2,"IL"
166871,3.627630434782609,"NM",10878,4430,"10878_20251231",1.9328698767432935,4.737095164435422,46,13.391942380721591,0.4923470688654526,4,"IL"
219143,5.766921052631579,"NM",10883,2174,"10883_20251231",1.3289604851030195,2.731071741508661,38,10.903167387871921,1.4990434119861256,2,"IL"
648646,4.567929577464788,"NM",10886,13089,"10886_20251231",1.61729233507412,3.4855043401697343,142,9.400778835952652,1.643102672020234,2,"IL"
568581,15.793916666666668,"NM",10903,4493,"10903_20251231",0.16620696108618255,1.2987324284335238,36,10.369348883486387,0.6829603835764098,4,"IA"
105839,6.6149375,"NM",10906,1280,"10906_20251231",0.07616303005351997,2.3032998873816513,16,10.600573766636881,0.9356566291083532,8,"KS"
390435,6.617542372881356,"NM",10907,6060,"10907_20251231",0.7366063232108104,2.3156372226248734,59,11.492901013921239,0.9392555117113505,2,"KS"
361467,5.830112903225806,"NM",1090,6198,"1090_20251231",1.421361025700528,2.778566746465214,62,13.038523542164656,1.2384109707096091,4,"MI"
308893,5.616236363636364,"NM",10918,4904,"10918_20251231",2.667552629194479,2.7914892609998088,55,13.237734674826262,1.537241878452385,8,"KS"
122703,8.7645,"NM",10919,1316,"10919_20251231",0,1.678556796673698,14,17.506446892961367,1.5194197932573312,2,"KS"
203114,7.0039310344827586,"SM",10920,2498,"10920_20251231",0.20773705105715076,2.028749189449505,29,21.681815062113323,1.6790509790051187,2,"KS"
141176,4.278060606060606,"NM",10928,2515,"10928_20251231",0.3369915639778484,2.8886944401643735,33,11.533824421043828,0.8672444526747458,4,"MI"
168773,4.688138888888889,"NM",1092,2242,"1092_20251231",1.5411436541143655,2.9456285805354607,36,10.616161317941602,1.4306992550183548,4,"MI"
470056,4.3523703703703704,"NM",10956,8753,"10956_20251231",0.6739916059448078,3.225488240831881,108,10.592790633354845,1.4584499385611076,4,"MN"
954172,7.821081967213115,"NM",10958,13222,"10958_20251231",0.13494460467278768,2.564701975845284,122,9.617287370879012,1.0366983249811068,2,"MN"
487146,6.765916666666667,"SM",1095,5569,"1095_20251231",0.04029784316320025,2.266394489042492,72,9.245634867199582,1.818401145430745,4,"MI"
94975,9.4975,"NM",10960,1068,"10960_20251231",0,1.9529392509825518,10,12.406054944588341,1.4331875816950097,2,"MN"
252810,6.16609756097561,"SM",10962,4958,"10962_20251231",0.09333388642303066,3.8320547408026964,41,9.453530426251717,0.4984483983880882,4,"MN"
143503,4.629129032258065,"NM",10965,3500,"10965_20251231",0.02982889063644006,4.049936420953308,31,11.072489582156411,1.4704835497068105,4,"MN"
213562,5.33905,"N",10967,3808,"10967_20251231",0.053819900236282484,3.020712361109514,40,9.876824060777539,0.8939967114719038,2,"MN"
71033,5.464076923076923,"NM",10969,393,"10969_20251231",2.47052014758012,0.9348654824027103,13,10.337392571897112,0.3378849312411741,4,"MN"
145502,8.083444444444446,"NM",10971,1925,"10971_20251231",0.434937329484797,2.4168376737102077,18,8.97167396501026,1.200065711254723,4,"MN"
757769,7.654232323232323,"NM",10973,11988,"10973_20251231",0.007716750664926683,2.3371831443931272,99,10.261254889884626,0.8956908049099755,4,"MN"
232742,6.465055555555556,"N",10976,3478,"10976_20251231",0,2.608582071744171,36,10.961307219687361,1.4539569146473286,4,"MN"
196122,9.339142857142857,"NM",10980,2345,"10980_20251231",0.11926848661542538,1.985783824517811,21,9.410491042660137,1.587019137489133,2,"MN"
47269,5.908625,"NM",10982,529,"10982_20251231",0,1.916510914184339,8,15.00969780391666,1.573351865360792,2,"MN"
148194,5.699769230769231,"NM",10984,2844,"10984_20251231",1.8490667011136843,3.2805587320995304,26,10.063570079411823,0.7198397384286616,4,"MN"
3343693,7.009838574423481,"N",10988,78759,"10988_20251231",1.9222972224164006,3.635854414903883,477,15.78625723272243,1.8496710970252892,4,"MN"
287083,7.974527777777778,"NM",10989,3807,"10989_20251231",0.04305139917047304,2.4690168882039427,36,11.273913967184795,1.9117846415091646,4,"MN"
85901,9.544555555555554,"SM",1098,971,"1098_20251231",0,2.1447261702456357,9,10.165946172081997,0.06276069828518462,2,"MN"
113681,5.167318181818182,"NM",10991,1754,"10991_20251231",6.670402904518817,2.835715959690649,22,11.405293514029935,0.6625083376899641,8,"MN"
80418,13.403,"NM",10993,982,"10993_20251231",0.07096646421969897,2.334629294510569,6,9.858890186759039,0.9767188216430038,2,"MN"
705168,10.370117647058823,"NM",10998,7565,"10998_20251231",0.01901689084518328,1.8548328380725774,68,7.8713848286687345,1.1185003105389582,2,"MN"
310605,6.608617021276596,"NM",109,3864,"109_20251231",0.9658828337146196,2.2015953304846847,47,11.842027704096669,0.7950478010221109,8,"AR"
215960,6.966451612903226,"NM",11002,2159,"11002_20251231",1.341437460094896,1.86131414095059,31,13.781783010620687,1.7680385638545946,2,"MO"
135132,4.3590967741935485,"NM",11003,1353,"11003_20251231",0.25892541534110997,2.309118071870912,31,13.982459637233408,-0.15807385458445172,4,"MO"
410507,9.122377777777778,"SM",1100,4866,"1100_20251231",0.16203433376153217,2.217955659085429,45,8.848977971819806,1.3851164685798463,8,"MN"
164373,10.2733125,"NM",11013,1467,"11013_20251231",0.020074677801421286,1.5839924532880068,16,19.307675639235324,0.7266929035404924,2,"MT"
7517888,10.755204577968525,"SM",11035,145492,"11035_20251231",1.09038361952781,2.8326202877479782,699,9.886352706132316,0.5738508690100077,4,"NJ"
26568494,8.378585304320403,"SM",1105,304737,"1105_20251231",0.8826820199429627,2.217756069021261,3171,9.442486735589641,1.2002293641948176,4,"MT"
229332000,12.733592448639644,"NM",11063,3303000,"11063_20251231",1.0488875740440666,2.6567058770057494,18010,9.793442397580424,1.001235921075863,4,"NC"
40785840,12.434707317073173,"NM",110,346067,"110_20251231",1.0558365927615398,1.5428821368716994,3280,13.636519817724087,1.7774041964158331,4,"AR"
2440615,5.148976793248946,"NM",11112,39917,"11112_20251231",2.108283611224731,3.0573894084763387,474,8.639252494801,1.0379022672423226,4,"PA"
481511,4.9133775510204085,"NM",11113,5757,"11113_20251231",1.1113526617785596,2.6077557027290803,98,20.03796762063164,1.516008832763608,5,"PA"
9864607,8.15931100082713,"NM",11124,129050,"11124_20251231",0.6881980317769167,2.3493865466799884,1209,11.905872944617087,1.4300382341871343,4,"PA"
82495,8.249500000000001,"NM",11133,858,"11133_20251231",0,2.33442538703668,10,8.393038693858022,0.4381062504014903,2,"SD"
453179,5.331517647058824,"NM",11159,8402,"11159_20251231",0.5199903476607791,3.277799250052551,85,10.261804634232595,0.9016095165121794,4,"TX"
127606,6.716105263157895,"NM",11175,2903,"11175_20251231",1.2491629915260107,4.718854471265428,19,12.947407015113862,2.0787425325301,2,"TX"
964795,9.946340206185567,"SI",11178,15282,"11178_20251231",4.180197733997257,4.0146828624128705,97,8.69191563518304,0.26683999785895623,4,"TX"
2147633,10.275755980861245,"NM",1117,28672,"1117_20251231",0.5736014311971825,2.247941380323961,209,11.177736660896837,1.2749817648423352,2,"SD"
137595,6.254318181818181,"NM",11181,2029,"11181_20251231",0.5955981573682007,3.166861760608137,22,10.565187784820072,0.7878496421044169,8,"TX"
150588,9.41175,"SM",1118,1569,"1118_20251231",0,1.8029425026768426,16,12.235943211532932,0.7929317394660833,2,"SD"
159462,6.64425,"NM",11225,2472,"11225_20251231",0.055670959700872456,2.4279985042655414,24,10.325279218376677,1.7450235346878038,4,"WI"
513346,6.581358974358975,"NM",11228,5991,"11228_20251231",0,1.9016829143231404,78,17.821374398537404,1.5809171215457434,4,"WI"
704059,6.230610619469026,"NM",1122,10947,"1122_20251231",0.05337060500247707,2.599550191200155,113,9.294910201516856,1.6358451597383725,2,"SD"
233046,8.963307692307692,"NM",11232,2661,"11232_20251231",2.364950135886313,2.044655914147576,26,8.604292507389797,1.4693218365181744,4,"WI"
128044,11.640363636363638,"NM",11235,1058,"11235_20251231",0.3245624203083343,1.7479796079855752,11,13.725290720423208,1.221802072928693,4,"WI"
1586359,7.145761261261261,"NM",11236,24788,"11236_20251231",0.7712433541993589,2.9670641026232207,222,9.666386863592532,1.1658061617175464,4,"WI"
22716797,8.933069996067637,"SM",11241,236592,"11241_20251231",0.5449332163281821,1.9186632547058313,2543,12.782065454255632,2.1393079848544856,4,"AR"
195254,6.732896551724138,"SM",11242,2684,"11242_20251231",0.5474186879422299,2.467134150625263,29,22.520781266303295,1.9940152100604187,2,"AR"
263755,5.4948958333333335,"SM",11243,3822,"11243_20251231",2.0924844686889754,2.58750955748547,48,12.538761415503016,1.8985044257752488,8,"AR"
230749,5.916641025641026,"N",11252,3933,"11252_20251231",2.354558509334174,2.821209058962599,39,30.490766898642597,1.6042694743839576,8,"AR"
250032,5.682545454545455,"SM",11259,4468,"11259_20251231",0.06333353632543694,3.0443243707982948,44,12.81987160200529,1.874956598226893,4,"CO"
221544,6.713454545454546,"SM",1125,3614,"1125_20251231",0.33121241174932453,2.3626544329536343,33,16.682383159104788,1.7422250995756523,2,"SD"
84431,7.035916666666666,"NM",11261,1164,"11261_20251231",1.0890052356020943,2.465275089231968,12,12.820731499305538,1.411226368202697,2,"CO"
412938,6.45215625,"NM",11295,6226,"11295_20251231",0.11775075401798626,2.7738268469848832,64,12.005058881664246,1.89909822663003,4,"GA"
355015,5.071642857142857,"NM",11299,8575,"11299_20251231",1.5713540299182083,4.470157598333271,70,9.15075371176063,1.6141055662992658,4,"IL"
29347,5.869400000000001,"SM",11302,303,"11302_20251231",0.5739567140978118,2.015835877913048,5,18.21503637833468,1.3978665186183923,2,"IL"
597635,7.37820987654321,"NM",11306,9682,"11306_20251231",0,2.734897773053827,81,9.692059152479185,0.8225971858353436,4,"IL"
341323,8.982184210526315,"NM",11307,5110,"11307_20251231",0.025399157529482564,2.615369293403632,38,15.141246562519136,1.9070526846316118,2,"IL"
349502,6.354581818181819,"NM",11310,5408,"11310_20251231",0.6476240050317739,2.8523366794071427,55,8.898576383669333,1.0627094693849974,4,"IL"
142444,4.4513750000000005,"SM",11317,2412,"11317_20251231",5.4211306373067965,3.219977302379288,32,9.46726440132565,-0.33041735886862833,4,"IL"
268185,7.0575,"NM",11319,3531,"11319_20251231",2.8902834243540876,2.3946341803569497,38,8.25508262738628,0.8183901774787912,2,"IL"
89385,5.257941176470588,"NM",11324,1367,"11324_20251231",0,2.65483911992878,17,9.646636010536184,1.422803001398957,2,"IL"
54344,9.057333333333334,"NM",11343,662,"11343_20251231",1.1309203253876026,1.8876579571062948,6,14.347091656874266,1.3925345585210371,2,"IA"
500279,10.00558,"NM",11347,6816,"11347_20251231",1.5278705425561692,2.166005917326677,50,11.78896917032734,0.9459904913347673,4,"IA"
90239,8.203545454545456,"NM",11352,1248,"11352_20251231",0.009181190800446819,2.1147994877916836,11,9.107374714951282,1.031720851032748,2,"IA"
118219,4.378481481481482,"NM",11355,1796,"11355_20251231",1.8636909605176488,3.065752180138417,27,14.91760551538591,0.8100494492872774,6,"KY"
427367,6.893016129032258,"NM",11358,4711,"11358_20251231",0.1465205658212163,2.095772035956354,62,13.666594186055232,3.979219133824162,4,"KY"
589689,8.077931506849314,"NM",11407,8563,"11407_20251231",0.04773755080941983,2.429332880796362,73,8.185166038860553,1.0008523636700235,4,"MI"
147317,5.261321428571429,"NM",11409,2228,"11409_20251231",0,2.256256174665567,28,10.228267282121765,1.2654990254041376,8,"MN"
110211,7.3473999999999995,"NM",11411,1701,"11411_20251231",1.2639256631862916,2.5116145662322764,15,6.85076119568841,1.0567273907513708,2,"MN"
234948,6.5263333333333335,"NM",11415,3793,"11415_20251231",1.3887577354309493,2.3300131039149017,36,8.811924780072307,1.1129763016127237,2,"MN"
44240,6.32,"SM",11417,719,"11417_20251231",0,2.6552551444126604,7,12.145838884447997,2.2861493033127247,2,"MN"
316199,6.587479166666667,"SM",1141,4818,"1141_20251231",0.17987815552676728,3.5755994552036414,48,11.074054837210575,1.59981660912056,4,"CO"
307983,7.162395348837209,"NM",11431,3943,"11431_20251231",0.03980184803042086,2.4712489493368475,43,12.37821344417675,0.7388894163888795,8,"MS"
195560,11.503529411764706,"NM",11445,2829,"11445_20251231",0.49116931786468926,3.057104617443676,17,17.98534317459484,1.1872629935311174,2,"MS"
286717,4.778616666666666,"NM",11446,4738,"11446_20251231",2.9679189150900873,2.8918570011304534,60,10.544104954255136,0.1584294864255679,4,"MS"
551719,4.3103046875,"NM",11448,8670,"11448_20251231",0.612637341133066,3.2579676945818687,128,9.852557210873906,1.1252300899634822,4,"MS"
1110588,7.258745098039215,"NM",11459,15779,"11459_20251231",0.15612470992028896,2.5186345344133545,153,11.204784897173871,2.287314608428004,4,"MO"
150137,5.004566666666666,"NM",11462,2722,"11462_20251231",0.32341124227233714,2.7592534723376527,30,10.266407631237522,1.103701388935061,2,"MO"
196140,7.005000000000001,"SM",11463,2285,"11463_20251231",1.287255275728286,1.9997038988355056,28,14.546105983458062,2.150817596577479,8,"MO"
61506,6.1506,"NM",11465,996,"11465_20251231",0.6929053029419313,2.8744716284435814,10,13.811435913909412,1.3199104416322567,2,"MO"
124407,3.3623513513513514,"NM",11466,2225,"11466_20251231",0.399013955043035,3.6681462961244775,37,10.260645662788155,0.8741045311820921,5,"MO"
89543,8.140272727272729,"NM",11475,1031,"11475_20251231",0,2.344129535560492,11,13.212692987487271,0.9232663110381616,8,"NE"
255476,11.612545454545455,"SM",11477,2189,"11477_20251231",0,1.4476208227518776,22,14.649626865671642,1.0061120042248162,2,"NE"
556004,6.95005,"SM",1147,8215,"1147_20251231",0.7900790450672088,2.512791541885603,80,8.551304685405825,1.6299897128206127,2,"KS"
521779,6.5222375,"NM",11482,7413,"11482_20251231",0.27014531398680725,2.300514550429051,80,17.9507880634554,1.58620662852879,2,"NE"
520549,10.010557692307692,"NM",11491,4631,"11491_20251231",1.0404119585237304,1.4946821757867803,52,12.206945910785814,1.6419006736923702,2,"NM"
1410775,9.532263513513515,"NM",11492,20790,"11492_20251231",0.47254938967471427,2.748169328927919,148,10.376725855077899,0.5450056432594913,4,"NM"
698520,4.850833333333333,"N",11501,14236,"11501_20251231",1.509542214072779,3.379086329456545,144,9.12676811003537,0.7224006405285679,4,"NY"
4393903,7.8322691622103395,"NM",11507,64160,"11507_20251231",0.26665805649163915,2.330907973643484,561,10.93678014667244,1.738519276819209,4,"NC"
284643,7.693054054054055,"NM",11519,5812,"11519_20251231",0.9949527674521708,2.9154990997681414,37,12.893777101341067,1.8684668425393014,2,"ND"
435936,7.926109090909091,"SM",11521,7609,"11521_20251231",3.8288648114796957,3.254715813884431,55,11.728910012445663,0.33826419870049984,4,"OK"
1329703,8.74804605263158,"N",11522,14266,"11522_20251231",0.021669652520748404,2.1196247476789014,152,10.770010286289684,2.2508859132461723,4,"OK"
368691,8.193133333333334,"SM",11526,4646,"11526_20251231",0.45991369520781283,2.4106828767219666,45,10.81953830574328,2.0918288375758087,2,"OK"
58199,4.157071428571428,"NM",11527,1235,"11527_20251231",1.7532812530746376,3.5438720837616975,14,14.627552184828216,1.824567805501072,2,"OK"
491150,5.338586956521739,"NM",11539,7855,"11539_20251231",3.7758328040277465,2.748395453037714,92,7.5747751241791255,2.3020748239119317,4,"SC"
322701,8.067525,"NM",11557,3739,"11557_20251231",0.00278278679400699,2.238744372980146,40,12.301599399996341,1.4641362802303506,4,"TX"
541904,10.42123076923077,"NM",11559,6103,"11559_20251231",2.0241820218642563,1.938343629737295,52,14.436914182834437,0.6409669614556518,5,"TX"
1373996,5.973895652173914,"NM",11569,20481,"11569_20251231",0.7719165113997143,2.946755222178119,230,10.406290005753053,0.6758295001677963,4,"TX"
314700,8.505405405405405,"NM",11570,4283,"11570_20251231",0,2.910409957533961,37,14.297059048302582,1.7297479582796422,4,"TX"
7900774,9.496122596153846,"SM",11578,95543,"11578_20251231",1.3777734801943786,2.354531221999295,832,11.589180915566185,1.6870020343312024,4,"VA"
651097,8.455805194805194,"NM",11580,7177,"11580_20251231",0.09560535247809784,2.428743433805494,77,21.85651771541342,1.9545457170675005,8,"VA"
261722,6.383463414634146,"NM",11582,2529,"11582_20251231",1.6078369929344705,1.9334400837580257,41,12.429652666608083,1.1308873115829343,4,"VA"
635794,5.886981481481481,"SM",11595,10151,"11595_20251231",0.11488180381876087,2.6262423457879893,108,10.410095136751163,1.231515675448942,2,"WI"
297047,8.251305555555556,"NM",11601,3148,"11601_20251231",1.2338183864868113,2.0524088276592627,36,9.72875900042355,0.4967275461800838,8,"WI"
470624,15.181419354838711,"NM",11608,4370,"11608_20251231",0.3477943476900615,1.5880101838898608,31,9.68987825851789,1.2374810205419136,4,"WI"
894621,8.207532110091742,"NM",11623,18814,"11623_20251231",0.1584398743121249,3.9663932775958712,109,9.637949997348379,-0.06556569285055791,4,"WI"
113865,7.116562500000001,"SM",1163,1486,"1163_20251231",0,2.730050032239934,16,8.79277320494901,0.7077268950012586,5,"NE"
773626,7.58456862745098,"NM",1164,8084,"1164_20251231",0,2.224391318661189,102,9.364291905648894,2.0660643581161144,5,"NM"
137713,17.214125,"NM",1165,989,"1165_20251231",0,1.2829196902427031,8,15.087797866269872,2.407740741439104,2,"OK"
3677023,8.153044345898005,"NM",11666,47463,"11666_20251231",0.23098125123302135,2.0672530589078018,451,10.004546618834803,1.115388824407324,4,"ID"
192041,10.10742105263158,"NM",11667,1562,"11667_20251231",0.2812034449625797,1.4307732191631726,19,16.622528759838893,1.62438702634351,2,"IL"
329290,6.0979629629629635,"NM",11669,4147,"11669_20251231",1.7167654754296329,2.387523063094318,54,8.969140491415809,1.1076593127592134,4,"IL"
1423224,7.995640449438202,"NM",11670,18455,"11670_20251231",1.211721551333306,1.9818836258567347,178,10.568553296078797,1.1815212470777225,2,"IL"
231029,5.634853658536585,"NM",11674,3960,"11674_20251231",0.25023804547249123,2.5273130417254586,41,11.713905649913055,1.1743600080628906,4,"IL"
202956,13.530400000000002,"SM",1167,1667,"1167_20251231",0.6579407853293203,1.3625682358322027,15,12.222548605628889,0.10455586672994129,4,"WY"
170676,4.7410000000000005,"SM",11680,2390,"11680_20251231",1.4953322125175983,2.504105639221588,36,13.534814743942402,1.0101513525209416,2,"IL"
65115,5.919545454545454,"NM",11681,1272,"11681_20251231",0,3.9655515794748575,11,13.076625087162006,0.9395899854162785,2,"IL"
111837,6.9898125,"NM",11682,928,"11682_20251231",0.6028993361333153,1.792946143224974,16,12.523035304156792,0.6450909319438308,7,"IL"
137596,11.466333333333333,"NM",11686,1648,"11686_20251231",1.0409758646329454,2.195786479930213,12,11.929391253813744,1.4511609287429945,2,"IL"
274493,7.842657142857143,"NM",11699,3488,"11699_20251231",1.1136654138924396,2.411981147167768,35,11.126640296832939,2.2852290766788497,4,"IL"
297613,9.30040625,"SM",1169,3312,"1169_20251231",0.994407614532795,2.262239888100485,32,10.625243307116452,1.1717116338242994,2,"WY"
362117,7.704617021276596,"SM",11702,4561,"11702_20251231",0.3321744313102215,2.3173980825526685,47,10.043456478173738,1.3703682256725205,2,"IL"
65592,3.644,"NM",11706,1417,"11706_20251231",0,3.53844891658741,18,10.059056298339229,0.9055025995217245,2,"IL"
354961,8.874025,"SM",11708,2924,"11708_20251231",0.026723082062131167,1.451221698639776,40,13.648531546498727,1.5684921389338988,8,"IL"
268215,9.93388888888889,"NM",11711,2443,"11711_20251231",0,1.56329730481978,27,11.045511886022155,1.8509068979913716,2,"IL"
88620,5.908,"NM",11715,1251,"11715_20251231",3.336667849882216,2.825761942503062,15,9.26112408290637,0.6158134591829383,2,"IL"
20271,6.757000000000001,"SM",11716,304,"11716_20251231",0.8023106546854942,2.8542338755805705,3,12.79876160990712,0.07435879836181847,2,"IL"
186498,5.328514285714285,"NM",11719,2775,"11719_20251231",0.029179539993134225,2.42404102934267,35,11.834247795539953,1.6400513637018836,2,"IL"
719681,7.575589473684211,"NM",11722,8507,"11722_20251231",0.37405188916777865,1.9150980776149857,95,11.2612514349755,1.172029776245497,2,"IL"
825048,5.810197183098592,"NM",11729,15879,"11729_20251231",1.4631283649507176,2.9318388671105153,142,9.711372650194654,0.3036231728263233,4,"IL"
42906,8.581199999999999,"NM",11731,562,"11731_20251231",1.2139605462822458,2.603711509792834,5,13.617744987663785,1.429085488099522,2,"IL"
234829,5.870725,"NM",11732,3411,"11732_20251231",1.185989934886827,2.571149962893288,40,10.611306749889295,0.6554080875373225,2,"IL"
312454,2.479793650793651,"NM",11734,12925,"11734_20251231",0.1716799967103234,6.443279570068415,126,8.782528025218818,0.627343538819704,2,"IL"
676097,7.116810526315789,"NM",11739,9563,"11739_20251231",0.7220648481496947,2.232680042193133,95,9.61642932972142,0.9012735764906185,4,"IL"
483924,7.5613125000000005,"NM",11741,5912,"11741_20251231",0.43531863798275594,2.264892673231585,64,8.673543167640958,0.8037450420543084,2,"IL"
168081,7.640045454545455,"NM",11746,2195,"11746_20251231",0.5810310452862433,2.0365479078772815,22,8.327750082329294,1.2262313107289264,2,"IL"
209289,4.2712040816326535,"NM",11747,4186,"11747_20251231",2.228655870201152,3.5466492905783666,49,13.75714528269851,0.5818542244085093,8,"IL"
129533,6.168238095238096,"NM",11750,1463,"11750_20251231",1.2390054127198917,2.1687340704842573,21,17.90674218325704,0.7479772614912507,7,"IL"
125054,6.581789473684211,"NM",11759,1774,"11759_20251231",0.0794461468618772,2.281321117585309,19,18.834628620036344,1.3967434200600624,2,"IA"
898513,7.246072580645161,"SM",11763,12301,"11763_20251231",0.7738917411586875,2.35219524226053,124,8.910657682704397,1.311182822598931,4,"IA"
103588,10.3588,"NM",11764,1296,"11764_20251231",0.28329426652669726,1.9429803729296584,10,10.941386779157641,1.3473501156786738,2,"IA"
440816,8.16325925925926,"NM",11767,6093,"11767_20251231",0.49656891038855144,1.9939490825016881,54,9.999929385678945,1.180555997342613,2,"IA"
1691867,9.667811428571428,"NM",11771,19692,"11771_20251231",0.25106160619365375,1.9683475345078718,175,9.34688219292739,0.747564552720572,2,"IA"
377201,5.629865671641792,"NM",11777,5364,"11777_20251231",0.8185372918175235,2.8824400174716445,67,9.966782684647248,2.0012330362209836,8,"KS"
279751,5.828145833333334,"SM",11778,3961,"11778_20251231",0.055487935848786425,2.2495148031861882,48,9.605663013264586,1.272002457830964,2,"KS"
242585,6.556351351351352,"NM",11782,3609,"11782_20251231",0.4413619167717529,2.578019355928516,37,12.808683853459973,1.247442985089939,4,"LA"
284690,3.7459210526315787,"NM",11785,5217,"11785_20251231",3.28368912772249,3.5818710401294687,76,9.80254248853151,1.1800535838175203,2,"LA"
188701,5.550029411764705,"NM",11788,3379,"11788_20251231",0.6371880161647288,2.88987743492159,34,11.192316161436105,1.4969262070241107,4,"LA"
234652,4.788816326530613,"NM",11792,3792,"11792_20251231",1.1600287245207976,3.026018656642915,49,9.157438018352835,1.634560455008623,2,"LA"
1078615,6.6581172839506175,"NM",11807,17932,"11807_20251231",0.11300837514997843,2.648929531719028,162,10.014289183181726,1.1282901704696167,4,"MI"
320120,4.777910447761194,"SM",11810,4806,"11810_20251231",0.4959049873274544,2.8492688526726857,67,8.954628891402296,0.6701766082985348,4,"MI"
53529044,9.311018264045922,"SM",11813,669496,"11813_20251231",0.980528028919595,2.2957643346527212,5749,9.696526702082915,1.0753925586557684,4,"MS"
51352,4.668363636363637,"SM",11817,688,"11817_20251231",0,3.4271235126751023,11,16.921728971962615,0.840725359157095,8,"MS"
395547,10.14223076923077,"NM",11821,3871,"11821_20251231",0.7580207795598436,1.950995360256445,39,10.158210302366061,0.7256314288217277,4,"MT"
274696,6.867400000000001,"NM",11823,3963,"11823_20251231",0.03340192657540783,2.4579134335965853,40,10.050019460020469,1.3890777400570788,8,"MT"
584833,4.033331034482758,"SM",1184,13508,"1184_20251231",0.05983958697268041,4.0918350415008815,145,9.61198983490966,1.5707138998824348,8,"TX"
914550,6.2214285714285715,"SM",11860,10110,"11860_20251231",0.011982287053920291,2.154672733267451,147,9.558533526546928,1.1525254672217045,4,"OH"
180231,7.509625,"NM",11862,2215,"11862_20251231",0,2.652543815446981,24,9.30533153626903,1.229887506439718,2,"OK"
2747949,8.950973941368078,"NM",11868,29559,"11868_20251231",0.09895392314125358,2.1098702689682964,307,9.339224729452262,1.1046330476021786,4,"PA"
50000,5.555555555555555,"NM",11891,671,"11891_20251231",3.009935710111046,2.4072483331288095,9,19.89068866143297,2.2927148525381438,2,"TX"
184266,6.1422,"NM",11904,2361,"11904_20251231",0.01010582239738981,2.49652444635899,30,15.059812058067426,1.0970566031167936,5,"TX"
187074,6.928666666666667,"NM",11905,2226,"11905_20251231",0.9007321502740473,2.313017684947716,27,11.480279646484632,1.877185185978401,8,"TX"
343978,16.37990476190476,"NM",11907,4523,"11907_20251231",0.029112081513828242,2.0821676727293346,21,13.188355916237954,2.1376264151222437,2,"TX"
134613,8.9742,"NM",11916,1559,"11916_20251231",0.09783081308275762,1.821848874772269,15,16.875479962456268,2.9154225621355723,4,"TX"
368714,5.5865757575757575,"NM",11922,6441,"11922_20251231",0.8294427336843151,3.5336291473826824,66,9.109897172236504,0.5202697787759482,4,"TX"
183892,6.129733333333333,"NM",11932,2341,"11932_20251231",0.45696671443636266,2.7507262561150374,30,7.45176205335991,1.0778673102048835,5,"TX"
662300,14.091489361702129,"NM",11934,9030,"11934_20251231",0.7125470993632679,2.215966169072498,47,10.534121382983379,0.8989681097745018,4,"TX"
1295534,10.282015873015874,"NM",11935,11977,"11935_20251231",0.0628469320505765,1.5743763654235916,126,10.916144439024723,1.5441204153280759,4,"TX"
649037,4.772330882352941,"NM",11952,11271,"11952_20251231",0.33863605375033323,3.4407482191809584,136,7.541469167234216,0.7087963600698234,4,"WV"
396733,4.838207317073171,"NM",11953,5552,"11953_20251231",1.174246555422256,2.9269912882221467,82,10.938597976005457,0.9772605937762978,4,"WV"
4678327,8.877280834914611,"NM",11971,54598,"11971_20251231",0.32084042135158947,2.567262475637795,527,9.898179066885808,1.0290360547921193,4,"ME"
302203,5.9255490196078435,"NM",1198,4252,"1198_20251231",0.017748137790087933,2.6811757248812556,51,11.699823003925905,1.6497959878059152,8,"TX"
24946372,13.426465016146393,"SI",12010,253133,"12010_20251231",0.37495700933219617,1.8623543028027472,1858,10.38131392012012,1.284499134932067,4,"NJ"
1502562,31.96940425531915,"SI",12013,6985,"12013_20251231",0.5534444258459259,1.0062443002276864,47,8.322031641594782,-1.4346870404624383,9,"NJ"
210068,4.774272727272727,"NM",12079,3943,"12079_20251231",0.7943532829486394,3.2114244551091726,44,9.009899144311255,1.324384047037293,4,"GA"
18889,2.6984285714285714,"NM",12086,383,"12086_20251231",0,4.417471719924036,7,19.500294890354404,2.034749991153261,2,"IL"
214142,8.236230769230769,"NM",12087,2264,"12087_20251231",0.19498628881275878,2.176340787384624,26,13.805630816350572,0.5949017210823944,4,"IL"
32659,3.6287777777777777,"SM",12098,543,"12098_20251231",0.271418456455039,3.9061052579573383,9,10.344827586206897,0.7997480330521349,8,"IL"
1632426,6.091141791044776,"N",1209,23681,"1209_20251231",0.12932998780551508,2.824751769420303,268,10.224270930186776,1.4759947083325522,4,"TX"
67970,6.179090909090909,"NM",12107,1036,"12107_20251231",10.310706510983573,2.843838498500819,11,7.341498356695412,-0.41008329445466357,2,"IL"
2541208,13.031835897435897,"SM",1210,34877,"1210_20251231",0.5282528641466312,2.3755539897583478,195,12.01595687588699,1.3253753430295339,4,"TX"
510030,11.087608695652175,"NM",12113,4231,"12113_20251231",0,1.1861588967136432,46,12.020170039923087,1.8439762439010878,2,"IL"
48599,5.399888888888889,"NM",12121,770,"12121_20251231",2.799469574185944,3.0148810129674493,9,12.794028646358685,1.1176027522749017,2,"IL"
144778,12.064833333333333,"NM",12128,1300,"12128_20251231",0.10644903752328573,1.487557566685593,12,15.553412261225862,0.45307777452785286,2,"IA"
104739,4.760863636363637,"NM",12135,2331,"12135_20251231",0.4642913625991279,3.7968602290514046,22,9.793350442410082,1.0257334139197545,2,"KS"
119050,4.960416666666666,"NM",12136,2102,"12136_20251231",0.1985424647295151,2.6680191238324316,24,9.37404200671113,1.0845539038984469,2,"KS"
60927,10.1545,"NM",12139,672,"12139_20251231",0,2.0152923169885493,6,10.504180891593688,0.6756375395505266,2,"KS"
2469832,1.7794178674351584,"SI",1213,218966,"1213_20251231",4.6915066472289,12.531959942599519,1388,15.076548436862241,0.6881808335363043,9,"TX"
366580,4.165681818181818,"NM",12149,3535,"12149_20251231",0.2297098420481407,2.1490188540434905,88,11.992166917448435,1.9104614569621288,4,"KY"
193044,6.227225806451613,"NM",12162,2585,"12162_20251231",0.04180116578806809,2.3491128650503628,31,12.680539938283966,1.1531343623590193,8,"KY"
312856,6.384816326530612,"NM",12163,4264,"12163_20251231",1.0734210588262987,2.332981350931168,49,12.450292125776805,0.6083104266270938,8,"KY"
552821,10.631173076923078,"NM",12166,5135,"12166_20251231",0.15343227777397805,1.7391533460842794,52,8.280293658759042,0.9377660312717324,4,"KY"
179669,5.284382352941177,"NM",1218,2739,"1218_20251231",0.24466513178241298,2.5729499514569003,34,12.843216526779717,1.6921053125700671,2,"TX"
653212,5.225696,"SM",1219,9544,"1219_20251231",7.173250185188375,2.686867641502342,125,9.4348623853211,0.869587008005603,2,"TX"
337514,5.819206896551725,"NM",12201,4513,"12201_20251231",0.3165645044639152,2.437161341051517,58,11.092895839972543,0.992580521274653,8,"MS"
940070,4.434292452830189,"NM",12203,22816,"12203_20251231",1.7527206758054463,4.7007597605153,212,10.162303858614367,0.5208271281435637,4,"MS"
1512484,5.643597014925373,"NM",12204,21714,"12204_20251231",0.44802590810126763,2.6869542004132576,268,8.450458795529896,0.5881797339882021,4,"MS"
139011,9.929357142857143,"SM",12207,2119,"12207_20251231",1.2463682681376058,2.741896608035005,14,13.036771099206238,0.40361859041555603,7,"MS"
534840,6.077727272727273,"SM",12208,7193,"12208_20251231",0.8414315263630332,2.7095397189209063,88,9.658936089374325,1.3268425860417508,4,"MO"
284264,5.363471698113208,"NM",12214,3816,"12214_20251231",0.07353737322698235,2.3663521006838577,53,9.994934003247788,1.9658597118160537,2,"MO"
560266,3.183329545454545,"NM",12219,26009,"12219_20251231",0.3532311987122483,6.221151696997607,176,15.443489808860134,1.3109923178147282,5,"MO"
133598,7.031473684210527,"NM",12220,2066,"12220_20251231",0,3.0898251230010847,19,8.056250655558387,1.8917779871861045,8,"MO"
497508,4.649607476635515,"SM",12223,8512,"12223_20251231",0.7604482697828381,3.0952113939665806,107,9.794194008018312,1.0099088418590494,4,"MO"
40888,3.4073333333333333,"NM",12225,856,"12225_20251231",0.022629554197782304,3.664140545802873,12,8.820538317250106,0.5157930932848651,7,"MO"
125897,6.29485,"SM",12226,1574,"12226_20251231",0.06965867250472683,2.760878422997485,20,8.92535174672661,0.9606873393000155,2,"MO"
6652312,8.431320659062104,"SM",12229,102662,"12229_20251231",0.23753405217115156,2.755398356397644,789,9.361750132284172,0.5087160018429804,4,"MO"
250886,4.919333333333333,"NM",12230,4089,"12230_20251231",0.233651949628281,2.994532218016236,51,10.945640830287807,1.5865824170292098,8,"MO"
167549,5.983892857142857,"NM",12232,1965,"12232_20251231",2.121436853045322,2.0722617517085586,28,12.284421198291238,2.067056698643043,2,"MO"
629309,6.992322222222222,"NM",12241,8933,"12241_20251231",0.4312502556530987,2.217402784274216,90,12.983318555261764,1.7092750104934145,2,"NE"
207384,6.912800000000001,"NM",12244,2706,"12244_20251231",0.37526685110904756,2.1931568138098667,30,12.336284772367359,1.443518467846607,2,"NE"
60314,10.052333333333333,"NM",12246,1224,"12246_20251231",2.023359105115973,2.7052172769839102,6,14.623300938168466,1.0702884553799272,2,"NE"
352422,5.182676470588236,"SM",12248,6325,"12248_20251231",0.05550142453656311,3.178691608413959,68,10.518957500219333,1.3163932480127114,2,"NE"
477400,5.751807228915663,"NM",12258,7013,"12258_20251231",2.138474936153974,2.8539518753053867,83,10.512779847147627,1.8018084213113035,4,"NM"
708018,8.232767441860465,"SM",12259,8496,"12259_20251231",4.01162274864697,2.3017095867307886,86,9.159196815740081,1.6283732255768777,7,"NM"
11797060,14.582274412855377,"SM",1225,129230,"1225_20251231",0.12983825923779108,1.7052994275932716,809,13.489381622539673,0.5893127177288475,4,"CA"
479538,6.070101265822785,"NM",12266,9164,"12266_20251231",1.555540425775889,3.481697773111224,79,14.825525977423634,0.7212480069174795,4,"NC"
146478,6.65809090909091,"SM",12283,1593,"12283_20251231",0.4319710972065869,2.0732088913671167,22,11.423186605302538,0.5524108097526831,7,"OK"
18790,4.6975,"NM",12284,383,"12284_20251231",0,3.251837314180725,4,11.92021529206902,0.5219642558877567,2,"OK"
579108,7.932986301369864,"NM",12285,8055,"12285_20251231",0.5849075625038774,2.5157551236944813,73,9.432604297819967,0.9692097369870839,2,"OK"
110930,6.525294117647059,"NM",12298,1325,"12298_20251231",0.23140890700347858,2.661944059008252,17,17.0628144603837,2.89746585846783,4,"TX"
1288008,8.203872611464968,"SI",12299,19865,"12299_20251231",0.7801456942190802,2.7577764186243487,157,13.188547878004991,1.5910370993183063,4,"TX"
462831,7.71385,"SM",12303,7731,"12303_20251231",0.09602945283158656,3.1171982383797583,60,13.489589504410862,0.8024669095105854,4,"TX"
333214,14.487565217391305,"NM",12305,1858,"12305_20251231",0,1.3435057636166923,23,14.513019691237858,0.9045548234588018,2,"TX"
153320,8.517777777777777,"NM",12315,1782,"12315_20251231",0.11523195766292518,2.2373372876756634,18,16.76066569805838,0.9668860376448273,7,"TX"
716171,8.628566265060241,"NM",12322,9496,"12322_20251231",0.19016430118476602,2.108673115816772,83,8.737916976935555,2.1516322786105198,8,"WI"
144651,12.054250000000001,"NM",12325,1911,"12325_20251231",0,2.2647080724706585,12,11.058710230209815,1.0503720336119051,2,"WI"
427009,6.100128571428572,"NM",12327,4369,"12327_20251231",0.011985904576218367,1.8255202019481724,70,14.909134113447747,2.5437778137330067,4,"WI"
505654,9.724115384615384,"NM",12331,5594,"12331_20251231",0.27049262066214597,1.8791806329024534,52,12.496887375193785,2.5867986842040436,4,"WI"
218672,5.606974358974359,"NM",12349,3417,"12349_20251231",0.328427355611333,2.6001780943900266,39,8.484936360711744,1.889206542625486,8,"WI"
79612,7.9612,"NM",12354,914,"12354_20251231",0.14850960008486264,2.060877485957189,10,14.7539531941809,0.8020849147310358,8,"WI"
434309,8.194509433962265,"N",12365,4733,"12365_20251231",0.2843335459528417,2.1732136593996056,53,9.23007727280104,0.9646496915672707,2,"IL"
157412000,7.927280052374478,"SM",12368,2590000,"12368_20251231",0.9955993882837614,2.642877805916595,19857,9.482227783091174,1.42801678855455,4,"AL"
149938,10.709857142857144,"NM",12372,1755,"12372_20251231",2.4881786730374613,1.9603937340345396,14,12.996072933185415,0.9616099496820586,2,"CO"
371201,4.170797752808989,"NM",1237,6289,"1237_20251231",2.2910379356000705,3.0887339910054776,89,10.848768134488193,0.8516927933313533,4,"ID"
3810105,12.492147540983607,"NM",12383,44494,"12383_20251231",0.19424922948725376,2.0037769118575444,305,7.824588213045142,1.04390251866687,4,"IL"
198341,7.628500000000001,"NM",12384,2217,"12384_20251231",0.254913511487174,2.334852120635106,26,11.883225191539278,0.7151361673235125,2,"IL"
325669,7.237088888888889,"NM",12386,4194,"12386_20251231",0.1589131443216108,2.143620049269592,45,10.326732703509238,1.0509225110657059,2,"IL"
92724,4.6362000000000005,"NM",12388,1446,"12388_20251231",3.5340965654554504,2.841424850012455,20,14.191304713274075,0.5604742181859634,7,"IL"
109076,10.9076,"NM",12402,1237,"12402_20251231",0,2.178099863686032,10,11.504933846630381,1.0652954870209368,2,"IL"
182616,6.763555555555556,"NM",12410,2575,"12410_20251231",0.08165116806532094,2.533428631970497,27,8.8270852196304,0.5028430394116956,4,"IL"
80320,4.227368421052632,"NM",12417,1794,"12417_20251231",4.198999202262673,3.4847714892262975,19,9.1135674035544,-0.8809882265778237,2,"IA"
56303,4.691916666666667,"NM",12422,914,"12422_20251231",1.33223524852243,3.105753145137696,12,14.468887049333357,0.7933173794645202,2,"KS"
20900,5.2250000000000005,"NM",12425,279,"12425_20251231",7.216569242981887,2.5357551075294635,4,13.914859285273598,1.791357301341837,8,"KS"
23968,3.994666666666667,"NM",12432,1039,"12432_20251231",1.881720430107527,6.445687227007389,6,20.096209670730698,-1.1103400416377516,8,"KS"
26747636,8.80435681369322,"NM",12437,368563,"12437_20251231",0.9114535195416061,2.8017209417685303,3038,10.27558721517529,0.8887805732913087,4,"MS"
35458426,9.776240970499035,"NM",12441,463291,"12441_20251231",0.5654792011916461,2.3635653555827543,3627,10.837636182300772,1.4093457525564057,4,"MS"
79657,6.638083333333333,"NM",12444,1118,"12444_20251231",2.6100295517606984,2.437371288548265,12,9.872267256202408,1.0107329650615802,8,"MN"
105299,7.521357142857143,"NM",12457,1108,"12457_20251231",0.03734439834024896,1.7703689220398828,14,14.49971707384869,2.5718262579879547,2,"MO"
1257098,11.02717543859649,"NM",12484,20183,"12484_20251231",0.6235568113986727,2.5526752995337945,114,9.047606482292199,0.8608659999283872,4,"OK"
295234,8.68335294117647,"SM",12485,4334,"12485_20251231",0.8172672033614359,2.4485274104651955,34,13.791441595212756,1.8456984735421536,8,"OK"
336610,7.012708333333333,"N",12493,5135,"12493_20251231",1.6153607024842551,2.566650596210008,48,11.969860378348441,0.9462292748644092,4,"NE"
257977,5.999465116279071,"NM",12511,3452,"12511_20251231",0.45948056528201126,2.238098434379877,43,10.21376524089373,1.9222056281778062,2,"WI"
106343,3.93862962962963,"NM",12512,2143,"12512_20251231",0,3.711961941858666,27,10.424966179969212,0.6426621889309276,4,"WI"
289805,8.280142857142858,"NM",12513,3526,"12513_20251231",0.36154965245972304,2.0042452011155167,35,14.029012090081888,1.1757577046147958,4,"WI"
951221,1.3726132756132756,"NM",12514,90653,"12514_20251231",0.5517099489167481,14.697562117823137,693,9.725522642217369,1.5131698293475597,4,"WI"
2666805,7.774941690962098,"NM",12517,41955,"12517_20251231",0.8866033261183617,2.6390281170250494,343,9.086951904922923,0.9593598294514003,4,"WI"
194397,2.662972602739726,"NM",12531,5476,"12531_20251231",2.260445801046709,4.206179944687216,73,13.314866303527683,2.006805124443812,6,"AR"
96781,6.912928571428572,"NM",12549,904,"12549_20251231",0.017374517374517374,2.134505949301604,14,9.460253937474858,0.9891360579410244,8,"IL"
31601,5.2668333333333335,"NM",12585,339,"12585_20251231",0,2.6200515822655257,6,11.423214471719731,0.30021424380125816,2,"OK"
1089572,17.861836065573772,"NM",12591,5761,"12591_20251231",0.32484522951450945,1.146360165202133,61,9.36980170230969,1.1372991848040537,9,"WY"
443958,6.726636363636364,"SM",12592,6291,"12592_20251231",0.10749540085734136,2.5825618576600067,66,10.04051975878216,0.4470431419393842,4,"WY"
663023,4.875169117647059,"NM",12594,15258,"12594_20251231",0.20300524001319056,3.784855006270418,136,12.596577972482512,2.4660545913390823,4,"CO"
219659,9.550391304347826,"NM",12602,2558,"12602_20251231",0.5704488531765783,2.0951150813041814,23,26.114541255279406,1.3573716712245778,2,"KS"
381755,5.023092105263157,"NM",12608,6582,"12608_20251231",2.0384723331678143,3.135415505870673,76,11.356411943235907,1.2395894187183911,4,"LA"
352880,10.082285714285714,"NM",12609,4296,"12609_20251231",0.45775964034634076,2.6183605856577965,35,9.056001002255073,0.3688307604239988,8,"LA"
1119590,6.624792899408283,"NM",12611,15657,"12611_20251231",1.227509705801,2.3912602041710738,169,13.418210159627254,1.553543045970631,4,"LA"
9620310,11.212482517482517,"SM",12614,122152,"12614_20251231",1.0581926443984444,2.260558625076902,858,10.91369520567337,0.7614535126108911,4,"LA"
593718,6.05834693877551,"NM",12616,7460,"12616_20251231",0.2427386275451757,2.0773419431786184,98,18.58223735865177,2.4012834517602144,4,"MO"
1170435,8.669888888888888,"NM",12627,19157,"12627_20251231",1.7553168563862138,3.397151252329897,135,12.516741012580804,1.1063492863410673,4,"MO"
20799746,7.159981411359724,"SM",12633,288430,"12633_20251231",0.4004736114474554,2.4824260523382713,2905,8.207564023152488,1.824880241962631,4,"MO"
2273312,7.239847133757961,"NM",1265,30326,"1265_20251231",0.4707220536325136,2.4381230335989876,314,13.171357168411516,1.3321435336685412,9,"WA"
155143,8.16542105263158,"NM",12661,1804,"12661_20251231",0.5231259968102073,2.1290217813769496,19,9.310916622383845,0.7453905580313172,4,"WI"
138091,7.267947368421053,"NM",12694,1680,"12694_20251231",0.6557062436028659,2.4374604736139416,19,11.691814642139837,0.9515611458552923,2,"MO"
303919,6.202428571428571,"NM",12706,4706,"12706_20251231",3.241291144151897,2.7660167387226564,49,8.802651658106756,0.5560295024258923,4,"IL"
147957,8.219833333333334,"NM",12717,820,"12717_20251231",0.03078533386694579,1.4979939841872618,18,9.794724559356384,0.6555120368397764,2,"IA"
91983,6.1322,"NM",12722,1593,"12722_20251231",0.14297528770272355,3.3410122260925075,15,12.34128780529867,2.2597223571425267,4,"LA"
45508,5.6885,"NM",12745,1152,"12745_20251231",0.8343373493975903,3.9177479253587637,8,12.326004078375743,2.4253816881390127,2,"NE"
101510,3.383666666666667,"NM",12757,2445,"12757_20251231",0.07648569861748492,4.250445812557037,30,11.101783840503671,1.986936144465235,4,"OK"
54394,6.043777777777778,"NM",12758,868,"12758_20251231",0.5988609420449268,3.0181086519114686,9,13.2385414983573,2.1651649024582276,8,"OK"
809540,6.860508474576271,"NM",12761,11985,"12761_20251231",1.8389382521651108,2.652301924415042,118,12.397011197536909,1.4533072313556066,4,"OK"
2451820,8.172733333333333,"NM",12769,29299,"12769_20251231",0.7379450616422766,2.3638045334002133,300,10.88919168316606,1.762708224933803,4,"TX"
587481,6.527566666666667,"SM",12788,9920,"12788_20251231",0.01986458971345329,2.4691189732941985,90,10.855066786858494,0.9678458506389289,4,"WI"
966256,6.66383448275862,"NM",12814,13718,"12814_20251231",0.28498448417808364,2.3319145437116315,145,11.399200833590136,1.2127513627088422,2,"WI"
768003,5.818204545454546,"N",12815,15138,"12815_20251231",0.05083332496157362,3.327534603577547,132,11.841056803977526,1.2056764838763956,4,"IL"
10682990,8.692424735557363,"NM",1281,182145,"1281_20251231",0.7355166617219978,2.8317460476733087,1229,9.304015952194288,0.8901313721844473,4,"WA"
1139311,7.750414965986394,"NM",12828,16581,"12828_20251231",0.34565903470322684,2.646967137514472,147,9.86158033699093,0.9603934265833296,4,"IN"
158066,5.8542962962962966,"SM",12836,2405,"12836_20251231",0.18028300540849015,2.64744695715756,27,16.529641889858564,0.8545200039063773,8,"IN"
3425975,8.061117647058824,"SM",12839,38059,"12839_20251231",0.6588589930988921,2.0486560028955174,425,10.076895607524534,1.5224179118109042,2,"IN"
9663367,9.022751633986928,"NM",12854,108538,"12854_20251231",0.3379515474289889,1.7857690191183213,1071,10.617547052854636,1.6654613947149992,4,"IN"
1628933,15.96993137254902,"NM",12855,14587,"12855_20251231",0.049058719103465216,1.4544391288986018,102,10.62162376417028,1.0498309457042758,4,"IA"
255972,9.141857142857143,"NM",12857,3372,"12857_20251231",0,2.370992240896962,28,10.279330912258054,0.4541641424239594,4,"IA"
630357,14.659465116279069,"NM",12858,5324,"12858_20251231",1.1615257394264427,1.600052827963084,43,9.320568668082348,1.0565592616774238,4,"IA"
57647,7.205875,"NM",12865,851,"12865_20251231",0.8745771206615712,2.6729559748427674,8,13.583668441836034,1.6482324875298202,2,"KS"
760094,7.238990476190477,"NM",12869,9668,"12869_20251231",0.2854072146588878,2.4907191716895247,105,9.086374751622374,1.6384348342815738,4,"KY"
1119834,6.152934065934066,"NM",12874,18897,"12874_20251231",0.6985878504457601,2.843472119080471,182,9.854864130579637,1.0116807307284081,4,"ME"
80549,4.02745,"SM",12893,2066,"12893_20251231",1.9709590787018072,5.459625323971964,20,18.295160264859582,-1.4814457220614723,4,"MI"
96644,4.201913043478261,"NM",12899,1462,"12899_20251231",1.5905185707362206,2.9635049657315253,23,11.388091451702843,0.7851663315645251,5,"MI"
3050571,7.4768897058823525,"SM",1291,41041,"1291_20251231",1.0933341282583051,2.5965276930762715,408,9.751034175482086,1.3623900806506857,4,"AR"
2650965,12.623642857142858,"SM",12944,33670,"12944_20251231",0.5701220950384661,2.3404786743968145,210,12.669390328986207,1.6696433012263157,4,"NY"
852531,6.931146341463415,"SM",1294,14228,"1294_20251231",0.6268235356562903,3.162962180301504,123,9.135846264793676,1.3542162198219763,4,"AR"
180561,5.158885714285715,"NM",12956,2983,"12956_20251231",0.09640140604977604,2.8517410486260784,35,11.706023966025588,0.7215117222512036,8,"NY"
375234,5.518147058823529,"NM",12959,6717,"12959_20251231",1.3109343338259107,3.2671644209144652,68,11.152704689780727,0.7290571135928648,4,"NY"
1189863,7.530778481012659,"NM",12969,16424,"12969_20251231",0.19863560728080096,2.8317479213381547,158,9.983996040257383,1.0457478401410818,4,"OH"
287631,4.715262295081968,"NM",1296,3887,"1296_20251231",0.4395685126911633,3.270531690774546,61,16.149626356900505,0.802458897801178,8,"AR"
1235216,6.238464646464647,"SM",12978,19051,"12978_20251231",0.4622833884614532,2.8947870027869307,198,10.388426052474161,1.0949987311521026,4,"OH"
102686,11.409555555555556,"SM",12980,732,"12980_20251231",0,1.5449957038098328,9,10.49775613762356,0.7827025791427621,5,"OH"
4326380,7.909287020109689,"SM",12982,58437,"12982_20251231",0.9549539763202171,2.697519528781204,547,12.288969271300681,1.2182903547702593,4,"OH"
441709,8.031072727272727,"NM",12985,4526,"12985_20251231",1.198902092377361,1.7885622273708834,55,12.092914914864126,1.425136752637355,4,"PA"
1286556,3.4771783783783783,"SM",1299,46207,"1299_20251231",0.8445005069253543,7.676506669275934,370,11.910702452079555,-0.20102014394906068,4,"AR"
440824,6.579462686567164,"NM",13000,6079,"13000_20251231",0.5563495454612427,2.658701348268856,67,9.578609804226192,1.2189355652852063,4,"TX"
300731,5.783288461538461,"NM",13006,4138,"13006_20251231",1.69811168038592,2.5878053610326015,52,12.331679186787296,1.7368835236843663,4,"TX"
3248653,5.620506920415226,"SM",13012,54777,"13012_20251231",0.6114253992323162,3.275397812111481,578,10.379702003370866,1.5518264683280958,4,"VA"
66846,5.142,"NM",13018,700,"13018_20251231",1.1113845144356955,2.839954941164931,13,13.218814508994397,-0.21697196306126632,7,"WV"
376464,5.618865671641791,"NM",13020,4791,"13020_20251231",2.5026614954352358,2.9285284955664417,67,9.036392730959964,0.4649128037830499,4,"WV"
436858,7.942872727272728,"NM",13025,5400,"13025_20251231",0.017823374703849412,2.005782784112997,55,10.895945000899793,1.4362946559309264,4,"WI"
148048,7.049904761904762,"NM",13030,2068,"13030_20251231",0.8652101900780819,2.477375454559479,21,8.315998157119523,1.074955157611005,2,"WI"
344556,5.940620689655172,"NM",13032,5247,"13032_20251231",0.5333740325567011,2.742866128778623,58,10.544377641526282,1.3399823392081673,4,"WI"
278969,6.974225,"SM",13033,4207,"13033_20251231",0.007931665649786455,2.835211243097329,40,11.00774173258293,1.2524862476177794,8,"WI"
79746,4.690941176470588,"N",13054,1392,"13054_20251231",4.474289810238805,4.145819566380314,17,13.542405512209951,0.1599588827003157,7,"WI"
1175554,7.301577639751553,"NM",13055,15587,"13055_20251231",0.3482241234255153,2.2061193801221264,161,14.236610048480935,1.3760590776894506,4,"WI"
756449,10.806414285714286,"N",13058,8193,"13058_20251231",1.6683855556618787,1.9241472734574863,70,10.432797468901231,0.8595385404116125,4,"WI"
2012440,6.939448275862069,"SI",13063,33276,"13063_20251231",0.14447197734504866,2.949486886785398,290,10.89373552233516,0.7546724309531276,4,"ME"
432755,3.547172131147541,"SM",13068,8499,"13068_20251231",0.024907965069069785,3.3443934955801313,122,8.012491757637923,1.11534182522519,2,"MO"
721577,5.117567375886525,"SM",13071,12564,"13071_20251231",0.3425365541228024,2.619285509513461,141,12.018587728906478,1.974868987807426,8,"MO"
742792,7.818863157894737,"SM",13083,12592,"13083_20251231",0.8618965360487316,2.95721755222777,95,9.030981138819204,0.8353490172959629,4,"AR"
6984247,10.439831091180867,"SM",13102,67604,"13102_20251231",0.3886906346828668,1.7752388580449208,669,12.49690665421617,1.611891620672353,4,"IN"
890538,6.645805970149254,"NM",13107,12370,"13107_20251231",0.16598735791891348,2.6901389454768116,134,10.516834803814431,0.9321146996861308,4,"IN"
1065907,6.2700411764705875,"NM",13109,20271,"13109_20251231",0.6111957306230804,3.2790371300428993,170,8.516600968429062,0.8476949025886138,4,"IN"
235158,5.112130434782609,"SM",13111,4049,"13111_20251231",0.27986656866625204,3.4454939084834937,46,9.80366122137797,0.14075501332452184,4,"IN"
389086,5.3299452054794525,"NM",13112,5899,"13112_20251231",0.5200506355351895,2.762567642765126,73,8.43058587083727,0.7096600633534806,4,"IN"
244548,5.316260869565218,"NM",13113,4189,"13113_20251231",2.3768946364166528,2.7640863900484725,46,12.822268037896494,-0.13430577792437565,5,"IN"
554670,4.740769230769231,"SM",13130,10353,"13130_20251231",0.46713942197240055,3.2480411486853407,117,8.471130804358639,0.6925324328399063,8,"IN"
173826,8.27742857142857,"NM",13167,1844,"13167_20251231",0,2.336859726591573,21,12.400300559374392,1.6145792463553073,4,"KY"
403404,5.762914285714285,"SM",13179,8265,"13179_20251231",0,3.3926856687532627,70,10.105125546146624,1.8646234215777688,4,"MI"
250565,5.827093023255814,"NM",13195,3008,"13195_20251231",1.0152102423751763,2.6227217882771323,43,9.167557395248254,0.8852479837429351,2,"ND"
71566,5.111857142857143,"NM",13196,1142,"13196_20251231",0,2.4289853273487947,14,13.338894054586229,1.1792286490497053,2,"ND"
1785231,8.34220093457944,"NM",13198,25660,"13198_20251231",1.0460811805308836,2.1951559078387954,214,9.013593824714802,1.3492879563560685,2,"ND"
20830874,10.776448008277288,"N",131,216570,"131_20251231",0.571333395706723,2.3869403794413957,1933,9.694335570843108,0.9056616885722035,4,"FL"
274242,6.094266666666667,"NM",13209,3858,"13209_20251231",0.18230385275308064,2.8156622188714557,45,12.666625083014424,1.618102484293902,4,"OH"
517344,6.386962962962963,"NM",13216,7288,"13216_20251231",0.2091778435858756,2.568427938835612,81,9.37098060768441,0.6383372763838019,4,"OH"
831000,11.871428571428572,"NM",13220,6371,"13220_20251231",0.0795780765819278,1.3292576335096686,70,11.520181186548665,1.6137459758684538,8,"OH"
240843,8.30493103448276,"NM",13242,3337,"13242_20251231",0.00048242059357029833,2.5170551248010273,29,10.845071586813477,0.8351230815332209,4,"WI"
181526,6.981769230769231,"SM",13249,1706,"13249_20251231",0.08673509101624614,2.168532704773129,26,10.028666871994124,0.6134354743665291,4,"MI"
86006,9.556222222222223,"NM",13251,1267,"13251_20251231",0.5878393538254432,2.517242348707761,9,24.5714693838682,1.8565980096332253,2,"NE"
1252928,7.4579047619047625,"SM",13255,18841,"13255_20251231",0.5093053941326829,2.3684989964407985,168,9.314831482416492,0.8554659642028034,2,"NE"
716304,6.632444444444444,"NM",13264,11711,"13264_20251231",0.038060510642090095,2.798676213985739,108,9.305450003542843,1.1088797395019947,4,"WI"
186200,3.003225806451613,"SM",13274,5005,"13274_20251231",0.5745237205827419,4.249002680397675,62,13.617228333369782,2.11235207595828,4,"OK"
1183807,7.839781456953642,"SM",13297,14169,"13297_20251231",0.07910721853369121,2.023868476939272,151,9.227027812033093,0.49445698648822806,4,"NY"
328622,3.1002075471698114,"NM",13303,14302,"13303_20251231",3.5165913802946687,7.1529260256172265,106,19.595292852662705,-0.25263365509560054,2,"AR"
762918,6.465406779661017,"NM",13305,9386,"13305_20251231",0.8126153209900109,2.9743733016576686,118,9.678357073237462,0.6526630131106169,4,"IN"
5692809,14.863731070496083,"NM",1331,78668,"1331_20251231",0.020553886123249324,1.906752174434986,383,10.97563385259029,1.7274535886364315,2,"CA"
1536850,6.247357723577236,"SM",13339,23866,"13339_20251231",0.38727727750586327,3.029488195419134,246,9.861893674588474,1.0774833281387608,4,"OH"
1314050,6.50519801980198,"SM",13341,19080,"13341_20251231",0.079640473264416,2.646859217431697,202,10.530367937080745,1.0082724131001288,4,"OH"
418381,5.810847222222223,"SM",13366,6920,"13366_20251231",1.674017452051154,2.883686282233665,72,10.57297219593421,1.399672580945537,4,"OK"
157993,13.166083333333333,"NM",13381,1321,"13381_20251231",0.586849307049509,1.5106080462405074,12,11.43455578612571,1.3655101681147743,2,"MO"
141380,7.069,"NM",13382,2283,"13382_20251231",0,2.520396419530842,20,9.093641105633349,1.615188770160612,2,"MN"
1405373,29.901553191489363,"NM",13397,4997,"13397_20251231",0.6689198209655773,0.6632466447397685,47,25.54797697401182,2.305709955810944,9,"NY"
403992,5.611000000000001,"NM",13407,7448,"13407_20251231",0.6761786855645722,3.174169410964428,72,14.655479385209471,1.8757306391976634,4,"TX"
79769,9.971125,"NM",13415,797,"13415_20251231",0.3495697602950215,1.7398648648648647,8,13.059008974652327,1.587837837837838,2,"OK"
63818,3.988625,"NM",13416,1339,"13416_20251231",0.08046508820985294,3.3601090379045537,16,10.131696393617187,3.0919313212642843,2,"OK"
9093084,8.635407407407408,"NM",13421,131135,"13421_20251231",0.5212295649345108,2.7868430805249806,1053,10.3860574837763,1.6029886134130973,4,"NE"
205998,5.885657142857142,"SM",13430,2990,"13430_20251231",0.0959921420386052,2.579933891029859,35,10.178341159582493,1.7344792743678918,4,"MN"
92844,5.8027500000000005,"NM",13450,1374,"13450_20251231",0,3.090813248465624,16,11.053719008264464,1.3201557714145056,2,"KS"
798759,5.3970202702702705,"NM",13454,12429,"13454_20251231",0.10558665907120024,2.51530265099627,148,10.539145323681998,1.461772744819822,2,"WI"
95067,6.790500000000001,"NM",13551,1455,"13551_20251231",5.522807910323283,2.450980392156863,14,10.53989784275462,-1.1682059959421243,2,"OK"
401618,7.045929824561403,"SM",13561,5630,"13561_20251231",0.5865310166260105,2.7789019016108076,57,7.740289269247774,0.5882161544390239,8,"PA"
726479,7.9832857142857145,"NM",13565,10517,"13565_20251231",0.04833211652124486,2.202236104022972,91,9.392901254285652,0.4889903253291512,4,"WI"
36674,5.239142857142857,"NM",13582,584,"13582_20251231",4.547158695302876,3.2674276286347435,7,8.152188302576187,-0.06470153720068798,8,"IL"
397918,7.5078867924528305,"NM",13599,5930,"13599_20251231",0.09808778361240462,3.1654276696459425,53,9.499263622974963,0.7999072985542964,4,"TX"
136897,4.720586206896551,"NM",13600,1714,"13600_20251231",0,3.0165980394362815,29,11.896741199370792,1.9223124751554423,5,"TX"
37522,7.5043999999999995,"NM",13611,439,"13611_20251231",0,1.9367800696490758,5,10.109641627008124,0.8197160460755425,2,"NE"
134331,14.925666666666665,"NM",13616,720,"13616_20251231",3.0729127503321054,1.0236680888219227,9,24.73837296470659,1.8629340738837763,2,"IA"
1154050,9.537603305785124,"NM",13622,12893,"13622_20251231",1.7551905948090962,1.8463894713940665,121,10.492183743898991,0.8669130981616835,2,"NE"
613664,9.440984615384615,"SM",13632,6726,"13632_20251231",0,2.093959651295684,65,11.181567735528718,1.3026425176273573,4,"AR"
383615,7.1039814814814815,"NM",13652,5345,"13652_20251231",0.06387923462590724,2.467371205399713,54,9.874351591033093,1.1577625021766351,2,"MN"
289307,8.766878787878788,"NM",13656,3637,"13656_20251231",1.5270579055899236,2.021427271279379,33,8.067106534752591,0.7970523992628153,2,"IA"
1579827,6.610154811715481,"NM",1365,21206,"1365_20251231",0.9149676963239937,2.735997532619582,239,8.923697242608608,1.1157352843750574,4,"KS"
219121,9.527000000000001,"NM",13662,2685,"13662_20251231",0.0458103996444566,1.8982898055769848,23,9.60390589474188,1.6950735960504786,2,"NE"
170857,8.992473684210527,"NM",13692,2306,"13692_20251231",0.7058409523100556,2.2339445427343807,19,9.428447842504589,0.9731286055550443,2,"NE"
22335,4.4670000000000005,"NM",13696,462,"13696_20251231",3.495462280204197,2.978023331515141,5,15.276403527640353,1.0557246670068445,2,"NE"
623494,6.17320792079208,"N",13703,7549,"13703_20251231",0.08660193115487425,2.2348346339072456,101,12.689685897425552,1.539974170057495,4,"OH"
388231,7.923081632653061,"NM",13712,5975,"13712_20251231",0.8490662836035296,2.5327272000762275,49,10.991239939435337,1.1470016587723855,2,"IA"
88833,8.075727272727272,"NM",13715,1121,"13715_20251231",0,2.0995307340246803,11,10.98916380518383,0.5816580731127977,8,"IA"
1901612,8.057677966101695,"NM",13716,24156,"13716_20251231",1.073780800869924,2.5052888674775966,236,11.01628961986683,1.34219389150085,4,"OH"
1316566,,"NC",13718,0,"13718_20251231",0,0.11044012855115017,0,90.21751437936881,1.9266874657410953,9,"UT"
16654,3.3308,"NM",13729,268,"13729_20251231",0,2.7479780161758707,5,14.326414326414326,0.36599707202342385,2,"KS"
292884,14.644200000000001,"NM",13735,2799,"13735_20251231",0.6020597016269571,1.5165882664723225,20,13.29003087409107,1.4109964554278331,2,"IA"
110766,8.52046153846154,"NM",13736,929,"13736_20251231",0.9355635656717022,1.644851770261374,13,14.78905160390516,0.8385158269862343,2,"IA"
212732,4.341469387755102,"NM",13737,4181,"13737_20251231",0.9582178893802149,3.8931637353433834,49,10.186109678365755,0.589816642737497,8,"IA"
1520955,6.499807692307692,"NM",1373,21335,"1373_20251231",1.1768929319223587,3.1273837301099983,234,10.799051313737706,1.2385045876388132,4,"LA"
276574,11.06296,"N",13748,2888,"13748_20251231",0,2.133445692828329,25,10.650228673692583,0.15207105946794416,4,"NY"
90195,6.013000000000001,"NM",1374,1023,"1374_20251231",0.20510662915143707,2.684411415656928,15,10.900958147995864,0.9708785772619497,4,"LA"
220598,10.504666666666667,"NM",13753,2153,"13753_20251231",0.31445218897399463,1.5412465227158771,21,13.733483832414848,1.0451926491239651,8,"IA"
486051,6.0756375,"NM",1376,7753,"1376_20251231",0.9244996723874334,2.8349471906821275,80,11.682370241272261,0.7949396095728735,4,"LA"
50502,6.31275,"NM",13774,828,"13774_20251231",0,2.4366201643679433,8,15.661042608712975,1.0154233503824166,2,"IA"
229412,4.681877551020408,"NM",13775,3379,"13775_20251231",0.14469254651610886,2.801947935689476,49,12.33004758667573,0.8580406058652916,4,"TN"
191111,6.3703666666666665,"N",13784,2232,"13784_20251231",0.4292551979132373,2.1936653952978706,30,9.303909045804346,0.7020151529706853,8,"MI"
127511,5.543956521739131,"NM",13788,1898,"13788_20251231",0,2.800231787972276,23,11.105975518630645,1.421158098173213,4,"MO"
113632,8.740923076923078,"NM",13794,1524,"13794_20251231",0.0384268633333826,2.2275522126607443,13,10.694317978742415,1.6627337916498512,2,"ND"
105400,7.026666666666667,"N",13798,1274,"13798_20251231",1.0210739218372806,2.2172526524799934,15,16.529285396576036,1.251529312661706,7,"KS"
304625,10.879464285714286,"NM",13801,2909,"13801_20251231",0,1.8977245448810631,28,8.654960013389033,1.2327010143527848,8,"IN"
145629,5.393666666666666,"SM",13802,2213,"13802_20251231",0.09223527416140113,2.987223762878574,27,8.544119280319858,0.8446384198054737,8,"OH"
191406,7.65624,"N",13809,2449,"13809_20251231",0.4010908649639465,2.4001409483931058,25,11.199563107815749,0.8046834430972378,4,"MN"
166340,5.198125,"NM",1380,2620,"1380_20251231",0.32767785625864704,2.797421682904129,32,11.926493642222608,1.3103430218580925,4,"LA"
137750,5.989130434782608,"N",13813,1942,"13813_20251231",1.8001786319258368,2.518256817161626,23,11.288463754753947,2.710013321266232,8,"IL"
164074,7.8130476190476195,"SM",13816,2151,"13816_20251231",0.04321032109383841,2.0895101644160126,21,15.114015485825524,1.1999228488554678,2,"IA"
245803,10.241791666666666,"NM",13819,2788,"13819_20251231",0.1525350664853931,2.0462475211481594,24,9.597083546553373,1.6880295351145052,4,"NE"
567622,6.45025,"NM",13821,7053,"13821_20251231",1.27267245698274,2.2482764535064934,88,9.801413736295547,1.7376894297676198,2,"AR"
44037,2.590411764705882,"NM",13832,1562,"13832_20251231",1.9882411022844577,5.645615854620883,17,15.665644377784243,1.9547719432732849,8,"GA"
860833,7.617991150442478,"SM",13838,13098,"13838_20251231",0.8797029240160431,2.9151919781865385,113,8.800592046349864,1.300013059155021,4,"KY"
406504,6.889898305084746,"NM",13843,5711,"13843_20251231",2.131645569620253,2.366084187576983,59,11.754302942783546,1.2696678376949713,2,"IN"
1125175,9.222745901639344,"SM",13868,11283,"13868_20251231",0.12093113587194623,1.8626073256345195,122,9.143422303891128,1.3919985628126672,2,"NE"
8372231,9.080510845986984,"NM",13876,88399,"13876_20251231",0.6057700164500817,2.610229765916521,922,10.496149905533917,1.0390585223551994,4,"PA"
169815,7.718863636363636,"NM",13883,2156,"13883_20251231",0.0069187394056802855,2.4594604577859314,22,10.141395315496137,1.0650479579398402,2,"KS"
304556,8.014631578947368,"NM",13887,3036,"13887_20251231",1.0613207547169812,1.9053733032835523,38,10.586263176005229,1.027970797964043,8,"AL"
392581,9.347166666666666,"NM",13892,4757,"13892_20251231",0.13183915622940012,2.2266620480803594,42,8.06821121087832,1.365602148189859,2,"NE"
392929,5.5342112676056345,"NM",13897,5110,"13897_20251231",0.5343960412103512,2.745132247439903,71,8.845021547243519,0.9132818406263713,5,"MO"
20955,4.191000000000001,"NM",13902,310,"13902_20251231",0.6919006919006919,2.9242542202305226,5,14.055530268548019,-0.22786396521276797,2,"IL"
217575,3.566803278688525,"N",13905,4954,"13905_20251231",3.509525193542421,3.635647770208278,61,11.126959564018032,0.973479457596752,4,"OK"
593611,5.93611,"N",13919,11799,"13919_20251231",0.18479447071662422,3.2424053738139156,100,11.198668182983507,1.2305608563855737,4,"TX"
55131,5.5131,"NM",1391,823,"1391_20251231",0.025043826696719257,2.5371304769235157,10,10.609223428701739,0.36168362838165286,2,"MN"
34006,5.667666666666666,"NM",13926,585,"13926_20251231",0,2.557723976034477,6,22.970348685545346,0.9868843651822525,2,"KS"
39756,9.939,"NM",13931,253,"13931_20251231",6.8559954102122775,1.958571733932504,4,13.54700107416752,1.193038619654317,2,"IA"
245109,4.624698113207548,"NM",13946,3811,"13946_20251231",1.5756699805489518,2.9552794138654543,53,12.1380778465251,1.8252710657584763,2,"OK"
338190,10.248181818181818,"NM",13947,3575,"13947_20251231",0.013121787301532966,1.7191596516535261,33,11.96390036781087,2.0791915274285326,2,"CO"
879593,7.6486347826086964,"NM",13951,8134,"13951_20251231",0.25868701341784484,1.880568378558741,115,9.699221564169497,1.2728067709646333,7,"LA"
1263445,11.591238532110092,"SM",13953,12207,"13953_20251231",0.25736453235733575,1.7348082282553277,109,11.142298592327148,1.5048978775504929,2,"IA"
214065,2.6105487804878047,"NM",13955,6080,"13955_20251231",2.865359753040817,4.561184255509888,82,14.097694382193184,2.068819467130604,8,"TN"
82820,3.3128,"NM",13959,2836,"13959_20251231",1.3012880095604835,12.090961315427222,25,32.73233655819408,1.2315871622280754,7,"KS"
63363,2.640125,"NM",13960,2521,"13960_20251231",1.0594410334876334,5.484617888575658,24,13.997932266048435,0.5957535668441644,4,"MO"
155217,5.969884615384616,"SM",13962,2730,"13962_20251231",0,2.9897896654289653,26,8.745971678055172,1.175209788937918,2,"NE"
116605,7.773666666666667,"N",13983,1153,"13983_20251231",0.5583852103376722,1.8534773683419068,15,10.834696376730921,0.9520928557190268,8,"IL"
6598,0.733111111111111,"N",13986,983,"13986_20251231",0,28.720744600740982,9,16.00541027953111,-0.7680954245609807,4,"CO"
47291,6.755857142857144,"NM",13990,522,"13990_20251231",0.1929570670525808,2.0959909180734546,7,12.157415392381633,0.9144995480059706,2,"IA"
34044,5.674,"NM",13999,616,"13999_20251231",0.49835104433858557,3.2225845304192,6,12.136856842842143,1.001733204077436,2,"SD"
3704763,8.232806666666667,"SM",1399,53827,"1399_20251231",1.0084731122156185,2.5251023757610582,450,9.49147524831113,1.4804896731241648,4,"MN"
413915,6.467421875,"SM",14009,6734,"14009_20251231",1.2600165572751003,2.5599830081432304,64,12.679304010127643,1.8204864893304,4,"MI"
1128814,6.306223463687151,"NM",14017,15212,"14017_20251231",0.21662619411846512,2.4797643922626382,179,9.479242181935344,0.896837463987949,4,"MD"
57579,8.22557142857143,"NM",14024,954,"14024_20251231",0.05030447445062219,2.7160300296820847,7,6.4057233494151085,1.03768023091367,8,"KS"
492806,6.750767123287671,"NM",14025,5875,"14025_20251231",0,2.129722078334206,73,9.752170500561919,1.7528319247560105,4,"MO"
91674,7.051846153846155,"NM",14026,1861,"14026_20251231",1.8579432495933488,4.731913640498057,13,15.377697841726617,2.334489891397536,2,"NE"
4075579,12.350239393939395,"NM",14028,30318,"14028_20251231",2.917042306462164,2.0561689141769874,330,6.8988199735507365,-1.3302735005648059,4,"LA"
851168,9.353494505494506,"NM",14029,13523,"14029_20251231",1.141094065085258,2.5779899982292345,91,11.367184314800657,1.2352614321216822,4,"OK"
1480074,6.981481132075472,"NM",1402,21366,"1402_20251231",0.1070266366198547,2.6394596065256044,212,9.917369054993937,0.956094619722571,2,"MN"
501959,7.274768115942029,"SM",14036,4969,"14036_20251231",0.10353747837755832,2.0684645925790637,69,12.147971160995496,1.635323667674158,4,"MO"
335850,5.790517241379311,"NM",14056,4488,"14056_20251231",0.029067245119305855,2.70823700376511,58,12.517783847738128,1.1304600758120944,4,"MO"
369086,8.201911111111112,"NM",14058,5196,"14058_20251231",2.2574513530990967,2.2223295422532376,45,11.769876041889292,0.9049761615381107,2,"NE"
2267326,5.81365641025641,"NM",14065,40877,"14065_20251231",0.1654218286095491,3.3174978341261783,390,9.686122464099176,1.2933692147619107,4,"GA"
57596,9.599333333333334,"NM",14069,598,"14069_20251231",3.8420454153888564,1.9994867983884137,6,20.991379310344826,0.448218290638736,2,"NE"
1319644,5.59171186440678,"N",14073,21861,"14073_20251231",1.5106768302974731,3.0202571796618347,236,9.188858646233678,0.9807280956210279,4,"MI"
630720,6.370909090909091,"SM",14079,12332,"14079_20251231",1.1917347429120615,2.9284783669332297,99,11.587768260762282,1.4793757149808735,2,"IA"
123554,2.8080454545454545,"NM",14083,4395,"14083_20251231",0.7012693992458814,7.170133962435619,44,9.802379313735129,0.22719643310873341,4,"KS"
89932,4.4966,"N",14095,1271,"14095_20251231",0.12252756870295817,2.6947574718275358,20,9.615960846983619,1.8466612116584635,7,"TX"
62228,6.2228,"NM",14096,1006,"14096_20251231",0.9782700959171547,2.854637909871997,10,9.951513518973702,0.8591969139049622,2,"NE"
446404,7.9715,"NM",1409,6536,"1409_20251231",1.511137558720368,2.4656197788341276,56,8.940703673265665,0.9831465030068156,2,"MN"
481999,5.127648936170213,"NM",14113,7787,"14113_20251231",0.4137523760311514,2.760590845913227,94,10.510306429492559,1.117738067312955,4,"IN"
942403,6.159496732026144,"SI",14134,16798,"14134_20251231",0.6651656856099064,3.4861474401799835,153,12.446174705552744,0.7228069287333017,5,"VT"
251880,4.7524528301886795,"SI",14136,4653,"14136_20251231",1.0055949530300239,3.429902887310174,53,10.767686170724296,0.6835364661409111,5,"VT"
156675,8.704166666666667,"NM",1413,1506,"1413_20251231",0.6587151856233812,1.871197552976893,18,9.364453015961631,0.9702505830250556,7,"MN"
1610517,9.098966101694916,"SI",14140,21869,"14140_20251231",0.5837545755621405,2.4726092362825156,177,10.226431648963546,0.3980970099154608,4,"VT"
1616622,8.290369230769231,"NM",14158,23907,"14158_20251231",1.1687830024759265,2.6623302610650876,195,7.3626110818946415,0.7735069967930286,4,"VT"
143037,4.206970588235294,"SB",1415,2513,"1415_20251231",0.0012886431875877887,3.0456881921121983,34,10.928988394611087,0.9841460667870786,4,"MN"
384277,4.9906103896103895,"NM",14168,7711,"14168_20251231",0.5075880991168653,3.517086726469285,77,11.133064405477347,1.0937764830927974,4,"VT"
92366,7.697166666666667,"NM",14178,1153,"14178_20251231",0,2.177580979461793,12,13.188200923569882,0.9324842837321641,2,"MO"
312199,6.642531914893618,"N",1417,4415,"1417_20251231",1.649923062669685,2.4571418128148235,47,11.020946666425694,0.6525699787560271,4,"MN"
350225,6.144298245614036,"NM",14184,5402,"14184_20251231",1.1689595853331467,2.985928277516504,57,9.179356207955442,-0.0633887449375838,4,"AL"
641982,7.734722891566265,"SM",14185,7748,"14185_20251231",3.501074188294813,2.506343134186378,83,12.177242479375918,1.7117318609342882,2,"MO"
230186,6.5767428571428574,"NM",1418,3380,"1418_20251231",0.9065188191249178,2.6245290393741825,35,8.578640108374776,1.1502951145029994,4,"MO"
368610,8.191333333333334,"SM",14195,5656,"14195_20251231",0.09194223275770408,2.329007925822531,45,11.641473878352913,1.3933010244149513,2,"IA"
1752564,7.966200000000001,"NM",14207,29413,"14207_20251231",3.1281818337647196,2.9968692243062915,220,9.009339688879086,-0.030433288500539037,4,"IA"
194161,5.1095,"SM",14208,3162,"14208_20251231",0.0403045558804347,2.5257312824142537,38,12.71958566747701,1.8363688452415559,2,"IA"
1110296,7.930685714285715,"NM",14209,13992,"14209_20251231",0.1598208305722011,2.0331038419406475,140,13.919775337187243,1.5338286746474634,4,"IA"
1028747,7.7935378787878795,"SM",14222,12606,"14222_20251231",1.5209792587555253,2.1446202896760846,132,9.50752139893719,1.4065564686362995,2,"WI"
183331,7.051192307692308,"N",14225,2081,"14225_20251231",0.3810663797936332,2.465552155093853,26,9.883399016382764,1.000197915070953,5,"IN"
242016,11.000727272727273,"NM",14230,2810,"14230_20251231",0.4027791273928676,2.4701140527160397,22,9.304779912932588,1.3436621113349825,4,"IA"
227243,9.468458333333333,"NM",14247,1904,"14247_20251231",0.0025071872701745005,1.39697354767467,24,14.380689508744924,1.6915356628248737,2,"IA"
69569,4.637933333333334,"NM",14260,1465,"14260_20251231",0.02350237635138664,3.2952607993723313,15,20.54715728928545,1.354919504503825,2,"OK"
1024871,7.944736434108528,"SM",14264,14943,"14264_20251231",0.05339137687080733,2.352738093603432,129,9.776752610764381,1.0524942672360527,4,"NE"
2208754,8.031832727272727,"N",14266,31647,"14266_20251231",0.4663525634984426,2.354308559138726,275,8.827686557298675,1.8471263236882474,4,"WI"
430228,12.292228571428572,"NM",14269,4048,"14269_20251231",1.3883249570659906,1.4465113675990062,35,9.91160846780842,2.0659664671495066,2,"KS"
880651,5.46988198757764,"NM",1426,15182,"1426_20251231",0.25708581750030557,3.1405604916014336,161,12.335995289357408,1.5777178913911654,4,"MO"
205067,12.8166875,"NM",14275,1834,"14275_20251231",0.6398178894849963,1.5486839873450393,16,11.69541227183333,1.6350731621493204,2,"NE"
632867,5.273891666666667,"NM",14276,11413,"14276_20251231",0.5470695108000807,2.988667051296976,120,12.163372122247914,1.885946452808803,4,"MI"
98627,7.586692307692307,"NM",1427,1266,"1427_20251231",0,2.2303923635413065,13,12.628600303183427,1.2669809172857518,8,"MO"
80299,6.176846153846155,"SM",14281,1631,"14281_20251231",0.45471707405157835,3.21631036670941,13,14.7715661947161,0.9623916815655255,2,"NE"
209440,5.6605405405405405,"SM",14291,2902,"14291_20251231",1.014533095021829,3.171086026307013,37,8.56002344159057,0.4765107879103052,4,"IA"
114514,6.361888888888888,"NM",14293,1571,"14293_20251231",0.2694257862929631,2.4863554787433206,18,12.691984556276136,1.220121772395183,2,"MO"
240243,17.160214285714286,"NM",14311,2091,"14311_20251231",0,1.432350625991829,14,11.620709060213844,1.4147087707743347,2,"NE"
520720,10.848333333333334,"SM",14312,4262,"14312_20251231",0,1.4989686329559317,48,10.989089781601844,0.6447959640293502,2,"NE"
118960,6.608888888888889,"NM",14316,1993,"14316_20251231",0.853888156655997,3.0013620530931524,18,13.157117168834898,1.840297031657416,2,"WI"
511566,16.502129032258065,"NM",14327,3927,"14327_20251231",0.7375348983524046,1.6339089246231238,31,13.739917540936153,2.7620792771222966,4,"NE"
644831,3.7931235294117647,"SM",14331,12907,"14331_20251231",0.3009764734624384,4.275453609648794,170,11.134174259311703,1.2029912792550244,8,"OK"
362357,5.10361971830986,"NM",14333,8014,"14333_20251231",0.08119987525816265,3.7395348030627282,71,14.443759795662167,0.5094069581738953,8,"PA"
561850,7.112025316455696,"NM",14334,7660,"14334_20251231",2.5426941664015756,2.6215181997486527,79,9.513812096603186,1.3670742390405803,4,"MO"
40991,8.1982,"SM",14344,519,"14344_20251231",1.8662307587522136,2.676395388824928,5,12.022865142323845,0.9145596905947381,2,"KS"
144917,5.79668,"NM",14349,1808,"14349_20251231",0.6860366837535536,2.319092024300687,25,9.298883626522327,0.826407154861878,8,"MO"
237153,8.177689655172413,"SM",1434,3221,"1434_20251231",0.0056323572666796004,2.173868742097741,29,13.356827064778626,1.623645596044064,2,"NE"
153694,6.147760000000001,"NM",14352,2222,"14352_20251231",0.27561369983830664,2.677786771893374,25,10.014527907851555,1.1128551101319824,2,"IA"
367550,4.900666666666667,"N",14355,6871,"14355_20251231",0.008900954627383786,3.3027047873846707,75,13.019922439358222,0.5229417428334866,4,"OH"
1573634,11.160524822695036,"NM",1435,12644,"1435_20251231",1.4807305048260537,1.3258986522608576,141,11.09981529218083,1.834089884759297,4,"NE"
2520177,8.66040206185567,"NM",14382,24775,"14382_20251231",0.37163424415273866,1.8877881717131437,291,9.417858611827437,1.0584965877662185,2,"IA"
117054,6.885529411764706,"NM",1438,2004,"1438_20251231",0.011639072365932434,2.455235654396517,17,15.11289022989491,0.961942555580817,2,"NE"
199589,14.256357142857143,"NM",14392,2578,"14392_20251231",0.15883429439591173,2.100844708139707,14,21.95982242403357,2.3739857363153742,2,"IA"
74151,3.70755,"N",14399,1191,"14399_20251231",0.17652928083506025,3.273138003969579,20,13.328760859625058,0.7303808569621044,2,"TX"
134170,12.197272727272729,"NM",1439,1080,"1439_20251231",0,1.5712971132643991,11,18.656635802469136,4.232479366367139,4,"NE"
28131,4.018714285714286,"N",14400,437,"14400_20251231",0,2.945993661327718,7,13.908394225628228,1.2053403668488858,8,"WI"
774887,7.74887,"NM",14410,14297,"14410_20251231",0.33797244013354033,2.6662162190628864,100,9.392386530014642,1.5055149111147157,4,"IA"
330646,9.447028571428572,"SM",14413,3747,"14413_20251231",0.09518192356972889,1.9748457862045592,35,8.0377680096039,1.0195124657961925,2,"IA"
188475,13.4625,"NM",14415,1815,"14415_20251231",0.250683862423435,1.5654079726565493,14,13.893926039040878,1.934883146327039,2,"IA"
272944,5.458880000000001,"NM",14420,5242,"14420_20251231",6.1097982089802505,3.2781297310244657,50,10.058348510870331,0.7615701857555667,2,"KS"
416339,5.626202702702702,"N",14427,6511,"14427_20251231",0.6619253047570922,2.8920148131645016,74,10.315161405477077,1.2802993682680321,4,"LA"
683303,9.36031506849315,"NM",14445,6356,"14445_20251231",0,2.1609761703669297,73,12.466745314249257,1.8453297542032867,4,"WI"
350183,5.648112903225806,"NM",14488,5553,"14488_20251231",2.332378925930233,2.838244116209637,62,12.863638271380406,1.1384245501312142,4,"MO"
228115,4.853510638297872,"SM",14491,3563,"14491_20251231",1.1633830929101328,3.061254235024961,47,10.98706454638658,1.2445307879144636,8,"VA"
711607,5.3105,"NM",14492,12137,"14492_20251231",0.6012394150398774,2.82356287850999,134,9.639060864105256,1.903535629533698,2,"MO"
786337,6.958734513274337,"NM",14507,10251,"14507_20251231",0.0327231014308266,2.773283474175824,113,9.332951835956129,0.7830614047583513,4,"WV"
675431,6.432676190476191,"SM",14513,10723,"14513_20251231",0.0322214340097236,2.7897356784622693,105,9.526147207398855,1.4505781204391448,2,"MI"
2415388,8.475045614035087,"SM",14521,34228,"14521_20251231",1.3748887587461776,2.3834318071867333,285,8.711140625821237,1.1860802721728194,2,"IA"
337224,8.029142857142856,"NM",14522,3504,"14522_20251231",0.16437751668597275,2.166589066917427,42,10.805226229370739,0.7121277118976586,2,"IA"
158657,4.95803125,"NM",14523,2327,"14523_20251231",0.9690147902257455,3.1155173611915403,32,9.68578230359836,0.5070276085540962,2,"OH"
9551998,10.293101293103447,"N",14531,119262,"14531_20251231",1.5633614456081963,2.1937485307493496,928,10.601826867667388,1.775161179572411,4,"TX"
438645,6.748384615384615,"NM",14546,3952,"14546_20251231",0.7802447504585649,1.8915266789544514,65,13.477068657152245,2.4078162838017705,4,"MO"
104019,6.118764705882353,"NM",14556,1449,"14556_20251231",0.01361696977032711,2.2030466547014242,17,10.991270091697505,1.257909434418195,2,"KS"
125285,7.8303125,"NM",14560,1485,"14560_20251231",0.16805408996756166,2.3778166725696583,16,11.467874657135733,0.893185655386795,8,"WI"
455000,6.5,"N",14567,5799,"14567_20251231",1.081790794709455,2.1916393910770378,70,10.900920207549989,0.8795553895832876,2,"IL"
81848,7.440727272727273,"NM",14574,1040,"14574_20251231",1.3817168966920164,2.3292179207739085,11,8.533064868274222,0.9867436955248344,2,"MN"
1275496,8.919552447552448,"NM",14578,13894,"14578_20251231",0.5752511227093403,2.032321292471411,143,10.58693536122864,1.6345244263596477,9,"IN"
78510,9.81375,"NM",14581,768,"14581_20251231",0.2243016063620092,1.6587194739298108,8,11.253663301856074,1.311420893697134,2,"NE"
258951,4.046109375,"N",14584,4578,"14584_20251231",0.7742683199285075,2.9543302847666544,64,10.527203905611824,0.6771871093895029,8,"CO"
1110261,2.1228699808795413,"NM",14587,66454,"14587_20251231",0.4263940329062327,9.511892143133315,523,10.115709286298163,1.1308047444576663,5,"MI"
677783,5.8429568965517245,"SM",14597,9731,"14597_20251231",0.3119679927271792,2.712571176161093,116,10.894915113601678,2.2550236010124842,8,"AR"
239564,9.582559999999999,"NM",14604,2191,"14604_20251231",0.24439332949971249,1.7665765898049288,25,7.959248922032024,1.7880089851897585,2,"MO"
189499,5.742393939393939,"N",14619,2505,"14619_20251231",1.1948341939431677,2.4935187770898,33,8.684952416553744,0.5547691422102816,8,"NY"
618449,7.635172839506174,"NM",14633,8606,"14633_20251231",1.482791864825843,2.466984945588902,81,9.816230413177585,0.9403047836855147,2,"IA"
263549,4.18331746031746,"NM",14642,3680,"14642_20251231",0.934441548222102,2.527896081280339,63,13.508006945784295,0.801865712683631,7,"SC"
712512,5.937600000000001,"N",14644,9940,"14644_20251231",0.08417908242161318,2.3861904481169933,120,9.474950206399079,0.9062036865708494,4,"AR"
891361,6.190006944444445,"N",14646,12967,"14646_20251231",0.021988548538088085,2.3225157575514195,144,9.797279482641883,0.8080130346952654,4,"NJ"
137131,5.078925925925926,"NM",14649,1956,"14649_20251231",1.1076050572458052,2.4876779620557796,27,11.042543923333817,1.3947210783040551,2,"IA"
246327,7.037914285714286,"NM",1464,3382,"1464_20251231",0.46856188379231434,2.5322559710308274,35,8.730393128643732,1.109427960706288,6,"NY"
4646755,9.330833333333334,"NM",14650,45288,"14650_20251231",0.5639408128024359,1.8494711071383563,498,12.944243239607156,1.3326924482641116,4,"IA"
760487,14.624749999999999,"NM",14660,6036,"14660_20251231",0.008126010836428645,1.4497654839498686,52,13.627993125376413,1.4647161437822898,4,"WI"
628361,6.2836099999999995,"NM",14662,14321,"14662_20251231",1.4762104142780559,3.5001563615395477,100,9.376362495188845,1.5876963920729321,4,"IL"
313690,5.316779661016949,"N",14674,4739,"14674_20251231",0,2.623718228643282,59,10.679506427849658,0.8513355676096575,2,"IL"
773478,5.904412213740459,"NM",14679,16050,"14679_20251231",5.968339279520942,3.831423706044644,131,15.08570448226621,-0.09351710833990069,4,"DC"
288428,7.795351351351352,"SM",1468,2390,"1468_20251231",0.20743869782377947,1.7407058115821237,37,9.878329227598726,1.2603778252210491,2,"TN"
290405,9.075156250000001,"NM",14690,3118,"14690_20251231",0,1.88781052418775,32,8.335623402676633,1.560718165264571,2,"IA"
493898,6.585306666666667,"SM",14692,6345,"14692_20251231",0.19714873639981761,2.105787593769979,75,8.34037833200742,0.9378026413985869,2,"IA"
121368,6.7426666666666675,"NM",14694,2062,"14694_20251231",1.1462331735446554,2.875700044152162,18,8.82842321620828,1.084715716509921,2,"IA"
404054,6.122030303030304,"SM",14695,5567,"14695_20251231",0.7173429286204624,2.6564034544116955,66,9.814495366269343,0.850608239251299,2,"MO"
118470,4.387777777777778,"NM",14701,1754,"14701_20251231",0.1249746145314233,2.5642217985425124,27,14.199073639674836,1.7587505729640678,2,"MO"
256847,4.939365384615384,"NM",14705,5121,"14705_20251231",1.5644528091044096,3.0837453889019697,52,9.60856886055977,1.5501138058237187,2,"IA"
2073342,9.779915094339623,"N",14712,21751,"14712_20251231",0.9641233542597367,4.185822062239967,212,20.2655211081373,2.2419356309243517,4,"SD"
390571,4.199688172043011,"NM",14722,9679,"14722_20251231",1.1256263012194285,4.029519424154143,93,8.592301446024688,0.6280728543434768,4,"MI"
424944,7.455157894736843,"NM",14730,5356,"14730_20251231",0.01058035781762486,1.918600858105567,57,10.826181439693187,1.9425863670205008,2,"CO"
137209,6.533761904761905,"N",14731,1671,"14731_20251231",0.16588032142711462,2.3143708460252475,21,12.601366331722494,1.507927758405357,2,"GA"
492704,4.7375384615384615,"NM",14735,8142,"14735_20251231",1.219368731171136,3.3975511043608804,104,8.074171840803746,0.9259967634009291,2,"KY"
228460,4.393461538461539,"NM",14744,3722,"14744_20251231",0.2959670482896417,3.326754457489561,52,10.479642638232948,0.6523047955861884,4,"WV"
171602,6.35562962962963,"NM",1475,2246,"1475_20251231",0.01750347881641476,2.6672603296760315,27,13.689533606888979,1.8165846760132391,4,"TN"
306614,9.581687500000001,"SM",14761,2734,"14761_20251231",0.4870238174661418,1.7069199710972236,32,10.142152502627962,1.0087255932481833,2,"IL"
826686,21.197076923076924,"NM",14769,6505,"14769_20251231",0,1.2210342846643287,39,10.94810121255478,0.3540072057715416,4,"WI"
177878,4.235190476190477,"NM",14772,3490,"14772_20251231",2.4539591410677004,3.2021339992621813,42,12.620258136614348,0.6963875251851641,8,"IA"
196340,7.8536,"NM",14773,2160,"14773_20251231",0.6212655040258005,2.2624740758178814,25,10.302822474281193,1.4614415876484748,2,"IA"
306138,6.957681818181819,"N",14779,3165,"14779_20251231",1.1420296052951295,2.316835924497002,44,10.326863458687155,1.48566719963329,7,"TX"
75363,5.383071428571428,"NM",14785,1248,"14785_20251231",0,2.551112906818335,14,9.983462104963953,1.3338306061029874,2,"IA"
363772,7.5785833333333334,"NM",147,4534,"147_20251231",0.17904924849051537,2.47745873214038,48,13.601801407616495,1.7186849771119432,4,"GA"
535828,7.654685714285714,"NM",14801,7843,"14801_20251231",0,2.059758475417922,70,15.18582451409288,1.4854438774864958,4,"ND"
296486,7.802263157894736,"NM",14807,3585,"14807_20251231",1.6000410120871735,2.162595982820702,38,10.792046231024644,0.8090755281766517,2,"IA"
267455,8.62758064516129,"NM",14809,4165,"14809_20251231",1.8766572811022115,2.520839171319493,31,12.681940228129177,2.184805338449686,2,"IA"
437153,4.857255555555556,"NM",14812,8246,"14812_20251231",1.3243004964966822,2.9534062959286946,90,9.291019073390117,0.7377417784033912,2,"IA"
25618,3.659714285714286,"N",14820,564,"14820_20251231",1.1164999494796404,5.50397208725616,7,8.459547910799909,-1.2002768206000662,5,"NY"
455520,13.014857142857142,"N",14836,3300,"14836_20251231",0.17706104986012836,1.413044742391074,35,10.666007289939575,1.3976126298198515,2,"OH"
6254039,8.316541223404254,"NM",14843,85154,"14843_20251231",0.7031659321779218,2.396060701510856,752,10.498709900288128,1.1184486442197372,4,"IA"
446407,6.469666666666666,"NM",1484,8292,"1484_20251231",5.394344493586024,3.5297530983594076,69,10.45747006588616,0.1069996275589887,4,"TN"
1348244,5.712898305084745,"NM",14851,28458,"14851_20251231",0.8954010872660144,3.3388224389378087,236,12.677187803480052,1.8315054434684068,4,"TN"
36807,3.06725,"N",14853,860,"14853_20251231",0.03619982302308745,4.458914862510048,12,8.581710298601763,0.46396452289880713,2,"MN"
348701,5.9101864406779665,"NM",14857,4948,"14857_20251231",0.3141790856776803,3.2073632378892243,59,9.761472201367436,1.8826730043073183,6,"IL"
3067526,9.58601875,"NM",14863,43144,"14863_20251231",0.954070611316256,2.47197241008383,320,9.693458515176262,1.306541183992535,4,"PA"
124600,8.306666666666667,"N",14864,1080,"14864_20251231",3.711039299489211,1.8165993054179124,15,9.852212654187586,1.5985729181927077,7,"TX"
460238,7.9351379310344825,"NM",14867,6852,"14867_20251231",2.2063851898918214,2.703932050622786,58,9.158015194103365,1.1206308564735459,4,"IA"
190310,7.048518518518518,"NM",14868,3097,"14868_20251231",0.6781030121378313,2.69639643968882,27,9.302565690981364,0.7074703529876607,2,"IA"
1785669,6.84164367816092,"SM",1487,26418,"1487_20251231",0.15627250825820233,2.493242785390092,261,10.857724606209173,1.0790318009337572,4,"TN"
572351,7.530934210526316,"SM",14883,8072,"14883_20251231",0.06670406920676453,2.466237433022203,76,9.208207008390326,1.0056612478381122,4,"IN"
881951,6.210922535211267,"NM",14885,14967,"14885_20251231",0.04570016460522251,2.7792442163904774,142,9.51517549908082,1.2395798539881118,7,"AK"
269294,8.160424242424241,"NM",14894,2820,"14894_20251231",0,2.2627613673019007,33,10.951744808716285,1.0180030851481734,4,"KY"
1308234,7.741029585798816,"SM",14899,21641,"14899_20251231",0.7638420453163185,3.365046588593138,169,9.130256367743673,0.948661057661946,4,"OK"
426343,6.559123076923077,"NM",148,6450,"148_20251231",0.021880401724175658,2.477151266635275,65,10.905169386502095,1.5779726403205525,4,"GA"
116939,4.497653846153846,"NM",14904,1941,"14904_20251231",1.293973888996077,2.8285345938977224,26,9.289948092031425,1.167168027503223,2,"IA"
104038,8.669833333333333,"NM",14907,1020,"14907_20251231",0,1.8558509246292791,12,14.120876934707358,2.128535156289017,8,"WI"
364718,7.443224489795918,"NM",14911,4037,"14911_20251231",0.2350565081002106,1.9011020062164454,49,11.604991925142585,1.274936422718282,5,"WI"
132795,7.811470588235295,"NM",14912,1582,"14912_20251231",1.935812531839022,2.150517771404733,17,14.113285366611825,1.613273174253515,2,"NE"
294501,7.011928571428572,"NM",14914,4424,"14914_20251231",0.3509386113589692,2.694374111819992,42,8.1817198259164,0.8868114711800869,4,"WI"
121183,15.147875,"SM",14920,782,"14920_20251231",1.5007814084439832,1.3794577865556314,8,14.734079632591135,0.9179417743254571,2,"OH"
377441,6.3973050847457635,"NM",14922,6356,"14922_20251231",0.10686044026501389,3.1424535316831115,59,10.696386473213536,1.6399243785781785,2,"NE"
820226,6.167112781954887,"NM",14929,14321,"14929_20251231",0.27407920170135364,3.271668842854216,133,9.389885513825433,0.8590807122669363,4,"MI"
380280,7.7608163265306125,"SM",14930,5962,"14930_20251231",1.5920373417319273,2.3431666862684475,49,9.605412691281021,1.84238997680249,2,"IA"
213553,6.47130303030303,"NM",14952,2963,"14952_20251231",0.12786555849849301,2.770961333551804,33,9.339047627930402,1.5231561424107363,4,"KS"
169620,10.60125,"NM",14960,1270,"14960_20251231",0,1.8232345138545647,16,9.101809587803238,0.8466818644905535,2,"WI"
390280,9.076279069767443,"N",14966,4047,"14966_20251231",0.24371727071165442,1.6853918044200125,43,9.175328401989542,1.4004384296247985,4,"OK"
1973005,7.253694852941177,"NM",14969,28564,"14969_20251231",0.03797453472377347,2.5866059591854476,272,8.839674953379522,1.095505617977528,4,"PA"
480857,4.7609603960396045,"NM",14974,10524,"14974_20251231",1.2342922753077756,3.5749667447373055,101,8.671863533325723,0.9128814057208622,4,"KS"
949056,11.573853658536585,"NM",1497,9311,"1497_20251231",0.8883930416098508,1.5942438108206254,82,12.431549939983846,1.2622416905517375,4,"TX"
135733,7.143842105263158,"NM",14982,2045,"14982_20251231",0,2.8870685162139287,19,7.91954516666788,0.9284204544245845,8,"IA"
329338,4.915492537313433,"NM",14991,4245,"14991_20251231",0.6227243769591981,2.5186447901129343,67,10.360906979752496,1.1613040698913275,2,"OH"
1045511,10.052990384615384,"NM",14995,8572,"14995_20251231",0.2703310756406006,1.3917912515529307,104,11.754832405961341,1.036597084637022,4,"WI"
65894,7.321555555555556,"NM",14999,708,"14999_20251231",0,2.054982190154352,9,17.97271879026644,1.757414876597951,8,"MI"
143757,5.1341785714285715,"NM",149,2281,"149_20251231",1.3571481399304786,2.7703762820320286,28,14.228763965242063,2.238326732772393,2,"GA"
360681000,7.283689089036532,"SM",14,4696000,"14_20251231",0.549368651917467,2.572487872793201,49519,6.1450947157916564,0.832988205437747,1,"MA"
278519,9.604103448275863,"NM",15010,3113,"15010_20251231",0,2.0281925148159146,29,9.237765234351912,1.4562249388385526,2,"NE"
12659342,9.35649815225425,"SM",15019,144184,"15019_20251231",0.41596942295425,1.9649346561762995,1353,11.076498445616586,0.9421796167891701,4,"NC"
1316947,6.9313,"SM",15032,20269,"15032_20251231",0.8143211404251786,2.72921488010809,190,9.553879423230894,1.1609627726949174,4,"MI"
168372,6.013285714285715,"SM",15035,2117,"15035_20251231",0.24455270830136566,2.940501869705615,28,8.890480453595941,0.7009785351094892,4,"AR"
195229,5.4230277777777784,"NM",15038,3345,"15038_20251231",0.28504073931321317,2.828270970293114,36,12.319337575281224,0.9257657390473366,4,"KS"
393998,7.725450980392156,"NM",15046,5979,"15046_20251231",0,2.527049086077708,51,12.681145433629549,1.2847889286582488,4,"WI"
328570,6.990851063829787,"NM",15050,3866,"15050_20251231",0,2.1111478487574438,47,10.731225596694065,1.0432224743184848,4,"AR"
480310,6.237792207792208,"N",15059,10092,"15059_20251231",1.0701403572556187,3.640875267643626,77,9.791763372375453,1.7618271372306606,4,"LA"
94552,8.595636363636364,"N",15078,922,"15078_20251231",0.004727908845917451,2.008198094557314,11,11.446615354253009,1.455329319915562,2,"TX"
814415,5.357993421052631,"NM",15085,15400,"15085_20251231",0.5755977972765294,3.4442935426385164,152,8.111444016656728,1.165346539097838,4,"SC"
3274376,8.802086021505376,"NM",15091,45441,"15091_20251231",0.38560272493146136,2.458878484795851,372,9.763564981167336,0.978664716722108,4,"WI"
109867,4.069148148148148,"NM",15092,1461,"15092_20251231",0,2.411368741435216,27,18.261215821608705,1.2380731676608354,8,"WI"
41842,5.23025,"NM",15098,525,"15098_20251231",0,2.0250395769140495,8,13.044616923003666,1.2085316340646115,2,"KS"
105586,6.599125,"NM",15101,1362,"15101_20251231",0.5979956073162178,2.6519411534853092,16,15.814164648910412,1.9696167280560297,8,"MO"
305926,8.997823529411765,"NM",15104,3958,"15104_20251231",0.8249943493537715,2.355301305133952,34,12.253926993691866,1.723034640770867,7,"SC"
77833,5.188866666666667,"NM",15105,808,"15105_20251231",0,2.8871046164763396,15,14.649256456426208,1.4100424458257224,5,"TX"
334966,6.203074074074074,"NM",15111,5415,"15111_20251231",0.23953013278855975,2.6191515412254516,54,11.797011223261867,1.6696035848327455,2,"KS"
152175,4.908870967741936,"NM",15113,2523,"15113_20251231",0.26019163018602753,3.619732283099228,31,11.233285635060284,1.0964957170481544,4,"SC"
2006088,3.288668852459016,"NM",15118,67157,"15118_20251231",4.70097882788129,5.620218185367542,610,12.549884613265174,0.5119775158463372,4,"OK"
1064931,11.329053191489361,"NM",15136,11092,"15136_20251231",0.11800760255039461,1.7262027717873192,94,11.801490231327262,1.5952917997644396,4,"WI"
658270,7.930963855421687,"NM",1513,8629,"1513_20251231",1.6828326601879124,1.925127310413731,83,12.184402241688488,2.588707212144258,4,"WI"
218199,3.6982881355932204,"NM",15146,7327,"15146_20251231",1.4016766179962992,5.744654577724198,59,8.92003904273749,-0.16639039582077558,8,"WI"
103232,5.1616,"NM",15152,1583,"15152_20251231",0.33267059114004655,2.5776365482877908,20,8.70908931374365,1.3200593481227585,2,"WI"
235080,6.716571428571429,"NM",15164,3140,"15164_20251231",2.073838869949182,2.3030742603952006,35,14.587858257073757,0.8327160292249811,2,"KS"
182282,5.208057142857143,"NM",15165,2962,"15165_20251231",3.335667927347434,2.6654426814691092,35,11.4886300937968,0.7092155032666896,4,"MI"
338600,7.695454545454546,"NM",15194,4438,"15194_20251231",1.1775112229141742,2.3001854027427813,44,12.248344597306755,1.1815663369048488,2,"KS"
770875,6.762061403508772,"NM",15200,10738,"15200_20251231",0.5169019277728693,2.381205146428584,114,10.583177447409012,1.7643609091206234,2,"IA"
494904,7.613907692307692,"NM",15205,8964,"15205_20251231",0.1420560388238433,2.867113446671647,65,11.026214226965013,0.21635748715310146,4,"TN"
762558,6.052047619047619,"NM",15206,12759,"15206_20251231",0.8856978466585871,2.8146034268925577,126,11.371674611717669,1.5222393351570103,4,"TX"
98177,4.268565217391305,"N",15214,1259,"15214_20251231",0.19320004830001208,2.8319782916293534,23,18.790527348689466,0.8466846323103165,2,"OH"
188769,7.260346153846154,"NM",15216,2494,"15216_20251231",4.702168390825755,2.4251510207681117,26,10.448151303993267,1.0587854456524195,4,"GA"
188095,4.002021276595745,"NM",15228,4630,"15228_20251231",0,4.212901599109883,47,8.384493076872115,1.0993446726023182,4,"WI"
4082035,11.466390449438203,"NM",15229,61592,"15229_20251231",1.2928312633214332,2.478190801490273,356,10.10701693667457,1.3569018942862483,4,"WI"
94077,5.2265,"NM",15237,1343,"15237_20251231",0.12609617699317932,2.7567066310386052,18,16.064764056391688,-0.16151290345264047,2,"KS"
330950,6.754081632653061,"NM",15242,4202,"15242_20251231",0.875681605523828,2.2287124462429095,49,9.941885877160042,1.871813630232505,8,"WI"
650577,8.67436,"SM",15243,7148,"15243_20251231",0.07662025416787761,1.8803896445852257,75,12.513549893387651,0.8843258600171606,4,"WV"
219799,4.226903846153847,"NM",15249,3680,"15249_20251231",2.1184327743569344,2.9701793988356897,52,9.610829563004126,1.1154673742294037,4,"KY"
85117,3.2737307692307693,"NM",15254,1604,"15254_20251231",0,3.1090170037718345,26,8.290786453698065,1.938405575967677,2,"KS"
148239,8.2355,"NM",15255,1301,"15255_20251231",1.6972704714640199,1.9642906459719958,18,8.347314873226582,0.988014029661134,4,"TN"
82121,7.465545454545454,"NM",15258,858,"15258_20251231",0.3680083235390455,2.481862310141448,11,13.420340440599945,0.9551646745654783,2,"KS"
138859,8.168176470588236,"NM",15259,1571,"15259_20251231",0.005243632264069321,2.1060559154124596,17,8.16584639623037,0.6697704324633263,2,"KS"
139279,6.632333333333333,"NM",15261,1893,"15261_20251231",0.31962307398446455,2.215163235378815,21,14.069826456485346,0.8801581921905157,2,"KS"
818751,6.446858267716535,"NM",15264,10534,"15264_20251231",0.20179826045573032,2.3708444707529046,127,8.900222032875792,1.0748187953397028,4,"MO"
509675,11.079891304347827,"NM",15270,6703,"15270_20251231",0.29237614346526586,2.4283058851840797,46,10.212066546402085,0.6564261897350017,4,"AL"
564430,6.004574468085107,"NM",15271,9101,"15271_20251231",0.07824971047607124,2.9227333738165493,94,9.815195223325748,0.6537002995782977,4,"WI"
648460,10.459032258064516,"NM",15272,8333,"15272_20251231",0.17022886324947986,2.0397895630226874,62,9.365644592327921,1.4176143681238753,2,"IA"
932050,6.213666666666668,"SM",1527,12016,"1527_20251231",0.32595861589194314,2.376671510809197,150,10.011775694204706,1.3740466614845606,2,"AR"
327173,6.677,"NM",15282,4057,"15282_20251231",1.906005489678652,2.3947915691115393,49,8.527715725492234,1.1112151699136334,4,"MO"
494312,10.088000000000001,"NM",15286,4965,"15286_20251231",0.35290391663022,1.5292240206500205,49,9.906467265660064,0.9414588473853825,2,"MN"
2779153,5.354822736030829,"SM",1528,40930,"1528_20251231",1.3884823382687528,2.8723877368659676,519,12.773293200164183,0.8146703021491314,4,"AR"
468720,6.696000000000001,"NM",15305,6363,"15305_20251231",0.7950129533678756,2.278717914472817,70,16.82866234631202,1.8330236602961463,2,"KS"
330031,5.7900175438596495,"NM",15306,5749,"15306_20251231",0.8142065322520646,2.5331163152509704,57,10.766636555254442,1.367820875851288,2,"ND"
2878211,5.085178445229682,"NM",15310,42701,"15310_20251231",0.9700529552562043,2.764342535241415,566,10.961133593613795,0.8480603137604967,4,"AL"
202257,6.974379310344828,"NM",15311,2455,"15311_20251231",0.33546598636039493,2.810129802454901,29,8.77967769062743,1.205293855770947,8,"IA"
626692,5.1792727272727275,"NM",15321,11283,"15321_20251231",0.15895736941773753,2.8542031496479514,121,12.319774423679457,1.3916730149639136,2,"IA"
494067,8.099459016393443,"NM",15323,8254,"15323_20251231",0.002735154946527721,2.595377420133366,61,10.996848062901437,1.4272914237481187,4,"KS"
1286708,7.942641975308643,"NM",15324,15317,"15324_20251231",0.30919354381187414,2.167648624044917,162,8.912265708458774,1.6345845081564385,4,"MN"
51648,5.738666666666667,"NM",15326,518,"15326_20251231",0.807594219325588,1.6658761920814047,9,11.164657226973224,0.19598543436251817,7,"OH"
472271,7.155621212121212,"SM",15334,5585,"15334_20251231",0.056028409699506454,2.0686417239053996,66,12.035511824131918,1.4224870435550858,2,"IA"
283839,6.039127659574468,"NM",15336,4944,"15336_20251231",0.1260695682543198,3.0170463634447535,47,15.913348104061722,3.0980593275786665,4,"GA"
650179,7.224211111111111,"SM",15345,9462,"15345_20251231",1.147735756427872,2.7520157161891925,90,9.678968965403714,0.662248922416872,4,"TX"
61415,7.676875,"NM",15346,803,"15346_20251231",3.5435571687840293,2.8559360582234063,8,12.684018171260716,0.3444018454740399,7,"TX"
166906,5.960928571428572,"NM",15347,2480,"15347_20251231",1.0309387134897856,3.1374859922653884,28,8.695079251534205,0.8962484543720775,8,"MO"
54844,4.985818181818182,"SM",15348,710,"15348_20251231",0.48212325170652537,2.6003063326349887,11,16.4900389119013,1.9154592348726254,7,"OK"
146656,10.475428571428571,"NM",15355,1952,"15355_20251231",0.30762144466926583,2.1848520696662157,14,13.730726890181543,1.570716189980246,4,"TX"
5198701,8.678966611018364,"NM",15359,67987,"15359_20251231",0.12838947783903093,2.112380229709854,599,9.567582322620556,1.186648066663498,4,"NC"
88585,6.81423076923077,"SM",15362,1473,"15362_20251231",1.3280175587258811,2.980063660654802,13,14.65442883998673,1.6643464515035233,4,"MT"
79574,7.9574,"NM",15364,1079,"15364_20251231",0,2.142549385698058,10,11.90841481173289,1.4453395307542662,2,"NE"
180931,4.523275,"NM",15367,2922,"15367_20251231",0.04107338444687842,3.486436217726353,40,9.497737092798076,1.7070494841586903,8,"TX"
4778288,11.541758454106281,"NM",1536,62315,"1536_20251231",0.08008836443202044,2.020139642222944,414,18.11807634710929,2.343032053452362,4,"CA"
4055412,5.421673796791445,"SM",15399,64649,"15399_20251231",1.15858549875942,2.7180497680430533,748,10.441328702311408,1.3225430405726368,9,"OK"
210084,7.780888888888889,"NM",15405,2402,"15405_20251231",0.7057467040868689,1.9693377257147533,27,14.811284510302636,1.521025464326813,2,"IA"
143002,5.72008,"NM",15415,1941,"15415_20251231",0.10847873919050299,2.1531161617882577,25,10.305758295998709,1.2082438863711225,2,"MO"
973766,9.363134615384617,"NM",15423,11245,"15423_20251231",1.8671215614452366,2.230250714272219,104,9.660582736750303,0.4201663031453169,4,"MO"
199649,8.318708333333333,"NM",15427,1859,"15427_20251231",0.25142252216488026,1.7231266336001976,24,15.6787680660702,1.586264380826936,2,"IA"
44161,3.6800833333333336,"NM",15442,740,"15442_20251231",2.2866500879480802,3.3823223319245974,12,14.034507833674887,0.3800870580356739,7,"TX"
531361,7.084813333333333,"NM",15443,9200,"15443_20251231",0.05877446700581891,2.589623778869119,75,11.247008115040957,1.8447828040621217,4,"MN"
647512,8.633493333333334,"NM",15444,8554,"15444_20251231",1.3497721754299705,2.0633909545427342,75,12.508754182553886,2.4965604928701706,2,"ND"
1108870,9.642347826086958,"N",1545,11943,"1545_20251231",1.4337117678086309,1.9264080413993037,115,9.92765184859155,0.9148536261695983,4,"IA"
134716,7.090315789473685,"NM",15460,2443,"15460_20251231",0.17370886394402982,3.037112255020242,19,10.260593533146317,0.45661411834097426,4,"TX"
491391,5.283774193548387,"NM",15463,8567,"15463_20251231",0.29414535032361366,3.099578925930928,93,11.914454657652845,2.354614836310278,4,"TX"
841773,5.3276772151898735,"NM",15465,12321,"15465_20251231",0.5213375191119394,2.4798636762947046,158,10.378790819157121,1.1877755551086697,4,"FL"
47993,7.998833333333334,"NM",15469,490,"15469_20251231",0.41142303969022265,1.9947445352744964,6,20.61193311428751,0.6517275986857174,2,"KS"
74175,7.4174999999999995,"NM",15471,937,"15471_20251231",0.03654436485893875,2.171561490976227,10,11.22451691784281,1.0207152326498743,2,"ND"
723672,7.698638297872341,"NM",15472,10324,"15472_20251231",0.031760350303508676,2.18139074384114,94,10.202619356035168,1.337110456578945,2,"ND"
504882,10.742170212765958,"NM",15477,5402,"15477_20251231",0.18523068781068666,2.008782335809972,47,10.31088790466077,1.4995279832095425,4,"GA"
722777,9.510223684210526,"NM",15478,9837,"15478_20251231",0.18809314014397782,2.2252165331922944,76,10.691719439606038,1.3364333334395375,2,"ND"
200454,7.709769230769231,"NM",1547,2589,"1547_20251231",0.013702528643555069,2.1485887937712276,26,13.842763677492956,1.4812203309035294,2,"IA"
289717,5.267581818181818,"NM",15480,4943,"15480_20251231",0.08195862629947559,3.3858472513794187,55,8.241879623163207,2.0892550826413014,4,"TX"
719374,7.052686274509804,"NM",15489,9344,"15489_20251231",0.5206729501647355,2.5775708066420786,102,8.627765309394036,1.5830014028632902,4,"MO"
668744,6.308905660377358,"NM",15496,11190,"15496_20251231",3.9540285595401943,2.5234894153805745,106,18.49939590165398,1.817617197077355,2,"GA"
107633,4.892409090909091,"NM",15501,1750,"15501_20251231",0.39151415824455976,3.625882543492185,22,15.457483462576011,0.4776225990031584,8,"TX"
441491,10.267232558139535,"SM",1550,4159,"1550_20251231",0,1.6704639789912978,43,9.720465614695103,1.083968096391206,4,"IA"
467314,3.994136752136752,"SM",15510,10767,"15510_20251231",4.933123595237313,3.9635437995360054,117,9.30038534680123,1.1739165429141787,4,"OK"
1822291,6.485021352313167,"SM",15511,30104,"15511_20251231",0.8876682670622551,3.302613260694388,281,9.380098009269712,1.1765736735352048,4,"TX"
273768,11.407000000000002,"NM",15519,2971,"15519_20251231",1.002284547708161,1.8162064920666905,24,10.096373827499427,2.608043408139639,2,"TX"
222278,13.075176470588234,"NM",15523,1987,"15523_20251231",0,1.6132166623078488,17,13.804561377291567,1.9378577863016881,7,"TX"
1646450,5.901254480286738,"SM",1552,26348,"1552_20251231",0.7595441252126195,2.950112806340069,279,10.168146008319907,1.1880374998843044,4,"IA"
111532,3.8459310344827586,"NM",15532,2113,"15532_20251231",0.35900002175757706,3.822401150461535,29,17.199388481897472,1.7346346591137212,4,"IN"
409722,9.528418604651163,"NM",15539,6238,"15539_20251231",0,2.330707881309754,43,9.650468798262308,1.4489522960321,2,"ND"
529831,6.383506024096386,"NM",1553,7973,"1553_20251231",0.44967287975881426,2.1959590331001104,83,9.67098703888335,1.231048190042552,2,"IA"
1431193,14.170227722772276,"NM",15545,16267,"15545_20251231",0.5440411725080827,1.919953642160327,101,9.4951083842543,1.225808260581673,4,"NE"
136565,5.937608695652174,"NM",15546,1805,"15546_20251231",0.8372709939484373,2.636079390772763,23,8.478294138652247,1.1996263894196788,2,"MO"
81804,5.11275,"SM",15547,1303,"15547_20251231",1.7860656275277091,3.2296873433494224,16,16.66528145518445,1.2615593207392237,2,"AR"
2260937,7.200436305732484,"SM",15555,37518,"15555_20251231",0.06344031251626837,2.874885181393277,314,9.847361538984808,0.7909902086870287,4,"IA"
1014794,8.118352,"NM",15562,14124,"15562_20251231",0.03296101661458702,2.326330157492098,125,10.912318202112234,1.3779476433488107,4,"SD"
1041146,6.548088050314465,"NM",15565,12400,"15565_20251231",0.8166602853487909,2.03940585528271,159,10.709323727717031,1.5125126750782905,4,"IL"
352471,5.9740847457627115,"NM",15566,5540,"15566_20251231",0.5085293211847155,3.2918929935402694,59,8.433865481285482,0.9587693725465871,2,"IN"
121993,5.8091904761904765,"NM",1556,1864,"1556_20251231",1.9811263686407357,3.1593726029204023,21,10.943513185422423,0.3115118825730361,4,"IA"
1501598,8.07310752688172,"N",15572,18218,"15572_20251231",0.18322218183542202,2.115137583478812,186,10.931968004977183,1.2905795366383304,4,"TN"
90127,6.437642857142857,"NM",15578,1706,"15578_20251231",2.153785441078259,2.952096901819952,14,11.26427771556551,1.3120430674755343,2,"MN"
221411,6.91909375,"NM",15580,2038,"15580_20251231",0.03821811844559269,1.9079488344727158,32,8.439580707112581,0.3240923850788937,7,"GA"
927265,4.50128640776699,"NM",15584,19510,"15584_20251231",0.23048436638815206,3.3498921322939896,206,10.301182795698924,1.4147920172108013,4,"MO"
153282,4.7900625,"NM",15585,2479,"15585_20251231",1.0540759683153496,3.058949966166461,32,10.225097967738996,1.2830208706497366,2,"MI"
243257,4.86514,"NM",15590,3226,"15590_20251231",1.306894224499834,2.7115420051446173,50,12.319193046806474,2.259549478308077,4,"KY"
75071,10.724428571428572,"NM",15593,793,"15593_20251231",0,1.8068534035775123,7,15.439158901355645,1.714930813888354,2,"SD"
72151,5.550076923076923,"NM",15597,1123,"15597_20251231",0.008102086287218958,3.2411923175178248,13,13.181531221303949,0.9797603288511113,2,"MN"
206010,6.4378125,"NM",15598,2429,"15598_20251231",0.630698178473093,2.2549239311770126,32,11.332666025787141,1.0527626304125892,2,"ND"
250135,5.002700000000001,"NM",155,3532,"155_20251231",0.3687080502620198,2.710572308283307,50,10.056040102686199,0.7318710814057554,8,"GA"
112266,7.4844,"NM",15606,1758,"15606_20251231",1.8812597585589703,2.4908779036944715,15,10.079946881533257,1.5069721133502758,2,"MO"
267560,9.226206896551725,"NM",15610,3340,"15610_20251231",0,2.0403963145389565,29,10.331633139661308,1.2386749173320801,2,"IA"
4141577,21.683649214659688,"NM",15614,29383,"15614_20251231",0,1.318199191538193,191,10.349519854998471,0.936852555002643,4,"IA"
97521,8.12675,"NM",15621,1123,"15621_20251231",0.6027164685908319,2.599989516171306,12,8.835191684525473,0.7537872831157939,2,"MN"
241503,6.192384615384616,"NM",15629,4190,"15629_20251231",0.10093413552881572,3.3249975321641276,39,7.992649052511072,1.2766937580204667,2,"SD"
186000,6,"NM",1562,2177,"1562_20251231",0.7246468453201472,2.4475593213674878,31,9.311945923758042,1.146235389457911,4,"KY"
889642,7.943232142857143,"NM",15632,11797,"15632_20251231",0.5934829286093635,2.67695148418568,112,13.466312516488053,1.7651106116991395,4,"IN"
196359,10.334684210526316,"NM",15651,1753,"15651_20251231",1.3139162684415266,1.5859996478948486,19,11.090643591688467,1.226770982057902,2,"IA"
1248145,12.48145,"NM",15657,12000,"15657_20251231",0.020840111193571056,1.965602476978885,100,13.409129765771926,0.9409386454267693,4,"TX"
949765,5.276472222222222,"NM",15663,14031,"15663_20251231",1.2716490719616451,2.378364961770689,180,10.767728629103036,0.3924911913408048,4,"MS"
422265,5.087530120481928,"NM",15664,3462,"15664_20251231",0.2807555737245217,3.1850837658582445,83,11.165400897324103,2.0312829607242517,4,"WV"
456080,5.561951219512195,"NM",15669,6348,"15669_20251231",1.8771673261370363,2.5942245840255547,82,9.5721235279991,1.3259930392814838,4,"TX"
137404,4.432387096774193,"NM",1566,2421,"1566_20251231",0.5651588862436601,3.1713817417401056,31,11.401919812868167,2.0113416057134814,4,"KY"
441857,7.751877192982457,"NM",15671,6091,"15671_20251231",0,2.4360117056698627,57,11.462710175123775,1.2971491455350934,4,"SC"
376087,8.547431818181819,"NM",15675,3974,"15675_20251231",0.20153083019645487,1.9658013854432672,44,12.998805704768076,0.995083676090601,4,"KY"
388565,17.662045454545453,"NM",15687,1620,"15687_20251231",2.0764207468959484,0.942535465729837,22,11.17508059135979,2.98651761008201,8,"IN"
636139,6.767436170212766,"SM",15690,9763,"15690_20251231",0.10083901372404483,2.51818835054628,94,8.22980826112677,1.787684538562402,4,"IA"
569937,5.4279714285714284,"NM",15699,10410,"15699_20251231",1.8643503152491765,3.053202697232839,105,9.746604994730012,1.6098317110526363,4,"GA"
240230,5.004791666666667,"NM",15701,3532,"15701_20251231",0.676402078480559,2.940890277425431,48,11.006180557402924,0.7793142035009192,2,"MO"
421882,5.022404761904762,"NM",15703,7031,"15703_20251231",0.3907586480110925,3.2511886027459878,84,12.686416743537512,1.4894138765948228,4,"KY"
439395,7.8463392857142855,"SM",15708,4551,"15708_20251231",0.4114537567820132,2.067311301597101,56,8.802151324892883,1.1258651489130937,8,"KY"
1396548,8.263597633136095,"N",15728,17255,"15728_20251231",0.08722610613848862,2.0490117914915404,169,8.509323109194126,1.692487078160475,2,"ND"
415315,6.592301587301587,"NM",15729,6765,"15729_20251231",1.3731802753690192,2.6788344830325093,63,12.971833866908955,1.1745587842773981,4,"AR"
164016,5.4672,"NM",15731,3278,"15731_20251231",1.8904716264005024,3.723577830223807,30,12.612299813376154,1.1827437217092711,4,"TX"
532836,7.299123287671233,"NM",15734,8558,"15734_20251231",0.0714455822814956,2.4849620809762603,73,9.563765760224927,0.732982757342951,2,"SD"
138281,17.285125,"NM",15741,1276,"15741_20251231",0,1.3798794261357443,8,13.156846000569313,1.7124303678344586,2,"ND"
61088,8.726857142857144,"NM",15749,523,"15749_20251231",0,1.6646089089199616,7,18.971726554224723,2.2200362031525516,2,"SD"
95839,5.044157894736842,"NM",15751,1675,"15751_20251231",0.18386910172713,3.8369016117392354,19,12.947312027814526,0.012027904738994467,8,"MO"
1592935,5.550296167247387,"NM",15752,32033,"15752_20251231",0.426486450656527,2.9837706132624033,287,10.45380700214538,0.9637726979258623,4,"IL"
345712,7.05534693877551,"N",15760,4035,"15760_20251231",0.5069237843976286,2.098167040352289,49,16.7150180261379,1.249745214348146,2,"IL"
34760,3.1599999999999997,"NM",15762,701,"15762_20251231",1.137737961926092,3.6129411034147942,11,12.945269942674614,1.3548529137805478,2,"OK"
177505,4.034204545454545,"N",15763,3270,"15763_20251231",1.2227837672189457,2.962085308056872,44,10.794096423578225,0.997637057396638,2,"IL"
651699,7.161527472527474,"NM",15771,7476,"15771_20251231",0.028087113262055857,1.9126439610702601,91,14.182737501127264,2.8084431677946124,4,"GA"
258421,6.800552631578947,"NM",15772,3254,"15772_20251231",0.29295415367139316,2.2811952877397514,38,8.947985203173976,1.2570087585872471,2,"IA"
62793,7.849125,"SM",15778,736,"15778_20251231",0.28421707078781416,2.1632732633105434,8,16.42086844736466,-0.017100974413522083,2,"OK"
954125,15.389112903225806,"SM",15779,9851,"15779_20251231",2.7404526404926246,1.9424466958573445,62,9.430956833097142,1.2073699252749313,4,"WI"
90011,6.923923076923076,"SM",15784,1498,"15784_20251231",0.7433256363023116,2.9838510227074955,13,8.723312127369017,0.9892737082192157,5,"KS"
80169,6.166846153846153,"NM",15792,883,"15792_20251231",0.7968701739936168,2.0510025169681834,13,10.740305804534342,1.2132690945445592,2,"MO"
5888744,9.897048739495798,"N",15797,86780,"15797_20251231",0.2431155876020442,2.502677581384293,595,9.915658382225388,1.3503660997539366,4,"TX"
551388,4.836736842105264,"NM",15799,9851,"15799_20251231",0.0002645320692227519,3.372675344466504,114,8.61603899879895,0.5599815884279861,4,"WI"
522946,4.05384496124031,"SM",15801,10800,"15801_20251231",1.5770885359342266,3.5273795050984784,129,14.37998737658356,1.6183322518210457,4,"MS"
466961,5.429779069767442,"NM",15808,9423,"15808_20251231",0.018190982578344395,3.112498953074421,86,15.455670660222353,1.7661742446809705,4,"IA"
2143301,6.594772307692307,"NM",15809,32540,"15809_20251231",2.5082186366438557,2.78001111647641,325,12.144433927797989,2.1766132171891486,4,"TX"
3943327,7.583321153846154,"NM",15815,66522,"15815_20251231",0.18657074012212152,3.47800917686039,520,12.037086890897816,1.1594940143292096,4,"KY"
83557,4.642055555555555,"NM",15817,1279,"15817_20251231",3.0366125862011524,3.738872558081406,18,16.34060622053761,0.2981204094013377,6,"MS"
120360,6.018,"NM",15820,1477,"15820_20251231",12.113500324068779,2.7345428245828516,20,13.42086250280276,0.555700240361089,2,"MN"
265286,5.767086956521739,"NM",15826,5331,"15826_20251231",0.4680670437206741,3.821775256035445,46,14.151959629811236,0.4262448079754773,4,"GA"
113143,8.703307692307693,"NM",15839,1475,"15839_20251231",2.528167078867821,1.9289231355159893,13,25.009110945282266,2.0343380622696174,2,"IA"
63317,7.035222222222222,"NM",15847,788,"15847_20251231",0,2.11601677066315,9,12.29317081799032,0.7250228004907847,2,"SD"
26576,5.3152,"NM",15853,370,"15853_20251231",3.360561765548868,2.6079171694367678,5,9.460698189595904,0.7434510139737651,2,"KS"
555786,7.035265822784811,"NM",15871,6656,"15871_20251231",0.05395257437121125,1.9354150446871714,79,10.409245811007278,0.8698864032845974,8,"MS"
211080,17.59,"NM",15873,1593,"15873_20251231",0.27851673305016245,1.505051805200689,12,10.868434737389496,1.062151038283045,2,"IL"
610154,5.001262295081967,"SM",15883,8555,"15883_20251231",4.302865933926504,2.525496380486585,122,11.794531347247002,0.6252518375456781,2,"IN"
706722,5.313699248120301,"SM",15898,9843,"15898_20251231",2.4800221698263214,2.4950344663099737,133,15.650777377180939,0.9507406505034575,7,"TX"
246634,11.744476190476192,"SM",15899,2803,"15899_20251231",0,1.8092912330205448,21,14.5355678219792,1.8803238761941854,4,"KS"
91656,7.050461538461539,"NM",15904,1151,"15904_20251231",1.3032712107389548,2.7895472392910223,13,13.831674011207227,1.8279021273763838,8,"GA"
202261,8.09044,"SM",15908,2425,"15908_20251231",0.010081153283935681,2.181338427170007,25,10.145382594957212,0.7709554181370804,2,"KS"
1680205,8.937260638297872,"SI",15912,20617,"15912_20251231",1.4533372930432846,2.2619825211099864,188,13.611989500909313,0.9833263574188247,4,"CT"
201699,6.955137931034483,"SM",15913,2795,"15913_20251231",0,2.658529609973469,29,13.134540806692907,1.2503451190029697,4,"IL"
27533,3.9332857142857143,"NM",15930,489,"15930_20251231",0.5366126327557295,4.826165455302995,7,13.8714354760754,-1.9289230436862492,2,"IA"
1103926,5.603685279187817,"NM",15932,17769,"15932_20251231",0.059386110018739266,3.144841664346973,197,9.718319879297107,1.1289806414473373,9,"SC"
147817,14.7817,"NM",15939,823,"15939_20251231",0.12053033346725592,1.1810560167236497,10,10.41160925028075,1.6331689168823744,2,"TX"
318796,6.250901960784313,"N",15945,6489,"15945_20251231",2.4773503291843,3.1705272796869735,51,8.282753425244834,0.8229536124654673,4,"IL"
375883,12.125258064516128,"NM",15947,3397,"15947_20251231",3.3843704293410846,1.6186923972390441,31,10.856434545896546,1.670442616905108,2,"IA"
2913249,5.982030800821356,"NM",15953,46361,"15953_20251231",2.3177044707964862,2.868684777598195,487,10.180631237198986,1.1020044269001545,4,"MS"
489503,6.894408450704225,"SI",15966,6651,"15966_20251231",0.8040619791345145,3.216118600733985,71,31.35835409132125,1.8632095555172479,5,"NY"
512006,7.877015384615384,"SI",15969,5947,"15969_20251231",0.46167312863561527,2.4407576745215724,65,9.576889172272999,0.12952292517341468,5,"NY"
125335,0.9868897637795276,"N",1596,26935,"1596_20251231",0,82.67926176875459,127,93.77964982113598,5.835126157092576,7,"MI"
1383907,5.718623966942149,"SI",15970,25000,"15970_20251231",1.346043017733057,3.404177373626686,242,9.528308883304476,0.4359288398065307,4,"NY"
968287,7.391503816793893,"SB",15987,15504,"15987_20251231",0.5062455364963012,2.860653844324721,131,10.16308240742283,1.0142009361985447,4,"NY"
941392,7.65359349593496,"SI",15990,16111,"15990_20251231",2.1300281133522128,2.748806459114354,123,16.976811812728194,1.3494492814230978,4,"NY"
93676,8.516,"NM",1600,1129,"1600_20251231",1.8191261087648805,2.531613709726473,11,10.771950500883912,0.16884416208200584,2,"MN"
7481657,14.499335271317829,"SI",16026,60320,"16026_20251231",1.5752997063004013,1.5193379434785006,516,13.10601947822516,0.500799101649669,4,"NY"
365975,5.154577464788733,"SI",16030,6100,"16030_20251231",0.6928234978869852,3.8679317096567223,71,14.327366289243873,1.1289575758061385,5,"NY"
1301581,8.084354037267081,"SI",16032,21259,"16032_20251231",0.39491004826678366,2.953460103338696,161,10.618624979398497,0.8874983230069083,4,"NY"
287967,6.856357142857142,"SI",16039,3445,"16039_20251231",1.2908998529696092,2.7396039902607443,42,10.813010708358439,0.27076869549114,4,"NY"
347125,5.883474576271187,"SB",16040,4591,"16040_20251231",1.5182306345862877,2.9616610140057937,59,9.169803369986731,-1.1361453676685338,6,"NY"
261551,5.337775510204081,"NM",1604,4808,"1604_20251231",0.46746752187856716,3.2771746564105726,49,9.620427454226196,1.5425253931621297,4,"MN"
19225517,14.85743199381762,"SI",16068,214669,"16068_20251231",0.5363455715821194,1.9267625017336876,1294,7.796389289123019,0.3429193673085112,4,"NY"
541188,7.413534246575343,"NM",16075,7736,"16075_20251231",0.43925814180495165,2.410735371418559,73,11.082406807730678,2.0073590468282205,4,"LA"
193601,10.189526315789474,"NM",16079,2006,"16079_20251231",0.2662971703219381,1.8643389209065144,19,13.88686034820342,1.7437021272112354,2,"NE"
717628,7.553978947368422,"NM",1607,11782,"1607_20251231",0.030429769008309845,2.7544929351708625,95,8.958716477725016,0.9905368709840734,4,"MN"
52892,5.876888888888889,"NM",16094,980,"16094_20251231",0,2.90319671083785,9,9.136287156477845,0.6971430289455289,2,"IA"
243574,9.02125925925926,"NM",1609,2679,"1609_20251231",0.82993723413749,1.8371608601919283,27,15.66655114064953,0.8316437408185317,7,"MN"
424869,6.341328358208956,"NM",160,6111,"160_20251231",0.21642063899486277,2.7446202270578306,67,12.334360844313291,1.2235465716532596,4,"GA"
644286,7.857146341463415,"SI",16101,10231,"16101_20251231",0.3325404433083632,2.906562553371641,82,9.553149163259233,0.5622205999514995,4,"CT"
316165,6.873152173913044,"NM",1610,6385,"1610_20251231",0.7518585583660432,3.421489307010824,46,8.96354885647129,0.7237459947419456,4,"MN"
57936,7.242,"SM",16110,694,"16110_20251231",0.06641760066417601,2.6324946932526014,8,11.24740813019463,0.9499947802484601,2,"NE"
765504,7.504941176470588,"NM",16111,12664,"16111_20251231",1.1073946680186901,2.9855939385904686,102,8.429167563355012,0.013283062315874833,4,"MN"
170668,3.9690232558139535,"NM",16114,2943,"16114_20251231",0.4468029186117821,2.6594394156791195,43,9.961125596035046,2.014655258946971,4,"LA"
478812,7.9802,"NM",16116,7495,"16116_20251231",0.6437262634705682,2.5260978934839176,60,9.392333344676217,1.2601294773847092,2,"NE"
205179,8.549125,"NM",1611,2802,"1611_20251231",0.40334290600496914,2.271564229043702,24,9.316676773802305,0.31887509715349865,2,"MO"
123410,5.609545454545454,"NM",16120,1800,"16120_20251231",0,2.4220284821234004,22,10.835414749572763,1.2509377874703276,2,"KS"
705038,8.92453164556962,"NM",16125,9314,"16125_20251231",0,2.4338678303694365,79,10.726514439124536,1.1566117599061656,2,"CO"
240709,6.334447368421053,"NM",16126,2313,"16126_20251231",0.18528530900122106,1.857669396581332,38,8.604258698565543,1.0659970419886322,4,"MO"
475264,5.340044943820224,"SM",16127,9543,"16127_20251231",3.3774712121104487,3.1175239520716063,89,10.716311776721685,0.7368886366411493,4,"OK"
74786,3.936105263157895,"NM",1612,1457,"1612_20251231",2.847520519490996,3.341183756957404,19,8.594054613657448,0.890982335188641,4,"MO"
5099945,8.159912,"N",16130,72768,"16130_20251231",0.39130116466913967,2.1645885532634517,625,11.27122366701077,1.541188322006692,4,"AK"
73971,6.16425,"SM",16151,1382,"16151_20251231",1.6143623972175871,3.270787850526718,12,8.510981044944424,1.1843192946014116,2,"IA"
256941,5.839568181818183,"NM",16152,5545,"16152_20251231",0.002982136999373751,3.5421410377076037,44,11.137184522155724,1.2133406827258058,4,"GA"
86410,9.601111111111111,"SM",16154,1443,"16154_20251231",0,2.3532353041122755,9,14.19445385471616,2.142063079813392,2,"NE"
1601754,5.133826923076923,"NM",16160,35651,"16160_20251231",0.514412394431707,3.45313790707212,312,11.918437516727174,1.700411267373198,4,"WI"
237700,8.489285714285716,"NM",16161,2793,"16161_20251231",0.9980780427983285,2.302956750744205,28,13.802079802595008,2.1008442767937363,2,"SD"
239156,4.9824166666666665,"NM",16162,3867,"16162_20251231",1.1291801978234464,2.81845462250147,48,7.982870943518764,1.3108699424935846,2,"MO"
101222,4.400956521739131,"SM",16167,1773,"16167_20251231",0.19899251342851576,3.852729170605012,23,9.09109416830383,0.4972589116194202,8,"OH"
431038,6.631353846153846,"SM",1616,5594,"1616_20251231",2.3028613379065597,2.5060716624658688,65,8.928731792302028,1.377692323846091,2,"MO"
1001455,6.338322784810127,"NM",16175,11111,"16175_20251231",0.45417246115175647,2.247988248074757,158,11.441164256475195,1.1065259452364276,4,"AL"
139859,6.080826086956522,"NM",16176,1885,"16176_20251231",0.5727193903162506,2.624910153834347,23,13.208798733256302,1.39104741073313,8,"TX"
128685,6.127857142857143,"NM",16177,1679,"16177_20251231",0,2.668831547630622,21,11.917521809137007,1.1464470673640954,2,"IA"
3035331,5.803692160611855,"NM",1617,66248,"1617_20251231",0.3532828511098904,3.5822683638123562,523,10.580529693513476,1.652929282935137,4,"MO"
118099,5.6237619047619045,"NM",16185,1493,"16185_20251231",0.07356186552890981,2.447574135511786,21,15.278770253427504,1.8055050301001323,5,"AL"
7583294,8.588101925254813,"NM",16191,89632,"16191_20251231",0.6570763174141802,2.083750075314816,883,9.641842740716347,1.8710823004866224,4,"MT"
86811,7.23425,"N",16198,795,"16198_20251231",0.16054337758567458,1.7340824901175944,12,15.31892485919685,1.3922382716356314,2,"IL"
274561,9.467620689655172,"NM",16201,2807,"16201_20251231",0.4365265831749988,1.8408749824550037,29,11.996239649998191,1.6492296397067556,2,"IN"
1953484,6.927248226950355,"SM",16216,28488,"16216_20251231",0.46737328970699926,2.7830503867090335,282,9.755674101747635,1.0171356357921486,4,"AR"
771540,10.2872,"NM",16221,8974,"16221_20251231",0.38050419347753583,2.1920411436557683,75,10.139003078335023,1.0626880553388283,4,"SD"
104986,3.7495000000000003,"NM",16222,1928,"16222_20251231",2.370143045551385,3.64606091269385,28,12.265601275432736,0.6793842804467647,5,"OH"
170005,6.538653846153846,"NM",16228,2214,"16228_20251231",0.1959166838523407,3.915584685713229,26,13.905494398678039,1.000707197234073,4,"GA"
58890,6.543333333333333,"NM",1622,866,"1622_20251231",0.9321251981357496,2.841229049135345,9,7.922115270752626,1.0033889975324821,8,"MO"
424513,8.009679245283019,"NM",16231,5789,"16231_20251231",1.1402469488259226,2.049545009856891,53,9.256795377366194,1.6759172316148092,2,"ND"
960382,5.785433734939759,"NM",16243,20869,"16243_20251231",0.5097807523059589,3.520611764653819,166,10.701896361886348,1.8348735502728801,2,"OR"
372716,5.105698630136986,"SB",16246,7556,"16246_20251231",0.06155846671001121,3.348461123348992,73,10.447931208955975,1.774861328591523,4,"GA"
113019,0.3383802395209581,"NM",16247,24302,"16247_20251231",1.606863297639176,46.789449918780875,334,12.764143150265141,-0.7662550652000961,5,"MO"
456680,4.308301886792453,"NM",16249,12922,"16249_20251231",0.1700832512756244,4.396325320901584,106,6.038874111163268,-0.14281043338853086,4,"IL"
2150999,6.938706451612904,"SM",16250,30516,"16250_20251231",0.16251167215771947,2.6328572168415034,310,7.952613071956936,0.48819751584870075,4,"IL"
1177250,8.349290780141844,"NM",16265,14089,"16265_20251231",1.107238341809093,2.155738530542756,141,10.687783807730646,1.902935477945896,2,"IA"
202944,6.546580645161291,"NM",16275,2918,"16275_20251231",1.1378800447217514,2.712810920395735,31,14.217645710184513,1.9097223967217105,4,"GA"
659873,6.1099351851851855,"N",16276,7139,"16276_20251231",0.1830949417367256,2.0478485836520566,108,9.815632150840818,1.0699390454312345,4,"IL"
24979,1.9214615384615383,"NM",16281,865,"16281_20251231",0.7045354469396742,6.040711677414342,13,9.285564634401844,-1.511149094864424,2,"GA"
59630,7.45375,"NM",16282,687,"16282_20251231",0,2.299690287795693,8,13.701923076923078,1.8006523506230259,4,"AR"
264886,9.810592592592593,"NM",16283,2739,"16283_20251231",0.031941474974884726,2.474322445900177,27,9.409046862852742,1.343803005239239,4,"GA"
370876,5.535462686567165,"NM",16288,6131,"16288_20251231",0.13585346447495386,2.9050390630558836,67,9.057390014290235,0.24362823924520782,4,"GA"
738507,6.366439655172415,"NM",16307,11926,"16307_20251231",0.5316354619765071,2.6119515821139005,116,10.348399311295712,1.227310756445697,2,"IA"
75915,7.591500000000001,"NM",16318,657,"16318_20251231",0.8983579861582304,1.9619707721363475,10,8.208244131223006,0.20824656393169513,8,"IL"
53974,4.906727272727273,"SM",16330,1096,"16330_20251231",0,3.56726244828234,11,19.220674338784573,0.5963641447526509,4,"NE"
502762,4.570563636363636,"NM",16332,7825,"16332_20251231",0.49797956956474715,2.786678202412562,110,8.942257662829649,1.7878417216106286,8,"IL"
230264,10.011478260869566,"NM",16333,2755,"16333_20251231",0.16715269218050086,1.9574115247304527,23,11.122084083027818,1.6189387176178676,2,"NE"
201279,5.919970588235294,"NM",16334,3001,"16334_20251231",0,2.9171540105315628,34,13.847092115534739,2.177871874213464,4,"TX"
243630,6.584594594594594,"NM",16339,3797,"16339_20251231",0.14780709212436724,2.993603614147197,37,9.633304516683971,0.750160811599202,2,"NE"
69434,6.9434,"NM",16344,837,"16344_20251231",1.5158131120953153,2.5205785367168403,10,10.255212365519634,0.027502220804329954,8,"IL"
978096,14.175304347826087,"NM",16363,12580,"16363_20251231",0,2.4046988218795433,69,6.341764681125532,0.6954607352590366,4,"IA"
241802,8.338,"NM",16369,3141,"16369_20251231",0.43831113241790226,2.4528094405462326,29,10.01350072650537,1.0274602173951366,4,"AL"
217052,5.565435897435897,"NM",16370,3073,"16370_20251231",0,2.6531871381328096,39,9.490658261385958,0.6967824797242365,2,"OH"
116424,3.8808000000000002,"NM",16386,2219,"16386_20251231",1.7797197207864868,3.854850829939798,30,10.299480605591778,0.6051020285895731,4,"AL"
1555193,9.425412121212121,"NM",16389,20622,"16389_20251231",0.15604912000709315,2.368229332908278,165,9.848110127767082,1.4351497239432285,4,"SC"
47319,4.7319,"NM",16394,984,"16394_20251231",0.35227945529899346,3.7710077795593566,10,13.480109768104406,1.0859145012004447,2,"IL"
247355,4.756826923076924,"NM",16396,4233,"16396_20251231",0.05698765671605597,3.763452810508525,52,9.220747965170183,1.1261956567375397,4,"FL"
208453,3.722375,"SM",1639,4186,"1639_20251231",0.01698461348423905,4.122788810608226,56,8.083436991675438,0.4640707423957015,4,"MO"
1254344,8.53295238095238,"NM",16402,12092,"16402_20251231",0.1561279299845941,1.943499402953292,147,10.86820023973971,2.2688116711138258,4,"KS"
229710,8.203928571428571,"NM",16410,2953,"16410_20251231",1.8981145185231973,2.573264836111991,28,8.9948839473515,1.247139662089818,4,"KS"
85767,5.3604375,"NM",16413,982,"16413_20251231",1.1037215225696901,2.2757653733724954,16,14.314475083131631,0.37560043578982244,2,"IL"
478802,0.8341498257839721,"N",16416,24263,"16416_20251231",0.32440175261206605,8.561979562508213,574,17.325778939478223,3.818154212175818,7,"OK"
175876,5.025028571428572,"NM",16417,2818,"16417_20251231",7.30556887246184,2.799158688617611,35,11.387799994359684,0.9628391019905749,4,"LA"
1555126,5.032770226537217,"SB",16418,40940,"16418_20251231",0.522049472863765,4.97458249904453,309,9.386041214275433,1.499407059890131,4,"GA"
320575,6.820744680851064,"NM",16436,5058,"16436_20251231",0.1839095190798116,2.49641697713292,47,9.301768595761093,0.9964453667786237,2,"KS"
172793,7.854227272727273,"NM",16440,1571,"16440_20251231",0.25177386129549095,1.7942754578824338,22,15.682611774473177,2.0323219531238843,7,"GA"
107108,7.140533333333334,"NM",16448,1316,"16448_20251231",1.795460075781277,2.5290363727874534,15,7.68099589360364,-0.7386361453374674,2,"SD"
18052735,9.690142243692968,"SM",16450,246100,"16450_20251231",0.39404574381456997,2.348084921131941,1863,12.003453344344257,0.9174213028006993,4,"IL"
138023,3.833972222222222,"NM",16453,2413,"16453_20251231",0.8386334970345919,4.157890377242392,36,9.908579569908431,0.27586145690348846,8,"WV"
359360,4.382439024390244,"NM",16464,5558,"16464_20251231",3.1624453738076217,3.5373882283580627,82,10.03038505243426,0.8878773846627273,2,"AR"
2993110,7.482775,"NM",16470,59158,"16470_20251231",0.13658432033015583,3.3017826317749077,400,9.313442899985223,0.9913496645477817,4,"TX"
151957,6.331541666666666,"NM",16473,2246,"16473_20251231",5.578293458289181,2.6754706870433536,24,12.647467253825079,0.7091221055451932,2,"KS"
66931,6.084636363636363,"NM",16477,1068,"16477_20251231",0.49724031624484116,2.3233641844023647,11,9.270462633451958,1.261422473854819,2,"ND"
1230620,7.113410404624278,"N",16501,17377,"16501_20251231",0.9521493393752078,2.4244630698081795,173,9.45936147138717,0.6328270716759925,4,"IL"
20891,4.1782,"NM",16516,399,"16516_20251231",3.951367781155015,2.9549931807849674,5,14.103739445114597,0.464716876294388,2,"NE"
651699,5.871162162162163,"NM",16539,10069,"16539_20251231",0.3511278346781496,2.8694259184538295,111,11.26400593485233,1.1697819679701125,4,"LA"
1259331,4.806606870229008,"NM",16546,22517,"16546_20251231",0.5034294103850295,3.320164166324571,262,11.920623671155209,1.1606830409418332,4,"LA"
157058,6.040692307692307,"NM",16547,2796,"16547_20251231",0.7019985310603425,3.012543737264214,26,10.106350938016611,0.8459217632481324,2,"IA"
346613,6.1895178571428575,"NM",1654,5262,"1654_20251231",0,2.3898105029424053,56,9.006157154305303,1.5890950176768597,4,"MO"
1416593,12.536221238938055,"NM",16553,13616,"16553_20251231",0.6390421615144516,1.7070699140991357,113,10.134362229457633,1.1633744123889689,2,"NE"
950613,12.187346153846155,"NM",1655,8638,"1655_20251231",0.0497598101860701,1.7704759534509784,78,10.789582760421025,2.117295959297187,4,"MO"
28039,9.346333333333334,"NM",16561,334,"16561_20251231",1.7001629549158066,2.3251540679595184,3,13.439595548221748,1.215582065924125,2,"MN"
252074150,14.927112571800793,"N",16571,2852312,"16571_20251231",1.0715232045015988,1.978774340898431,16887,11.067102334840222,0.953471060568599,4,"IL"
80434,4.468555555555556,"NM",16581,1913,"16581_20251231",0.027835085306349677,4.004045873513218,18,16.975541222300276,1.1546963566858315,4,"TX"
8494,2.8313333333333333,"SM",16583,191,"16583_20251231",2.687488650808062,3.94301193940002,3,9.643835616438356,-2.759105046653958,8,"KS"
117077,5.090304347826087,"NM",16584,2057,"16584_20251231",0.2901736645416575,3.566170367857736,23,14.073333162353704,0.48445066722479235,4,"GA"
31203,1.6422631578947369,"NM",16585,1556,"16585_20251231",4.8787591931843,31.60898882866303,19,27.505422993492406,3.9142811956349832,8,"IL"
663231,5.869300884955752,"NM",16595,9588,"16595_20251231",0.2727435139051551,2.606115436579382,113,10.18417053092351,2.2704464502368107,4,"AL"
208728,7.197517241379311,"NM",16600,1596,"16600_20251231",0.026299640571578853,2.1170302378330437,29,13.39857568060339,1.0147529052805344,7,"NM"
222602,5.429317073170732,"NM",16601,2948,"16601_20251231",0.18036771358789822,2.496784160738561,41,10.727896074818668,2.880436361047169,2,"MO"
133871,4.958185185185186,"SM",16603,1829,"16603_20251231",0.3172168248016211,3.0926584734799487,27,11.427942393392094,0.7201978822289301,2,"KY"
3009302,4.292870185449358,"SM",16604,63848,"16604_20251231",0.17382609444220035,3.688379461635073,701,8.729912487052216,1.0149199119598364,4,"AL"
78095,7.099545454545455,"NM",16609,1274,"16609_20251231",2.1213874923138136,3.2779873235602905,11,8.472524500650346,0.12183899106946118,2,"GA"
495356,7.0765142857142855,"NM",1660,5413,"1660_20251231",0.7143947734267645,2.243309792893841,70,15.59147074508953,1.4750499746132515,7,"SC"
281929,3.9708309859154935,"SM",16612,4931,"16612_20251231",1.3025087356794358,2.7721892606498626,71,15.665657315077441,3.261629454973638,4,"MS"
415050,6.804098360655738,"NM",16620,3904,"16620_20251231",1.7019105917269524,1.7529340528556596,61,9.028402016009487,1.8191317519280377,8,"WV"
381354,6.575068965517241,"NM",16629,6115,"16629_20251231",1.723509563949729,3.1419283744123034,58,9.136859924726776,1.1447528526346709,4,"KS"
511047,0.6841325301204819,"NM",16635,97344,"16635_20251231",2.493868087998646,31.220458197011492,747,10.094663225904627,3.715702331443955,8,"MN"
1013850,7.920703125,"SI",16636,15757,"16636_20251231",0.14014070434154366,2.7117964196152573,128,18.64713934682393,-0.13925143238631674,4,"CT"
61139,5.558090909090909,"SM",16643,959,"16643_20251231",1.2531932327565432,3.2831523812827363,11,9.97867154174284,1.4655381733670956,2,"TX"
715606,5.300785185185185,"NM",16652,17013,"16652_20251231",2.753325468819916,3.7134250882233495,135,11.352023771967648,1.6377951788181282,4,"TX"
112585,5.361190476190477,"NM",16656,1768,"16656_20251231",2.5162262185936655,2.9346423964454638,21,10.68932304783112,0.9997133438440591,4,"MN"
828855,11.354178082191781,"NM",16659,13665,"16659_20251231",0.28371120495264646,2.462025869549431,73,10.032830833786619,1.124607827329558,4,"MN"
1017221,7.064034722222222,"SM",16664,18189,"16664_20251231",0.019739614242384747,2.8859090568581913,144,11.466173582877982,1.8309486353534596,4,"KY"
776732,8.007546391752577,"NM",16666,12830,"16666_20251231",0.3290280684032037,2.761245883810157,97,10.280247378464798,1.0530353082725727,4,"IL"
82492,10.3115,"NM",16667,611,"16667_20251231",1.7988793866116188,1.5349620643325694,8,9.217886963997596,0.5754564134987751,5,"IL"
586150,5.529716981132076,"NM",16689,10264,"16689_20251231",1.3274434231659415,3.7344537431286677,106,15.984323227078848,1.1045333940393876,4,"LA"
369817,9.019926829268293,"NM",16695,3562,"16695_20251231",0,1.8017899702737488,41,12.979640772491122,2.3847807988744454,2,"TX"
247818,7.7443125,"NM",16704,3836,"16704_20251231",0.004445860533355069,2.5516948410337084,32,8.90825859643702,1.2453580435069087,4,"MN"
205240,10.262,"NM",16707,1956,"16707_20251231",0.6010171058714748,1.9084963315820915,20,14.434887147652256,2.1004692103073097,2,"NE"
305494,12.728916666666668,"NM",16720,4024,"16720_20251231",0,2.0252977037647826,24,10.935104096493761,2.8278261274116407,4,"NM"
886375,9.530913978494624,"NM",16723,8967,"16723_20251231",0.3520019580215144,2.086618815310469,93,12.578342131279028,1.5098478484084756,4,"SC"
406754,7.822192307692308,"NM",16733,6317,"16733_20251231",1.396237682890415,2.511953318081089,52,10.044987021098034,1.0703239229961685,4,"MN"
1352658,4.149257668711657,"NM",1673,48115,"1673_20251231",1.5136025149981234,9.334481578561409,326,16.85237893678853,1.1903141252966196,9,"SD"
23833,4.7666,"NM",16744,322,"16744_20251231",0.6816568047337278,3.084477498093059,5,20.415987308861762,3.2656369183829135,2,"KS"
140608,4.8485517241379315,"N",16752,2244,"16752_20251231",2.1324499883543386,3.255760162905122,29,9.52158190580146,1.149177935198076,4,"IL"
1206192,8.04128,"NM",16753,16349,"16753_20251231",2.439294186635392,2.513763808204764,150,12.474191459372976,1.765977031363479,4,"TX"
354808,5.6318730158730155,"NM",16757,4014,"16757_20251231",0,2.0497326372957265,63,10.103691130862707,0.6247601238554481,5,"IN"
44074,3.148142857142857,"NM",1675,1514,"1675_20251231",0.11339351912425313,5.206082180338298,14,14.882638607851073,1.6511827810774453,8,"SD"
399319,5.704557142857143,"NM",16780,7652,"16780_20251231",0.0050661494369336766,3.156234232221088,70,10.60749709196883,1.600182440695295,4,"GA"
70898,5.453692307692307,"NM",16788,1652,"16788_20251231",0.2287776207127446,3.8449382270107977,13,9.585824664864717,1.5083445741924926,2,"KS"
1308415,3.175764563106796,"NM",1678,54514,"1678_20251231",1.1089477383375144,7.358155360173457,412,10.26407482119934,1.140871707323814,4,"SD"
161524,9.501411764705882,"SM",16795,1684,"16795_20251231",0.06013275461981451,2.558435854418249,17,11.22032680153043,1.9368686359199119,4,"OK"
987619,16.190475409836065,"NM",16810,5422,"16810_20251231",0,1.414879991261975,61,11.151451507215382,0.8880224138588376,2,"NE"
511745,4.968398058252427,"NM",16817,8226,"16817_20251231",0.041172158887104064,3.6556196875764413,103,14.811140483757587,0.8640408356998104,4,"TX"
359945,5.216594202898551,"NM",16820,7566,"16820_20251231",0.5432032557596412,3.6483672144416994,69,9.492167060004485,0.051995064684671015,4,"MD"
398584,5.949014925373135,"NM",16825,6915,"16825_20251231",0.06424760468169502,2.9826785047182898,67,12.48683674489035,3.1131464687618355,4,"GA"
38458815,9.758643745242324,"NM",16835,340434,"16835_20251231",0.6307345970955409,1.38952895994822,3941,11.22457080599538,1.4367250899058512,4,"TX"
137652,6.554857142857143,"NM",16840,2020,"16840_20251231",0.035412798376753894,2.562858771439922,21,11.037140119860977,0.8377331114732012,4,"WI"
1166855,4.986559829059829,"NM",16849,21899,"16849_20251231",2.0086181848369757,5.020587905982345,234,10.352510742237124,0.9388609912423894,4,"AR"
347895,6.564056603773585,"NM",16852,3878,"16852_20251231",0.6683518623047914,2.164209138683967,53,13.530968239131008,1.4576098628639966,2,"KY"
292100,7.686842105263159,"NM",16854,2820,"16854_20251231",0,1.7690716582636896,38,8.948479903459813,2.190295358936222,7,"NM"
853218,7.686648648648649,"NM",16858,13598,"16858_20251231",0.0025554955932733346,2.5190446825577135,111,12.914081300664717,2.0062408138095393,4,"GA"
314606,5.617964285714286,"NM",16863,6616,"16863_20251231",4.618650955897204,3.2134046294581498,56,12.1975793595123,0.05512586970350334,4,"MN"
380914,6.143774193548387,"NM",16866,4702,"16866_20251231",0.1669307034994672,2.3116467662182227,62,10.97173177786707,2.3754643454085866,4,"TX"
37313,6.218833333333333,"NM",16868,284,"16868_20251231",0.09485041299450658,3.2622808026689896,6,8.324108324108325,0.5724741290997639,2,"NE"
250699,7.3735,"NM",1686,3842,"1686_20251231",0,2.220227900931149,34,9.746888281724347,0.7232774385818924,2,"SD"
68843,8.605375,"NM",1687,1098,"1687_20251231",0.14476931839756976,2.8886474939769275,8,12.209427696554103,0.40204390015960384,2,"SD"
27929114,9.130145145472378,"SM",16889,334871,"16889_20251231",0.4690095572943937,2.0802964771616193,3059,9.424515107196914,1.1862655808587914,4,"SC"
723028,7.303313131313131,"NM",16891,7947,"16891_20251231",0.41408806795333675,2.115781606618903,99,10.025425611572356,0.7389863365786498,4,"TX"
213338,9.275565217391303,"NM",16895,2249,"16895_20251231",0.533980200203196,2.3928269671169087,23,18.34860268155909,2.4076417536119403,2,"TX"
418551,5.813208333333333,"NM",16897,6575,"16897_20251231",0.08546946639528905,2.826877388131316,72,15.079795607003607,1.4521938678813624,4,"GA"
120998,6.722111111111111,"SM",16900,1649,"16900_20251231",3.6788560269614794,2.901502462923775,18,9.052496914331018,1.5301719193156407,4,"IL"
48176,9.635200000000001,"NM",16906,745,"16906_20251231",0.8805875848996999,3.885215170055415,5,13.392132798036318,-0.12772181364975382,2,"MN"
116564,4.48323076923077,"NM",16908,2251,"16908_20251231",0.09046750824646134,4.173353073331332,26,11.292276462691943,0.11491991841721108,4,"OK"
272805,3.6865540540540542,"NM",16910,11129,"16910_20251231",4.2376810519092745,6.845647228526264,74,12.774245183270677,1.7922458928828044,4,"AL"
90406,4.1093636363636366,"NM",16916,1634,"16916_20251231",0.543942316814775,4.245429779997672,22,9.928171835071483,3.182587918991262,4,"GA"
180482,7.847043478260869,"NM",1693,2612,"1693_20251231",0.6761612813329617,2.851773089335348,23,13.208314331397425,1.1740537616356073,4,"TN"
81041,5.7886428571428565,"NM",16941,1708,"16941_20251231",1.4186456960300262,3.3802120016459285,14,13.90369374797238,0.9554968204801971,2,"KS"
62332,5.194333333333334,"NM",16953,1374,"16953_20251231",1.2651139639546218,3.5670552259304107,12,9.243237146954097,0.35010926115106455,2,"NE"
3012445,7.626443037974684,"NM",16958,47035,"16958_20251231",0.6154831756017355,2.5253907528276405,395,10.135685270327697,0.9201028389119279,2,"MN"
95496,3.9789999999999996,"NM",16959,1672,"16959_20251231",0.8599682830288419,3.5033339724334804,24,10.674505286721798,1.2515711211946912,4,"MO"
439480,5.425679012345679,"NM",16968,7210,"16968_20251231",0,2.94856182768461,81,12.113021403617093,1.6124515711846015,4,"SC"
933573,5.946324840764331,"NM",1696,15934,"1696_20251231",0.4856514301276751,2.9392812226414424,157,14.934268556126574,1.657956368516716,4,"TN"
542312,5.116150943396226,"NM",16970,7573,"16970_20251231",2.5861794997787606,2.971437269314246,106,11.430754220283132,1.2849249636272744,2,"KY"
471789,7.258292307692307,"NM",16971,5561,"16971_20251231",0.3946019528427138,2.397771869856944,65,10.499965322328952,1.0674346963750687,2,"KS"
458972,4.371161904761905,"NM",16976,9005,"16976_20251231",0.5366340065168789,3.487257809835514,105,10.143580637825167,0.6970131888923277,5,"PA"
7710086,10.76827653631285,"NM",16980,81008,"16980_20251231",0.18565252802751211,1.8842152420052696,716,9.927253041279036,1.0686462621320385,4,"CO"
1170761,7.910547297297297,"SM",16982,13019,"16982_20251231",0.15977314580305535,2.0005839033134247,148,10.05591549766023,1.4197326532057304,4,"IL"
365919,4.752194805194805,"N",169,6120,"169_20251231",0.12167545433836888,2.955965683635584,77,11.134931854678214,1.6425667785346547,4,"GA"
255112,7.730666666666666,"NM",17001,3228,"17001_20251231",7.194254559543907,2.815396805870136,33,9.452670703195253,1.253699589698316,4,"OK"
413610,7.803962264150944,"NM",17009,6162,"17009_20251231",0.1378610882523526,2.784417413164458,53,11.033354039687433,4.84262939280047,4,"MO"
761338,8.459311111111111,"NM",1700,9774,"1700_20251231",0.04299591986635435,2.2970409225936423,90,9.02605483130719,1.370061802164783,4,"TN"
713582,9.91086111111111,"NM",17011,5922,"17011_20251231",0,2.4562971616185063,72,15.261033437388285,2.243394307493895,4,"GA"
844478,5.989205673758866,"NM",17040,10905,"17040_20251231",0.15577829451194206,2.1972416721782784,141,9.416674152531993,2.6428890445427724,4,"KY"
259636,4.256327868852459,"NM",1705,4745,"1705_20251231",1.2744927199504337,3.376983515637036,61,9.596869155641754,0.5446002156832538,4,"TN"
49624,8.270666666666667,"NM",17062,549,"17062_20251231",0.048136708251434075,1.7330022523060273,6,14.28887636831938,0.1949876242548687,2,"MN"
527825,5.498177083333334,"NM",17068,7955,"17068_20251231",1.7503109936246306,2.7374407152246905,96,13.199461556118381,1.0341050995482841,2,"KS"
105828,4.23312,"NM",17073,1812,"17073_20251231",1.0528310057377936,2.795255778759729,25,13.103027297178718,0.737381862793713,2,"GA"
1155121,7.599480263157895,"NM",17077,14673,"17077_20251231",0.1610751473005259,2.342338149863105,152,9.033555562965159,0.6592673600608077,4,"AL"
376443,8.555522727272727,"NM",17094,5380,"17094_20251231",0.2300431627377508,2.5748604993965736,44,11.799579522646995,1.8717908181214957,4,"TX"
157573,14.324818181818182,"NM",17096,1009,"17096_20251231",0.020236087689713324,1.1905684148723197,11,13.273306910218851,1.7151796113799855,2,"ND"
235258,5.738,"NM",170,4070,"170_20251231",0.6730208962564215,3.0963604006260246,41,9.313531324404439,1.5373117209381486,4,"GA"
637595,5.903657407407407,"NM",17108,12138,"17108_20251231",0.3056563041932464,3.0791003068369536,108,15.51975391069202,0.9359442353346644,4,"TX"
1064499,7.341372413793104,"SI",17115,16461,"17115_20251231",0.20063821622138658,2.523690927186034,145,10.604476385072454,0.8716286567987601,4,"ME"
1759147,6.89861568627451,"NM",1711,24402,"1711_20251231",1.2914841722801103,2.3915639142412823,255,9.82612656209969,1.2680920956835244,4,"TN"
908343,4.564537688442211,"NM",17120,17598,"17120_20251231",0.6623334629176825,3.025570464406235,199,9.221838144255608,1.0377439233139336,4,"MS"
32647,4.080875,"NM",17122,565,"17122_20251231",0,3.306850672412867,8,11.446189716529636,-0.05969044535041277,4,"MN"
714697,5.810544715447154,"SI",17123,11010,"17123_20251231",0.2754687239139466,2.773737365120125,123,10.170917336292703,0.47560751929089695,4,"DE"
13643,2.7286,"NM",17138,374,"17138_20251231",0,5.053300969495663,5,13.013951428360523,1.6394838819571607,2,"OK"
243231,6.7564166666666665,"NM",1713,3368,"1713_20251231",0.5172979383784603,2.6227118882854716,36,9.391046130369332,1.6683885856895113,6,"TN"
593699,8.02295945945946,"NM",17145,6000,"17145_20251231",0.15212074211060073,1.554789198249523,74,22.787673408158714,2.5713690959711095,2,"NE"
3575203,8.392495305164319,"NM",17159,50285,"17159_20251231",0.28459481043599844,2.316717321718685,426,12.250645020921972,1.34576122426041,4,"UT"
819767,14.13391379310345,"SM",1715,5179,"1715_20251231",1.061505164699063,1.2184229257303194,58,20.276643260722878,1.2444509958442709,4,"TX"
37126,6.187666666666666,"SM",17160,564,"17160_20251231",0,2.5631695544686908,6,13.950006344372543,0.5618638898104645,2,"KS"
732134,7.547773195876289,"NM",17162,8147,"17162_20251231",0.030970871764975327,1.9137495735243943,97,11.591157867894305,0.8332992152848858,4,"WI"
151560,4.73625,"NM",17169,2625,"17169_20251231",0.5023140880872569,3.034661239664124,32,10.540758676351897,1.064301433668782,4,"LA"
35951,3.5951,"NM",17174,725,"17174_20251231",0,3.3598784830189925,10,8.392348392348392,0.5613556187845,2,"ND"
1611246,7.193062500000001,"SI",17180,26114,"17180_20251231",0.30360224520854645,2.6827918121423044,224,10.016354875406318,0.42847206525278975,5,"NH"
195737,8.510304347826088,"NM",17190,2200,"17190_20251231",0.4116508123579426,2.301014878955107,23,21.4477297742063,1.0533196944721348,2,"GA"
172802,6.1715,"NM",17193,2264,"17193_20251231",0,2.3023855041143713,28,16.58199953607052,0.44112233872021084,7,"FL"
53637,5.959666666666667,"NM",17205,784,"17205_20251231",3.850827180110291,2.57090290272402,9,13.392529678602452,1.0803478232615944,2,"NE"
844765,6.211507352941176,"NM",1720,16422,"1720_20251231",1.3068729730557747,3.3874258286478884,136,9.287609815207514,1.7619038820959936,4,"TX"
1600483,8.558732620320855,"SM",17211,15966,"17211_20251231",0.3157962560189085,2.021232844220207,187,8.483927572273258,1.3236386294691345,4,"AR"
474210,13.172500000000001,"NM",17214,4178,"17214_20251231",0,1.5118164549190687,36,10.624033654994406,1.3786465969909931,5,"TX"
635427,9.7758,"NM",17229,6957,"17229_20251231",0.19617641432458705,1.8944466311089716,65,10.554843381985656,1.6418055560073457,2,"NE"
729563,11.053984848484848,"N",17230,7988,"17230_20251231",1.8801276625370549,1.7949994352716763,66,16.50090434343036,0.8579687349667229,4,"IL"
140646,5.62584,"NM",17232,2154,"17232_20251231",0.06965552178318135,2.521850619931384,25,9.268996586069758,1.704793636567965,5,"MI"
159348,6.639500000000001,"NM",17241,2392,"17241_20251231",0.06763650537079707,2.5773000507879713,24,12.352459321592137,1.423200248633652,2,"IL"
189283,9.962263157894737,"SM",17259,2059,"17259_20251231",0.8717092181659111,1.8000880725243362,19,9.511592803767728,0.832560581617401,2,"IA"
519868,3.9087819548872185,"SI",17262,27213,"17262_20251231",1.362305725609058,7.107875999407236,133,12.611780428843772,0.9218813828965617,4,"CT"
66821352,11.493180598555211,"NM",17266,668194,"17266_20251231",0.4179784067839104,2.4446856005722775,5814,9.698596934068087,1.0039942125110435,4,"OR"
394447,14.087392857142857,"NM",17280,3433,"17280_20251231",0,1.5356711692757483,28,8.552231049075655,0.6140784975641078,2,"ND"
98429760,12.679345613809096,"N",17281,1414057,"17281_20251231",0.6080523184842956,2.5398497202468424,7763,11.13909043025535,0.9512106469461604,4,"CA"
823634,6.384759689922481,"NM",17282,14250,"17282_20251231",0.46259888729782395,2.790023362766962,129,12.111300680393846,1.3866893741021857,2,"IA"
2331428,5.6043942307692305,"NM",172,36274,"172_20251231",0.2755634499341161,2.723668211280076,416,11.244108555059459,2.6583747952562384,9,"GA"
7397722,10.120002735978112,"SM",17308,93754,"17308_20251231",0.30127519290458926,2.3706491637191256,731,9.693744470647712,1.154152972515755,4,"HI"
114944,7.662933333333333,"NM",1730,1358,"1730_20251231",0.9936369021458734,2.6451165346811174,15,8.695500735799932,0.7072263214321107,2,"AL"
324327,5.591844827586207,"NM",17317,4626,"17317_20251231",1.9903371293700007,2.652296565492037,58,9.48273415997503,1.201136597915042,2,"KS"
618052,8.02664935064935,"NM",17320,7974,"17320_20251231",1.1655811581458417,2.565440257040883,77,8.605243515118014,1.5866312241737675,2,"IL"
4469173,6.233156206415621,"NM",17323,58218,"17323_20251231",0.5809067110623252,2.4861533458414073,717,11.799362219590952,1.7437243985898978,4,"MO"
278408,5.568160000000001,"NM",17327,3794,"17327_20251231",0.06718269098258993,2.515295138137155,50,11.459408369558796,0.623233845430908,5,"TN"
610652,7.446975609756098,"NM",17348,9766,"17348_20251231",1.1392594273447476,2.766140356377353,82,10.470655128736622,0.6096927115732712,4,"IA"
73718,4.095444444444444,"NM",17350,1310,"17350_20251231",1.7897220463831502,3.1958924215933866,18,9.142569213112,0.8768805715642471,7,"TX"
310552,5.750962962962963,"NM",1735,4904,"1735_20251231",0.822146708604808,3.219729516781179,54,12.321413025604318,0.6938792714916135,4,"AL"
204864,4.996682926829268,"NM",17369,3749,"17369_20251231",0,3.2458323829546694,41,8.04715530497181,1.1692136814859624,4,"KS"
548817,8.575265625,"NM",17374,6000,"17374_20251231",0.20433221359898063,2.1805845606100434,64,10.07687769975833,1.5669626266013976,4,"KS"
55776,9.296000000000001,"NM",17375,587,"17375_20251231",1.8441916580489486,2.2105055640144795,6,12.228078166005162,0.7067745494050091,2,"KS"
478103,5.14089247311828,"NM",17388,8926,"17388_20251231",1.4536915021585213,3.269156973362296,93,17.270705901457774,0.91615400242745,4,"LA"
8376930,8.530478615071283,"NM",17393,106734,"17393_20251231",0.4999393157880601,2.3516567578348266,982,10.609770871140654,1.4576290714324223,4,"IN"
164393,8.21965,"SM",17399,1940,"17399_20251231",0.016735413118595013,2.2078716706843293,20,10.41490518178524,1.321405666010571,2,"KS"
130916,8.18225,"NM",17410,1316,"17410_20251231",0,2.0907097705134436,16,9.716608576705797,1.6623863582504042,2,"KS"
562231,9.370516666666667,"SM",17411,6228,"17411_20251231",0.19925421290891446,2.5154251469753732,60,10.177902554406044,0.8818700710239787,4,"CO"
882596,6.304257142857143,"SM",17431,11808,"17431_20251231",1.3554195070412343,2.625376269174402,140,8.253964766179047,1.2207907983495148,4,"AR"
4835143,7.92646393442623,"SM",17437,87284,"17437_20251231",1.285660961047321,2.8148958518412606,610,9.755153993074433,1.0116317445501737,2,"SD"
6700737,17.773838196286473,"N",17438,42782,"17438_20251231",1.823958620178782,1.2340638099570442,377,8.14270920584977,2.935973831358411,5,"MI"
17002,2.8336666666666663,"NM",17441,243,"17441_20251231",0,2.557559133015559,6,10.57450217441062,1.8099649249033185,2,"IA"
383228,10.357513513513513,"SI",17443,5044,"17443_20251231",0,2.2466363910810694,37,13.246083894383204,-0.09694020004784902,5,"NH"
467683,6.778014492753623,"NM",17446,6830,"17446_20251231",0.014126971734903657,2.885740700166197,69,8.777714793973832,1.9029856728318202,4,"TX"
41777,5.968142857142857,"NM",17450,935,"17450_20251231",0.09457159069415548,3.242394930611762,7,10.004194113438434,0.5798803719130624,2,"IA"
192531,7.405038461538462,"SM",17451,2864,"17451_20251231",0.34263616588708645,2.7166814962821895,26,8.718995497161034,1.8336689509477946,2,"KS"
638557,10.135825396825398,"NM",17453,6577,"17453_20251231",0.2314660882998368,1.935729814481926,63,9.299712512590968,1.3331270426367778,2,"IL"
100066,12.50825,"NM",1745,825,"1745_20251231",0.7973298720563694,1.340961731968817,8,16.721816951191997,0.1611633514538794,2,"AL"
2184037,15.380542253521128,"NM",17470,24130,"17470_20251231",0.41735392945552796,1.6991598177854026,142,9.38664531646873,0.23232781425269075,4,"IL"
905625,8.385416666666666,"SM",17477,10110,"17477_20251231",0,1.9976507003815578,108,11.271379529647524,1.2471046329038493,2,"KS"
1082291,7.120335526315789,"NM",17478,16813,"17478_20251231",4.733061783696581,2.682776502091313,152,11.238742282736471,0.3389484515159167,4,"NE"
12749613,5.579699343544857,"SM",17491,366659,"17491_20251231",0.97850746409248,4.241917565317351,2285,10.596283085767014,1.0544700634463158,4,"TX"
1143806,6.216336956521739,"NM",17509,19969,"17509_20251231",0.20439913970033452,2.8454343723857085,184,10.5852127642909,0.5997910805228567,4,"FL"
364093,5.688953125,"N",17513,5185,"17513_20251231",0.5833416194358821,2.661167872529201,64,9.20473828570806,1.5766919425210606,4,"IL"
3288735,7.793210900473934,"NM",17514,44343,"17514_20251231",0.35002694611711127,2.273791512737367,422,9.183820016059672,0.8113735223582327,4,"IL"
181707510,10.170006716292606,"N",17534,2388377,"17534_20251231",0.7373973971105294,2.199275279069595,17867,9.956971975811541,1.173893112802461,4,"OH"
342950,6.1241071428571425,"SM",1753,4984,"1753_20251231",1.1621719180860446,2.7347308055832733,56,10.31456610038839,1.5093239343615603,4,"AR"
160856,5.02675,"NM",17543,2227,"17543_20251231",0.03059975520195838,2.54206426245145,32,9.987628561404804,2.8291237751371474,8,"GA"
42842,8.5684,"NM",17551,489,"17551_20251231",0,2.030372274588213,5,19.400344522556917,0.3546605731695706,2,"IA"
623382,7.3339058823529415,"NM",17563,8670,"17563_20251231",0.12284905249401001,3.5307997186322604,85,14.506158197543265,0.33246025811183455,7,"SC"
877796,19.94990909090909,"NM",1756,5029,"1756_20251231",1.7022421054012569,1.1278925794656711,44,9.746164101264705,1.3995080380652167,4,"AR"
198046,9.430761904761905,"N",17572,1728,"17572_20251231",0.13165433423134593,1.698148034209069,21,14.12765538945712,1.1351750446071496,2,"IL"
635442,8.47256,"NM",17580,8803,"17580_20251231",0.001160730176663133,2.3691587517714363,75,10.994010503460707,2.0427275273014462,8,"FL"
200048,7.694153846153847,"NM",17587,2563,"17587_20251231",3.986625039256618,2.7648701039724717,26,11.127990145240844,0.3019004424163166,6,"LA"
878760,5.49225,"NM",17588,13945,"17588_20251231",1.06219004965529,2.900233125818744,160,10.573489860487813,2.6939513752514395,2,"TX"
462640,8.896923076923077,"NM",175,6649,"175_20251231",0.14141244987765964,2.5088570741910754,52,10.77090789512211,2.900651818521588,4,"GA"
321537,5.2710983606557384,"N",17603,7513,"17603_20251231",1.9988353669271293,4.107408482687099,61,9.892978993107015,2.6820231370170347,4,"TX"
53601,7.657285714285714,"NM",17607,667,"17607_20251231",0,2.704809994987655,7,9.506620748080074,1.468431507230772,2,"KS"
1318887,8.141277777777777,"SM",17612,27941,"17612_20251231",0.055765822815879516,3.2256402436243663,162,10.366410317037298,1.9456890414639227,4,"TX"
1020387,7.789213740458016,"NM",17614,14063,"17614_20251231",0.2404418554677291,2.1740103196629454,131,22.85792125111126,2.1880310604154714,9,"KS"
80817,3.6735,"NM",17621,1802,"17621_20251231",2.8082938179247785,4.2373935365756585,22,10.735757934161246,1.543470906630582,6,"LA"
313882,8.483297297297298,"NM",17622,3834,"17622_20251231",0.20342968131053696,2.3358549021896056,37,12.171627624316315,1.5381005352451833,5,"MI"
52725,3.2953125,"NM",17629,332,"17629_20251231",0.09513616363420145,0.952552915512057,16,10.763145200192957,0.2284653027533754,2,"KS"
20501,4.1002,"NM",17632,438,"17632_20251231",2.056148675365757,3.180674801987402,5,9.597762129835054,0.0467746294409912,2,"KS"
435860,6.316811594202899,"NM",17636,7153,"17636_20251231",0.19339143827225316,3.047992037206183,69,9.12298510084866,0.6974039426757983,2,"KS"
557123,6.794182926829269,"NM",17639,9091,"17639_20251231",0.09917201816218225,2.9248685768620213,82,9.546876261940248,1.735013567327726,4,"NE"
470318,5.057182795698925,"N",17643,6660,"17643_20251231",2.381092070999508,2.478644303156802,93,10.264656132678741,1.622998588173829,4,"NM"
225192,7.264258064516129,"NM",17650,3832,"17650_20251231",0,2.4712646168110113,31,13.599392839344743,1.226534034044876,2,"KS"
2082168,6.56835331230284,"SI",17658,32102,"17658_20251231",0.6712924189873573,2.698460573221383,317,13.745379572459113,0.9976186067157417,4,"ME"
119453,13.272555555555556,"NM",17661,1172,"17661_20251231",0.3394789920740888,1.551837505067746,9,15.83452335341855,1.2324417507316292,2,"KS"
149616,14.9616,"NM",17671,1658,"17671_20251231",0.06951973450082348,2.59292562052199,10,11.012225064927533,1.5768054324747853,4,"KS"
436018,4.954750000000001,"NM",17672,7151,"17672_20251231",0.18419957315291222,2.685436818175964,88,14.036314576423633,1.4386268668799806,2,"KS"
825888,6.256727272727273,"NM",17676,12132,"17676_20251231",0.016062854104059224,2.4760716648895142,132,10.158118834681341,1.2526009598852839,4,"KS"
661342,7.035553191489361,"NM",17685,10827,"17685_20251231",2.864609467322316,3.213210513782504,94,9.783975387907972,0.07869408816576538,4,"KS"
22367624,11.655874934861908,"NM",1768,247504,"1768_20251231",0.3352300827216197,2.4756456827998226,1919,9.582294592068132,1.4396081216913375,4,"CA"
302952,8.415333333333333,"NM",17734,642,"17734_20251231",3.2925528253837157,0.5635560462987673,36,16.009460489748403,0.2810133609427367,4,"FL"
6703029,7.16135576923077,"N",17735,79352,"17735_20251231",0.30887605948704383,2.2948693876254933,936,8.682074860091053,2.0079140413227226,4,"WV"
457801,4.488245098039216,"SI",17736,8003,"17736_20251231",0.6048648611746393,3.4399855843331486,102,8.213794666785306,0.023327014351892075,4,"IN"
882402,11.312846153846154,"NM",17739,13528,"17739_20251231",2.1598797262757157,2.761741593139978,78,17.7953949524746,2.247942465446581,4,"TX"
2854230,8.108607954545455,"SI",17741,41532,"17741_20251231",0.5709674139809927,3.4046943597134103,352,9.88307776939308,0.7020286725091474,4,"ME"
1446208,6.9865120772946865,"SI",17743,23990,"17743_20251231",0.02746421149653594,2.581688185738017,207,10.040749818495451,0.21536756856228287,4,"ME"
1497823,8.462276836158193,"SI",17749,19702,"17749_20251231",0.11906796825790801,2.3324518729109336,177,15.434894885233133,1.058042931054822,4,"ME"
1830082,9.15041,"SI",17751,30883,"17751_20251231",0.33185106524191943,2.509151498176574,200,10.33448572236669,0.5504359097285109,4,"ME"
121967,4.205758620689656,"NM",17759,2096,"17759_20251231",0,3.4975072571269616,29,8.07356771971538,1.2980806949724335,6,"OH"
3027980,11.010836363636363,"SI",17764,38691,"17764_20251231",2.3785333072350308,2.142156741579783,275,13.179816141148443,1.0106649385433142,4,"RI"
306966,3.9865714285714287,"NM",17767,6149,"17767_20251231",3.516506279636326,3.140131311641292,77,14.404111491804796,1.147747593870743,4,"LA"
370175,11.56796875,"NM",17769,3809,"17769_20251231",0.20826901496106592,1.8388641097383258,32,10.356442351295682,1.1483575116562708,2,"KS"
193790,4.123191489361702,"NM",17773,4630,"17773_20251231",0.22333508647565037,3.935636776541958,47,9.007211673036892,0.6282212631783095,8,"SC"
173690,13.36076923076923,"NM",17775,1670,"17775_20251231",1.7408542680082628,1.7290147032703873,13,14.287914509460114,2.2552103030427517,2,"TX"
109908,4.39632,"N",17782,2115,"17782_20251231",0,3.7996041220742205,25,15.028906939466527,0.6872620565802064,4,"CO"
144967,5.798680000000001,"NM",1778,2159,"1778_20251231",0.5441663748282644,2.631168827385712,25,18.140181455539363,2.2488373481779904,2,"CO"
847543,9.631170454545455,"SB",17797,10136,"17797_20251231",0.05747737451326963,2.0340223205616526,88,9.418411651552624,-0.589197081453017,4,"MA"
23181570,11.54460657370518,"SM",17798,189922,"17798_20251231",0.8429549441938435,2.3406875831458676,2008,9.388520339162417,0.6277739042951602,4,"MA"
215319,5.666289473684211,"NM",1779,3749,"1779_20251231",0.0039344004301611136,3.4369193608324045,38,8.431424718111508,0.6707543664065403,4,"CO"
831732,4.520282608695652,"NM",17809,18616,"17809_20251231",0.25384611162642634,3.2012873168727856,184,13.17461788516788,0.3068163515867604,2,"OR"
417918,8.036884615384615,"NM",1780,5247,"1780_20251231",0.3513502259051823,2.309430947402741,52,8.992238384585283,0.9071278315924278,8,"CO"
381310,8.86767441860465,"N",17811,4401,"17811_20251231",0.007214347895093763,1.932943741953887,43,12.364557401134554,0.9498501633484911,8,"TX"
74865,8.318333333333333,"NM",17813,824,"17813_20251231",0.42847725774555045,1.9430805736714074,9,10.10643257716029,1.7207157461160774,2,"ND"
195225,5.00576923076923,"NM",1781,3341,"1781_20251231",1.1758154480970595,2.7259257713456946,39,9.712432257378948,1.055415853671261,2,"IL"
23488,5.872,"NM",17825,222,"17825_20251231",0,1.5983738283659232,4,15.128522102391406,1.1900935569898452,2,"NE"
188785,8.208043478260869,"NM",17830,2283,"17830_20251231",0.9093129156910348,2.436765097158549,23,19.219372362925824,1.9664929743863195,2,"MO"
305934,7.114744186046512,"SM",17832,3186,"17832_20251231",0.03921862654062876,2.038004497954648,43,11.039196568511635,1.6639913119780785,2,"KS"
21217946,9.249322580645162,"SB",17838,330248,"17838_20251231",0.7078905014670973,2.9044811729712214,2294,10.687321584162312,1.4343494397184304,4,"DE"
169728,7.072,"NM",17841,1900,"17841_20251231",1.4467299735063852,2.496762496762497,24,11.834856310422461,2.033152033152033,7,"LA"
4380098,8.39099233716475,"NM",17842,59440,"17842_20251231",0.39575906817446516,2.282563019352789,522,12.287892998148282,1.3237859977876416,4,"TX"
481944,8.168542372881356,"NM",17863,7065,"17863_20251231",0.469872239500593,2.7733564264945647,59,8.128273934195738,0.6380050217949773,4,"MN"
672118,6.462673076923077,"NM",1786,9773,"1786_20251231",0.9492478478884671,2.375312644500368,104,8.104318935898549,1.3551650766042562,2,"IL"
6937271,14.215719262295082,"NM",17870,87827,"17870_20251231",0.7899361265662436,2.125834885119906,488,10.066700531517165,0.969594464157387,4,"MA"
152333,8.017526315789473,"N",17872,1775,"17872_20251231",0.5452596109664574,2.480736425289105,19,10.551558752997602,1.1767509556052527,4,"CO"
102136,3.6477142857142857,"NM",17878,2353,"17878_20251231",4.209057704064837,5.028186170363445,28,11.06039010874007,0.4178351888048497,4,"LA"
301601,5.385732142857143,"NM",17881,4008,"17881_20251231",0,2.8017928060173647,56,11.96939351578042,1.550071689482129,4,"TX"
1822337,9.442160621761658,"SI",17897,25295,"17897_20251231",0.42200979707739533,2.3763361961032046,193,13.60165540074493,1.1346575965667347,4,"ME"
52956,3.30975,"NM",178,1112,"178_20251231",2.0566537859674896,4.688918989640895,16,8.377649174943302,-1.3064324964982221,5,"GA"
433686,8.182754716981133,"SM",17903,4957,"17903_20251231",0.8286763968530352,2.1278191787372798,53,16.42142423235183,1.3490800235356446,2,"IA"
271837,5.227634615384615,"NM",17906,4261,"17906_20251231",0.25537245832128747,2.7379786479872377,52,11.595699972113447,1.4807595057413137,4,"LA"
1549495,8.70502808988764,"NM",17910,20137,"17910_20251231",0.19163994776954021,2.4033144115193843,178,12.636768727046896,1.8718737825237741,4,"GA"
156853,6.535541666666667,"N",17913,2628,"17913_20251231",0.03020425628311456,3.8811784819770123,24,12.090780141843972,0.9943409831554433,4,"TX"
99606,14.229428571428572,"NM",17922,1036,"17922_20251231",0,1.6616634828224022,7,9.091996411840924,1.148205423653436,2,"ND"
271367,4.240109375,"NM",17927,3774,"17927_20251231",0.39796207189357485,2.543009803861906,64,11.271716880602419,1.543454050863239,2,"KS"
883136,7.484203389830508,"NM",17933,11420,"17933_20251231",0.12143922278897415,2.5897810693638164,118,9.850501444328524,1.224064534977405,4,"MO"
801268,9.771560975609756,"NM",17937,9014,"17937_20251231",0.5513090908050287,2.2614284549031343,82,13.403787511942312,1.3858733911789354,4,"KY"
8984131,10.209239772727273,"SI",17943,142926,"17943_20251231",0.40295084976014933,2.833621405939509,880,13.359321307952698,0.9932400281670991,4,"CT"
458534,8.336981818181817,"NM",17950,5351,"17950_20251231",1.358686790528622,2.57336998596826,55,9.604201369399178,1.991648485859971,4,"TX"
917282,7.773576271186441,"SI",17951,13955,"17951_20251231",0.04264530881295767,2.590768290304114,118,9.338842794137946,0.7718486649788485,4,"NH"
447718,9.327458333333334,"NM",17959,5084,"17959_20251231",1.309394405087647,2.104224034914532,48,14.8045544318227,1.8901368673411072,4,"CO"
1384369,7.210255208333334,"SI",17960,21485,"17960_20251231",0.49239920973607926,2.6607678840524405,192,9.566739233740734,0.2691904764428521,4,"NH"
2600812,8.727557046979866,"NM",17964,31231,"17964_20251231",0.5522000350603197,2.142668186120539,298,11.823026382991845,1.4881316151401256,4,"UT"
117900,5.8950000000000005,"NM",17975,1617,"17975_20251231",1.3567331694582594,3.052488139875318,20,8.88150881508815,0.6185236042216635,4,"AL"
306396,9.574875,"NM",17979,2800,"17979_20251231",0.1889559633733034,1.9808140891489912,32,10.699494562147157,1.0965350654977077,8,"TX"
10869,2.71725,"NM",17982,311,"17982_20251231",0,5.5322830343320275,4,17.22505800464037,-1.0548523206751055,7,"KS"
23958223,11.997107160741113,"NM",17985,240726,"17985_20251231",0.3095103577299239,2.0459397683280054,1997,9.217553840887264,1.1888674676146616,4,"HI"
195126,6.7284827586206895,"NM",17993,2813,"17993_20251231",1.5605756415231218,2.641132311318101,29,11.403191809695874,0.6838098180155502,4,"IA"
50663,7.237571428571429,"NM",17995,755,"17995_20251231",0.7764995891536566,1.9837555850349546,7,12.417571471262077,1.4771349279337203,2,"KS"
2749252,11.085693548387097,"SM",18012,32812,"18012_20251231",0.05938206661588201,2.2044068130130023,248,11.538598755980374,0.9209165136720253,4,"NH"
2991929,7.33315931372549,"SM",18013,49830,"18013_20251231",0.09010586026896236,2.9204298248819174,408,8.886526964591715,0.5180506163299207,4,"NH"
261243,6.874815789473684,"NM",18019,3728,"18019_20251231",0,3.013597467868666,38,9.107296960398887,1.8200097067184358,4,"KS"
416061,5.778625000000001,"SI",18028,7160,"18028_20251231",0.17510286428143806,2.9336436224043982,72,14.0798482887389,0.5840135305518558,5,"NH"
838861,7.839822429906542,"SI",18030,12892,"18030_20251231",0.5516229622514901,2.9915925230593423,107,8.509390924993651,0.7822490681032841,4,"NH"
155050,3.1642857142857146,"NM",18033,2603,"18033_20251231",0.24817358197203312,3.0916071334278654,49,7.468385848570283,1.426350718713335,4,"MO"
620413,6.14270297029703,"SI",18038,10040,"18038_20251231",0.41287432406455543,2.943438451305819,101,12.54820169500107,0.4273005860170616,5,"NH"
24142511,12.86228609483218,"SM",18053,253700,"18053_20251231",0.18553331403815262,1.853798149832094,1877,8.21475667539589,0.8713843582066356,5,"HI"
2259922,10.319278538812785,"NM",18059,23797,"18059_20251231",0.5768854881697069,1.6999080756841138,219,14.838091493849953,2.1341498474156975,4,"ID"
125590,7.3876470588235295,"NM",18063,1813,"18063_20251231",0,2.499078404994327,17,11.147153754681725,1.1825141111754764,4,"OK"
83202,13.866999999999999,"NM",18071,732,"18071_20251231",0.3245206621412409,1.3562475759375905,6,15.026890948621125,0.3436645441289822,2,"IA"
433168,5.5534358974358975,"NM",1808,6437,"1808_20251231",1.1928900050432796,3.353193031946191,78,9.35208451726428,0.9474414939351323,8,"IL"
31644,6.3288,"NM",18094,430,"18094_20251231",5.608125705356367,2.4212000785939294,5,18.111533586818755,0.4785356176278578,2,"KS"
1291227,5.688224669603525,"NM",18100,21819,"18100_20251231",0.4435508466481068,3.1782294854858737,227,8.430972107400184,1.3013979920198715,4,"KS"
65809,9.401285714285715,"NM",18101,709,"18101_20251231",0,1.8886356235753827,7,10.434027777777779,1.4067079127320092,2,"KS"
196226,10.901444444444444,"NM",18109,1920,"18109_20251231",0,1.781794610376315,18,11.207725494027448,1.6157625433778668,4,"KS"
445545,5.786298701298701,"NM",18118,7331,"18118_20251231",0.4956399175998637,3.127718035672917,77,9.173235981974788,0.6788404322185907,4,"KS"
176751,8.034136363636364,"NM",18120,4489,"18120_20251231",0.22060303530453684,3.192071078872425,22,18.665789965933374,0.8591135109531167,2,"KS"
3006738,9.337695652173913,"SM",18129,44930,"18129_20251231",0.5787844371390889,2.5767992568975147,322,10.656894111285466,0.584462244382973,4,"RI"
85575,3.5656250000000003,"N",18136,2049,"18136_20251231",1.2224589069405145,4.2697427703512405,24,12.319704374776492,1.6616812358913855,4,"FL"
733880,6.611531531531531,"NM",18143,15040,"18143_20251231",1.2939334459871725,3.5594187491232048,111,9.528086716660718,0.9759434020898655,4,"GA"
86332,3.7535652173913046,"NM",18145,2658,"18145_20251231",1.4281541108117757,5.155068681150364,23,11.0285999837302,1.1518337438272739,2,"SD"
260842,6.68825641025641,"NM",18155,3108,"18155_20251231",0.1148518255189818,2.3984878081997354,39,11.063684792883366,1.1621200548366426,4,"TX"
104404,11.600444444444443,"NM",18164,1072,"18164_20251231",5.5305746078451685,2.41853707898665,9,15.858445678033306,1.2806489741161948,2,"MT"
128458,7.5563529411764705,"NM",18165,1512,"18165_20251231",0.1968480593864507,2.0459514086540445,17,11.86318984367351,1.9824279173369632,4,"KS"
378454,11.46830303030303,"NM",18171,3280,"18171_20251231",0.4717702770494078,1.7930061442930725,33,13.31515460870967,1.257044433893475,4,"IL"
1622684,6.569570850202429,"N",18185,24627,"18185_20251231",0.03172759711842726,3.0942841086548905,247,10.24995885400418,1.2499121920643241,4,"TX"
3296954,9.132836565096953,"SI",18190,48446,"18190_20251231",0.33271712660762237,2.530967436238019,361,11.325587764038026,0.6133448517118838,4,"CT"
1455100,8.36264367816092,"SI",18194,22708,"18194_20251231",0.3621358105929557,3.1539541675328673,174,9.435625312885405,0.3544677879342775,4,"CT"
2732114,6.864608040201005,"SM",18198,60247,"18198_20251231",0.869061583006317,4.14413778859033,398,11.359119400703257,0.7931720400227213,4,"CT"
1870620,7.892911392405064,"SI",18199,25067,"18199_20251231",0.5172303410350673,2.6127217343630775,237,9.013489644507757,0.8489478092242188,5,"CT"
1194469,7.46543125,"SI",18200,18564,"18200_20251231",0.2648061610187031,2.4601053160537307,160,11.244651202186594,0.4663634712914518,4,"CT"
2291450,11.811597938144331,"SI",18204,31282,"18204_20251231",0.14711137547398534,2.1087694417649594,194,9.498897071180036,0.22410597159265438,4,"CT"
1919529,9.27308695652174,"SI",18213,30345,"18213_20251231",0.07144324824129297,2.8113814081559263,207,14.363976250942292,0.4573894981096317,4,"CT"
238629,15.908600000000002,"NM",18216,4619,"18216_20251231",0.02774737556072821,3.5932474713152933,15,9.717608316173042,0.6161566734738124,4,"TX"
203431,5.812314285714286,"NM",1821,2783,"1821_20251231",0.39262121400972205,2.8092816057963925,35,14.521350918447329,1.2369860844077603,2,"IN"
83985466,18.397692442497263,"N",18221,817048,"18221_20251231",0.906450993178195,1.7168540987497247,4565,8.687083622511164,1.2584898622517158,4,"CT"
475408,16.393379310344827,"SI",18227,3641,"18227_20251231",0.3817587641117053,1.385069999169494,29,49.16515101500117,5.5070150982453105,7,"CT"
1204298,7.480111801242236,"SI",18229,17204,"18229_20251231",0.5016584967900554,2.589726838430444,161,8.775433655339421,0.4493147142487716,4,"CT"
484580,5.506590909090909,"SI",18237,9575,"18237_20251231",1.2939181250702383,3.459740843706359,88,13.986011118946488,1.085438563874633,4,"CT"
1755941,8.692777227722772,"SI",18238,29025,"18238_20251231",0.5311431256110505,2.6601251615967927,202,15.951626283848977,1.402418492752239,5,"CT"
1905036,8.355421052631579,"SI",18258,24885,"18258_20251231",0.6200749621802253,2.501642285967407,228,10.236935284948046,0.780563165055898,4,"CT"
3167025,12.323054474708172,"NM",18266,37312,"18266_20251231",3.0672771653292066,2.3279600154757163,257,14.704070890409653,1.640508525725249,4,"MA"
1716237,11.44158,"SM",18272,20641,"18272_20251231",0.15417221231270029,2.2513002123660635,150,11.418341062502027,1.2093633824661276,4,"IA"
213388,10.6694,"NM",18284,2721,"18284_20251231",1.4182115041980252,1.9088657848705801,20,12.544359047347944,0.7419272419960299,4,"IA"
893251,5.915569536423841,"N",18296,16181,"18296_20251231",0.21979889534060332,3.090340702840453,151,10.434296159725177,0.6850287834086766,4,"HI"
8508720,10.894647887323943,"NM",18297,89069,"18297_20251231",0.21758242807132872,1.7401167652387382,781,11.672661240459197,0.9692960000228188,4,"TX"
58007,4.143357142857143,"SM",1829,997,"1829_20251231",3.0320929316794647,3.414328405757957,14,11.668382294718505,0.23547092453503152,2,"IN"
146655,4.07375,"NM",18301,3020,"18301_20251231",0.05699567052118156,3.780279530166254,36,18.15061062550369,1.415774981701579,4,"TX"
53505,4.115769230769231,"NM",18302,1213,"18302_20251231",0.8298548996223416,5.263094939055754,13,21.421503957783642,-0.8353169619183185,7,"TX"
864872,8.159169811320755,"NM",1833,12858,"1833_20251231",0.88223390177882,2.6274679237131044,106,9.129728459398963,0.9524305906036595,4,"IN"
88115,0.8991326530612245,"NM",18342,43423,"18342_20251231",0,64.16155537553524,98,55.030646205743714,40.6654322416387,7,"MA"
906177,7.8798,"NM",18344,12097,"18344_20251231",0.6527189899344081,2.7120580128997753,115,10.418215421153745,1.5060799074940434,4,"TX"
1870071,11.198029940119762,"NM",18355,24583,"18355_20251231",0.04596254130786022,2.002882738182066,167,9.738559096872116,0.45809512227378607,4,"TX"
198798,9.466571428571429,"NM",18356,2356,"18356_20251231",0,1.838171430015255,21,11.744214103311684,1.4038955337487642,2,"IA"
543010,6.542289156626506,"NM",18361,11060,"18361_20251231",1.9318316117900112,3.2149804290422397,83,8.54409405185746,-1.1698656658242952,4,"WI"
999097,12.64679746835443,"NM",18374,9169,"18374_20251231",0.2722831221100176,1.768326484468966,79,10.031840595835883,1.2310664734726326,2,"KS"
113597,10.327,"NM",18378,1046,"18378_20251231",0.10001808837768532,2.0498976018131927,11,11.535169198266129,2.104045840351654,2,"MN"
139431,4.225181818181818,"NM",18380,1542,"18380_20251231",1.2116815776040406,2.7913336838796496,33,11.508329326583137,0.872744444492729,8,"MO"
448989,9.977533333333334,"NM",18384,4681,"18384_20251231",0.44781895582625364,1.7786209218486542,45,10.648577700332662,1.120066479601669,2,"IA"
573965,5.57247572815534,"NM",18385,8410,"18385_20251231",0.06248082216757312,2.5067740400371252,103,11.06150948501025,1.5874589333193165,2,"MO"
866586,8.580059405940593,"NM",18389,10964,"18389_20251231",2.05007765762824,2.334843363273708,101,9.546659211629857,3.1720599955397084,4,"NM"
139236,5.8015,"NM",18394,3145,"18394_20251231",0.6378454996456413,3.2676482185587616,24,15.89396581792815,0.9316818815276452,2,"IA"
173118,5.7706,"NM",1839,2236,"1839_20251231",0.9650914599159992,2.645365989168291,30,10.173191931404023,0.5326317287802503,2,"IN"
137634,7.243894736842106,"NM",183,1882,"183_20251231",0.6216173817554318,2.6994929561439065,19,13.663010170093706,0.4096174770123525,7,"GA"
523441,10.263549019607844,"NM",18400,7917,"18400_20251231",0.43101478417841554,2.8481499147340403,51,10.646845264008956,1.1836125478716586,4,"IA"
1908431,7.985066945606695,"NM",18402,19193,"18402_20251231",0.3291812734641108,1.6999217309105517,239,10.458373117703347,1.060538191649278,4,"IL"
7354239,6.490943512797882,"SI",18408,127151,"18408_20251231",0.36908024445833165,3.061297548723503,1133,7.9516843721055634,0.3912912996939128,4,"ME"
346188188,11.934231522338665,"N",18409,3845805,"18409_20251231",1.214210203332557,2.2331611546959986,29008,11.325807607263984,0.5390262720790824,9,"DE"
5398922,9.745346570397112,"NM",18429,59207,"18429_20251231",0.6838685051660923,1.8459661957901405,554,10.792226313774595,1.5435053796054738,4,"IL"
594357,4.832170731707317,"NM",18431,11611,"18431_20251231",0.487366936001026,3.638942850938502,123,8.086882010109228,2.430795181771073,4,"KS"
210384,7.792000000000001,"NM",1843,3095,"1843_20251231",0.009844734473447345,2.5950916765763052,27,8.92211814148067,0.6935946081310629,2,"IN"
811064,7.8744077669902905,"SM",18443,10026,"18443_20251231",0.8227576076740332,2.0248224584725665,103,12.065134343961056,1.2480466894291784,2,"IA"
113729,5.68645,"NM",18448,1464,"18448_20251231",1.4580363736282609,1.90567776172231,20,8.160365134961172,0.6931263017096556,2,"IA"
85839,4.517842105263158,"N",18454,1090,"18454_20251231",0,2.5876846378062246,19,15.040168885240135,1.9721275762528638,8,"TX"
38567,4.820875,"NM",18463,622,"18463_20251231",0.9034123173816531,3.4762075713064977,8,8.584344872371247,-0.5991717777451927,8,"IA"
300904,12.03616,"NM",18474,2329,"18474_20251231",0,1.6074630659119535,25,8.267020024387321,1.713831554440305,5,"KS"
428110,6.115857142857143,"NM",1847,6622,"1847_20251231",0.8092035539038105,2.7345266143571445,70,12.646764560473677,2.310207792297919,4,"IN"
27884,6.971,"NM",18483,305,"18483_20251231",0.9513355287230151,2.4390985213440115,4,13.41937323968769,1.371518015895932,2,"SD"
1340848,5.517893004115226,"SM",18489,26645,"18489_20251231",0.2558027781813305,3.127143180441958,243,13.788051848634067,1.2061345865270887,2,"NE"
251098,5.02196,"SM",1849,3848,"1849_20251231",0.16929457255624789,3.111034057635999,50,9.567700844044882,0.8262310130186872,4,"IN"
24213489,19.095811514195585,"NM",18503,177427,"18503_20251231",0.5624026364951,1.4987031072088592,1268,11.283133272326925,1.3825303099332882,4,"CA"
87748,4.874888888888889,"NM",18508,1509,"18508_20251231",2.8866149529625353,2.702279400248389,18,14.308204593847687,0.8294343301986893,4,"IA"
276213,8.123911764705882,"NM",18514,2451,"18514_20251231",1.022187577849388,1.8013155346292493,34,14.533777003895644,1.5475774013912056,4,"NM"
255043,8.227193548387097,"NM",18518,3332,"18518_20251231",0.18302367428825347,2.3901033411260877,31,7.745838565057722,1.2876864719732677,8,"IA"
921140,6.396805555555556,"NM",18519,15306,"18519_20251231",0.657380537821629,3.3332675528105287,144,9.12605408883068,0.9496461328753725,4,"AR"
558087,5.264971698113207,"NM",1852,9024,"1852_20251231",0.18306662094724224,3.222566168957626,106,9.706876381125698,0.5834018047666195,2,"IA"
2718222,7.766348571428572,"N",18561,47817,"18561_20251231",1.1275053487184448,5.7825022707544935,350,10.312363711385435,0.38552866298301985,4,"SD"
410156,10.003804878048781,"N",18564,5634,"18564_20251231",0.17903087478559176,2.0452193226216937,41,12.595346969949182,1.6147153699547308,4,"IL"
362023,5.839080645161291,"NM",18566,5003,"18566_20251231",0.021841146223353803,2.732498846265604,62,7.818609777003768,0.6173191200852339,4,"IL"
44724,8.9448,"NM",18568,285,"18568_20251231",0,1.0094750245711548,5,17.094321389517585,-0.11135695714693793,2,"IL"
1460917,7.453658163265307,"NM",18569,21639,"18569_20251231",1.4829277971176567,2.3851472810173706,196,9.738942948961151,1.0246712910533424,4,"WI"
525992,19.481185185185183,"SM",18576,4636,"18576_20251231",0.089195325476937,1.4325234205763477,27,12.58631524403465,2.075639787315847,4,"TX"
433004,8.66008,"SM",1857,4913,"1857_20251231",0,1.7930443038364094,50,10.143292632455225,1.7632272809667529,2,"IA"
553680,5.649795918367348,"NM",18584,8708,"18584_20251231",0.25018312650810065,2.513847587075657,98,10.882762120903982,1.2826521387874796,4,"MI"
584463,7.493115384615384,"NM",18592,8533,"18592_20251231",0.014457564920844832,2.294755506044371,78,16.723139828455334,3.1463110694111576,4,"OK"
1691788,10.508000000000001,"NM",18609,21412,"18609_20251231",0.12129556779438763,2.2324110906198054,161,10.060377415226721,0.9275709832892821,4,"TX"
53446,10.6892,"NM",1860,528,"1860_20251231",5.392568930733019,1.8742058449809404,5,14.466107871720116,1.8947604454742508,2,"IA"
437183,5.2045595238095235,"SM",18610,7588,"18610_20251231",0.9868431087235711,3.042523137939048,84,9.293609350173949,1.216916111960008,2,"KS"
7675698,7.761069767441861,"NM",18618,216202,"18618_20251231",0.3971308708619792,5.512350318467692,989,11.776578118140527,-2.4305521766681415,4,"CA"
213207,4.6349347826086955,"NM",18620,3692,"18620_20251231",2.469614770624114,3.58326902066748,46,10.076021131297514,1.7454048678870033,4,"KY"
215854,8.993916666666667,"NM",18641,3658,"18641_20251231",3.177528518318452,2.9516132265807395,24,15.414918561507848,1.802042345033471,4,"IL"
99260,7.635384615384615,"NM",1865,1228,"1865_20251231",0.8647233438427642,2.36247154804225,13,13.067782631273484,1.1540625559448607,2,"KS"
290256,5.691294117647059,"NM",18660,6943,"18660_20251231",1.7293089145555485,3.2880215496939083,51,11.036244230651546,2.737722244656755,4,"TX"
252324,7.885125,"NM",18677,3479,"18677_20251231",0.03151293606025273,3.333751929180863,32,12.175808675023243,0.7630274307678868,4,"TX"
374433,17.01968181818182,"NM",1867,2549,"1867_20251231",0.15774176883732485,1.709293492023297,22,11.303549118014526,1.182336697657032,2,"KS"
639380,8.64027027027027,"NM",1868,6629,"1868_20251231",0.1276877218835823,2.140864582217114,74,10.786842505556981,1.422282080751584,2,"KS"
430303,6.236275362318841,"NM",18698,7599,"18698_20251231",0,2.8088411506354096,69,12.936742361586994,2.393882568378215,4,"TX"
655241,5.241928,"SM",1869,12489,"1869_20251231",0.2385552249470008,3.033172546098594,125,10.189815764390769,1.3160762485959059,4,"KS"
260409,7.891181818181818,"NM",18710,3479,"18710_20251231",0,2.4034716727360785,33,13.424516352364543,2.9911326432558574,4,"CO"
26480975,11.350610801543079,"SM",18714,247667,"18714_20251231",0.5504896690543609,1.648618340732174,2333,9.146771717318135,1.2037051786114399,4,"CO"
63802,5.316833333333333,"NM",18719,1145,"18719_20251231",3.040834057341442,3.5291262135922334,12,11.122212195436381,1.4627831715210355,4,"MN"
36097,7.2194,"NM",18724,538,"18724_20251231",0,2.8075366762330876,5,10.494803434252146,0.8942524228001687,2,"NE"
1730035,4.346821608040202,"N",18734,57922,"18734_20251231",6.109850653435395,6.271421268714676,398,10.270362318504477,2.9315615112748152,4,"FL"
939734,8.701240740740742,"NM",18740,15745,"18740_20251231",0.23255359774537182,2.4359526121778012,108,9.647888612707616,1.6421522544232028,2,"NE"
679697,7.552188888888889,"NM",18748,10177,"18748_20251231",0,2.333944208621639,90,9.467686695683529,0.8830645604077166,2,"NE"
1071878,8.120287878787877,"NM",1874,14934,"1874_20251231",3.2311656796829777,2.9924770668764147,132,7.7370103775421155,0.930160736948266,4,"KS"
177816,11.1135,"NM",18761,2090,"18761_20251231",0,2.261905559164484,16,10.2958804212686,0.4414427084379736,4,"NE"
308021,9.333969696969698,"NM",18780,4150,"18780_20251231",1.4739391542891036,2.3397793803028564,33,10.934850105669632,2.168626918942612,2,"TX"
175302,9.22642105263158,"NM",18820,1814,"18820_20251231",0.5865162430338453,2.0656569987419284,19,9.373079460303678,1.0777596226020583,2,"NE"
617491,4.574007407407407,"NM",18841,12447,"18841_20251231",0.09028642590286426,3.464895108518852,135,9.231286293108278,1.534795413390757,4,"MO"
176252,7.343833333333333,"SM",18856,2404,"18856_20251231",0.3300580185493984,2.6027965362070353,24,10.57391409412191,1.2497137233298463,4,"OK"
356204,8.283813953488373,"SM",18858,4005,"18858_20251231",0.3308390662553883,2.253997343803465,43,10.738227019626503,1.185429196123577,4,"OH"
126968,7.053777777777778,"NM",18879,1714,"18879_20251231",4.389392093064157,2.6839198195161162,18,10.666160708754106,0.2333843321318362,8,"MO"
625881,10.260344262295082,"N",18880,6659,"18880_20251231",0.8333764352953346,1.7820504702683833,61,14.474432774008847,1.3484308971847547,5,"WY"
308662,7.1781860465116285,"N",18885,4587,"18885_20251231",0.5104987418010808,2.596395067210667,43,10.77919775056046,1.131837748464005,4,"MN"
60243,10.0405,"N",18892,651,"18892_20251231",0,2.17531737505755,6,10.82477778543375,1.3740725010617831,2,"TX"
211992,8.153538461538462,"N",18895,1960,"18895_20251231",0,1.605370417500769,26,11.98005869446476,0.04938140296364389,5,"TX"
2007657,5.802476878612717,"N",18922,33257,"18922_20251231",0.4581298771636053,2.9576021942434156,346,10.8902038681451,0.7799235260825753,4,"WI"
257422,3.3002820512820517,"NM",18924,11565,"18924_20251231",2.666520955139063,10.937528049546719,78,4.166025366373124,-6.002602997935553,7,"OK"
158840,9.343529411764706,"NM",18930,1975,"18930_20251231",0,1.9346452646534267,17,9.549697404862037,1.2847253710589162,8,"FL"
28447,5.6894,"N",18937,502,"18937_20251231",0,2.874663288531277,5,14.42755825734549,1.6531054020004317,2,"MN"
43479,3.3445384615384617,"NM",18942,962,"18942_20251231",0,3.983444022128742,13,17.463641384388808,1.6186263768468798,5,"TX"
872370,9.380322580645162,"NM",1895,10718,"1895_20251231",0,2.156274936713154,93,9.375632649305237,0.7458049794759369,4,"MD"
5801890,37.19160256410257,"NM",18983,28776,"18983_20251231",0,0.8177398209270584,156,9.399559286969824,1.2655387121660528,4,"CA"
678976,6.928326530612245,"NM",19001,8849,"19001_20251231",0.23326176239498408,2.2810329425037463,98,9.664005442561233,1.412046395983082,4,"MO"
3620138,12.746964788732393,"NM",19008,24934,"19008_20251231",1.0593661759464867,1.313783606017342,284,11.443520098261812,1.1191582221074956,4,"IL"
600188,7.061035294117647,"NM",1900,7433,"1900_20251231",0.16105319927008915,2.2036277487669707,85,8.03477001811564,1.113349305098444,2,"MN"
363648,7.4213877551020415,"SM",19011,3345,"19011_20251231",1.7007636944883755,1.952204165765109,49,20.276595388589186,0.8814385441459498,4,"VA"
328441,5.662775862068966,"N",19024,5234,"19024_20251231",0.03791703587693449,2.7650897889050383,58,9.644565045448461,1.8834714837233213,4,"TX"
131201,11.927363636363635,"NM",1903,1660,"1903_20251231",0.006064710460614759,1.9268890380383037,11,10.716110994197757,1.6513961946087687,2,"MN"
522584,7.465485714285715,"SM",1905,7476,"1905_20251231",0.18269063123024326,2.5705803994153924,70,9.869255775193507,0.7552647408724006,2,"MN"
92180,5.422352941176471,"NM",1906,1404,"1906_20251231",4.62873373076563,2.905819600350291,17,12.92402983749223,1.0648037576626066,2,"MN"
393355,8.369255319148937,"N",19070,6231,"19070_20251231",0.6388313003230317,2.328652749067297,47,12.564946675361282,0.879937426671881,2,"MS"
4546406,22.17759024390244,"N",19080,28743,"19080_20251231",0.5554861942522659,1.1710293405464547,205,10.161663854483672,1.2260750166734689,4,"TX"
102279,6.3924375,"NM",19087,2549,"19087_20251231",0,4.039363182028956,16,9.857617852844584,0.7429542995517543,2,"NE"
234068,12.319368421052632,"NM",1908,2624,"1908_20251231",0.43828334311223593,2.160497341364273,19,11.699716109201903,0.6181660157658427,2,"MN"
728366,7.5871458333333335,"NM",19101,10083,"19101_20251231",1.1222732755683649,2.2914034177182376,96,9.753371673695124,0.9747220339300892,4,"MD"
24267,6.06675,"NM",19105,350,"19105_20251231",0,2.3472429210134127,4,12.36749116607774,0.546448087431694,7,"IL"
2308328,6.652242074927954,"SM",19123,40100,"19123_20251231",1.4264182041953795,2.903487917662132,347,9.54416788764687,0.8379145608837189,4,"ND"
289665,11.5866,"NM",1913,2125,"1913_20251231",0.053708165175625704,1.4921917116869114,25,13.990207271326598,1.0670801647110102,8,"MN"
681188,5.239907692307693,"NM",19143,12859,"19143_20251231",0.5739726027397261,3.724539819698903,130,14.548649165840336,1.8681188441890066,4,"LA"
513050,10.915957446808509,"NM",19163,5015,"19163_20251231",0.17435352868581924,2.0463026618056985,47,9.532023208811085,1.6455167162257744,4,"GA"
1171608,8.4288345323741,"N",19184,14717,"19184_20251231",0.20801354476161615,2.6692324346218474,139,12.295565762362637,1.7165153868620644,4,"WY"
739719,6.063270491803279,"NM",19212,10865,"19212_20251231",0.43533487297921475,2.789234388276175,122,10.577476705493098,1.747419497301441,4,"MO"
1725546,7.130355371900826,"N",19213,39478,"19213_20251231",0.18610201354665368,3.3102673910568625,242,10.55337567342449,1.279236729056519,4,"NE"
1539019,8.550105555555556,"SM",19215,33478,"19215_20251231",0.7758265880093291,3.8817840453926222,180,7.667341042169358,1.3277155187041247,4,"TX"
2991873,5.983746,"SM",19220,47885,"19220_20251231",1.3855549107554466,2.8474462931205022,500,8.888076911191561,0.8073317877233609,4,"CO"
5911501,8.097946575342466,"NM",19222,118720,"19222_20251231",0.4285769208386915,3.3845954923852144,730,8.053095357151474,1.1483204069960713,4,"CA"
53689,4.129923076923077,"N",19230,900,"19230_20251231",0.9574185160013002,3.238643900775076,13,12.992664664969025,0.902044761128693,2,"IL"
337683,4.7560985915492955,"NM",19234,8453,"19234_20251231",2.7627718985636367,4.6741334683263585,71,10.58480265672783,1.1842022002657675,4,"LA"
392856,4.515586206896551,"N",19254,10109,"19254_20251231",3.361399265013723,4.023938722585097,87,10.02177554859564,0.18940052618568018,4,"MN"
368862,6.471263157894737,"NM",19274,5112,"19274_20251231",0.5392801380557154,2.4188206139341673,57,10.771856215828434,2.1123939554834497,2,"NE"
146527,12.210583333333334,"NM",19278,1042,"19278_20251231",1.210485736314572,1.532956735249786,12,9.474961603367527,0.8886599360399668,7,"TX"
359873,6.790056603773585,"NM",19285,3584,"19285_20251231",0.3359438057633996,2.1263229111293676,53,10.839101524804844,1.3008555864863862,8,"WV"
1109740,5.309760765550239,"NM",19288,21710,"19288_20251231",0.4793558676542944,2.5726060043625645,209,9.229322635118073,2.2930627006636355,4,"OK"
77764,7.069454545454545,"NM",1929,788,"1929_20251231",2.265511378766464,2.0756148730080795,11,16.888859900860943,1.0069554760260575,2,"MN"
5227427,10.209818359375,"N",19300,64703,"19300_20251231",0.6296264561869732,2.0770970406085327,512,10.36821842133058,1.3174688706580027,4,"NE"
190823,5.612441176470589,"NM",1931,3905,"1931_20251231",0,3.3254111038140084,34,8.83143444553904,0.8706608679654559,4,"MN"
2722839,9.292965870307167,"NM",19333,34568,"19333_20251231",1.6880607806184735,2.7021558270469437,293,14.338507475053108,1.2724367661825042,4,"IL"
144870,7.624736842105263,"NM",1933,2073,"1933_20251231",3.5485495286317734,2.2089507519939615,19,8.02092604250331,1.5211294386081664,2,"MN"
210887,5.143585365853658,"NM",19349,3618,"19349_20251231",0.0625311330853285,2.8603471416980013,41,8.554351057645802,1.818750826380638,2,"MO"
157317,5.826555555555556,"NM",19351,2474,"19351_20251231",0.5962425469681629,2.7412794091048442,27,10.7926821580321,1.3674327796470587,4,"CO"
116572,7.771466666666667,"NM",19354,1685,"19354_20251231",2.492036265621171,2.4252422397936932,15,15.655276135846947,2.3105220243851567,4,"LA"
943297,11.645641975308642,"NM",19358,8936,"19358_20251231",0.008189099966731781,1.6055998847709967,81,11.727419098992995,1.1713054427562988,4,"TX"
349112,7.589391304347827,"NM",1936,3818,"1936_20251231",0.2605212096882109,2.005727842696878,46,11.284742364340048,1.571102284133925,2,"MO"
1485190,7.577500000000001,"SM",19371,18799,"19371_20251231",0.32502745981196074,2.3256017129009234,196,12.800894347714307,1.2296354440383817,4,"AR"
145820,4.166285714285714,"NM",1937,2215,"1937_20251231",2.7743237458466683,2.7133255670565113,35,12.499225809115496,0.6325757733917334,7,"MO"
161461,5.382033333333334,"NM",19381,3045,"19381_20251231",0.05028213866696463,4.054366516859307,30,11.20497917153074,1.33883128998222,4,"CO"
599398,6.659977777777778,"NM",19396,9573,"19396_20251231",0.38568464384322004,2.4349148890295913,90,9.413522225397159,1.0486603696929295,4,"ND"
673384,7.0144166666666665,"NM",19401,13121,"19401_20251231",0.004503693028283192,2.9502224738017815,96,10.414152186920756,1.4210567232275282,4,"TX"
5583080,14.463937823834197,"NM",19416,68412,"19416_20251231",0.7178585338629541,1.8501736361634311,386,13.912901856001229,0.830741675376934,4,"CA"
189958,10.553222222222223,"N",1941,2158,"1941_20251231",0.4996939196788292,1.8563428103950879,18,10.802035576274935,1.244936878948101,2,"MO"
362206,5.842032258064516,"NM",19420,6036,"19420_20251231",0.19883664668882245,3.181565806284841,62,12.8658255324922,1.608900509518448,4,"GA"
786267,8.19028125,"NM",19434,11487,"19434_20251231",0.012439487078482797,2.636085785382101,96,11.230682608214888,0.7007123718599398,4,"CA"
244971,3.310418918918919,"NM",19440,4413,"19440_20251231",1.686775032005276,3.5636134205514507,74,10.307366189719131,1.1037186765056894,4,"AL"
853370,7.688018018018018,"NM",19448,9029,"19448_20251231",1.9416794789211496,1.8657281772256995,111,11.77840188878245,1.3686851826987156,4,"MS"
4088428,7.1601190893169875,"NM",19459,40462,"19459_20251231",0.1802444277181846,1.9605721645136895,571,9.848368717113036,1.273917706616232,4,"IL"
110023,6.8764375,"NM",1945,1520,"1945_20251231",0.0607573536210062,2.1907476284625185,16,11.416497993679203,1.243797197248665,2,"MO"
267251,3.9888208955223887,"NM",1946,4997,"1946_20251231",0.4368465503684073,3.5617965392708175,67,8.346913524361353,0.7855976652021623,2,"MO"
1211874,6.31184375,"N",19482,16794,"19482_20251231",0.11115121722041746,2.565819791434903,192,8.275020067650782,0.8419271089852169,4,"OH"
1354670,8.796558441558442,"N",19502,21011,"19502_20251231",0.1603147694690358,2.446690083439017,154,10.56999955139571,1.9863523037007342,4,"TN"
1904880,5.427008547008548,"NM",19506,39086,"19506_20251231",1.5590793367709586,3.4137174689044807,351,8.9498201114309,1.2093547793871384,4,"IL"
1052433,8.419464,"NM",19512,13155,"19512_20251231",0.16108426373382215,2.4016448443301144,125,10.51291279074316,0.8116260972080254,4,"MO"
640657,7.040186813186813,"SI",19525,11868,"19525_20251231",0.9103826282507854,3.0010360454843035,91,18.399906906312385,0.8386883537046572,4,"AK"
2714674,8.327220858895705,"SI",19531,43530,"19531_20251231",0.42399221782352503,2.6864962518961226,326,11.514257906503248,0.8919409991645131,4,"ME"
841551,5.884972027972029,"SI",19532,14034,"19532_20251231",0.4323668662206049,2.9774888261052013,143,15.080385186684019,1.0676973809354748,4,"ME"
286073,9.22816129032258,"NM",19540,3191,"19540_20251231",0,1.8790744876040613,31,9.837262928710798,1.3167340742856293,4,"IA"
261975,5.821666666666667,"NM",19544,4412,"19544_20251231",1.247575654957978,2.954502541511607,45,8.74416761245924,0.6646220230236803,4,"MT"
2389217,6.618329639889197,"NM",19559,41108,"19559_20251231",1.784751442528948,2.70355659829941,361,12.297697941378223,1.7938215568631055,4,"TX"
243459,7.377545454545455,"NM",1956,3551,"1956_20251231",0.857236373838185,2.3431767729626647,33,10.978974053086787,2.041777583552191,2,"MO"
2893511,14.467554999999999,"NM",19573,37658,"19573_20251231",0.04185739367962022,2.023560030731738,200,10.40027891777459,1.6418823044155813,4,"IL"
14443599,7.558136577708006,"NM",19581,256319,"19581_20251231",0.8855381721640564,2.9644368308040487,1911,9.773143289245576,0.5918452107658141,4,"ND"
101267,6.3291875,"NM",19589,1780,"19589_20251231",0.16317725475011755,2.7147435579413197,16,9.742763703812173,1.2343351557306292,4,"MN"
333342,6.410423076923077,"NM",19590,5106,"19590_20251231",1.150429934801096,2.988505188579537,52,10.038824518639714,1.6199884833214686,4,"GA"
111521,11.1521,"NM",19595,1135,"19595_20251231",0,1.816350982741479,10,10.324338373020495,1.542305044994519,8,"TX"
3320167,6.45946887159533,"N",19600,52364,"19600_20251231",0.894230230942243,3.212705726021771,514,14.222009710578442,0.8190247879060873,4,"MO"
997811,8.384966386554622,"N",19603,11009,"19603_20251231",0.12892842309289768,2.2391683230887454,119,10.576150674353208,0.8540603227148613,4,"TX"
1571795,9.948069620253165,"NM",19608,20024,"19608_20251231",0.23994822769484114,2.271212271808634,158,10.39992018052677,0.5611105589238975,4,"WI"
9753348,6.986638968481375,"NM",19629,104237,"19629_20251231",0.7927594914866924,2.1046068029695237,1396,18.576308052013367,2.92209938853088,4,"TX"
467042,7.2975312500000005,"NM",19638,6909,"19638_20251231",3.3206308120026846,2.444586524514657,64,8.229518743913241,1.6330215664957208,4,"LA"
553103,8.921016129032258,"SM",19644,5819,"19644_20251231",0.708094158596659,1.8599993433365072,62,12.597557131168898,1.0979048786449386,4,"AR"
260372,6.676205128205129,"SM",1964,3988,"1964_20251231",0.06309180109426421,2.700683543434205,39,10.303900287094741,1.9243199695231434,4,"MO"
299215,7.672179487179488,"NM",19674,3360,"19674_20251231",0.845710438843775,2.200149782745994,39,10.558414779299593,1.5195701166165665,4,"WV"
343126,5.446444444444445,"NM",19679,6051,"19679_20251231",0.00275583824331847,3.056779667176231,63,9.2501573000921,1.9151054701032777,8,"OK"
67781,5.648416666666667,"NM",19680,1363,"19680_20251231",0.5082064977830788,3.543943667187124,12,14.988777495136915,2.104457623876028,4,"GA"
321550,5.02421875,"NM",19681,4958,"19681_20251231",0.3375694255351688,3.141013218992766,64,9.627533864041125,1.2789111808296396,4,"WV"
176163,8.808150000000001,"NM",19687,1853,"19687_20251231",0,1.8607130281265527,20,15.492137449039022,1.7998147728314193,7,"KS"
177419,3.856934782608696,"NM",19689,2550,"19689_20251231",1.9486056309770614,3.221423662159025,46,11.347707393169536,1.1441686655955141,4,"IL"
4947308,22.590447488584473,"NM",19690,50699,"19690_20251231",0.7995969569892183,1.9350168213064844,219,12.192212963226302,2.0078425115199092,4,"ME"
302496,3.601142857142857,"NM",19700,6573,"19700_20251231",0,3.605715776400484,84,12.043918863538753,1.5731860070083112,4,"TX"
774911,8.422945652173913,"NM",19716,8903,"19716_20251231",0.6398122514824918,2.067542019554756,92,13.0259286157208,1.2327836083026293,4,"IA"
152733,5.0911,"NM",19720,3063,"19720_20251231",0.2881388396165921,3.310036365254236,30,13.84603356614198,2.1035317086958627,4,"GA"
162958,6.035481481481481,"SM",1972,2161,"1972_20251231",2.39122269897454,2.4041411686890646,27,9.29083469218226,1.168482368124266,2,"MT"
391246,7.984612244897959,"SM",19742,4954,"19742_20251231",0.0003852792504006904,2.3084111407310144,49,10.571324235633103,1.4589052519000711,4,"NE"
158997,2.8908545454545456,"NM",19744,4235,"19744_20251231",0.5286891618721816,4.9988877236469955,55,10.031042668452127,-1.1376998125019862,8,"LA"
172594,4.013813953488372,"NM",19755,2992,"19755_20251231",1.4366178418906217,3.477070274225099,43,12.620221063208767,1.1068752124647556,4,"LA"
2077345,9.111162280701755,"NM",19772,34339,"19772_20251231",0.6643321596130279,2.7638463724602795,228,8.148799238552325,1.0101044026445758,4,"WI"
1156839,7.415634615384615,"SM",19788,18633,"19788_20251231",0.8491116704972457,2.653716703257689,156,10.548929014548733,1.6375967726965215,2,"TX"
1363581,13.635810000000001,"SM",1978,11965,"1978_20251231",0.4523789852353793,1.645140836622663,100,13.27814210330003,2.8512069229304937,4,"MT"
656821,6.0258807339449545,"NM",19795,9901,"19795_20251231",1.5604158630273228,2.392530951153308,109,9.156882607901423,0.7077038090694283,4,"WI"
69509,5.346846153846154,"NM",19796,242,"19796_20251231",0.7209612817089452,0.5993245612195056,13,11.055039596285093,0.8045932234371863,5,"IL"
461977,6.599671428571429,"NM",197,5966,"197_20251231",0.018290240895086546,2.2252377024115146,70,11.90720809757051,2.169678986182325,2,"IN"
228632,7.375225806451613,"NM",19800,3148,"19800_20251231",0,2.4103603094306316,31,12.393162393162394,0.7422104376306163,4,"LA"
138500,6.595238095238095,"NM",19809,2020,"19809_20251231",1.6737873406427481,2.716003823878883,21,11.616682113067656,1.2685288723533874,2,"NE"
205642,6.854733333333333,"NM",1980,2702,"1980_20251231",0.3876979661296078,2.581292058823241,30,9.235479364259664,1.2901554759986933,4,"MT"
70414,3.706,"N",19819,1116,"19819_20251231",0.03376911573158377,2.9269322360929837,19,12.147303343825426,1.1966381158226775,7,"GA"
734930,9.67013157894737,"N",19827,7961,"19827_20251231",0.9876432682975463,1.740012309758281,76,14.284830778621357,2.3244460608773503,4,"OR"
201274,9.58447619047619,"SM",1982,1829,"1982_20251231",2.8322549363829395,1.7863750406122523,21,14.856443294685937,0.7050738240496733,2,"MT"
775801,5.350351724137932,"SM",19836,13318,"19836_20251231",1.5742987625665066,3.0351470829883396,145,18.63174825510022,0.7185707395335951,4,"ME"
193387,5.860212121212121,"NM",1983,3166,"1983_20251231",0.008523639987673505,2.898004127000642,33,9.094205713989691,1.186729438693232,2,"NE"
1403917,6.43998623853211,"NM",19850,24548,"19850_20251231",0.3005839137660168,3.5295702727444827,218,11.509440666695191,0.9383376813384298,4,"NE"
75295,18.82375,"NM",1986,964,"1986_20251231",0,1.5948376654939662,4,27.896815503916656,0.6621072350979892,2,"NE"
2642787,14.682150000000002,"NM",19899,19648,"19899_20251231",2.2591088442667924,1.235021645421556,180,12.414297739576334,1.6896659688836997,4,"KS"
413219,7.513072727272728,"NM",19904,4734,"19904_20251231",0,1.8951563071890938,55,8.972436885765363,1.3011591585648046,7,"NM"
345563,8.036348837209301,"NM",1992,4270,"1992_20251231",0.1513003936304197,2.186150303175055,43,11.654982185955637,1.2214225753313033,2,"NE"
77483,7.7483,"NM",1993,1145,"1993_20251231",0.04747887190200361,2.210225151073688,10,13.231919883374532,0.9427313702081108,2,"NE"
14430208,22.5472,"NM",19977,180374,"19977_20251231",1.1436279508874114,2.3333390680924855,640,10.39801521052452,0.5435579198017816,4,"NY"
287602,7.773027027027028,"N",19978,2963,"19978_20251231",1.04782311803904,2.2186860011311227,37,9.785227722497275,1.4929410235603657,8,"NJ"
1863938,10.900222222222222,"NM",20015,37148,"20015_20251231",0,7.262747646324757,171,7.169084052860998,2.6425537202266236,9,"NJ"
84840,1.663529411764706,"N",20026,3755,"20026_20251231",0.06991126646948105,8.140882440396771,51,9.010636162954045,-2.982067566846347,4,"FL"
593707,4.749656,"NM",20093,9515,"20093_20251231",5.331241559242081,2.641700186068012,125,10.622661588814447,0.7883364122961192,2,"OK"
4500280,136.37212121212121,"NM",20099,6234,"20099_20251231",0,4.297528252419128,33,12.029981710028979,0.7731067847294917,9,"TX"
382391,5.882938461538462,"NM",20100,7069,"20100_20251231",0.26078734566953055,3.580567661766311,65,9.74288405911803,0.7959390382236021,4,"TN"
1202363,12.269010204081633,"NM",20130,11582,"20130_20251231",1.4236696934655266,1.5849433837607296,98,14.670400287566803,2.0472473628956522,2,"NE"
1038067,8.238626984126984,"NM",20156,14168,"20156_20251231",0,2.4002405006034357,126,10.872176200642297,0.9792179044280149,4,"OK"
1145757,8.424683823529412,"NM",20161,17047,"20161_20251231",0.4207492154213734,2.5398326887961824,136,10.270038584484531,2.2537445875718793,4,"NM"
110274,8.482615384615384,"NM",20162,1362,"20162_20251231",1.7351393708720475,2.4519221801495963,13,9.478573129843719,1.3290182984835202,4,"MT"
4087875,12.977380952380953,"NM",20164,59986,"20164_20251231",0.5701640525654085,2.891362417545692,315,9.94931672194166,1.9290143945849516,4,"UT"
696917,7.830528089887641,"NM",20179,13364,"20179_20251231",0.2444564167436032,6.967387502914432,89,10.391235827411846,0.8498484495220331,4,"MI"
606016,5.050133333333333,"NM",20198,12411,"20198_20251231",0.5393935467150447,3.602320553684778,120,13.127707576447659,1.133104654431857,4,"GA"
2729496,10.299984905660377,"NM",20231,26892,"20231_20251231",0.1458530495594045,1.9656373861135346,265,10.609360555303113,1.1392515896456679,4,"TX"
28048551,24.998708556149733,"N",20234,212167,"20234_20251231",0.9426817696386831,1.5132697597005667,1122,10.944447218941345,0.9551085822046312,4,"FL"
143003,4.333424242424243,"SM",20239,1736,"20239_20251231",0.38216400367078585,2.8074947027045676,33,9.032144211035439,0.7331399377262311,4,"KY"
2505741,6.9028677685950415,"N",20241,65921,"20241_20251231",0.2368129659684204,4.293311454832254,363,7.123680249531623,-0.8391350505054409,4,"TX"
564303,4.742042016806723,"NM",20268,14281,"20268_20251231",0.11214623162170516,3.9941623495317358,119,13.426283514967686,2.2026767165184777,4,"MN"
379768,3.331298245614035,"SM",20279,8667,"20279_20251231",0.4460589128979069,3.8297058903847727,114,9.376852520505718,0.9445916054507224,2,"OK"
7187696,9.274446451612903,"SM",20296,120940,"20296_20251231",0.28054609333072233,2.8200181570585565,775,11.964596592428308,1.0730890383636638,4,"WI"
628770,7.667926829268293,"NM",20311,9288,"20311_20251231",0.0015300189722352556,2.406374223491031,82,10.331285048964386,1.6435183306984198,4,"MT"
498181,4.083450819672131,"NM",20353,10309,"20353_20251231",1.4121704652694327,3.8753428704393666,122,15.377984147977584,1.3959331347026371,4,"LA"
5067928,6.135506053268765,"NM",20369,76892,"20369_20251231",0.2185411769061326,2.4580558821629563,826,12.023598113194863,1.6712655894764914,4,"IL"
965683,7.603803149606299,"NM",2036,16421,"2036_20251231",0.6243641433362221,3.07772202256553,127,14.891903437210225,2.2410722154002314,4,"NC"
1121969,11.10860396039604,"SM",20387,12416,"20387_20251231",0.8240123969066487,2.554061850922828,101,12.607940659637102,0.682658301177447,4,"CA"
235880,4.212142857142857,"NM",20429,3782,"20429_20251231",0.2456885525791349,2.9054324936040667,56,11.257290688733788,1.5248882578174279,4,"AL"
30606,6.1212,"NM",20454,352,"20454_20251231",0.011629259216187928,1.9779820194851603,5,10.704360325826546,1.07832934184294,7,"IL"
352106,6.070793103448276,"NM",20468,5604,"20468_20251231",0.777590530911214,2.7224260725551126,58,10.950243029605424,1.0364180082749581,2,"AL"
93424,8.49309090909091,"NM",20479,1120,"20479_20251231",5.862989649244724,2.3252093702332646,11,13.313408201273571,2.2080476577796504,2,"MT"
1366254,5.940234782608696,"SM",20484,22504,"20484_20251231",0.19143103091708366,3.1481892881859306,230,9.666226139343555,1.5402932924397361,4,"VA"
2149132,12.422728323699422,"SM",20488,19838,"20488_20251231",0.0032418663887924045,1.7140649413390583,173,10.229854610007495,1.4668925675824314,4,"NE"
27432143,10.26267976056865,"NM",20504,332008,"20504_20251231",0.535392082839545,2.1830233617861685,2673,11.672045753580761,1.6372347867448518,4,"GA"
323126,7.881121951219513,"NM",20537,4748,"20537_20251231",3.9865707048369585,2.2399541073428253,41,13.940827053745672,1.0579557270836666,4,"OK"
561380,5.9092631578947366,"NM",20568,7328,"20568_20251231",0.25834511253669673,2.488054622951413,95,10.902790311518608,0.7816529867967384,8,"NC"
191200,9.104761904761906,"NM",2057,2306,"2057_20251231",0.029590849598816367,1.8635313321807008,21,9.155497037524688,0.6870211609029607,2,"ND"
9630743,9.359322643343052,"NM",20624,148990,"20624_20251231",0.947628535994332,2.4269169416544862,1029,12.5593369256908,1.4741437056292461,4,"IL"
88099,7.341583333333333,"NM",20657,1128,"20657_20251231",1.4198015361327576,2.0966479488342684,12,9.564666589888288,2.4833055582325163,4,"MT"
383662,7.522784313725491,"NM",2068,4811,"2068_20251231",3.894820283711937,2.405817066802946,51,15.847233596444662,1.2540133983624224,4,"OH"
403664,3.9966732673267327,"NM",20698,7327,"20698_20251231",0.920197072555928,3.0739172940819683,101,10.442409012733012,1.6775796679470645,4,"LA"
981988,4.588728971962617,"SM",20720,19115,"20720_20251231",0.03327688898998324,3.43649813763838,214,9.04840031986544,1.1744809769357667,4,"TN"
1130082,14.869500000000002,"N",20727,15947,"20727_20251231",0.39423655361325105,2.0684799931832325,76,11.004009322252381,0.8669560471408316,4,"TX"
2150738,7.995308550185873,"N",20741,33346,"20741_20251231",0.6730838258871952,3.1087445799058173,269,11.529088014533587,0.917556883118756,4,"NY"
1063075,7.4340909090909095,"NM",20776,17276,"20776_20251231",2.003056392548076,2.93561384916342,143,8.846031315825762,0.960894817680858,2,"ND"
1594707,5.263059405940594,"NM",20818,21830,"20818_20251231",0.4791310667581242,2.2605020998813288,303,9.0516054327106,1.8538557356801229,4,"TN"
1392348,6.271837837837838,"NM",20845,27332,"20845_20251231",1.4708726152304794,3.2817291743732326,222,9.579965883723363,2.350900325763994,4,"TX"
1105310,5.72699481865285,"NM",20856,19099,"20856_20251231",0.8983003693870297,3.4711549498979686,193,11.109586159134558,0.8574749199693098,4,"LA"
299764,3.4856279069767444,"NM",20872,6418,"20872_20251231",2.4872484058215476,4.211539453104859,86,8.616218242540938,1.3784095010570099,4,"KY"
3013931,5.729906844106464,"NM",20884,48022,"20884_20251231",1.9433342811788572,4.820254382026269,526,9.106630132932118,0.8270117459407101,4,"GU"
763257,11.39189552238806,"N",2093,12157,"2093_20251231",2.551681374774396,2.3710551547432006,67,11.343238354467559,1.0493544441030338,4,"DC"
1964949,9.268627358490566,"N",20954,18642,"20954_20251231",0.012157259538254972,1.7342290469849662,212,10.842836583438935,1.8617818876632914,4,"TN"
1344534,8.73074025974026,"NM",20989,15030,"20989_20251231",0.38464323471057627,1.9192535610145345,154,12.99195500368012,1.5711821689463672,2,"MT"
653856,6.60460606060606,"SM",20993,11026,"20993_20251231",0.19301771005181306,2.642608746692815,99,10.572915871586243,1.0932659775188356,4,"TN"
1948354,8.017917695473251,"N",2102,21083,"2102_20251231",0.053505892830210365,1.8282981548990354,243,9.635940289240162,1.2279179900070398,4,"SC"
2926118,10.124975778546712,"NM",21031,43100,"21031_20251231",0.17848785338298725,2.2958546289607735,289,10.567375840363345,1.194108394177031,4,"FL"
130228,3.7208,"NM",21050,1971,"21050_20251231",1.1333486193455402,2.719985686721195,35,15.902716409882045,1.0642416352921034,8,"AL"
935737,4.848378238341969,"NM",21074,16609,"21074_20251231",0.2790802485720972,3.282104156215113,193,10.280227854476601,1.1535611075794852,4,"TX"
305598,5.0933,"N",2107,3753,"2107_20251231",0.4276457587804227,2.6323623729023518,60,12.134180818499093,1.2817157208477106,4,"SC"
555143,3.993834532374101,"NM",21083,11220,"21083_20251231",0.2436995206997342,3.9567706070151183,139,10.486061305450551,1.042727162012353,4,"MS"
81565,5.0978125,"NM",21085,1701,"21085_20251231",8.612080375406087,3.293802771082556,16,13.830241793595738,1.3382228991379184,2,"WI"
295690,7.39225,"NM",210,3585,"210_20251231",0.742850431616654,2.3897221522477685,40,9.591050797726023,0.29650256333444536,4,"IN"
825383,6.710430894308943,"NM",21121,10398,"21121_20251231",0.7649582414990307,2.008798913016027,123,10.589669095922789,2.415912798832199,2,"KS"
393088,5.955878787878788,"NM",21161,7448,"21161_20251231",0.04661763182430333,2.9593693332647577,66,10.456950670434315,1.3300994060892277,4,"KY"
97267,3.8906799999999997,"NM",21219,1908,"21219_20251231",0.6512290494672424,3.9694265713310632,25,9.3902193600322,0.9166618110989952,8,"KY"
545094,6.988384615384616,"NM",21227,6895,"21227_20251231",0.013856126097506574,2.344706823862799,78,14.173488942308548,1.208721159507976,4,"TN"
587827,5.295738738738739,"NM",21247,8955,"21247_20251231",0.19321998877537058,2.7013481081839283,111,9.066727655110352,1.1082848526420765,4,"KY"
52937,3.7812142857142854,"SM",21255,946,"21255_20251231",4.564964904307428,3.410590884385434,14,10.752007153102472,2.172140694153273,8,"OK"
5466642,17.691398058252428,"NM",21265,62840,"21265_20251231",0.20380952948126146,1.8737572772342288,309,10.570528352753406,0.9421424778720063,9,"FL"
144348,11.10369230769231,"NM",21284,1574,"21284_20251231",0,1.977518301234787,13,9.7403427078749,0.7130441296630519,8,"FL"
1161884,5.958379487179487,"NM",21292,13844,"21292_20251231",1.0351743251237815,2.200829482049778,195,9.94449655587513,1.4192338627025376,4,"GA"
588397,7.641519480519481,"NM",21329,9708,"21329_20251231",2.327768739719678,3.007004287350111,77,10.292739465187516,1.1783521732242797,4,"TX"
281511,7.608405405405406,"NM",21342,6106,"21342_20251231",0.34517976496748587,4.107746165401611,37,9.505643495936603,-0.6945344843391145,4,"TN"
102241,5.11205,"SM",21379,1531,"21379_20251231",0.5443870762996326,2.7038401049528584,20,15.449663903423676,0.90095074012313,8,"AR"
2210609,5.5265225,"N",2138,39165,"2138_20251231",0.5821091882415458,2.771206809564445,400,9.12967350540078,1.0538541405765094,4,"GA"
72204,5.157428571428572,"NM",21448,1869,"21448_20251231",1.2358609132802683,5.847714994479578,14,19.288701785079688,0.02949844220131423,4,"UT"
157048,4.362444444444445,"NM",21455,3235,"21455_20251231",4.782225256749452,4.342154599379672,36,11.57807850508778,0.6536576816270474,4,"TX"
158354,6.884956521739131,"NM",2145,2051,"2145_20251231",1.3824109884858085,2.705745623592649,23,14.551350053041373,2.927549315651299,4,"GA"
237171,9.486839999999999,"NM",21486,1900,"21486_20251231",0,1.5847139350427901,25,15.632071799215444,1.1051059732829367,4,"IL"
588904,10.707345454545454,"SM",214,5331,"214_20251231",0.48231788193547276,1.572116278218114,55,12.241533636849528,1.3529078882545071,2,"IA"
241969,6.2043333333333335,"NM",21525,3148,"21525_20251231",0.4834648530786003,2.428587998533619,39,10.317088568926543,0.8284376351978895,5,"MN"
157582,5.83637037037037,"NM",21526,2404,"21526_20251231",0.04036988910896085,2.817924182737724,27,22.82703076826276,1.5455205608857987,8,"GA"
134706,6.122999999999999,"NM",21529,2057,"21529_20251231",0,3.2340344974750455,22,12.00918395143402,0.6700554144961134,4,"LA"
195317,5.425472222222222,"NM",2154,4433,"2154_20251231",1.1619928533875121,4.383141226219872,36,12.670186301342545,1.2381161839829653,8,"GA"
310890,5.865849056603773,"NM",21557,5336,"21557_20251231",0.636463419837025,3.4395576882691152,53,10.930933630406797,0.9907490150844849,4,"MT"
700010,12.727454545454545,"N",21567,5784,"21567_20251231",0.19265450247022095,1.7627361258952707,55,10.611104365158107,1.6365907637088433,4,"TX"
2044108,7.460248175182482,"NM",21573,29124,"21573_20251231",0.43515680682069635,2.527576317990986,274,9.624003524906296,1.5837345283614401,4,"TN"
85722,4.511684210526316,"NM",2157,1239,"2157_20251231",4.523089899486891,2.8823604163537855,19,8.580456712236543,-0.22989568050276682,2,"GA"
3147210,15.203913043478261,"SB",21591,24939,"21591_20251231",0.19384863923707435,1.3441657549976247,207,9.368127689966933,1.2678949744124999,4,"NY"
974892,10.832133333333333,"NM",21606,11083,"21606_20251231",0,1.8220839366213815,90,11.532879896131169,2.326176026616555,4,"CA"
226527,6.662558823529412,"N",2160,2907,"2160_20251231",0.22946494819863147,2.814616113778045,34,19.000364732988764,2.2103001600160552,8,"GA"
77607,8.623,"NM",21635,1030,"21635_20251231",0,2.4917860968611203,9,11.96041245400083,0.7706554938745732,4,"IL"
113167,8.705153846153847,"NM",21692,1016,"21692_20251231",0,1.716349388807895,13,10.092274624058572,0.8638695749691601,7,"FL"
383994,17.454272727272727,"NM",21693,4138,"21693_20251231",0,2.2792354112238096,22,13.400615265511515,1.2705917030995069,4,"TX"
1146708,10.617666666666667,"NM",21714,12170,"21714_20251231",0.052677581524130206,1.8154285228693403,108,10.367785560354577,1.658884158250419,4,"MN"
15634835,15.16472841901067,"N",21716,136832,"21716_20251231",0.0538555702810594,1.4730897913194951,1031,11.460415736115538,1.3913818128993196,4,"CA"
149960,8.821176470588236,"NM",21721,1659,"21721_20251231",0,2.0977061905791574,17,10.532298581192023,1.2443443529205374,4,"IL"
150265,12.522083333333335,"NM",21728,1365,"21728_20251231",1.336248785228377,1.7227847858961354,12,14.715518403667252,1.2114185081777586,2,"ND"
83122,5.5414666666666665,"NM",21752,1316,"21752_20251231",0.05563549160671463,3.0896995458250847,15,13.61445926490011,1.727417413920267,2,"OK"
70443,,"SM",21761,0,"21761_20251231",0,0.01730947318618358,0,99.61829342980445,3.323418851747247,7,"MI"
582890,6.699885057471264,"NM",21784,9320,"21784_20251231",0.5623849207616249,2.7868466436604575,87,10.482126489459212,1.4710981435367725,4,"GA"
502078,7.969492063492064,"SM",21805,5337,"21805_20251231",1.17816021148451,1.9878611546058578,63,9.236646014311495,1.4022609525095442,2,"AR"
55230,4.6025,"NM",21807,939,"21807_20251231",0.7313829787234043,3.3699341039530295,12,11.803715917896596,1.3102245156750496,8,"TX"
5495218,83.26087878787878,"SM",21843,25842,"21843_20251231",0,8.875323870632196,66,19.7443626947072,1.3589895540206127,9,"NY"
821884,9.556790697674419,"NM",21848,12653,"21848_20251231",1.2051957977641619,2.5871844779508217,86,9.417881594452721,1.7463211916435466,4,"OK"
6423778,9.544989598811293,"N",21868,340151,"21868_20251231",0,16.090439554678223,673,6.547329325983594,2.962171237251645,9,"NY"
228019,5.302767441860465,"NM",21874,3343,"21874_20251231",0.08890744869299315,2.747496638846967,43,11.369658942717784,0.7129579885615546,4,"TN"
696251,4.7364013605442175,"SM",21883,8739,"21883_20251231",0.30654314180626746,3.350693014444353,147,10.197930316360914,0.6158880394168345,4,"VA"
193808,6.683034482758621,"NM",21897,2531,"21897_20251231",0.4275039020953907,2.784418610030005,29,8.420800906647536,1.0571013450576439,4,"MO"
1145290,4.7720416666666665,"SM",21906,22904,"21906_20251231",0.5144903940084663,3.4401665918149664,240,12.200151406304615,1.8031072811991244,4,"MS"
389443,7.211907407407407,"NM",21928,5528,"21928_20251231",0,2.3874567780831635,54,9.133238212453575,1.4908790672931997,4,"ND"
9820725,8.706316489361702,"NM",21943,149771,"21943_20251231",0.9027406237638431,2.437822135654704,1128,11.783484324147675,1.2666150696381695,4,"CA"
290667,8.80809090909091,"SM",21955,4377,"21955_20251231",0,2.9678719109729794,33,8.78671134825152,1.0092134987159271,4,"KS"
2058386,7.796916666666666,"NM",21956,40796,"21956_20251231",0.23051229832964149,3.2951580554841797,264,10.737151648143954,0.44731833488799194,4,"CA"
588365,14.008690476190477,"NM",21978,4833,"21978_20251231",0.19103780696351114,1.6117084495561225,42,11.95980849728819,1.8313752227810585,4,"OK"
314597,6.291939999999999,"NM",21988,4120,"21988_20251231",2.470217653885323,2.5227546887023022,50,11.986210554229647,0.666855792199576,2,"IL"
104495,5.805277777777778,"NM",21998,1463,"21998_20251231",2.2608388472982703,3.031865224496148,18,13.486557221032596,1.5718621118979068,2,"MS"
613829,6.394052083333334,"NM",22015,8839,"22015_20251231",0.8582852704058839,2.557957789367726,96,10.577862172538898,1.3247637418640328,4,"TN"
572671,5.30250925925926,"SM",22020,11861,"22020_20251231",1.9476065463888734,3.6964856020894805,108,8.525020405819097,0.8913459797059684,4,"TN"
225348,8.346222222222222,"N",22046,2485,"22046_20251231",0.03158046702999242,2.5987288816202563,27,14.670033044290228,1.9306798767577356,4,"LA"
270380,4.506333333333333,"NM",2205,5324,"2205_20251231",0.04810583283223091,3.5232118383580624,60,8.732168106543481,1.6723237478366244,2,"MT"
653794,11.272310344827586,"SM",22065,9646,"22065_20251231",0.06862259612263785,2.358254057868304,58,10.424431102216293,1.2751131823948514,4,"OK"
251003,10.91317391304348,"NM",22086,3035,"22086_20251231",0,2.0683556083338948,23,10.479145247601368,2.2681021260862684,4,"NM"
894234,6.001570469798658,"SM",2208,17299,"2208_20251231",0.24767155105415314,3.3945002794775894,149,8.174852943967437,1.1308823778087613,4,"WY"
422389,5.089024096385542,"NM",22090,7711,"22090_20251231",0.2671347011698954,3.3478895196458516,83,9.357190318439786,2.295174259249445,4,"TN"
703236,6.335459459459459,"N",22092,10921,"22092_20251231",0.5387831120822062,2.6374079674180333,111,13.05896231041024,1.826635235061636,4,"GA"
3526937,10.134876436781608,"NM",22134,36003,"22134_20251231",0.21019399910770015,1.813285572580952,348,9.504525575956617,1.879265883704218,4,"UT"
366218,7.629541666666667,"NM",22138,5203,"22138_20251231",0.09203651711507353,2.467298662752508,48,10.223645701032636,1.4093057040678134,4,"GA"
767955,6.620301724137931,"NM",22139,17295,"22139_20251231",0.017080591926238634,3.5979932898651645,116,9.564739497461785,0.3839072819733705,4,"LA"
1306031,9.603169117647058,"SM",22180,21318,"22180_20251231",0.28784086584145563,3.0709680902065917,136,13.27211774565879,0.5757808013927362,4,"MN"
728215,8.990308641975309,"NM",22205,10531,"22205_20251231",0.1696462681058541,2.613590671491757,81,8.734158062726506,0.7378445738853713,4,"GA"
66167,3.6759444444444447,"N",22229,1517,"22229_20251231",3.604184036989312,4.75767342389831,18,15.594245665805975,0.13102804301334378,4,"AL"
239444,6.139589743589744,"NM",22242,4874,"22242_20251231",3.9000028592396325,4.3334150573325285,39,9.737261471826095,1.1108177429088715,4,"MN"
798812,6.24071875,"N",2224,10617,"2224_20251231",0.8155529545674186,1.9756015236017075,128,9.82085353349571,0.7242775821349755,2,"MT"
3720806,7.073775665399239,"NM",22257,51789,"22257_20251231",0.9541852863206209,2.867465240617977,526,10.782779327771145,0.9241675295291929,4,"GA"
80812,5.387466666666667,"SM",22263,1316,"22263_20251231",0,2.4482806838504243,15,10.741151960478549,1.4535133318450664,2,"MN"
370221,4.57062962962963,"N",22271,5585,"22271_20251231",0.23213791102259387,2.685270109017659,81,18.96536878077658,2.3503705981973404,8,"AL"
147404,3.7795897435897436,"NM",22273,2501,"22273_20251231",1.3719121645633434,3.6510306904300007,39,13.881956618885566,0.7445813736026016,4,"WV"
540445,13.857564102564103,"NM",22282,5924,"22282_20251231",0.11855053130739078,1.605915565064937,39,13.313742469185843,1.115502946005199,4,"IL"
286923,5.3133888888888885,"SM",2228,4967,"2228_20251231",0.6090434945206119,3.121983183539921,54,8.556396748895297,0.5874013001635238,4,"WY"
390332,9.077488372093024,"SM",2229,4843,"2229_20251231",0,2.3601976527119994,43,11.65431476631529,1.04951688733709,4,"WY"
1186043,12.354614583333335,"SM",22308,11344,"22308_20251231",0.3129413557275887,2.1508845218697257,96,8.893590537054164,1.2084030488938464,4,"MI"
1861250,13.294642857142858,"SM",22319,21950,"22319_20251231",0.02288341488546524,2.057834461379345,140,12.761793204275884,1.7578315030020053,4,"MO"
1333700,9.526428571428571,"NM",2232,13282,"2232_20251231",0.25753283543651817,1.935489929017925,140,10.371474347595203,1.2837331103547134,2,"WY"
2551420,9.664469696969697,"SM",22334,25247,"22334_20251231",0.32522799023159954,1.8892149522982133,264,12.548769621541043,1.1534904576408935,4,"WI"
569281,6.619546511627908,"NM",22340,9083,"22340_20251231",1.889436956986425,3.034473497476072,86,13.333823164739487,1.5894249671805023,2,"OK"
2268810,7.9052613240418115,"SM",22354,22453,"22354_20251231",0.3355518982458346,1.8315098304441793,287,10.795200782790577,1.7668452377981345,4,"TN"
59076,2.9538,"NM",22355,829,"22355_20251231",2.418642024909602,3.0265874609785146,20,15.892411698781677,0.8737994066620158,4,"KY"
130698,10.053692307692309,"NM",22358,1166,"22358_20251231",2.056458682964707,1.7074567913737828,13,11.798206765807343,0.9771590071115022,2,"AL"
681085,7.828563218390805,"NM",22366,9364,"22366_20251231",0.6827834821089458,2.3195024207547092,87,15.066061112566615,0.8293687437336084,4,"CA"
2448815,7.823690095846645,"N",22373,42505,"22373_20251231",1.0124281209423114,2.873342794764833,313,10.145104673484548,0.9002291283819753,4,"TX"
283957,7.887694444444445,"N",22381,3579,"22381_20251231",0.1118747003356241,2.730019860875587,36,10.230875806745813,0.7870259416149227,7,"TX"
707419,5.944697478991596,"NM",22394,8171,"22394_20251231",1.5042649974089215,2.3133566016855367,119,19.156334660449478,2.386141142419341,4,"MO"
1502874,15.02874,"N",22396,14748,"22396_20251231",0.004711264896103523,1.7547589617543942,100,9.915811236250036,2.086495954439575,4,"TX"
664062,16.60155,"N",22398,10822,"22398_20251231",5.612727739286631,2.731130644798132,40,9.499828672889821,-2.850315432096857,4,"NY"
1845287,7.59377366255144,"NM",2240,26287,"2240_20251231",0.5370453475267625,2.252614685351241,243,12.055103964710694,2.7419503475199356,4,"NM"
988553,8.377567796610169,"NM",2241,13245,"2241_20251231",0.07762291090008472,2.627519718057849,118,9.097289478170028,2.155397206188006,4,"NM"
43550,6.221428571428572,"NM",22430,532,"22430_20251231",0.8855449763632731,4.298807689188093,7,14.187309577427474,0.03154261407161074,4,"OK"
251901,8.125838709677419,"N",22434,4303,"22434_20251231",0.00185449622610018,3.29060667135792,31,12.091178591459018,1.8688108002102823,4,"IL"
308913,8.12928947368421,"NM",22447,3614,"22447_20251231",0.9612487760789336,2.3238718720063094,38,9.468225244165314,1.2494472499658884,2,"CO"
80761,3.8457619047619045,"NM",22448,1247,"22448_20251231",2.391300033736183,3.071794687981648,21,10.679730557256581,0.5794711877367169,4,"OK"
442995,4.977471910112359,"NM",2244,7066,"2244_20251231",1.6399848049058448,3.2659900529852384,89,9.813845285564177,1.8976613933379187,8,"NM"
1608229,9.404847953216375,"NM",22451,24173,"22451_20251231",0.8039157647280885,2.965880622129888,171,9.574851180690597,0.6448050581017226,4,"TN"
282995,7.0748750000000005,"NM",22460,6209,"22460_20251231",0,4.663475965070494,40,9.912432007288896,-1.4144046407117712,4,"CA"
181028,2.1049767441860463,"NM",2247,5632,"2247_20251231",0.24387392052382784,5.258367993986691,86,9.167963092108792,1.9436186705386085,4,"NM"
321514,6.989434782608696,"SM",2249,3736,"2249_20251231",0.7504082706868395,2.277082138046602,46,11.73534511266809,2.0405696831317885,2,"NM"
69856,6.350545454545454,"SM",22502,1198,"22502_20251231",0,2.5761339589658663,11,12.087723316536875,0.8461652127122733,8,"MT"
160179,6.674125,"SM",22514,2863,"22514_20251231",0.5039975344005511,3.315386328888349,24,14.714670404662659,2.5762431274870146,4,"UT"
249668,5.4275652173913045,"NM",22526,3644,"22526_20251231",0.772233901068257,2.685458535467885,46,15.360270112786456,1.4959238503525703,4,"TX"
392141,10.892805555555556,"NM",22536,5173,"22536_20251231",4.430302756470633,2.4412514064743087,36,10.976310082014285,0.38385432159439226,4,"IL"
1407730,5.100471014492753,"NM",22537,28341,"22537_20251231",0.1939548883487738,3.2082938170093436,276,10.995118674148724,1.9837384396962872,4,"AL"
32370,4.624285714285714,"SM",22549,306,"22549_20251231",3.6601555091978004,2.4983437250397813,7,27.48197877672246,0.35911756146792395,7,"AL"
3833298,7.30152,"NM",22559,54744,"22559_20251231",0.9049001008242189,2.5539773086334203,525,9.685779599705498,1.1213747438409982,2,"ND"
128342,8.021375,"NM",22567,1261,"22567_20251231",0.7583720430836696,1.5810943367182344,16,11.566786888639422,1.5483425120322014,8,"MO"
317062,6.34124,"NM",22578,6440,"22578_20251231",2.133505362770169,2.8367034071778754,50,11.10631854265131,1.8702436957619928,4,"UT"
3826215,8.22841935483871,"NM",22597,49845,"22597_20251231",0.5195055058317252,2.4286085680739764,465,11.936433234505492,1.2813784417444058,4,"CA"
119826,7.9884,"SM",22598,1267,"22598_20251231",0.1630107935302124,2.1589085753580495,15,9.252708006940583,0.5008871645541679,8,"IL"
291390,11.6556,"NM",22600,3214,"22600_20251231",3.255834697895495,2.0894090666019816,25,14.936882710101921,3.49590111968069,8,"NM"
183794,4.084311111111111,"NM",22601,4135,"22601_20251231",0.09885523200468646,3.650226606238337,45,8.215194867665101,2.807784590775793,2,"MO"
234381,6.009769230769231,"NM",22636,2472,"22636_20251231",0.0860388273090899,2.028366566337945,39,10.189374464438732,1.0829558624378606,2,"MO"
212596,7.086533333333334,"SM",22639,3004,"22639_20251231",0.022040186606913273,2.6356727795537833,30,11.003303436311962,1.3296291091484969,4,"WY"
5204851,42.31586178861788,"SM",22653,16788,"22653_20251231",1.5610233562845957,29.36821275520085,123,8.373510197882434,1.2405621783868286,9,"UT"
218922,5.613384615384615,"NM",22669,3153,"22669_20251231",0.05316626672222781,2.9371858070184,39,11.735457729551541,0.9248865244765484,7,"NV"
279288,9.974571428571428,"NM",226,2989,"226_20251231",0.22941626306398166,2.0094914416007503,28,12.06495121925289,0.9251352120694565,2,"IA"
88989689,9.678052093529091,"N",2270,1350114,"2270_20251231",0.5235506921808949,2.4143400158624457,9195,8.989240057508276,1.0139184027452557,4,"UT"
320261,7.6252619047619055,"SM",22717,4313,"22717_20251231",0,2.450584640824899,42,10.186766654415285,1.5885920431549179,4,"OK"
845540,7.5494642857142855,"NM",22738,17700,"22738_20251231",4.59008923371266,3.177239231531955,112,9.583092237763639,1.1272385332631962,4,"UT"
377181,6.503120689655172,"NM",22739,6407,"22739_20251231",0.8276653281979841,2.790398055938892,58,10.132727843310997,1.3134981839892532,4,"LA"
126787,11.52609090909091,"N",2273,1147,"2273_20251231",0,1.8514575827055357,11,10.91274551699033,0.9719947592531937,7,"NV"
312033,5.778388888888889,"NM",22756,5121,"22756_20251231",1.1472864065972315,2.981001823157677,54,10.753464156730338,1.2108044269498983,4,"TN"
177286,8.058454545454545,"NM",22811,2538,"22811_20251231",0.004811933595316385,2.4178757927831884,22,14.073584541514853,1.067772798727933,4,"IL"
67208,3.3604,"NM",22835,1112,"22835_20251231",1.1908789498612897,3.3049958511421105,20,12.309719201892094,0.8062874767115995,8,"TN"
65420,10.903333333333334,"NM",22839,358,"22839_20251231",0.5797101449275363,1.4894623176575834,6,25.169105891034317,2.5888632194675285,7,"OK"
409295,3.898047619047619,"SM",2284,7891,"2284_20251231",0.8994926986982517,3.43778224395642,105,9.859304614567105,0.8895396171796737,4,"OH"
105181,6.187117647058823,"SM",22855,1116,"22855_20251231",0.28440707308025226,5.088063772750788,17,7.8980789807898075,-0.5388860148301432,4,"OK"
33545963,12.611264285714286,"SM",22858,264000,"22858_20251231",0.41012273084197226,1.7952053052395172,2660,11.529403539743463,1.4997872848395728,4,"VA"
721197,5.769576,"SM",2285,12149,"2285_20251231",0.011665975349608913,2.702991631260752,125,7.3170831794493,0.7363053844611424,4,"OH"
337503,8.231780487804878,"NM",22867,4635,"22867_20251231",0.058196756386666104,2.599193812343458,41,9.729513873374737,1.4784191067291408,4,"MO"
554778,8.806000000000001,"NM",2286,7033,"2286_20251231",0.16727294412308427,2.853874230366146,63,8.713125545600501,0.5196285761061675,4,"OH"
713389,5.847450819672131,"NM",22874,13884,"22874_20251231",0.07140574102157814,3.1298259699808684,122,10.78803763720453,1.1049244408470371,4,"IL"
1233638,5.764663551401869,"NM",22876,18209,"22876_20251231",0.18954916411666609,3.0988934313003496,214,8.721810280193784,0.9705292806016687,9,"MO"
184660,3.551153846153846,"SM",22888,3755,"22888_20251231",0.18520580109099374,3.496573059973937,52,13.207771888889491,1.4672675002735582,4,"VA"
313743,11.620111111111111,"NM",22895,2262,"22895_20251231",0.36158453276756636,1.4018499345186262,27,13.337613139003407,1.819765089856901,2,"MO"
1512992,11.72862015503876,"NM",228,12338,"228_20251231",0.899192602274424,1.7185084157943002,129,10.24220119265041,1.2041616018952968,2,"IA"
4208720,9.20945295404814,"SM",22918,44803,"22918_20251231",0.37419789906911105,1.912119221721802,457,9.854890957711937,1.6218321388544528,2,"VA"
181255,9.539736842105263,"NM",22925,2330,"22925_20251231",0.09904114151489123,2.0410967185275966,19,15.159057827896131,0.6633289551057644,4,"OH"
141915,5.256111111111111,"N",22942,2263,"22942_20251231",0.05609614015404863,3.429365237195948,27,12.907326325134683,1.8645585808161673,4,"TX"
9757923,14.060407780979828,"N",22953,143234,"22953_20251231",2.558817183509314,3.0509210022613877,694,9.469742443691302,0.6390655422260981,4,"FL"
51557,5.728555555555555,"NM",22954,957,"22954_20251231",0.5960282137372791,3.360734443429588,9,18.417316556136836,1.0558404958742202,5,"WV"
2812432,13.392533333333335,"N",22957,24530,"22957_20251231",1.2390911174087704,1.6565578498138172,210,9.965624865160297,1.83390740762729,4,"TX"
778915,5.991653846153846,"NM",22964,12540,"22964_20251231",0.06340725209878005,2.705633968799783,130,10.125764335430457,1.69853468830297,4,"TX"
301888,7.020651162790698,"NM",22971,4534,"22971_20251231",1.2959391406835958,2.770992259038545,43,12.641251750481816,0.6145480777538953,4,"IL"
167703,5.7828620689655175,"NM",22993,2747,"22993_20251231",0.2118361355751268,2.328674741889692,29,12.903284483438126,3.0645359603268347,4,"ID"
811846,5.448630872483221,"SM",23007,17359,"23007_20251231",0.43543082803567495,3.195395016464812,149,10.956125625340784,1.1587682572721243,4,"OR"
105303,5.542263157894737,"NM",2300,1839,"2300_20251231",0.046105566875381115,3.4208289623804524,19,12.561629759514314,1.2538572861551185,8,"OH"
166850,12.834615384615384,"NM",2301,1409,"2301_20251231",0.26298938894987195,1.7178833602576433,13,9.479943736970336,2.4510630132581697,2,"OK"
3685157,11.338944615384616,"NM",23030,49841,"23030_20251231",0.2737265418715024,2.4504897689766034,325,11.43829134806819,1.1835372675957354,4,"CA"
1274361,6.09742105263158,"NM",23041,24039,"23041_20251231",0.01599451027131333,3.106702490115149,209,10.708029098672352,1.0331990852378221,4,"WA"
520138,6.501725,"N",23086,12015,"23086_20251231",8.315093086741596,3.123888996448989,80,25.23818690167393,0.6552892265639588,4,"CA"
61047,5.5497272727272735,"NM",2308,1087,"2308_20251231",11.045414517549377,2.8617627431856683,11,12.973538930135161,0.7266695754838048,2,"OK"
6850257,7.910227482678985,"NM",23091,99018,"23091_20251231",0.24993283170260755,2.77008968560133,866,10.486254957653635,1.1628269517576355,4,"CO"
145904,6.343652173913044,"NM",23099,1452,"23099_20251231",0.05877464988549077,2.277983435578215,23,12.239333501641001,1.5627698476463652,2,"KS"
342577,9.015184210526316,"NM",230,3818,"230_20251231",0.34554595012661704,1.9834265548903756,38,10.382917809853275,1.262430389209671,2,"IA"
563319,5.074945945945945,"SM",23123,12696,"23123_20251231",0.7828512428534002,3.358735972931444,111,8.138841197995248,0.5666875337365335,5,"TN"
94637,7.279769230769231,"SM",23126,1016,"23126_20251231",2.133991791081386,2.3190139425646956,13,12.240982348426707,1.058180192970003,6,"MI"
656916,4.211,"NM",23144,14852,"23144_20251231",0.46262112591725446,3.5966189939626587,156,14.585219304571439,1.5105978016271677,4,"LA"
400452,6.6742,"NM",23152,4976,"23152_20251231",1.3764127632623568,2.4216404970043413,60,13.85380604215682,1.563212486149984,4,"AL"
2671503,6.184034722222223,"SM",2315,40034,"2315_20251231",0.336928021326252,2.8336002890576166,432,10.44441078666519,1.247929975380882,4,"OK"
244313,11.105136363636364,"SM",2317,2758,"2317_20251231",0.8973341133210765,2.4292528885712663,22,9.656846354843902,0.772732890913163,5,"OK"
319052,6.019849056603774,"NM",23189,4804,"23189_20251231",0.23328108535990816,2.5297475155359863,53,8.228258869038202,1.1147231986359112,2,"IA"
335554,13.422160000000002,"SM",231,3072,"231_20251231",0.2624988685393597,1.6898360369462584,25,8.72466483369425,1.5878658608839908,4,"IA"
164883,2.944339285714286,"NM",2320,3859,"2320_20251231",0.8702922509786039,4.290557479684814,56,12.009727922176623,1.8073531151984796,2,"OK"
441940,8.338490566037736,"SM",23210,8931,"23210_20251231",0,5.41817210697587,53,13.889075452870738,1.2644050090126244,4,"CO"
9248621,2.137421076958632,"N",23220,361390,"23220_20251231",1.3349633499025593,6.728168575128582,4327,8.805190928393628,1.5343172545301786,4,"TX"
97625,10.847222222222221,"NM",23242,937,"23242_20251231",16.954125631474206,2.9811354445898597,9,41.645087585681644,1.9249990745196757,4,"CA"
387961,6.68898275862069,"NM",23257,4721,"23257_20251231",1.1836231724510198,2.162964669443965,58,10.18724097098875,1.3971813200057168,4,"IL"
547962,6.523357142857143,"NM",2326,10065,"2326_20251231",0.44223379708416766,3.198704810065875,84,10.101329955668144,1.1318114522776237,4,"OK"
86581,12.368714285714287,"SM",23270,610,"23270_20251231",0.009813221680677766,1.44784521806652,7,11.94792050055208,1.6523692432842167,7,"NE"
2238358,9.56563247863248,"SM",23275,25883,"23275_20251231",0.9954525453013704,2.7268507216049027,234,11.105089711385197,1.6419384080346069,4,"CA"
429013,4.663184782608696,"SM",2327,7790,"2327_20251231",0.3585466339678652,3.133777954408655,92,11.73878234199979,0.43503927893445277,4,"OK"
1889460,9.689538461538461,"SM",23286,24233,"23286_20251231",0.649053875457805,2.361119617159763,195,8.359287196616851,0.3032406344151326,4,"MA"
5600777,15.260972752043596,"NM",23287,81899,"23287_20251231",0.39957020722467507,2.2624133659299694,367,10.566552372966795,0.7001298635976743,5,"MA"
91430,6.0953333333333335,"NM",2328,1440,"2328_20251231",0,2.618622076337452,15,11.199529386598215,0.6455257866607091,7,"OK"
2007879,9.338972093023257,"SI",23293,23933,"23293_20251231",0.21121970717744068,2.0791768101086645,215,12.100627217346537,0.6192329829142745,9,"MA"
8538245,13.341007812500001,"NM",23296,98765,"23296_20251231",0.3756311079822406,1.7908493993536685,640,10.283198248825197,0.8942520654645347,4,"MA"
1434762,13.043290909090908,"SM",23298,15278,"23298_20251231",0.32833374159145295,1.9590575530686576,110,11.593493853869061,0.6182347013084767,5,"MA"
125699,8.379933333333334,"NM",232,1571,"232_20251231",4.874174400133768,2.058713268616605,15,24.273006085713828,2.787923270024407,4,"IA"
46938,2.933625,"NM",2331,505,"2331_20251231",9.584753641152775,2.630356728175631,16,18.181199836756903,-0.9132562833818617,4,"OK"
100637,4.574409090909091,"NM",23373,1778,"23373_20251231",0.850501079808789,4.618764667698607,22,12.965687484571712,-0.16977080940730013,4,"NY"
449272,9.359833333333333,"NM",23376,3538,"23376_20251231",0.03439735828288388,1.5461581361416528,48,13.90774900358509,1.5564689120939903,4,"AL"
135202,4.097030303030303,"N",23404,2808,"23404_20251231",0.8969442038846963,3.918054418322445,33,12.886075012033027,1.1214427511943401,4,"CO"
269128,9.611714285714285,"N",23430,2690,"23430_20251231",0,1.746397421952587,28,11.194677573766338,2.8479827289439568,4,"TX"
1351491,2.298454081632653,"N",23472,84690,"23472_20251231",0,13.49673344135652,588,63.931651739674855,16.82125831375563,9,"CA"
2929264,8.251447887323945,"SM",23473,40787,"23473_20251231",0.42965096695289423,2.337259794392704,355,10.179957997281699,0.9418601920125116,4,"OK"
6881835,11.318807565789474,"N",23474,71739,"23474_20251231",0.17480324883209467,2.3552698619222268,608,8.596494558879703,0.4010983339154336,4,"TX"
6376892,4.4008916494133885,"SI",23498,232485,"23498_20251231",1.1760173710170134,6.312562757220695,1449,10.782647981571785,0.5298314446277147,4,"TX"
122562,15.32025,"NM",234,661,"234_20251231",0.05594881899340777,0.8736235253980164,8,26.63318271152845,1.5932243249912639,2,"IA"
155974,5.378413793103448,"NM",23523,2155,"23523_20251231",0.30160857908847183,2.542717787212845,29,10.564103833727394,0.912836327547757,4,"AL"
1420052,10.757969696969697,"SM",23537,20825,"23537_20251231",1.398191817513993,2.466397543991942,132,14.02625626780887,0.7967574857831912,4,"WI"
355036,7.245632653061224,"NM",23546,4656,"23546_20251231",0.018490127042581222,1.922765199905236,49,14.206245837935564,2.880888875790218,4,"IL"
132564,7.3646666666666665,"NM",23551,1438,"23551_20251231",0.0907191883019994,1.8139377065768305,18,16.614452798663326,2.23277175740647,2,"MO"
375922,5.221138888888889,"N",23597,6091,"23597_20251231",0.13322368421052633,3.3425499231950844,72,10.867156004561442,0.6710746009483738,4,"TX"
648917,7.130956043956044,"NM",2359,7880,"2359_20251231",0.7938582276540062,2.4762519455493246,91,7.711486129467746,0.19486374978382784,8,"PA"
480775,14.140441176470588,"NM",235,3547,"235_20251231",0.3941156971892967,1.1174406017997134,34,10.977838726670521,2.504728894914661,2,"IA"
2564524,11.983757009345794,"SI",23620,31663,"23620_20251231",0.6166451882027312,2.071480692960168,214,11.313720889654187,0.7112374971019118,4,"MA"
3122402,7.19447465437788,"NM",23622,53155,"23622_20251231",0.6433893458460672,2.828369963193295,434,14.404774858386403,0.6012726401656554,4,"MA"
6624353,10.318306853582556,"NM",23623,91868,"23623_20251231",0.25038940222552025,2.2604324251695065,642,8.534154390619422,0.7985084987094082,4,"RI"
7038402,7.233712230215827,"NM",23627,126841,"23627_20251231",0.5117715177600389,3.1384089116019718,973,14.171041013776392,1.8878017919226286,4,"KY"
2972669,12.649655319148936,"N",23647,39498,"23647_20251231",0.8896373741319711,3.6626761274986976,235,12.558429134971,1.39978245402057,9,"TX"
565153,7.535373333333333,"N",23737,8431,"23737_20251231",0.27346356654062043,2.7788367181074634,75,11.673700981077229,0.6046077143504318,4,"OK"
94296,5.546823529411765,"NC",23741,3754,"23741_20251231",0,334.73653277876645,17,54.87939155435026,6.35087315515406,7,"MA"
236745,9.4698,"N",23749,2916,"23749_20251231",0,2.529614744859204,25,15.63627841574877,0.21919674509694823,4,"CA"
338567,5.4607580645161296,"SM",23764,8390,"23764_20251231",1.1881674801556061,4.001882375949592,62,9.510289770211793,0.46326005512672425,4,"CO"
736936,16.020347826086958,"NM",23772,2954,"23772_20251231",0.10316022544283414,1.2415668608580555,46,11.539337318353777,1.934954583840225,5,"TX"
383093,5.395676056338028,"N",23798,4806,"23798_20251231",1.6014128551225957,2.141452329978142,71,15.811080015162634,1.3394762952233539,7,"OK"
2357533,8.449939068100358,"SM",23799,31841,"23799_20251231",0.1340628283633465,2.441001623646843,279,10.317028270152498,1.4745574205240177,4,"TX"
134552,5.850086956521738,"NM",2379,1545,"2379_20251231",0.21473915902776847,2.363989836535563,23,21.033565922007767,0.8705388727905846,8,"TN"
186022,6.000709677419355,"NM",23805,4171,"23805_20251231",0.15695050972584526,3.718174077837897,31,17.130213222475525,0.3690708341344173,4,"CA"
1052047,5.7804780219780225,"NM",23806,13694,"23806_20251231",0.14508664643069713,2.165890175594737,182,8.642523413881314,1.8766691176484933,4,"MT"
649009,5.743442477876107,"SM",2380,9895,"2380_20251231",0.9954947185986934,3.034312563938972,113,8.287076975575685,0.9700509105444285,4,"TN"
355807,6.589018518518519,"NM",23815,4549,"23815_20251231",1.466421228980951,2.3786930354930464,54,13.498374637351882,2.264427605599818,8,"AL"
39162,3.0124615384615385,"SM",23826,2303,"23826_20251231",0,8.882409522664423,13,34.16474967044896,1.650735441465272,7,"WY"
278782,8.447939393939393,"NM",23864,6005,"23864_20251231",1.0357712105771995,3.4475546365819802,33,16.775732203215345,1.0650782086753166,4,"CA"
625207,8.119571428571428,"N",23886,8286,"23886_20251231",0.05900065532870741,2.5066608578892353,77,10.047429151230562,1.3850032755652586,4,"TX"
229835,2.98487012987013,"SM",2391,5073,"2391_20251231",0.5244097703558035,3.803175758678739,77,10.314388030845619,0.5537103598889849,8,"TN"
761724,7.254514285714286,"NM",23966,12395,"23966_20251231",0.1488180129322853,4.218731831232837,105,10.897845750575193,0.20736619588129887,4,"MA"
128779,5.3657916666666665,"SM",23986,2698,"23986_20251231",0.9340374602077832,4.116223139899851,24,10.321686426211024,0.8897187704792097,4,"MN"
95121,2.2121162790697673,"SM",23989,2532,"23989_20251231",2.2906129447063868,4.818907501262247,43,12.89207132825467,0.21729821623728968,8,"VA"
2202448,9.617676855895196,"SI",23992,28716,"23992_20251231",1.1857709801511493,2.549463372917115,229,14.76917691928295,0.6015831562754718,4,"MA"
1342534,13.42534,"NM",23998,13308,"23998_20251231",1.646317972653337,1.7044069031296203,100,14.141948994760062,0.8003852220428497,4,"CA"
380381,5.210698630136987,"NM",24015,9341,"24015_20251231",2.1831322143064433,4.590904957979919,73,12.270261220774191,0.2223752062036448,4,"MD"
31222,1.200846153846154,"N",24038,2719,"24038_20251231",0,15.564492589109072,26,49.56567691647125,2.299484318749392,5,"TX"
34710463,18.249454784437436,"SM",24045,348360,"24045_20251231",1.1332025810197373,2.1478961304694875,1902,10.650419959912282,0.7812695141957652,4,"CA"
88654,8.059454545454544,"NM",24064,650,"24064_20251231",3.3231387227826725,1.7946672743846857,11,14.05031115785783,0.38742023701002737,2,"TX"
103246,6.883066666666666,"N",24085,2024,"24085_20251231",0,3.5849033590554633,15,13.068885257267372,0.9371366308616779,7,"TX"
7436315,11.182428571428572,"NM",24156,105778,"24156_20251231",0.2167210532991229,2.3801050357515363,665,9.683869062206368,0.9166802298543978,4,"FL"
7822274,12.844456486042693,"NM",24170,84078,"24170_20251231",0.27564497377857183,1.8417783140371684,609,11.467215883621492,1.0853810854759944,4,"CA"
212529,7.0843,"N",24199,3352,"24199_20251231",0.2935177059367662,3.000432540410113,30,15.723728930439664,2.036586638249336,4,"MI"
168938,7.679000000000001,"N",24211,1738,"24211_20251231",0,1.7745300299744662,22,14.993583345216027,0.7620823002627392,4,"CA"
74340,4.13,"NM",24303,1662,"24303_20251231",0,4.217662076965477,18,15.714248007179432,1.8167757646226455,4,"TX"
319352,6.517387755102042,"N",24305,4299,"24305_20251231",0.7885187801505792,2.631729219066641,49,12.669384997068574,1.0424662227664,8,"TX"
500519,20.02076,"NM",24332,10250,"24332_20251231",3.55502404649847,1.1928302633277348,25,45.70721113602173,5.890446741379429,4,"CA"
3282339,4.862724444444444,"N",24347,56063,"24347_20251231",0.5119987264412109,3.057996842838383,675,12.492318896652177,1.9363982866974765,4,"TX"
661715,3.8924411764705886,"NM",24353,14078,"24353_20251231",0.48379463268418377,3.8669673325552942,170,11.837113574406494,1.2795982969459274,4,"TX"
65847,5.065153846153847,"N",24367,1122,"24367_20251231",0.050102591019707016,3.4551633392970396,13,13.854848025976866,2.2781990237191443,8,"TX"
2902760,10.220985915492959,"N",24387,37226,"24387_20251231",4.3328766098590235,2.2681942147335548,284,16.736476146174446,0.5198039211324503,4,"NY"
984883,6.3540838709677425,"SM",2443,14873,"2443_20251231",0.3384465384024629,3.0173795628474913,155,13.151961698078035,1.2841681913587017,4,"WV"
121253,3.78915625,"N",24443,2209,"24443_20251231",1.8658476123680423,3.8112445711183494,32,10.086777635370662,1.0849280673181325,8,"LA"
135733,6.46347619047619,"NM",2444,1751,"2444_20251231",0.3569743670388426,2.8253764391926888,21,14.379441914700477,1.0541206119957713,8,"WV"
684117,6.001026315789473,"SM",24472,9713,"24472_20251231",0.04292080270316899,2.4166770120728667,114,10.033888014851183,1.5207006393016598,4,"OK"
182600,4.347619047619047,"NM",2448,2768,"2448_20251231",0.1360979905531983,3.1297828449748244,42,14.020783634521747,0.7896546370028614,4,"WV"
291755,5.8351,"NM",24498,4305,"24498_20251231",0,2.651292038091803,50,10.184756420839289,1.3999780174563943,2,"TX"
2631077,17.084915584415587,"NM",24516,33835,"24516_20251231",2.563421636434817,1.9367474412520207,154,10.365469070746336,1.12469788315619,4,"NY"
300839,6.267479166666667,"NM",2452,3703,"2452_20251231",0.11366652827029491,2.466906968548482,48,8.191815279435003,0.9823661835211165,4,"WV"
263335,6.42280487804878,"NM",2453,3330,"2453_20251231",0.6554043123570058,2.729350185419109,41,8.904596711103384,0.8767510146512537,4,"WV"
1806903,17.2086,"NM",24540,11730,"24540_20251231",0.7144354996582089,1.132411778808257,105,16.61383965486839,2.283538698480307,4,"NH"
409234,9.094088888888889,"SM",2455,4458,"2455_20251231",1.3863030067248374,2.375606227057153,45,9.112612522902893,0.6302081937783017,4,"WI"
2204513,9.626694323144104,"SM",24563,24362,"24563_20251231",0.08296794275034289,1.949867087340434,229,12.334071155782626,2.3384434611228704,4,"TX"
472860,9.093461538461538,"NM",245,6008,"245_20251231",0.46516868400721095,2.4143913073288568,52,9.116924568029143,0.8240581868736284,4,"IA"
558878,6.350886363636364,"N",24603,10812,"24603_20251231",0.30677608561432396,3.1451797469944935,88,10.08610086100861,1.3142778932063668,4,"TX"
197700,6.37741935483871,"N",24677,2948,"24677_20251231",6.925544528236023,2.5152425475940774,31,11.84187267998283,2.7163871069144143,4,"OK"
254098,6.049952380952381,"NM",2467,4350,"2467_20251231",0.4358027156549521,3.109502053940887,42,8.265022497912243,0.8360178005427645,4,"WI"
705139,9.04024358974359,"SM",2468,7613,"2468_20251231",0,1.9216046830798212,78,10.684255275587416,2.031866527894395,4,"WI"
208427,5.344282051282051,"NM",2469,3019,"2469_20251231",0.11286024261311509,2.615711917772367,39,11.76027084784018,1.3219828851049655,4,"WI"
261187,7.681970588235295,"NM",2477,4006,"2477_20251231",0.11800721725299722,2.614770998650837,34,10.230095311447002,1.6469289137805476,4,"WI"
1580518,12.15783076923077,"NM",24823,18850,"24823_20251231",0.18219908480495167,2.2588525818103102,130,8.70157297985098,1.297349726397035,4,"FL"
939576,7.765090909090909,"SM",24829,18449,"24829_20251231",0.5794139519455576,3.4785082915769214,121,14.490568344983195,0.9929897932568975,4,"PA"
289602,9.050062500000001,"NM",2482,2040,"2482_20251231",0,1.2842484263993046,32,15.04827870422922,1.7721475199303536,8,"WI"
147440,4.212571428571429,"NM",24865,2535,"24865_20251231",0.08900756564307966,2.981010018159934,35,13.625427551083359,1.8258247461050245,4,"NM"
241941,16.1294,"NM",24867,3231,"24867_20251231",2.5776132156080886,2.1510395981732615,15,31.152658781088487,5.37585710624982,7,"DE"
2588004,9.4452700729927,"N",24897,38191,"24897_20251231",1.0934597827310941,2.4211575253531312,274,12.076678609744743,2.27161821970809,4,"TX"
274293,8.311909090909092,"NM",248,3959,"248_20251231",0.6042132527160448,2.290895475722684,33,9.076681141415923,1.2795818874508336,4,"IA"
77847,5.5605,"N",24902,995,"24902_20251231",1.358216957287651,2.649433216266311,14,13.196557745073584,2.4396504278334867,8,"TX"
1194143,6.823674285714286,"SM",24919,20132,"24919_20251231",0.0541096880676686,2.933857772344708,175,9.635097096852084,1.0685700597495618,4,"NC"
3956261,13.689484429065743,"NM",24920,37050,"24920_20251231",0.1191412080312245,1.72132903361182,289,12.6622754866516,0.9498586208425722,4,"NY"
586478,6.173452631578948,"NM",24922,8367,"24922_20251231",0.016722349768848354,2.323498956750524,95,11.204513194532598,1.228389523597145,2,"UT"
60644,,"NC",24938,0,"24938_20251231",0,24.382932120800437,0,100.87760434112683,10.603309050328894,7,"NY"
512448,5.631296703296703,"NM",24961,5019,"24961_20251231",0.575248211545603,2.692966683013362,91,13.42940485168186,1.661106772173485,5,"TX"
203372,3.280193548387097,"SM",24966,4256,"24966_20251231",0.2997476943867392,3.4491317702785165,62,9.232229445958042,1.1433328851702846,4,"MT"
335321,9.862382352941177,"N",2496,2989,"2496_20251231",0,2.2168846199552554,34,8.290918242159236,0.5489736130988979,5,"CT"
32722351,7.26033969380963,"SM",24998,581379,"24998_20251231",0.2273285750483022,2.9501041015306586,4507,11.12762208474297,1.7445936949283833,4,"MO"
74444,2.757185185185185,"N",25054,2623,"25054_20251231",0.43788314775428494,7.0516721545143435,27,2.133474275843399,-4.57924829984705,8,"WY"
2739028,14.569297872340426,"NM",25093,27536,"25093_20251231",1.129108893784286,1.7555443544242595,188,8.623801186586048,0.822044763278841,4,"NY"
4478487,7.829522727272727,"NM",25103,76847,"25103_20251231",0.31719815691576625,2.9647217247865405,572,10.899185275634686,1.4746848388741165,4,"TX"
687876,6.310788990825688,"NM",25158,10519,"25158_20251231",1.4185262800767084,2.398545145678474,109,11.351505128687748,0.49977970516829845,4,"HI"
121004,7.56275,"N",25161,1241,"25161_20251231",0,2.2929199261319955,16,17.27500873598272,0.5183441519842119,2,"OK"
448059,10.183159090909092,"NM",25173,4716,"25173_20251231",0.2087024692044675,2.0513236026066926,44,8.858390244330087,1.1697706990149663,4,"KY"
15505000,,"N",25178,0,"25178_20251231",0.6883090199301418,0.8084022092015574,0,12.284244121670032,0.5432462845834465,5,"CA"
63347,6.3347,"NM",251,954,"251_20251231",0,2.6235769644380165,10,12.339966832504146,0.2827529944005636,2,"IA"
1067690,8.213000000000001,"N",25247,30489,"25247_20251231",0.8464648823817067,4.999615303435072,130,15.82299670154124,0.8936480631247976,4,"LA"
996220,16.068064516129034,"N",25249,9416,"25249_20251231",0,1.9231964690889878,62,9.96750351972892,1.1898301496722532,4,"CA"
1610849,11.758021897810218,"N",25258,21540,"25258_20251231",0.08693668131212375,2.883238956858002,137,10.346702610249244,-0.8037555553466122,4,"FL"
483620,8.636071428571428,"NM",25267,5858,"25267_20251231",1.4058711153335643,2.115396539829597,56,9.097231853248685,1.2702786027325623,4,"IA"
542866,6.620317073170732,"NM",25291,9309,"25291_20251231",0.04978662873399715,2.829540221958745,82,9.847010732251812,0.7084972961429719,2,"NE"
306592,10.949714285714284,"SM",252,3262,"252_20251231",2.054010594021945,1.9029520830858966,28,13.989315959245916,1.5100228301463505,4,"IA"
211561,6.222382352941176,"SM",25328,3235,"25328_20251231",0,2.6767259987698044,34,11.071442651819469,1.403549992932106,4,"TX"
2209415,22.777474226804124,"NM",253,12197,"253_20251231",0.03444816053511705,0.9323314411346187,97,9.71775553501745,0.7799477699581634,4,"IA"
304218,15.2109,"NM",254,2346,"254_20251231",0.07061822524343193,1.2486887745469244,20,12.133272297454258,1.361152556097275,2,"IA"
60421,5.492818181818182,"NM",25591,800,"25591_20251231",0.9874879127963196,2.532027179914504,11,17.980848604919927,1.4565507523254002,2,"NE"
1966557,1.6198986820428336,"N",25620,217889,"25620_20251231",3.601293578340921,59.85890389301793,1214,26.98014258104421,27.690706012550397,3,"NV"
741121,7.337831683168317,"NM",25621,10941,"25621_20251231",0.013916215816956802,2.483250930217788,101,10.501212443609283,1.301274983421153,4,"TX"
167237,7.271173913043478,"N",25644,3772,"25644_20251231",0,3.3831600481181066,23,11.255857754658177,0.23089302495260924,4,"CA"
890612,7.484134453781512,"N",25665,12402,"25665_20251231",1.1483412049303077,2.461016151345081,119,9.377232242184078,1.6080924437723596,4,"KS"
26005,,"NC",25677,0,"25677_20251231",0,20.160319676472007,0,105.0520501380922,6.318906167252419,7,"DE"
4387332,9.642487912087914,"NM",25679,24564,"25679_20251231",6.161084673653491,1.5966443653171927,455,14.168296344146727,2.1812614101405217,4,"TX"
174817,5.827233333333334,"NM",25703,2692,"25703_20251231",1.925942099720003,2.7039835767317286,30,12.204956836535784,2.387844776418666,2,"OK"
365328,10.437942857142858,"NM",25726,5171,"25726_20251231",0.5148748889933658,2.3803853569490463,35,14.814026513936954,1.9779842240908605,4,"CA"
1360197,7.862410404624278,"SM",25738,23282,"25738_20251231",0.026934641409205477,3.1581874271199557,173,10.805603282984926,0.7675497650929796,4,"OK"
73025,5.216071428571429,"SM",25744,1853,"25744_20251231",4.731413430905593,6.838973047412946,14,5.726989536462632,-6.781182372614597,2,"KS"
147425,6.701136363636365,"N",25749,1916,"25749_20251231",0,3.1693893457616875,22,23.523292567450422,0.8311196653252105,4,"NY"
133307,10.254384615384616,"NM",25750,190,"25750_20251231",1.6601125294936174,0.553666677064163,13,10.382005899705014,0.07954084656414735,4,"OK"
310210,8.163421052631579,"NM",25752,2876,"25752_20251231",0.021706622931841203,1.8590151845272014,38,11.52846434904089,2.831093084838937,4,"TX"
547827,10.74170588235294,"NM",25795,6224,"25795_20251231",0.4559598262423365,1.941550566472287,51,10.663392663840463,1.2526543996275372,4,"GA"
288221,2.5734017857142857,"NM",25796,4540,"25796_20251231",10.154339253075525,8.320007131215126,112,6.697048109170812,1.729396513235397,4,"GA"
182351,7.597958333333334,"NM",25803,4347,"25803_20251231",0.5714237624762257,5.529062643024818,24,26.364267530664197,3.4950064625407515,6,"CA"
16223,0.4916060606060606,"NC",25824,8150,"25824_20251231",0,133.35902493827484,33,48.037897701811666,13.056996172386315,7,"NY"
359188,10.56435294117647,"SM",25849,4646,"25849_20251231",0,3.4553120359210245,34,14.111115283623308,1.8128950135333297,4,"MO"
6326745,6.967780837004405,"SM",25858,84642,"25858_20251231",1.024699659870101,2.908484172979671,908,10.59605918946404,0.5528816361726653,4,"KS"
234246,5.205466666666667,"NM",25869,4299,"25869_20251231",1.7088638234012683,2.8853670670172695,45,12.627286948528639,0.6437938689085185,4,"CA"
610592,13.877090909090908,"SM",25883,6839,"25883_20251231",0,1.7848758710512564,44,21.028099932116533,2.355518890571824,4,"IL"
1393727,5.031505415162455,"NM",25886,21177,"25886_20251231",0.5838892076547623,3.668681959055002,277,9.576666186151554,0.5437496225091505,4,"TX"
462466,5.780825,"N",25894,7203,"25894_20251231",2.1833269158868074,4.756549813917127,80,16.160396778791895,2.0840666567352155,2,"SD"
9533246,8.489088156723064,"NM",258,127915,"258_20251231",0.1849435201446402,2.259890563375795,1123,10.00848653742185,1.5730953648999464,4,"KY"
679529,,"NC",25927,,"25927_20251231",0,0,,0,0,7,""
164895,5.686034482758621,"NM",26021,2179,"26021_20251231",0.958015356251021,2.4696218964045267,29,18.008145514789632,1.148721787120022,8,"AL"
524357,,"NC",26028,,"26028_20251231",7.522238962188929,0,,0,0,4,"NY"
445433,10.864219512195122,"N",2608,4524,"2608_20251231",0,1.8605903038858789,41,10.218519030647974,0.5383067092796038,5,"MA"
139409,6.061260869565217,"N",2616,2565,"2616_20251231",2.6024167950550368,3.496959102342238,23,9.224213739803105,0.6990990041316385,4,"MA"
834839,7.1968879310344835,"N",26181,13049,"26181_20251231",1.6902762107726381,2.2904965012259493,116,11.098717819943518,1.1101403420971157,4,"TX"
508166,3.2997792207792207,"SM",26185,19289,"26185_20251231",0.22901408110814822,5.5318727832180885,154,9.33130189150384,1.3657206922172425,2,"NE"
174139,1.2009586206896552,"SM",26189,42500,"26189_20251231",0,33.74143180610582,145,20.249255910909962,7.969605372524898,8,"PA"
484210,4.9409183673469395,"SM",26217,5945,"26217_20251231",0.0006230898402086105,2.523407560407296,98,9.268157573366793,1.255302441897186,2,"KS"
2219657,15.307979310344829,"N",26223,22308,"26223_20251231",1.8957776978909886,1.5730237298627603,145,13.374264240120285,1.5845422690444648,4,"TX"
133305,4.039545454545455,"N",26228,3618,"26228_20251231",0.16096238563198917,4.076093029076429,33,12.269841747397557,2.1795775224922567,2,"TX"
70196,2.599851851851852,"N",26260,1480,"26260_20251231",1.1169399330223195,3.906140933788259,27,7.645127488648271,-0.06003004294242142,4,"OK"
246729,12.985736842105263,"NM",26271,3084,"26271_20251231",0,2.003452151573539,19,12.528883700334125,2.2342646114322413,4,"CA"
1472558,10.670710144927536,"N",26299,19146,"26299_20251231",0.02208031172204784,1.9995871020833191,138,11.218507422739153,1.01178718382731,4,"FL"
251504,4.657481481481482,"NM",262,3792,"262_20251231",1.182048511494467,2.989545170810143,54,7.78442395502635,1.3481141109146586,4,"KY"
6769876,30.632923076923078,"SB",26312,40954,"26312_20251231",0,1.0267047140798151,221,8.524669187519015,1.585863674165432,5,"CA"
652158,5.43465,"N",26323,15513,"26323_20251231",0.1902882937683085,3.8013305746931714,120,10.096667035434614,1.0393168504168477,4,"FL"
1308838,7.79070238095238,"NM",26333,17667,"26333_20251231",0.7150763448840991,2.252437731754262,168,10.188446288276578,1.1857567301617415,4,"NY"
2049182,14.430859154929578,"SI",26336,20263,"26336_20251231",0.3099323985423829,1.7893075551468791,142,9.254239394474855,0.4524090274967388,4,"MA"
155226,7.055727272727273,"NM",26340,1831,"26340_20251231",0,1.8822852730932957,22,13.227101476128714,0.8362113859475033,2,"KS"
8044396,29.90481784386617,"N",26342,38973,"26342_20251231",0.6638764108445318,1.4478723010526635,269,11.136747094008948,2.4793417615122038,9,"GA"
227767,5.840179487179487,"N",26351,5671,"26351_20251231",1.5277222323213961,20.923626366098382,39,14.003306735676802,0.915223119887835,4,"TX"
170564,5.502064516129032,"NM",26358,3846,"26358_20251231",0.08295847070350214,3.5042621706352444,31,7.6498575085736364,1.0784684652901038,5,"MO"
411533,9.353022727272728,"NM",26363,5536,"26363_20251231",0.011227532551588862,2.2163726981229486,44,15.641190978590586,0.6950193277285749,4,"CA"
382853,4.668939024390244,"N",26379,5893,"26379_20251231",0.5458213227489273,3.0503313789205624,82,11.929958685259173,1.024673918872692,4,"MS"
1622375,7.581191588785047,"N",26381,23834,"26381_20251231",0.09538089555988194,2.596914327731727,214,10.189324200712376,0.5383667371867182,4,"LA"
140278,20.039714285714286,"NM",26392,1272,"26392_20251231",0,5.110406884621535,7,94.76558779815588,2.927708566527598,7,"DE"
432006,6.000083333333333,"SI",26393,7126,"26393_20251231",0.347548199774933,3.229785634423731,72,14.108737319433406,-0.3058499972459005,5,"MA"
1252824,12.163339805825244,"SI",26395,16992,"26395_20251231",8.348923869426148,2.2199765752135265,103,20.80474156495607,-0.31735869704954933,4,"MA"
845767,7.551491071428572,"SM",26397,12228,"26397_20251231",0.9133068601218373,2.441934904266475,112,12.593737920371087,0.6272904916620207,5,"MA"
636312,9.64109090909091,"SI",26411,8693,"26411_20251231",0.1612559389253685,2.262587889767676,66,10.408744003656672,0.9056736286801971,4,"MA"
68710,4.5806666666666676,"NM",26416,1103,"26416_20251231",0.5970262049160195,2.9964205000882576,15,13.007564559603512,1.443953480969619,2,"OK"
853422,7.171613445378151,"N",26442,13517,"26442_20251231",0.033508695506483936,2.769620888349201,119,9.856640481316873,0.9362390399621948,4,"FL"
1605360,25.083750000000002,"SI",26444,13188,"26444_20251231",0.08239139020822814,1.4024861428667652,64,9.861763141684172,0.5041127218321382,4,"MA"
158955,9.35029411764706,"SM",26450,2259,"26450_20251231",0.2652801358234295,2.4602290049629403,17,14.543304574149268,0.21616029347820653,5,"MA"
1378852,11.78505982905983,"SI",26451,25742,"26451_20251231",4.918930143938111,2.9814997152156923,117,8.942259452004722,-0.5085861106833773,4,"MA"
791698,10.698621621621621,"SI",26455,10205,"26455_20251231",2.4899595788941187,2.271762922707531,74,11.043498305824148,0.29171588097176065,4,"MA"
6926702,12.947106542056074,"SM",26483,76525,"26483_20251231",0.7166580742385787,2.378730987704562,535,12.15869391763334,0.8994775646110377,4,"MA"
3233778,11.386542253521128,"SM",26484,34844,"26484_20251231",0.524556212419378,2.3199682976139764,284,11.398650440638784,1.3104961882444592,4,"MA"
637370,15.54560975609756,"SM",26487,7995,"26487_20251231",0.36625752749251894,2.1217263833039417,41,18.660813854673773,0.7611021467380906,4,"MA"
474845,6.24796052631579,"N",26499,8007,"26499_20251231",1.2038386272380242,2.8721574288138334,76,10.375495707319496,1.1038585460903656,4,"MN"
138458,8.144588235294117,"SI",26512,1981,"26512_20251231",1.0996841537631923,2.59524933008368,17,9.273710340104998,0.3686884647408286,5,"MA"
135259,9.017266666666668,"SM",26513,1559,"26513_20251231",0,2.15179821881844,15,9.614253792779019,0.5066145091393258,5,"MA"
1669051,10.17714024390244,"SI",26517,22819,"26517_20251231",1.0668530612776856,2.4972342877728133,164,9.528900417119422,0.47263557466571093,4,"MA"
141764,4.050400000000001,"NM",26520,2294,"26520_20251231",2.7711159885765615,2.4337871998161553,35,12.215560414756295,2.8639549580604386,8,"MO"
615337,7.6917124999999995,"NM",26522,8189,"26522_20251231",3.170509828738678,2.4238879603368235,80,11.332820209129402,2.327226098213346,2,"KS"
1568009,10.453393333333333,"SM",26523,20651,"26523_20251231",2.6011434760551633,2.317937284286337,150,11.14756208196169,1.1399492097906145,4,"MA"
512791,6.8372133333333345,"NM",26530,10869,"26530_20251231",2.0832720239066633,3.1987072098822273,75,10.665128272166996,1.6377839784728725,4,"AK"
390316,6.847649122807018,"SI",26536,6422,"26536_20251231",2.4867050937393613,2.9757824699922177,57,8.270439210272269,0.36643251405688726,4,"MA"
270937,2.376640350877193,"NM",26539,3512,"26539_20251231",3.450579498492993,2.9729375748212905,114,13.159403125581253,1.5249565146126984,7,"FM"
265894,6.64735,"N",26542,4968,"26542_20251231",0.7370801574671245,3.066616094664779,40,10.200321829766578,1.703425251702111,8,"TX"
1154876,10.793233644859813,"N",26543,14627,"26543_20251231",0.28170616614466876,1.9907250213946064,107,8.34000421833379,0.733376058158417,4,"TX"
245000,13.61111111111111,"SM",26554,1707,"26554_20251231",0.0024791544430579544,1.4034807024700031,18,10.158369276606571,0.5859191282156323,5,"MA"
1031209,12.8901125,"SI",26555,13206,"26555_20251231",0.07724004564695565,2.1603658236717,80,13.488198479069805,0.9215476904165212,4,"MA"
882775,11.92939189189189,"SI",26559,11400,"26559_20251231",0.016840710734128683,2.30994389482474,74,9.033315766586249,0.36787778055755954,4,"MA"
601620,7.0778823529411765,"NM",26564,8973,"26564_20251231",2.3260212236463063,2.5638405852933,85,10.089491434868266,1.8668953526934813,2,"LA"
88121,9.791222222222222,"SI",26567,1458,"26567_20251231",0,2.9561018869783715,9,28.723417161019523,0.7179104582661759,8,"MA"
188457,11.08570588235294,"SI",26576,2079,"26576_20251231",0,2.2717889682801466,17,8.652672164506802,-0.2233561750063894,5,"MA"
103360,5.742222222222222,"NM",26588,1878,"26588_20251231",0.4126455906821963,3.3938011736734115,18,8.892276916204588,0.7582721479464595,4,"SC"
948632,8.78362962962963,"SM",26591,12444,"26591_20251231",1.1112181648842212,2.381045240589537,108,11.489635072106589,0.32452208595956034,4,"MA"
321998,6.313686274509804,"SM",26602,5606,"26602_20251231",0.5007423172311997,2.9885272728643857,51,7.934001143097795,0.3340137200141775,4,"MA"
18526390,12.91037630662021,"NM",26610,231964,"26610_20251231",1.0229567828924113,2.1130239382490985,1435,10.931367664788342,0.42149528142614207,4,"CA"
1242761,10.621888888888888,"SM",26620,15175,"26620_20251231",1.0504811603573634,2.5999813314185323,117,7.009182713620925,0.5228292416814944,4,"MA"
13913,1.2648181818181818,"NC",26622,2912,"26622_20251231",0,74.96945485496204,11,75.47797173732336,7.124912483011409,7,"NY"
1091686,13.152843373493974,"SM",26626,16641,"26626_20251231",0.06144336039323751,2.7839393437416735,83,15.503963616497037,0.9380706055603951,4,"TX"
829874,7.344017699115044,"NM",26627,13989,"26627_20251231",0,2.790173128047824,113,9.419921870161783,1.6990404785826605,4,"TX"
862215,8.79811224489796,"SI",26634,12921,"26634_20251231",0.03825570441915088,2.379402506384748,98,12.993514687325764,1.2539050899804003,4,"MA"
5717259,9.418878088962108,"SI",26647,84489,"26647_20251231",0.7485740840302499,2.540974267095207,607,11.05935294900812,1.904892359603262,4,"PA"
89097,5.2410000000000005,"NM",26653,1401,"26653_20251231",0.9530568792456655,2.7185109448951077,17,12.052630435255002,2.399134959789147,8,"TX"
54940,3.924285714285714,"NM",26658,1097,"26658_20251231",0,4.954066849036002,14,15.561593494663592,1.4854483932078355,4,"TX"
329768,5.3188387096774195,"SM",26677,8737,"26677_20251231",0,5.73104054725057,62,12.76726233162757,1.147387050511383,4,"OK"
157720,4.044102564102564,"NM",26687,2811,"26687_20251231",0.06138116789123623,3.4572876657682485,39,9.74959571457449,1.2645183067473367,4,"FL"
334062,17.58221052631579,"NM",26689,993,"26689_20251231",1.8695855058938098,0.5761708295752516,19,50.79083441628598,3.486556424135559,4,"WI"
493522,7.257676470588235,"NM",26703,6422,"26703_20251231",0,2.2929940909375635,68,11.030598938119041,0.8243615915760123,4,"KY"
409500,4.5,"NM",26704,7206,"26704_20251231",0.48613645384101073,3.715929142568428,91,10.659278401036525,-0.5071634444244556,4,"CA"
115921,5.04004347826087,"NM",26708,2281,"26708_20251231",0.2694265064362999,4.088612194290552,23,9.643496487140506,0.6227501395334899,4,"TX"
3205995,12.052612781954887,"NM",26725,33621,"26725_20251231",0.7615263263070265,2.048172300969142,266,11.00859274188747,1.6347139106204043,5,"FL"
167747,2.6626507936507937,"NM",26727,4453,"26727_20251231",0.38243882270859714,4.8517963073228465,63,16.884321436521482,1.657208083074118,4,"TX"
541265,2.990414364640884,"NC",26732,35744,"26732_20251231",0,43.150958093414005,181,51.207552830436335,3.30099752831312,7,"CA"
234554,4.69108,"NM",26738,4500,"26738_20251231",0.021336155395486976,3.879792269673253,50,12.259609931812923,1.0078264594936313,4,"TX"
28940,4.823333333333333,"NM",26755,545,"26755_20251231",0.17729129730979726,3.926236111211908,6,14.79342045014265,0.37012577018818354,5,"MN"
740169,7.87413829787234,"NM",26760,9524,"26760_20251231",0.18135867079603163,2.166539848187655,94,8.976616795823059,1.411700805538835,2,"IA"
799671,15.0881320754717,"N",26790,6921,"26790_20251231",0.009186283208935749,1.9185793240037485,53,27.266100839612932,1.6037029462029377,4,"NJ"
112990,12.554444444444446,"NM",26798,1984,"26798_20251231",0,2.5782787587565412,9,15.592848862483699,0.868946584018653,4,"UT"
478173,6.641291666666667,"NM",26799,7587,"26799_20251231",2.1847199399825037,2.404829143042468,72,27.87824326468986,2.529599951459028,4,"AL"
331206,4.8000869565217394,"NM",267,5219,"267_20251231",0.07264975078753522,2.8441385193444324,69,15.975451223597311,2.0368796579092474,8,"KY"
13027,2.6054000000000004,"NM",26816,445,"26816_20251231",0,5.780647849182377,5,31.02326338051082,-3.8388858303450535,7,"UT"
287263,5.632607843137255,"N",26829,7101,"26829_20251231",0.3507922416807898,3.8680720388687995,51,9.632882321643848,0.0832266241315269,4,"FL"
72893,4.5558125,"N",2682,1033,"2682_20251231",0.35809778456837277,3.293648313364005,16,11.416504933985731,0.976952614401287,8,"KY"
135423,7.5235,"NM",26847,2084,"26847_20251231",0.05967774020290431,2.556229576323634,18,9.728513529622123,2.013591368016336,8,"MD"
2178874,5.301396593673966,"NM",26856,30859,"26856_20251231",0.026262649021170655,2.4000855361941547,411,13.60802873923704,1.5634724181193542,4,"TX"
128761,6.43805,"SM",26871,2559,"26871_20251231",0,4.205296033298186,20,15.264426653968632,0.1801123842942001,4,"VA"
12464657,32.54479634464752,"N",26876,153102,"26876_20251231",0,2.33119686277897,383,8.52053835199094,0.9237123159994803,9,"NY"
46568135,23.905613449691995,"N",26881,703909,"26881_20251231",0.09166797890111811,5.718325494442325,1948,13.54134309495183,1.9606427346081465,6,"UT"
284036,6.605488372093023,"SM",26891,3914,"26891_20251231",0,3.10554501517235,43,13.598844122445595,1.0762794961503426,5,"MN"
2942142,4.928211055276383,"SM",26906,69654,"26906_20251231",0.15969189415554916,4.052169412620073,597,8.741093562522135,0.5360125529031671,4,"TX"
576238,6.779270588235295,"NM",26912,9376,"26912_20251231",0.2139568226308969,2.612185507534585,85,11.461681565466767,1.4197040923539395,4,"SC"
814885,6.081231343283582,"N",2691,13069,"2691_20251231",0.44750479215631933,3.0485791999236853,134,9.530749656037306,0.9938508771819722,4,"KY"
543451,7.991926470588235,"SI",26922,8704,"26922_20251231",0.5343996494303243,2.6310126846319877,68,9.298545222177793,0.11509193814823841,4,"MA"
52598,7.514,"NM",26941,597,"26941_20251231",1.8893425313247922,2.894314059989731,7,10.506645390219834,1.8591516637130034,2,"MT"
347700,9.397297297297296,"SM",26944,4432,"26944_20251231",0.18388885674851443,2.3502774545592025,37,11.160789264885588,2.05352979688538,2,"IA"
362599,4.36866265060241,"N",2695,5811,"2695_20251231",1.4930638234075013,2.713101434905946,83,12.190902311707681,1.7863339667850946,4,"KY"
2266431,9.404278008298755,"NM",26960,27553,"26960_20251231",3.0667412468254662,2.4282564208322097,241,7.573866201558165,0.5467159498918625,4,"MO"
5876656,9.082930448222566,"NM",26962,73459,"26962_20251231",0.650696337880643,2.239302773970121,647,10.56787565639594,1.375291082968574,4,"TN"
1257558,5.614098214285714,"N",2700,18484,"2700_20251231",0.9383564590455994,3.102888821701803,224,10.915065942791065,2.459683971801278,4,"KY"
15763,2.251857142857143,"NM",27010,1463,"27010_20251231",2.380952380952381,16.98364583078691,7,13.986797857765602,-13.604028650353243,7,"CO"
177864,7.4110000000000005,"SB",27015,4065,"27015_20251231",0.03247936897225996,4.466581143756395,24,8.039779331303544,-2.8762705086189433,5,"MA"
392959,7.277018518518519,"N",27026,7921,"27026_20251231",1.138729401801602,3.208754962802311,54,13.137461813364629,1.4178733569465483,8,"CO"
226423,7.547433333333333,"SM",27043,3370,"27043_20251231",0.37041540020263425,2.7674083339615496,30,15.878542074188395,1.2727193195535291,4,"TX"
2459535,4.880029761904762,"N",27046,38881,"27046_20251231",0.7657318868292777,2.8478379633470494,504,8.845975237903355,0.957684592672508,4,"KS"
3454109,33.21258653846154,"N",27052,18858,"27052_20251231",0.7162095378352509,1.3527269387156786,104,9.454928311001677,1.4133437517497718,4,"IL"
3773287,14.739402343750001,"NM",27054,51506,"27054_20251231",0,2.484631911850839,256,14.501410018523538,1.9414792097192424,9,"NJ"
2772872,28.00880808080808,"NM",27074,14488,"27074_20251231",2.20362233225805,1.0330006606637527,99,14.686317887695083,3.975076152968108,4,"TX"
229068,4.7722500000000005,"N",2708,4185,"2708_20251231",1.8735407938081685,3.7129494769086815,48,9.401980401650478,0.5959160116997607,4,"KY"
95359,0.3493003663003663,"NC",27102,49020,"27102_20251231",0,79.53424530057696,273,79.00400771856908,31.34538432905267,7,"WI"
377098,4.655530864197531,"NM",27118,6667,"27118_20251231",0.047332205100268365,3.3426793865047886,81,9.262878851019096,1.1030788035182009,8,"AL"
2461947,8.824182795698926,"NM",2711,27055,"2711_20251231",0.23936354975089813,1.989562228590605,279,10.055791912367354,0.7987092236932596,4,"KY"
1247246,11.037575221238939,"SM",27132,15473,"27132_20251231",0.625063494959183,2.4649779868188095,113,12.40362087679356,1.079063046098432,4,"CA"
130338,3.3419999999999996,"SB",27153,2273,"27153_20251231",0.2329559931569177,3.4721049674739586,39,12.803030884033406,1.7030506018622271,8,"GA"
689269,5.427314960629921,"SM",2718,8693,"2718_20251231",0.7239856628269887,2.5844501324249203,127,12.82765314552797,0.9244593039034937,4,"KY"
79477,4.415388888888889,"NM",27201,1545,"27201_20251231",2.8126428295186865,3.491912186676264,18,8.28088729999131,0.7951638475230769,2,"OK"
6642331,7.522458663646659,"SM",2720,73983,"2720_20251231",0.3914484388945555,2.016272208083632,883,13.18763342433118,1.5045937084151773,4,"KY"
5450745,10.482201923076923,"SM",27210,49999,"27210_20251231",0.5596581299345023,1.7231467496655823,520,10.07150787753568,3.6019245134861038,4,"OK"
834873,1.7249442148760332,"NM",27211,63759,"27211_20251231",1.3539335381006035,12.438441093439373,484,11.545026536762196,0.7280434267828866,4,"TN"
144712,5.168285714285714,"SM",27219,3086,"27219_20251231",0.9649283457717138,3.4342328777968687,28,13.559733410301488,0.9500567394997201,4,"KY"
476618,5.812414634146341,"NM",27233,6585,"27233_20251231",0.15592436911183663,2.2697256626127658,82,9.46809591976757,1.657553634959626,4,"AL"
3233515,7.169656319290465,"NM",27235,43953,"27235_20251231",0.5068210617845573,2.714089041978172,451,10.263663496300426,1.0070870711118765,4,"IN"
17269411,12.43298128149748,"NM",27237,193878,"27237_20251231",0.9466103043520925,2.630671928467822,1389,9.723887823203695,1.2874561996012925,4,"MO"
907444,16.80451851851852,"SI",27238,8503,"27238_20251231",0.6021889487366979,1.5523973846712678,54,11.91759761309859,0.4680121685434072,5,"MA"
160842,6.993130434782609,"N",2723,1722,"2723_20251231",0.1122608898620636,2.09790742301327,23,13.660403167322102,1.5781898853702367,4,"KY"
240688,13.371555555555556,"NM",27254,1744,"27254_20251231",0.23653167484073787,2.096826405165763,18,11.30613865121818,1.2603675064519295,4,"GA"
700468,5.886285714285714,"N",2725,6935,"2725_20251231",0.0646100945059518,2.165390266250846,119,8.67134401854481,1.5726814504886364,8,"KY"
999961,11.110677777777777,"NM",27267,10675,"27267_20251231",0.8248648197978315,1.6644610587443411,90,15.411521484047604,2.1034608948645404,4,"NY"
489208,7.301611940298508,"SI",27269,8154,"27269_20251231",0.07581042205939155,3.112812280392072,67,8.142900639399167,0.2924636387555745,5,"MA"
112115000,11.040374199901526,"SB",27314,1673000,"27314_20251231",2.202119152339064,4.641242351136745,10155,12.44076795535059,2.887351571667208,3,"UT"
133080,7.393333333333334,"SM",2733,1223,"2733_20251231",0.7790528195758832,1.745218902606354,18,9.267798137578854,1.0439217435820076,8,"KY"
214160,4.19921568627451,"SM",27351,5285,"27351_20251231",1.8043457141931933,6.7203375156627905,51,16.74681805863683,0.5841545631082422,4,"KS"
242449,5.6383488372093025,"N",2735,4139,"2735_20251231",0.7366838807613889,3.2119291175818563,43,9.220640776860742,1.0583745113630818,4,"KY"
805671,6.245511627906978,"NM",27362,12505,"27362_20251231",0.24576695259625725,2.5850393896981485,129,12.20880333496812,1.3397103175312282,4,"IL"
1007482,7.575052631578947,"NM",27381,11106,"27381_20251231",0.09583582285182216,1.7972342366848582,133,12.448231313922967,1.7114126632491948,4,"AL"
97630,12.20375,"SI",27385,2502,"27385_20251231",0.025321992150182434,3.4015686994482013,8,21.066137162058958,1.0995175586222372,4,"PA"
9005208,,"N",27389,0,"27389_20251231",0.8204678768835046,0.40927484600103753,0,18.250801161830648,0.8694713376143758,5,"NV"
676306,5.985008849557523,"N",2738,8883,"2738_20251231",0.9717224611155292,2.596511811283415,113,11.465621904258251,1.3627297941708945,8,"KY"
948406,4.789929292929293,"NM",27394,14949,"27394_20251231",5.8180557210546535,2.702359245103131,198,14.480823531377398,2.327880847442222,4,"OK"
177267,5.53959375,"NM",27398,2456,"27398_20251231",0.2877055652830707,2.815103840643214,32,9.715011719348974,1.7347345676436359,4,"TX"
278066,7.724055555555556,"NM",27409,4086,"27409_20251231",0.98020424027516,2.976083399412554,36,7.885082380157687,0.36661375531931734,4,"MO"
990431,4.807917475728155,"N",2740,22190,"2740_20251231",0.4489236765434163,3.5590367114849935,206,10.148159628363079,1.344407696353454,4,"KY"
481165,4.626586538461539,"SB",27417,15516,"27417_20251231",1.2787524550536336,4.991833944552057,104,11.198370257193787,0.8322431043439515,4,"RI"
211275193,85.29478926120306,"N",27471,617154,"27471_20251231",0.7079580976095605,15.689493592225368,2477,8.960355045527544,3.8855330674183493,3,"UT"
12118977,6.3021201248049925,"SM",27476,174124,"27476_20251231",0.8671583705714164,2.433871166674946,1923,10.741186421298469,1.7892297976311862,4,"OK"
18666,1.5555,"NC",27479,1858,"27479_20251231",0,15.325215661002387,12,85.44249819589321,6.924894572013251,7,"MA"
410778,7.3353214285714285,"NM",27496,5950,"27496_20251231",0.28903470419000193,2.855875528865839,56,9.203143896521889,0.714953123851718,4,"SC"
7760444,13.857935714285714,"NM",27499,138573,"27499_20251231",3.5748455488160467,10.755164325420093,560,14.074892025516169,4.9063815835653095,3,"DE"
536341,6.461939759036144,"NM",27503,9340,"27503_20251231",10.8866612343901,2.703224222626046,83,23.188762583153938,0.7089878790913888,7,"NY"
442542,3.8481913043478264,"N",2750,7810,"2750_20251231",0.42441929787705185,2.6815988414166654,115,14.543207470276592,1.4466608504492782,6,"KY"
1175700,7.441139240506329,"NM",27510,14109,"27510_20251231",1.3843180099167998,1.8915470060802777,158,14.396067597888539,1.5717433707407733,4,"AL"
167962,6.7184800000000005,"SM",2753,2005,"2753_20251231",0.23792343545839265,2.28689256785185,25,11.752492962304823,0.9482391558965819,7,"KY"
148595,5.5035185185185185,"N",2754,2046,"2754_20251231",0,2.7202882813680374,27,11.674213716021177,1.0597333792715868,4,"KY"
198921,9.041863636363637,"NM",27556,3696,"27556_20251231",0.5349746542794922,2.8549505161262854,22,15.102628415381647,2.552570568222722,4,"IL"
174950,4.165476190476191,"NM",27560,3433,"27560_20251231",0.546164798656493,3.302358074293525,42,10.789198950368217,1.6074466212223322,4,"AL"
104319,20.8638,"SI",27567,710,"27567_20251231",0.6818661105513508,1.016873053529948,5,8.673276676109538,0.23780941382833204,5,"MD"
9386148,11.89625855513308,"N",27589,124803,"27589_20251231",0.3528459123118706,2.2009047671675304,789,9.090742638550637,2.203682601714546,4,"IL"
750432,6.1510819672131145,"NM",2759,10176,"2759_20251231",0.16147698659701912,2.5859901455661296,122,8.603681903905395,0.968773918950268,4,"KY"
421664,6.4871384615384615,"NM",275,5582,"275_20251231",0.3177248502796578,2.6836089571736546,65,8.075124181385544,0.8251784696877571,4,"KY"
1295729,10.980754237288137,"SL",27619,16048,"27619_20251231",0.14453583480046947,2.1078277535557777,118,19.151190653609103,0.13535365988824258,9,"NC"
278465,4.719745762711865,"SB",27643,3810,"27643_20251231",1.0338275681820068,2.805290583888746,59,13.592352929066967,0.05526968061210462,5,"OH"
621903,8.519219178082192,"SB",27654,8231,"27654_20251231",0.36154988297863416,2.4321461877069783,73,9.35556354193985,1.0039437402128466,4,"LA"
241172,6.1838974358974355,"NM",2765,3114,"2765_20251231",0.04809768201966539,2.6267659068680125,39,9.270714565287681,1.453953745411164,2,"KY"
513696,5.188848484848485,"SB",27664,9086,"27664_20251231",5.458107099842673,3.1132207229037037,99,8.729385527319678,0.18564465057212132,4,"IL"
4544079,8.02840812720848,"SM",27677,72439,"27677_20251231",1.170052594621294,2.724086648229539,566,12.646733711562536,1.4333200889827924,4,"NC"
607976,7.414341463414634,"SI",27678,9099,"27678_20251231",0.5096270995824265,2.80751852028542,82,12.791899841918852,0.9893955605836532,4,"TX"
465073,12.918694444444446,"N",2767,3750,"2767_20251231",0.24099886607348728,1.7773502359533753,36,10.177299490594747,1.2359241966492722,4,"KY"
266760,5.444081632653061,"SB",27683,5283,"27683_20251231",0.21158817788307516,3.2624083550245238,49,24.31710507513218,0.2942678514009187,5,"IL"
618613,32.558578947368424,"SI",27686,3575,"27686_20251231",1.6409197826566597,0.9179942586488512,19,16.331131391537472,0.8677492528714938,8,"PA"
534239,8.094530303030304,"SB",27697,7019,"27697_20251231",0.14389250383537003,2.390806302187132,66,21.065934991812618,0.7929410830732637,5,"LA"
329753,6.869854166666666,"SI",27711,4048,"27711_20251231",1.6065994391073453,2.6263456303074584,48,13.835065767684657,0.8205006169247464,4,"PA"
37380,4.6725,"SB",27716,805,"27716_20251231",0.43360082837173186,4.023543835587972,8,46.48191664640899,-0.4130041767969578,5,"LA"
256630,4.935192307692308,"SI",27723,5728,"27723_20251231",0.2667160273615306,4.033413662146744,52,10.631440434593191,0.1514050933394376,4,"IL"
199166,6.638866666666667,"SB",27727,3117,"27727_20251231",0.10281580211335255,2.887152636877905,30,12.501271052645663,1.3456927959920948,2,"KS"
348951,7.424489361702128,"SI",27742,4505,"27742_20251231",0.16615195680049125,2.494179842119297,47,10.025719757289952,0.6945317544048255,4,"IN"
245961,7.68628125,"SL",27752,3052,"27752_20251231",1.6361505237073235,2.314880083008611,32,11.566360196062783,-0.2892089611275766,4,"LA"
362660,15.767826086956523,"SI",27760,2711,"27760_20251231",0,1.1101960268089697,23,9.663249950310911,0.5161412995172181,5,"PA"
664150,5.929910714285714,"SI",27763,10493,"27763_20251231",0.14715998343594605,2.6910590972778223,112,9.171214392803599,0.8303517814251401,4,"PA"
144903,4.391,"SB",27767,2470,"27767_20251231",0.3557975795742122,2.9384045042370226,33,16.52387373370674,0.21995472882237738,4,"IL"
3982369,5.943834328358209,"SB",27774,69436,"27774_20251231",0.7181088314005353,3.8844541259911596,670,9.746746882477375,0.6036335689239072,5,"ND"
762333,5.77525,"NM",2777,11229,"2777_20251231",0.29520244733086837,2.6412681614745246,132,8.98690795153659,0.8415183984831449,4,"AL"
239483,4.887408163265306,"N",2779,4488,"2779_20251231",0,3.159204983850906,49,11.68084527832809,0.36315725761884626,4,"AL"
278891,5.933851063829787,"SB",27806,3913,"27806_20251231",0.14918607047187307,2.6224416065562126,47,11.777162053520156,0.4159959878853851,5,"OH"
5499615,7.032755754475703,"SM",27811,83832,"27811_20251231",0.7711401374781008,2.547233941044209,782,9.360943772721026,1.3303973774421305,4,"MI"
572248,10.597185185185186,"SL",27824,7165,"27824_20251231",0.26153531457292306,2.1201128633438713,54,11.642207452664024,-0.04239179015819639,4,"NH"
40859,8.171800000000001,"SB",27841,534,"27841_20251231",0.08718124357816733,2.0959713984224804,5,27.80704722316207,0.10359398865766284,5,"KY"
55509,9.2515,"NM",27847,591,"27847_20251231",0,1.8468806663644606,6,11.369218892553864,-0.04072699456029012,5,"OH"
238195,10.356304347826086,"NM",2784,1674,"2784_20251231",0,1.5603364285614618,23,19.875838017071317,0.9439173555211369,7,"AL"
1128948,7.100301886792454,"SB",27872,15705,"27872_20251231",1.6388925257975233,3.0400580303037135,159,11.488436495333218,2.1896527643239785,4,"NM"
190384,5.769212121212122,"NM",2787,2842,"2787_20251231",0.6458634958773578,3.0543169400160832,33,11.414181204276872,1.3112053567843693,8,"AL"
553093,5.6438061224489795,"SB",27884,6777,"27884_20251231",0.33321610997176193,1.9395300640723079,98,14.799317893314592,-0.567120399154383,5,"WV"
42373,8.474599999999999,"SI",27897,665,"27897_20251231",0,2.396540444229975,5,12.212636867801109,-0.15079876948204102,5,"NC"
130159,10.012230769230769,"SL",27898,1618,"27898_20251231",1.0374981473247369,2.0729561014584617,13,14.336335221118436,0.6731602514599556,8,"MO"
125679,6.28395,"SB",27910,2806,"27910_20251231",0.6129696932045269,3.3665288738569457,20,22.460771003693996,0.3115172372871299,4,"IL"
1023361,9.564121495327102,"SI",27943,12679,"27943_20251231",1.0738733894484314,2.251428488854946,107,9.726691802863686,0.06073067002332175,4,"PA"
54543,10.9086,"NM",2794,414,"2794_20251231",3.447337385466751,1.841992287115961,5,26.733958183129054,1.0053902124895884,4,"AL"
269247,6.11925,"SB",27965,4204,"27965_20251231",0.07857858082592824,3.3584715630303728,44,7.6845190918433515,0.05043438524687249,4,"OH"
297726,4.880754098360656,"SB",27969,6394,"27969_20251231",1.0936014653486772,4.140532293609087,61,11.320863641611822,1.2106571735322371,5,"OH"
9796570,14.709564564564564,"SB",27981,60402,"27981_20251231",0.5937550495074118,1.2666830083961758,666,9.534356146916197,0.7566917848888017,5,"KS"
362554,7.881608695652175,"NM",27989,5213,"27989_20251231",0.5649334727115516,2.440608744468773,46,11.24072168484599,0.5987038824165928,4,"IL"
1356947,8.223921212121212,"SI",27998,13692,"27998_20251231",0.2580417108518911,1.8500486274659371,165,11.481873093961434,1.6752191811516128,5,"OH"
151258,13.750727272727273,"SI",28035,1450,"28035_20251231",0.5343386585451345,2.0525995366325245,11,13.491581264093114,0.19306978133790312,5,"NC"
168723,2.9090172413793107,"N",2804,4025,"2804_20251231",0.9138422720960064,4.733389485592028,58,12.655151765314606,1.3433505683879179,8,"AL"
285111,5.379452830188679,"NM",2805,4751,"2805_20251231",0.4634055210764595,3.0847330605705223,53,9.20495355170217,1.2613316530779306,4,"AL"
184598,7.099923076923077,"SB",28060,1863,"28060_20251231",0.07456967085775836,2.052102326698621,26,10.84605909987683,0.4007031412069135,5,"OH"
82742,4.596777777777778,"SB",28063,987,"28063_20251231",0,2.4297437308027323,18,18.405470871767267,0.9989214543717292,5,"OH"
276510,7.900285714285714,"SL",28080,3031,"28080_20251231",0.4694526129785186,1.9184147116649668,35,17.06857372484451,0.8666311883749463,4,"OH"
27269094,13.772269696969698,"NM",28088,214825,"28088_20251231",0.954286243781365,1.529371819295486,1980,9.546997238938504,0.9147107028278758,4,"WA"
3481948,7.106016326530612,"N",28094,52467,"28094_20251231",1.2447638587242553,2.587301216027827,490,11.8368900973607,1.4136696520533698,4,"LA"
115617,7.707800000000001,"SB",28103,1664,"28103_20251231",0.09592496536042917,2.2693222878293824,15,29.42637644046095,0.09999254292900189,5,"IL"
501242,6.112707317073171,"N",28105,7051,"28105_20251231",0.5309968611181903,2.3045817803401736,82,8.494716662167834,1.0029466996590974,8,"IL"
2007556,15.324854961832061,"SI",28116,14895,"28116_20251231",0.26372704196236646,1.22570153379062,131,27.40612164924642,0.8198865933141,5,"WA"
314248,5.819407407407407,"SM",28155,5074,"28155_20251231",0.10492279599073853,2.7555288582906012,54,8.910420762878491,0.1013014485136197,4,"NH"
184388,8.780380952380952,"SL",28157,2282,"28157_20251231",0.14895653247715487,2.2774773956108865,21,15.463532418034562,1.0336680448907265,4,"OH"
16771847,7.7325251267865385,"SI",28178,235668,"28178_20251231",0.8283272906247724,2.813381754288771,2169,9.767374932804435,0.9231034533903129,4,"PA"
213251,3.8080535714285717,"SI",28186,4400,"28186_20251231",0.5518769912730295,3.752175918278096,56,11.793238997380941,0.8044810309579579,4,"PA"
146152,4.71458064516129,"NM",281,2535,"281_20251231",0.35219336863307965,3.1740795238397594,31,9.080000799941338,1.042842826814933,4,"KY"
393078,6.239333333333334,"SB",28208,6206,"28208_20251231",0.18363773541930614,3.348488701247664,63,17.964366520255055,1.1466347517805018,5,"CO"
420959,7.6538,"SB",28213,6749,"28213_20251231",0,2.4980644308482516,55,9.856555758473693,0.13832238084447465,5,"MA"
100548,7.734461538461539,"SB",28217,1189,"28217_20251231",1.8016763665729165,2.58703342480246,13,12.071046228710463,0.11468079478956592,5,"OH"
407178,12.338727272727272,"SI",28222,4992,"28222_20251231",0.1834724830731838,1.842998403383748,33,8.663199050827771,-0.2099365647088896,4,"NJ"
112716,7.5144,"SB",28246,1729,"28246_20251231",0.10902660515084231,2.5954384193879885,15,16.697663135764536,1.0830213481391642,2,"KS"
2114639,21.14639,"N",28263,15335,"28263_20251231",0.8699066988320471,1.4405436035151833,100,11.395201571353141,0.9903172051788173,4,"OH"
76658,3.6503809523809525,"SI",28266,1707,"28266_20251231",0.17291832934291035,4.417996573798575,21,4.498849416538446,-1.5609503200793438,5,"WA"
306272,5.104533333333333,"SB",28277,4241,"28277_20251231",1.0495761560945551,2.511563508519498,60,13.672378907929694,0.5181944977042661,5,"MO"
102187,6.3866875,"SB",28288,1419,"28288_20251231",0,2.6372755864751882,16,8.169164882226982,0.3490223452732963,5,"ME"
213000,4.26,"NM",2828,3686,"2828_20251231",0.7728120526871304,3.067522692896775,50,13.626396137604813,1.5025282147237273,4,"AL"
877165,6.497518518518518,"NM",2829,9552,"2829_20251231",0.07020751364516999,2.1649638486782927,135,10.299132818116464,1.238869167373153,4,"AL"
97312,7.485538461538462,"SB",28302,1703,"28302_20251231",1.385879326527538,2.9757902859116965,13,16.373950723242135,0.6257744605410416,5,"IL"
94218,6.729857142857143,"SI",28314,1246,"28314_20251231",0.12463293041043502,2.745701656652047,14,18.785499139414803,0.2339964664386811,4,"NC"
136029,5.914304347826087,"SL",28315,2303,"28315_20251231",1.4131841328653751,3.560518644038239,23,11.654722696965473,0.5936619861590288,5,"CO"
1257462,3.8930712074303404,"SI",28316,42367,"28316_20251231",2.1840980586944827,5.34328411347238,323,20.015742895312883,0.09012922959875974,4,"LA"
1203765,8.133547297297298,"NM",2832,12867,"2832_20251231",3.3836360826507725,2.5458155590480467,148,10.57875082223638,1.6398532218230806,4,"AL"
5043770,7.014979137691238,"SM",28332,54064,"28332_20251231",0.7014478123158777,2.1493168161548533,719,10.337396722900117,1.3603549380131645,4,"MO"
583375,11.90561224489796,"NM",28348,4912,"28348_20251231",1.3712721390352152,2.0819133319983023,49,14.945691138514483,0.22395449626773123,8,"OH"
156223,3.4716222222222224,"SB",28349,6132,"28349_20251231",0.7214862950928934,5.27234627992198,45,10.389749875221915,0.5677324524261821,5,"OH"
14471649,15.594449353448276,"N",28359,154131,"28359_20251231",0.25217537540144086,2.070602958641249,928,8.711583036090149,0.6061038516920776,4,"NJ"
1339316,7.318666666666667,"NM",28362,24852,"28362_20251231",1.1331075800989843,3.3240381994761115,183,9.895592847061291,0.6221781022296101,4,"NM"
637950,8.739041095890412,"SB",28368,11584,"28368_20251231",0,2.976267910572581,73,9.881605232508813,0.6896306070236082,4,"MA"
93026,5.814125,"SB",28369,1667,"28369_20251231",0.09804784231895719,3.392940884241722,16,9.298703530650169,0.11777327146310805,4,"ME"
941604,4.66140594059406,"SM",28380,19929,"28380_20251231",0.708928914813153,3.6352042796823776,202,8.54109420497888,0.4502858538817228,4,"NY"
356754,6.995176470588236,"NM",2838,5287,"2838_20251231",0.1407650526331026,2.743887108644673,51,9.037233536486404,1.1768087255838615,4,"AL"
150710,1.2154032258064518,"SB",28390,24239,"28390_20251231",0,41.15611353102917,124,97.25600033277408,10.852681833139059,7,"MO"
1056466,5.935202247191012,"NM",28396,15880,"28396_20251231",0.16570476548922083,2.329778780268654,178,9.02285967013589,1.0658759966254119,4,"SC"
791728,7.0064424778761065,"NM",28400,16209,"28400_20251231",0,3.087111999800193,113,8.972233603328185,0.943146841335945,4,"WI"
431465,8.6293,"SI",28401,4672,"28401_20251231",0.8862590499602776,1.8959592087685206,50,21.61256767682852,1.0076360213747875,8,"IL"
2089518,8.634371900826446,"NM",28405,27637,"28405_20251231",1.387311175282823,3.004478805919713,242,9.512092473827936,-0.09769301208397431,4,"WA"
193794,4.614142857142857,"SB",28425,3002,"28425_20251231",0.6771976642419547,2.62378798271169,42,10.31522302837983,-0.02827911797945188,5,"IL"
198327,4.1318125,"SB",28445,5030,"28445_20251231",0.12790142583068373,4.6201859890462975,48,12.833943108498286,1.7900305559356047,8,"IL"
2005570,7.654847328244275,"SI",28453,24284,"28453_20251231",0.28932398545816046,2.3163670854995786,262,12.671229097082245,1.5672358759781853,4,"WA"
57878,5.261636363636364,"SL",28463,1043,"28463_20251231",0.6532522881296723,3.196556981882233,11,16.598401598401598,0.34315233597149297,8,"OH"
349767,10.599,"SI",28471,3846,"28471_20251231",0.17561540226903083,2.108997367509362,33,18.922459557270557,0.9332733147464254,5,"NC"
116833,6.490722222222222,"SI",28478,1645,"28478_20251231",1.3287631271878646,3.0925796677251287,18,6.661553723417558,-0.2602498736774152,8,"IN"
21611,3.6018333333333334,"SL",28480,335,"28480_20251231",18.81735134839451,6.928653251038658,6,6.837805217714232,-2.7441057292824294,4,"WI"
16347870,8.545671719811814,"NM",28489,243487,"28489_20251231",0.3879353541377434,2.4633396583321208,1913,10.9501693542449,1.2442289621583962,4,"WA"
153359,5.679962962962963,"NM",284,1790,"284_20251231",0.3956017378836171,2.612442844062643,27,8.58183916684561,1.5575255434189121,8,"KY"
71226,7.1226,"SB",28507,764,"28507_20251231",0.7550266721378744,2.4109981066830306,10,11.61854168451718,0.10033707440357607,5,"KS"
667565,7.7623837209302335,"NM",2850,8074,"2850_20251231",0.7887678268240722,2.2298455176676506,86,15.53898680896296,1.4886703370980376,2,"ID"
2259133,3.809667790893761,"SI",28513,80101,"28513_20251231",0.3391722220421848,4.94143033872003,593,15.42962098151753,1.172082844144507,4,"WI"
368474,6.464456140350877,"SI",28515,4549,"28515_20251231",0.8021420710468692,2.841648590021692,57,8.279676428168308,-2.2068151239737497,8,"TX"
1180052,5.31554954954955,"SI",28530,25060,"28530_20251231",0.3878460344381522,3.6475298468748565,222,8.629942012794196,0.9400486302022494,4,"WI"
1519486,8.441588888888889,"NM",28533,17084,"28533_20251231",1.4588397875764243,2.0995875793584475,180,10.954715977904469,0.8311349553731038,4,"IN"
126179,7.422294117647059,"NM",28543,1888,"28543_20251231",0,2.4508031402421877,17,11.885903027193432,0.8822891304871875,2,"NE"
186846,6.673071428571428,"SL",28555,3098,"28555_20251231",0.1989199487290836,3.1477763595482005,28,20.27633405429835,0.35194230554503436,4,"OH"
122269,4.702653846153846,"SB",28585,1980,"28585_20251231",1.0065915511251096,3.138658646444522,26,9.007245272118942,0.39799240239653383,5,"NY"
997929,4.915906403940887,"NM",28593,18877,"28593_20251231",1.3210457470215666,3.28141664521349,203,8.113602753761437,0.9174808658093568,4,"MI"
1026095,8.695720338983051,"SI",28599,13760,"28599_20251231",0.3120103219379231,2.2256352607454026,118,11.970684938383155,0.2509060662582954,5,"WA"
331853,4.254525641025642,"SI",28614,6817,"28614_20251231",0.08606355621499365,3.572179871795109,78,9.361707222889097,-0.13818638999777297,4,"WI"
108940,18.156666666666666,"NM",28635,392,"28635_20251231",1.7992455486269205,1.132855075155691,6,11.95045045045045,3.4046982382482716,5,"KS"
87547,6.734384615384615,"SB",28637,1213,"28637_20251231",0.17597813087305655,2.9241758642929288,13,17.737448051872462,-0.31517334533993696,5,"PA"
60785,6.0785,"SB",28652,1035,"28652_20251231",0.11433848589458871,2.74860518542829,10,21.53419135261949,1.1999507712504103,2,"OK"
43936,4.3936,"NM",28663,573,"28663_20251231",0,3.6636547899920124,10,20.39666544521803,-0.1246612215876299,5,"OH"
71640,2.8656,"SB",28667,1579,"28667_20251231",0.32182224620365374,4.190244351824194,25,9.158368309878474,0.6350969953630939,4,"MI"
76111,4.7569375,"SL",28677,1044,"28677_20251231",0.6855671079294737,3.2709597737021743,16,15.073486030443275,0.12350761630300536,5,"OH"
2566563,6.199427536231885,"SI",28679,49139,"28679_20251231",0.0869326524033288,3.246463227550938,414,14.055999818273962,0.8654331003847451,4,"WI"
516485,8.608083333333333,"SI",28701,7194,"28701_20251231",0.1987877114097242,2.195119864279053,60,13.404987182474947,0.40254235640127917,4,"PA"
63158,9.022571428571428,"SL",28703,685,"28703_20251231",0,2.417710173542554,7,19.151933395590305,0.8215992933596592,5,"OH"
1010960,7.836899224806202,"SB",28706,14483,"28706_20251231",0.6914403132897703,2.330135302326179,129,15.698610037000158,0.2963972454934663,5,"PA"
149102,8.770705882352942,"SI",28708,2221,"28708_20251231",0.4610746586274162,2.5116841000858425,17,7.355102897942041,-0.1144564906368232,4,"NJ"
5752016,15.097154855643046,"SB",28710,51033,"28710_20251231",0.4682671238364301,2.2643253283350604,381,12.841000320493496,0.05353189001962591,4,"NY"
181779,12.984214285714286,"SL",28712,2748,"28712_20251231",0.22908463766229542,2.638110404451404,14,36.97498507066552,1.8551196778426315,4,"NY"
3855,1.9275,"SB",28722,216,"28722_20251231",6.616541353383458,9.080724099298306,2,4.033342296316214,-7.960375022112152,5,"IN"
378104,9.4526,"SI",28729,4302,"28729_20251231",0.05648240492397468,2.375451456645246,40,9.235247762927324,-0.1656155394694748,4,"NJ"
365240,6.891320754716982,"SB",28735,5683,"28735_20251231",0.5561951524485548,2.640491180970444,53,11.037402263813977,1.4224609115496756,8,"KS"
489987,8.032573770491803,"SI",28747,5749,"28747_20251231",0.4246042541302414,2.763648430735089,61,24.791370113719907,0.34934486495455275,4,"IL"
7605829,14.459750950570342,"SI",28765,72885,"28765_20251231",0.8903923324839439,1.5872784437128467,526,8.863642742732877,0.4288347881465539,4,"NJ"
137671,6.257772727272727,"SB",28769,1644,"28769_20251231",0,2.4822535554546468,22,23.09204015269334,0.9669327847519125,5,"IN"
1142696,9.766632478632477,"NM",28778,15023,"28778_20251231",0.02092871157619359,2.58100899119514,117,14.851309373541863,0.3853656415703116,4,"NJ"
445221,6.956578125,"SB",28780,6537,"28780_20251231",0.5383345411351884,2.296036398144112,64,15.171953997444302,0.12112527158556988,5,"MD"
1123275,7.589695945945946,"SI",28788,18520,"28788_20251231",0.05580794391701406,2.6630913284657853,148,9.035515100095216,0.5323715934340779,4,"NJ"
93802,6.253466666666667,"SI",28790,1378,"28790_20251231",1.353084836075684,3.2646428668287877,15,16.195723002191816,0.6418543261885605,5,"WI"
159702,4.436166666666667,"SI",28793,3324,"28793_20251231",0.15499370338080015,3.426895494076075,36,9.888747036294001,0.2985643729968309,4,"PA"
1410476,6.213550660792952,"SM",287,17616,"287_20251231",0.4611255180561881,2.5878689694861516,227,10.077320519581884,1.087545033489944,4,"KY"
87422,7.947454545454545,"SB",28805,1964,"28805_20251231",0.20314411690020548,4.388346812922453,11,12.09482619798017,-1.1781549868495464,4,"NY"
1403478,8.019874285714286,"N",28808,20436,"28808_20251231",1.5912401341417974,2.7642734582646438,175,11.581874567675117,0.6403570747681369,4,"IL"
481563,6.507608108108108,"SM",28812,7227,"28812_20251231",0.15714320730103137,2.8736152933565693,74,9.119795448480447,0.6939073961298806,4,"AR"
588900,7.181707317073171,"SI",28818,9315,"28818_20251231",0,2.595775524317552,82,8.221530482463738,0.41438167740039944,5,"NJ"
11018560,14.309818181818182,"SB",28834,114178,"28834_20251231",0.4727684207771603,1.6621259653177072,770,9.666202831192319,0.4805484280936193,4,"NJ"
448273,11.206825,"SI",28836,5490,"28836_20251231",0,1.8220986721267323,40,17.36318671145555,0.9140895451937222,7,"PA"
285569,5.827938775510204,"SM",28837,6176,"28837_20251231",0.158448413657231,4.459271334896319,49,10.147160798212497,0.10223831892193194,4,"VT"
409469,7.183666666666666,"SI",28841,7129,"28841_20251231",0.20886973884714413,2.5644611391313967,57,13.494045559878495,-0.48458229201333347,8,"IL"
1437160,5.680474308300395,"SB",28845,26749,"28845_20251231",0.12857038361051143,2.982839419914453,253,9.62103907883727,0.8192089432695421,4,"ID"
581010,6.602386363636364,"SB",28859,9458,"28859_20251231",0.7266352267363686,3.0403342989011097,88,28.775409452706157,1.8572548997707141,5,"SC"
75664,5.820307692307693,"SL",28860,1100,"28860_20251231",0.6933319983980777,2.6427328841753046,13,16.559419319966022,-1.226792835849524,5,"CO"
1042613,8.761453781512605,"SB",28865,14759,"28865_20251231",1.7689161982762114,2.4398455857732557,119,12.765616928949358,0.8564567705205429,4,"MN"
428509,6.492560606060606,"SI",28868,6540,"28868_20251231",0.6571116437574394,2.670696874992877,66,11.735666188721709,0.7027789745308158,4,"TX"
464860,6.367945205479452,"SB",28870,7156,"28870_20251231",0.1238849614300878,2.9315188957724074,73,9.04560395391719,0.412696834533854,5,"NY"
458092,5.9492467532467534,"SB",28894,7209,"28894_20251231",0.2653759624829684,3.249475408629068,77,9.707053564495913,0.44360182594610514,4,"IN"
67660,4.510666666666666,"NM",288,996,"288_20251231",0.05159578388737378,2.7574081865720985,15,9.276800046275541,1.2276852797980404,4,"KY"
1896697,5.695786786786787,"SM",28905,35956,"28905_20251231",2.6389327419591426,3.4214009567578114,333,11.034639555766878,2.061174776660125,2,"AR"
211724,8.14323076923077,"SI",28908,2601,"28908_20251231",0,2.2584627949979867,26,9.19043969592102,0.08253360023968138,5,"PA"
617248,6.935370786516854,"SB",28914,9760,"28914_20251231",0.8637247977000384,2.6664584582099113,89,12.817461585151582,0.5926181696148854,4,"OR"
422705,4.545215053763441,"SB",28924,6634,"28924_20251231",1.5776340014408572,2.605055244608914,93,10.598317795181353,0.209017096514528,5,"IL"
247592,7.282117647058824,"SI",28925,3406,"28925_20251231",0.22593114976753903,2.5693823622212877,34,12.31291747772779,0.8697445572149768,2,"IL"
638980,6.726105263157895,"SM",28930,9219,"28930_20251231",0.07539706053627947,2.3681497739840327,95,10.490653191006864,1.4816566233168973,4,"MO"
304264,7.801641025641026,"N",28942,3217,"28942_20251231",0.19651760505968469,2.1501857351228266,39,12.586036702254894,0.5040163908622517,5,"NY"
75512,10.787428571428572,"SM",28949,826,"28949_20251231",0.7395057856423631,2.1100568429061313,7,12.968452666053928,0.3338870750123839,5,"MS"
93961,7.8300833333333335,"SB",28983,1253,"28983_20251231",1.7590706381104444,2.6471247544074794,12,9.111836004407545,0.5516216798308654,5,"WI"
227490,7.583,"NM",28989,3136,"28989_20251231",5.287923564685967,2.71779109923415,30,8.061689140984878,-1.0089175291284254,2,"IA"
267999,8.933300000000001,"NM",289,2221,"289_20251231",0.7537022916081391,1.518339867026999,30,9.101722542843298,0.3509730345891555,4,"KY"
22379,5.59475,"SB",29005,408,"29005_20251231",0,2.9532446488775057,4,22.30933713471133,-0.6272378015315057,5,"OH"
856258,8.82740206185567,"SI",29009,13311,"29009_20251231",0.023612836009755167,2.3334660254043307,97,23.844024348686318,0.29588316649165575,5,"IL"
872515,6.144471830985915,"NM",29011,13931,"29011_20251231",0.3371576469129575,3.0153704921108573,142,8.579010429462853,0.673672058356513,5,"OH"
6962943,9.35879435483871,"NM",29012,99080,"29012_20251231",0.4425846273236739,2.2541101224931865,744,10.69769254905425,1.0658714240113687,4,"WA"
285643,9.214290322580647,"SI",29024,3270,"29024_20251231",2.003140994302081,2.5492068155111633,31,9.657317663538887,1.1236780258519388,4,"IN"
482443,6.030537499999999,"SB",29035,6369,"29035_20251231",0.7855525037170158,2.574335481633455,80,18.692162897505234,0.7830098800936316,5,"WV"
975927,7.229088888888889,"SI",29047,13710,"29047_20251231",0.7482923328713751,2.562089095816,135,11.1383279906149,-0.5314622193303697,5,"MO"
605018,4.76392125984252,"NM",29056,9625,"29056_20251231",0.22152295933534305,2.929304733698675,127,8.958532642760533,0.3635574598051529,4,"IN"
36874,6.145666666666667,"SB",29059,579,"29059_20251231",0.9844970012447662,3.1344678656610587,6,15.84335877033376,0.26590601431057825,5,"NM"
55087,7.869571428571429,"SI",29061,549,"29061_20251231",1.5799549276661737,2.3497411724496406,7,10.989547038327526,-0.6408385015771747,5,"NC"
150741,5.797730769230769,"SL",29066,3251,"29066_20251231",0.45176227623649756,3.2925636880004503,26,10.166696841941908,0.9887290375045084,2,"CO"
893884,8.93884,"SL",29087,13740,"29087_20251231",1.5951056292561883,2.8573884792721485,100,12.90024740536968,0.9809729098791157,4,"AZ"
274828,7.852228571428572,"SB",29089,2700,"29089_20251231",0.35444864415551824,1.921838650334997,35,10.515803592255658,0.7279525749129709,8,"TN"
295454,5.681807692307692,"SB",29090,4038,"29090_20251231",1.0217244989530363,2.612165863150756,52,13.81263631337406,0.3442177557684618,5,"OH"
113696,5.984,"SM",29093,802,"29093_20251231",0.7322098756347045,1.7536950422777955,19,10.374681076742252,0.795450336019278,4,"MO"
597830,7.20277108433735,"SB",29120,8740,"29120_20251231",0.28432525010507675,2.365262588445652,83,10.797915811983758,0.4943291419949554,4,"WI"
180555,4.103522727272727,"SI",29121,4364,"29121_20251231",0.3385093437258595,3.9149418994808034,44,9.429632987957936,0.2235059866492424,8,"IL"
191295,5.626323529411765,"SB",29135,2819,"29135_20251231",1.4228449114613737,2.952587574607962,34,13.613390995285005,-0.2855781424620815,5,"OH"
782859,5.976022900763359,"SB",29140,16442,"29140_20251231",0.0140029316776108,2.920486503315314,131,8.869762661693445,1.118998793261821,2,"ND"
199336,10.491368421052632,"NM",29143,1996,"29143_20251231",1.3517895504843744,2.6376468190272364,19,17.521797358199084,0.37835358862646185,4,"MO"
2058821,14.39734965034965,"SI",29147,21505,"29147_20251231",0,2.0051024775096065,143,16.394388164235217,2.279947523666656,4,"NY"
271927,6.323883720930233,"SB",29164,5472,"29164_20251231",1.6446982274320405,3.6235115988827347,43,12.262651005690289,0.4595805677700996,5,"GA"
367874,12.685310344827586,"SI",29170,3696,"29170_20251231",0.03997159043985266,2.1485411298539434,29,7.383504368846963,0.2402816923215261,4,"NJ"
314166,9.240176470588235,"SB",29173,3676,"29173_20251231",1.4650283553875236,2.400825461478464,34,8.246214966956567,0.9600593638963515,4,"OH"
615914,6.552276595744681,"SM",29177,9003,"29177_20251231",0.9546133044032578,2.490840425946822,94,9.57536578746083,1.1189117387082175,4,"TN"
94207,5.8879375000000005,"SI",29186,1283,"29186_20251231",0.2569315389700288,2.6409278863169026,16,18.823279974557405,0.5812729317211502,5,"TN"
388373,7.1920925925925925,"SI",29188,6085,"29188_20251231",0.29634126372375563,2.67693825581432,54,15.701817725175024,0.13148026796730453,4,"WI"
175162,4.6095263157894735,"NM",291,2615,"291_20251231",0.5368446355599477,2.420252119154403,38,27.130157665213016,1.939642812080614,2,"KY"
157105,4.760757575757576,"SI",29206,2433,"29206_20251231",0.6681349595602525,3.0217474246470815,33,10.765336416763024,0.6282589342490144,2,"TX"
128836,5.153440000000001,"SI",29208,1852,"29208_20251231",0.580096518186643,2.8525959756860586,25,11.165578191000202,-0.22669636892869338,5,"TX"
13937262,139.37262,"NM",29209,45949,"29209_20251231",1.2179434891925827,1.1305277076000841,100,9.26558542187747,1.1701002958123752,5,"TX"
586243,8.14226388888889,"SI",29227,6130,"29227_20251231",0.49169644000139656,2.3197223856747695,72,11.840719935496338,0.3099175336362334,4,"IL"
89061,4.9478333333333335,"SB",29231,1705,"29231_20251231",0,3.0217969478797935,18,7.879733277674639,0.19267903883693457,5,"PA"
98041,9.8041,"SB",29238,808,"29238_20251231",1.0559111070184324,1.9518717129221745,10,33.12915925578049,0.2826706391864037,5,"SC"
116908,5.567047619047619,"SB",29241,1570,"29241_20251231",3.3200644720132853,2.2486767901893567,21,25.836568523035698,1.0424501651629272,5,"TX"
91602,10.178,"SB",29268,1253,"29268_20251231",0.7463452167222365,2.436735173815543,9,20.68615105927055,-0.537530551052804,5,"LA"
328797,14.945318181818182,"SB",29293,2448,"29293_20251231",0.37601150560551716,1.510649156013204,22,9.682107503927298,1.1382355411140754,5,"WI"
979247,8.026614754098361,"SB",29294,11517,"29294_20251231",0.1600620514528235,1.9910312169287168,122,12.816789581649655,0.35656120905786687,4,"WI"
1140123,5.729261306532663,"SM",292,17113,"292_20251231",0.315602940745731,2.4371392543582284,199,9.844472912273096,1.0776672350697176,4,"KY"
732162,7.108368932038835,"NM",29332,8320,"29332_20251231",5.941272269654049,2.191964508352807,103,9.973960137647522,0.014312099980494231,2,"AL"
242165,6.372763157894736,"SB",29345,2880,"29345_20251231",0,2.598924058127929,38,16.520867204199025,0.9630187274788111,5,"OH"
155405,5.013064516129032,"SB",29357,2740,"29357_20251231",1.3635661594357453,3.4777343390067004,31,14.001628096290267,1.382142716107886,5,"GA"
50817,8.4695,"SB",29379,249,"29379_20251231",0,1.9246002640457678,6,15.285656185114627,1.4669209329617132,7,"NE"
207356,8.29424,"SB",29384,2315,"29384_20251231",0.229935399102157,1.995101466138029,25,16.10436735928118,0.8926869093771236,8,"IL"
63692,5.790181818181818,"SB",29399,911,"29399_20251231",8.975965791801828,4.0456583673201925,11,15.074531549352812,0.4431033460543519,8,"IL"
132936,8.3085,"SB",29426,1251,"29426_20251231",0.4331780643128783,2.082353326337591,16,14.76213424092285,0.6004965943141501,5,"MN"
55528,11.105599999999999,"SI",29430,395,"29430_20251231",0.16854483096521314,2.1702849648347913,5,7.145534041224234,0.45105842594488066,5,"PA"
42800,5.3500000000000005,"SB",29449,844,"29449_20251231",1.6025142359274356,3.641524022946463,8,9.018380362900379,-0.1458461623939143,5,"IL"
230975,5.922435897435897,"NM",2945,5241,"2945_20251231",0,3.9873879057322723,39,12.967053506193396,2.2087931676547257,2,"WA"
95470,11.93375,"SI",29471,501,"29471_20251231",1.0332309410779112,1.0939288501224331,8,12.270505329361827,0.07451549404807492,5,"PA"
535704,7.652914285714287,"SB",29476,7777,"29476_20251231",0.07414225085647083,2.935910896384202,70,13.962326600146021,0.9491006385360063,4,"NE"
37451,6.241833333333333,"SB",29486,451,"29486_20251231",3.2558874664137822,2.5335684253356843,6,15.372603919879388,-0.591346805913468,5,"SC"
2909587,11.277468992248062,"SB",29488,24662,"29488_20251231",0.44350341087714146,2.09485847074144,258,8.149975224810005,0.11187372852640277,5,"OH"
26991,6.74775,"SB",29490,316,"29490_20251231",0.5223990931940269,1.9219465412696448,4,10.215013485166317,0.22429154807573318,5,"WV"
384837,9.620925,"SB",29495,4762,"29495_20251231",0.17746008390829737,2.2958204961161552,40,8.359686477192172,0.12141997068916593,8,"OH"
312206,5.203433333333334,"N",29496,5076,"29496_20251231",0.7012960828230673,3.157329981272239,60,9.67537186725442,0.17995840812015312,4,"NY"
881423,10.881765432098765,"N",29510,13077,"29510_20251231",0.48063395214393706,2.3955911825421663,81,10.820278765962305,0.9370972761646812,4,"GA"
119958,6.313578947368421,"SL",29517,1704,"29517_20251231",0,3.5009177753195715,19,16.05120881362848,-0.1528178393988702,5,"MT"
1473936,9.448307692307692,"SI",29520,18286,"29520_20251231",0.6234194399550829,2.2327362896089533,156,13.720763119142626,0.3237169618178723,4,"PA"
131018,7.278777777777778,"SB",29521,1573,"29521_20251231",0.361977108771572,2.5736766743861623,18,16.992330725983866,-0.0322285093393616,5,"OH"
2020532,6.538938511326862,"NM",29523,29588,"29523_20251231",0.8197822502915983,2.8439020082279822,309,8.933467340540618,0.39697007352665337,4,"IN"
174240,8.297142857142857,"SI",29535,1876,"29535_20251231",1.1949828962371722,2.5563250569125,21,9.820726316074964,0.27603510004219484,8,"IL"
610742,7.35833734939759,"SB",29537,9186,"29537_20251231",3.069579970264453,2.705671228871,83,11.115480276454893,0.43195004032944784,4,"WY"
5603078,5.75264681724846,"NM",29546,77339,"29546_20251231",0.047285039365811424,2.4013606390962847,974,11.278447193448049,1.31447641579118,4,"MO"
363568,6.8597735849056605,"NM",29548,4872,"29548_20251231",0.01655853441917177,2.363969059022116,53,11.547066179023513,1.2095641685329828,7,"AL"
6295144,19.07619393939394,"SB",29566,33313,"29566_20251231",0.6280502371932698,1.2488184641518254,330,10.082474001243952,-0.08916744666447834,4,"IN"
240440,8.29103448275862,"NM",29571,2788,"29571_20251231",1.6024368998592906,2.8022625195770074,29,17.162809023615313,0.536291349012197,4,"OH"
179087,7.163480000000001,"SL",29577,2732,"29577_20251231",0.6487494770914627,2.8590072915598177,25,11.031570613268235,0.35082856650247385,4,"LA"
148185,6.442826086956522,"SB",29578,1975,"29578_20251231",0.4793257365846705,2.9367540966112062,23,9.73138420609713,-0.026679107795908933,5,"OH"
37683,5.383285714285714,"SB",29582,625,"29582_20251231",0.04299226139294927,3.218837761935623,7,19.887026625649728,1.0828472672283431,4,"SC"
1320116,8.980380952380953,"SL",29613,16051,"29613_20251231",0.5198660096050838,2.226517002896643,147,18.9606556333256,0.18470669059917635,4,"MD"
112463,4.889695652173914,"SB",29617,1581,"29617_20251231",0.9001601246375557,2.682197800615799,23,9.441356963125216,0.2654305102924055,5,"OH"
669416,8.264395061728395,"SL",29624,10044,"29624_20251231",0,2.532115371131104,81,11.77362014810638,0.3489290040547696,8,"OR"
43948,10.987,"SB",29627,574,"29627_20251231",0,2.183931847842314,4,16.395901601513824,0.9222115741164346,4,"PA"
874750,8.33095238095238,"SL",29632,13312,"29632_20251231",0.7010887495875948,2.7649599007137144,105,10.051920532231321,0.5408499690673426,4,"CT"
186457,5.179361111111111,"SB",29636,3396,"29636_20251231",2.3113839360835704,3.3526809051861193,36,14.734548357344352,0.2942555496273302,5,"ME"
392170,6.880175438596492,"SB",29637,5296,"29637_20251231",0.24389268721762425,2.2366481148476227,57,10.790758544319726,0.9777310036902729,8,"WY"
225118,5.359952380952381,"SI",29645,4636,"29645_20251231",0.5868436978488512,3.4104153117758904,42,10.893281486282135,1.1360385462018139,4,"IL"
1034904,12.320285714285713,"SI",29657,12234,"29657_20251231",0.46630878415265037,1.8250760016072158,84,16.443497437880502,0.6877950935221773,5,"WI"
745663,7.034556603773585,"SI",29672,10431,"29672_20251231",0.26999799369079786,2.2995318585347304,106,10.988849745687764,0.19682922671422387,5,"PA"
830382,7.688722222222223,"SB",29675,12768,"29675_20251231",0.3304904585283739,2.4344811093518643,108,10.90368693595769,0.6006219584810146,4,"IL"
213314,5.202780487804878,"SL",29676,3805,"29676_20251231",0.6366496576157364,3.077921932961018,41,15.208186961505751,0.8915648754134592,4,"WI"
104179,14.882714285714286,"SI",29677,896,"29677_20251231",0,1.5563710483383568,7,12.627086494688921,1.2057925444296533,4,"IL"
202822,5.633944444444444,"SB",29679,3943,"29679_20251231",1.7884040645546921,3.5464619092446608,36,11.131122427855752,1.1589286126040503,4,"LA"
2730135,7.562700831024931,"SB",29683,36677,"29683_20251231",4.074579599817821,2.1603239697662437,361,16.901543553394646,0.2059825879083308,9,"TN"
32439,6.4878,"SB",29685,324,"29685_20251231",1.2684878151481658,2.3536207659407107,5,20.117662105128534,0.39943955557740524,5,"VA"
559044,5.8233749999999995,"NM",29690,6545,"29690_20251231",1.2614856777736363,2.285635837601557,96,10.096025912369527,1.1650900891032858,4,"IN"
127847,5.11388,"SI",29691,2036,"29691_20251231",0.8979010106245142,2.748834380701399,25,9.226048361213962,0.4038110683154267,5,"WI"
387752,4.508744186046512,"SB",29692,7946,"29692_20251231",0.46857195248136846,3.248909290903537,86,11.805828396012426,0.15433929628796547,4,"NE"
376010,7.372745098039215,"SL",29695,5261,"29695_20251231",0.7257486286557038,2.280990031167155,51,11.598319363759138,2.148493587504754,4,"OH"
208181,6.122970588235295,"SM",29696,3491,"29696_20251231",0.6992574257425743,3.0952057516892317,34,9.961064875650946,1.0635996357397652,4,"WY"
282643,6.280955555555556,"NM",296,3398,"296_20251231",0.5013703127098369,2.232736877994306,45,10.28542783273304,1.555786303856924,8,"KY"
876512,7.896504504504505,"SB",29700,13406,"29700_20251231",0.23027405834632236,2.486452692805508,111,11.360793773410045,1.7783804009338031,4,"LA"
350930,4.6790666666666665,"SL",29705,6695,"29705_20251231",0.08297423359807692,3.303000652511149,75,8.022280198737494,0.9916491754931431,4,"OH"
2966175,13.009539473684212,"SB",29708,30019,"29708_20251231",0.9174989393539806,1.7299685758380483,228,14.601922939230311,0.9881960773044527,5,"MO"
95149,7.319153846153847,"SI",29710,990,"29710_20251231",2.280856215264403,2.5722221621796884,13,10.389078498293514,0.3825910274838696,5,"IN"
129587,2.945159090909091,"NM",29731,5076,"29731_20251231",3.154098804726916,6.367872022389721,44,14.475741575834485,0.7442037973475814,4,"AL"
203885,7.281607142857142,"SB",29743,2857,"29743_20251231",0.35899373785359534,2.335698748350747,28,10.238860997803577,0.6488052078752076,5,"ME"
599500,8.32638888888889,"SB",29744,9879,"29744_20251231",0.11389006035220145,2.8310963784255025,72,8.407857239236776,-0.1405591913161193,5,"NH"
247632,7.283294117647059,"SI",29745,3421,"29745_20251231",0.0890321734159302,2.5854610401547564,34,15.274837995375949,0.4958418433173506,4,"WI"
205030,4.768139534883721,"SB",29749,3533,"29749_20251231",0.3695572630808635,3.72485608625239,43,13.611751096075514,0.5035089224000928,8,"OH"
821598,7.60738888888889,"SI",29771,11047,"29771_20251231",0.049158258213836924,2.6284724195348623,108,9.021587987555396,1.3281746725265393,4,"NC"
218786,8.414846153846154,"SB",29772,2705,"29772_20251231",0.6033730735678976,2.112927448294035,26,12.03513802929379,-0.6124685419954901,8,"GA"
40520,4.0520000000000005,"SB",29774,648,"29774_20251231",0,3.0448010084817687,10,15.844124410020575,0.6824126139629066,5,"KY"
1072130,6.091647727272728,"SI",29782,11562,"29782_20251231",0.42844017472879964,1.982583366794451,176,10.54602697241671,1.5821194158418057,9,"TN"
532976,5.551833333333334,"SM",29783,10137,"29783_20251231",1.221420257148135,3.425843950883406,96,9.296849611071307,0.961926902109357,4,"CO"
890207,8.559682692307693,"N",29787,10310,"29787_20251231",0.17077479599562548,1.904229905719503,104,9.52320093376025,1.660863677112048,4,"OH"
222860,5.8647368421052635,"SM",297,3095,"297_20251231",0.39562080119432697,2.575021086530566,38,9.474423451588057,1.6585590855280836,8,"KY"
544915,10.091018518518517,"SI",29800,5828,"29800_20251231",1.442561283695622,1.8106255418035593,54,26.235925799558245,0.28665505962570936,5,"IL"
279648,5.707102040816327,"SB",29804,5153,"29804_20251231",1.552787732800658,3.068188857591581,49,27.364332603938728,0.8023933330661118,4,"LA"
794422,8.106346938775511,"SI",29809,7600,"29809_20251231",0.14298342112774018,1.7167604812941302,98,14.687118025737622,0.02161322073259378,5,"IL"
156418,6.2567200000000005,"NM",29813,2116,"29813_20251231",2.114117482125333,2.4256791389031265,25,20.16621234449216,0.18708354689902615,8,"OH"
541205,8.8722131147541,"SB",29835,7431,"29835_20251231",0.39645592431295995,2.429795838300312,61,11.0475923263073,0.32536856241795054,5,"MA"
573099,7.64132,"SB",29838,6572,"29838_20251231",0.41824315591980066,2.371807369129492,75,10.593396444239206,-0.06741378318681572,5,"OH"
586674,6.241212765957447,"NM",29839,7963,"29839_20251231",1.5405576062627162,2.5966485045625833,94,9.636666927741661,1.0268800757202798,8,"IN"
205345,14.6675,"SM",29842,2772,"29842_20251231",0.557151105678742,2.276083754433961,14,16.4371610702991,0.2631676236693253,5,"MA"
523765,5.819611111111111,"SB",29846,7912,"29846_20251231",1.7482344959447373,2.8568185258059633,90,13.086762928939391,-0.05177921343391778,8,"MI"
1494856,9.284819875776398,"NM",29847,15395,"29847_20251231",0.4408568818250002,2.1481630804997085,161,9.019139698203098,1.2195376382074723,4,"OH"
27870,6.9675,"SB",29857,420,"29857_20251231",0,3.239167374681393,4,24.016482935934913,0.13098272444066836,5,"KS"
282545,7.435394736842106,"NM",29858,3523,"29858_20251231",0.21894713247302186,2.440577017450089,38,7.133217255099401,1.3748754007774553,4,"OH"
288514,6.869380952380952,"SB",29874,4336,"29874_20251231",0.6143768144711049,3.2233055077635466,42,26.60053388443985,-0.502347118672869,5,"MI"
380875,9.068452380952381,"NM",29878,4740,"29878_20251231",2.201515294823667,2.3233299028545193,42,9.066850100556078,0.9826034231515774,4,"IN"
709631,4.055034285714285,"N",2987,20997,"2987_20251231",1.0924420843551754,4.646100932114134,175,8.989160357880248,0.4947480701902084,4,"WA"
433469,5.222518072289157,"SB",29881,7428,"29881_20251231",0.6714191623726319,3.5083509557748056,83,12.264161434458954,0.5610648585363481,8,"IN"
318795,10.283709677419356,"SB",29904,2520,"29904_20251231",0,1.4657873624405233,31,42.35927281829844,1.0737964649548153,8,"TN"
265372,6.9834736842105265,"NM",29907,4071,"29907_20251231",1.7024187370033927,2.6432592378752884,38,10.19866794072764,0.6837441060431101,2,"IN"
76457,9.557125000000001,"SL",29910,774,"29910_20251231",0.1378812948114208,1.964078719441514,8,18.824171500374426,0.46106357207048804,5,"IN"
1509890,6.239214876033058,"NM",29922,28040,"29922_20251231",0.10403938199316971,3.1429507055295423,242,11.236624345403824,0.4188083983701776,4,"WA"
257648,4.77125925925926,"SB",29933,4857,"29933_20251231",0.857381273325814,3.042786921227031,54,9.947518438161095,0.965575610965402,5,"IN"
289077,5.668176470588235,"SB",29937,3862,"29937_20251231",0.47829532863581337,2.3367486876504486,51,10.366078664666425,0.33248950741834843,5,"KY"
902534,16.116678571428572,"SI",29941,8500,"29941_20251231",2.0066612053185127,1.6388913672800056,56,14.34620395915219,0.1912362417939873,5,"NJ"
104148024,17.996893727319854,"N",29950,837725,"29950_20251231",1.746449609514408,3.0988523050285823,5787,12.608649389105375,1.3570153103491385,9,"DE"
2394540,9.17448275862069,"SM",29961,33490,"29961_20251231",0.7874463588035612,2.256884774689139,261,9.548590711322138,1.1333505655641547,4,"IN"
8941,2.9803333333333337,"NM",29966,152,"29966_20251231",0.4730229120473023,4.558871761233192,3,25.570776255707763,0.1421231004700995,5,"OH"
180218,6.436357142857143,"SL",29975,2890,"29975_20251231",0.9856699246589289,2.8704536511327228,28,9.05877499135826,0.5416502707665787,5,"OH"
116677,1.6668142857142858,"SL",29980,3471,"29980_20251231",1.0905753798873143,4.966705051819957,70,9.095260488394747,-1.4394432483853201,8,"IL"
402685,6.711416666666667,"SL",29988,5888,"29988_20251231",0.43916515282297236,2.5470856792982737,60,23.435278827017587,1.4372612439936643,4,"KS"
641207,8.0150875,"SI",29995,9299,"29995_20251231",1.4022794039712585,2.6211984799186547,80,12.353381699040487,0.6863974034938572,4,"PA"
17487528,18.103031055900622,"SB",30012,107784,"30012_20251231",0.24618611756394623,1.1663459957989633,966,9.807875702351202,0.513063362058434,5,"OH"
17463,8.7315,"SI",30031,174,"30031_20251231",0.8021390374331552,2.0120042048627202,2,22.75081090308997,0.21476449377748139,5,"PA"
1014686,10.910602150537635,"SI",30039,12449,"30039_20251231",0.20751298976609098,1.9813621489167015,93,8.700352693050705,-0.5115037454054808,4,"NJ"
73023,5.617153846153846,"SI",30043,876,"30043_20251231",1.4488196594427245,2.6449536994768192,13,10.993271906833472,0.7456224079592079,8,"IL"
2162432,11.502297872340426,"SI",30052,29297,"30052_20251231",0.672687650987973,2.4769479329726343,188,13.09279130034301,-0.2911332766752637,4,"NJ"
151384,4.205111111111112,"SB",30058,1707,"30058_20251231",1.066800649661732,2.32724953117535,36,12.561676220892878,0.3970286376756355,5,"IN"
43608,7.268000000000001,"SL",30065,588,"30065_20251231",3.3114833697499395,2.959114309753906,6,31.733370979506365,0.5537940836728193,5,"IN"
44636,6.376571428571429,"SM",30067,676,"30067_20251231",0.49133695371088704,2.8894153851533884,7,14.344687520695821,0.7737163739366865,8,"IA"
147395,9.826333333333334,"SI",30072,1776,"30072_20251231",0.42690619966196647,2.219382703914689,15,14.427099204920077,0.1802002002857562,5,"NJ"
4038203,12.984575562700964,"SL",30076,46626,"30076_20251231",0.5778942414884994,1.871768711427809,311,10.959990884644274,0.4446222214346587,4,"NJ"
174434,4.7144324324324325,"NM",30084,2853,"30084_20251231",0.5392303350267291,3.3482658032178927,37,12.659902955447727,0.6366658748216941,2,"OH"
455994,11.99984210526316,"SI",30085,8662,"30085_20251231",0.23873319739584212,3.1813950385423477,38,9.178044677438285,-0.12859884752609613,4,"PA"
114466,8.176142857142858,"SI",30103,1398,"30103_20251231",0.21506599908966773,2.5670865279299013,14,13.874768843188578,0.5440421974981265,5,"NJ"
663576,8.731263157894738,"SB",30111,6690,"30111_20251231",0.2074205900466954,1.8560700403788821,76,13.350309798185215,0.7619910185290011,5,"SC"
674114,7.574314606741574,"SI",30117,8730,"30117_20251231",0.33637514844651883,2.69559071518415,89,11.969302008812067,0.4871843245205341,4,"PA"
238563,4.771260000000001,"SI",30119,3647,"30119_20251231",0.47385940865478754,2.801311365222416,50,13.846141051922508,0.4038003528752128,5,"PA"
105995,8.153461538461539,"SI",30121,1066,"30121_20251231",0.17957205599186515,2.1031704911363645,13,21.855463392950032,0.3223837979114135,5,"PA"
69242,5.326307692307693,"SI",30128,913,"30128_20251231",1.1564612286403604,2.676864795984559,13,8.855609418282548,0.403619893847968,6,"IN"
187629,6.701035714285714,"SB",30150,3154,"30150_20251231",0.2332890759202166,2.7904280952189215,28,19.83058109342818,0.17324283028984003,5,"KS"
27383,6.84575,"SI",30152,320,"30152_20251231",5.252960172228202,1.9579622580857265,4,12.015755998843597,0.3178035754728698,5,"IL"
316160,13.74608695652174,"SI",30154,2525,"30154_20251231",0,1.3514786243106767,23,25.32583362629064,0.8038399907266963,7,"PA"
585529,15.408657894736843,"SB",30155,5372,"30155_20251231",0.5426309544487158,1.635369817881866,38,24.39078944672481,0.7348693244498259,5,"PA"
431245,8.136698113207547,"SB",30167,8062,"30167_20251231",0.05983197187897322,2.753313311182663,53,18.803341713924933,0.9667790408726196,4,"AL"
41443,5.920428571428571,"NM",30176,614,"30176_20251231",0,2.966470976948198,7,12.681408992660506,0.4309643065784307,5,"OH"
441434,4.746602150537635,"SM",3017,9246,"3017_20251231",0.3641040024979228,3.6082857000078934,93,9.805899234044862,1.3135262142469841,4,"CO"
2103648,5.639806970509384,"SM",30182,42300,"30182_20251231",0.36895558448211596,3.339622915380186,373,10.620122674211933,0.8342890721508255,4,"MT"
167455,8.37275,"SI",30183,2141,"30183_20251231",0.14310813874404896,2.617649593165676,20,13.742130582533063,0.3988330440562798,5,"NJ"
30078,5.013,"N",3018,471,"3018_20251231",1.3809211604654976,3.2899922548099,6,13.153592045113282,1.007560128035532,2,"CO"
123514,5.881619047619047,"NM",3019,1452,"3019_20251231",1.7626500531834066,2.450228947669341,21,13.078392643201761,1.9969738802445423,4,"CO"
247421,4.94842,"NM",30219,4521,"30219_20251231",1.7601874755891158,3.394957055311497,50,8.290567108516763,0.12264277432940823,4,"OH"
116171,7.7447333333333335,"N",30220,1077,"30220_20251231",0,1.9144598246083457,15,6.602114340828716,1.0081063052809696,8,"IL"
529925,7.793014705882352,"SI",30260,8947,"30260_20251231",1.0754961484602545,3.135632170074101,68,12.727888425750656,0.5314439554173809,5,"NY"
318533,4.08375641025641,"SI",30270,6341,"30270_20251231",0.999300253952779,3.311000754957491,78,14.054997951974574,0.7745585648473076,8,"LA"
66056,4.403733333333333,"SI",30291,1263,"30291_20251231",0.7527757363894572,4.095231154807659,15,17.652233260028815,0.5370535247504048,2,"TX"
150170,7.508500000000001,"N",3029,1903,"3029_20251231",0,2.342683444899508,20,10.862706449628606,1.0537951059363104,2,"CO"
2199882,10.62744927536232,"SB",30303,24421,"30303_20251231",1.36772714186142,2.2095056984308146,207,35.073839034113035,0.8392532394899654,4,"NY"
270520,6.936410256410256,"SI",30313,3983,"30313_20251231",0.15576650757853883,2.632687067042152,39,6.118274567736391,-1.4333518476118385,5,"WI"
477003,10.369630434782609,"SB",30315,5218,"30315_20251231",0.25610672251690303,2.106295949649816,46,17.7018228344634,0.6743328248978245,5,"NC"
833844,5.750648275862069,"NM",3031,12196,"3031_20251231",0.2054994128588204,2.4607242427894827,145,9.628504400982488,1.3090272495015816,2,"CO"
66029,3.8840588235294113,"SI",30332,1642,"30332_20251231",1.6063440422936153,4.744622709927753,17,29.325812355606228,0.0642612556649357,8,"LA"
99379,5.845823529411765,"SB",30339,1638,"30339_20251231",2.8455611929881077,3.7744524043024,17,10.042700912585588,0.7915818273649499,4,"LA"
637270,7.7715853658536584,"N",3034,7666,"3034_20251231",0.026830655633901072,2.0448736616563004,82,11.642472096092336,1.9981811052957816,2,"CO"
637039,10.98343103448276,"SB",30350,5949,"30350_20251231",0.3299341952215171,2.1822049912750563,58,11.191158156911582,0.8905838444149701,5,"VT"
154768,9.673,"SI",30357,1076,"30357_20251231",1.4150473343298455,1.3842675757328327,16,28.040253418836436,-0.06825651179880787,7,"IL"
55539,13.88475,"SB",30358,553,"30358_20251231",0.22119716220226054,2.1489033183065196,4,23.796748403713046,-0.10684202544908117,5,"NC"
300925,6.541847826086957,"SI",30367,5326,"30367_20251231",0.060044745673488185,3.1854640672562002,46,9.600327882716872,0.06073491213463846,5,"NJ"
19111594,6.032700126262626,"NM",30387,237399,"30387_20251231",0.9471579516533679,2.5931754304058003,3168,11.297844460882846,1.6906250210308587,4,"PR"
101955,7.2825,"SL",30388,1206,"30388_20251231",0.7384129273779472,2.166837672567188,14,12.755692404244053,0.00784730709847782,5,"CO"
695941,7.174649484536083,"SB",30394,14292,"30394_20251231",5.574088873993486,4.626135222443187,97,8.643159636746685,-0.9171908122426418,4,"NY"
53441,8.906833333333333,"SB",30395,1034,"30395_20251231",0.6823986885745873,3.217425909101148,6,21.278561194480055,0.15768014957088472,2,"NE"
652429,14.49842222222222,"SB",30397,4480,"30397_20251231",0.24778452001571571,1.477731161360458,45,15.294235805836042,0.037534093468233644,5,"NY"
453787,4.932467391304348,"NM",303,5815,"303_20251231",1.5109167021783272,2.902370722777354,92,11.444699583240684,1.844923095336214,4,"KY"
3029370,10.031026490066225,"SI",30401,36152,"30401_20251231",0.4881873147947063,2.057637265839143,302,12.460381380680772,0.3928972258258835,4,"PA"
334410,4.846521739130435,"SI",30402,6013,"30402_20251231",0.19369773704351112,3.2200385120885167,69,10.008771745996581,0.4490020478650243,5,"NJ"
275735,5.5147,"SB",30422,5531,"30422_20251231",0.01644827019025166,3.269394714407502,50,22.399629840546698,0.9764847968172776,4,"WI"
649598,10.311079365079367,"SI",30428,7447,"30428_20251231",0,2.0422971967253782,63,12.762008474475687,0.6553894815182337,4,"NJ"
199928,9.087636363636364,"SB",30429,2466,"30429_20251231",1.2386616936284787,2.281196379345298,22,14.802172461921234,0.865245351396201,5,"NY"
368085,8.179666666666666,"SI",30431,4957,"30431_20251231",1.3339315728000456,3.0098297742771294,45,7.7131709431815105,0.8281484290170801,4,"PA"
107424,9.765818181818183,"SI",30434,1829,"30434_20251231",0.24573358258457456,3.1237838112230607,11,26.941083935727928,0.20869094375309044,8,"NC"
1136884,5.7129849246231155,"SL",30441,15456,"30441_20251231",2.8299985910606584,2.6776806806008953,199,11.875713225083524,0.29736436199797317,4,"LA"
52393,5.821444444444444,"SL",30447,896,"30447_20251231",0.7517039922103212,3.0428869413733297,9,29.289640510983855,0.8099083886643389,5,"LA"
3425142,13.327400778210118,"SI",30470,36064,"30470_20251231",0.8477102703764366,1.945215969167798,257,9.332003714607726,0.8450032684345423,4,"NJ"
72174,5.551846153846155,"NM",304,1139,"304_20251231",1.4129597059462877,2.9733945946561455,13,17.524489457081188,0.5593796437050575,2,"KY"
221316,5.981513513513514,"SI",30516,3483,"30516_20251231",0.4938383216277454,3.011602693558845,37,12.540019859130098,1.067432923817382,5,"WI"
727591,7.823559139784947,"NM",30530,11331,"30530_20251231",0.2998211780830719,2.6306260191405637,93,16.65104329410131,1.0326918498930986,4,"NY"
1366747,8.283315151515152,"SI",30544,17126,"30544_20251231",0.7760194297288395,2.402602004066977,165,13.973874640842823,0.22492158018286146,5,"PA"
167209,8.36045,"SB",30551,1797,"30551_20251231",1.5505864580215771,1.6550063492824112,20,26.98890374251407,0.5277092268251192,5,"PA"
76912,6.4093333333333335,"SI",30585,1179,"30585_20251231",0.3413119591306454,2.5975989116339018,12,13.876914610657618,0.9905086202095582,8,"WI"
182112,5.518545454545454,"SM",30595,2861,"30595_20251231",0.9193758459534693,2.4979334629898022,33,10.06895294470896,0.7389103155826758,4,"MO"
137411,7.232157894736842,"SI",30619,1527,"30619_20251231",0.6964530801601615,2.653487204010984,19,10.286280554943845,0.8458977343475085,5,"SC"
344495,8.402317073170732,"SI",30637,3819,"30637_20251231",0.16707392469161245,1.9564347772850283,41,12.470438341580055,0.39734973374298693,5,"PA"
249319,7.7912187500000005,"N",3063,2596,"3063_20251231",2.7097074797245155,1.8675474092024122,32,12.680876513880351,0.7619262157278134,2,"CO"
63507,6.3507,"SI",30656,717,"30656_20251231",0,2.168000943718058,10,8.210996196284304,0.13550005898237863,8,"IL"
15381581,10.492210777626195,"SM",3066,151395,"3066_20251231",0.6840517818845472,1.8444257951577898,1466,11.427584830880267,1.6375454963958875,4,"TX"
984345,8.135082644628099,"N",3067,15543,"3067_20251231",0.871125435369649,2.8091606438640544,121,10.530630388488019,1.9966446136753846,4,"TX"
358898,4.91641095890411,"SB",30680,5845,"30680_20251231",0.47356257104297095,2.6321490170915562,73,17.02874340779192,0.5366304434262085,5,"MD"
105299,7.019933333333333,"NM",30688,1347,"30688_20251231",0.7083707472812532,3.072490767131566,15,9.457938219076148,0.4512991449372704,5,"OH"
178071,1.85490625,"NM",30692,4493,"30692_20251231",2.9911164838577307,5.3178321737606895,96,12.376561263462134,0.7658266123334821,8,"GU"
411205,6.230378787878788,"NM",306,6848,"306_20251231",0.29822926374650516,3.0874768661320173,66,11.969671733107498,0.8806909315237508,4,"LA"
1044737,10.882677083333334,"SI",30704,12211,"30704_20251231",0.04120463637764449,2.0065186150671597,96,11.41644955608263,1.1396899189246263,4,"NJ"
170327,3.5484791666666666,"SL",30707,3352,"30707_20251231",0.21658713678680952,3.491187223304194,48,15.743617972074745,0.05857287197434508,5,"CO"
371160,7.574693877551021,"SB",30722,5291,"30722_20251231",3.5729184283217768,2.7743932150421777,49,18.209496821503993,0.38568415303374587,4,"CA"
234014,4.979021276595745,"N",3075,4397,"3075_20251231",0.004969473235837001,3.1064229204845124,47,11.169576135824553,1.1456958414707232,4,"TX"
7563929,6.464896581196581,"N",30776,203067,"30776_20251231",2.15085358908138,7.632507774303987,1170,9.840702721224408,2.648627397611164,4,"SD"
31955659,7.832269362745098,"NM",30788,381232,"30788_20251231",0.3266278379978578,2.232310832908956,4080,9.329771948703037,0.8973055187134905,4,"MT"
95877,6.3918,"N",3078,1298,"3078_20251231",0.32356760802095486,3.771154170096966,15,8.085132596174576,1.9751405137500622,8,"TX"
136924,9.780285714285714,"N",3079,1258,"3079_20251231",0.35704661816222044,2.1676175961944004,14,8.754261384782575,0.7863003432126524,2,"TX"
271274,5.897260869565217,"NM",307,4494,"307_20251231",1.505756228299933,3.5198323631289203,46,12.265461962794246,0.6069610849429393,4,"LA"
379288,7.156377358490566,"SB",30812,4546,"30812_20251231",0.09790178670760741,2.2274249324080846,53,9.405862782595028,0.20888694079938636,5,"MS"
288935,5.3506481481481485,"SI",30819,4575,"30819_20251231",1.6158601254507436,2.7279186941343085,54,11.750516641863156,0.4422609248268659,8,"IL"
101650,11.294444444444444,"SL",30878,837,"30878_20251231",1.672719019518838,1.6684336364237602,9,11.45377068675057,-0.09619797543344202,5,"ME"
1227875,7.5329754601226995,"SB",30879,18891,"30879_20251231",0.09585081013104722,2.4456810547629644,163,9.79189749462331,0.5975723112341182,4,"CA"
274348,6.532095238095239,"N",3087,4965,"3087_20251231",0.04202157107315088,2.755190497748158,42,10.638844537429573,1.6434403339331696,4,"TX"
107554,8.962833333333334,"SL",30889,1401,"30889_20251231",0.14119053508121032,2.202051266739322,12,8.854432316637764,0.39655584252720844,5,"OH"
3348187,8.246766009852216,"N",30895,44252,"30895_20251231",0.4907431710202482,2.6565095929291784,406,9.951868152332858,0.9891092881042088,4,"KS"
1100844,7.195058823529412,"N",3091,16965,"3091_20251231",0.3068273682663335,2.75066269470845,153,11.796501586723206,1.5199508370865304,4,"TX"
115892,3.3112,"N",30943,2828,"30943_20251231",1.2050744671363596,4.002634900361544,35,14.662500778878593,0.7584557338415406,6,"MN"
2474106,9.479333333333335,"SB",30953,21459,"30953_20251231",0.3680979187555308,1.6702113402741736,261,12.94264168282233,0.9713588961265981,5,"CA"
198892,11.049555555555555,"SM",30969,1918,"30969_20251231",2.2460054265902927,1.6879244845077597,18,10.53403291150881,0.8010837224922742,4,"IL"
202109,5.614138888888889,"SL",30976,3477,"30976_20251231",0.7449067004357705,3.5557959322621127,36,13.947521570810457,0.5967452456777514,5,"NY"
150329,6.53604347826087,"SL",30987,1741,"30987_20251231",0.24550433304656188,2.5524045228009817,23,20.60099502487562,0.23253125913637074,7,"SC"
227920,6.5120000000000005,"SM",3098,5181,"3098_20251231",0.40137452375695615,3.5821516305548693,35,11.091738694958638,0.2920138121666645,4,"TX"
899183,0.5298662345315263,"SB",30996,236362,"30996_20251231",3.9840343512295173,49.80899687892113,1697,16.84913930662568,2.728758303749743,5,"NJ"
663179,4.480939189189189,"NM",31028,10409,"31028_20251231",0.5926293386956396,2.8583493445591435,148,8.182720168717134,0.8038710362088298,4,"MN"
624190,19.5059375,"N",3103,3564,"3103_20251231",1.3153934140027692,1.077393011080126,32,10.572219090384827,1.4094409038686098,7,"TX"
275696,8.354424242424244,"NM",31043,3606,"31043_20251231",4.420627720697342,2.306081181292346,33,9.42630929975988,0.9622236772137475,4,"TX"
271878,5.12977358490566,"SB",31077,4722,"31077_20251231",0.5615443483196748,3.001840021690322,53,9.256098712352843,0.2962617705029901,4,"NC"
164764,11.768857142857144,"SL",31083,1898,"31083_20251231",0.5980722848675253,2.084716700685741,14,12.288332699011061,0.2976413305365277,8,"MD"
134612,7.084842105263157,"SB",31089,1643,"31089_20251231",0.026172716133100158,2.3720813947106856,19,10.76177721181783,0.5076498100505515,5,"SC"
1212396,6.0924422110552765,"N",3108,22106,"3108_20251231",0.39764951511105046,2.9103878549880924,199,9.966362997022857,1.5769075127256011,4,"TX"
57460,7.1825,"SB",31090,627,"31090_20251231",0.004879357876503452,2.453480408585542,8,16.11950330774401,0.24225159193903273,5,"KY"
163917,7.805571428571429,"N",3109,1717,"3109_20251231",0,2.286310373496055,21,9.996415026698617,1.2457711754955632,8,"TX"
1551930,6.283117408906882,"NM",31100,23422,"31100_20251231",0.8404969617709446,2.6410575418016373,247,10.17923602726218,0.7168510762607307,4,"SC"
374194,5.502852941176471,"N",3110,7283,"3110_20251231",0,3.4078332661305146,68,9.83880664796786,3.2517492997428574,4,"TX"
218663,7.540103448275863,"SM",31121,3196,"31121_20251231",0.27735672590060306,3.2541242771989767,29,10.665711570244065,0.29177702111871273,4,"MD"
173044,1.9015824175824176,"SB",31127,8959,"31127_20251231",0.3537097915192876,8.657295703599624,91,7.982894225305781,0.24012852922715466,5,"AL"
516582,8.6097,"N",3113,6973,"3113_20251231",1.702686769595925,2.3824414793039086,60,11.172414853008696,1.2015633099145095,4,"TX"
381445,7.6289,"NM",31146,4218,"31146_20251231",0.001320820758019033,2.1590915696867876,50,11.33742350943517,1.4556890781305243,4,"TN"
294776,4.334941176470588,"NM",31158,5678,"31158_20251231",0.05243804956035172,3.12983305728921,68,11.168665343801225,1.8297063694896292,8,"MS"
355221,6.3432321428571425,"SB",31184,4604,"31184_20251231",0.2296423748449057,2.378385502916585,56,15.288468628930246,0.2492446619397487,5,"PA"
3214470,14.881805555555557,"N",31189,29461,"31189_20251231",1.0235170342015794,2.0336741221262926,216,16.11637761511051,1.0054324426283623,4,"NY"
86487,8.6487,"SB",31197,960,"31197_20251231",1.846477498827734,2.028842272303345,10,21.442988079973404,0.25172028192671575,5,"KY"
204894,6.208909090909091,"SB",31198,3789,"31198_20251231",1.996773363885057,3.3690229731193453,33,15.023191254995135,1.310005293157113,4,"TN"
497355,7.20804347826087,"SM",31217,7120,"31217_20251231",1.2623242018806122,2.56331557914463,69,11.35147069154114,1.1332903306837214,8,"NC"
677348,4.427111111111111,"NM",3121,21971,"3121_20251231",1.004133839891643,4.791004963958995,153,13.990130648052071,1.6938796858061205,4,"TX"
1269801,6.478576530612244,"NM",31223,16650,"31223_20251231",0.6536252088115468,2.357786174190054,196,11.01313799493419,1.3522848631055846,4,"IN"
76228,6.352333333333334,"SB",31232,1110,"31232_20251231",0,3.1653058809608328,12,22.58713571753099,0.6611000499040505,8,"TN"
570574,5.70574,"NM",31236,9239,"31236_20251231",0.2677675905257795,3.0102619772838257,100,9.92753220088701,0.8134751249811167,4,"KY"
30543,6.1086,"SI",31266,423,"31266_20251231",0.96208510080028,2.6358555630425307,5,22.81248995079911,-0.12551693157345384,5,"NC"
66807,13.3614,"SB",31267,812,"31267_20251231",0,2.4536770490765556,5,25.5436561059051,0.4280370282172861,4,"MD"
648291,7.284168539325844,"N",3126,8365,"3126_20251231",0.059060556121817154,2.4132559608446664,89,11.48229575781231,1.9210922375990254,4,"TX"
346592,5.332184615384615,"SM",31272,5978,"31272_20251231",0.15109066456178627,3.2670209319931356,65,8.45167448472341,0.6130811383910189,4,"TN"
660205,7.954277108433735,"N",3127,7404,"3127_20251231",0.002826868442254145,1.8433288600752262,83,12.536326821385929,1.5133473201403722,4,"TX"
4310472,7.780635379061372,"SB",31313,67228,"31313_20251231",3.179872721155133,2.8597507660662576,554,10.705342034621296,0.5802765083728056,9,"FL"
99086,6.192875,"SL",31329,1088,"31329_20251231",3.9655957771763886,2.1754857801502507,16,20.629092284116464,0.380122456653778,5,"MO"
83014,6.917833333333333,"NM",3133,1324,"3133_20251231",0,2.7468266700269957,12,8.046616185518221,1.2916264800391608,7,"TX"
19429,6.476333333333334,"SI",31345,227,"31345_20251231",0.24422735346358795,2.9244534316123634,3,11.217704685041369,-0.08153680571409935,5,"NC"
675249,4.043407185628743,"SB",31361,29952,"31361_20251231",0.009116913013253711,5.037555012456606,167,28.253097543063543,0.32452423390638674,7,"TX"
784087,5.521739436619718,"N",31390,21339,"31390_20251231",1.5446805305933862,4.973096838290591,142,11.328951509119703,-0.33359241697888425,4,"FL"
221074,7.8955,"SB",31406,4293,"31406_20251231",0,2.910214727710944,28,18.247877276881173,-0.5838675315783711,4,"CA"
40359,5.765571428571429,"SB",31409,690,"31409_20251231",2.2257941480956793,3.3364756748219473,7,26.384960072095527,0.23444170792018124,4,"KY"
302814,12.61725,"NM",3140,3800,"3140_20251231",0,1.9758942345121897,24,9.832681371421058,2.529519470595868,2,"TX"
141788,6.164695652173913,"SL",31410,2957,"31410_20251231",0,3.716332966154777,23,9.329940059605532,0.5541426380699367,5,"SC"
444698,7.537254237288137,"N",3144,4217,"3144_20251231",0.2917416233770609,2.4862055964647203,59,11.257916729126068,0.8493019346569214,4,"TX"
940390,9.795729166666666,"SI",31461,9831,"31461_20251231",0.19120080886132435,1.8743200941322737,96,9.835843270577783,1.2176142796882978,4,"PA"
12384752,5.741656003708855,"NM",31469,150280,"31469_20251231",2.462287565384508,3.1557622653112025,2157,10.30773140776464,1.5892975847365716,4,"PR"
158615,6.608958333333334,"NM",31479,1964,"31479_20251231",0,2.3917906104664404,24,10.794180369440218,0.9703800043521607,8,"AL"
515536,5.792539325842697,"SM",31485,9713,"31485_20251231",0.008013748029953608,3.225902955607799,89,10.228426842942602,0.639119638922658,4,"NE"
189337,3.641096153846154,"SM",31488,3551,"31488_20251231",1.9896877866700409,3.9476162429275505,52,9.38079308479632,1.9536672222651656,2,"MO"
55363,6.920375,"N",3149,625,"3149_20251231",1.5011909239062304,2.3011662939208546,8,13.606405577645841,0.879803338077371,8,"TX"
50025,4.547727272727273,"NM",314,966,"314_20251231",0,3.6175520686599945,11,13.014129386608527,0.6144938897667372,2,"LA"
673135,5.177961538461538,"SB",31516,14318,"31516_20251231",0.883338566788323,3.3625141578740956,130,9.235404704741264,0.844135605749637,5,"IN"
266829,13.34145,"NM",31539,2372,"31539_20251231",0.7656217401640895,1.8042146327264443,20,14.38718389764017,0.7739693196505155,5,"OH"
153062,4.136810810810811,"NM",31545,2927,"31545_20251231",0.09213847645190083,3.5839502447016094,37,12.387120433247985,0.8337517158318255,4,"TN"
77236,9.6545,"N",3158,656,"3158_20251231",0,1.5633765633765635,8,16.752264691459985,2.1436271436271435,2,"TX"
957796,8.951364485981308,"N",3161,13266,"3161_20251231",1.387750021963862,2.4139400095628245,107,9.560175438412276,1.4157496502968079,4,"TX"
79661753,23.77962776119403,"SM",31628,607301,"31628_20251231",0.3283318056010259,1.3190311376582984,3350,10.034873276804452,1.7190640724487023,4,"CA"
387496,5.032415584415584,"SI",31694,5022,"31694_20251231",0.3546471281248487,2.557857256278242,77,11.261075162426943,0.8230142560710085,5,"TN"
245033,5.213468085106383,"NM",3170,3866,"3170_20251231",0,2.8781027546641256,47,12.528957058206736,1.6752385398973568,2,"TX"
161941,6.747541666666667,"NM",31711,1422,"31711_20251231",0.7433850655132934,2.1929453643698094,24,11.71678772656303,1.5378590452003054,2,"AR"
26685,6.671250000000001,"SB",31723,387,"31723_20251231",6.630224777343198,3.786079215302192,4,10.70362146849399,-1.0525007857210726,5,"KY"
177118,3.3418490566037735,"NM",31762,4363,"31762_20251231",0.030472169990115122,4.348960897129159,53,10.460477077436455,1.358835636981393,4,"TX"
40350,6.7250000000000005,"SL",31774,577,"31774_20251231",0.7518796992481203,3.1176372006821835,6,14.063665754787365,0.31053145239996455,5,"SC"
744484,14.59772549019608,"NM",3178,10080,"3178_20251231",0.12602586172384803,1.9346457923834628,51,12.633741446137133,1.4796839708221345,4,"TX"
169937,6.536038461538462,"N",3179,3064,"3179_20251231",3.072545353686849,3.296700639268523,26,10.852243957233568,1.6141923174118757,2,"TX"
320479,4.273053333333333,"SB",31823,6450,"31823_20251231",0.3500179667017128,3.6105070707350513,75,12.144181972745304,0.6966855496613527,4,"FL"
1004988,12.884461538461538,"NM",3182,20118,"3182_20251231",0.5522587168776171,2.9822057788188268,78,11.481944821110401,0.4953552886156935,4,"OK"
944404,10.855218390804598,"N",3183,14258,"3183_20251231",0.9976198916291081,2.1217065062516083,87,12.057424819416946,3.44947789073786,4,"TX"
1096886,17.13884375,"SM",31840,10990,"31840_20251231",0.23189816249218295,1.5273517181806648,64,9.728005146929199,0.7271608615360524,4,"TN"
112051,5.60255,"N",3184,1855,"3184_20251231",0.8437769967219323,3.293476938055251,20,14.95257854179016,2.8285490446635024,4,"TX"
277467,4.954767857142857,"SB",31864,5532,"31864_20251231",0.7270570201686142,3.5020963484994367,56,10.729915991750088,0.4847027376362334,5,"MS"
188014,11.05964705882353,"SI",31900,1880,"31900_20251231",0.048815161817979395,2.039225190946119,17,16.116879390416273,-0.14906773680857774,5,"SC"
226918,3.9810175438596493,"SI",31905,4100,"31905_20251231",1.8153014359630255,3.1324763621085383,57,11.636002635777208,0.5642537440406125,8,"TX"
187667,6.255566666666667,"N",3190,2490,"3190_20251231",0.10611529587677765,2.7359225645021454,30,9.842055123736117,1.9210719812117953,8,"TX"
403830,4.8075,"SM",31928,6075,"31928_20251231",0.10623685131928214,2.883241733471451,84,9.68424714416253,0.9216756062521665,6,"VA"
495999,12.097536585365853,"SI",31936,4906,"31936_20251231",0.008469214405635516,1.7837642747413427,41,10.811547957903025,1.6460015580858092,5,"TX"
591271,22.741192307692305,"N",3193,3246,"3193_20251231",2.5436280507437696,1.0552978812695433,26,15.551378488710021,2.0551164673780042,7,"TX"
6440470,8.668196500672948,"SB",31945,48739,"31945_20251231",0.3947674042258294,1.6665831582994803,743,8.125694482340277,0.9742415104232474,5,"NY"
66730,9.532857142857143,"SB",31972,962,"31972_20251231",0,2.802255847873892,7,16.559919864011658,1.8383819685368583,5,"SD"
201649,8.06596,"N",3197,2408,"3197_20251231",0.44367852107159644,2.5667829653500944,25,9.221942210765265,2.143424685505278,2,"TX"
178940,6.390714285714286,"SB",31994,2156,"31994_20251231",1.0573455462810897,2.46066270235973,28,9.837550140560241,-0.20547860143586644,5,"PA"
626368,11.818264150943397,"SM",31999,6227,"31999_20251231",0.14631722504730996,1.617169269460159,53,14.676294926392455,1.0695520949892297,2,"NE"
85899,4.521,"SI",32018,1836,"32018_20251231",0.19645078907733612,4.045297774548445,19,10.956093557652851,1.0958753498555165,8,"TX"
297849,5.727865384615384,"SM",32025,4593,"32025_20251231",0.12565363302895496,3.0329891538257083,52,10.28281191327892,0.9056467835878589,4,"AR"
716112,5.869770491803278,"N",3206,15250,"3206_20251231",0.10602814163592586,3.484212936798018,122,11.695673766462127,0.6700354239568695,4,"TX"
307212,7.877230769230769,"N",32082,4104,"32082_20251231",0.22366650999205823,2.4033821624121163,39,8.989884201646694,1.5292356529575868,4,"MN"
1013686,5.391946808510639,"NM",32084,14361,"32084_20251231",0.6667160350547928,2.4600909731263125,188,11.895952746103871,2.177156735230409,4,"OK"
1567423,8.249594736842106,"N",3210,19963,"3210_20251231",1.2696648819418297,2.4983044867300617,190,14.453000511834976,1.2163130228345536,4,"TX"
454036,4.408116504854369,"SI",32135,7626,"32135_20251231",0.9795093668328465,3.4549174059168664,103,12.002492893169334,1.603037314401874,2,"TX"
357486,8.719170731707317,"N",3217,3437,"3217_20251231",2.2043783083240944,1.9324861147722174,41,10.470700723944816,1.1217437348834842,2,"TX"
107989000,8.409048434823235,"SB",32188,2322000,"32188_20251231",1.138810575621018,4.818593578792997,12842,9.0470618453723,0.40046795422058,9,"AZ"
614871,4.423532374100719,"N",3218,9726,"3218_20251231",0.6799211893247359,2.9655873037554317,139,9.575644343201217,1.1190315613341641,4,"TX"
365413,7.774744680851064,"N",3219,4644,"3219_20251231",2.8600152277884967,2.1361844073609326,47,9.57671079726131,0.7677872099098415,4,"TX"
1004586,9.75326213592233,"NM",32203,14512,"32203_20251231",2.9602495627924563,2.2835167201162263,103,10.366983813171878,0.6567405683415097,4,"CA"
1107903,12.310033333333333,"SB",32242,7565,"32242_20251231",1.2980785610722807,1.458831530340133,90,9.418581661673231,0.1378491587742114,5,"OH"
12513390,8.325608782435129,"SB",32245,159883,"32245_20251231",1.1355440037100717,2.522118928892597,1503,10.956161148829677,0.5261692046339986,4,"PA"
316086,4.515514285714286,"SB",32257,6208,"32257_20251231",0.46373519773810795,4.135912445914991,70,15.879245471082207,0.3644792148005743,5,"NY"
819886,21.022717948717947,"N",3225,7084,"3225_20251231",0.3649261013505385,1.7774786007344427,39,9.63857324122374,21.797334756845228,4,"TX"
975431,7.503315384615385,"SM",3226,14470,"3226_20251231",1.556663040636832,2.5651531944693646,130,11.296942313754334,1.669311351274772,4,"TX"
125534,4.828230769230769,"NM",32277,2422,"32277_20251231",0,3.407331774315734,26,18.52875474897683,0.14986331148512896,4,"CA"
1434308,19.648054794520547,"SB",32282,8142,"32282_20251231",0,1.030668923701145,73,16.312974423229775,1.5862062804154045,4,"CA"
110202,6.482470588235294,"NM",32286,1891,"32286_20251231",0.11183878009699863,3.000233233678943,17,14.339966443558428,0.4230974589094301,4,"OH"
992503,6.486947712418301,"N",3228,13650,"3228_20251231",0.8660195719627655,2.329823178047116,153,11.472413745937319,1.2366090543353385,8,"TX"
115054,4.425153846153846,"NM",32292,1557,"32292_20251231",0.5397936840626207,3.301247708696769,26,8.803513766883095,0.8315106219061872,5,"OH"
133530,5.805652173913043,"NM",32293,2030,"32293_20251231",0.5293678106483967,2.46557264002045,23,21.749474841323025,0.8196282766553816,8,"OH"
4044411,8.22034756097561,"SL",32296,50876,"32296_20251231",0.5082752459355646,1.9873763131013398,492,10.30042864476967,1.6541932152379344,5,"OH"
17957,4.48925,"SL",32306,324,"32306_20251231",0,3.713097400294468,4,15.188525967841334,-0.1934464636911735,5,"OH"
78672,5.2448,"NM",32307,1265,"32307_20251231",0.34553249995477325,2.9785706961960425,15,10.85675685818291,0.36270891007895006,5,"OH"
690146,9.720366197183099,"NM",3230,7836,"3230_20251231",0.17199339785430265,1.9761552503091029,71,11.148990076711943,2.1454606860799674,4,"TX"
52295,7.470714285714286,"N",3232,1528,"3232_20251231",0.15356520295509254,5.1514815134584,7,14.435033686236768,-1.1306124630495291,4,"TX"
216374,7.212466666666667,"SI",32348,2571,"32348_20251231",0.5969951843590869,2.1829081549538984,30,8.069332337983482,0.5676943415189921,5,"NC"
366521,6.319327586206897,"SB",32360,10496,"32360_20251231",4.428532319824224,3.5961360842084935,58,28.179480914084166,2.9839100767269606,4,"MD"
1057047,3.028787965616046,"SB",32363,35154,"32363_20251231",1.5409122312373484,5.339689464502426,349,8.880571363825494,0.44312364299580137,4,"MD"
62268,5.189,"N",3237,1107,"3237_20251231",0.3520178907916261,5.452053403726078,12,11.7018855656697,-2.225155253227744,2,"TX"
506658,2.6666210526315792,"N",32441,27377,"32441_20251231",1.1751279995065078,7.84258440677748,190,13.005849492206659,0.9771807480711792,4,"OH"
638162,6.381620000000001,"SB",32459,9657,"32459_20251231",0.9024582727131192,2.8101828496680916,100,9.22100749592099,1.100784784766398,4,"LA"
96582,5.6812941176470595,"N",3248,993,"3248_20251231",1.7049303726006775,2.7086232224323545,17,16.519859552272127,1.6057881608932962,7,"TX"
470124,4.088034782608696,"NM",324,9667,"324_20251231",0.6033122240645664,3.4008547422608753,115,13.28283932837884,2.0437565690670922,4,"MS"
4444588,8.081069090909091,"N",3250,72074,"3250_20251231",0.8358050916412981,2.770465138442076,550,10.91452966749817,1.5046231988952452,4,"TX"
8979486,9.238154320987656,"SB",32526,128098,"32526_20251231",0.47193070925119535,2.7402842881768104,972,8.995592672516551,-0.3351757453625215,5,"HI"
903014,8.853078431372548,"NM",32527,15889,"32527_20251231",0.2979160454560514,2.5476705874862717,102,16.43893950933683,1.6121209388037343,4,"MD"
256134,5.12268,"NM",32532,3714,"32532_20251231",1.514689726051671,2.6471457182917892,50,10.677629208302498,1.8816076625625775,4,"GA"
87511954,15.782137781785393,"N",32541,964169,"32541_20251231",5.269838330309697,2.190187707530683,5545,9.216361891484738,-0.13799811935140668,4,"NY"
11472011,10.671638139534885,"N",32551,219889,"32551_20251231",0.9573248381216223,5.716120137468595,1075,10.675359222549863,1.2209393934588253,6,"UT"
233415,8.645,"N",3255,2573,"3255_20251231",0.03196784947709732,2.3262361042811883,27,12.48128142047278,0.9652280259807211,7,"TX"
2347817,10.671895454545455,"SI",3256,30711,"3256_20251231",0,2.215501298172971,220,9.094867266459481,1.6683471292433416,4,"TX"
3548056,64.5101090909091,"NM",32574,15636,"32574_20251231",34.05811256868373,0.8540124294476272,55,29.4287566749589,0.5765398167362865,9,"TX"
4102536,12.030897360703813,"N",32612,73919,"32612_20251231",2.2736264920791704,3.1317596077182124,341,10.917013227494538,1.194819678651502,4,"OH"
1541563,7.2373849765258225,"SB",32629,21448,"32629_20251231",0.865363838006486,4.396535833895439,213,18.998497694081728,2.404481028996067,4,"SD"
2952557,7.532033163265306,"NM",32647,42332,"32647_20251231",0.23269662141849548,2.4816337522612755,392,10.021927008939318,1.0314357293992982,4,"IA"
316484,2.930407407407407,"N",3268,7127,"3268_20251231",1.2897780413805688,3.786581759482019,108,10.118720888289447,2.557316478952247,4,"TX"
588832,5.94779797979798,"N",3269,8100,"3269_20251231",0.06471386584456089,2.7277058456850964,99,12.673530022891665,1.8235225312996133,4,"TX"
1137676,9.101408,"NM",32718,22783,"32718_20251231",1.618727121528884,3.1292780407576686,125,11.12080163916863,0.9746103533155396,5,"FL"
294976,5.89952,"N",3275,4800,"3275_20251231",0.014239315427959235,2.8507373715545783,50,10.630866978270209,1.1938842618021932,2,"TX"
3218653,6.107500948766604,"N",3276,60057,"3276_20251231",0.5980812531753421,2.986380742522848,527,14.531487497392185,1.9212857049742182,4,"TX"
30579383,12.45088884364821,"NM",32773,343223,"32773_20251231",0.7458036401089241,2.202555261487466,2456,10.929541644202706,0.3930757822051269,4,"MA"
3904329,12.513875,"NM",32779,46301,"32779_20251231",1.2684506955921078,2.0892819027162246,312,8.49079594400971,-0.8889272378683951,4,"CA"
549490,10.367735849056604,"N",3279,7161,"3279_20251231",3.6387065104006875,2.475509131986464,53,11.244169446549733,0.40325741511996904,4,"TX"
224954,4.590897959183674,"NM",327,4515,"327_20251231",0.07538251533117372,3.3586224610656648,49,15.853516482531832,1.1894270328946233,4,"MS"
4507588,1.4309803174603173,"N",3285,193931,"3285_20251231",1.3714144485349533,9.33292412989036,3150,9.116513133803771,1.0718990097710235,9,"TX"
734960,5.975284552845529,"N",3286,12781,"3286_20251231",0.4104411741105101,2.9419811427093947,123,9.559958862224489,1.3927130824575762,4,"TX"
239690,7.4903125,"N",3289,2854,"3289_20251231",0.1825850114304253,2.4717767244740427,32,11.337934527955424,0.5192698052475974,4,"TX"
82168,3.912761904761905,"NM",32908,2346,"32908_20251231",0.007757109390756628,4.6506447541024185,21,16.009148791494095,0.6360913793530184,4,"CA"
1900058,5.013345646437995,"SM",32912,29084,"32912_20251231",0.09782890113548101,2.908253152252926,379,12.794781968312483,1.2109385638002585,4,"KY"
436744,15.598,"N",3292,3131,"3292_20251231",1.3445463424534165,1.0729094744189929,28,11.33431369828806,1.9890911780996532,2,"TX"
238285,11.346904761904762,"NM",3293,2221,"3293_20251231",0,1.6988047998462743,21,10.048021821378542,1.7812793071461184,7,"TX"
3148738,9.153308139534884,"SM",32941,37656,"32941_20251231",0.007715279356008987,2.0396309481547563,344,11.925655436144933,1.9960509742107946,4,"TX"
4820183,9.737743434343434,"NC",32961,411895,"32961_20251231",0,21.26071044554122,495,67.59821156159298,17.03588400734562,9,"CA"
83394,2.875655172413793,"NM",32968,3966,"32968_20251231",0.12929007992477667,8.793154166412695,29,13.607240681195664,-5.557337036457933,4,"AL"
3630639,3.809694648478489,"NM",32974,137412,"32974_20251231",1.3822159833486616,6.077479131816678,953,9.003617312231132,1.1505185609606166,4,"LA"
253348000,898.3971631205674,"N",32992,178000,"32992_20251231",0.6174657399772254,0.6290006136793347,282,10.087667337993128,1.8621565238419804,9,"UT"
2595483,11.484438053097346,"NM",33005,30444,"33005_20251231",0.4551425144823716,1.895102800158573,226,7.982525483669649,1.616879078195167,4,"IL"
665500,7.313186813186813,"NM",33009,10419,"33009_20251231",0.06580147633094248,2.678554527041096,91,14.861429934457998,3.495480298046795,4,"DE"
444580,6.174722222222222,"NM",33010,6582,"33010_20251231",0.07831057975932548,2.8146815496265716,72,13.518435602420853,1.2263915188258336,4,"GA"
57377,5.7377,"N",33013,912,"33013_20251231",0,2.566241551904533,10,18.99947052895865,0.6786754517433475,4,"CA"
866367,6.98683064516129,"SM",3301,12867,"3301_20251231",0.335913972113842,3.151517700818862,124,10.259461915297093,1.3956257583440892,4,"TX"
192590,5.205135135135135,"NM",33026,3518,"33026_20251231",0.29019476533288685,3.718843783929708,37,13.94990268685388,2.426189645761533,4,"FL"
339970,0.8970184696569922,"N",3302,47230,"3302_20251231",0.5348391356237779,23.053557288511296,379,9.080963492756098,1.5362148853635567,4,"TX"
26509,4.418166666666667,"N",3303,373,"3303_20251231",0,3.0634349858863175,6,9.702970297029703,0.7403301215891934,7,"TX"
442078,4.420780000000001,"N",3305,8489,"3305_20251231",0.01971699237915318,3.700508576358197,100,15.304814644644887,1.9186756111862002,8,"TX"
260466,10.017923076923077,"SB",33103,4626,"33103_20251231",3.4195065722200533,3.4685350615241126,26,10.179635792236212,-1.5497709849363057,5,"CA"
2723291,38.35621126760564,"SB",33111,11934,"33111_20251231",0.47161956139322153,0.8025025203301183,71,9.738501000160527,0.5728542881558373,5,"CO"
2094353,9.145646288209607,"NM",33119,28336,"33119_20251231",0.3052270725877469,2.5996089421461566,229,8.385441750292404,1.084987461958448,4,"KY"
644997000,146.15839564921822,"SM",33124,2124000,"33124_20251231",1.114248879612008,1.1419736218894596,4413,9.760032172414897,1.421082970295999,9,"NY"
143613,8.447823529411764,"N",33131,1901,"33131_20251231",0.17326821560670808,2.7015965793074104,17,10.424837772917936,0.751305365369329,4,"MN"
616118,5.867790476190477,"SM",33136,8407,"33136_20251231",2.5491061073944543,2.6516792344875464,105,8.570835498828682,0.8941218187804874,4,"PA"
45595,9.119,"NM",33183,1345,"33183_20251231",0.03779670412740009,4.172836724182334,5,11.943924831752994,1.8832088591295388,4,"WA"
1896869,7.4096445312500006,"NM",33188,33274,"33188_20251231",0.4439502973005006,3.0714695690650418,256,12.526120914204222,0.42024303840873123,4,"NY"
709956,8.067681818181818,"NM",33204,9017,"33204_20251231",0.020779866618121107,2.53117295349798,88,11.222593037317482,1.6785658107848827,4,"MN"
169432,5.647733333333334,"N",3320,2135,"3320_20251231",0,2.6580189146856474,30,15.260231222927095,1.5563970894383092,7,"TX"
3270854,6.338864341085272,"NM",33216,75685,"33216_20251231",0.48180874679274655,3.731019046783112,516,9.605737504018249,1.8036450953593057,4,"AK"
5424,0.19371428571428573,"NC",33239,6937,"33239_20251231",0,135.81870104900048,28,49.04591187695154,69.24534170271723,7,"OH"
1605712,13.607728813559321,"N",3325,15090,"3325_20251231",0.12644278885280374,1.9645857075723878,118,11.244712931607587,2.544106147749174,4,"TX"
144021,7.20105,"SM",3327,1942,"3327_20251231",2.876562157421618,2.4301336573511545,20,20.054958604896953,1.4799256967358823,8,"TX"
63978350,24.512777777777778,"SM",33306,659185,"33306_20251231",1.4300649392293414,1.2270314053399378,2610,13.91718820676838,1.4680115177714252,4,"IL"
1010945,10.641526315789474,"N",3330,12712,"3330_20251231",1.7507079414106923,2.5296391609464743,95,9.449034423643475,1.025040964283587,4,"TX"
134356,9.596857142857143,"NM",3335,621,"3335_20251231",0,1.2806871173556782,14,15.439541834135712,1.7149720485754243,8,"TX"
86615,9.623888888888889,"SM",3336,815,"3336_20251231",0,1.684395691929836,9,11.92799136805043,2.2332170890892407,2,"TX"
1176779,6.1611465968586385,"N",3337,18577,"3337_20251231",0.29125857651274545,3.018977685257311,191,10.667144177406842,1.4082905179071776,4,"TX"
578551,16.070861111111114,"SM",33380,5609,"33380_20251231",0,1.7461577367386225,36,11.10630747006695,0.9134821815879163,4,"NE"
487060,16.235333333333333,"N",3339,2956,"3339_20251231",0,1.028145965184229,30,14.702712500911261,1.8730431243020214,7,"TX"
1059568,7.4617464788732395,"N",33418,20634,"33418_20251231",0.18962856951184062,3.4571201077137252,142,8.097042574994894,0.6999714619338344,4,"VT"
270980,5.112830188679245,"N",3342,4189,"3342_20251231",0.08497753467474116,3.198107186393563,53,9.527044948351724,1.41248457070353,4,"TX"
658631,4.989628787878788,"NM",33450,14484,"33450_20251231",0.8709837726591871,3.440936053526726,132,9.058519354498792,1.0712303334983246,2,"NE"
2022957,8.499819327731092,"SM",33457,29715,"33457_20251231",0.40166796849003666,2.4775861947121274,238,10.942466140674968,1.270517630698164,4,"CA"
350587,4.869263888888889,"NM",33470,5683,"33470_20251231",0.23172458363981918,2.9438073046772044,72,9.212029469876718,0.6845656681570839,4,"AR"
971152,20.232333333333333,"NM",33492,18917,"33492_20251231",3.8545789589794834,5.829648941769787,48,12.998074549493952,1.253187637707105,6,"LA"
27022000,136.4747474747475,"SM",33497,30000,"33497_20251231",0,0.3428847517592326,198,11.499151423722422,1.4650530302439937,9,"TX"
2956346,12.369648535564854,"NM",33503,32238,"33503_20251231",1.1718447757348478,1.8595014743553766,239,12.391051458319332,1.8755462833366248,4,"NJ"
518614,7.857787878787879,"N",33506,7431,"33506_20251231",0,2.439072708614808,66,9.47699605791606,1.5279863386570838,4,"GA"
54409,4.946272727272727,"N",3351,632,"3351_20251231",0.47350620067643745,3.274125766138076,11,18.5745297991499,0.8916063989763992,7,"TX"
7601679,23.461972222222222,"NM",33539,57056,"33539_20251231",0.8456227739935507,1.1934019315959206,324,10.537659770026085,1.8368869363045655,4,"CA"
160396,8.91088888888889,"NM",33552,1588,"33552_20251231",0,1.8033300245078776,18,9.44296761720638,0.6492713531080994,2,"IA"
67179734,10.634752889029603,"N",33555,796476,"33555_20251231",0.6172274485037657,2.4513947324118726,6317,10.220504430187022,1.3951772655142562,4,"FL"
353090,7.356041666666667,"N",33565,4892,"33565_20251231",0.6954031239761302,3.4765153430989204,48,19.49679143266193,1.2670810645700308,5,"FL"
50677,3.3784666666666667,"NM",33568,1439,"33568_20251231",9.336207537352264,7.1140006605172,15,16.996891996891996,-0.6259552537998939,4,"PA"
601311,7.5163875,"SI",33645,10456,"33645_20251231",0.5142074473024422,3.04429634058417,80,9.242924857223041,0.688096787240403,4,"MA"
3873545,,"OI",33646,,"33646_20251231",1.8347450737517597,0,,0,0,4,"NY"
7031455,,"OI",33648,,"33648_20251231",0,0,,0,0,9,"NY"
575420,,"NC",33649,,"33649_20251231",0,0,,0,0,4,"NY"
61890846,,"OI",33653,,"33653_20251231",1.8927414538534728,0,,0,0,9,"NY"
36443,,"OI",33656,,"33656_20251231",0,0,,0,0,7,"NY"
8660666,,"OI",33661,,"33661_20251231",1.593890076050278,0,,0,0,4,"CA"
4777209,,"OI",33664,,"33664_20251231",0,0,,0,0,9,"IL"
15915772,,"OI",33681,,"33681_20251231",0,0,,0,0,4,"NY"
22604140,,"OI",33682,,"33682_20251231",0,0,,0,0,4,"NY"
1893291,,"NC",33684,,"33684_20251231",0,0,,0,0,4,"NY"
10183954,,"OI",33686,,"33686_20251231",1.2535724775714674,0,,0,0,4,"NY"
158523,5.2841,"NM",3368,2994,"3368_20251231",0.8821891996060125,3.55358529640176,30,14.900105806933468,0.549443437742687,8,"TX"
42988999,,"NC",33690,,"33690_20251231",0,0,,0,0,4,"NY"
63649642,,"NC",33692,,"33692_20251231",1.030100643132093,0,,0,0,9,"NY"
4565549,,"NC",33693,,"33693_20251231",0,0,,0,0,4,"NY"
965048,7.5394375,"NM",33708,11887,"33708_20251231",0.0529336416863877,2.3355430548556018,128,12.235372035560536,1.283093751710179,4,"IL"
364989,8.488116279069768,"NM",33739,3922,"33739_20251231",0.05224178728373437,1.8614341726616672,43,13.758976931073422,1.7997729282246144,4,"TN"
532051,10.641020000000001,"NM",33753,5300,"33753_20251231",5.563304534887756,1.6462403682828,50,10.466226634823762,0.6863892565431609,4,"IL"
2064114,8.783463829787234,"NM",33758,26104,"33758_20251231",0.9001890768419979,2.172166510048279,235,9.419183074275892,0.8018080541703748,4,"ND"
418381,7.606927272727273,"NM",33761,6723,"33761_20251231",1.8765722009277053,2.6540751943663303,55,8.619451093811058,0.6848114626903293,4,"MN"
326953,5.1086406250000005,"NM",3376,7005,"3376_20251231",6.2033735427256405,3.7153806698980407,64,12.815310010809766,0.7440636925927548,4,"TX"
924891,18.875326530612245,"N",33785,5785,"33785_20251231",0,2.645473332568576,49,8.830494224610678,3.243157161082201,7,"MO"
70298,3.6998947368421056,"SI",33802,2305,"33802_20251231",7.791104794259368,6.068938739793346,19,3.631182461981209,-2.62663784560643,4,"PA"
4478347,42.24855660377358,"N",33803,20683,"33803_20251231",0.4710517244424269,1.1271036841610909,106,9.005942060493743,1.4626968151871982,4,"IL"
199404,6.6468,"SM",33805,2980,"33805_20251231",0.05229957194811882,3.018126618448076,30,9.671257716835434,0.5378631495459154,4,"IL"
419253,11.645916666666666,"N",33812,4520,"33812_20251231",0.06624295596217131,1.809700146680453,36,13.374065420560749,1.3783153389280303,4,"WI"
148356,4.495636363636364,"SB",33818,3414,"33818_20251231",2.6603697895773313,3.927148871485312,33,10.038134504811271,2.212787800669012,5,"AR"
1428530,5.494346153846154,"NM",33823,41851,"33823_20251231",2.0083160708644625,6.224681148184649,260,15.016671853465521,5.063729993393907,4,"UT"
6118157,27.559265765765765,"N",33849,41106,"33849_20251231",0.145545542681511,1.3495608966675365,222,9.881693797100914,1.5279970418797968,4,"IL"
462938,9.07721568627451,"N",3384,4772,"3384_20251231",0.7694661690427891,1.904076387246197,51,11.7392307324016,1.2831387405072008,4,"TX"
111682,7.4454666666666665,"NM",33851,1178,"33851_20251231",0,2.16626580348849,15,7.885465264415685,1.808787372542447,8,"TN"
38846,0.39638775510204083,"N",33855,7858,"33855_20251231",0,113.34836550626453,98,96.33873168722161,28.945435252826186,7,"OH"
3094891,9.671534375,"N",33860,42961,"33860_20251231",0.17624425473433655,2.261672048459519,320,8.91594993594063,1.2773805414862383,4,"IN"
2691426,11.214274999999999,"SM",33867,30958,"33867_20251231",0.6662701183440694,2.0659794369409514,240,10.654367576072163,1.2967440348473194,4,"IA"
92257,0.5557650602409638,"NC",33879,23878,"33879_20251231",0,99.29364875796618,166,89.15893445076325,19.33587198863524,7,"FL"
1856094,7.575893877551021,"NM",3387,28023,"3387_20251231",0.29073373899686894,2.6488638727660363,245,10.97054265555666,1.417574726078574,4,"TX"
203846,10.1923,"N",3388,1871,"3388_20251231",0.026271266590304855,1.7623202957982087,20,16.34502416656339,1.7057367486476533,2,"TX"
43374103,110.93120971867009,"SM",33893,76426,"33893_20251231",0.33953333689787135,1.1922881500701061,391,7.991471354982982,1.4724284986109826,9,"FL"
1083598,10.127084112149532,"SM",3389,14737,"3389_20251231",0.10303371199974767,2.4499327670759454,107,9.346861427276687,1.1687804981929248,4,"TX"
5761171,16.845529239766083,"SM",33905,64971,"33905_20251231",0.0761551474366938,2.2025317820962984,342,10.104044148642068,0.9377407230649896,4,"CA"
341879,7.274021276595745,"SB",33922,4917,"33922_20251231",0,2.4618375393531493,47,8.72970552172136,0.5175370189278259,2,"SD"
239636,5.844780487804878,"NM",33926,3472,"33926_20251231",0.6327599910487611,3.0169770138631957,41,10.30834266837832,2.084983565959229,4,"MI"
1088831,10.081768518518519,"N",33928,16167,"33928_20251231",3.9465218976623584,3.2988082299834307,108,11.415062214515807,-0.25904962900934725,4,"CT"
9575716,15.199549206349207,"N",33935,124620,"33935_20251231",0.39117825674248535,2.3282062287506613,630,10.521216073510637,1.8809871137478906,4,"IL"
34631887,293.4905677966102,"N",33947,49025,"33947_20251231",2.1304144643630862,4.094815945722706,118,11.039741378225271,1.156688942873355,9,"DE"
278951,6.339795454545455,"N",33959,5069,"33959_20251231",0.13875627342981992,3.8291957325402226,44,30.31777050851778,0.36655686002741555,5,"FL"
168788,1.164055172413793,"NC",33962,32129,"33962_20251231",0,26.23176013088883,145,97.1326309286381,14.841141585708705,7,"GA"
116310,4.84625,"SM",3399,2197,"3399_20251231",5.820838958762643,3.8061611220886924,24,8.783255086071987,0.4363508870880152,2,"TX"
503380,6.895616438356164,"N",3400,9620,"3400_20251231",1.5436432034204257,2.878993532096492,73,13.406484712996766,1.6261523537158682,4,"TX"
1107990,11.42257731958763,"NM",34010,12977,"34010_20251231",0.8423116921705541,1.8338672461125491,97,21.44774448545214,1.2227084820587322,4,"CA"
3499023,31.522729729729733,"N",34011,18945,"34011_20251231",0.4030804105167105,1.2101763715393736,111,9.426816328379982,1.87425215720806,4,"IL"
139733,6.351500000000001,"N",34014,1806,"34014_20251231",0,2.6234063769174476,22,11.053605464891412,0.5584902645803049,7,"TX"
156456,8.692,"N",3401,1763,"3401_20251231",1.562248608295524,2.051264163650365,18,10.778659208516727,1.5293925091964788,2,"TX"
188107,8.550318181818183,"SM",34020,2196,"34020_20251231",0.25557130363981784,2.133743035357606,22,11.410164948007868,2.2607711041805376,4,"KS"
301517,6.03034,"NM",34023,3823,"34023_20251231",1.410553158972673,2.8191097255555655,50,10.988631749898497,1.0820037447976678,4,"TN"
693289,12.162964912280701,"NM",34038,8487,"34038_20251231",0.9197427178499733,2.3802883383764053,57,11.58961961110859,1.9900585117531886,4,"IL"
288224,12.009333333333332,"SM",34040,3537,"34040_20251231",0.31739200602506856,2.124152075533881,24,9.016322278173295,0.5062692957715789,4,"CO"
2057446,7.5641397058823525,"NM",34047,31023,"34047_20251231",0.015434013539564036,2.4804856263579182,272,8.663515243235095,1.0688703358497154,4,"SC"
309682,7.742050000000001,"NM",34052,3837,"34052_20251231",2.360282791579446,2.6311657238516886,40,10.768478516121354,1.2891348059078636,8,"WI"
165875,7.5397727272727275,"NC",34056,5186,"34056_20251231",0,15.693727144317396,22,87.34698400293931,8.593980615209718,7,"NY"
30541,0.6639347826086957,"NC",34057,6474,"34057_20251231",0,37.701177692160556,46,80.08318073186629,29.613083039593413,7,"OH"
403682,9.84590243902439,"SI",34058,4502,"34058_20251231",0.18922775576767972,1.7791112841615577,41,15.220117336199563,0.36824117124614136,5,"NJ"
4936269,9.717064960629921,"SM",3405,68032,"3405_20251231",0.757743873883621,2.333846905297016,508,8.876634189163244,1.5283000054884583,4,"TX"
3055,,"NC",34065,0,"34065_20251231",0,138.117385038648,0,100,0.13101008777675882,7,"MO"
2086882,13.208113924050632,"N",34068,23938,"34068_20251231",0.2278736550186581,2.052479348257985,158,9.852326272153931,2.2837964323835336,4,"GA"
772799,0.8791797497155859,"N",34069,195926,"34069_20251231",6.1163785090165455,49.98862274254453,879,84.22210143833479,7.952756882027545,7,"DE"
3135699,36.04251724137931,"N",34073,16424,"34073_20251231",0.5006976969324702,1.2321226557576321,87,9.383790123338107,1.647237811914654,4,"IL"
633691,11.735018518518519,"NM",34074,7441,"34074_20251231",0.017980685398638067,1.872225797931673,54,11.434301919362131,0.8545375752929021,4,"WI"
726745,5.590346153846154,"NM",340,10797,"340_20251231",0.20211902649162325,2.840966009599229,130,15.763759548681405,0.5319519911742888,7,"MS"
541959,8.741274193548389,"NM",34108,8020,"34108_20251231",0.24985920277482276,2.7410483265332153,62,8.9659994253424,0.8217700218451595,4,"IL"
3340777,10.216443425076452,"NM",34120,44616,"34120_20251231",0.25668046420513296,2.3425148177930266,327,12.911703947809231,1.7230908786944388,4,"MI"
482991,9.28828846153846,"NM",34146,4993,"34146_20251231",1.401157993810806,1.872038274093198,52,10.363908767380861,1.202595533565665,4,"MO"
401462,11.470342857142857,"SM",34148,4087,"34148_20251231",0.17785721102541188,1.909122564067672,35,10.390618475158316,2.4381836519873685,4,"WY"
593979,5.551205607476636,"NM",34150,9652,"34150_20251231",0.14497084530104296,2.8381550405531155,107,9.00450786401167,1.1509584552793097,4,"KY"
301984,7.9469473684210525,"NM",34160,4308,"34160_20251231",0.7978052666219683,2.5180454075831746,38,10.982330785421514,1.5374806499783618,8,"GA"
368821,17.562904761904765,"NM",34162,4941,"34162_20251231",2.1779516853122973,2.000841645781996,21,18.294724075197088,1.3966680988635574,4,"WI"
272233,9.387344827586206,"NM",34171,3587,"34171_20251231",0.0350804004854369,2.5094978419869225,29,11.01711820203468,0.9747056499699097,4,"MN"
262658,10.50632,"NM",34193,2085,"34193_20251231",0,5.443605722615707,25,14.771850911269176,0.2702022859710525,7,"DE"
1850039,4.53440931372549,"N",34207,46100,"34207_20251231",1.5617116997507785,4.148340098844348,408,9.534431286532142,1.7256540775786966,4,"OK"
1171499,5.3738486238532115,"SM",34211,20788,"34211_20251231",0.4844538751465473,2.6745741645785865,218,10.116708883518506,1.2284586102251922,2,"NE"
254706000,195.6267281105991,"N",34221,345000,"34221_20251231",0.24657377143184814,0.45232810680900604,1302,6.987876853718344,1.0986934823902668,9,"NY"
616991,10.457474576271187,"NM",34229,5811,"34229_20251231",0,1.6689599112048512,59,10.497528999876168,1.7334363155414465,4,"GA"
657265,9.25725352112676,"NM",34233,8336,"34233_20251231",0.020394646930815892,2.200117410186657,71,9.924797653723804,0.6706706550834407,4,"FL"
386221,8.046270833333333,"NM",34240,5302,"34240_20251231",0.06808590958730501,2.404066710927861,48,11.901299112368717,1.6717624028699491,4,"WI"
1138599,9.40990909090909,"SM",34252,25357,"34252_20251231",0.5556194828464813,4.4148440263121405,121,12.998035559054449,0.6875604385087091,4,"CA"
1948950,10.15078125,"NM",34254,17565,"34254_20251231",0.0867302093532767,1.7256506327914443,192,12.161926841834106,1.1660859151289125,4,"KY"
628954,8.275710526315791,"NM",34259,6437,"34259_20251231",8.13662849733648,2.1678617480709272,76,25.073432028460918,3.4407304334234947,4,"NJ"
5739598,18.574750809061488,"NM",34294,70975,"34294_20251231",3.4150314596358693,2.3829233253142768,309,11.623665218435276,1.4328463910778138,4,"MD"
773605,5.773171641791045,"SM",342,13418,"342_20251231",0.5266152561044999,3.1306800367506304,134,9.182409434849493,0.963380621437122,4,"MT"
5923791,10.108858361774745,"SM",3430,43288,"3430_20251231",0.24969648250059878,1.757155173352953,586,10.087580859486351,1.9481936955020873,9,"CA"
743751,8.2639,"NM",34313,9298,"34313_20251231",0,2.5746007115714242,90,21.335011269417997,4.355158078420535,6,"NV"
1377158,9.368421768707483,"N",34319,19267,"34319_20251231",0.3950570490363123,2.4651119254417155,147,11.528807608667172,1.326353001916611,4,"TX"
4457,2.2285,"N",34331,308,"34331_20251231",0,15.075142350415383,2,83.0435764280876,2.426957901614861,7,"NM"
120324,6.332842105263158,"NM",34334,2079,"34334_20251231",0,2.953997576847654,19,12.305329525246538,0.9269717554650294,4,"IL"
1344459,13.718969387755102,"N",34352,18677,"34352_20251231",1.0886357500221744,4.3142835696651805,98,14.09365223995044,-1.8546691535785789,4,"DC"
1084909,8.542590551181103,"NM",34363,18429,"34363_20251231",0.20809903150911369,2.831002776104934,127,9.300582701973122,0.5651356472437243,4,"NE"
31263826,17.514748459383753,"SM",34383,427193,"34383_20251231",0.5847226252354846,2.1869484036653937,1785,11.175699342272926,1.0973166460522958,4,"TX"
764131,13.893290909090908,"NM",34384,7095,"34384_20251231",0.5422889879361971,1.5332510255991425,55,9.455096227630474,2.1096539122844984,2,"IA"
117990,13.110000000000001,"NM",34386,1664,"34386_20251231",0.17563035415674075,2.5578562728380025,9,33.72872570928464,3.2833379268650478,4,"OH"
125503,10.458583333333333,"NM",34393,2192,"34393_20251231",0.36526612996336844,2.831502972755259,12,15.918512186073519,1.620769090448278,4,"IL"
238205,6.4379729729729736,"N",34394,3508,"34394_20251231",0.0018647091364531988,2.4594493202886674,37,13.730699402035413,1.9497892253166555,4,"SD"
4769383,6.6425947075208915,"N",34395,121610,"34395_20251231",5.3560970715362615,4.1569301337577205,718,10.42388952322735,1.0384293462893206,4,"IL"
1364455,14.213072916666667,"NM",34401,16302,"34401_20251231",0.28996083537614803,2.771129979929114,96,8.631727162865847,0.6033863093004816,4,"CO"
4737899,9.809314699792962,"SM",34403,85774,"34403_20251231",1.6779964755583137,6.441738265665286,483,10.599214601419549,1.1076111807001514,4,"WA"
2940956,11.763824000000001,"NM",34404,61220,"34404_20251231",0.3968069195825752,12.583992215214948,250,17.109699941596464,4.456635593339855,4,"UT"
205021,9.319136363636364,"NM",34407,2183,"34407_20251231",0.6550313370473537,1.8443850954460703,22,11.03111552466071,1.2961206613304876,2,"IA"
428656,5.1030476190476195,"NM",34409,7252,"34409_20251231",0.4821225551887452,3.207993433555255,84,12.983729794511884,1.6226303462892226,4,"LA"
1910511,9.36525,"NM",3440,25220,"3440_20251231",0.5662014362549203,2.4213331111195946,204,11.345318611588464,1.1309318669200552,4,"CA"
1076009,11.446904255319149,"SB",34415,12659,"34415_20251231",0.39601823841816486,4.605829319612339,94,9.125076760030868,2.080639371862051,9,"TX"
1077045,16.318863636363638,"SM",34422,7934,"34422_20251231",0.037176212888697956,1.5825648267866057,66,10.291419940032243,1.366551999939091,4,"PA"
105029,5.527842105263158,"NM",34441,2204,"34441_20251231",0,3.4206257436713177,19,9.699091597274792,0.9034229341414124,4,"WY"
24881148,28.533426605504587,"SM",34444,188989,"34444_20251231",0.28431968816119774,1.8265847645557733,872,8.895243737289636,1.0077005444147458,4,"PA"
93872,6.7051428571428575,"N",34455,1609,"34455_20251231",2.14242534155483,2.725881423063365,14,9.809822104853733,0.6305653412387543,2,"TX"
1018424,11.069826086956521,"SI",34456,12251,"34456_20251231",0.11498540900199539,2.168542888508238,92,9.411132050061358,0.7281289492306074,4,"TX"
224068,12.448222222222222,"SM",34457,1580,"34457_20251231",0.20263620047474765,2.071254544102853,18,10.529972447333483,0.19009242067640905,7,"TN"
194774,9.7387,"NM",34460,3123,"34460_20251231",0.02668315381861963,3.301862004939656,20,8.662424421800347,0.7012077633169262,4,"AL"
237696,47.5392,"NC",34465,533,"34465_20251231",0,1.102333731328858,5,96.18908099682118,4.251442074153815,7,"DE"
15607,0.7803500000000001,"N",34478,709,"34478_20251231",0,11.23849653603557,20,71.01597444089457,4.750025850480818,7,"NC"
148236,7.058857142857143,"NM",34488,2293,"34488_20251231",0.17221308242175848,2.4432143801798625,21,11.155888868130988,1.1578921266090636,4,"IA"
426939,8.371352941176472,"N",34489,6243,"34489_20251231",0,2.7397441958064483,51,9.037695247371312,0.7112250881748585,7,"FL"
835864,8.358640000000001,"NM",34496,10197,"34496_20251231",0.24272828266595864,1.92792566597789,100,23.1193722182614,1.0171722826986198,4,"CA"
9333205,14.11982602118003,"SB",34507,80870,"34507_20251231",0.46743877514934407,1.5286773439535075,661,7.215548976531375,1.2433711265553273,5,"IA"
436990,4.009082568807339,"NM",34517,9206,"34517_20251231",0.3926095424890015,3.276338118093787,109,10.826200993926008,1.424413666157014,4,"TN"
9251625,17.22835195530726,"NM",34519,100766,"34519_20251231",3.932169978150499,6.624909786640293,537,19.344635819747673,1.1612235463574614,3,"UT"
188462,4.382837209302326,"NM",34526,3616,"34526_20251231",0.16696726024052738,3.457238586484865,43,8.55317405576962,0.6898143762324919,4,"IL"
3422679,6.004700000000001,"NM",34533,51237,"34533_20251231",0.32470356199987205,2.8102605706860286,570,8.854634903089146,1.092827169380046,4,"AR"
395143,4.203648936170213,"N",34535,17409,"34535_20251231",1.0383788626585666,16.990138860088315,94,18.88177720607686,-0.8355243753090016,3,"FL"
226050,8.073214285714286,"N",34548,3732,"34548_20251231",0.43764749149529564,3.453195178904261,28,11.812181476798099,1.9197728618192818,4,"CA"
3625025,11.544665605095542,"SM",34562,48945,"34562_20251231",0.2188894372209425,2.2700645891702314,314,9.536271741252424,0.19460517695302,4,"AR"
398534,5.948268656716418,"NM",34566,5955,"34566_20251231",0.20971097653092324,2.5816445412702644,67,12.842161682900743,1.5354554905986657,2,"MO"
328045,20.5028125,"SI",34585,3301,"34585_20251231",0.518918264972369,1.6097026683076665,16,10.759762832207485,0.6316905479761583,4,"WA"
2788628,1.4778102808691045,"NC",34588,263540,"34588_20251231",0,14.497387416525854,1887,90.66307215686139,14.277658686753208,9,"OR"
37497884,12.495129623458846,"SM",34589,403369,"34589_20251231",0.5414448276597231,2.7391868950042366,3001,11.1282509242366,0.991076730920757,4,"VA"
6241994,9.1124,"NM",34598,78638,"34598_20251231",0.14782115883418034,2.060347066261782,685,11.540450088151202,1.6101044095789034,4,"MI"
805554,27.777724137931035,"NM",34599,6873,"34599_20251231",0.37241030718106494,2.2363733216274366,29,12.508575547315312,6.107841218708133,4,"UT"
3266143,11.340774305555556,"NM",34603,46603,"34603_20251231",1.3082316509777596,3.1571026589199906,288,11.140894658005667,1.4587149976587146,4,"WV"
395292,5.567492957746479,"NM",34606,835,"34606_20251231",3.1873362211882985,0.43989076998023346,71,9.681472982571163,0.1773585571998226,4,"OK"
5549405,15.632126760563379,"NM",34607,48881,"34607_20251231",1.5183631206203558,1.5912270477410877,355,7.52670830619338,-0.5007863564427859,4,"IN"
303229,7.219738095238095,"NM",34610,3445,"34610_20251231",0,2.3077539050802884,42,10.636578411405296,1.4666131028203788,8,"MO"
3664026,20.70071186440678,"N",34618,22618,"34618_20251231",0.14048251276929197,1.9446010257679187,177,10.837216449208114,1.390030909269097,4,"MI"
30565,,"NM",34619,0,"34619_20251231",0,0.6742368106596173,0,93.56524039415383,4.546091762962369,7,"IA"
1095378,0.5221058150619637,"NC",34629,263404,"34629_20251231",0,48.17624790170925,2098,70.29462275563584,31.296735069570154,9,"MA"
568962,7.2020506329113925,"NM",34643,9811,"34643_20251231",0,2.8211439520214108,79,11.018578518987972,0.5654206704505848,4,"FL"
120996,9.307384615384617,"NM",34644,1699,"34644_20251231",2.9493945979509473,2.498023990063493,13,9.419900390555018,1.3714811823053739,4,"MN"
2884603,11.63146370967742,"N",34656,35336,"34656_20251231",1.4198468833390923,1.923432459637275,248,13.233100888012949,1.6036122102472592,4,"TX"
173769,7.240375,"NM",34666,1961,"34666_20251231",0.1603598949588876,2.7150909259052876,24,12.913585562104013,1.1500603485275671,4,"KS"
2076351,35.7991551724138,"N",34681,11219,"34681_20251231",0.5959944484417106,1.194049525385522,58,10.1944674249485,1.7012252220733146,4,"IL"
788704,6.259555555555556,"NM",34685,14393,"34685_20251231",0.6603452951899673,2.9125093289080137,126,14.156846621859852,1.1355093366173412,4,"OR"
222667,8.246925925925925,"NM",34686,2488,"34686_20251231",0.017036312584787203,1.9603196728928538,27,10.969302750199704,1.4594368553108448,4,"IA"
8449841,100.59334523809524,"NM",34697,10945,"34697_20251231",0.760163661072121,9.372852758114652,84,9.044141287239933,4.617836727817023,4,"UT"
8254538,25.243235474006116,"SM",34699,81458,"34699_20251231",1.2757860120204405,2.1611150507399484,327,9.06231999128174,0.973418217368518,4,"NY"
166878,1.9632705882352943,"SB",34710,75169,"34710_20251231",0,115.0269387371402,85,37.71726465748159,19.704937103777297,5,"OH"
120160,24.032,"SI",34711,828,"34711_20251231",1.8228229771633173,1.3213243775018657,5,20.747472376385375,0.3188818780107198,8,"PA"
4511450,23.135641025641025,"N",34717,28137,"34717_20251231",0.15382001431556422,1.4237093532315943,195,9.532357136829223,1.2718062101476966,4,"WI"
639861,16.406692307692307,"NM",34719,4894,"34719_20251231",0.6613443057189645,1.6055775933321383,39,11.009741257603425,1.398109684822644,2,"KS"
1755074,7.374260504201681,"NM",34728,33161,"34728_20251231",0.24980703322845815,3.1217773162441715,238,10.436875133729808,1.2270883285484198,9,"TN"
8784,0.36600000000000005,"NC",34732,4284,"34732_20251231",0,72.8186332466304,24,93.32949308755761,10.640813431071175,7,"IN"
10445598,22.130504237288136,"SM",34742,87859,"34742_20251231",2.6788913310059588,1.8293221950779592,472,9.924309414932775,-1.1965871898394826,4,"MD"
134656,4.343741935483871,"SB",34748,4035,"34748_20251231",0,6.113715100876299,31,18.88343426380478,1.8896937584526743,7,"IN"
137231,5.966565217391304,"NM",34752,1717,"34752_20251231",0,2.0834244239429847,23,10.908775330141603,0.8023260898080538,2,"IL"
1647875,11.44357638888889,"N",34755,15200,"34755_20251231",0.7466202102980258,1.9166817267039664,144,12.357076907871106,1.2930117738756912,4,"VA"
660393,14.6754,"SM",34759,5098,"34759_20251231",0.9341841224783545,1.6653445263716637,45,19.28996982595215,1.2352428677515364,4,"PA"
533410,6.927402597402597,"SM",34760,7177,"34760_20251231",0.2816710303481062,2.341847656082287,77,10.924908203803344,0.9359340403216408,4,"OH"
46033756,24.910041125541127,"N",34775,361111,"34775_20251231",1.3100608902952786,1.708968628049161,1848,9.124779496346395,0.7197214920490382,9,"FL"
384410,10.983142857142857,"NM",34778,3373,"34778_20251231",1.7558089286307883,1.6348089190852204,35,10.451014030050326,0.8193715808153744,7,"IL"
1601203,5.198711038961039,"NM",34781,40446,"34781_20251231",2.524414257258749,4.452256985414312,308,10.791732174346649,0.9387700830314905,4,"UT"
556376,9.430101694915253,"NM",34784,6401,"34784_20251231",2.467812695427183,2.446583280522853,59,12.156642155108052,1.9005494243308836,2,"LA"
491714,7.450212121212121,"NM",34786,7272,"34786_20251231",5.408156923559546,2.9752463649124117,66,8.037694122952942,0.9350774289724723,4,"PA"
4406593,17.280756862745097,"NM",34788,53623,"34788_20251231",0.39243174386384233,1.8302700805635077,255,10.288530060121797,1.2678819564566612,4,"CA"
16358,0.65432,"SB",34799,4153,"34799_20251231",0,57.58363621892659,25,78.97529974448013,6.075398615127477,5,"WI"
942613,5.854739130434783,"NM",34803,16487,"34803_20251231",0.040344052071391426,2.7502070199877404,161,12.312955014967788,1.098015218710221,4,"LA"
1884030,12.904315068493151,"SM",34805,22994,"34805_20251231",0.17964949179185305,2.2065864944672846,146,11.608951031388104,1.4596395463702836,4,"CA"
986380,9.766138613861386,"SM",34811,11014,"34811_20251231",0.3017016537198122,1.9831883659011469,101,9.363575251180452,0.3854362549401458,4,"NE"
184788,20.532,"NC",34813,934,"34813_20251231",0,1.542934496605544,9,100.38099200245236,9.953774478101698,7,"SD"
1460893,14.90707142857143,"SM",34836,13844,"34836_20251231",0.44183528757959195,2.079868078778464,98,8.568198453477502,1.51989534203976,4,"MN"
477612,6.726929577464789,"SM",34847,7756,"34847_20251231",0.08883425835471438,2.7850780980453127,71,9.375340742293982,1.0227074273008787,4,"TN"
364702,9.351333333333333,"SM",34849,4967,"34849_20251231",0.27620196828182786,2.2771399994738815,39,9.539800852834588,0.8370315519757134,4,"IA"
103468,10.3468,"NM",34857,924,"34857_20251231",0.2819492189855859,1.689956159108336,10,13.152106806605957,0.825195984046211,4,"IA"
235442,10.236608695652174,"NM",34860,361,"34860_20251231",0.05333361220189387,0.35052650511789135,23,15.693835788335683,-0.12723192386932208,4,"NC"
523386,5.880741573033707,"N",34876,12086,"34876_20251231",0.032961673645796545,3.6825757729551962,89,12.910820121985509,0.508813340986142,4,"CT"
2882520,11.438571428571429,"SM",34885,41027,"34885_20251231",0.921032742663132,2.4225123973027016,252,9.38377152359553,0.9583515991872493,4,"TX"
2249033,20.26155855855856,"NM",34888,13154,"34888_20251231",0.5302602608947307,1.2735449713067286,111,15.61233764302655,1.839759101958823,4,"NJ"
910158,5.142135593220339,"SM",34890,15146,"34890_20251231",0.5300266211190453,3.256864656958118,177,10.925070024260796,1.2222931166957984,4,"VA"
73319,3.8588947368421054,"NM",34900,1140,"34900_20251231",2.956091788868698,3.1646828215107523,19,8.184859034746399,0.038351183205022586,4,"IL"
2435900,9.59015748031496,"NM",34908,37826,"34908_20251231",0.19194904568135618,2.5224025360419633,254,8.80125088153307,1.7037249007798545,4,"FL"
375313,6.823872727272727,"N",34918,5367,"34918_20251231",0.014735234625122237,2.733550939557087,55,11.30487340780372,2.003905414945847,2,"TX"
41083,0.21068205128205128,"NC",34935,37456,"34935_20251231",0,113.67850016627867,195,72.48969532146347,41.82948121050881,7,"MI"
899140,6.515507246376812,"NM",34936,16158,"34936_20251231",0,2.898649608840452,138,10.047225195980246,0.9816549142955387,4,"TN"
158618,5.469586206896552,"SM",34938,3029,"34938_20251231",1.1376176420451996,3.375484783789588,29,12.027095955511875,2.391389481928776,4,"MS"
7022546,14.420012320328542,"NM",34953,90171,"34953_20251231",1.4368778373460291,2.032888719732037,487,9.503658433138309,1.3888723779647676,9,"MI"
467874,6.322621621621622,"N",34955,7049,"34955_20251231",0.04347610056643148,3.2798738454316676,74,10.22377843077881,0.4259367286690443,4,"IA"
1139207,12.249537634408604,"SM",34966,13095,"34966_20251231",0.11167284711137546,1.9696064432783755,93,9.50443992686546,1.00756504924205,4,"SC"
15061146,18.548209359605913,"SM",34967,109015,"34967_20251231",0.3352448532153703,1.9538413608422542,812,11.255056925458295,0.5951899197850659,4,"NY"
59766000,8.206233694905945,"SM",34968,595000,"34968_20251231",2.495640802092415,2.6919369519145837,7283,7.519830954736789,1.1738390077281933,9,"PR"
970149,9.239514285714286,"SI",34969,16037,"34969_20251231",1.7344452419629028,2.8307493426630708,105,9.862963790476305,0.8967629358946693,4,"NY"
575849,7.478558441558442,"NM",34973,6899,"34973_20251231",0.9908775397074064,2.2425360419351636,77,10.292951097875772,0.8109565539655672,4,"IA"
1236971,6.510373684210526,"NM",34978,17940,"34978_20251231",2.1168281500117097,2.35104165835404,190,10.61956067874181,1.7160519502685312,4,"LA"
3349731,8.791944881889764,"NM",34980,41704,"34980_20251231",0.15543003716554232,2.251218953764604,381,11.94193983289784,1.3607287664622407,4,"LA"
127251,6.059571428571429,"NM",34995,2474,"34995_20251231",6.426410152192566,2.714935688534139,21,10.740136162758292,0.5581007257670934,2,"NE"
1299138,8.719046979865771,"N",34997,29322,"34997_20251231",2.684735043479885,5.299450793326443,149,6.518110391968418,-1.684209436414889,4,"FL"
1256004,3.45056043956044,"NM",35014,53044,"35014_20251231",1.10555276517122,7.852298445841891,364,16.696803982349767,2.7429589745844165,4,"KS"
241572,6.357157894736842,"NM",35019,2935,"35019_20251231",0.12305068226120858,2.718647969206911,38,12.32588320115357,1.0170481611421538,4,"LA"
742332,6.1861,"NM",35020,10197,"35020_20251231",0.33471700354952255,2.692191383810474,120,9.901599597164491,1.8415979162001481,4,"LA"
279792,10.761230769230771,"NM",35029,3552,"35029_20251231",0.5337041097355545,2.3196245077551843,26,11.468317798882108,1.9246362381615307,4,"GA"
273808,15.211555555555556,"SM",35031,2542,"35031_20251231",0,1.5609441523882484,18,9.222072035069115,1.2362617837630385,4,"IA"
321435,6.839042553191489,"NM",35033,5356,"35033_20251231",0,3.2337175465831125,47,12.597237165930819,1.0582211702609305,4,"NY"
202295,5.323552631578948,"NM",35056,3059,"35056_20251231",0.21259459054469168,2.9482864478112774,38,8.645527667777746,0.8312951994601901,4,"FL"
136917,7.206157894736842,"SM",35060,1494,"35060_20251231",0.12526142730922796,2.3404832773625532,19,16.47809287745134,2.155570931779274,5,"OH"
135591,1.9650869565217393,"NC",35063,12265,"35063_20251231",0,15.287843441804874,69,99.02950075642966,4.5830160689962725,7,"IL"
27529,1.37645,"NM",35075,4842,"35075_20251231",0,31.30529016277424,20,67.94936892499638,12.07905756074546,7,"PA"
250287,8.3429,"SM",35084,2369,"35084_20251231",0.6149909496012737,1.7113018640076738,30,16.836672904352447,1.8093473276891827,4,"AR"
63386,7.92325,"NM",35094,561,"35094_20251231",0,1.7651430694908956,8,12.645596073158483,1.0945576162967467,2,"MO"
19687341,6.915118018967334,"NM",35095,374701,"35095_20251231",0.09351940056851434,3.509023220826854,2847,9.363679435469617,0.9028237490698402,4,"VA"
247601,5.382630434782609,"SM",35101,4469,"35101_20251231",0.012808886292954602,3.319365891574376,46,12.527107479633855,0.6203088617710112,4,"OH"
243448,7.160235294117648,"NM",35103,6124,"35103_20251231",0,4.049926131724106,34,10.436683735113055,1.6551715445536888,4,"ID"
2636823000,19.33452364366948,"N",3510,22146000,"3510_20251231",0.7055495719332618,1.825491813843991,136379,7.3622190475345395,1.1544462063028051,9,"NC"
121452,6.0725999999999996,"NM",35118,2219,"35118_20251231",0.4246631278072683,2.946730135582261,20,8.457326268760232,1.043006610581057,4,"KS"
1822693000,10.011661183036082,"N",3511,25862000,"3511_20251231",1.199168587637725,2.4400309022596076,182057,8.691538067875431,1.4074992133907964,9,"SD"
748217,5.08991156462585,"NM",35131,12668,"35131_20251231",1.120692310619307,2.710403964475626,147,8.827068418875456,0.8242155962025668,2,"IL"
791767,5.779321167883212,"NM",35138,13561,"35138_20251231",1.9738105168384608,3.5473114087605473,137,8.13071472857841,0.9050151764083427,4,"TN"
1035314,11.377076923076924,"SI",35139,13081,"35139_20251231",4.697788323184967,2.788874802850725,91,9.302795944275516,0.2614256155709196,4,"WA"
12814515,474.6116666666666,"NM",35141,5131,"35141_20251231",0.11272912357269509,0.7117475601022147,27,13.70235071185339,2.3080568976801352,6,"UT"
953009,13.81172463768116,"NM",35151,10425,"35151_20251231",0.5739319219582798,1.8647404658663298,69,13.196424852629296,1.170923487143026,4,"NJ"
887785,35.5114,"N",35154,6173,"35154_20251231",0.23063576476562608,1.8803971854855575,25,106.58688640058213,0.288813272485187,7,"NY"
1090919,5.961306010928962,"SB",35157,22830,"35157_20251231",0.6923046345557339,3.8020580093034764,183,9.823603238057528,0.052127079919665274,9,"NV"
548664,7.951652173913043,"SB",35161,5300,"35161_20251231",0.6315144234928308,1.9165409495376355,69,9.139580739838802,1.6521383747098182,4,"KY"
191417,1.5191825396825398,"SB",35164,21674,"35164_20251231",0,149.1121401378809,126,49.49720385943772,70.4456377696061,5,"CA"
64447,1.1717636363636363,"SB",35206,14086,"35206_20251231",0,26.97973844489817,55,79.85816534243877,27.9543522144266,7,"NH"
1031900,6.744444444444445,"SM",35207,19176,"35207_20251231",0.2538434036467644,3.4717175976180723,153,9.050501968969542,0.7762995391842874,4,"VA"
257201,13.536894736842106,"NM",35212,2639,"35212_20251231",0,1.7338513397005797,19,10.044843049327353,0.9125131803220653,7,"FL"
1091534,7.042154838709678,"NM",35214,21664,"35214_20251231",0.3097788628313333,3.2172922691193353,155,10.158840476348589,1.1021958568081474,4,"SC"
255035,6.539358974358974,"SM",35220,3772,"35220_20251231",0.748924810915023,2.8619557278430476,39,9.151600929313428,1.2447338960778926,4,"WY"
578840,8.770303030303031,"NM",35221,4890,"35221_20251231",0.18267647817204513,1.6464244416724856,66,12.371507440036805,2.03443641261221,4,"IN"
525843,12.520071428571427,"NM",35223,6725,"35223_20251231",2.0545263079910887,2.569698415687265,42,9.262594555652756,0.24989405817424515,4,"IL"
137861,5.51444,"NM",35229,1774,"35229_20251231",4.698860286893299,2.551081276693894,25,16.903351399801128,1.062453438955654,4,"IL"
3397348,38.606227272727274,"SB",35237,12659,"35237_20251231",0.3737174957844109,2.008946084114246,88,19.038045976159413,3.869074848569541,2,"WI"
777905,16.206354166666667,"NM",35241,6466,"35241_20251231",4.538715449503762,1.676572630425889,48,12.40985388490562,1.1087912140008873,4,"SC"
7394,0.3080833333333333,"NC",35248,4256,"35248_20251231",0,78.53410656867248,24,93.21872015281757,9.545819935691318,7,"VA"
81470,5.431333333333333,"NM",35261,1419,"35261_20251231",0,3.8841179736817986,15,19.78232702772739,0.8800586526072917,4,"WA"
2411390,8.23,"N",35274,44903,"35274_20251231",1.2636626914531668,3.102717040037429,293,13.04159415604515,0.5001148981119737,4,"VA"
803148,7.6490285714285715,"NM",35276,9897,"35276_20251231",0.3198424451535091,2.4093284480052017,105,8.23324815891412,1.2690112629231964,2,"MO"
3547608,8.026262443438915,"N",35278,65686,"35278_20251231",1.9465742536828872,4.324897832241325,442,9.238219941194695,1.5096732922796166,4,"MD"
495936,9.017018181818182,"NM",35292,6077,"35292_20251231",0,2.0561155645681275,55,10.546342018062504,2.5604647234445324,4,"KS"
4406861,14.124554487179486,"NM",35295,44089,"35295_20251231",0.3584932554131626,1.7636919762534744,312,9.064395267832387,0.746791223204042,4,"SC"
162718,7.396272727272727,"NM",352,2349,"352_20251231",0.9966169882051752,2.6765004394724317,22,10.512203870193861,1.4455998609806406,2,"MT"
18546,1.8546,"NM",35314,799,"35314_20251231",10.431043104310431,11.693422651369339,10,14.656283566058,-2.1128805066612184,4,"AL"
207130,0.4750688073394495,"NC",35317,124630,"35317_20251231",0,110.97559747921156,436,49.27717626242825,10.595566472708237,7,"PA"
380108,4.692691358024692,"NM",35320,7092,"35320_20251231",1.50961124378499,2.986176334413652,81,14.075755090627009,1.8699649447714795,8,"GA"
967454,4.8861313131313135,"NM",35323,39004,"35323_20251231",5.86643397862519,6.751283095029333,198,16.89734195893502,2.0706678527662796,4,"UT"
442002,8.185222222222222,"N",35331,11266,"35331_20251231",0.001428718382462196,4.139208153452245,54,13.604244584696898,-1.2548474510274445,4,"CA"
471618,11.229,"NM",35333,7390,"35333_20251231",0.178493557709757,2.23737228774174,42,11.325826551215826,1.1061975000698518,4,"WI"
4752354,20.396369098712448,"NM",35361,36311,"35361_20251231",0.07597678388997699,1.4287083385218626,233,10.886657251300838,1.5233688349410535,4,"CA"
657818,8.770906666666667,"SM",35365,10541,"35365_20251231",1.3700330242921495,2.8362703246871575,75,11.857962600821963,1.3245587044776297,4,"NC"
492949,7.1441884057971015,"N",35366,6536,"35366_20251231",0.3222258227940539,2.1994596268399507,69,12.259811623844593,1.3436395711855995,4,"CA"
221600,8.863999999999999,"NM",35377,4056,"35377_20251231",0,3.523536572507596,25,15.056658760062058,0.15096763062294516,4,"NY"
241350,0.3634789156626506,"SB",35388,70099,"35388_20251231",0,81.41987193838715,664,83.59477710051392,41.89502828400424,5,"PA"
170606,2.0310238095238096,"SB",35393,15300,"35393_20251231",0.144809804683361,13.918784511835192,84,9.35383855082866,0.8788251763150247,5,"IL"
91402,2.0311555555555554,"SB",35394,9518,"35394_20251231",0,58.3329058961796,45,30.96847368177399,6.566549734728786,7,"CT"
633300,9.047142857142859,"NM",35406,9237,"35406_20251231",2.1149915424527403,2.361507761331183,70,9.797238411246646,0.9343713521228634,4,"MN"
684430,9.125733333333335,"NM",35407,9208,"35407_20251231",0.07918636014946426,2.2773826287949097,75,9.370338919663325,2.242124281687826,4,"CO"
1140613,11.521343434343436,"NM",35412,14915,"35412_20251231",0,2.1754699480186237,99,10.238137102890219,1.0586663167714148,4,"IL"
15187,,"NC",35413,0,"35413_20251231",0,29.483301438360392,0,88.4832812124128,-6.765849743811346,7,"CA"
539541,6.7442625000000005,"NM",35417,8248,"35417_20251231",0.5638269296468127,2.922823180068893,80,9.878594726954962,0.8215586940788758,4,"TN"
405789,5.339328947368421,"NM",35420,6768,"35420_20251231",0.6554048088525266,3.050308514244478,76,9.05974645129466,1.445868071947144,4,"MO"
312069,8.00176923076923,"N",35427,4895,"35427_20251231",1.3924685613464565,2.7828088508442184,39,14.78935952318858,1.464862127321841,2,"GA"
1111487,11.341704081632654,"NM",35430,14133,"35430_20251231",0.3030597336792099,2.2926655865202745,98,11.391408641113337,1.7538661480709823,4,"FL"
240692,8.023066666666667,"NM",35439,3476,"35439_20251231",0.030131502485848952,2.6163655633177676,30,11.970967421204389,1.052037970087204,4,"MS"
630238,7.328348837209303,"NM",35441,7990,"35441_20251231",2.3158753051855623,2.3095561451758324,86,9.707256787548758,1.6294762473889022,4,"NM"
96054,4.366090909090909,"NM",35442,1532,"35442_20251231",0.46341721134541936,3.0714567873068988,22,11.556554897003357,2.079676208461927,8,"KY"
9349048,12.719793197278912,"N",35444,122704,"35444_20251231",1.3085604938765019,3.7273003400958773,735,9.696925328767353,2.8115057851844516,4,"SD"
201862,7.763923076923077,"NM",35450,2193,"35450_20251231",0,2.3235282109904465,26,9.630008307240079,1.7759451294194497,4,"KY"
299794,4.106767123287671,"NM",35455,5324,"35455_20251231",0.5390338604368669,3.4352830981942812,73,8.520949876379662,0.6349685742111622,4,"KY"
881807,9.584858695652175,"NM",35456,12979,"35456_20251231",0.9042501850004827,2.464085864406009,92,9.823120692846365,1.1174653180813803,4,"NJ"
359258,6.9088076923076915,"NM",35477,4246,"35477_20251231",2.0144405638696368,2.3982925527140098,52,8.216088407425419,0.3174297579620242,4,"IA"
444394,15.323931034482758,"NM",35480,6212,"35480_20251231",1.617377924394139,2.365664926460021,29,7.89946748973985,0.248764416664607,4,"MN"
676826,5.050940298507463,"SI",35497,15116,"35497_20251231",1.2074298312000262,3.411324437982255,134,10.25918158019626,0.29989338775204494,4,"PA"
208923,3.7986,"NM",35506,9243,"35506_20251231",0,8.027208580418671,55,13.428323827566052,0.8154742186317603,4,"FL"
12633,0.4511785714285715,"SB",35510,4891,"35510_20251231",0,91.99648050999402,28,70.13904215404987,12.094096553556012,5,"MT"
629594,9.686061538461539,"NM",35513,6303,"35513_20251231",2.114454433581732,1.9650483401891687,65,13.42490883971644,2.5766178151780004,4,"GA"
1138673,0.8965929133858268,"SB",35518,135162,"35518_20251231",3.3529166703775064,16.718029926124263,1270,14.444321470619762,0.6883421653084352,5,"IL"
1383343,7.16758031088083,"SM",35519,28015,"35519_20251231",0.11551843639761791,3.5082050602349217,193,8.767748244647402,0.958672001776778,4,"NC"
1050158,13.817868421052633,"SM",35521,12465,"35521_20251231",0.6035644334551112,1.963690541468616,76,10.656352907914515,0.6458068112968135,4,"TN"
3317401,12.019568840579712,"NM",35530,55098,"35530_20251231",0.8147500881739643,3.5552811789798917,276,9.6796735791022,0.508482141990727,4,"NC"
482146,4.156431034482758,"NM",35533,24420,"35533_20251231",0,7.162683224466342,116,36.8710754895304,12.655914655317696,7,"UT"
3278810,10.542797427652733,"NM",35541,31400,"35541_20251231",2.3202957154003516,1.826530216732717,311,10.39228366134639,-0.2700625280381991,4,"NJ"
408740,5.523513513513514,"NM",35543,6696,"35543_20251231",0.14066919195682173,2.8269857022933316,74,9.413450799752669,0.6518297125352088,4,"MO"
27205173,18.20962048192771,"SB",35546,221067,"35546_20251231",0.4595299332804878,2.097179731195508,1494,9.145650583163198,1.7679653950229208,4,"CA"
104776,6.163294117647059,"SM",35558,2461,"35558_20251231",0.41697405138403315,3.682145296209887,17,10.173801629451406,0.7263626207479166,4,"FL"
875578,8.584098039215686,"NM",35568,8846,"35568_20251231",0.2693003277947327,1.8344603339676024,102,9.509005740507748,1.0491550901222064,4,"KY"
57636946,15.539753572391481,"NM",35583,668936,"35583_20251231",0.34707330665366465,2.0176213901470246,3709,9.393072081869153,1.2537159462038843,4,"TN"
362101,5.247840579710145,"N",35585,9818,"35585_20251231",1.6222697179794612,3.66531971328304,69,10.900240260200162,1.706541328872641,4,"KS"
171206,6.1145000000000005,"SM",35597,2453,"35597_20251231",0,2.6919965078082706,28,9.204965281190558,0.7628804184944011,4,"MO"
37758,0.302064,"SB",35602,23163,"35602_20251231",0,171.8664477285167,125,73.68396523198099,22.846406467096124,7,"IL"
361804,4.359084337349398,"N",3579,10150,"3579_20251231",0.5453895213685402,4.501568007938673,83,11.716614590408913,0.5467126477230689,7,"FL"
151727,6.0690800000000005,"N",3599,2578,"3599_20251231",0.05323933836353288,2.816484245078965,25,8.966900303794452,1.4931578318098324,2,"IL"
1018261,7.170852112676056,"SM",35,13151,"35_20251231",0.0924802750006189,2.255925157908798,142,10.708345120776329,0.7418374032351426,4,"AL"
23295,5.82375,"N",3600,311,"3600_20251231",1.2308616031221855,2.3326026717399397,4,11.207187447275182,0.8561148103726374,7,"IL"
76334,4.490235294117647,"N",3601,1149,"3601_20251231",1.0126147773105638,2.810941150681416,17,11.872822188469245,0.42772285697482315,8,"IL"
6899693,6.496886064030132,"N",3603,117861,"3603_20251231",1.0051988517014423,3.135675826358569,1062,11.48935130867647,1.4638064278131975,4,"IL"
640200,5.0809523809523816,"N",3612,12115,"3612_20251231",4.0350729542253205,3.032713053496181,126,9.800975711150372,0.43933205354221383,4,"IL"
484289,6.372223684210526,"NM",3614,5835,"3614_20251231",0.25449751779913266,2.2625430809724922,76,11.111569183200206,1.8175548081377595,2,"IL"
386400,7.885714285714286,"N",3639,4755,"3639_20251231",0.12222377427014947,2.390797369714559,49,7.439905738750821,-0.19880776590602492,2,"IL"
564385,6.413465909090909,"SM",363,7815,"363_20251231",0.1756778908755749,2.401665297085196,88,9.321607908181583,0.8048294755304412,4,"MT"
8113852,9.209820658342792,"NM",3657,119134,"3657_20251231",0.8204631234375103,2.4030695420238097,881,7.747658337674025,1.7198575371152034,9,"IL"
377110,16.39608695652174,"N",3661,3885,"3661_20251231",0,1.6631116080377293,23,10.02357710454104,1.6871763490667375,4,"IL"
2516959,8.225356209150327,"N",3664,34796,"3664_20251231",0.8698049604638691,2.4291083184581477,306,9.746637773825247,1.1775208412338425,4,"IL"
446849,12.077,"N",3674,9275,"3674_20251231",0.3548400793386024,2.9325617657018745,37,12.373996298121098,1.460700252719429,4,"IL"
325077,5.9104909090909095,"N",3677,4490,"3677_20251231",1.2821074778644692,2.16452262947268,55,11.845349849408096,1.4324046812686853,2,"IL"
95981,7.998416666666667,"N",3688,1542,"3688_20251231",0,2.563760127560725,12,8.720058719541822,1.003650373536006,2,"IL"
319264,7.424744186046512,"N",3691,4788,"3691_20251231",0.16424119222950687,2.40847070902268,43,10.488068588484323,1.167369432937341,4,"IL"
49120,4.912000000000001,"N",3693,729,"3693_20251231",0,4.7957726587998994,10,2.0515121234985827,-3.9405755711775043,5,"IL"
139871,5.827958333333334,"NM",3698,1853,"3698_20251231",0.32942070825452274,2.534799663940718,24,9.404705915886385,1.0819174720605391,2,"IL"
861750,4.6834239130434785,"N",3701,16845,"3701_20251231",2.2075112915939736,3.135070523547693,184,8.235933245139087,0.9844609132201769,4,"IL"
260568,6.681230769230769,"SM",3702,3565,"3702_20251231",0.020831308067271237,2.266881138055776,39,9.133442416981987,0.9577308866702713,4,"IL"
7901511,7.973270433905147,"N",3705,102201,"3705_20251231",0.5165707540405904,2.471761874372262,991,10.877448879012123,1.1468133801887732,4,"IL"
703409,7.563537634408602,"SM",3711,8486,"3711_20251231",0.21100356668626044,2.1275675888979415,93,8.598030104351,0.7882082993851017,2,"IL"
372059,7.44118,"SM",3713,5616,"3713_20251231",0.00113388112390297,2.5019349451086628,50,12.892855711288965,2.9204941238772224,4,"IL"
2033992,12.95536305732484,"N",3719,25108,"3719_20251231",0.3765441816052939,2.0585823985108727,157,9.082464750062492,1.4580394445162979,4,"IL"
392127,8.713933333333333,"N",3720,3909,"3720_20251231",0.17453428023195713,1.8845399878649738,45,10.707816708792436,1.9655131097125615,4,"IL"
675953,7.041177083333333,"NM",3722,9698,"3722_20251231",0.47102410403992895,2.815922854264794,96,8.403907356850498,0.1741910567325341,4,"IL"
901844,15.030733333333334,"N",3732,7187,"3732_20251231",0.03685627604186873,1.464663975037187,60,14.887620093329673,1.1567669130887006,2,"IL"
120594,5.481545454545455,"NM",3745,1609,"3745_20251231",0.03575461046292811,2.443371178073099,22,8.985206977996933,1.1469237896367181,8,"IL"
717895,5.397706766917293,"N",3747,12975,"3747_20251231",3.3802522587255823,3.09963060527573,133,10.381159444435188,1.1876030082606772,2,"IL"
184429,5.588757575757576,"N",3749,2794,"3749_20251231",0.335667248810344,2.7905243426944106,33,9.726325568332191,0.7870424446706381,2,"IL"
235509,6.197605263157895,"N",3759,2355,"3759_20251231",3.3205943142378036,2.2269762667594892,38,14.160443423891541,1.0620377404511883,8,"IL"
76610,5.107333333333333,"N",3761,1230,"3761_20251231",0.30973349051152255,2.871635291875622,15,12.607438959458431,0.950250223857024,2,"IL"
193268,6.039625,"NM",3762,3108,"3762_20251231",0.10299172343620096,2.9211399413628056,32,10.592557000480493,1.177567789206254,2,"IL"
57508,7.1885,"N",3770,623,"3770_20251231",1.286593324631736,2.264414765017461,8,10.912788070492544,0.9247077785660658,2,"IL"
1794976,6.722756554307116,"N",3775,26727,"3775_20251231",0.33857843922823166,2.5209456132305856,267,9.36323222188852,1.084557271906676,2,"IL"
602993,5.742790476190477,"N",3777,10139,"3777_20251231",0.5393979812137585,2.9574086463389495,105,11.332202385039329,1.1832969695190971,4,"IL"
1568158,7.763158415841585,"SM",3787,19862,"3787_20251231",1.9307691073166635,2.3652400995337297,202,8.223178208658199,0.733708544326121,4,"IL"
623140,8.42081081081081,"N",3792,6763,"3792_20251231",1.9992206935827113,2.0887196161415797,74,11.992087795978168,0.5698234781835168,2,"IL"
655588,8.626157894736842,"N",3799,6821,"3799_20251231",1.9338892939063639,1.9975370174639036,76,9.24698225707035,1.2867003635041916,8,"IL"
73590,8.176666666666668,"SM",3805,830,"3805_20251231",0.6945854827572201,1.881934005132807,9,12.830867707861154,2.459231907998148,8,"IL"
142829,5.951208333333334,"N",3807,1920,"3807_20251231",0.1557141857372804,2.4585515756451053,24,12.036539874526648,1.250778091849096,2,"IL"
140187,5.607480000000001,"N",3808,2017,"3808_20251231",0.9461200725398492,2.434631508453725,25,8.745987588273058,0.6512510214979216,2,"IL"
1997437,7.237090579710145,"N",3809,31333,"3809_20251231",0.6791825031968036,2.691067229863293,276,9.165893040764505,1.563598909673526,2,"IL"
443491,8.869819999999999,"N",3814,5054,"3814_20251231",1.612044776182954,1.9089014067509094,50,13.350871852850371,0.8006668320837738,8,"IL"
83282,4.1640999999999995,"NM",3818,1313,"3818_20251231",3.7672635223169415,3.820510810727358,20,9.270414598781077,0.23039449713432,4,"IL"
278018,5.673836734693878,"N",3821,3947,"3821_20251231",0.814902885040298,2.622959726463296,49,11.330294091356038,1.5411035593691973,2,"IL"
67653,6.150272727272728,"N",3826,982,"3826_20251231",0.11342814763109677,2.5107125756850293,11,12.474778888602334,0.3484996333177771,2,"IL"
96342,8.758363636363637,"N",3827,808,"3827_20251231",0.24424542964991489,1.518930308974318,11,11.169654569304765,0.8977048792365071,2,"IL"
179699,5.4454242424242425,"N",3830,2496,"3830_20251231",0.45816623633467013,2.5178033023060853,33,10.909363504446954,1.1232066059606927,2,"IL"
71771976,16.077951612903224,"N",3832,594794,"3832_20251231",1.073263855864525,2.1568257350415543,4464,8.523771506325907,1.164154127517348,4,"IN"
121037,5.043208333333333,"N",3834,2009,"3834_20251231",0.9090331193185429,3.3435887446715635,24,7.8823163190617604,0.26870453110624526,4,"IL"
112087,6.227055555555555,"N",3837,2222,"3837_20251231",0.6176832703825045,3.499937216655016,18,12.827203018386252,2.3117389862082796,8,"IL"
493982,5.743976744186047,"SM",3840,6711,"3840_20251231",0.21734735139506672,2.3984958627503836,86,12.122504778677651,0.9749729935595715,2,"IL"
929773,5.704128834355829,"N",3842,13000,"3842_20251231",1.3971324634009838,2.5972356307866047,163,8.932362476610022,0.5927524624800075,4,"IL"
265417,6.473585365853659,"SM",3846,4370,"3846_20251231",0.7981352256465485,2.726495791137565,41,10.191267130459947,2.083254551092489,4,"IL"
1567392,6.785246753246754,"SM",384,22899,"384_20251231",1.4047941992977298,2.721515334268663,231,10.100455579698261,1.034529501084228,4,"OH"
56044,4.670333333333334,"SM",3850,866,"3850_20251231",1.9021917988547359,2.368751119870991,12,11.520168463856516,1.4173087260347608,8,"IL"
330720,3.556129032258065,"SM",3854,7076,"3854_20251231",1.0036467789394603,4.108126613182943,93,10.807837787180173,2.001296016133921,8,"AR"
595853,5.320116071428572,"N",3863,8281,"3863_20251231",0.01988368046925486,2.3892506633624975,112,11.510989428597004,1.4162958560283796,4,"AR"
2274908,5.924239583333333,"N",3864,33903,"3864_20251231",0.258414796537568,2.5474240579117335,384,11.16687873970394,1.8629824411238443,4,"AR"
1142306,7.0950683229813665,"SM",3869,13616,"3869_20251231",0.164150708223292,2.22150239064685,161,9.797832872995897,1.706168421914514,2,"AR"
498100,3.0006024096385544,"SM",3873,20846,"3873_20251231",0.6802049546373338,5.787916131531621,166,16.27212144560932,0.6990964348763513,4,"AR"
2552325,8.59368686868687,"N",3887,30829,"3887_20251231",0.19672195678808843,2.354369442742858,297,10.674417868609625,1.024855779785628,4,"AR"
24498708,8.430388162422574,"SM",3890,293097,"3890_20251231",0.6438690235200462,2.1762336098818955,2906,9.133610088090487,-1.4008547815742864,4,"AR"
296951,5.302696428571429,"N",3896,3924,"3896_20251231",0.30521817837371334,2.696201920090552,56,10.452953614378222,1.039416380815659,2,"AR"
58445,3.6528125,"NM",389,1069,"389_20251231",0.4910249739854319,3.5739356864480922,16,10.937632727952295,0.3337056543224392,8,"OH"
163641,7.438227272727272,"N",3902,2455,"3902_20251231",0.8006510788993247,2.129239734065217,22,14.138660541586074,1.000349914187711,2,"ND"
72560,6.596363636363637,"NM",3919,1088,"3919_20251231",3.0071891986673682,2.6312910599439197,11,10.39647204688909,0.8060847886042641,2,"ND"
5211720,6.167715976331361,"N",3931,121572,"3931_20251231",1.6288136775925832,3.7267146086705583,845,8.621711417585352,0.419984789954816,4,"ND"
62623,5.6930000000000005,"NM",3934,849,"3934_20251231",0,2.6194550898393723,11,10.217723146139631,1.1081088804290191,4,"ND"
4697206,6.672167613636364,"NM",3973,82639,"3973_20251231",0.2972659120722655,2.634083498508351,704,10.208150058174404,1.0170102081543466,4,"SD"
116844,8.346,"N",3977,1914,"3977_20251231",0,2.796148351939051,14,9.601937210586687,1.3941061319506904,2,"SD"
26188,6.547,"N",3985,310,"3985_20251231",0.15113350125944583,1.9025267499427159,4,14.200023522954483,0.32981759351196716,2,"SD"
503642,18.653407407407407,"N",3999,4553,"3999_20251231",0,1.533563286758963,27,11.326046642080014,1.834670713550483,2,"SD"
34589,3.144454545454545,"NM",399,659,"399_20251231",3.8064165307232187,4.0852410199143865,11,13.446823655021056,0.9429865376264036,2,"OK"
468318,6.328621621621622,"NM",39,6801,"39_20251231",0.10785685854059399,2.4534236816339905,74,10.3216861138722,1.9431403399828906,4,"AL"
1892247,5.212801652892562,"NM",4009,38926,"4009_20251231",1.5361687492835034,3.7226934729830923,363,9.187884074267712,0.6277574627809346,2,"SD"
2088099,8.000379310344828,"N",4016,32343,"4016_20251231",0.4429397787193175,2.702412213838424,261,10.3984047920546,1.026733161771658,2,"SD"
3244131,8.744288409703504,"N",4028,56915,"4028_20251231",0.3629194677229612,2.712695755846644,371,10.048925119552457,1.3791415897873758,2,"SD"
959285,4.919410256410257,"SM",4029,17001,"4029_20251231",2.8154895168848553,3.4471860746969605,195,9.47756126880322,1.1160889710793485,4,"OK"
330965,4.8671323529411765,"NM",402,4930,"402_20251231",0.9740400544699157,2.833506811218389,68,12.639043339631911,1.9378114562838853,4,"OK"
344926,6.763254901960784,"SM",4031,4295,"4031_20251231",0.09647341677526239,2.447563289249441,51,12.021539016906322,0.5179359734669785,4,"OK"
672343,4.512369127516778,"N",4037,11763,"4037_20251231",0.46370788045390365,2.8764548123036833,149,9.984144568096244,1.4436687433194542,4,"OK"
285123,8.385970588235294,"NM",4041,3819,"4041_20251231",0.9437969521790666,3.532658423653144,34,8.373290554733268,0.8657926448195732,2,"OK"
660695,4.235224358974359,"NM",4042,16553,"4042_20251231",1.4962138952954074,4.291208150481784,156,8.83264109306538,0.8506758981102239,4,"OK"
936317,8.071698275862069,"NM",4048,14097,"4048_20251231",1.2171824860148817,2.4501429345786794,116,8.980847854710653,1.3548971034177233,4,"OK"
197883,3.2980500000000004,"NM",4049,5877,"4049_20251231",7.180949206613735,4.569587257927814,60,10.70916796243788,-1.379271744518894,4,"OK"
191498,3.9895416666666663,"SM",404,4062,"404_20251231",0.602878257487359,4.118941634757791,48,8.900233104978675,1.2849977805526631,8,"OK"
278077,6.782365853658536,"N",4050,4613,"4050_20251231",0.5533942001540477,2.8357238782152576,41,14.981997698674881,2.354259477318501,4,"OK"
77144,7.7144,"SM",4051,994,"4051_20251231",8.889726897427755,3.050662009825719,10,8.31862201150005,0.8300387800585878,2,"OK"
115364,6.409111111111112,"NM",4054,1445,"4054_20251231",0.6830492273379003,2.948191017532317,18,12.484167194426853,1.0413817768708054,4,"OK"
169063,4.972441176470589,"N",4059,2236,"4059_20251231",0.39853373683986193,2.4399275691442632,34,16.108986899926858,1.2217613736456663,7,"OK"
142953,6.215347826086957,"NM",4061,2282,"4061_20251231",0.2103234533813896,2.8349502305549104,23,12.06515910214713,1.5968115418054731,2,"OK"
1055323,6.9888940397351,"N",4062,12475,"4062_20251231",2.748074853261353,2.0707303436724342,151,13.404462829373287,2.0996390459434444,4,"OK"
41367487,12.52421646987587,"SB",4063,424324,"4063_20251231",14.743662109249792,1.7560521100252222,3303,9.036095277683847,1.185106851725084,4,"OK"
208751,6.958366666666667,"NM",4067,2091,"4067_20251231",0.0739322727572777,1.6509517162136964,30,14.680351011866893,1.1540535501005387,2,"OK"
111053,5.288238095238095,"NM",406,1494,"406_20251231",2.4971673922118196,2.422978491502211,21,16.89818116975749,1.6197713620148921,2,"OK"
124311,6.21555,"SM",4071,1803,"4071_20251231",0,2.4999453242106076,20,9.945660859836982,1.9557109282603173,4,"OK"
78737,5.624071428571428,"SM",4076,1476,"4076_20251231",2.0913660496194764,2.91156365161485,14,14.667507886435333,1.1265206750429,4,"OK"
417511,5.964442857142857,"SM",4084,6723,"4084_20251231",0.6788976464688335,3.3715431878512128,70,8.937338116928,0.9280942405385949,4,"OK"
294260,7.545128205128205,"N",4086,3527,"4086_20251231",1.6702342364381384,2.1198459379571855,39,12.869130638404341,2.1878535149965,2,"OK"
462981,6.17308,"SM",4087,5214,"4087_20251231",0.2965316388668255,2.5822715939946397,75,7.820158918528455,2.2438443484500588,2,"OK"
4855805,12.019319306930694,"N",4091,65989,"4091_20251231",0.7640276230764823,2.34196857208486,404,9.605271004479,2.1044298235765093,3,"OK"
110092,5.24247619047619,"NM",4092,1594,"4092_20251231",0.16616290294503966,2.48481802495523,21,14.955218226587656,3.5779928040976365,4,"OK"
91926,3.996782608695652,"SM",4094,1487,"4094_20251231",1.1077191452245967,3.344971657749533,23,11.889329484054324,0.05128398348865055,7,"OK"
131114,8.740933333333334,"N",4097,1611,"4097_20251231",3.449060467585658,2.1561911175286035,15,11.496633478437692,1.1274678028218261,2,"OK"
22151,3.1644285714285716,"N",4098,394,"4098_20251231",0,3.473553920714062,7,9.716634985190751,0.6145183222342318,7,"OK"
101530,2.9861764705882354,"N",4111,2520,"4111_20251231",0.8578949521952018,4.424444181623239,34,9.209191000478697,1.5578619193401724,2,"OK"
42662,3.2816923076923077,"SM",4122,703,"4122_20251231",0.18070112034694613,3.2290672207558826,13,9.385277004806476,0.8868235338162894,7,"OK"
89451,4.259571428571429,"N",4123,1541,"4123_20251231",2.334610027855153,3.038164660777017,21,16.194113632861516,1.2772466369896822,2,"OK"
434777,1.2010414364640885,"N",4132,20749,"4132_20251231",0.6014953246359024,9.027300428285661,362,13.89700679146793,1.757075209179406,4,"OK"
22764,3.252,"NM",4144,411,"4144_20251231",3.6789014156141393,4.1419247615255435,7,9.953782951044163,1.2637847757214826,2,"OK"
564009,7.139354430379747,"N",4145,7413,"4145_20251231",1.5537453606214982,2.3427996402269065,79,10.970493970983647,1.580151923984576,4,"OK"
476526,5.672928571428572,"N",4146,7565,"4146_20251231",0.8505407008741271,2.9996479971560954,84,10.93105003042361,1.352248548859563,4,"OK"
1962629,15.701032000000001,"SM",4147,22634,"4147_20251231",0.4016141656652216,2.1120544458553394,125,12.81890571132585,2.337746984876863,4,"OK"
207110,5.753055555555556,"N",4148,7361,"4148_20251231",0.7933714845304036,4.683977599585836,36,12.396226599159082,1.0325130537080645,2,"OK"
290386,8.066277777777778,"NM",414,3582,"414_20251231",0.6244677831393698,2.2719567772115568,36,18.516747881970886,1.134638396404533,4,"OK"
1971682,8.215341666666667,"NM",4160,29881,"4160_20251231",2.2913372054233303,2.7453858240928204,240,10.199408398908165,1.0818884947335177,4,"OK"
298185,4.1414583333333335,"N",4170,6349,"4170_20251231",1.0629124606222264,3.6818780163714107,72,11.001968536500636,0.9826156331733795,4,"OK"
348568,6.224428571428571,"N",4173,5018,"4173_20251231",5.962427357640154,2.580476394741786,56,9.15095681763413,0.6530925629962202,4,"OK"
898360,13.408358208955224,"SM",4178,10271,"4178_20251231",0.2945531655135554,1.7059397141784973,67,11.357809056010076,2.3074920959203626,4,"OK"
524404,6.027632183908046,"SM",4185,10008,"4185_20251231",2.446641018052678,3.150599121734216,87,10.124566053015895,1.2997833761555757,4,"OK"
281987,5.999723404255319,"NM",4187,5351,"4187_20251231",0.392456177445889,3.2442183880662134,47,10.443236387990368,1.8119113978914372,4,"OK"
211688,8.141846153846155,"NM",418,2877,"418_20251231",1.2072483043758238,2.1786168164217705,26,10.312725176538407,1.6929916198650963,2,"OK"
1443414,5.773656,"SM",4190,18450,"4190_20251231",0.12299344694078518,2.1923291783443406,250,9.710595717252342,0.9598828416044702,9,"OK"
196295,7.851800000000001,"NM",4193,2839,"4193_20251231",0.44025508281819065,2.714331179005092,25,9.633757180028475,-1.1954889672280977,2,"OK"
135897,5.226807692307692,"N",4196,2190,"4196_20251231",6.102130823094465,5.2374167759274854,26,11.31467258014774,1.1222021299112324,2,"OK"
345388,7.195583333333334,"NM",41,4063,"41_20251231",0.019468272799172598,2.1937965248345512,48,11.519806739996197,0.9163610081323199,7,"AL"
395212,6.814,"SM",4208,5041,"4208_20251231",0,2.303239576106471,58,10.138494646369962,1.5662982401321888,2,"OK"
53224,7.603428571428572,"SM",4209,736,"4209_20251231",1.819322459222083,2.409295977556204,7,15.151459820694942,1.3155400538347803,4,"OK"
29117,2.2397692307692307,"NM",420,830,"420_20251231",3.119478048117439,7.701638106554283,13,9.895680041858792,-5.526366274932081,4,"OK"
912461,12.499465753424658,"N",4211,11169,"4211_20251231",1.093553751968106,2.1378043109476264,73,10.404639702546676,2.136434582092302,4,"OK"
52005221,10.149340554254488,"N",4214,812178,"4214_20251231",0.5871092831395458,2.566949814937205,5124,9.144093728878177,1.0971746627883445,4,"OK"
60908,3.582823529411765,"NM",4217,1029,"4217_20251231",3.0994940120521752,3.159031484671434,17,13.117150034254395,1.2647864095619026,4,"OK"
276758,6.91895,"NM",421,4401,"421_20251231",0.6831300824705483,2.650297568137228,40,10.533620022871016,1.6443967793325132,2,"OK"
57227,5.202454545454546,"N",4222,662,"4222_20251231",0,2.090459901178259,11,19.423663536749544,1.0986226493638123,2,"OK"
291332,7.470051282051282,"SM",4228,3889,"4228_20251231",0.16696397493908807,2.073470735011725,39,9.096432877461881,0.912110678898487,4,"OK"
101336,6.3335,"NM",4232,1470,"4232_20251231",0,2.172086225794666,16,15.546480731850847,1.0065765436609426,2,"OK"
248889,4.0143387096774195,"NM",4235,4591,"4235_20251231",1.1183929334663059,3.4531030875979765,62,9.00230828417543,0.4168040746033492,4,"OK"
486100,5.5873563218390805,"N",4236,7956,"4236_20251231",0.2871458737656694,2.748274527388818,87,9.80019924842023,1.3301152808602505,4,"OK"
16273258,8.614747485442033,"SM",4239,256106,"4239_20251231",1.5650920707904303,2.8595875247761366,1889,9.43090526716153,0.9743040910589935,4,"OK"
253484,8.176903225806452,"N",4241,2293,"4241_20251231",9.598477774449867,1.8803205416579327,31,15.246073794502918,0.5114942934823145,4,"OK"
6967049,10.30628550295858,"N",4255,84964,"4255_20251231",0.1410190559453899,2.2993946436344816,676,8.64358260597984,1.0273121089171513,4,"ME"
3130767,11.261751798561152,"N",4256,26970,"4256_20251231",0.5663484828802698,1.5769773449238336,278,8.824745505292563,1.1272932680119643,4,"ME"
585240,7.908648648648649,"N",4288,9111,"4288_20251231",0,2.4533432619492443,74,11.510770784247729,1.9457731005660783,4,"LA"
97445,3.3601724137931037,"NM",428,1784,"428_20251231",0.50672099915326,3.768122625925522,29,14.4646398224542,1.7965402450170638,6,"OK"
630904,6.783913978494623,"N",4290,8409,"4290_20251231",0.13603974518017775,2.567673336164331,93,9.604602384700742,2.4419090361562823,4,"LA"
658464240,7.496262935598082,"N",4297,12302101,"4297_20251231",1.7372995259918866,5.006827553709432,87839,10.897668140107486,0.5450581333493583,3,"VA"
365876,6.418877192982457,"N",4318,4749,"4318_20251231",1.2082564188622251,2.755449980622911,57,8.37678644317036,0.8459005606809584,4,"IN"
792687,6.392637096774194,"N",4319,9549,"4319_20251231",0.022668381125836874,2.196425932019545,124,9.821847555401849,0.8075771078502827,4,"IN"
425672,5.600947368421053,"N",4324,6235,"4324_20251231",0.21866824839650661,2.8017584856823015,76,9.3019027032433,0.4858013514110321,8,"IN"
139231,4.35096875,"N",432,2191,"432_20251231",3.0680229475003618,3.1805966098925302,32,9.461905070912016,2.466421361937304,4,"OK"
6413881,7.41489132947977,"NM",4360,87636,"4360_20251231",0.7151803402151312,2.340081938800098,865,9.936860472549911,-1.9557523611497243,4,"IN"
417714,8.702375,"N",4364,4225,"4364_20251231",0.34333885785607593,1.7899054076479932,48,12.889295995812613,0.8716082151311961,2,"IN"
19011326,9.548631843294828,"NM",4365,219649,"4365_20251231",0.5344348659905388,1.9915390399257593,1991,10.176595517176537,1.2669295611821485,4,"IN"
5749906,6.078124735729387,"N",4382,79126,"4382_20251231",0.36381991678550285,2.8034854193064596,946,10.816474828968698,1.4563861027065188,4,"IN"
187361,4.930552631578947,"NM",4398,3404,"4398_20251231",0.22081481376294002,3.325076432126041,38,9.616906713809499,1.2179810173488888,5,"IN"
644139,5.5529224137931035,"NM",4419,11507,"4419_20251231",0.13395955716450922,3.0874338167452797,116,11.833308618175527,1.383962879653733,4,"IN"
491648,3.4868652482269504,"SB",4432,15417,"4432_20251231",1.576270587225188,5.053803684433257,141,14.08483769620682,1.9045533972111939,8,"IA"
1830219,8.92789756097561,"SM",4433,18370,"4433_20251231",0.833896592351253,1.595628942440543,205,11.480895978477028,1.6609807705206627,4,"IA"
408160,4.638181818181819,"N",4439,6421,"4439_20251231",2.7874846583935633,2.5844677346561697,88,13.241954508370277,0.6015155781685768,2,"IA"
640858,7.539505882352942,"NM",444,6804,"444_20251231",0.13879577025771317,2.205641153689859,85,11.05536782723556,1.6486412826174586,4,"PA"
69920,7.768888888888889,"SM",4457,952,"4457_20251231",0,2.1983573665901646,9,9.854768847493135,1.54159269042567,2,"IA"
597479,5.382693693693694,"NM",445,9461,"445_20251231",1.9894072185381348,2.7562717173380795,111,10.15457013815267,0.9643764375498332,4,"PA"
244156,8.138533333333333,"SM",4464,3096,"4464_20251231",0.8468246598570794,2.3134364421321454,30,11.412451747005841,1.3133635457457586,2,"IA"
631093,6.85970652173913,"N",4465,9307,"4465_20251231",0.2910183516361515,2.496344259090482,92,11.642479185708869,1.2115988535190314,2,"IA"
86933,7.244416666666667,"SM",4476,1479,"4476_20251231",0.21803338953186205,2.7692956418535566,12,9.206770345979367,1.2626472002634266,2,"IA"
80098,8.899777777777778,"N",4477,797,"4477_20251231",0,1.577377753224125,9,15.837643241050603,0.7061952698665853,2,"IA"
102324,6.8216,"SM",4482,1493,"4482_20251231",0,2.9513613357324098,15,9.578763466951374,0.9904795412435299,4,"IA"
38486,5.498,"N",4494,637,"4494_20251231",0,2.6203977275741166,7,13.321977908537214,0.5145315376005857,2,"IA"
1678467,7.203721030042919,"N",4506,28409,"4506_20251231",0.4348425147381109,2.486796816967222,233,12.377250287863713,1.5470911030121064,2,"IA"
260221,5.310632653061225,"N",4511,4634,"4511_20251231",0.07422489462107851,2.8266998328587443,49,14.183719361367213,2.642341298355789,2,"IA"
138815,5.339038461538461,"NM",4514,3559,"4514_20251231",1.1557659284830906,3.9117449977146355,26,9.556301697553103,0.8786449342569459,2,"IA"
729538,9.2346582278481,"SM",4519,8245,"4519_20251231",0.5885637786423278,1.902098473095452,79,12.149012876474945,1.241664625350426,2,"IA"
376067,10.163972972972973,"NM",4526,6195,"4526_20251231",0.10539157761610639,2.308997945338651,37,9.839784451600183,2.592761916773078,4,"MO"
567250,6.034574468085107,"SM",4539,8043,"4539_20251231",0.1788113395385701,2.3080681923530513,94,13.059331880511666,1.0640973695261866,2,"MO"
967999,6.722215277777778,"N",4540,10962,"4540_20251231",0.06366932559825961,2.0436805406945098,144,12.11055812077114,2.458159620662039,2,"MO"
850207,9.661443181818182,"NM",4549,9674,"4549_20251231",0.6605745876329241,2.1096089822599606,88,8.650268622975563,1.1843627088836937,4,"MO"
117735,7.3584375,"SM",4556,1380,"4556_20251231",0,2.084265940874174,16,15.062047289608207,0.7824950310670225,2,"MO"
114661,8.820076923076924,"N",4598,1122,"4598_20251231",0.8823641273342715,2.0366319691267836,13,16.194250520532606,0.8376055785559269,2,"MO"
167915,6.996458333333333,"N",4611,2098,"4611_20251231",0.4428418502450842,2.2599559479429154,24,19.953190806130895,1.365491741764645,2,"KS"
631270,7.793456790123456,"NM",4619,7592,"4619_20251231",0.05610068485175659,2.3314464461042204,81,12.636426284000162,1.5713364857427934,2,"KS"
167780,7.98952380952381,"NM",4621,1697,"4621_20251231",0.5332638920338753,1.842453468199594,21,9.048998706244648,0.6315975183039784,2,"KS"
194737,6.2818387096774195,"SM",4624,2495,"4624_20251231",0,2.388997133649044,31,9.93837609390731,1.3356994932362807,2,"KS"
296614,10.593357142857144,"NM",4636,3551,"4636_20251231",0.22574532199774255,2.0671623379372464,28,9.277503292176997,1.4802984538618418,2,"KS"
161618,8.506210526315789,"N",4638,2477,"4638_20251231",0.29358721637377844,2.5349848239812274,19,8.747434099546776,1.3664517126059237,2,"KS"
130584,4.663714285714286,"NM",4649,2520,"4649_20251231",3.9314884162433374,3.732979098613277,28,7.932296219511252,0.35681676593809025,2,"KS"
40513,6.752166666666667,"NM",4652,628,"4652_20251231",4.13055173650547,2.643705110844215,6,12.544233407958401,0.9737447783833444,2,"KS"
80223,7.293,"N",4654,947,"4654_20251231",2.5832537766047063,2.3299184591205218,11,16.15353380944419,0.5727663990414623,2,"KS"
241030,5.738809523809524,"SM",4660,3978,"4660_20251231",0,3.2604759867013398,42,10.132147688652786,1.7915336252016196,4,"KS"
184952,5.966193548387097,"NM",4664,2702,"4664_20251231",0.023025045307347218,2.739774214009897,31,7.6480519620178296,1.491018147529097,4,"KS"
1424990,5.7691902834008095,"N",4666,27116,"4666_20251231",0.13991850056896063,4.667080992182777,247,13.434091727520784,1.4654298909083736,4,"KS"
61587,6.843,"N",4668,910,"4668_20251231",0.7580803755511148,2.6949915438189977,9,10.494026999902879,0.62089675469085,2,"KS"
1022737,6.684555555555555,"N",4673,16531,"4673_20251231",0.32958634300430734,2.483757477391672,153,12.237696843010665,1.2946234051065746,2,"KS"
224248,4.671833333333334,"N",4678,3472,"4678_20251231",0,2.721484181486818,48,10.647355393038751,0.7149122607679966,2,"KS"
62961,6.2961,"N",4683,1215,"4683_20251231",0.08513386566463128,4.283895666190425,10,15.275055991041434,-0.4876909550500055,4,"KS"
89601,5.2706470588235295,"N",4690,1719,"4690_20251231",4.574787046045707,3.3586923239983983,17,12.844139413549494,0.4510445862873025,2,"KS"
85888,4.520421052631579,"NM",4693,1154,"4693_20251231",0.5092547252962492,2.6642178830282717,19,11.536897226670733,1.8987571300532067,2,"KS"
1254749,7.252884393063584,"N",4697,18643,"4697_20251231",0.38371754849824896,2.737468168538278,173,11.27364607911862,1.329651230788713,4,"KS"
1411234,5.4911828793774315,"N",4702,24825,"4702_20251231",0.03774181538131984,3.213532272647258,257,11.075993588740129,1.1336186119899985,2,"KS"
3779399,8.851051522248243,"NM",4705,39468,"4705_20251231",0.0033879266699973322,1.7624049439079157,427,12.6777295855347,1.3715512106854797,4,"KS"
527592,5.383591836734694,"SM",4707,8606,"4707_20251231",0.03380286334986376,2.824502663691563,98,8.842037538353873,0.8547139447375304,8,"KS"
185535,6.397758620689655,"N",4722,2119,"4722_20251231",0,2.121415162774729,29,10.874476310723173,1.4076317785887134,8,"KS"
32822,4.6888571428571435,"N",4728,385,"4728_20251231",0,2.3704965332282604,7,13.982265749073584,0.9850588811002154,2,"KS"
179655,9.455526315789474,"NM",4735,1915,"4735_20251231",0.9124128500011208,2.0162634522936433,19,9.697328737613098,1.1121635633375713,2,"KS"
815953,6.8567478991596635,"SM",4746,12060,"4746_20251231",0.5716478117913346,2.7754360299113356,119,8.154320703466691,1.106907474487343,8,"KS"
107021,4.116192307692308,"NM",4752,2112,"4752_20251231",0.0027464982147761604,3.6125904141165246,26,8.393380468319293,0.7203322470391861,4,"KS"
323759,5.582051724137932,"N",4756,5825,"4756_20251231",2.5892444677940922,3.2328923122330133,58,14.715341882126895,1.4737705410442157,2,"KS"
314897,7.323186046511628,"NM",4766,3856,"4766_20251231",2.145255901543424,2.4600953366816185,43,8.314101785497389,1.005692653509239,2,"KS"
8473383,7.279538659793814,"N",4767,167967,"4767_20251231",0.9071530720421087,3.176604402647759,1164,12.377808146630104,1.2852519142708463,4,"TX"
168646,7.332434782608696,"N",4769,1932,"4769_20251231",0.4670454737055085,2.078903506052527,23,13.942981310408701,1.3670918085123198,2,"KS"
60097,3.0048500000000002,"N",4770,1589,"4770_20251231",0.06931866460946759,5.413377134884049,20,11.82659355723098,1.5754428725339549,4,"KS"
181833,9.570157894736843,"NM",4773,2002,"4773_20251231",0.07077541545168871,1.8205448514520624,19,18.46385542168675,2.065003599598998,5,"KS"
85940,14.323333333333332,"N",4774,575,"4774_20251231",0.2061005770816158,1.5985278534097425,6,10.306606952952983,1.2217856081460379,2,"KS"
244628,5.559727272727273,"N",4778,4199,"4778_20251231",0.025542144538488503,2.539072029143424,44,9.305839335361535,1.2327408154304023,2,"NE"
917944,6.039105263157896,"N",4779,12349,"4779_20251231",1.2189261994709466,3.3845322978125454,152,9.900690282461962,1.441591616489149,2,"KS"
2751411,6.087192477876107,"NM",4789,44892,"4789_20251231",0.30901658569960966,2.930706548240182,452,7.585557685654454,1.3199246140492886,4,"KS"
509097,6.444265822784811,"SM",4791,6987,"4791_20251231",0.423862751100724,2.6562891729495584,79,8.587757380180767,1.5858040136344693,2,"KS"
86594,7.872181818181819,"SM",4792,918,"4792_20251231",0.4840728234432926,1.9266568900643537,11,25.61334306169912,1.6884393614375788,2,"KS"
98395,7.028214285714285,"N",4794,1343,"4794_20251231",0.12888443362451668,2.569668954207807,14,9.35670098834027,0.46591780721582565,2,"KS"
115992,5.7996,"NM",4796,1676,"4796_20251231",1.9807161979911028,2.6194351746501825,20,8.832360977105294,0.6750466816556064,2,"KS"
6970742,8.59524290998767,"N",4799,89571,"4799_20251231",0.7616327303034011,2.470273463737653,811,10.188517968655306,1.1959868585484827,4,"KS"
513193,4.541530973451327,"N",4801,9097,"4801_20251231",0.08397397989355411,3.280516110166859,113,9.915437774218663,1.2347625052543088,4,"KS"
6251146,10.418576666666667,"N",4832,70692,"4832_20251231",0.8152501134234584,2.1291365669030218,600,9.296160646112261,1.0827551998113274,4,"MD"
2060785,6.399953416149068,"NM",4857,29247,"4857_20251231",0.30680087315699345,2.5739522926583405,322,11.00961657313787,1.2742801069102054,4,"MD"
328268,10.589290322580647,"NM",485,4575,"485_20251231",0,2.375702218180229,31,9.823255927616186,0.753782533439745,2,"SD"
85877,9.541888888888888,"NM",492,714,"492_20251231",0,1.9699372106297963,9,9.317663275976804,1.4181518361134013,2,"SD"
1769768,16.0888,"NM",4931,14007,"4931_20251231",0.406479244262624,1.5123265270038355,110,9.174120784488027,0.7081457743655941,4,"TN"
227357,7.10490625,"NM",4945,3414,"4945_20251231",0.5294520477937795,2.6910804340435175,32,12.056718626061693,2.681784054850408,4,"TN"
937671,5.515711764705882,"N",4952,16992,"4952_20251231",1.0506514393597328,2.7808749219159163,170,9.860633881003023,0.7764163453174785,4,"TN"
357479,6.6199814814814815,"N",4958,4435,"4958_20251231",0.8617206868056193,2.716586827045235,54,10.979899708768617,1.7555975150646292,4,"TN"
220597,4.0851296296296296,"NM",4960,3701,"4960_20251231",0.28829820322032684,2.965860616801008,54,9.758161051958922,0.8275554176296526,4,"TN"
350390,8.342619047619047,"NM",496,4513,"496_20251231",0.09912986011675294,2.1844824937752074,42,9.280871497169068,1.3637386623036556,4,"SD"
2651069,8.77837417218543,"N",4972,32234,"4972_20251231",0.4520405487961684,2.1769439858942796,302,9.714305449609284,0.9356399995287272,4,"TN"
83572753,11.446754280235584,"SM",4977,1120458,"4977_20251231",0.9642806433443957,2.3988315990631564,7301,10.089220546820517,1.347792016143313,4,"TN"
18922957,7.441194258749509,"SM",4988,283377,"4988_20251231",1.3504386361606826,2.7339312390465986,2543,10.36516138592907,1.2609318447845104,4,"MS"
1794596,5.6081125,"N",4993,32201,"4993_20251231",1.0924532092793224,3.0013166432811276,320,11.29159863781745,1.5971681273642644,4,"MS"
77314,6.442833333333334,"NM",49,1058,"49_20251231",0.589775128520516,2.523759184442444,12,13.970808431962292,0.735278725586653,8,"AL"
911006,7.8534999999999995,"SM",5005,10257,"5005_20251231",0.15710870435899235,1.786996039958029,116,12.149669996310518,0.8174419951878975,4,"MS"
515750,5.667582417582418,"SM",5006,7686,"5006_20251231",0.44829163784061243,2.9937592354197333,91,10.230509157010308,0.8451491623566383,4,"MS"
476787,4.865173469387756,"NM",5015,8040,"5015_20251231",1.066658251216953,2.965502706854226,98,13.573388955977606,1.9096671223211557,4,"MI"
470995,5.352215909090909,"N",5018,8172,"5018_20251231",1.5310115625879532,3.0389305387906465,88,8.233840131771812,0.8206332570830895,4,"MI"
1690396,6.734645418326693,"NM",5019,22839,"5019_20251231",0.9807462496721948,2.4082350149741893,251,8.945778949445826,0.908310556145882,4,"MI"
181818,11.363625,"NM",501,1862,"501_20251231",0.5673581777953488,2.0035980529599704,16,10.480835192455135,2.656422043188669,2,"SD"
1432696,3.511509803921569,"NM",5033,47761,"5033_20251231",1.0609945091252626,5.620924681322767,408,8.602128139183844,0.9158414427808893,4,"MI"
1034845,5.504494680851064,"N",5058,20080,"5058_20251231",0.48677759608391524,3.264416879441187,188,11.285741192765101,1.0528245053115701,4,"MI"
154487,7.356523809523809,"NM",505,1794,"505_20251231",0.020368402408784982,1.943650896950944,21,17.417543021032504,2.709168906416262,2,"SD"
412114,6.150955223880597,"N",5062,6836,"5062_20251231",3.537257175993042,3.1429475430936953,67,8.957377552145504,0.7310034608177247,4,"MI"
613674,5.479232142857143,"NM",5072,9733,"5072_20251231",0.03867939024325627,2.5503441091130967,112,10.126212016258256,1.1868300663172733,4,"MI"
343698,6.02978947368421,"N",5074,3963,"5074_20251231",0.7396873181948306,2.302110497707779,57,7.093514501027631,-0.0074918982612203165,7,"MI"
52993,4.076384615384615,"N",5076,978,"5076_20251231",0.8949287371561153,3.4304228864078357,13,9.847109680558415,0.5655158512413353,7,"MI"
128042,5.335083333333333,"N",5087,1838,"5087_20251231",0.4323257909735246,2.632997843278217,24,7.484123640562343,0.9974838245866283,8,"MN"
1011690,9.455046728971963,"N",5093,10562,"5093_20251231",2.4665548261193324,1.686561601926725,107,11.040109469158436,0.9964226876139457,4,"MN"
465038,5.74120987654321,"NM",5095,8805,"5095_20251231",3.223967227998876,2.9880277748626995,81,9.043549966949756,0.7706737328156155,2,"MN"
322294,9.479235294117647,"SM",5097,3586,"5097_20251231",0.23708118390659189,1.9139318477484333,34,9.67466996647579,0.764151662465878,2,"MN"
220292,5.006636363636364,"NM",50,4227,"50_20251231",0.029365567165198392,3.6749409326056695,44,9.76667865491818,1.6652003055516336,4,"AL"
71778,2.760692307692308,"N",5105,4264,"5105_20251231",1.3198316076914325,11.50718984950005,26,15.967290725199055,-0.6333506625111827,8,"MN"
85337,8.5337,"NM",5107,915,"5107_20251231",0.04895771599371279,2.1600070530842554,10,13.558689650026118,1.8183732844841944,2,"MN"
38486,7.6972000000000005,"N",5110,1013,"5110_20251231",0,5.167996273219589,5,8.771929824561402,1.639201071449368,7,"MN"
125392,11.399272727272727,"N",5115,1578,"5115_20251231",0.3284648255628548,2.3887481403556823,11,8.773158771951014,1.2791863005683197,4,"MN"
350736,1.4374426229508197,"NM",5116,29322,"5116_20251231",0.7057944695593936,13.457914082958816,244,8.201819148307838,0.9377506097214092,4,"MN"
109884,7.3256,"N",5117,1229,"5117_20251231",0,2.13182620504923,15,7.428749988511768,0.4483118900191517,7,"MN"
1428434,7.287928571428571,"NM",5123,19926,"5123_20251231",0.3877409762100082,2.761805898716676,196,8.257086712513301,1.7051217494796382,4,"MN"
135346,4.833785714285715,"N",5131,1981,"5131_20251231",0.21674087685819962,3.7118424993553325,28,9.261361819170371,0.587808499358536,4,"MN"
363871,8.269795454545454,"NM",5136,6390,"5136_20251231",0.1757870209336161,2.8364192678749687,44,10.682788794442871,1.3012753887577584,4,"MN"
99466,7.104714285714286,"N",5141,1804,"5141_20251231",0,3.238792511164548,14,9.48713696386741,0.6355204397114395,5,"MN"
36278,5.182571428571428,"N",5142,692,"5142_20251231",4.2909724912824485,3.0006376354975433,7,35.903337169159954,1.1681053652472577,2,"MN"
2815071,1407.5355,"N",5146,238,"5146_20251231",1.3900578550284728,0.31081777860662524,2,23.711831822366314,1.48434117062491,5,"TX"
85176,5.6784,"N",5150,1250,"5150_20251231",0,2.5968138998261554,15,7.036021511703167,0.6051998968025674,5,"MN"
417636,6.629142857142858,"N",5162,6026,"5162_20251231",0.7341567431357351,2.872378564738682,63,8.78446441645742,1.116092368433196,4,"MN"
1348151,7.977224852071006,"SM",5170,21197,"5170_20251231",0.5911758313410128,2.8952498885166635,169,9.810878437380428,0.8471259411589107,4,"IA"
118469,4.73876,"NM",5175,3525,"5175_20251231",0.8606296366421674,6.1110359901270845,25,8.612058477432736,0.4520713546197051,2,"MN"
178319,8.491380952380954,"N",5180,2393,"5180_20251231",0.3193643869761645,2.3566284661578583,21,8.454226839181015,1.1167069406895231,2,"MN"
243815,9.3775,"N",5186,2423,"5186_20251231",0.345294666252165,2.0753285151679703,26,10.998913402562458,1.1404456945712558,2,"MN"
896819,7.473491666666667,"SM",5193,12094,"5193_20251231",0.3422305920683956,2.4087022636831996,120,9.965632546906928,1.3746015533557472,2,"MN"
43860,7.31,"N",5196,443,"5196_20251231",0.24715447154471545,1.8549379042177516,6,21.45473328324568,1.6763877316192517,2,"MN"
125323,5.221791666666667,"NM",5197,1764,"5197_20251231",0.9003451567893075,2.5107930015905477,24,12.086398150420827,1.511831726555653,4,"MN"
283873,5.56613725490196,"N",5198,4368,"5198_20251231",0.6287661895023858,2.9285095379138917,51,10.42290121707639,1.6241855082847676,4,"MN"
414568,7.147724137931034,"NM",51,5041,"51_20251231",0.0950680330611594,2.5761480179505973,58,17.22638004636505,1.3706412094309979,4,"AL"
138762,6.307363636363636,"N",5214,2073,"5214_20251231",0.059321687190606716,2.558964262136093,22,14.947888096544157,1.8293965401401004,4,"MN"
542152,7.857275362318841,"SM",5219,7941,"5219_20251231",1.3669499574447088,2.690143793779109,69,10.744805129101396,0.9629376805162598,4,"MN"
95122,9.5122,"N",5221,1277,"5221_20251231",0.6014341892204488,2.6233004193040994,10,8.790964518587518,1.1394133134351139,4,"MN"
374887,7.49774,"N",5223,6162,"5223_20251231",0.4938720828302542,2.405072239169562,50,11.835736179500703,1.7710423429742852,4,"MN"
422662,9.188304347826088,"NM",5229,4911,"5229_20251231",3.019396120775845,2.004602966495077,46,10.115389304437002,1.1336740124704143,8,"MN"
34521,4.931571428571429,"N",5232,707,"5232_20251231",0.04317167937832782,3.0448318064615787,7,8.282613688562241,0.4485557100250716,5,"MN"
451141,6.835469696969697,"N",5247,6581,"5247_20251231",1.3614098903726974,2.621264461566054,66,9.369664839608232,0.8081894123807318,4,"MN"
291465,5.715000000000001,"N",5249,4551,"5249_20251231",0.08724109985784573,2.680679821737294,51,9.241886582099495,1.5290050557588075,4,"MN"
193139,9.65695,"NM",5252,1831,"5252_20251231",1.8772637897133397,2.237333786536844,20,14.419644565437242,0.04840385595872979,2,"MN"
845498,6.818532258064517,"N",5269,13279,"5269_20251231",0.1127606067980855,2.5490815599541556,124,11.358004354552225,2.5010067218040453,4,"MN"
32303,5.383833333333333,"SM",526,598,"526_20251231",0,3.2704506661911186,6,11.27804135184209,1.6113418082694313,8,"WY"
199472,5.6992,"N",5270,3768,"5270_20251231",0,3.1681418523474196,35,8.217196066576754,1.6364196018569124,4,"MN"
58840,6.537777777777778,"NM",5278,905,"5278_20251231",0.826329343181368,2.50062685090436,9,13.262803077077109,1.0148207884090186,2,"MN"
584998,5.467271028037383,"N",5280,9873,"5280_20251231",0.012207724366617836,2.9501961706411084,107,10.129011731138322,0.7620570532278471,4,"MN"
218987,6.440794117647059,"NM",5283,3430,"5283_20251231",2.6775905655632473,2.991179417010775,34,10.342491567713527,0.9480294182324626,7,"WI"
1591626,7.689014492753623,"N",5285,26754,"5285_20251231",0.3934047208566503,3.574747773285656,207,7.918906124923875,-0.0129955736561451,4,"WI"
744830,7.374554455445545,"NM",5286,9988,"5286_20251231",1.1149553788252082,2.4296922322535983,101,12.447134345036847,1.6521964867749286,4,"WI"
579979,6.105042105263158,"NM",5295,9506,"5295_20251231",0.3181422666956711,2.9828914221888247,95,9.598602002252797,0.7701078432684405,4,"WI"
45145405,11.617448533196088,"N",5296,521723,"5296_20251231",0.3347215448990084,1.9330054494972528,3886,8.53423550228028,1.0995049724052457,4,"WI"
432193,7.451603448275862,"NM",5297,6347,"5297_20251231",0.13123920328647382,2.641922488581231,58,10.267343334523952,0.8520592002304823,4,"WI"
202104,4.9293658536585365,"NM",529,3315,"529_20251231",0.0009140851378897431,2.7486856276041096,41,8.406435309130032,1.6532923510593613,4,"WY"
294607,8.664911764705883,"NM",52,2396,"52_20251231",0.21449868719683146,1.8516093568328593,34,17.68993785902558,0.47990030736643374,7,"AL"
4503074,11.850194736842107,"N",5304,40339,"5304_20251231",0.2506026899148272,1.8473168945669707,380,9.84903603243621,1.641201739544587,4,"WI"
693380,5.730413223140496,"N",5306,12346,"5306_20251231",0.38520890397747,3.1009556762588906,121,9.74332614966252,1.223988784995659,4,"WI"
303280,5.616296296296297,"N",5317,4807,"5317_20251231",0,2.688006545068488,54,8.704031042576117,0.4846552073243476,2,"WI"
662605,7.281373626373626,"SM",5335,10086,"5335_20251231",2.0138420408265247,2.597373019619535,91,9.945330359502734,3.6488632074857823,4,"WI"
266853,5.801152173913044,"SM",5336,4658,"5336_20251231",0.5721124924804492,2.9611383250278087,46,9.3311664147877,0.6216838166085746,2,"WI"
381788,15.907833333333334,"N",5337,1810,"5337_20251231",0.8767118105470227,0.8741872186313498,24,29.706310886851334,3.122926084763005,4,"WI"
319072,6.511673469387755,"N",5357,5238,"5357_20251231",0.2203044206539946,2.7275399139435335,49,9.328972376226519,0.9035437113480662,4,"WI"
317669,6.10901923076923,"N",5364,5627,"5364_20251231",0.02385368151757122,2.6074444791992493,52,9.916761992844451,0.9286831404441664,4,"WI"
137183,9.145533333333333,"SM",5369,1786,"5369_20251231",0,2.182889120684906,15,15.494791666666666,1.308495392796234,2,"NE"
144143,7.20715,"SM",5377,2112,"5377_20251231",0.06949270326615706,2.5181964835108412,20,9.656497221820585,1.0939998316923336,4,"NE"
336800,9.905882352941177,"SM",5384,3829,"5384_20251231",0.20738087382759107,2.3917148923883715,34,8.868321284400853,0.9401080053546782,2,"NE"
411340,6.855666666666667,"NM",5394,5496,"5394_20251231",0.6260727999858434,2.270070285319899,60,10.580056760396563,1.6106726429794758,2,"NE"
334436,7.777581395348837,"NM",5396,4687,"5396_20251231",0.5979980924784909,2.2687808694742198,43,10.548398925203028,1.1687659024564163,4,"NE"
129548,7.620470588235294,"NM",5401,1490,"5401_20251231",0,2.1805361597498236,17,12.081727001417002,1.2920590587364678,2,"NE"
111151,9.262583333333334,"SM",5405,1231,"5405_20251231",0.0040680724116889284,2.086041070964388,12,13.330175018324187,0.9784990159307808,2,"NE"
70587,7.843,"NM",5408,1089,"5408_20251231",0,2.801011867331674,9,12.75685780238766,1.3509749703532061,2,"NE"
364135,8.669880952380952,"N",5410,4545,"5410_20251231",1.2340007746282236,1.8475630738642879,42,13.068841443759876,3.008537298106282,2,"NE"
2199625,7.912320143884892,"NM",5415,26725,"5415_20251231",0.3563610198967658,2.320597606279246,278,8.224272005486437,0.9029353185091838,4,"NE"
93322,9.3322,"N",5422,1048,"5422_20251231",0,1.9642717535767338,10,15.475316373688075,0.22585324750909927,2,"NE"
321453,7.475651162790698,"SM",5424,5466,"5424_20251231",0,3.1969333645998024,43,12.408119858621875,1.2150427014228766,2,"NE"
148740,13.521818181818183,"NM",5425,1576,"5425_20251231",2.8028412363217505,2.5611552336014793,11,12.038860342758683,0.3974679010405435,4,"NE"
480723,8.584339285714286,"SM",5432,4686,"5432_20251231",0.21407965990181688,1.4140827153052289,56,13.400974906695984,1.436561510308609,2,"NE"
594966,7.345259259259259,"SM",5434,8858,"5434_20251231",0.07787304132650578,2.446955158985795,81,10.72162947619916,0.876219355694066,2,"NE"
93573,7.197923076923077,"SM",5438,1437,"5438_20251231",2.6986200702212786,2.659742292111009,13,10.50578654093442,0.9086664058457539,2,"NE"
190027,8.26204347826087,"NM",5439,1890,"5439_20251231",0.6901925859957697,2.2647167460700044,23,20.22071175664849,1.5426785114326198,2,"NE"
783088,8.330723404255318,"SM",5442,8526,"5442_20251231",0.39953452872538847,2.9273589809623175,94,9.368768970291608,1.455813444355193,4,"WY"
34573634,8.177302270577105,"N",5452,536359,"5452_20251231",0.807130481430152,3.6811319542545315,4228,10.181085869419041,1.513722738174403,4,"NE"
159751,6.39004,"N",5460,2493,"5460_20251231",0.0755333016580778,2.41818781893422,25,11.46485878005813,1.656553860214781,2,"NE"
251714,7.403352941176471,"NM",5469,3008,"5469_20251231",0.2415260917546902,2.1950732890366536,34,10.956651540005828,0.8078720095243858,2,"NE"
425698,9.459955555555556,"NM",5472,5469,"5472_20251231",0.32518374265875394,2.0628300636824486,45,12.05033387550452,1.648234562478527,2,"NE"
419432,7.489857142857143,"SM",5473,5736,"5473_20251231",0.28036167049814475,2.029108265081088,56,11.61244360009499,1.348095043719052,2,"NE"
61393,6.1393,"SM",5478,896,"5478_20251231",0.8220477420034779,2.778460536892243,10,9.403441120243134,0.5879109564015864,2,"NE"
475765,11.327738095238095,"SM",5486,4190,"5486_20251231",0.3986135181975737,1.330155011985374,42,11.512063875636827,1.6407037326493803,2,"NE"
249971,9.614269230769231,"NM",5490,2340,"5490_20251231",1.314362087875864,1.8030129641612824,26,10.195460475644069,0.8279913678513027,2,"NE"
640452,8.106987341772152,"SM",5495,8202,"5495_20251231",0.15547083018618435,2.292800524554806,79,10.399660966561562,1.1917982034521415,2,"NE"
2760622,5.41298431372549,"SM",5496,42606,"5496_20251231",0.4614547974702252,2.433459798346231,510,9.391567151458819,1.114105066347948,2,"NE"
392141,5.766779411764706,"NM",54,5996,"54_20251231",0.026222565259553916,2.4623425537586776,68,14.878234964632872,1.16660526183143,4,"AL"
53127804,8.842843541944076,"SM",5510,827652,"5510_20251231",0.4209427515208539,2.696998298919362,6008,8.687287529172782,1.2643509572478149,4,"TX"
995058,2.266646924829157,"N",55130,53012,"55130_20251231",0.4971267073154973,10.60793212208304,439,15.817155773272251,3.920520284656146,4,"IL"
81449,8.1449,"N",5518,665,"5518_20251231",0,1.8133813033134105,10,12.749241708517728,0.6818313700458424,2,"TX"
683680,6.272293577981652,"N",5531,13517,"5531_20251231",1.5655939528556915,3.678291513813054,109,8.14273043200093,0.8704002414955849,4,"TX"
436370,17.4548,"N",5536,3036,"5536_20251231",0.01949896934019202,1.274816442347029,25,15.459704122094397,2.529505435815438,7,"TX"
245322,12.2661,"N",5538,1591,"5538_20251231",0,1.4696432447457897,20,11.55780939667242,1.4666404710408214,2,"TX"
1351861,5.322287401574804,"N",5544,21969,"5544_20251231",0.6375343813184211,2.8464614637598635,254,9.858899716586494,1.960455837213982,4,"TX"
239377,6.299394736842106,"N",5548,4129,"5548_20251231",0.4047528402829262,3.4619093781025656,38,12.998253803015547,1.651913752537465,8,"TX"
2476407,8.310090604026847,"N",5551,35519,"5551_20251231",0.05084124259596284,2.508004355603698,298,8.523619153882823,0.8932073207272008,9,"TX"
149656,3.7414,"N",5557,2689,"5557_20251231",1.3320670781995851,3.4758991522866314,40,12.109422004733062,1.6090093550245537,2,"TX"
97333,4.055541666666667,"N",5559,1635,"5559_20251231",0.07348650225862925,3.5471261039525124,24,9.462859529153835,1.0013995463539405,8,"TX"
188590,6.083548387096775,"N",5564,2555,"5564_20251231",0.9170772892359872,2.7013227972289338,31,11.707549341761023,2.144039403606658,4,"TX"
487454,2.8176531791907515,"NM",5568,16716,"5568_20251231",0.5796170809605083,6.992736003585215,173,12.70055694265228,0.9822397717155906,4,"TX"
343198,5.535451612903225,"N",5569,4482,"5569_20251231",0.9285164235497471,2.2561556543928605,62,14.175519670607448,2.354002192719978,4,"TX"
2093733,13.33587898089172,"N",5574,29497,"5574_20251231",0.8725725680978397,2.634589507434675,157,12.334375075019608,2.0955292960639196,4,"TX"
978794,5.290778378378378,"N",5575,20684,"5575_20251231",5.490100334087918,3.9485872787633465,185,10.024711153508527,0.5708136705814763,4,"TX"
148449,5.118931034482759,"NM",5589,2146,"5589_20251231",0.14652107992406385,2.9423522718124975,29,8.639867590233477,0.9939733967147714,8,"TX"
155841,5.771888888888889,"N",5590,2794,"5590_20251231",0.08151996695724006,3.037875662786369,27,21.542659012107087,1.953773480496222,4,"TX"
384305,6.51364406779661,"N",5595,5378,"5595_20251231",1.103692295257895,2.874721514847417,59,8.912234988178442,0.19707104900500086,4,"TX"
1622811,9.895189024390243,"NM",5598,19694,"5598_20251231",1.0303573591762567,2.175134877067469,164,12.457664999054446,1.3437126653698652,4,"AL"
216417,3.9348545454545456,"NM",5602,3599,"5602_20251231",0.382078743489966,3.546454280450464,55,9.459045430609411,0.7260059843832944,4,"AL"
46913,2.606277777777778,"NM",5605,1102,"5605_20251231",0.01096611470555982,4.073769297365872,18,20.512357928919357,0.46073666435226857,7,"AL"
1527555,6.0617261904761905,"SM",5615,23215,"5615_20251231",0.25698824981804774,2.6897997528086153,252,13.173788139622136,2.1114495058943508,4,"AR"
81136,6.241230769230769,"NM",5619,1480,"5619_20251231",0,3.42100696596346,13,10.470225523754035,0.6996262233129781,4,"AR"
251376,7.8555,"NM",5623,2403,"5623_20251231",0.7802363199141913,1.730440146211392,32,10.574119184136066,1.0052233211810515,4,"AR"
245139,5.8366428571428575,"NM",5624,3987,"5624_20251231",1.6456808472849305,2.673292185722932,42,10.47819602358847,0.9369616835048188,4,"AR"
116176,8.298285714285715,"NM",5632,915,"5632_20251231",0.0973736924104162,1.6661699060082624,14,16.890924706555968,0.9158302603487954,8,"AR"
8360743,9.383549943883278,"SM",5633,71716,"5633_20251231",0.15482572773424721,1.5604292332553114,891,15.54271601294152,1.8086865430200094,4,"AR"
123670,4.26448275862069,"SM",5634,1896,"5634_20251231",0.03244808306709265,3.150601725423578,29,14.909941295660042,2.0913476970484095,4,"AR"
614162,5.739831775700935,"SM",5635,9364,"5635_20251231",0.8864550932932909,2.8751597356813945,107,11.681386300176506,2.249586775222557,4,"AR"
1447209,7.459840206185567,"NM",5673,21227,"5673_20251231",0.48781112214013167,2.552015824032216,194,7.7163085486263325,1.0326814561234672,4,"FL"
1070872,8.850181818181818,"NM",5676,8618,"5676_20251231",0.5311480970405261,1.7990574999383815,121,5.432029059859522,2.0231063227830375,9,"FL"
623400,5.826168224299066,"NM",5685,10668,"5685_20251231",0.31032199819440265,2.8010564866856593,107,13.09525550232083,1.6133467688546046,4,"GA"
84692,4.705111111111112,"NM",5686,1828,"5686_20251231",1.7408448340953901,4.115844062773885,18,8.241859394776204,0.8691694226681321,2,"GA"
1467071,8.68089349112426,"NM",5694,18039,"5694_20251231",0.7422456616552251,2.4670851045530307,169,11.712896154358527,1.983062319775547,4,"GA"
98163,9.8163,"NM",5699,1033,"5699_20251231",0.04518660011912831,2.1647416550387355,10,11.212245346548503,1.9557462467907936,4,"GA"
455338,8.432185185185185,"NM",57022,6608,"57022_20251231",0.12662841335999853,2.741593154006121,54,10.45740604927775,1.386872016605442,2,"NM"
145842,6.944857142857144,"NM",57025,1830,"57025_20251231",0.26612933885868534,2.4735863305546255,21,12.370446988261264,1.8430501138588962,2,"NM"
46329,3.563769230769231,"NM",57031,1314,"57031_20251231",0.938566552901024,5.950730510824358,13,36.170983903635005,-0.44577156873200385,4,"CO"
452346,3.8995344827586207,"NM",57033,13862,"57033_20251231",0.2908436487902859,4.670955316204762,116,16.982314594542107,0.7463204514794106,4,"OR"
9170369,9.602480628272252,"N",57038,107784,"57038_20251231",0.4624695162676014,2.132288155161706,955,9.48856507133791,1.6612966477471829,4,"WI"
4030860,13.996041666666667,"N",57044,61982,"57044_20251231",0.5258268083080962,2.5026971550817767,288,11.572073225964148,1.6561146803616804,4,"CA"
906490,181.298,"NC",57047,609,"57047_20251231",0,1.9628454215784488,5,99.56053463203952,7.680570231290601,7,"DE"
313019,6.659978723404255,"NM",5704,4328,"5704_20251231",0.43124949714377664,3.1019626228660115,47,9.019562619923953,1.254930807035696,4,"GA"
4792448,13.058441416893734,"NM",57056,92413,"57056_20251231",2.766053600606975,2.9878312989198017,367,18.19496656616548,4.118709583059587,4,"UT"
289737,8.048250000000001,"SM",57058,3372,"57058_20251231",0.007139704546044603,2.0910883828582314,36,13.407348573796533,1.7555832775948472,4,"AR"
1030772,10.105607843137255,"N",57061,19821,"57061_20251231",0.056071953235191874,2.707787712151354,102,9.858933302307307,1.1536820357529924,4,"IL"
988623,8.826991071428571,"NM",57069,16447,"57069_20251231",0.011088383856256798,2.8563068920676202,112,10.479262970341159,0.8163198959687905,4,"MS"
2693811,11.763366812227074,"NM",57071,44758,"57071_20251231",0.660989385699547,2.9172140250480165,229,9.37272203817104,0.9620176424576417,4,"GA"
428747,7.521877192982457,"NM",57073,7243,"57073_20251231",0,2.823528046174695,57,10.68260322060965,1.0408071865995108,4,"CA"
242794,6.22548717948718,"NM",57074,4207,"57074_20251231",2.9208764863114163,3.2024874741417344,39,12.884114101520423,0.7955412432459439,4,"ID"
7215,0.2672222222222222,"NC",57081,3339,"57081_20251231",0,82.48194014447886,27,64.18976158780104,32.83023735810113,7,"WV"
5850740,62.91118279569892,"N",57082,23456,"57082_20251231",0.24751475129925044,0.9720282541000355,93,9.658041942325895,1.4951800207203798,4,"IL"
5766998,13.929946859903383,"NM",57083,186289,"57083_20251231",4.49410019422024,4.692846965465058,414,19.956449678322294,1.3468882811346965,4,"FL"
322649,6.864872340425532,"NM",57092,4757,"57092_20251231",0,2.608902333351841,47,9.790678505976516,0.8346990248744054,4,"TN"
465274,1.716878228782288,"SB",57093,33551,"57093_20251231",0,469.61094930339726,271,39.41798324426501,34.283489232660784,5,"WI"
2368823,9.629361788617885,"NM",57095,42262,"57095_20251231",1.0048775991150585,3.0778454288605492,246,10.068737949739507,0.9339609412877484,4,"NC"
1143445,7.6741275167785235,"SM",57097,15245,"57097_20251231",0.9514680814685478,2.715126482016269,149,8.731016178974036,1.3111823602814503,4,"MI"
183560,10.197777777777778,"NM",5709,1428,"5709_20251231",0.7447943628046526,1.8757665810687403,18,10.65774246274622,0.84998392863152,4,"GA"
759501,6.721247787610619,"NM",57101,17066,"57101_20251231",1.5060640880427887,3.845417229437205,113,11.144015502677517,1.2478009211322547,4,"CA"
2301404,34.869757575757575,"N",57103,13748,"57103_20251231",0.18448011007548842,1.2206841617369693,66,10.130854967816774,1.6381136098919953,4,"IL"
14531,0.4036388888888889,"SB",57109,7177,"57109_20251231",0,264.250984369407,36,119.34997644842204,9.530485622240782,7,"IN"
983746,13.475972602739725,"N",57123,13122,"57123_20251231",0,2.9133809496564202,73,16.661271518422325,1.532474335844677,7,"GA"
675702,6.825272727272727,"NM",57124,9840,"57124_20251231",0.18865856881632864,2.5322084731906007,99,8.393788148757645,2.2421116863535375,4,"AL"
590895,11.8179,"NM",57127,4705,"57127_20251231",1.6331791809850307,2.004724595973147,50,11.05507400407411,1.4473866409476264,4,"GA"
866395,3.9381590909090907,"SB",57129,34114,"57129_20251231",0.6723300765434955,7.995365910621989,220,11.029439856627008,1.2920978885125742,4,"NY"
5031931,11.514716247139589,"N",57134,62700,"57134_20251231",0.0317965560807536,1.897577753917269,437,11.342496290806398,0.7458633359013712,4,"MA"
185803,5.80634375,"NM",57137,3047,"57137_20251231",0.23025458336953689,2.8897097625329815,32,9.012843959555191,0.36939313984168864,4,"AZ"
91142,4.142818181818182,"NM",57141,1790,"57141_20251231",1.2540753413602763,3.8849924806597143,22,13.637889039242218,1.4880616360097365,4,"MO"
3991,0.6651666666666667,"NC",57150,833,"57150_20251231",0,32.57941550190597,6,96.69525731584258,2.337992376111817,7,"IL"
18458,0.23364556962025318,"N",57160,11667,"57160_20251231",0,93.61793831339486,79,84.12500707694049,20.031326871728023,7,"KS"
763418,5.9179689922480625,"NM",5716,11655,"5716_20251231",1.8240193569401146,2.712373498379279,129,9.973855693940827,1.5494337185504854,4,"GA"
1485516,18.339703703703705,"SM",57176,11119,"57176_20251231",1.0364726244778986,1.657809468132743,81,12.50136815423398,1.0985465694810688,4,"CA"
13496,0.48200000000000004,"NC",57179,4444,"57179_20251231",0,52.045500769968335,28,89.38833570412518,4.409158264810994,7,"IA"
1064409,11.087593750000002,"SM",57184,14282,"57184_20251231",3.4905768638926706,2.1593744869787237,96,11.053040098558618,0.18871686772727922,4,"VA"
142512,5.278222222222222,"NM",57192,2686,"57192_20251231",2.35048139342742,5.757533384604628,27,8.149949503003242,-2.086275606516115,4,"MI"
1098773,8.651755905511811,"N",57197,14417,"57197_20251231",1.2412346013266549,2.664051893196561,127,11.709047785304541,0.9964298285312013,4,"AZ"
47613000,11.325642245480495,"NM",57203,594000,"57203_20251231",1.6954714504484798,7.90068214257568,4204,12.672726881997724,0.869096927293584,3,"DE"
1800976,15.798035087719299,"NM",57228,15103,"57228_20251231",0.03732845946532016,1.6048728307906464,114,9.059598239463998,0.8118694898911536,5,"PA"
149395,6.4954347826086964,"NM",5722,1887,"5722_20251231",0.13622938849352095,2.5335199236520345,23,10.908732755042458,1.1091282323420364,2,"IL"
324628,9.547882352941176,"N",57230,4093,"57230_20251231",0.13061245060035528,2.4166751190572353,34,10.946920477143463,3.251487873805707,4,"GA"
2870944,15.435182795698925,"SM",57244,35943,"57244_20251231",0.5313572688799514,2.2620989901163164,186,16.220772720521765,2.829847996546326,4,"IA"
501479,16.17674193548387,"NM",57250,4263,"57250_20251231",0.1118808898833857,1.5951901608485168,31,8.907555644776794,1.0199171910809477,4,"KS"
1779367,8.05143438914027,"N",57265,23241,"57265_20251231",1.1784915991404015,2.3601113559842997,221,11.330918185157609,1.0141014313724974,4,"WI"
1305556,10.444448,"N",57269,16757,"57269_20251231",0.24152187617454804,1.985713269397294,125,11.83301130165904,1.5252477989014017,4,"OH"
137793,9.186200000000001,"NM",57273,2060,"57273_20251231",0.16931293172546089,2.2034177782252713,15,11.278875991265371,1.4891310216416485,2,"KS"
359778,9.225076923076923,"SM",57280,5285,"57280_20251231",0,2.837672062375619,39,8.800509850399159,1.1962378529391353,4,"CO"
57804,1.2845333333333333,"NC",57288,10032,"57288_20251231",0,33.37201711757453,45,94.50807529717817,6.754551388989628,7,"AZ"
741001,5.110351724137931,"N",57295,29511,"57295_20251231",0.06132850224518712,5.751160885746449,145,14.384441056263784,2.1403618626135272,4,"CO"
523473,7.813029850746268,"NM",57301,4934,"57301_20251231",0.05047043429497165,1.814442265258155,67,10.797917966313163,1.2858708423942249,4,"KY"
173449,0.32299627560521416,"NC",57304,122718,"57304_20251231",0,152.63038095491189,537,57.49292122046098,2.9908155330607302,7,"PA"
87627,8.762699999999999,"NM",5730,946,"5730_20251231",1.9452585799376005,1.5648872112878582,10,15.666333284637082,1.8502291722836344,8,"IL"
19412996,61.239735015772865,"SM",57311,48646,"57311_20251231",1.1413903578441766,0.9616104116319718,317,7.021144795696266,1.8241522736457307,9,"MO"
231855,9.660625000000001,"NM",57312,2738,"57312_20251231",0,2.2509845341963315,24,13.703448275862067,2.366357749652674,4,"NV"
291178,8.823575757575757,"SM",57335,4298,"57335_20251231",6.015100221922095,2.2772724253806693,33,12.59245080534575,1.9200334898923186,2,"CO"
254615,7.488676470588236,"NM",57336,4595,"57336_20251231",2.7816772994549552,2.8783176527025836,34,7.9604358606190555,-0.19166191591125264,4,"MN"
138413,2.269065573770492,"NC",57337,19664,"57337_20251231",0,65.96009290926715,61,79.0281658234539,54.92395199218909,7,"DE"
3482560,11.162051282051282,"NM",57348,39993,"57348_20251231",3.4253693589484406,2.474824414487811,312,8.535475731666246,0.6835038963477608,4,"TN"
11735326,117.35326,"SM",57358,39993,"57358_20251231",0.00007798006673534111,0.6571971879581696,100,7.106300048823153,1.4909270385809263,9,"MO"
496927,18.404703703703703,"NM",57359,4844,"57359_20251231",0.037979579568384214,1.6927805676391412,27,8.890942012546969,0.4434358075550556,4,"IL"
28550,4.758333333333334,"NM",57363,1192,"57363_20251231",1.257637776591327,6.432497871280534,6,21.0705268473321,-1.387287924513001,8,"WY"
3353033,20.078041916167663,"NM",57368,26230,"57368_20251231",0.5764782483865029,1.6557584299025885,167,10.555898260649254,1.2677904487134553,4,"CT"
2788916,13.604468292682927,"NM",57369,29162,"57369_20251231",0.14333630085458218,1.8112120099722369,205,9.650579014263522,1.0979853722195174,4,"FL"
449569,6.422414285714286,"NM",57373,7368,"57373_20251231",2.138835684021127,2.5497149585318684,70,10.067531908018742,0.8782618812474469,4,"OR"
14177,3.54425,"NM",57379,714,"57379_20251231",0,10.125944584382871,4,97.21396474248185,-5.4911838790931995,7,"RI"
39130,1.0575675675675675,"NC",57380,9911,"57380_20251231",0,48.70241542677718,37,82.08792350862608,12.690144126751656,7,"TX"
122915,7.6821875,"NM",57391,1512,"57391_20251231",1.4808286861798954,2.177427176618926,16,10.206732065115292,1.2156089360188809,4,"IA"
220404,5.247714285714285,"NM",57396,3526,"57396_20251231",0,2.7429925219126723,42,12.982317103373124,1.785460191035177,4,"TN"
18033,1.3871538461538462,"NC",57405,2173,"57405_20251231",0,33.03201250594712,13,91.5543219666931,1.971046013729355,7,"MN"
20819000,29.74142857142857,"NM",57408,86000,"57408_20251231",0.20143240823634737,1.5764019263733573,700,12.346545071904595,2.693657660599135,4,"UT"
611422,8.611577464788732,"SM",57414,10765,"57414_20251231",0.07834057080208064,2.546755641264831,71,9.586232483060721,1.1978481566020938,4,"TX"
1652914,6.585314741035856,"N",57415,22275,"57415_20251231",0.13949539058709365,2.9141720628106067,251,8.31420676607503,0.40916166050327835,4,"KY"
426185,5.261543209876543,"SM",57416,8447,"57416_20251231",0.9494070414355573,3.5218788767079428,81,9.967979181854254,0.39952149688617744,4,"TN"
3701611,12.21653795379538,"NM",57417,54960,"57417_20251231",0.4065989086353449,2.4867259098376557,303,9.290044246072222,1.1556231581568435,4,"CA"
19417,0.4515581395348838,"NC",57418,9344,"57418_20251231",0,86.426024321606,43,75.51559230845871,23.65616523249789,7,"MI"
189749,5.749969696969697,"SM",57420,2533,"57420_20251231",1.8037749696121825,3.048815503853306,33,12.464277397912742,0.2772125055729633,8,"VA"
1011843,8.574940677966103,"NM",57425,12893,"57425_20251231",1.1381494686558897,2.350177786865216,118,9.009702085864301,1.7563247739638244,4,"FL"
188931,8.587772727272728,"SM",57429,2612,"57429_20251231",2.3063785908775998,2.585526758974558,22,10.479658520870725,0.647951616567923,4,"FL"
378189,7.8789375,"NM",57444,5999,"57444_20251231",2.8218246420591893,2.575171295729842,48,15.538560333186224,1.260137910541679,4,"CA"
2620589,18.454852112676058,"NM",57449,21809,"57449_20251231",0.6129938483633437,2.1642237577474543,142,17.800343448412782,2.805050668887133,6,"UT"
2503451,28.775298850574714,"N",5744,13072,"5744_20251231",0.1404558211105046,1.3806797088374079,87,9.846379444544812,1.469025870426439,4,"IL"
253772000,238.7318908748824,"SM",57450,194000,"57450_20251231",0.07856033616515941,0.33701011498956945,1063,11.124558988719604,0.9387859981864717,5,"TX"
1092309,9.498339130434783,"NM",57451,16055,"57451_20251231",0.6367022597467098,2.7323466383822033,115,10.932990140394553,0.7928460128652846,4,"WA"
3280733,12.42701893939394,"NM",57463,36571,"57463_20251231",0.27926087308034625,1.7856131637514414,264,11.547316928308673,1.1849950198591186,4,"CA"
892579,8.582490384615385,"NM",57465,11659,"57465_20251231",0.06171713913006887,2.1953105379505495,104,10.40346582045301,1.7860543332171148,4,"TN"
98369,9.8369,"NM",57468,1148,"57468_20251231",0.39017481497938045,2.323029314317429,10,8.184607677374913,0.6317378361560066,4,"MN"
34525,0.6057017543859649,"SB",57470,14641,"57470_20251231",0,94.47279656562117,57,86.43078949844735,-6.154722270895391,5,"FL"
1088715,7.11578431372549,"NM",57483,14389,"57483_20251231",0.15090247311503094,2.3493185192796964,153,9.280055628227695,0.5800524070927371,4,"AL"
235465,5.47593023255814,"NM",57488,6875,"57488_20251231",2.817014798659192,6.258730482743164,43,1.83493463537565,-6.923948239494402,4,"IL"
351911,2.6659924242424244,"NM",57491,16463,"57491_20251231",1.7192939345537945,6.834746769613133,132,10.05076634916284,0.5334124315982728,4,"OK"
290358,10.369928571428572,"NM",57495,3210,"57495_20251231",0,2.3403983468556344,28,10.492642354446577,1.4419147120347664,4,"TX"
1416480,8.094171428571428,"NM",57497,17476,"57497_20251231",3.0535797380841587,2.227918306389358,175,9.357554362757533,-0.11727321235737836,4,"NY"
1662075,7.102884615384616,"NM",5749,22829,"5749_20251231",1.0774181994395635,2.6114067189878467,234,11.021519976763242,0.7752508021500192,2,"IL"
602611,10.389844827586206,"N",57505,6605,"57505_20251231",0,2.416729184542785,58,9.528247023955494,1.177743591723543,2,"IA"
2562570,16.97066225165563,"NM",57510,37415,"57510_20251231",1.1404559310271316,2.194624719970183,151,11.649809800941739,-0.7572649132217044,4,"CA"
932697,3.902497907949791,"NM",57511,26607,"57511_20251231",2.021709721476054,4.807565189191877,239,10.195779708035836,1.4403373555510108,4,"IN"
92735703,24.30817903014417,"SM",57512,731446,"57512_20251231",2.4102979204376034,2.4448886530180087,3815,8.253763559047824,1.1029357259106718,4,"AZ"
1010913,17.134118644067797,"NM",57522,10774,"57522_20251231",0,2.392257305590605,59,8.730786641914088,1.4768067711291974,9,"TX"
198618,3.3103,"NM",5753,5206,"5753_20251231",0.7840223331782418,4.6502175050782775,60,8.00923925345186,0.12425852934765325,4,"IL"
638746,10.645766666666667,"NM",57540,7698,"57540_20251231",2.431175991479231,2.7438847413823564,60,11.53811971155467,1.226269616528108,8,"AL"
15431880,69.51297297297297,"NM",57542,41273,"57542_20251231",0.11670694968166989,2.4944015154743626,222,10.4228448507458,0.3012778262182306,9,"NV"
553357,16.27520588235294,"N",57543,7028,"57543_20251231",0,1.9330748720691011,34,12.083457025032814,1.6987515132609938,4,"TX"
311150,6.914444444444445,"SM",57548,2556,"57548_20251231",0.04385217983651227,2.343334414994295,45,9.77636904270257,1.1419294611139712,4,"KS"
856183,9.012452631578947,"NM",57554,14180,"57554_20251231",0.5416611227235855,3.4738494802383393,95,10.032940043565116,1.3311917521373349,4,"AL"
119317920,186.72600938967136,"NM",57565,167209,"57565_20251231",0.11735958016667522,0.4660090603405416,639,8.79034112776512,1.129606790546526,9,"UT"
196920,5.626285714285714,"NM",57569,2468,"57569_20251231",0.48698397569547863,2.2251668487836715,35,10.786571570606796,1.0090452593463206,4,"AL"
13626906,51.228969924812034,"NM",57570,58637,"57570_20251231",3.70697203401238,11.862655800589849,266,13.183312185698595,1.595358975621181,3,"UT"
187809,5.216916666666666,"NM",57571,5766,"57571_20251231",1.0640578006706538,5.48252563793781,36,14.55646139405381,0.16373631481317158,4,"UT"
425932,6.9824918032786885,"NM",57576,5903,"57576_20251231",2.2813166099198265,2.4801836804269484,61,9.311759643678188,1.2707035511108875,4,"MO"
247629,10.766478260869565,"NM",57579,2604,"57579_20251231",1.3254493508372212,2.0352781546811394,23,10.727947635374457,1.7706794543498268,2,"GA"
953547,12.885770270270271,"NM",57585,12443,"57585_20251231",0.8679284361084545,2.2746003477005954,74,10.862632670747702,1.1132034260711778,4,"CA"
445277,6.957453125,"NM",57587,7324,"57587_20251231",0.9059515749336401,2.81556899149674,64,8.343790472483743,1.1731734649836825,4,"CO"
2883698,12.931381165919282,"NM",57591,33753,"57591_20251231",0.649078649864854,2.242216574153321,223,11.322179967889202,1.9062597236751258,4,"CA"
911121,8.436305555555556,"NM",57598,12052,"57598_20251231",1.4205094220190848,2.613358421694799,108,9.101517291851046,0.7970907150069938,4,"FL"
920918,7.308873015873016,"N",57603,14759,"57603_20251231",1.4698356402413624,2.7809950009522404,126,10.012346513854926,0.880391685431408,4,"MN"
3151853,9.849540625,"NM",57607,50542,"57607_20251231",0.6160356590801055,2.7144105868187074,320,8.788892115122012,0.5101589078986812,4,"CO"
531608,6.645100000000001,"NM",57610,8565,"57610_20251231",0.3165319833558679,2.7488404901185945,80,10.863249080380905,1.1284890096684512,4,"CA"
7918576,14.242043165467626,"NM",57614,124673,"57614_20251231",1.3101291578656515,2.7332026224781365,556,11.107087309744553,1.3456555962167136,4,"MD"
266271,5.5473125,"NM",57624,3872,"57624_20251231",0.5783449404881714,2.959355266815949,48,7.667619012281548,0.3473159882454249,4,"PA"
480460,6.673055555555556,"NM",57626,6793,"57626_20251231",0.6626547606347931,2.5827161348376824,72,11.813386873146026,1.39886308576175,4,"MI"
227704,6.325111111111111,"NM",57632,2841,"57632_20251231",0.38290541709608744,2.505578402365627,36,8.084199732725942,0.6487583717836926,4,"TN"
3196183,5.510660344827587,"SI",57633,57462,"57633_20251231",0.694588023266068,3.2126782132124903,580,10.962273178554229,1.136653972675011,4,"WA"
95547,4.154217391304348,"NM",57640,1719,"57640_20251231",0.02293980325745206,4.014446251025195,23,11.179397732519366,1.348426390513327,4,"AL"
301455,10.048499999999999,"NM",57644,3810,"57644_20251231",0.009624512759041573,2.1397084407525417,30,10.638960308532862,1.3544409224033775,4,"MN"
178792,4.832216216216216,"NM",57656,2933,"57656_20251231",0.14595262153362523,2.973864575473393,37,9.917269054228624,0.9723869066867881,4,"TN"
616840,10.280666666666667,"SM",57672,7158,"57672_20251231",1.0508833459456313,2.377027231112279,60,10.000955931555302,0.5887044884315048,4,"NY"
369248,10.860235294117647,"NM",57684,4174,"57684_20251231",0.42588792640436285,2.2699541581356555,34,8.989410301289038,0.7989678154129326,4,"TN"
485001,10.1041875,"N",57686,6665,"57686_20251231",2.896715721031637,2.1195137634923986,48,16.379925829522136,1.6678886645263908,4,"GA"
675926,5.280671875,"NM",5768,11444,"5768_20251231",0.5979953838952822,2.7285202529078134,128,10.645102740427824,1.2637372590606444,2,"IN"
370987,6.287915254237289,"N",57694,5724,"57694_20251231",0.44172408678956376,3.175611212240048,59,7.458924008339954,0.17032584328851794,4,"GA"
2522542,12.61271,"N",57701,49457,"57701_20251231",0.41409297087843966,3.1673073010015083,200,10.127899914976316,1.4678377406559835,4,"IL"
979747,5.831827380952381,"N",57703,23016,"57703_20251231",3.9008776705534647,4.725381763338151,168,10.51097105907679,1.5313475355579296,4,"TX"
1277562,9.325270072992701,"NM",57706,20693,"57706_20251231",0.34191914343467694,2.552774181520321,137,10.912871265905927,1.1734069331784744,4,"OR"
1304624,,"NM",57710,0,"57710_20251231",0,0.1816714869560783,0,8.92151733204614,0.8101607329753935,9,"NY"
2576971,7.880645259938838,"SM",57716,40220,"57716_20251231",0.6460468202579545,2.4565821505309486,327,11.452419180001822,1.039618438086022,4,"CA"
710327,11.838783333333334,"NM",57740,10339,"57740_20251231",0.22414327252910501,2.6486019260036957,60,12.74020433199728,0.6849776938611093,4,"CA"
663549,6.984726315789474,"NM",57741,10011,"57741_20251231",0.11763262105234801,3.0120598328472643,95,15.307888088012728,0.8086477323082948,4,"CO"
2209046,12.695666666666666,"SM",57742,31051,"57742_20251231",1.6915967140587413,2.502864810636546,174,13.278806019319456,0.8182743243179875,4,"VA"
1572778,8.410577540106951,"NM",57754,23270,"57754_20251231",0.022727129247921415,2.186312792066367,187,10.769150736136108,-0.191249663944322,4,"IL"
2304649,12.193910052910052,"SM",57756,28320,"57756_20251231",1.0236835159329132,2.146571127691644,189,11.180924825698668,1.166496819064206,4,"SC"
2560367,8.001146875,"NM",57777,50289,"57777_20251231",2.4976841371789207,3.2702215937265167,320,9.501005964815917,1.0489246844599394,4,"PA"
279950,4.9991071428571425,"NM",57784,5226,"57784_20251231",0.3624690902947365,3.1497465628086996,56,8.560640076933684,1.2561445453220486,4,"NC"
188217,8.555318181818182,"NM",57785,2923,"57785_20251231",1.122509875245105,2.7227355943497247,22,9.4872953863042,1.1031341266241979,4,"MN"
51380,0.2569,"NC",57793,43619,"57793_20251231",0,110.18197848984066,200,89.08988818905327,45.37944620077208,7,"PA"
319192,6.93895652173913,"NM",5779,4014,"5779_20251231",0.5858952739222554,2.2157928975649948,46,8.909052148341107,1.1395597710773782,8,"IN"
184648000,19.761130136986303,"SM",57803,1795000,"57803_20251231",0.9948768558698461,2.5630956149940265,9344,9.815380893736805,0.9095211252690231,6,"UT"
831982,4.596585635359116,"SB",57807,18659,"57807_20251231",2.6688548130673366,5.082556168174584,181,10.564686172342498,0.5568320036134199,5,"NY"
1524662,9.836529032258065,"NM",57813,15059,"57813_20251231",0.3515072969970293,2.371668277206333,155,11.20645751521737,1.5693366366820667,4,"MO"
5477082,11.984862144420132,"NM",57815,70164,"57815_20251231",0.5508066302897274,2.063965870318265,457,11.300712991015681,1.133332294361129,4,"FL"
1414946,15.548857142857145,"SM",57825,20685,"57825_20251231",0.01278343267125805,2.4220920797995245,91,8.772282787727912,1.7568089550293633,4,"TN"
14512815,72.92871859296483,"NM",57833,51743,"57833_20251231",2.7634998839881764,0.5560180942829882,199,19.274397939622276,0.6301513541625751,4,"NV"
3491,,"NM",57834,0,"57834_20251231",0,2.8073793972728316,0,85.4727793696275,0.7448149421336082,7,"NY"
803174,8.112868686868687,"NM",57841,13816,"57841_20251231",0.26791097751864534,2.9773779430752807,99,10.189550489517885,2.0464482670601014,4,"OK"
819481,9.41932183908046,"NM",57857,10684,"57857_20251231",0.0566992740581709,2.5826991808527193,87,8.524170038132297,1.0526973695958857,4,"CO"
269780,4.90509090909091,"NM",57867,3177,"57867_20251231",0.47463443233549457,2.6175822305626073,55,12.149131411691979,1.75722903769213,8,"KY"
332075,6.511274509803921,"NM",57869,3497,"57869_20251231",0.06160515657977297,2.3599586028846287,51,9.541722307614737,0.6590987306292685,4,"KY"
130893,3.0440232558139537,"NM",5786,2130,"5786_20251231",2.837137972646822,3.0968559626619547,43,14.18981236486793,0.6907600056124251,5,"IN"
386098,9.417024390243903,"NM",57872,6287,"57872_20251231",2.879229987670257,2.943369635641408,41,9.8023143942855,0.18262602741188577,4,"OR"
2006978,11.53435632183908,"SM",57873,23505,"57873_20251231",1.5267572166178234,2.204081702026765,174,13.231463155523931,0.9842069050426767,4,"CA"
888558,7.59451282051282,"NM",57874,16315,"57874_20251231",0.26322788475639614,2.9985864513257336,117,8.969362894738373,0.9461229775844996,4,"TN"
191285,8.316739130434783,"NM",57882,2592,"57882_20251231",0.05587382944327316,2.5151279722498825,23,12.314663559083955,1.0367995447930232,4,"GA"
83489,2.1970789473684214,"NM",57884,5257,"57884_20251231",0.6720221371998136,12.144837186346221,38,13.133234859675035,1.3548836908421362,5,"MO"
165262283,96.53170735981308,"N",57890,542362,"57890_20251231",1.3439978412475628,1.5602091176504818,1712,10.274438440194682,0.917536070640927,9,"VA"
289161,8.762454545454545,"NM",57897,2957,"57897_20251231",2.3531047843746555,2.051467813314264,33,10.455574104989799,1.0704722128215656,4,"IL"
215622,9.374869565217391,"NM",57899,2914,"57899_20251231",0.32929540966725324,2.4270082194543896,23,8.988508793517976,0.2591901568251727,4,"MO"
308647,7.177837209302325,"NM",57901,5708,"57901_20251231",0.10080036418196091,3.4825619721991754,43,13.589929997371916,1.1614459611515864,4,"TX"
7585280,27.88705882352941,"NM",57903,37617,"57903_20251231",2.6993109571467477,1.33401481479072,272,9.229981656418518,1.0762720369514225,4,"CA"
69870,7.763333333333334,"NM",57910,732,"57910_20251231",0,1.783003993339522,9,11.216684948563636,1.48829258948175,2,"IA"
235548,6.543,"NM",57915,2818,"57915_20251231",0.1883936080740118,2.0785789181521004,36,10.817819882683509,2.4511194720286187,8,"OK"
13993791,18.584051792828685,"NM",57919,111423,"57919_20251231",0.553420820276748,1.855223788283984,753,10.592752580493622,0.7652482255903764,4,"NJ"
148711,13.519181818181819,"NM",5791,950,"5791_20251231",0.8921428032304325,1.4522244378638753,11,11.314198849035433,0.635075080149097,2,"IA"
1073318,29.81438888888889,"NM",57920,4913,"57920_20251231",1.965621555706681,0.9789390238411257,36,9.921684315010907,2.4293261586469885,4,"UT"
837883,8.549826530612245,"NM",57922,12850,"57922_20251231",0.11470748748492463,2.9845696037622718,98,12.063119846087075,1.0000389291687448,4,"TX"
786088,10.481173333333333,"NM",57923,9715,"57923_20251231",0,2.1158548434656614,75,9.689723032928875,1.3631364760834213,4,"GA"
99970,12.49625,"NM",5792,1233,"5792_20251231",0,1.8641445806800137,8,10.939842437291853,1.3791805130387806,2,"IA"
570745,11.4149,"SM",57931,5113,"57931_20251231",0.1534791781498869,2.031179681011805,50,8.329159818575551,0.9774097713139511,4,"FL"
226770,9.0708,"NM",57933,3632,"57933_20251231",0.6295789267823025,2.75254658105878,25,10.355998237718017,0.6859754120823309,4,"NV"
2650892,10.646152610441769,"NM",57944,35722,"57944_20251231",1.5869942207017147,2.153985912686609,249,9.91272058453887,1.050040589870443,4,"CA"
98746,4.4884545454545455,"NM",57952,2066,"57952_20251231",0,3.480833659661489,22,10.524013994910941,0.7426437722743688,4,"MT"
1175798,7.7355131578947365,"N",57953,14489,"57953_20251231",0.09624712741550631,2.3454092372987403,152,8.796361133249983,0.9916319195421942,4,"AR"
225863637,13.236265646976092,"N",57957,2621353,"57957_20251231",1.4006107931776026,2.2997629941150755,17064,9.773873095580553,0.871318329941014,9,"RI"
817306,11.195972602739726,"NM",57967,9352,"57967_20251231",0.1077446437204476,2.1291669461399154,73,8.397287755500123,1.1838486820041585,4,"PA"
4029759,6.795546374367622,"SM",57968,72061,"57968_20251231",2.5088359813976897,3.3933512581205916,593,9.743297057471501,1.1302902969600097,4,"VA"
377778,6.403016949152542,"NM",5796,5579,"5796_20251231",0.3727166225539116,2.821603265186548,59,9.335606861144022,0.8950290345910951,2,"IA"
90899,5.347,"N",57974,2930,"57974_20251231",0,6.686227910620163,17,13.854689734518983,1.3489292210464823,4,"CA"
220683,6.490676470588235,"NM",5797,3045,"5797_20251231",1.4504563233376793,2.453771132454882,34,12.431238102194445,0.5485431326463075,2,"IA"
270369,6.144750000000001,"NM",57990,5175,"57990_20251231",1.8149788208757536,2.9244320191847124,44,10.270203817052682,1.1614765466265524,4,"MI"
17725922,26.615498498498496,"NM",57993,94815,"57993_20251231",1.2324038184341337,1.0392677077605594,666,10.414778926758425,1.5755808187595834,4,"AL"
2896836,10.20012676056338,"NM",57997,32285,"57997_20251231",0.0678325859924624,2.057527606721728,284,9.774785634975636,1.694494473266597,4,"AL"
554123,11.082460000000001,"N",5800,4977,"5800_20251231",0.09625446325156364,1.933688803144128,50,10.569995032844618,1.4918135829451307,2,"IA"
143660,5.3207407407407405,"NM",58010,3021,"58010_20251231",0.5598246186289606,3.328534432581537,27,12.378759475099844,2.0020414073901196,4,"MT"
37460,1.783809523809524,"NC",58011,6509,"58011_20251231",0,119.50295136241857,21,73.50159829515184,66.05443139988238,7,"DE"
1177313,8.29093661971831,"NM",58013,13575,"58013_20251231",1.1833287858426236,2.5746051119336486,142,11.687933746041013,1.0431648425337303,4,"IA"
1018727,15.917609375,"NM",58018,11959,"58018_20251231",1.9119955663870924,2.083949073714564,64,9.486243608163702,0.9803597482126333,4,"MO"
191626,15.968833333333334,"SM",58025,3210,"58025_20251231",0,2.6641323980341918,12,18.617642838106562,1.204477674633511,4,"CO"
600259,9.68159677419355,"NM",58029,7743,"58029_20251231",0.06503288142116755,2.067723685541238,62,9.303611521148111,1.331989790143376,4,"FL"
435073,8.366788461538462,"SM",58030,8665,"58030_20251231",0.26487642310878234,3.30703277506921,52,8.650878995008773,2.546947707701358,4,"FL"
122022,8.1348,"NM",58037,2522,"58037_20251231",2.344472328622375,4.815486494655565,15,14.006030150753768,0.7453356414695134,4,"CA"
826710,10.598846153846154,"NM",58039,9274,"58039_20251231",0.5477999646580668,2.2814894476525605,78,8.138669016378156,0.6529803578506345,4,"MN"
481999,10.255297872340426,"NM",58049,5545,"58049_20251231",0.21726458587250277,2.206143869777752,47,9.42973527630755,0.26157765444454556,4,"KY"
1794322,10.809168674698796,"NM",58054,19388,"58054_20251231",0.7410999632058036,1.9542459648979116,166,10.135426861697484,0.5117248152668613,4,"NJ"
2644240,17.396315789473686,"NM",58057,27440,"58057_20251231",0.16803442006985841,1.6735249230831484,152,8.29576886392053,0.706364391448339,4,"MN"
1135513,16.698720588235293,"NM",58060,12039,"58060_20251231",2.028778681750006,1.681827401280655,68,25.85490064680012,2.5563706437920395,4,"CA"
257230,21.435833333333335,"NM",58063,1721,"58063_20251231",0.8641312951854915,1.3853028835885193,12,9.630548588679478,2.2585229524046,4,"MN"
733054,13.575074074074074,"NM",58069,11896,"58069_20251231",0.10721795098149367,2.7867115820522317,54,11.163185613981263,1.0093155446804545,4,"CA"
332376,8.746736842105264,"NM",58074,5456,"58074_20251231",1.83232251159472,2.566768470985769,38,9.24307959765068,2.0362888165657838,4,"GA"
170987,6.576423076923077,"NM",58079,1854,"58079_20251231",0.14146063382809365,2.2583119118458947,26,11.879669429199643,1.565080102623289,4,"TN"
469187,6.0152179487179485,"SI",58082,10660,"58082_20251231",0.15311729224156878,6.704884233635662,78,8.619203218630592,1.0291931109200374,6,"TX"
1563295,12.50636,"NM",58088,17833,"58088_20251231",3.403283652266994,2.1459263280437355,125,7.074905234821434,-0.542501428670539,4,"AL"
1579389,8.356555555555556,"NM",58090,30933,"58090_20251231",2.331680527645356,3.993416256143755,189,15.037994994192566,1.646591245518366,4,"CA"
1451321,15.948582417582418,"NM",58095,10859,"58095_20251231",0.021658040578504827,1.9208328053292163,91,10.184600211430814,0.6530867284519359,4,"ID"
274019,8.56309375,"NM",58103,6964,"58103_20251231",0.07736259291095718,4.321424006234185,32,13.268176666233114,0.9398250177492558,4,"GA"
229330,9.173200000000001,"NM",58106,4438,"58106_20251231",0.4446373456790123,2.8431799187558835,25,11.7295933223333,0.48296732209413895,4,"MN"
438733,6.647469696969697,"SM",58111,6231,"58111_20251231",0.11222021028926185,2.692984894819757,66,10.677176080917445,1.4880455935501806,4,"AL"
738731,9.59390909090909,"NM",58113,9833,"58113_20251231",0.13063963572168946,2.179229604524823,77,11.7768859371002,1.015140604421132,4,"FL"
547518,8.690761904761905,"NM",58114,6942,"58114_20251231",1.6627179442179802,2.020956197388981,63,8.068384706706375,0.6696484827864307,4,"IL"
3039440,7.185437352245863,"SM",58115,46908,"58115_20251231",0.4368786167661249,2.5674545020876285,423,9.767458269560866,1.1780613756945009,4,"MO"
979200,15.064615384615385,"NM",58121,10261,"58121_20251231",0.5357535481638276,1.9591989250319568,65,10.52050862236099,1.4093650151945847,4,"MO"
2345974,15.53625165562914,"N",58140,37317,"58140_20251231",0.48915689854341976,3.114912594565881,151,11.874568825876604,2.6640839561774676,4,"NY"
374567,6.041403225806452,"NM",58148,8768,"58148_20251231",3.8059672670772393,3.308522729081573,62,13.533082657167359,1.2705088084012228,4,"UT"
163402,10.893466666666667,"NM",5814,1457,"5814_20251231",0.018426528058227826,1.7262259256582833,15,9.839546092367762,2.060756175415951,2,"IA"
191932,1.5732131147540984,"N",58158,15895,"58158_20251231",0.734225065425996,13.930548542254718,122,9.03357203863084,-5.885549135638143,4,"IL"
401098,8.534,"NM",58164,4793,"58164_20251231",0,2.08247834866459,47,10.398618005003613,1.422678470340722,4,"KY"
1020933,15.952078125,"NM",58165,11510,"58165_20251231",0.5481898705916847,2.0624405457962283,64,11.131190192621625,1.4343550028121403,4,"IL"
29734290,16.865734543391945,"NM",58177,307622,"58177_20251231",0.6652631108767162,1.9833300728670924,1763,9.879069591798338,2.898452824010997,6,"UT"
401451,11.807382352941177,"NM",5817,3428,"5817_20251231",1.148621693466523,1.600143406591958,34,9.618120256619907,1.061577841572622,2,"IA"
4713603,14.916465189873417,"NM",58181,36674,"58181_20251231",0.6421821247701175,1.649699039065566,316,9.840894578960212,1.7925331728820333,4,"GA"
485985,12.461153846153847,"NM",58184,4249,"58184_20251231",2.4975771463765883,1.8239295101617166,39,10.71383822642662,1.7781922062810092,8,"VI"
56440,28.22,"N",58188,255,"58188_20251231",0,1.5121003231916408,2,96.64617594003397,4.745777032973997,7,"DE"
425580,6.167826086956522,"SM",58201,5705,"58201_20251231",0.18827935991682385,2.546517269783239,69,11.998412214606208,0.8690746194554461,4,"TN"
637134,10.113238095238096,"NM",58203,9872,"58203_20251231",3.1218503863526075,2.6639796819787986,63,14.177970037678783,1.3161477573883713,4,"NY"
777384,11.266434782608696,"NM",58208,8565,"58208_20251231",0.08611154757393423,1.9748643609003618,69,12.332027950549028,1.4707190348116086,4,"TN"
60842,2.645304347826087,"NM",5820,1204,"5820_20251231",0.16608286024882232,4.059295632259794,23,15.540251799743599,2.915953152186621,8,"IA"
5398413,16.765257763975157,"NM",58210,46246,"58210_20251231",0.5123529519821995,1.4408726813338688,322,10.647618903741577,0.9919728092101753,4,"MN"
179361,7.798304347826087,"NM",58214,2913,"58214_20251231",2.2695636385644256,2.8150173719007285,23,11.538978141406355,0.924528413563696,4,"IL"
8203,,"N",58216,0,"58216_20251231",0,-0.5011612272338345,0,87.38408979990238,0.46449089353379786,7,"IL"
489137,10.190354166666667,"SM",58218,8582,"58218_20251231",0.3751535784961969,2.883442552377308,48,9.529374659765487,0.4379723524347077,4,"CA"
378401,8.600022727272728,"NM",5821,4800,"5821_20251231",0.1459081807983414,1.9346027137678956,44,9.78904500211575,1.7949810071016925,2,"IA"
406202,6.34690625,"NM",58220,7791,"58220_20251231",0.41483077974861027,3.125176052087274,64,8.306685940397447,0.8659247664040306,4,"TN"
849895,5.554869281045751,"N",58224,26273,"58224_20251231",0.4585902004034462,6.363721790114128,153,8.939830024875759,7.763084400507844,7,"CA"
8208187,9.877481347773767,"NM",58228,110026,"58228_20251231",1.238752272806572,2.4772265751024447,831,11.01193301035379,1.2266677979340983,4,"LA"
235475,6.727857142857142,"NM",58230,3192,"58230_20251231",0,2.31406643145303,35,8.602457597784701,1.1420980868978505,4,"MO"
440122,13.7538125,"NM",58234,4349,"58234_20251231",0.16583940926256743,2.2834619656431454,32,13.474403178053443,0.5339322680744797,4,"CA"
1404732,14.481773195876288,"NM",58239,13365,"58239_20251231",0.07439127097232272,1.6909538409047804,97,12.281818503306507,1.7892786510563843,4,"NC"
2328971,16.755187050359712,"SM",58243,19910,"58243_20251231",0.05487607322209623,1.4141735017947876,139,12.485366781671093,1.0088974133731121,4,"VA"
3787364,10.046058355437665,"NM",58255,43127,"58255_20251231",0.4360998898273963,1.8846080816462238,377,8.966265810661668,1.1809455236976618,4,"AL"
838797,10.617683544303798,"NM",58257,14615,"58257_20251231",0.05956335479141372,3.385552663767292,79,10.219740224876874,1.6657713917799362,6,"CT"
986006,12.172913580246913,"N",58259,11866,"58259_20251231",0.8227967216058866,1.9173256649892163,81,9.347156014632658,0.7678956557461231,4,"MI"
272576,6.989128205128206,"NM",58263,4526,"58263_20251231",4.871813337174133,3.0038625393936838,39,13.366804250267386,0.5227383656818496,4,"NY"
1993505,19.737673267326734,"NM",58264,23686,"58264_20251231",3.4925071043867044,1.8751586873551052,101,12.178568196647916,1.8742138977751597,4,"IL"
1601852,5.91089298892989,"N",5826,25507,"5826_20251231",0.8955261328038194,2.849740900165864,271,9.674655963375308,1.1971230936383552,4,"KS"
760191,9.87261038961039,"NM",58276,9506,"58276_20251231",0.0753636295123973,2.180270152664555,77,9.165265739805275,0.7231558992054871,4,"CA"
591584,9.101292307692308,"NM",58278,7204,"58278_20251231",0.03337941143389969,2.100277949146119,65,9.086879655886248,0.8828725867536918,4,"CA"
1366841,9.763150000000001,"NM",58281,21721,"58281_20251231",0.7490089637014467,2.538723935314339,140,10.554100345384548,1.0159253033840085,4,"CA"
194018,10.778777777777778,"NM",58282,2090,"58282_20251231",0,2.0303186494948635,18,10.578392727857775,2.299670378639884,4,"MT"
397955,7.369537037037037,"NM",58289,7528,"58289_20251231",0.03139115694587173,3.2838195060244506,54,9.631197082875351,1.5720412528840457,4,"GA"
2534625,10.5609375,"NM",58291,41221,"58291_20251231",1.9839058707677504,2.4145415149359764,240,10.847386100320449,1.7019414713020025,4,"CA"
890355,9.784120879120879,"NM",58297,16287,"58297_20251231",3.4391001296896233,2.6425344041530137,91,11.803812615189942,0.6174145804095827,4,"CA"
542579,7.33214864864865,"NM",58300,5290,"58300_20251231",0.12862105738996654,2.1125202646490564,74,7.990079814587965,1.0390704142102807,4,"MO"
25314311,143.01870621468927,"SB",58303,25972,"58303_20251231",0.171211709150246,0.446367624355722,177,7.315475676489784,3.0785404221838726,5,"MN"
804049,14.889796296296296,"NM",58307,8884,"58307_20251231",0.9984036665609861,2.096858469306957,54,9.084738968050988,0.5748350697006122,4,"CT"
2791185,8.137565597667638,"NM",58309,38665,"58309_20251231",2.273488356244972,2.5079036182088834,343,18.77686638606115,1.783178742529192,4,"TX"
104744,4.7610909090909095,"NM",5830,1876,"5830_20251231",0,2.921171432806047,22,17.881084370572516,2.3193119775038755,2,"KS"
1550823,7.639522167487685,"NM",58310,29132,"58310_20251231",1.5749935441463014,2.7476449434854158,203,10.222875108675614,0.8321086813715199,4,"CA"
430146,9.351,"NM",58311,5412,"58311_20251231",0.25994546242258976,2.20940697508237,46,8.351616479625012,0.511553035423901,4,"DE"
3273847,21.258746753246754,"N",58314,25121,"58314_20251231",0.5206178195569523,1.6248536337831367,154,9.058711912438087,1.160880351657779,4,"IL"
2827227,8.78020807453416,"N",58316,40228,"58316_20251231",0.4256027073865347,2.327550873906734,322,10.84607910275033,0.8925246795472584,4,"LA"
292720,7.3180000000000005,"NM",58322,5353,"58322_20251231",0.4732502364111714,3.148332104976448,40,10.91306392472871,1.3229112349502006,4,"WA"
191420,7.362307692307693,"NM",58324,2865,"58324_20251231",0,2.7811447352890437,26,12.748759565605795,1.0889648535033003,4,"TX"
13976142,,"NC",58339,,"58339_20251231",8.362192612976292,0,,0,0,1,"CA"
827852,8.037398058252426,"NM",58341,13759,"58341_20251231",1.187356163793762,2.537735144710777,103,11.382013911077248,1.6168395658822128,4,"WA"
810984,12.10423880597015,"NM",58348,9380,"58348_20251231",3.8881178933163634,3.0811488998017253,67,9.793774462508088,0.5597472582930872,4,"IL"
395627,8.60058695652174,"NM",58357,4093,"58357_20251231",0.06480402467100589,2.0150669741814817,46,13.336895946255439,1.0712948272211114,4,"AL"
197172,8.962363636363635,"NM",58359,2338,"58359_20251231",2.475151303928205,2.5130309803004383,22,10.810108920924122,-1.3800077443472574,4,"NE"
519514,7.753940298507463,"NM",5835,8002,"5835_20251231",0.16773430885477403,2.1996217495220076,67,12.192515428384375,1.6408516890792226,2,"KS"
550586,11.969260869565218,"NM",58371,6731,"58371_20251231",0.900924849088996,2.7461432515752007,46,9.197281019424057,0.6474172496572852,4,"PA"
368568,8.1904,"NM",58377,5263,"58377_20251231",0.36594718268401577,2.433321506241682,45,8.672711702727312,0.70486854579379,4,"FL"
68215,3.789722222222222,"NM",5838,1141,"5838_20251231",1.0510143510597436,3.319897165709208,18,11.526336138952503,1.3489065921858634,8,"KY"
558176,6.644952380952382,"SM",58396,9373,"58396_20251231",0.14411275209649102,2.7491485101698547,84,9.382795397286737,1.9214856188724132,4,"WY"
509981,10.19962,"NM",58401,7712,"58401_20251231",2.6357124980633784,2.382731634411078,50,13.853880595009855,0.9665945395408188,4,"CA"
515278,8.884103448275862,"N",58405,8137,"58405_20251231",3.536945696829863,3.3130934828359875,58,11.463366128145436,0.8548824345830477,4,"AZ"
408899,7.863442307692308,"SM",58407,6373,"58407_20251231",1.783081169852196,3.307545714727972,52,7.2216763847676795,-0.4737860581505211,4,"WA"
8057896,8.816078774617068,"NM",58410,213448,"58410_20251231",4.819259843624261,5.230355526318162,914,13.486906678930795,0.2934055992040909,9,"NJ"
218199,8.081444444444445,"N",58413,4667,"58413_20251231",0,3.5911684009855547,27,11.525835033489406,1.6393576536202183,4,"GA"
142833,7.517526315789474,"NM",58423,1727,"58423_20251231",0.05115391425816987,2.8703728028028994,19,9.026225109819292,1.100586103579532,4,"MO"
1548069,9.325716867469879,"NM",58424,25685,"58424_20251231",1.1319764041705032,2.7355402444497243,166,10.257705912076807,0.4995908238958845,4,"NY"
78271,3.5577727272727273,"N",58426,2170,"58426_20251231",0,8.161378034809735,22,10.325864468764498,-2.4278477867800308,4,"AZ"
1706864,16.57149514563107,"N",58433,17602,"58433_20251231",0.6264985805949546,1.8805402840621104,103,9.880278873877527,1.097824860429238,4,"OH"
285034,12.392782608695653,"NM",58443,2888,"58443_20251231",2.331045135644575,1.78253992008291,23,25.938087600929098,1.9374369747311504,4,"NV"
683058,8.646303797468354,"SM",58446,11813,"58446_20251231",0.2456374558977782,2.7259042332871344,79,9.447154017077294,1.0071614034635195,4,"WA"
183763,7.067807692307692,"N",58450,2729,"58450_20251231",1.057628247834777,2.7747636025422415,26,11.963621331128566,0.5441551430144485,4,"TX"
23338425,50.082457081545066,"SM",58457,109762,"58457_20251231",0.48049681621048623,0.9975399769978648,466,7.45911093531944,0.7752137706442587,9,"PA"
5853571,10.006104273504274,"SM",58463,77660,"58463_20251231",0.2194791707386099,2.331818287287481,585,9.7145915356687,0.9969121695988195,4,"TN"
867250,16.677884615384617,"N",58469,6891,"58469_20251231",0.039671509461785506,1.4285332062561873,52,16.5021935610978,1.8061249159668626,4,"CA"
438383,6.353376811594202,"NM",58470,5065,"58470_20251231",1.267509066523928,2.2009566125563778,69,7.9377116572194355,0.9815208012977537,4,"PA"
1203168,11.458742857142859,"NM",58479,15914,"58479_20251231",0,1.9744005540774976,105,8.5688984496939,1.2927919978422944,4,"FL"
119977,4.999041666666667,"NM",5847,2389,"5847_20251231",0.1170051605433966,3.4890825210935486,24,10.429794340947048,1.775678755308101,4,"KY"
3958035,11.850404191616768,"NM",58481,45439,"58481_20251231",0.4299736580403708,2.012138511139508,334,9.754723042312305,1.1097492154866087,4,"NJ"
285127,31.680777777777777,"NM",58482,2988,"58482_20251231",0,1.522764783355284,9,9.570088178993943,3.614690829068236,7,"MT"
1540918,20.01192207792208,"SM",58483,16655,"58483_20251231",0,1.620891255835078,77,10.22538508122084,1.6189040297245167,4,"TX"
478154,7.47115625,"NM",58484,6484,"58484_20251231",0.17495639737210578,2.715214019084775,64,10.183610618640298,2.1194786530469556,4,"TX"
3929653,13.098843333333335,"N",58486,69058,"58486_20251231",0.03625168607143974,2.5346039738986565,300,10.42219916933341,0.38151097818900276,9,"FL"
1983778,7.485954716981132,"NM",58490,37706,"58490_20251231",2.1616265065953555,3.045475552622665,265,11.453824804720515,0.14528352615056955,4,"CA"
1609875,15.783088235294118,"N",58504,17645,"58504_20251231",1.013208868006241,1.9545122402682655,102,12.184526232082577,0.7124193416470446,4,"VA"
380097,6.4423220338983045,"NM",58508,5999,"58508_20251231",0.5234620745592661,2.726854341788019,59,12.256553439811569,1.1567574791794433,2,"CO"
1026318,10.6908125,"NM",58509,12301,"58509_20251231",0.08109256136647403,2.335831787189098,96,9.935751986003636,1.6505351198852496,4,"TX"
693538,7.53845652173913,"NM",58511,12783,"58511_20251231",0.9176039691404524,2.665571096832815,92,7.95443136893117,1.1835644411869186,4,"MN"
2282741,9.471954356846473,"NM",58513,26976,"58513_20251231",0.9129516586508818,2.3085255461402756,241,11.12594499524843,0.8710813608132137,4,"NJ"
197951,5.350027027027027,"NM",58517,3303,"58517_20251231",0.1523563589412524,3.140053465333592,37,10.755517398111207,1.3861987977925396,4,"TX"
1552203,23.16720895522388,"N",58534,10881,"58534_20251231",0.6726919861963653,1.7315049794286153,67,9.793437684768293,1.8607970930903217,4,"CO"
2175262,8.431248062015504,"SB",58536,34457,"58536_20251231",0.20776869192778005,2.788902859715416,258,16.683144854974355,0.6093567204154161,5,"MN"
429621,8.261942307692307,"NM",58537,5902,"58537_20251231",0,2.388819220872062,52,10.570201297060558,0.780591547009981,4,"FL"
2090375,7.183419243986254,"NM",5854,25336,"5854_20251231",0.4637428691756959,2.4582023113740714,291,10.03531088448117,1.2473781200630585,4,"KY"
459640,14.827096774193548,"NM",58556,7679,"58556_20251231",0.5650394145700326,2.335528278117576,31,14.729179388726097,1.3742529994069614,4,"IL"
512888,9.325236363636364,"SM",58563,5835,"58563_20251231",0.991517045851189,2.1529042197723043,55,8.961495131489801,0.9477980751915804,4,"VA"
8692562,15.330797178130512,"NM",58564,97514,"58564_20251231",0.6246513350261619,2.016890679538296,567,10.29435996422014,0.42246520203053595,4,"NY"
2425763,11.230384259259258,"NM",58581,33285,"58581_20251231",0.04329548757934929,2.2090912630291273,216,9.322074997972642,1.0639970266810228,4,"TX"
772771,6.838681415929204,"NM",58584,7807,"58584_20251231",0.019829081097053634,2.21768257090319,113,14.232995318302862,0.690210335515749,4,"GA"
117412,6.906588235294118,"NM",58586,1585,"58586_20251231",0,2.0442803021882927,17,11.993691179784044,2.79292353518385,2,"ND"
712572,14.84525,"NM",58588,7893,"58588_20251231",0,1.6946116819647243,48,8.753437712729747,0.8654469685887815,4,"CA"
874723,18.61112765957447,"SM",58590,18400,"58590_20251231",24.290843673464867,7.286203844398105,47,5.8698508253175765,-7.039097644454255,4,"CA"
1750321,19.025228260869568,"N",58595,17747,"58595_20251231",0,1.7825678318189597,92,9.609471259441795,1.4259651784254121,9,"VA"
4831021,7.021832848837209,"SM",58596,55673,"58596_20251231",6.288359568122778,2.4063427658248893,688,9.009582060130576,0.7193055127339141,4,"VA"
264317,9.789518518518518,"NM",58597,5101,"58597_20251231",0.1990066772727532,2.920794980628285,27,11.74593188740477,1.0063729240184587,4,"IL"
324600,7.917073170731708,"NM",58602,5368,"58602_20251231",0.2730019292136331,2.8739380511734245,41,8.74114715665697,0.7213237312587244,4,"MN"
463840,8.92,"SM",58615,7345,"58615_20251231",0,2.4778608656627403,52,10.072177046660643,0.8523943181630191,4,"PA"
857961,11.14235064935065,"NM",58619,7750,"58619_20251231",5.311853171084759,1.8356605278846405,77,10.234654059912387,-0.6025108560234284,4,"MO"
1355585,7.367309782608696,"NM",58626,23627,"58626_20251231",3.2821799364752198,3.30568906363894,184,13.423699891698323,2.003927996325809,4,"NV"
10792468,10.03950511627907,"SM",58629,164398,"58629_20251231",0.7197773440533787,2.59611407127029,1075,11.134975540342023,1.0697343608967955,4,"TX"
198868,4.850439024390244,"NM",58636,3074,"58636_20251231",0,3.1929775582734723,41,10.3035068250469,1.2111121041917936,4,"AL"
286613,14.33065,"NM",58644,3177,"58644_20251231",0.18171059315155294,1.789046658606139,20,9.933966777362233,1.952635873297124,4,"FL"
11881997,23.298033333333333,"NM",58647,76531,"58647_20251231",0.5389359980064732,1.7052013136311799,510,8.935376169956912,-1.0986874763513161,4,"CA"
837006,8.81058947368421,"NM",58657,10311,"58657_20251231",0.8578820158755597,2.136114033873558,95,9.886664628873937,1.472827291891488,4,"GA"
343849,9.293216216216216,"SM",58658,4099,"58658_20251231",0.7894499792818924,1.981988597199753,37,21.72234749584619,1.1446620730167678,4,"VA"
15057824,14.953151936444886,"NM",58665,182661,"58665_20251231",4.526049855906362,2.3010754091224124,1007,7.7684001192687,0.8216395553024584,4,"NC"
558136,12.133391304347825,"NM",58668,6571,"58668_20251231",0.9882007457720219,2.068968712930012,46,15.994552415928073,1.5503750247133252,4,"NY"
2381629,12.276438144329896,"NM",58675,27886,"58675_20251231",1.076348823908057,2.2731732690137214,194,9.045835608461442,0.3819378456916043,4,"NY"
227932,13.407764705882354,"NM",58678,2307,"58678_20251231",1.2908368668904027,1.810908623286916,17,12.136370495965345,1.1614983282507256,4,"AZ"
667847,9.02495945945946,"NM",5867,6072,"5867_20251231",0.7122036180669508,1.6178272725162683,74,10.635745070489241,1.2204584563756613,4,"MD"
114380,6.354444444444444,"NM",58680,2088,"58680_20251231",0,2.725483268561046,18,9.650865739426626,0.9424324329028138,4,"OK"
418375,18.190217391304348,"N",58687,3934,"58687_20251231",6.104550003849411,1.7025375950810915,23,12.599734200911719,0.5332238583854467,4,"GA"
1916599,11.274111764705882,"NM",58689,21723,"58689_20251231",0,2.0764582948903354,170,9.187271570649907,0.9266014101249201,4,"SC"
606806,15.559128205128205,"NM",58691,5478,"58691_20251231",0,1.5970535161879684,39,11.566963642374564,1.9948637073221414,4,"NC"
550507,10.586673076923079,"NM",58692,6899,"58692_20251231",0.0532617444534939,2.2675696928117475,52,9.693629324844661,1.3385793686467353,4,"FL"
956408,8.85562962962963,"NM",58694,14283,"58694_20251231",0.8364827692611346,2.7377312263206326,108,10.19882499941158,0.6278279161659842,4,"FL"
2287755,18.752090163934426,"SM",58696,19262,"58696_20251231",0.5640084418397523,1.624582068960619,122,12.232752006304045,1.0513307208389338,4,"VA"
812480,14.254035087719299,"NM",58712,8066,"58712_20251231",0.26819211046240593,1.974884110457565,57,9.573838128777721,0.663620917615388,4,"NJ"
5335065,12.949186893203885,"SM",58716,77189,"58716_20251231",0.4887648924819631,2.3203773385321402,412,11.843230010343214,1.4566359628823868,4,"TX"
1419329,8.55017469879518,"NM",58722,23909,"58722_20251231",0.8988501629718234,2.5457701511341386,166,13.91583929106644,1.7228912997495436,4,"NV"
491877,9.83754,"N",58723,6448,"58723_20251231",0,2.0714898447265613,50,11.38513288146694,1.338704118174588,4,"SD"
225867,10.26668181818182,"NM",58724,2695,"58724_20251231",0.18515135506105057,2.1204058667582153,22,9.668249808204841,0.7600465373538556,4,"NE"
953517,8.291452173913044,"NM",58727,15655,"58727_20251231",0.425865336491513,2.580237094638017,115,10.844622794601797,1.1166612283929065,4,"NE"
199493,8.312208333333333,"NM",58732,2271,"58732_20251231",0.8974690878607444,1.9655714850792483,24,12.998770373346005,2.126742245754396,2,"CO"
1348342,14.193073684210527,"NM",58739,16273,"58739_20251231",0,2.057933397136586,95,9.795947742622186,1.1059630921882735,4,"TX"
455586,7.009015384615385,"NM",5873,7020,"5873_20251231",0.09939149306083246,2.7413472346548873,65,8.540428873503272,0.9745533777567617,4,"MD"
944013,11.512353658536586,"SM",58741,13753,"58741_20251231",2.4548276758077527,2.6215943054120183,82,6.113843166121126,-1.7969117833929398,4,"CT"
164760,4.845882352941176,"NM",58745,3010,"58745_20251231",2.400008326134696,3.1102250213968943,34,13.576981447641465,1.8809217393701605,4,"NM"
986161,8.501387931034483,"NM",5874,10921,"5874_20251231",0.20684555985139777,2.030965808655031,116,13.082048091380802,1.566565309169244,4,"MD"
1475425,11.262786259541985,"NM",58752,23424,"58752_20251231",3.9911371286937163,2.340488200750983,131,15.270701658370944,1.67979067498529,4,"ID"
401518,10.03795,"N",58764,7835,"58764_20251231",3.576249144843483,3.10775250040107,40,17.078231740501533,1.4871909068488363,4,"TX"
243370,7.374848484848485,"NM",58768,3578,"58768_20251231",0.0005665979194524397,2.9417765721529654,33,10.021341250292979,1.8743582110519816,4,"TX"
196376,9.8188,"NM",58778,2833,"58778_20251231",0.14973875366382056,2.554529578359222,20,9.096079301967084,-0.08501441660136945,4,"WA"
433773,11.723594594594596,"NM",58780,4940,"58780_20251231",3.0097500080711987,1.8052639590625272,37,11.726516959521383,1.2544930987073786,4,"WI"
2046870,12.480914634146343,"NM",58783,34566,"58783_20251231",0.03379003917026128,2.788687784005751,164,9.27791929186548,1.171065301759012,4,"AL"
516324,8.0675625,"SM",58789,7867,"58789_20251231",0.20452783863582394,2.3812585013920757,64,9.42903882065374,0.3758662587928959,4,"MI"
1041185,9.380045045045044,"NM",58796,26867,"58796_20251231",0,3.530861684051271,111,12.13639266086199,1.122429145795736,4,"MO"
221096,8.503692307692308,"NM",58806,4394,"58806_20251231",0.26492319657787283,3.8624168055193717,26,16.67714470469895,1.4788047359237093,4,"NV"
2048419,12.414660606060606,"NM",58811,23830,"58811_20251231",0.2795952807425281,1.8164224868580978,165,9.674141088179004,1.2177824675796327,4,"FL"
4201116,11.385138211382113,"NM",58816,43056,"58816_20251231",1.3487341125188421,1.8492033603495748,369,13.197858644131252,0.909032294934711,4,"CA"
296211,9.873700000000001,"NM",58826,4282,"58826_20251231",0,2.9457865073946974,30,10.88291253149586,0.6084438226497231,4,"CO"
878036,13.508246153846155,"N",58827,7982,"58827_20251231",0,1.808688081744485,65,8.95042481425243,1.013487911503011,7,"VA"
747269,10.236561643835616,"NM",58852,10081,"58852_20251231",0.012315168459855048,2.410555003816197,73,10.712523573527477,1.5023402944449042,4,"TX"
251138,5.459521739130435,"N",58857,7604,"58857_20251231",0.1901245075294796,4.83543667390449,46,14.188744282652408,-1.348439253289809,4,"VA"
224934,5.767538461538462,"SM",58859,3597,"58859_20251231",1.1262932973459288,2.9184008341859102,39,10.393401684751067,0.9547964797068922,4,"VA"
552600,7.467567567567568,"NM",5885,7922,"5885_20251231",0.38988052544213786,2.68982040242826,74,11.115087829809166,1.2679912813214922,4,"MD"
1277669,10.060385826771654,"N",58864,16154,"58864_20251231",0,2.139972394049384,127,9.497345747136976,1.0277252355878195,4,"SC"
2414264,12.193252525252525,"SM",58892,29716,"58892_20251231",0.8692576854446761,2.13314917600575,198,12.034012879958565,0.9960157688772884,4,"MO"
212887157,10.119653800446832,"SM",588,3109924,"588_20251231",1.3832488024708414,2.397220958222717,21037,9.592681036953959,1.4017772070413985,4,"NY"
27103,1.2906190476190478,"NC",58927,7875,"58927_20251231",0,76.19251807899128,21,99.11402678209117,4.06197849063601,7,"NY"
119879,3.5258529411764705,"NM",5892,2226,"5892_20251231",0.2513100203186825,3.2815241295806667,34,11.811129057904912,0.5082079287026283,8,"MI"
1061920,8.923697478991597,"NM",58935,16002,"58935_20251231",2.014631458656436,3.0088503611449564,119,9.087818997293025,0.6695217662187527,4,"TX"
200933,8.736217391304347,"SM",58952,2899,"58952_20251231",0.3129816241849437,2.8277090131767086,23,8.23855587485328,-0.01368982308692328,4,"CT"
385744,8.970790697674419,"NM",58961,4401,"58961_20251231",0.8743567172264355,2.119789930823966,43,9.391007844087998,0.5175764689141166,4,"LA"
35027511,19.579380100614866,"N",58979,300874,"58979_20251231",2.1917624695725295,1.8139455768420873,1789,9.269066738159,0.8932944932981026,4,"FL"
6249,2.083,"NC",58999,611,"58999_20251231",0,34.54137267479153,3,79.88923502942194,10.824246311738293,7,"FL"
1446151,5.627046692607004,"NM",58,21728,"58_20251231",1.7696571729544943,3.04861665757863,257,15.376801381350939,1.3203578046622757,4,"AL"
19340,0.879090909090909,"NC",59025,5652,"59025_20251231",0,116.25089261674258,22,39.09669495310407,34.46378609976236,7,"DE"
346115,5.768583333333334,"SM",5902,5011,"5902_20251231",1.0868613230013389,2.555897665958107,60,10.167597108082193,0.9866097949498897,4,"MS"
8074068,7.581284507042254,"NM",5903,133949,"5903_20251231",0.444705839037498,2.8767912968286935,1065,10.9077779610773,1.1367196261019725,4,"MS"
357541,89.38525,"N",59043,985,"59043_20251231",0,1.4426972509700329,4,11.923718851138556,2.478756297951418,7,"DE"
30210,1.0070000000000001,"NC",59046,9897,"59046_20251231",0,200.84169998103013,30,76.65462372203858,4.51763846245723,7,"NY"
9126,1.14075,"NC",59047,2299,"59047_20251231",0,187.9245110999681,8,93.45037977835887,3.8177508319277935,7,"DE"
9836878,7.763913180741911,"SM",59052,138707,"59052_20251231",0.5408410857375744,2.5065770731887085,1267,10.155902816719694,1.1782144713242704,4,"CO"
9305,9.305,"NC",59069,253,"59069_20251231",0,9.602041273109807,1,100.59952038369305,9.680379605174807,7,"DE"
1790743,9.525228723404256,"NM",59074,17327,"59074_20251231",0.18539152080670465,1.8148714445224172,188,9.680451973841148,0.8080184385128508,2,"PA"
529339,4.448226890756303,"NM",5907,8709,"5907_20251231",0.8239783371257777,2.8859810880366084,119,14.080641439562068,1.9040916970475157,4,"MS"
722848,11.120738461538462,"NM",59086,7546,"59086_20251231",1.4470063127276376,1.7171030877491489,65,15.319185264182059,1.620578717225937,4,"NH"
1619237,6.451143426294821,"NM",59093,14308,"59093_20251231",0.09850172158795296,2.272116320555604,251,14.681970262577423,1.437511515764013,4,"OK"
355990,10.171142857142858,"NM",59098,8218,"59098_20251231",1.6454153792593236,3.210475233230059,35,12.202761835038755,1.6012079722484147,4,"CA"
769893,9.6236625,"NM",59099,13703,"59099_20251231",0.17423064967360893,2.844997069577844,80,10.245235987302015,1.0106129393446353,4,"CA"
964035,12.684671052631579,"NM",59106,8764,"59106_20251231",0.005780667324954905,1.9138499313499278,76,8.374189793380777,0.3839922427455683,4,"SC"
10434593,40.60152918287938,"SM",59108,40022,"59108_20251231",0,0.9512586563904015,257,11.203509771250058,1.9682628776459548,5,"TX"
1243302,11.406440366972479,"NM",59112,17831,"59112_20251231",0.4635245463744524,2.398202210622947,109,9.835013741638306,0.813550987775952,4,"TN"
1583044,10.414763157894738,"N",59113,25996,"59113_20251231",0.5472306499475769,3.7344186035901132,152,8.0181697029232,2.7131484841206555,4,"NY"
839740,16.7948,"NM",59114,8505,"59114_20251231",0,1.6722177960494637,50,10.919421334948947,1.5830411850858686,4,"AL"
432709,9.834295454545455,"NM",59117,6065,"59117_20251231",0.7905640712778668,2.8719835959975466,44,9.182415099150827,1.1191779521173533,4,"NV"
292635,15.401842105263157,"NM",59138,3342,"59138_20251231",0.20956007142751729,2.1681366175106653,19,7.960534286406591,-0.6369325809881661,4,"MI"
321062,11.071103448275862,"NM",59140,4728,"59140_20251231",0.01773916504778758,2.259265986080525,29,10.421532512224974,1.2691619810152286,4,"FL"
338993,7.704386363636363,"NM",59143,5439,"59143_20251231",3.082292361971965,2.8184850073311,44,8.292630010362576,-0.015486181358962089,4,"MA"
482811,20.991782608695654,"NM",59144,2476,"59144_20251231",0.44393444143079025,1.2142053006992948,23,10.991292288633467,0.5860718763184471,4,"OH"
406986,11.628171428571429,"NM",59148,6417,"59148_20251231",0,2.5532716244739535,35,12.991168258457261,1.2002625983108965,4,"OK"
519657,10.826187500000001,"NM",59154,10209,"59154_20251231",0.546642249979501,3.407070964588784,48,13.271181127840077,-0.9044402750250341,4,"NY"
212117,6.842483870967742,"NM",59157,4047,"59157_20251231",0,3.043792432445398,31,12.44214628438787,1.3122638199969816,4,"NC"
290432,10.75674074074074,"NM",59176,3510,"59176_20251231",0,2.147360313589284,27,10.09593008655472,0.3810777508432398,4,"NH"
1694247,9.158091891891893,"NM",59177,41541,"59177_20251231",1.1624015939402437,13.86916610281666,185,66.09792621197656,31.512402560136373,9,"UT"
303658,10.121933333333335,"NM",59178,5034,"59178_20251231",0.2439301607840737,2.8025612137371434,30,12.545274720081553,0.9858121999289396,4,"GA"
233104,6.134315789473685,"SM",59181,3891,"59181_20251231",0.3206335258180601,3.0807384062690906,38,9.35238349579383,0.8212605337788907,4,"FL"
243045,9.347884615384617,"NM",59182,3716,"59182_20251231",0.6024920413847991,2.731596762809011,26,10.472508919876333,0.42551365250509754,4,"GA"
1191505,18.91277777777778,"NM",59183,12849,"59183_20251231",0.4889234020003533,2.0644304098090513,63,9.35149190700029,0.5139254813807043,4,"VA"
588671,10.149500000000002,"NM",59185,9367,"59185_20251231",0.7101019473016126,2.524653839187243,58,12.871331683327442,0.6577387633672028,4,"TX"
530923,10.017415094339622,"NM",59188,7992,"59188_20251231",0.5372867518369364,2.3535205417140963,53,10.951166690605477,0.264645287984952,4,"NC"
376185,1.1399545454545454,"N",59190,81432,"59190_20251231",0.763733623085442,62.74809142721567,330,32.318506524430894,-26.42143106823065,7,"UT"
357429,9.406026315789475,"NM",59193,7262,"59193_20251231",0,2.9532711719380673,38,14.152369769205988,0.5512809514696793,4,"DC"
32302,3.589111111111111,"NC",59194,2671,"59194_20251231",0,17.162265836675637,9,54.43553918206581,66.18482514833987,7,"DE"
191710,4.357045454545455,"NM",59195,7065,"59195_20251231",0.7666378763442915,5.211468347464185,44,13.361008025298435,2.272258242041722,4,"IL"
259517,11.283347826086956,"NM",59199,2676,"59199_20251231",0.1658471166741171,2.176451628689505,23,9.910889470241989,0.4927496612346079,4,"OH"
107224,8.248000000000001,"NM",59203,1834,"59203_20251231",0,3.477244663961898,13,13.219874334654019,-0.3935879343799612,4,"AZ"
104464,3.869037037037037,"NM",59204,4554,"59204_20251231",0.8646138102048047,7.862919561927746,27,10.3761509953005,-3.884923911115394,4,"CA"
2069700,37.630909090909086,"NM",59205,11103,"59205_20251231",1.1218778199871804,1.466496608375074,55,14.453795032301956,0.7766000265957388,9,"UT"
344509,10.76590625,"N",59206,4380,"59206_20251231",0.11351339882455283,2.329092482462762,32,12.619163316693907,1.190015895519182,4,"TN"
271566,11.31525,"NM",59209,4542,"59209_20251231",0.7300485418240967,3.206799672286921,24,15.04898895923265,1.9789979312176635,4,"GA"
294182,14.709100000000001,"NM",59219,2949,"59219_20251231",0,2.094506173752541,20,11.32055712640067,2.0886675577692126,4,"GA"
130365,5.214600000000001,"N",59239,4606,"59239_20251231",0.5256968942380854,5.220112470206302,25,22.065667109508446,-0.6728643973733427,4,"TX"
415306,7.4161785714285715,"NM",59245,9450,"59245_20251231",0.0795474633197808,4.982112622442846,56,10.7714835986326,0.28936730183937703,4,"CA"
253319,7.450558823529413,"NM",59249,6736,"59249_20251231",0.25050691717358387,4.2238970631776205,34,10.630762782900252,-0.3470947441110047,4,"OH"
22941,2.549,"NC",59255,4429,"59255_20251231",0,69.35937758649231,9,69.30316822058239,18.722937122644385,7,"FL"
1624820,11.362377622377622,"NM",59257,16416,"59257_20251231",0,2.0842389521592763,143,9.64622356992455,0.9420344508444688,4,"FL"
98384,9.8384,"SM",59262,1546,"59262_20251231",0,3.1340556226923186,10,24.64241781036687,0.07213136689985658,4,"VA"
408892,9.735523809523809,"NM",59265,5788,"59265_20251231",0,2.585331701638112,42,13.892030470572491,0.18104483495127832,4,"FL"
103692,6.912800000000001,"NM",59273,3088,"59273_20251231",0.29544287914218903,6.469446732468692,15,8.369166229680127,-2.0606179061553282,4,"AZ"
942308,6.635971830985915,"NC",59276,17461,"59276_20251231",0,16.011561164921893,142,5.964010785041616,12.952092097968235,7,"SD"
347276,8.470146341463415,"NM",59278,6941,"59278_20251231",1.0747303121470115,3.394815939127352,41,14.225616324711185,0.1703805039767933,4,"FL"
181141,6.966961538461538,"NM",59281,4323,"59281_20251231",2.664215588325407,4.371517727058655,26,15.04166458759543,0.647224234278648,4,"FL"
177569,5.380878787878788,"NM",59283,5435,"59283_20251231",3.167894025883481,6.256088737473579,33,11.997699270426542,1.8999709449720557,4,"AZ"
174893,12.492357142857143,"NM",59285,1757,"59285_20251231",0.05257807844649304,2.461266755468502,14,13.121637906401798,0.7297666103290461,2,"GA"
996465,6.778673469387756,"NM",59286,16299,"59286_20251231",0.25324241678675613,7.384681734685729,147,29.22451417199395,-3.3194792748183053,8,"UT"
485426,15.658903225806451,"NM",59287,5784,"59287_20251231",0,2.029932460978419,31,9.754482943084176,1.6646024920567861,4,"MN"
171740,8.178095238095239,"SI",59289,2892,"59289_20251231",9.678760625846989,3.6868148516887245,21,8.710547804167998,-0.769016416505243,4,"NH"
176737,7.0694799999999995,"NM",59290,4121,"59290_20251231",0,4.325523342833125,25,8.716133132948801,-0.3882783507268366,4,"CA"
106369,4.432041666666667,"NM",59292,3378,"59292_20251231",0,5.752426624858783,24,19.61679976585692,-1.2127360339381643,4,"OH"
285956,11.914833333333334,"NM",59296,3326,"59296_20251231",0,2.197835399562638,24,25.958902807611157,0.869253495387118,4,"CA"
288083,12.525347826086957,"NM",59298,5103,"59298_20251231",0,2.744370841997699,23,11.360459054064375,-0.3204922074302742,4,"VT"
473516,9.106076923076923,"NM",59304,8801,"59304_20251231",0,3.7345766981721895,52,10.024543712167521,0.8906899341693943,4,"TX"
95006,6.333733333333333,"NM",59305,3276,"59305_20251231",0,6.219245130424279,15,24.168990421075968,-3.106340295246748,4,"MI"
293816,10.131586206896554,"NM",59306,4959,"59306_20251231",0,2.7630443635779622,29,14.307981706301831,0.6657691415798026,4,"FL"
39035,,"NM",59312,0,"59312_20251231",0,0.3637147398766064,0,39.32416586717834,2.047579276342377,7,"NY"
147005,5.250178571428571,"NM",59314,5603,"59314_20251231",0.11564109057145269,6.455437670048261,28,8.100502512562814,-3.118434729976886,4,"CA"
106587,9.689727272727273,"NM",59318,2066,"59318_20251231",0,3.1531131792920606,11,19.474721182871498,-0.09336394931354387,4,"AZ"
17758,1.0445882352941176,"NC",59321,4207,"59321_20251231",0,44.783198579291636,17,92.14593817397557,0.47981998477812465,7,"TX"
426981,9.929790697674418,"SM",59324,7571,"59324_20251231",0,4.925894778450697,43,21.17584589515915,-2.501097444316045,4,"PR"
89233,3.8796956521739134,"NM",59326,2402,"59326_20251231",0,4.9703044279254325,23,27.65053021909693,-0.5385140619162341,4,"AL"
42672,3.282461538461539,"NM",59330,1388,"59330_20251231",0,6.451716617457144,13,45.08188893663754,-3.0731391030827844,7,"OH"
22146,0.49213333333333337,"NC",59337,6642,"59337_20251231",0,84.93232993833848,45,89.3628534066826,20.83292291326018,7,"MN"
53609,2.8215263157894737,"NM",59339,3877,"59339_20251231",0,14.511749592190911,19,44.76815200180955,-11.475982259653218,4,"CA"
300755,13.670681818181817,"SM",59342,3753,"59342_20251231",0,4.217985734433418,22,18.0055950630712,-1.329251941026391,4,"TX"
308714,,"NC",59344,99817,"59344_20251231",0,86.81405958650681,0,62.65165419063919,56.244848870989415,7,"NC"
34232,2.633230769230769,"NM",59345,2620,"59345_20251231",0,11.377900734990503,13,91.260086902545,-7.28383846725576,7,"NJ"
8569,2.14225,"NC",59346,2157,"59346_20251231",0,59.6937786678726,4,66.55844155844156,-22.33133061997976,7,"NV"
15117,0.5814230769230769,"NC",59349,5741,"59349_20251231",0,73.14248429981241,26,93.87359977873047,27.722045510154146,7,"NV"
95334,3.4047857142857145,"NM",59352,2317,"59352_20251231",0,5.356192304403827,28,26.148852991074722,-1.3156043919673666,4,"MO"
183349,7.333960000000001,"NM",59354,3626,"59354_20251231",0,5.1457744929436435,25,20.940233059573128,-2.8036837638691194,7,"FL"
9908,0.6605333333333333,"NC",59357,2296,"59357_20251231",0,40.24340478648072,15,90.82644628099173,-3.9727309825007806,7,"OH"
30900,1.9312500000000001,"NM",59358,1179,"59358_20251231",0,7.882050740701644,16,30.133715377268388,-3.483584925577958,4,"FL"
26887,2.444272727272727,"NM",59362,89,"59362_20251231",0,11.488823595045933,11,91.0504933255949,-9.458102428683008,7,"AL"
16979,1.8865555555555555,"NC",59363,2694,"59363_20251231",0,21.259025701923207,9,112.30791325578056,41.330548844573656,7,"OK"
29119,1.3866190476190476,"NC",59366,6034,"59366_20251231",0,44.96430094509636,21,84.89742470536883,-32.590004264626984,7,"TX"
1701359,6.232084249084249,"NM",5956,27873,"5956_20251231",0.3464053805648,3.688902769107557,273,11.131985128436233,1.2445592931596965,4,"NC"
1585129,7.205131818181819,"NM",5962,29758,"5962_20251231",0,4.394834355163309,220,10.331555842182066,5.248051484534272,9,"OH"
3426287,7.228453586497891,"NM",5969,40646,"5969_20251231",0.4141871613755017,2.191820174139667,474,9.465482924155703,1.034413315169105,4,"OH"
2709552,7.945900293255132,"SM",597,38073,"597_20251231",0.3461340876705744,2.5052383801970244,341,11.101306224272134,0.6040543887592226,4,"NY"
690622,5.437968503937008,"NM",5981,11242,"5981_20251231",0.2719956068848352,2.9965975132226794,127,10.104196787061932,1.0921185324673586,4,"OH"
645334,10.243396825396827,"NM",5994,7518,"5994_20251231",0.627456813593265,2.297370456448856,63,10.04695376016717,0.9819770571882491,4,"OK"
25659,3.207375,"SM",5999,445,"5999_20251231",7.031122698386834,2.8004676662506123,8,22.484903934126258,0.6240816519994312,2,"OK"
208161,5.337461538461539,"SM",6051,3873,"6051_20251231",0.025217362702424157,3.2269064516816535,39,10.722604060986239,1.0234844389677775,5,"PA"
1505634,5.0187800000000005,"N",6063,29621,"6063_20251231",0.9837794624287864,3.6110707478452664,300,10.345968338671433,0.5288031377959315,4,"SD"
54189,6.773625,"NM",6064,1171,"6064_20251231",0.3913834951456311,4.816504147756935,8,11.201606395556139,1.6061364701578702,2,"SD"
356547,9.14223076923077,"NM",6078,5030,"6078_20251231",0.5753561771578557,2.9582265581720546,39,8.081744994151242,-1.4796393730853465,5,"SD"
38800,7.760000000000001,"NM",6084,576,"6084_20251231",2.7333009865760958,2.7640735944043255,5,11.040669556719372,0.8239307797358382,2,"SD"
4154885,10.99175925925926,"SM",6085,57269,"6085_20251231",0.12402948448929656,2.9006384966926686,378,13.712915745097911,1.666063277833885,9,"SD"
240454,5.464863636363637,"NM",6088,3143,"6088_20251231",0.8034740286984979,2.537676687322764,44,10.819034632526545,0.4758671591701755,7,"TN"
772155,7.0839908256880735,"NM",6091,8859,"6091_20251231",0.08349244091504383,2.0032689268831936,109,10.1969874027308,1.136528562418192,4,"TN"
8678169,10.294387900355872,"NM",609,111012,"609_20251231",0.7387107386568069,2.1741378524349835,843,8.92268235598575,0.3877354665182267,4,"NY"
163462,4.807705882352941,"NM",6100,5321,"6100_20251231",0,5.362518388993305,34,6.385908510985089,-4.1018580081775395,4,"TN"
317177,5.873648148148148,"SM",6101,5613,"6101_20251231",0.24426495834821582,3.375976898773049,54,9.197125263194666,0.7910505567559477,4,"TN"
110665,3.816034482758621,"NM",6110,1865,"6110_20251231",0.26954938681042634,3.4488377145339997,29,10.549882937338092,0.5195886740531538,4,"TN"
1887698,7.43188188976378,"SM",6123,33099,"6123_20251231",0.9783044842451566,2.8582563353227517,254,11.67524327795303,0.5041078765920645,4,"VA"
925507,6.339089041095891,"NM",6137,9850,"6137_20251231",0.09257323344891838,2.624572200706214,146,10.422084395090081,1.2177582110746326,4,"VA"
50097,8.3495,"NM",6156,498,"6156_20251231",0,1.8019016993319104,6,11.148468247532781,1.0138172198438882,7,"WA"
2464280,6.484947368421053,"NM",6158,49433,"6158_20251231",0.07520574033370903,3.1126022182372886,380,12.7818798400074,0.9992721804339405,4,"WA"
1653440,6.561269841269842,"NM",6161,31444,"6161_20251231",0.00011143377379389655,3.047424604389064,252,10.328756530240323,0.92155156579787,4,"WA"
814284,5.65475,"NM",6176,12485,"6176_20251231",0.6514089925216195,2.919917595563458,144,8.431487808761037,1.0062558869306362,4,"WV"
252222,6.30555,"SM",6180,2808,"6180_20251231",0.3239135535337209,2.6114075604914286,40,12.668871043930091,1.1795950831054276,8,"WV"
309367,7.545536585365854,"NM",6186,3833,"6186_20251231",0.021270521855461206,2.0907643436385346,41,11.331748263447624,0.9912349851314752,2,"WI"
308458,6.854622222222223,"SM",618,3687,"618_20251231",1.1718291681332864,2.594308323539834,45,11.46268115002722,1.8353406017290372,8,"NY"
477749,7.238621212121212,"NM",6194,6538,"6194_20251231",0.26298179375807157,2.2797417725916733,66,9.796895188751902,1.0605400003955796,4,"WI"
353458,6.797269230769231,"NM",6195,4254,"6195_20251231",0.035430839002267574,2.0790638442284695,52,8.952166400435805,1.4380334421332943,4,"WI"
48221,6.888714285714286,"NM",6198,708,"6198_20251231",2.160345655304849,2.538208866085729,7,11.728408763012451,1.0949136285075693,7,"WI"
8867199,20.016250564334086,"NM",622,97132,"622_20251231",0.5775100315780751,1.9942966465151237,443,9.627381925847283,1.2560475050245061,4,"NY"
43031000,116.3,"SM",623,132000,"623_20251231",1.0947199786396102,2.1225692570278194,370,25.184880854560394,1.8575520187505772,9,"NY"
1286848,9.975565891472868,"N",6271,13952,"6271_20251231",0.77509030128026,2.1856187821574475,129,9.923094591403878,1.48690117103894,4,"VT"
556957,7.140474358974359,"N",6275,8603,"6275_20251231",0.19765656106023546,3.002439346087118,78,9.348097780962952,0.9446487298152445,5,"VT"
87627,5.8418,"N",6280,1482,"6280_20251231",1.29298038096015,2.7988922279182136,15,11.027846561536123,1.3382557575592753,5,"VT"
3752662000,16.555326151212753,"N",628,43739000,"628_20251231",0.857501552598014,2.3332064077138415,226674,7.826646550078596,1.3448553188805723,1,"OH"
666840,4.976417910447761,"N",6354,13464,"6354_20251231",0,3.6340287731883074,134,9.541439809952342,0.7214156922682449,4,"NJ"
568338163,10.41961981849849,"N",6384,7404176,"6384_20251231",0.8867613743811911,2.3725505058089325,54545,9.273641778634417,1.295406060461283,4,"DE"
380997000,9.555262959897675,"SM",639,5108000,"639_20251231",0.3218356918238994,2.638996871070816,39873,6.462654310510653,1.3133776820461704,9,"NY"
2811720,11.86379746835443,"SM",6423,24817,"6423_20251231",0.5156080200869061,1.6945794247275978,237,11.569077279203507,2.5838053003582715,4,"NJ"
197088,5.631085714285714,"N",6442,3399,"6442_20251231",0.07056099958773349,3.2127055574026238,35,10.249840168741537,0.8173703997340221,8,"NJ"
409411,5.386986842105263,"N",6464,7774,"6464_20251231",0.2083912622338199,3.2733215997008624,76,9.603972856022692,0.863939786563148,4,"NJ"
309256,5.425543859649124,"N",6528,5093,"6528_20251231",1.777113627219955,2.899869385650889,57,9.041826579067196,-1.8534156902650953,4,"OH"
78712,4.9195,"N",6530,1156,"6530_20251231",0.042216995356130514,2.818646744843908,16,10.204571284253063,1.1274586979375631,5,"OH"
1076098,6.68383850931677,"N",6531,14247,"6531_20251231",0.6158477226752094,2.3147008681255543,161,11.434019677077055,2.4293086221480054,4,"OH"
5230209,8.315117647058823,"N",6540,56240,"6540_20251231",0.792897285699206,2.0452731302177267,629,9.422310737880027,1.067576469176233,4,"OH"
9637101,6.627992434662999,"SM",6544,150265,"6544_20251231",0.6289448670959343,2.8952384378423757,1454,9.326330614337659,1.2744864128810343,4,"OH"
676125227,10.248358853487739,"N",6548,9892189,"6548_20251231",1.4902905709048822,2.4219901130717387,65974,9.377924780546913,1.1776047780853787,9,"OH"
224047234,11.420493118564583,"N",6560,2702897,"6560_20251231",0.8071347645392613,2.163012024060873,19618,9.628233992626562,1.1998613549659756,4,"OH"
272994,3.8999142857142863,"N",6574,5009,"6574_20251231",0.2173757875816781,4.054726844493805,70,10.025423609448286,0.6864054888871541,8,"OH"
55476,4.267384615384615,"N",6584,709,"6584_20251231",0,2.987244799166318,13,9.253689339172954,0.2728479339250319,2,"OH"
93682,6.245466666666667,"N",6592,1197,"6592_20251231",0.29509537269123426,2.671029239487492,15,8.493799991535825,0.5002089617524204,5,"OH"
6235224,10.409388981636061,"SM",659,65670,"659_20251231",0.7670720459895679,2.0883009914369164,599,10.435972164396597,1.278259093374867,4,"NY"
20985843,9.69770933456562,"SM",6600,297535,"6600_20251231",0.7601356503992033,2.6986984943162096,2164,9.768314332150704,1.530391704453224,4,"OH"
1320880,7.338222222222223,"N",6605,17130,"6605_20251231",0.48153284528958284,2.331853363785431,180,8.425366542480608,1.0754575032720748,4,"OH"
1785369,6.711913533834587,"SM",660,35176,"660_20251231",0.40167428513834785,3.2804016189988467,266,10.080748879792813,0.900788273850968,4,"NY"
578822,7.145950617283951,"N",6616,7624,"6616_20251231",0.28795381306581497,2.398015551436671,81,9.072570573146804,0.7476382622545377,2,"OH"
2236740,6.7780000000000005,"N",6623,34847,"6623_20251231",0.13612542751525994,2.6953196219145465,330,8.935183257682535,1.081053771518822,4,"OH"
1540805,6.289000000000001,"N",6636,19722,"6636_20251231",0.23303283960625043,2.5063626742736616,245,10.265747588307182,1.0682221681302178,9,"OH"
202829,3.9770392156862746,"N",6637,2971,"6637_20251231",0.7051125189193108,2.765966645518903,51,8.174624362183861,1.0220302054416448,8,"OH"
109107,4.041,"N",6638,1985,"6638_20251231",2.090848275771607,3.180003092680353,27,11.451348734515115,1.0524209319883207,5,"OH"
265411,4.825654545454546,"N",6646,5687,"6646_20251231",0.6094128853481122,3.7861382205409764,55,9.10572089922318,0.6544308600837198,8,"OH"
9742967,5.778746737841044,"N",6653,188751,"6653_20251231",0.8607242191062194,3.1746092616394472,1686,10.448505305021905,1.9039843117803965,4,"OH"
279867,5.088490909090909,"NM",6659,4292,"6659_20251231",0.17412709847006683,2.9488802549439037,55,8.055893246884354,0.9105659114390071,5,"OH"
343601,4.4623506493506495,"NM",6662,7145,"6662_20251231",0.15537304222620552,3.4163999325634733,77,9.919939022992457,1.2626155426639127,4,"OH"
288700,4.893220338983051,"N",6671,4884,"6671_20251231",0.10846155842133942,3.1270957891582594,59,7.675642320967229,0.5943122957720353,8,"OH"
213730000,11.45145735105015,"N",6672,2819000,"6672_20251231",0.8607274849251119,2.413707821470578,18664,10.413606678946486,1.3442002103144712,4,"OH"
89914,3.909304347826087,"N",6680,1606,"6680_20251231",2.26166364637743,3.9787944826794375,23,11.125577254771045,0.6005727521025567,8,"OH"
286742,5.213490909090909,"NM",6700,4030,"6700_20251231",1.1333226872619755,2.592160271055151,55,9.566691240810533,0.5821867498782438,4,"OH"
233026,7.516967741935484,"N",6706,2424,"6706_20251231",0.03453754230848933,2.0946180667241356,31,9.431810669663514,1.039160437279398,4,"OH"
196173,6.13040625,"N",6725,2569,"6725_20251231",3.330242867951874,2.440836301875451,32,8.946705174535772,0.2542439361876075,8,"OH"
109074,7.2716,"N",6728,1185,"6728_20251231",2.3488004597040657,1.9636372884003712,15,11.055208295696788,2.241561899987103,8,"OH"
155166,5.746888888888889,"N",6732,1390,"6732_20251231",0.3701301782635517,2.1115051177975825,27,8.70544831675341,0.8189579105267802,8,"OH"
704628,7.190081632653062,"NM",6760,8293,"6760_20251231",0.4155394592622923,2.2635659276709554,98,10.325202663054108,1.5861888624151161,6,"WV"
154554,7.359714285714285,"N",6762,1785,"6762_20251231",1.0046715821466763,2.3453648695596185,21,9.231801056002315,0.5506275544490841,8,"WV"
199013,5.102897435897436,"N",6786,2819,"6786_20251231",0.25685070249072256,2.7663199787314605,39,13.136694835402823,1.5196129770315885,4,"WV"
84072,6.467076923076923,"N",6787,1168,"6787_20251231",2.027414395163392,2.744057869549181,13,13.619871615964277,0.9785103618726316,8,"WV"
273991,4.419209677419355,"NM",6794,4096,"6794_20251231",0.4332279579012298,3.019869530271594,62,10.243815275103566,0.8501093478382774,8,"WV"
156407,4.344638888888889,"NM",6800,2132,"6800_20251231",0.09786676894184862,2.958004348323607,36,10.818615444114993,-0.08645789627595327,8,"WV"
362670,6.0445,"NM",6803,4992,"6803_20251231",1.3320722310824769,2.920913630745526,60,12.09848514071274,0.6185464159225819,4,"WV"
118521,3.70378125,"N",6805,1633,"6805_20251231",3.358865473402918,3.8511849264552396,32,19.937269648992903,-0.1261115208527574,4,"WV"
1062836,5.683614973262032,"N",6811,18322,"6811_20251231",0.2028773417117167,3.2337576648121846,187,8.893761436982704,1.0817917936294206,4,"VA"
365660,5.377352941176471,"SM",6813,4438,"6813_20251231",0.7640531198835728,2.5183194688756485,68,12.632131364885579,0.9103497153699135,8,"VA"
1821703,7.316076305220883,"N",6821,20407,"6821_20251231",0.10697381193023187,2.0127805996327504,249,10.416636148542157,0.9299856204738502,4,"VA"
1293036,5.234963562753037,"N",6861,18955,"6861_20251231",0.45454631363884646,2.886799660748878,247,8.338131031050088,1.2860489747353654,4,"VA"
1664048,6.140398523985239,"SM",6862,30737,"6862_20251231",0.3377652316725626,4.386743259136863,271,10.97314526135908,0.7958498493303626,4,"VA"
517608,5.228363636363637,"N",6863,8154,"6863_20251231",0.04395129693998513,3.0041403751018017,99,9.645229966968255,0.5173944139293555,4,"VA"
1670173,6.6014743083003955,"NM",686,21236,"686_20251231",0.9778280896244829,2.485916829011,253,9.928732261547307,1.5021926020197873,4,"PA"
354220,6.214385964912281,"SM",6913,5392,"6913_20251231",0.07786471522530809,2.922628397710603,57,11.40122491790535,1.173783425993359,4,"VA"
2038666,6.6190454545454545,"SM",6917,33663,"6917_20251231",0.3210219728297045,3.190527362807865,308,9.129045527800754,0.9832458297714548,4,"VA"
287613,7.568763157894737,"N",6954,3372,"6954_20251231",2.2010735000313053,2.456512131192956,38,9.351054840234314,0.6550937016042835,8,"NY"
928503,6.929126865671642,"N",6959,14055,"6959_20251231",0.17367617050891476,2.6425776631477715,134,8.453043307460236,0.5509536530842416,4,"NY"
15332384,16.99820842572062,"SM",6976,153693,"6976_20251231",0.4861621027942146,1.7378579113674046,902,10.174818775233193,0.8683736281305402,4,"NY"
5315449,8.518347756410257,"N",6985,77389,"6985_20251231",0.9260976377696012,2.5695342237470333,624,8.736609113715858,1.154078208694878,4,"NY"
17000592,8.053335859782093,"N",6989,215176,"6989_20251231",0.5155737386789889,2.292355585358719,2111,7.853111258537612,1.1062501741240784,4,"NY"
2426477,8.7283345323741,"NM",698,26927,"698_20251231",0.3433721430343502,2.091572987402923,278,8.564911504787178,1.2318469251549755,4,"PA"
173817,5.267181818181818,"N",6990,2884,"6990_20251231",0.5932924753149472,2.695031589863952,33,25.964026689875254,1.1581812971630527,4,"NY"
511817,6.646974025974026,"N",7018,6976,"7018_20251231",0.3592144231687844,2.5699150276735376,77,8.893365073551852,0.2936074072198704,4,"NY"
370521,8.2338,"N",7025,3792,"7025_20251231",0.75298038810979,1.9117919541941075,45,10.02860490399941,0.6720725217124944,2,"NY"
203426,4.961609756097562,"N",7031,3014,"7031_20251231",1.4068228917583292,2.1699031296643168,41,13.23984336759667,1.429320233371607,8,"NY"
4421213,7.649157439446366,"N",7074,55949,"7074_20251231",0.2448529477775432,2.318501497852567,578,9.264024842137738,0.9990125741738208,6,"NY"
202559,5.957617647058823,"N",7085,3406,"7085_20251231",1.7902095284440243,3.070165876166673,34,14.728274370552219,1.3012032909641191,8,"NY"
97056,4.621714285714286,"NM",70,1958,"70_20251231",1.537626966460278,3.234063520431598,21,13.254016210697394,0.7432708930107482,4,"AL"
661805,6.016409090909091,"NM",7123,10120,"7123_20251231",0.4360236627642411,2.5528673530123376,110,14.686294225608906,1.894641554424832,4,"NY"
5541962,8.659315625000001,"SM",713,85171,"713_20251231",0.7219410631265702,2.7073719628634576,640,9.921297989115267,1.5961346034724793,4,"PA"
2071682,9.290053811659194,"N",7151,23894,"7151_20251231",0.4321186755485339,2.2139065473686736,223,8.802391526438553,1.083259734919739,4,"NY"
1836436000,10.497399138000024,"N",7213,22056000,"7213_20251231",0.7718097901864128,2.066806303892972,174942,8.600056962544715,0.8458257679165101,1,"SD"
15879824,8.156047252182846,"N",7230,208698,"7230_20251231",0.445917838282602,2.632151267770281,1947,9.349394297504436,1.0649654229001932,4,"NY"
153058,,"NM",7274,0,"7274_20251231",0,0.07183557693194864,0,14.557103812894843,1.7820495415044875,7,"NY"
743393,7.743677083333334,"SM",72,9148,"72_20251231",0.1995510102269893,2.381398947989674,96,10.072622236678868,2.0752130666263846,4,"AL"
485836,6.842760563380282,"N",7356,7055,"7356_20251231",0.03744097008345713,2.6294595658691544,71,10.564560221520662,0.8188148907744138,4,"NY"
260079,5.20158,"SM",737,4558,"737_20251231",0,2.939473481046862,50,8.844059013272698,1.1194317918628889,4,"OH"
1529069,7.495436274509804,"NM",7404,17762,"7404_20251231",1.7685109523684004,2.270515621938727,204,9.62405217333095,0.467727163295516,4,"PA"
12311455,7.856703892788769,"NM",7468,165708,"7468_20251231",0.951419659775749,2.402194186978391,1567,9.97328575914474,1.3339164134615977,4,"PA"
2256965,7.210750798722045,"N",7493,34671,"7493_20251231",0.619363472966734,2.6085833244387695,313,9.779313437306424,1.0757410189067755,9,"PA"
3211593,7.136873333333333,"NM",7506,46486,"7506_20251231",0.45453312101154714,2.9749249887105225,450,10.924627270981837,1.234057224348241,4,"PA"
5261716,9.31277168141593,"NM",7514,56118,"7514_20251231",0.27828987430492064,2.207316761483874,565,10.221308839277194,1.265703615533426,4,"PA"
1126023,6.8659939024390235,"N",7526,16176,"7526_20251231",0.2897751259463567,2.574164216134032,164,13.635200053484828,1.5286056714852292,4,"PA"
1449813,5.291288321167883,"SM",7542,23423,"7542_20251231",0.8037035029158696,3.1715025160795074,274,9.320843318016955,0.6003238413610898,4,"PA"
31982120,9.598475390156063,"N",7551,429309,"7551_20251231",0.7607096281183476,2.421325860262993,3332,10.059986927327827,1.33108615155256,4,"PA"
222411,8.89644,"N",7590,3164,"7590_20251231",0.17297432477492497,2.2677362388160853,25,16.361642949256574,2.0094042165371593,8,"PA"
3059673,8.05177105263158,"SM",7593,38450,"7593_20251231",1.1369419262165705,2.0723916196937804,380,9.5441445011343,1.3063199686607654,4,"PA"
260462,6.352731707317073,"SM",7599,3476,"7599_20251231",0,2.258807431088956,41,9.597247146319352,0.8442640147043629,8,"PA"
662124,5.016090909090909,"NM",7613,10968,"7613_20251231",1.1209166361443783,3.020568152702089,132,8.921311791088318,0.3350359834040315,4,"PA"
895480,7.2216129032258065,"NM",7614,11292,"7614_20251231",0.10559082640203002,2.379348653306158,124,8.35880947757723,0.9237931642528648,4,"PA"
169220,5.458709677419355,"NM",7631,2091,"7631_20251231",0.07201368259969394,2.485514643509266,31,9.291963658417952,0.14257712344063758,5,"PA"
802192,8.533957446808511,"SM",763,10091,"763_20251231",0.16329655197405374,2.2347707818749356,94,9.312208561665837,1.5368596141730595,4,"OH"
470382,8.110034482758621,"N",7646,5000,"7646_20251231",0.03901431707211343,1.815508264967093,58,16.687409118125053,0.6215698710709823,8,"PA"
1142322,9.287170731707318,"N",7658,13849,"7658_20251231",0,2.198174630702955,123,12.757404180409427,1.1597211373739995,9,"PA"
663985,9.764485294117648,"SM",7659,7248,"7659_20251231",0.9782612899358396,1.982419859655268,68,10.304792112301433,0.7017848974175418,4,"PA"
936387,6.9362,"SM",7675,13409,"7675_20251231",1.2089162150750752,2.649114891883806,135,14.350143501435014,1.212146739449026,4,"PA"
463455,4.878473684210526,"NM",769,7228,"769_20251231",0.819836960725169,3.0503121773416764,95,9.270934719132368,0.6990208510903686,4,"OH"
1884754,9.423770000000001,"NM",7714,21100,"7714_20251231",0.696552488988878,2.035050636263349,200,9.943223954222368,0.9724647043900797,4,"PA"
8404657,9.9936468489893,"SM",7759,106931,"7759_20251231",0.19959330987236534,2.4281747988706694,841,9.070519954526416,1.261744788006911,4,"PA"
222879,11.14395,"N",7789,1715,"7789_20251231",1.0917322811734376,1.6694146550423166,20,16.873549208170143,1.7172193419637976,2,"PA"
3121896,6.786730434782609,"SM",7799,46942,"7799_20251231",1.3974794096324379,3.2081806764569025,460,9.66257722873832,0.9155174420408764,4,"PA"
210629,9.574045454545454,"NM",77,3386,"77_20251231",0.021429895283106293,2.2020045703595827,22,19.484442414815025,1.4429712660504412,4,"AL"
1547248,8.995627906976745,"NM",7848,22213,"7848_20251231",0.4569541608984557,2.474138420709871,172,10.1474654198552,0.3634029096010494,4,"PA"
367501,5.653861538461539,"N",7886,4286,"7886_20251231",0.8150837683592528,2.35221097839097,65,8.289060645229366,0.5074158211586846,5,"PA"
50018001,12.175754868549173,"N",7888,513181,"7888_20251231",0.32735223632170346,1.9114924499957004,4108,9.27409596692496,1.2858520865222585,4,"PA"
2928928,9.861710437710437,"N",7900,28355,"7900_20251231",1.2463202809176521,1.8292415336256584,297,8.768967069662457,1.4056693676220327,4,"PA"
417378,5.962542857142857,"NM",7909,5970,"7909_20251231",0.6721718281589333,2.5160468245745653,70,7.6111654676258995,0.6201993497910042,4,"PA"
31329000,23.223869532987397,"N",7946,388000,"7946_20251231",0.047885075818036714,2.552088786514501,1349,6.238043181197049,0.93903779708931,9,"PA"
1342665,8.088343373493975,"NM",8011,19368,"8011_20251231",0.04153975806077014,2.4084786395595286,166,16.779744082305765,0.9619013028001481,4,"CA"
1365487,11.771439655172415,"SM",8018,20815,"8018_20251231",0,2.487137184970039,116,9.817789690171406,0.5790713857313963,4,"FL"
2321472,6.670896551724138,"NM",8021,33618,"8021_20251231",0.07037970556516941,2.4574755901798038,348,10.54516893397521,1.7374260767024974,4,"FL"
188645,6.288166666666667,"NM",8028,2906,"8028_20251231",2.061813645961568,2.9717031860538183,30,9.937646551633492,1.6395240213992148,2,"GA"
795547,9.47079761904762,"SM",8033,10146,"8033_20251231",0.8687951183490263,2.44372565304783,84,13.681869596058357,1.7982736368140522,4,"GA"
337321,8.876868421052633,"NM",8035,4527,"8035_20251231",0.5302068838973073,2.2467150718509363,38,8.275502821588772,0.9301803231461091,2,"IN"
27619827,9.283975462184875,"NM",803,293459,"803_20251231",0.6697302995612562,2.182589882689104,2975,9.922900070637994,0.9107614760983401,4,"WV"
19390856,26.782950276243092,"NM",8056,165908,"8056_20251231",1.2739225140166446,1.5609067777711847,724,11.276600507371842,1.1960757221004443,4,"IN"
776253,7.762530000000001,"NM",8063,11209,"8063_20251231",0.06565998773916691,2.5835709428846485,100,8.541918101894987,1.5855401452940585,4,"IN"
150775,12.564583333333333,"NM",8067,1429,"8067_20251231",0.48044406091844116,2.0382357285536603,12,9.182769359062895,0.8910810448908821,5,"IN"
393781,11.581794117647059,"SM",8074,3322,"8074_20251231",0.5093058573730204,1.7478625343043446,34,10.084173162150101,1.5586802299943059,5,"IN"
277281,10.269666666666668,"NM",8083,2877,"8083_20251231",0.18477036587063542,1.9152059974245197,27,9.566846574306439,0.5901831991284825,4,"IA"
468647,10.187978260869565,"NM",8094,4874,"8094_20251231",0.4280821917808219,1.720174913638847,46,8.282967416094351,1.2174071278546594,2,"IA"
772931,8.783306818181819,"SM",8101,7903,"8101_20251231",1.8246577270967517,1.6815757647641902,88,10.695265714549404,1.6596013038533142,2,"IA"
85100,4.255000000000001,"SM",8108,1815,"8108_20251231",0.9031314543751844,4.236791142226381,20,13.035645192493714,2.55953792781686,4,"KS"
213389,5.471512820512821,"NM",8110,3930,"8110_20251231",2.4472703522993586,4.273240055511822,39,9.152288072018004,0.8169997780851954,4,"KS"
379360,5.836307692307693,"SM",8117,5775,"8117_20251231",3.246600370717926,3.635597737315383,65,9.492896994955153,2.2197004865803547,4,"KY"
266161,7.393361111111111,"NM",8118,2910,"8118_20251231",0.04390630024488584,1.9396021644223085,36,13.19248120300752,1.349689479185882,4,"KY"
515459,1.5811625766871167,"NM",8120,36867,"8120_20251231",2.1455947651320404,12.260625688088139,326,11.051828813582915,0.8038074880061717,4,"KY"
69665,6.333181818181819,"NM",8121,643,"8121_20251231",0.08944543828264759,1.885393374681696,11,15.769971406897357,1.751748874799533,8,"KY"
206098,4.480391304347826,"NM",8122,2981,"8122_20251231",17.933093589060558,3.3193105944122223,46,9.309535388298668,-0.6802336825295311,8,"KY"
151958,5.628074074074074,"NM",8126,1456,"8126_20251231",0.16481955100880932,2.5532339236270296,27,14.470156441158863,-0.31988271830376686,7,"KY"
3791470,9.270097799511003,"SM",8136,44963,"8136_20251231",0.17989707047089007,1.9771295035246212,409,8.920509111719996,0.8005949656943607,4,"KY"
154813,4.423228571428572,"NM",8140,2590,"8140_20251231",0.037952880039704553,2.913411138008174,35,11.128332300061997,1.0273366003424456,8,"LA"
1313421,3.7526314285714286,"NM",8141,27231,"8141_20251231",0.6992962703595734,3.4050221220360166,350,10.605250409045622,2.4146415209444982,4,"LA"
69326,6.932600000000001,"SM",8144,618,"8144_20251231",6.8819653461319445,1.9205463386165893,10,22.139571302730744,0.9371256056945813,2,"LA"
1364195,5.880150862068965,"NM",8149,22415,"8149_20251231",0.8929045096747041,2.682775386586818,232,14.05802603952856,1.1544260806758015,4,"LA"
413185,3.2534251968503938,"NM",8162,11256,"8162_20251231",0.6213417379558758,4.282110524097759,127,8.642977860004425,0.3844153383200408,4,"MI"
416761,5.4124805194805194,"NM",8165,6260,"8165_20251231",0.19705492458170615,2.7425887306011867,77,9.312835280183924,1.1879138894951162,4,"MI"
465668,5.82085,"NM",8172,7077,"8172_20251231",0.20309054194943668,2.7891114285852483,80,12.216965745822488,1.5225127418376827,8,"MI"
526613,10.127173076923079,"SM",8183,6395,"8183_20251231",0.7862598217043307,2.397384705592748,52,9.01173337332963,1.37422022392915,4,"MI"
85750,6.596153846153846,"NM",8191,970,"8191_20251231",1.0519133450844373,2.4031742922460597,13,9.124614032319862,0.18035751398069338,8,"MN"
96635,3.221166666666667,"NM",8197,4087,"8197_20251231",1.7715835061158889,7.509117004567528,30,8.035555730944536,0.11621924139300609,4,"WA"
141012,4.0289142857142854,"SM",81,2642,"81_20251231",0.5718353580973053,2.7017622583561844,35,15.900588655993838,0.3177358399309983,8,"AR"
596223,6.480684782608695,"NM",8200,9226,"8200_20251231",0.023988857420512433,2.3626843624018528,92,9.048236571081544,0.5010614636535486,2,"MN"
174474,5.287090909090908,"NM",8205,3512,"8205_20251231",0.6317869175138411,3.06946054790991,33,11.495096783740559,0.5746836719261985,4,"MN"
113343,6.667235294117647,"NM",8207,1568,"8207_20251231",2.15942482025633,2.2245747808837804,17,9.395560310243381,1.3910186969795022,2,"MN"
169034,7.683363636363636,"NM",8210,3140,"8210_20251231",0.004510030307403666,2.80472817253914,22,9.985842323263052,0.9700962665741979,2,"MN"
200247,9.102136363636363,"NM",8214,2164,"8214_20251231",0,1.5883601454382816,22,8.89590327155689,0.773714087187095,7,"MN"
22955,5.7387500000000005,"NM",8218,488,"8218_20251231",0,4.705447981621267,4,18.4794881445239,1.3496882179192649,4,"MN"
329494,5.31441935483871,"SM",8231,5072,"8231_20251231",0.08259911894273128,2.9758591084422603,62,11.480591536934233,0.9324688434788418,4,"MS"
552553,5.941430107526882,"NM",8232,7880,"8232_20251231",4.4403372361928,2.5455631005693458,93,13.183529131005455,0.4048920381663929,4,"MS"
431757,8.146358490566039,"NM",8234,5761,"8234_20251231",1.2113000657189927,2.129838252760884,53,12.165289791237477,1.6143195152665073,4,"MS"
2064227,7.533675182481751,"NM",8235,26186,"8235_20251231",0.6842989412821815,2.210292326554717,274,10.845591837854576,0.8444171536650863,4,"MS"
578364,6.355648351648352,"SM",823,7716,"823_20251231",0.25034641372512606,2.3007577718649785,91,14.828140589217496,1.7954114982721328,8,"VA"
192039,6.194806451612903,"NM",8243,2054,"8243_20251231",5.924946480292155,2.2889670751247277,31,15.678285320176135,1.3386832328500953,2,"MS"
229895,5.224886363636364,"NM",8250,3166,"8250_20251231",1.8916964245355512,3.407091225341472,44,12.989890842370711,-0.0920085702053132,7,"MS"
188581,5.8931562500000005,"SM",8251,2723,"8251_20251231",2.721816907159311,2.3927395428319387,32,12.27866338244179,2.0651976712479074,2,"MO"
2109531,8.826489539748954,"SM",8252,23718,"8252_20251231",0.7934875564263831,1.9880189922493705,239,9.066256958413248,1.1762987089718826,4,"MO"
1199730,5.767932692307692,"SM",8255,20064,"8255_20251231",0.3443160471226972,3.1858107510692206,208,9.48918529261364,1.4809519117980172,4,"MO"
80568,8.952,"NM",8268,620,"8268_20251231",0.02463054187192118,1.5574591166981868,9,16.711299606179946,1.2730205604830145,7,"MO"
72780016,17.18942276806802,"N",8273,676784,"8273_20251231",0.42048208733260484,2.264460680421176,4234,8.285337557862002,1.0113511222390734,4,"MO"
334707,5.487,"SM",8274,4063,"8274_20251231",1.6373772337410317,2.644007981248331,61,9.10601145905963,1.6403948485581958,2,"MO"
133429,6.353761904761905,"NM",8276,1642,"8276_20251231",0.7654697018275088,2.4947077322173685,21,8.208808790678017,0.6645925871541671,8,"MO"
278469,11.13876,"NM",8282,3157,"8282_20251231",0.030951860753040565,1.9553226245171151,25,8.563165971739634,2.232902632216523,2,"MO"
2610128,8.642807947019868,"NM",8283,37451,"8283_20251231",2.0711792919396075,11.705310555107221,302,7.835522718057962,1.3386384132039935,9,"MO"
321108,5.946444444444444,"NM",8295,4459,"8295_20251231",1.183742136831326,2.5195438381234294,54,9.367099669785704,1.1293503746508355,2,"MO"
278184,4.346625,"SM",8296,4747,"8296_20251231",0,3.0137588292147366,64,9.1291641895812,1.96184494453545,2,"MO"
170463,9.470166666666666,"NM",8317,1534,"8317_20251231",1.8394066109119873,1.7252164339688736,18,11.312577445481374,1.4493569534103987,2,"MT"
566651,5.014610619469027,"NM",8321,8524,"8321_20251231",0.2793575757337799,2.6466020057656436,113,11.339995278936186,1.4649603299539191,2,"CO"
285470,7.929722222222223,"NM",8322,3791,"8322_20251231",0.002706469816095376,2.397075166611347,36,12.690216425601477,1.7515597020762905,2,"NE"
74142,9.26775,"NM",8333,1315,"8333_20251231",0,2.8893173422120078,8,9.551608150557362,0.46349751384321713,2,"NE"
94771,6.769357142857143,"NM",8383,1111,"8383_20251231",0.7189901207464324,2.0922471333219237,14,10.216418442969713,0.9412972787951396,2,"ND"
533700,7.4125000000000005,"NM",8386,7006,"8386_20251231",0.1305774217232502,2.0578916240051757,72,10.182944076480762,1.457199324201885,2,"ND"
697020,7.260625,"NM",8387,12555,"8387_20251231",0.1761682738158313,2.853570876114237,96,10.001044702987997,1.6884257110814629,2,"ND"
126135,8.409,"NM",8390,1619,"8390_20251231",0.26829881780833403,2.524342167561829,15,9.678302853878598,1.0316659993786745,2,"ND"
56113,3.740866666666667,"NM",8397,788,"8397_20251231",0,3.585518841617494,15,13.010098330210424,0.8400063344739978,6,"OH"
92286,10.254,"SM",8403,863,"8403_20251231",0,1.8055561498012604,9,21.1355795033437,1.3776992422654168,8,"OH"
2239135,7.414354304635762,"NM",8405,36589,"8405_20251231",0.5390569477783045,2.663875365952627,302,8.569982516273866,1.0619862556158983,4,"PA"
1511927,7.5220248756218915,"NM",8426,17248,"8426_20251231",0.4849808004793072,2.2032401035279796,201,8.448315197444774,0.39762841332148136,4,"PA"
1662136,8.029642512077295,"NM",8432,21447,"8432_20251231",0.007750258653210475,2.23990755410593,207,8.960186786516529,2.0404724366746594,4,"TN"
851821,5.290813664596273,"NM",8439,14015,"8439_20251231",0.11394233104810751,3.0213467770904896,161,10.037688802269926,1.3600125751887389,4,"TN"
365004,5.214342857142857,"SM",845,5495,"845_20251231",2.0572722712833063,2.878100235488563,70,15.795925291539206,1.286900766709554,8,"WV"
3304145,9.229455307262569,"NM",8468,43484,"8468_20251231",0.9176108158870036,2.386755648089927,358,11.863424750333639,0.9104902525771905,4,"CA"
79436,4.96475,"SM",847,1119,"847_20251231",0,2.746248220384475,16,9.638172485900768,0.5484716700767861,8,"WV"
177236,6.111586206896551,"NM",8487,1986,"8487_20251231",4.44060024665403,2.5302078706332827,29,17.008308688917054,1.42422589695869,2,"IL"
202836,4.05672,"NM",8491,3119,"8491_20251231",1.4863837662766872,2.7509161771803683,50,13.452759515402175,0.9099771265707598,4,"IL"
164600,7.156521739130435,"NM",8499,2269,"8499_20251231",0.4930542359659563,2.5809259279806396,23,8.999936016379808,1.1483795089151974,2,"IA"
75769,8.418777777777779,"NM",8503,967,"8503_20251231",0.05019720329867336,2.168057814875063,9,13.644552158529788,1.2306994853196085,2,"IA"
343927,24.566214285714288,"NM",8506,1484,"8506_20251231",0.005181884133070785,0.7012380293333857,14,15.675476065167643,0.8711086951727525,2,"IA"
70764,6.433090909090908,"NM",8507,846,"8507_20251231",1.0860679668340536,1.8505900858842035,11,11.750106856756794,1.3781288291092213,2,"IA"
143695,7.562894736842105,"NM",8510,1824,"8510_20251231",0.04999734056699112,2.021262230933386,19,9.380517224332989,1.5695407475050913,2,"IA"
287314,9.268193548387098,"NM",8511,3112,"8511_20251231",0.17674320517777253,1.777183164683976,31,9.632174587751734,1.8178330203769884,2,"IA"
105289,9.571727272727273,"NM",8519,881,"8519_20251231",0,1.545014613387736,11,11.548801985365806,1.4015703165935167,2,"IA"
130797,11.890636363636363,"NM",8522,746,"8522_20251231",0,1.1278758047159059,11,16.726507560290678,1.030768642983132,2,"IA"
649501,5.647834782608696,"NM",8527,10846,"8527_20251231",2.133419499188122,2.671595587004034,115,11.399765794214066,1.0503057387248924,4,"LA"
318093,8.370868421052633,"NM",8531,3563,"8531_20251231",1.0703638518731367,2.198869393839922,38,9.550803305615439,0.4203768600702964,4,"LA"
108941,4.190038461538462,"NM",8532,2285,"8532_20251231",0.39370078740157477,3.6796644588679914,26,14.253730652875818,0.672299596620242,8,"LA"
185266,6.861703703703704,"NM",8533,2460,"8533_20251231",1.307807240193696,2.709817111900277,27,13.654912350044333,1.0738864430567348,2,"LA"
298627,4.977116666666666,"NM",8534,4677,"8534_20251231",3.4436952038763713,2.787761167862975,60,11.357620068070087,0.4389747018743404,7,"LA"
89953,6.9194615384615386,"NM",8535,389,"8535_20251231",0,1.3382687927107062,13,8.985254847323814,0.33931283219438113,8,"MN"
411728,12.8665,"NM",8536,3927,"8536_20251231",0,1.5104190081174635,32,6.851362225543165,0.3542716858250279,2,"MN"
408209,7.038086206896552,"NM",8537,7972,"8537_20251231",0.3705108484171636,3.133922170414428,58,9.201086850284417,0.6824997224283426,4,"MN"
141531,8.32535294117647,"NM",8541,2999,"8541_20251231",0.9668810014531709,3.1194904168799407,17,10.819637440925442,0.840300290052892,2,"MN"
354056,6.942274509803921,"NM",8544,5693,"8544_20251231",2.9265258227024886,2.5859504604999715,51,10.419412229836585,1.072879125908129,4,"MN"
374619,8.324866666666667,"NM",8546,4606,"8546_20251231",0,2.0687424754170767,45,8.977777289614664,1.2150755072433126,4,"MN"
331142,3.522787234042553,"SM",8552,6307,"8552_20251231",0.6645067898256014,3.210732661804421,94,9.834932209048445,0.4996399960770337,8,"MS"
128400,5.136,"NM",855,1805,"855_20251231",3.6725583326844715,2.79029134556171,25,12.265540997969017,1.0677419406169988,4,"AL"
195906,5.936545454545454,"NM",8560,2948,"8560_20251231",0.04094491771208899,2.6796935880543624,33,11.0891991076466,2.5174359163596978,4,"MO"
107717,7.181133333333333,"NM",8564,1863,"8564_20251231",0,2.3553835223067585,15,23.021677290948865,2.151854702625892,4,"MO"
296371,6.586022222222222,"NM",8569,3836,"8569_20251231",0,2.296454777233988,45,10.492503134487654,1.435991272340588,2,"MO"
126262,5.05048,"NM",8572,2146,"8572_20251231",0.44741517528274904,3.114062626029388,25,11.13093114520157,0.9947919714436186,4,"MO"
607148,4.336771428571429,"NM",8576,10522,"8576_20251231",0.24668618228464298,2.887093166534535,140,14.545280657731785,1.0553416600380379,2,"MO"
70425,3.706578947368421,"SM",8584,1605,"8584_20251231",0.7941587843444042,4.217484646686735,19,9.080561527760214,0.8072360582706443,8,"MO"
57377,8.196714285714286,"NM",8594,627,"8594_20251231",0.1405376311933738,1.877084923714014,7,14.937745466700092,2.410407102596547,2,"MO"
218075,5.451875,"SM",8595,4900,"8595_20251231",1.5411994602893966,3.627757983225516,40,9.44876740992611,0.5999108046285684,4,"NE"
43682,7.280333333333334,"NM",8604,846,"8604_20251231",0,2.7289613407745414,6,12.64144271570014,0.4982951943139217,2,"NE"
396368,6.953824561403509,"NM",861,4697,"861_20251231",0.5503194888178914,2.229846703601311,57,9.233995275653601,0.6949457680551098,4,"AL"
79455,6.62125,"NM",8632,1568,"8632_20251231",0.7311557361718046,2.82245249891895,12,11.753616449030377,0.9468956929921903,2,"ND"
420831,12.023742857142858,"SM",8637,4208,"8637_20251231",0.39961555971470486,1.7185650607859118,35,10.938802774767588,1.8177419427549035,2,"ND"
118925,6.606944444444444,"NM",8640,1820,"8640_20251231",0.49538808480748253,2.408273492953666,18,11.682025898113812,0.8932944284640164,2,"ND"
190680,5.153513513513514,"NM",8647,3187,"8647_20251231",0.09878062604245948,3.4947482029082413,37,8.819594201073526,0.8051573066681859,8,"OH"
1089051,5.500257575757575,"NM",8660,19357,"8660_20251231",0.1613209337635225,2.8609042386093497,198,11.577335375191424,1.2792245459154674,9,"TN"
81421,3.54004347826087,"SM",8661,1399,"8661_20251231",0.8899640132001374,3.9986498772368213,23,9.976454596208463,0.5825126437907963,4,"TN"
16265349,10.204108531994981,"SM",8663,216434,"8663_20251231",1.1805921189075435,2.6065346152804176,1594,10.46393392461596,0.8930179592686552,4,"TN"
1372297,7.93235260115607,"SM",8668,18741,"8668_20251231",0.6794132064525704,2.681356418518074,173,8.730012390577995,0.8461149092169005,4,"VA"
62873,6.2873,"NM",8672,763,"8672_20251231",0.4797592687219667,2.710651801548656,10,9.55987816473546,0.4458862367538136,8,"VA"
61406,10.234333333333334,"NM",8681,819,"8681_20251231",3.8898068640463745,2.5128531894025996,6,9.350713231677323,-1.1916140357452976,2,"WA"
151509,6.587347826086957,"NM",8693,2685,"8693_20251231",0,2.988637613117152,23,14.564121709912264,1.4671614169003748,4,"WI"
489021,12.225525000000001,"NM",8695,4584,"8695_20251231",1.0456321408369353,3.220393170032347,40,11.533083721449373,2.5418350444015387,6,"WI"
1034482,8.841726495726496,"NM",8698,12573,"8698_20251231",0.19047290040135922,2.286409306550551,117,9.001165407285885,0.6072200930769934,4,"WI"
153376,6.971636363636364,"NM",8700,2329,"8700_20251231",2.1503450275936777,2.551239314828872,22,10.029168185843012,0.6798904254265817,4,"WI"
611752,4.161578231292517,"NM",8714,12047,"8714_20251231",7.352604148983126,3.315271523994846,147,8.306930805619475,-1.0598985475250422,2,"WI"
52034,3.0608235294117647,"SM",8725,1419,"8725_20251231",0,4.813832968678251,17,11.583295608872794,0.9183905783931251,4,"WY"
27788097,4.535351232250694,"SM",8728,731775,"8728_20251231",0.8161755251340927,4.659528083306894,6127,8.996504464023793,0.4888961514912437,4,"AR"
173218,6.415481481481482,"SM",8730,2838,"8730_20251231",3.446022258600779,2.9368399259241467,27,10.17507204188113,1.219918123076184,4,"AR"
270755,6.153522727272727,"SM",8735,4909,"8735_20251231",1.5011255051212744,3.184394785819495,44,10.196689049642629,1.4833882169554184,4,"AR"
551687,6.1987303370786515,"SM",8738,7100,"8738_20251231",0.23958003029982736,2.049471244922073,89,11.83261918099215,1.4625612419792047,4,"AR"
61204265,13.114262909792158,"SM",873,710218,"873_20251231",0.5824440787691132,1.9851009784178468,4667,9.841993492626344,1.3872176939738488,4,"GA"
813084,7.391672727272728,"NM",8745,11571,"8745_20251231",1.703988727172057,2.60945010824211,110,13.02512310260445,1.2985826897500443,4,"IN"
282655,8.565303030303031,"NM",8751,2863,"8751_20251231",0.2064126326938353,1.9755245751269066,33,9.273144276428425,1.030135651737949,2,"IA"
300105,6.385212765957447,"NM",8752,4583,"8752_20251231",2.3559209904545884,2.4527905077251897,47,10.524815087627589,1.1696257826326641,2,"IA"
151040,7.949473684210526,"NM",8760,2008,"8760_20251231",0.696186149465811,2.44050361669174,19,13.127037851475526,1.3684029377640352,2,"IA"
335274,5.987035714285715,"NM",8761,5176,"8761_20251231",1.4266313305117149,2.6553209182118636,56,10.63104588046214,0.40278666953302733,2,"IA"
146971,7.34855,"NM",8762,1955,"8762_20251231",0.5749411625632704,2.3809260294288546,20,9.358304900692438,1.7611381960853756,4,"KY"
158316,7.538857142857143,"NM",876,2270,"876_20251231",3.2126387325963677,2.6836895189159637,21,17.319818565479174,1.6344976768339687,2,"GA"
476666,12.543842105263158,"SM",8772,4329,"8772_20251231",0.1134330699634661,1.6820158241436238,38,14.221776371633613,1.0125633762291866,8,"KY"
1561197,6.424679012345679,"NM",8774,19379,"8774_20251231",0.3887475862772953,2.2631554348447,243,11.108118004808075,1.3856504105150003,4,"KY"
230045,7.1889062500000005,"NM",8775,2914,"8775_20251231",1.149107607921508,2.580561652726225,32,9.195088436332886,2.4196753469310366,2,"KY"
197887,4.122645833333333,"NM",877,2044,"877_20251231",0.31972123182483586,3.627821483264947,48,14.864066193853429,2.7123327590089286,4,"GA"
614539,6.753175824175824,"NM",8785,9501,"8785_20251231",0.07487734568842995,2.8177302762270617,91,9.539669842193295,1.068174699277126,4,"KY"
564315,4.089239130434783,"NM",8798,9254,"8798_20251231",0.7414605757643138,2.832999045982759,138,13.665540660416859,1.5528655198849222,4,"LA"
78349,5.2232666666666665,"NM",8799,1152,"8799_20251231",2.16545844871037,2.846856397535504,15,21.39719989218158,1.2700672108252011,8,"LA"
183793,4.836657894736843,"NM",879,3342,"879_20251231",0.2571289582802474,3.0307236218611138,38,15.44586753656515,2.8951814205256436,8,"GA"
813727,5.896572463768115,"NM",8811,12596,"8811_20251231",0.1708853488550203,2.621316614740753,138,13.128651564846889,1.665320565577288,4,"MD"
714601,7.218191919191919,"NM",8816,9225,"8816_20251231",0.16384871666422388,2.0929757449513287,99,11.522914934428794,0.8078102148922924,4,"MD"
235329,11.206142857142858,"NM",8821,2408,"8821_20251231",0.13743310725900965,1.612472262822804,21,10.063294078900144,2.000881219409477,2,"MN"
63686,6.3686,"NM",8822,1018,"8822_20251231",0.002382881380164895,2.983124922449092,10,10.752449178478004,0.9960983276577557,2,"MN"
223617,6.2115833333333335,"NM",8824,3375,"8824_20251231",1.010488888888889,2.6424317879097186,36,14.232828776408175,1.7965606734012898,2,"MN"
101806,5.655888888888889,"NM",8833,1806,"8833_20251231",5.624278238433608,2.6722670175763947,18,10.742136415154656,1.3701657022567781,2,"MN"
62129,6.212899999999999,"NM",8840,901,"8840_20251231",0.031525851197982346,2.313335463599084,10,11.170473565861329,1.567742450870746,2,"MN"
122930,8.195333333333334,"SM",8842,1381,"8842_20251231",0,2.409931397561794,15,8.085468010197888,1.3657655810538882,4,"MN"
586606,10.475107142857143,"N",8843,7351,"8843_20251231",0.08972643658839645,2.1341901212599117,56,11.969212457294951,1.0955117335025626,4,"MN"
60411,7.551375,"NM",8845,600,"8845_20251231",1.9017646831679347,2.0676804113438427,8,13.601919258769026,3.1023510107552594,2,"MN"
87184,7.925818181818181,"NM",8848,1270,"8848_20251231",0,3.0842865535473614,11,7.261158527227869,1.1539847649326862,2,"MN"
582836,4.662688,"SM",8850,15032,"8850_20251231",0.17779798783607118,4.3609689834729455,125,9.13863257833967,1.549649083088069,4,"MN"
1485132,9.643714285714285,"NM",8851,16457,"8851_20251231",0.693659059922666,1.94636998539157,154,9.982574634455252,1.4358295293749064,4,"MN"
565766,7.645486486486486,"NM",8853,7817,"8853_20251231",1.3626325218632804,2.321468092285477,74,9.747295634005276,1.5579251368717415,4,"MN"
56642,4.045857142857143,"NM",8857,1175,"8857_20251231",0.22503125434088067,4.16309905110235,14,9.519014654319879,-0.15503712081972354,8,"MN"
70073,7.7858888888888895,"NM",8858,868,"8858_20251231",1.547584610934336,2.2617223593258404,9,11.217065453538048,1.2748687119147593,2,"MN"
167898,4.938176470588235,"NM",8863,3095,"8863_20251231",0.914249925531021,3.698738227966479,34,8.791523824312863,0.7415741829898225,4,"MN"
117519,6.18521052631579,"NM",8865,1600,"8865_20251231",0.3901170351105332,2.9201463792543514,19,7.319952774498228,0.6658550613149096,6,"MN"
2898711,7.5684360313315935,"N",8866,42362,"8866_20251231",0.8326865549397618,2.7855210585903483,383,11.278082766719418,1.2321134001797769,4,"MN"
317207,6.100134615384615,"NM",8867,5684,"8867_20251231",0.20880685708026397,2.844752063995719,52,11.138298882593144,2.1427370015189764,2,"MN"
3256725,6.179743833017078,"SM",8870,48385,"8870_20251231",0.6673188820900647,2.9575173155507155,527,10.35293107198989,1.0393547357622166,4,"MS"
5015100,6.086286407766991,"NM",8879,81990,"8879_20251231",0.2039620327876895,2.865194483138773,824,8.183243975486082,0.8916874124320356,4,"MS"
1049767,7.834082089552239,"NM",8889,20839,"8889_20251231",5.62169080057182,2.855339399699819,134,10.088629738684746,0.21290091847100956,4,"MO"
1304809,8.15505625,"NM",8892,14136,"8892_20251231",1.746190635079524,2.046092886669668,160,8.620460790173738,1.1333608746367618,4,"MO"
61756,6.861777777777778,"NM",8893,651,"8893_20251231",0,2.465981772390426,9,9.313346553288744,1.6868692359261472,4,"MO"
139209,6.327681818181818,"NM",8896,2022,"8896_20251231",0,2.685746551678973,22,9.398362406550374,2.363398753685534,4,"MO"
305144,4.123567567567568,"NM",8898,6751,"8898_20251231",1.9314140109355369,3.615754742291797,74,11.762202273620737,0.8714628237876058,4,"MO"
275051,5.852148936170212,"NM",889,4373,"889_20251231",0.6255677318023779,3.3215652773123523,47,9.764358424214127,1.954787380490514,4,"GA"
1064187,7.494274647887325,"SM",88,15635,"88_20251231",1.3875671403455005,2.5545082593764135,142,11.418347522056072,1.1349648773583865,4,"AR"
914428,7.495311475409836,"SM",8903,9257,"8903_20251231",1.2281304295123034,2.0522808522548623,122,9.911664743745106,1.4196826308452575,4,"MO"
1538518,9.103656804733728,"NM",8904,20722,"8904_20251231",0.004067316016896793,2.648228662590738,169,11.744216318523554,2.2282153474895816,4,"MO"
831159,12.405358208955224,"NM",893,5260,"893_20251231",0.5075535388191025,1.2296948271127286,67,16.672844089258884,1.876758879501577,4,"TN"
1135353,4.957873362445415,"NM",8941,29146,"8941_20251231",0.6769839262308276,3.816172889862595,229,11.128069983822169,1.7392634004821579,2,"ND"
331900,11.444827586206898,"NM",8942,3032,"8942_20251231",0.34659642312491334,1.6079287563874092,29,11.758424485731375,1.2159461242332648,2,"ND"
269474,8.165878787878787,"NM",8943,3515,"8943_20251231",1.1231208333762661,2.2612652229287336,33,10.051582539855694,1.3947549974787423,2,"ND"
42945,8.589,"NM",8946,806,"8946_20251231",0.23049972340033192,2.860689680445617,5,9.551188743328481,1.3009381413075343,2,"ND"
111369,3.840310344827586,"NM",8975,2210,"8975_20251231",0.20073674656985746,3.660947764525799,29,9.55784470512557,2.499248312119031,4,"OK"
394838,7.8967600000000004,"NM",8980,3970,"8980_20251231",1.309255309899709,2.088740204085973,50,11.066357946160501,2.336183163815021,8,"OK"
273956,5.47912,"NM",898,3962,"898_20251231",1.5808376124187469,2.8699474273894685,50,11.450270457318739,1.034215289149358,4,"MS"
100639,7.1884999999999994,"NM",899,1130,"899_20251231",1.3743607012817545,2.2590442257541774,14,11.865956394779314,1.0721069745978258,2,"IL"
1523393,7.020244239631337,"SM",89,21532,"89_20251231",0,2.5668017878845215,217,8.98022877790791,1.0901580606192822,4,"AR"
234020,8.069655172413793,"NM",90040,2807,"90040_20251231",1.4010249184723942,2.4762913397198285,29,8.350224048136266,0.7023540172339094,7,"CO"
146777,12.231416666666668,"NM",9005,1079,"9005_20251231",0,1.5474280579165813,12,13.969382743378137,1.7735296913208656,2,"SD"
154728,6.727304347826087,"NM",9007,2249,"9007_20251231",0,2.586994215827719,23,9.718117680533371,2.4797818692009375,2,"SD"
1031499,8.741516949152542,"SI",90140,11149,"90140_20251231",0.2884511944125585,2.05351307527885,118,9.902484596735588,0.4963796262070722,5,"MA"
677842,9.414472222222223,"SI",90146,8388,"90146_20251231",0.7214743774914785,4.464648684773645,72,11.266729677275055,-0.28605797223167806,5,"MA"
1578933,9.686705521472392,"SM",90169,22156,"90169_20251231",0.09987868918116025,2.272160068439013,163,9.60068325165225,0.43317750484449896,4,"MA"
1640097,10.44647770700637,"SM",90173,20935,"90173_20251231",0.1293220434113033,2.1661002454901324,157,9.525943195904334,0.348637763213832,4,"MA"
762276,7.25977142857143,"SI",90175,16404,"90175_20251231",0.009545926000715944,3.192332149859573,105,14.733816610090223,0.8461395792485825,4,"MA"
743035,7.5054040404040405,"SI",90181,11318,"90181_20251231",1.5801260547875304,2.694411591766587,99,9.578808909674795,-0.707283042838729,4,"MA"
6156507,12.852832985386222,"NM",90183,71129,"90183_20251231",0.19557120222237026,1.8899709610201314,479,13.059781941775197,0.5439639131100157,4,"MA"
1997695,7.86494094488189,"SM",90188,23685,"90188_20251231",0.8639171071413018,2.1457394985071954,254,9.572167816795579,0.06008268725044386,4,"MA"
1283954,10.699616666666666,"SM",90190,17040,"90190_20251231",0.06835153956258588,2.433971899633099,120,11.547284753419827,0.6602194016721247,5,"MA"
687524,8.814410256410257,"SI",90191,11318,"90191_20251231",0.12642156042404884,2.771900986091126,78,10.856418173144448,0.3761898580690725,4,"MA"
2846896,5.4748,"SI",90196,72827,"90196_20251231",1.2055649161151354,3.9367402237634948,520,8.183665721397539,0.45912670200829825,4,"MA"
1039087,12.828234567901234,"SI",90203,9699,"90203_20251231",0.5377247290032608,1.852566614906062,81,20.459163739670437,1.0890563529114101,5,"MA"
1469308,6.930698113207547,"SI",90206,20162,"90206_20251231",0.366575212340776,2.6827315995812158,212,10.267399751159056,0.5071834570045168,4,"MA"
1112593,10.2072752293578,"SI",90208,16814,"90208_20251231",0.7078050029501152,2.446781965923543,109,11.28763293669342,0.350756368763571,4,"MA"
4542678,48.326361702127656,"SI",90211,17791,"90211_20251231",0.7949410159469414,0.666181149312962,94,10.633495346310774,1.207176716588207,4,"MA"
4479358,12.653553672316384,"SI",90213,45738,"90213_20251231",0.6268576183683755,2.163072027732564,354,9.459810368345206,0.5487895004044026,4,"MA"
2832798,11.754348547717843,"SI",90215,39724,"90215_20251231",0.8785201051300946,2.7966588155153516,241,11.90149720716014,0.17779507705983685,4,"MA"
1801657,8.788570731707317,"SI",90227,25544,"90227_20251231",0.4062330023467672,2.4089398920446126,205,13.018907435828645,0.9252532169301145,4,"MA"
305936,7.461853658536585,"SM",90229,3718,"90229_20251231",0.3184952038369305,2.396564699154931,41,9.653635459828786,0.14026039882504943,5,"MA"
266718,5.674851063829788,"SM",90234,5853,"90234_20251231",0.2177333859443116,3.4867007924736777,47,10.100656959545123,0.4049860661869492,5,"MA"
1671068,11.685790209790209,"SI",90235,20844,"90235_20251231",0.8954801260043181,2.182580384374403,143,11.801088035922456,0.6347871598130563,4,"MA"
943040,7.3675,"NM",9023,14951,"9023_20251231",0.0023859768189096616,2.915677505105619,128,9.714761897920186,1.0437622633903052,4,"WV"
753682,7.850854166666667,"SI",90245,10168,"90245_20251231",0.07699247928535675,2.544720382817858,96,9.926590894939263,0.8539936508073496,4,"MA"
212950,5.32375,"NM",9024,3195,"9024_20251231",0.6752010550912453,3.1512388187794373,40,10.227380975061442,0.9707840691139273,5,"WV"
5372290,29.039405405405404,"SI",90250,31216,"90250_20251231",0.019614937822551467,1.0688223692712522,185,12.288573653495005,0.9086858709381294,5,"MA"
1586852,9.675926829268294,"SI",90251,25047,"90251_20251231",1.948464206233549,2.628412205358214,164,9.4039543195108,-0.14874408096644418,4,"MA"
1050348,5.934169491525424,"SI",90253,25394,"90253_20251231",0.2787278433385933,3.915007669875091,177,14.632678556671966,1.1661620713406189,4,"MA"
442139,8.342245283018869,"SM",90258,5914,"90258_20251231",0.15033317081098652,2.510067343947491,53,10.726556473450852,0.4720694553012706,4,"MA"
1758578,9.159260416666667,"SI",90259,22419,"90259_20251231",0.7136753869464605,2.5855952509620934,192,9.084204494987032,0.6795182629616869,4,"MA"
467827,6.40858904109589,"SI",90268,9063,"90268_20251231",0.378263829413444,3.0528160834582816,73,11.891311751168718,0.5230925178974933,4,"MA"
1819829,10.110161111111111,"SM",90282,29082,"90282_20251231",0.401096564565606,2.8966651239403336,180,9.577792179638367,0.480008278978581,4,"MA"
2735109,10.205630597014926,"NM",90290,30944,"90290_20251231",0.7457662789621564,2.148998645543556,268,9.055857493057596,0.8078154820560886,6,"MA"
873372,8.162355140186916,"SI",90291,14201,"90291_20251231",0.1481599744551768,2.89081053866428,107,9.667024953975945,0.16569034205455552,5,"MA"
1300689,9.224744680851064,"SI",90297,19943,"90297_20251231",0.7557462026842402,2.624956665250658,141,12.111014504965855,0.7298243172640759,4,"MA"
360089,6.001483333333334,"NM",902,5677,"902_20251231",0.7389928848197366,2.5621632204614304,60,9.369937828916845,1.1736184143244888,4,"IL"
2734114,8.597842767295598,"SB",90300,34009,"90300_20251231",0.23346852342378976,2.2289446767721715,318,9.320122069976545,0.6634480856768367,4,"MA"
2472672,10.8928281938326,"SM",90303,31822,"90303_20251231",0.25797126362338857,2.1953940794999443,227,10.419982261788501,0.6714767376874985,4,"MA"
1004555,14.350785714285715,"SI",90308,10437,"90308_20251231",0.4503245095078863,1.9246614764137657,70,10.17463994850751,0.2894623494743153,4,"MA"
158337,5.2779,"NM",9030,1777,"9030_20251231",0.43207616257781034,2.669579651097946,30,10.508853026587305,0.8837364930029327,8,"WV"
571932,7.525421052631579,"SI",90311,8826,"90311_20251231",0.3831050665645053,2.6951505446550184,76,8.624365661122075,0.37291727039510364,4,"MA"
117440,7.8293333333333335,"NM",9035,1289,"9035_20251231",6.187329079307202,2.0245337237518894,15,11.194009430950667,0.8736905639659392,4,"WI"
139235,8.7021875,"NM",9036,2857,"9036_20251231",0.5749756515412868,2.9138633215985714,16,20.061544991511035,1.848335176528126,4,"WI"
544198,7.255973333333333,"NM",9037,8737,"9037_20251231",0.014304309888569426,2.469123847409734,75,12.855746695638148,1.305155353964562,2,"WI"
417550,7.077118644067797,"SM",90384,4083,"90384_20251231",1.312956752244402,1.9638153341063251,59,16.293460652677666,1.3499542979108599,5,"PA"
1468427,9.789513333333334,"NM",903,21655,"903_20251231",0.9897935901145561,3.0211669175332796,150,10.586386478129072,1.0009314317167184,4,"IL"
596307,8.518671428571428,"NM",9047,8133,"9047_20251231",1.5119169823433047,2.196815823130708,70,10.776184661440896,0.7016358944598758,2,"IA"
3983136,2.3130871080139372,"NC",90544,286327,"90544_20251231",0,12.206486930046456,1722,20.555345962460862,2.2411760454287064,9,"NY"
133546,10.27276923076923,"NM",9057,1334,"9057_20251231",5.100324298076756,2.2133290400729857,13,16.06890307325067,0.44542576109539467,8,"AL"
453373,5.6671625,"NM",9064,8390,"9064_20251231",1.1910910470506468,3.2920773613160668,80,10.541725397054416,1.7135906342514335,4,"GA"
502381,5.708875,"NM",9068,7974,"9068_20251231",0.13175114843084382,2.9979840738864314,88,9.67144114844846,1.2504517466617462,4,"GA"
312002,10.064580645161291,"NM",9069,2994,"9069_20251231",1.0583691417679615,1.8930341847190977,31,10.737735432583177,0.6327838988246421,4,"GA"
85864,3.3024615384615386,"NM",9070,2398,"9070_20251231",1.2259033936817416,5.255113893406042,26,9.418575268199673,1.0979740056488194,4,"GA"
327808,7.126260869565217,"NM",9079,3470,"9079_20251231",0.181424883120508,2.2630301622235964,46,8.861770312664174,0.822577556191152,4,"IL"
311595,6.359081632653062,"NM",9080,4351,"9080_20251231",0.031099228134435053,2.587084473182459,49,8.721598615291215,1.304484788195308,4,"IL"
9052654,7.594508389261746,"SM",9087,129169,"9087_20251231",1.109162756761471,2.395588897228966,1192,13.449848376835755,1.8419006714822903,4,"IN"
171978,15.634363636363638,"NM",9096,1258,"9096_20251231",0.8357284609594198,1.2034711932870328,11,11.307908282639213,1.1323904099768007,2,"IA"
518942,7.309042253521127,"NM",9099,6037,"9099_20251231",0.2540379974008293,2.080366394121814,71,13.299712093984889,1.2523177841907944,8,"IA"
375073,6.148737704918033,"SM",90,4860,"90_20251231",3.8862707256427402,2.346103470857891,61,10.914122492575839,0.7132722113075748,4,"AR"
376735,6.976574074074074,"NM",91005,6150,"91005_20251231",1.0065805040576576,2.9068740335533647,54,16.477865685558555,1.194289027817036,4,"CO"
1144270,8.539328358208955,"NM",9100,9922,"9100_20251231",0.1140488741150781,1.8270229910778577,134,8.52525009061091,1.7725566394667245,2,"IA"
169591,9.421722222222222,"NM",9105,1742,"9105_20251231",0,1.9106690906498414,18,17.036927183746105,1.46211338062477,2,"IA"
73122,14.6244,"NM",9106,665,"9106_20251231",0,1.7122669414440812,5,11.518577701387118,1.385922471663579,2,"IA"
49247,4.9247,"NM",9120,912,"9120_20251231",0.03441748408191361,3.609205260148656,10,10.100721771398279,1.6332862476036727,2,"ND"
119525,7.968333333333334,"NM",9121,1514,"9121_20251231",0,2.5542406654588072,15,8.648473973790956,1.4431720574069502,2,"ND"
2558391,8.020034482758621,"NM",9123,37805,"9123_20251231",1.4968191517496476,2.513127634163434,319,12.43718733921161,1.7859257943205709,4,"ND"
268551,4.795553571428571,"SM",91280,5851,"91280_20251231",0.9383111925484806,3.918077760436934,56,9.105806213435699,-1.3110236165562756,4,"AR"
397240,1.1034444444444444,"N",91325,143054,"91325_20251231",0,27.41976024699157,360,61.05084553238013,13.264125047928587,7,"GA"
508523,8.475383333333333,"NM",9137,6737,"9137_20251231",0.7348181735861206,2.3097554222054244,60,8.969201371661754,1.1463889354873265,4,"OH"
1292368,7.260494382022472,"SM",9139,15610,"9139_20251231",0.0785550686694193,2.2030044966762605,178,9.748642598497625,1.108855832418445,4,"OH"
176396321,7.462720353682785,"SM",913,2904294,"913_20251231",0.24265595055015488,3.35888449605809,23637,6.893030029010689,1.0184855941154014,1,"IL"
729554,4.241593023255814,"NM",9155,20773,"9155_20251231",0.6822343173894505,4.489336895503613,172,8.518911460130047,1.2193328696123413,4,"SC"
578524,6.357406593406593,"SM",9168,7196,"9168_20251231",0.6580337397820484,2.0709106395268004,91,13.172057548484789,1.73940052248139,4,"TN"
1554252,9.2515,"NM",9172,15663,"9172_20251231",0.0339375512068637,1.8388662710949404,168,11.425524167311698,1.4697707641098396,4,"TN"
1374320,5.750292887029288,"NM",9176,16610,"9176_20251231",3.2776630078569,2.103168115338301,239,14.167001811627625,2.652103056133506,5,"TN"
95594,5.9746250000000005,"NM",9179,1740,"9179_20251231",2.4655226565399877,3.23869021342299,16,14.298534250673049,1.977107397729151,5,"TN"
55405,1.0453773584905661,"NM",9189,5224,"9189_20251231",0.07145742069779724,16.010710998298514,53,10.045148773367664,-0.35563861538032415,8,"TN"
123047,3.84521875,"NM",9196,2121,"9196_20251231",1.4574845142270363,3.185155037006889,32,10.349764778073226,0.057281538763020244,8,"TN"
2051229,7.000781569965871,"NM",9204,35199,"9204_20251231",0.6663887609059728,2.7300621986812788,293,15.026616034645762,1.778542308824,4,"UT"
416586,5.867408450704225,"NM",9244,4896,"9244_20251231",0.6816583085615738,2.3874708167059007,71,10.724876980934383,1.4563184405474712,8,"GA"
448306,8.458603773584905,"NM",9245,4053,"9245_20251231",0.8514587320921061,1.7376190434967453,53,9.572694800899589,0.8418771479770419,7,"GA"
215898,6.168514285714285,"NM",9259,2822,"9259_20251231",0.1388364185870797,2.2582157423468194,35,12.233025884051667,0.7092963292860157,2,"IL"
122180,4.8872,"SM",925,2288,"925_20251231",0.16088983480287827,3.6560888233949034,25,11.436256400285178,0.6428008841688051,4,"IL"
625171,5.683372727272728,"N",9263,9401,"9263_20251231",0.6009552575746491,2.597670275814348,110,9.47975074408909,0.5812041870257166,4,"IL"
130210,8.680666666666667,"SM",9265,1404,"9265_20251231",0.21858114606466503,2.084626354414907,15,14.339495502885772,1.4916133270794543,2,"IL"
587327,7.076228915662651,"N",926,6013,"926_20251231",3.1354328956154016,1.7959793613874768,83,10.441863609729714,0.824821426419421,7,"IL"
84122,4.948352941176471,"NM",9273,1213,"9273_20251231",0,2.339609675318013,17,12.108454810495626,1.4591242391198012,8,"IL"
1092796,10.213046728971962,"SM",9288,10903,"9288_20251231",0.6906853929304377,1.9685626728372947,107,9.447157651499245,1.8423469426047008,2,"IN"
35896,5.128,"SM",9295,523,"9295_20251231",0,2.4455100996756185,7,13.820601660892043,0.7701951348403672,7,"IA"
593773,6.747420454545455,"SM",9298,10026,"9298_20251231",0.35647754191485936,2.8259280097451973,88,12.729527423764772,0.7129094668007782,4,"IA"
284908,9.19058064516129,"NM",9299,2674,"9299_20251231",1.4958351960618066,1.6879515973694927,31,9.391479735833991,0.8431286035445289,2,"IA"
147914,10.565285714285716,"NM",9300,1315,"9300_20251231",0,1.38233058300642,14,19.427548713532133,1.8768622968466497,2,"IA"
221290,6.146944444444444,"NM",9306,2658,"9306_20251231",0.14123587641235877,2.461522098143697,36,12.264133892423366,1.4420606890552485,2,"KY"
352220,5.336666666666667,"SM",9309,5194,"9309_20251231",0.30615831102061225,2.653582822710142,66,12.086375110868527,1.213605414177861,4,"KY"
217167,6.387264705882353,"NM",9310,2324,"9310_20251231",0.7912471155863225,2.492611691621055,34,9.936971023654737,1.2147359056709035,8,"KY"
170524,4.060095238095238,"NM",9313,2729,"9313_20251231",0.4874438798164685,3.4950952906349295,42,15.272585902688476,1.9202826463122733,8,"KY"
160187,6.161038461538462,"NM",9315,2031,"9315_20251231",0.15731044091869295,2.2553854714765142,26,16.735226618994304,1.2526499548184242,8,"KY"
533315,7.407152777777778,"NM",9319,7387,"9319_20251231",0.8174640382797906,2.8067642437965867,72,11.259395029499395,0.7224854893577016,4,"LA"
57509,4.792416666666667,"NM",931,926,"931_20251231",0.36175285702540494,3.643130658841212,12,9.23392125423125,0.488494435100025,2,"IL"
231237,4.129232142857143,"NM",9320,5198,"9320_20251231",0.3705645013835221,3.836419823899726,56,11.932215909334912,0.8096412164296719,4,"LA"
627030,6.89043956043956,"NM",9322,10038,"9322_20251231",0.7164002368265245,2.896912888052925,91,13.490603487505204,1.0373904702069563,4,"LA"
155037,4.079921052631579,"NM",9323,2963,"9323_20251231",0.5696520654541393,3.252234517643611,38,14.287641835541448,0.9728035471972173,7,"LA"
1225143,61.25715,"NM",9325,2923,"9325_20251231",1.238396951638273,1.2643250246940625,20,7.0721469031855495,0.6658528566669214,9,"LA"
296071,5.104672413793104,"NM",9326,5079,"9326_20251231",0.5984228234032084,2.7887734813723974,58,10.897148530764454,1.527137708564477,4,"LA"
467175,5.8396875,"NM",9327,7168,"9327_20251231",0.6365474953064695,2.7869221977603162,80,13.990273476686877,1.9013972987410328,4,"LA"
86850,8.685,"NM",9328,990,"9328_20251231",0.9548740220721658,2.7859012891975072,10,10.546630625951675,1.1817268307190396,4,"LA"
113779,7.1111875,"NM",9330,1989,"9330_20251231",0.9029883352973109,2.743138514392606,16,10.632769155137298,1.2455577533013193,2,"MN"
85096,7.091333333333334,"NM",9332,1347,"9332_20251231",0.5600077242444723,2.5703475779238283,12,13.550721232908893,0.07088209866788135,8,"MN"
118567,4.088517241379311,"N",9336,1277,"9336_20251231",0,3.211007960017259,29,59.44330372872295,-2.3295028893777316,7,"MN"
117590,7.349375,"NM",9337,1474,"9337_20251231",2.9297752341657377,2.1890100558736987,16,9.494222073354546,0.6455665586082212,2,"MN"
78514,7.8514,"NM",9340,1057,"9340_20251231",0.3484739245373708,2.62076781413798,10,13.464926039429551,0.41468660253190637,8,"MN"
39646,6.607666666666667,"NM",9349,363,"9349_20251231",0,2.351655904271961,6,8.92630551488531,0.05385471536500674,2,"MN"
46223,6.603285714285714,"NM",9351,568,"9351_20251231",1.5744385274369066,2.4426274409436446,7,10.628659344416429,0.8755741746029608,8,"MN"
34514,5.7523333333333335,"NM",9354,476,"9354_20251231",0,2.3294547244432486,6,13.711938818864184,0.8756918251592557,2,"MN"
278104,4.559081967213115,"NM",9356,4169,"9356_20251231",0.15381682650908113,2.5120675920048505,61,10.686501931939212,0.7719062111470751,4,"MS"
1122434,8.314325925925926,"NM",9359,11864,"9359_20251231",0.5012115102608857,2.1737885935739394,135,12.833710267352934,0.9890558580690382,2,"MS"
484585,3.4125704225352114,"NM",9366,15598,"9366_20251231",3.7118143277052775,5.516447813726817,142,12.179089485656888,3.0715951560473154,4,"MS"
526365,5.48296875,"SM",9369,8099,"9369_20251231",1.611250327261847,2.479235800740414,96,12.138688311251663,2.2262770222316,2,"MO"
467321,7.6610000000000005,"NM",9378,6510,"9378_20251231",0.22175780511344523,2.581843758025193,61,10.79865242890982,2.239129266301564,2,"MO"
112324,7.02025,"N",9385,1157,"9385_20251231",0,1.8205909822262463,16,11.426820728291316,0.7402010418173409,2,"MO"
202935,4.0587,"NM",9388,4219,"9388_20251231",1.314755092818986,3.9729831037447183,50,12.253496053958898,1.4983356353309782,8,"MO"
234655,7.110757575757575,"NM",9392,2593,"9392_20251231",3.1328095323776965,2.0095739755584088,33,14.224932814875702,1.6059994584064923,4,"MO"
64061947,17.628493946064943,"N",9396,574143,"9396_20251231",0.8741907326612227,1.7977603808556806,3634,10.266348775507709,0.9870829912767239,4,"NJ"
71824,5.985333333333333,"NM",93,1516,"93_20251231",0.04866180048661801,3.2608318590210565,12,11.42244440026131,0.8961505995536592,6,"AR"
27289,3.411125,"SM",9406,779,"9406_20251231",0.8068790859296779,5.156934035764635,8,10.58580070041388,0.8162053869555539,4,"NY"
608515,6.405421052631579,"N",9410,10441,"9410_20251231",0.756496112922669,3.3199314807660847,95,11.270694882853899,0.9829705507522132,4,"NY"
46972,6.710285714285715,"NM",9417,851,"9417_20251231",0,2.7696332516161752,7,13.807869611762907,1.8842404531075507,2,"ND"
327171,6.961085106382979,"NM",9420,5336,"9420_20251231",1.739787086935415,2.7483483452477904,47,9.431856303946375,1.0279687518149168,2,"ND"
72205,5.1575,"NM",9422,1177,"9422_20251231",1.4800552346500184,3.3683250448099793,14,10.413123388379876,1.3204873247648377,2,"ND"
5954318,13.38048988764045,"NM",9423,62579,"9423_20251231",1.208351838035939,2.1161745356518624,445,10.705364603453646,1.2227718180356624,4,"ND"
1151176,6.360088397790055,"NM",9437,13934,"9437_20251231",0.44138962424293976,2.2941447973338858,181,10.69487012267266,1.044767169288806,9,"OH"
21870,4.3740000000000006,"NM",9438,339,"9438_20251231",0.8408796895213453,3.3912655142256374,5,10.2753174222261,0.8978247520515061,8,"OH"
67808,4.238,"NM",9439,883,"9439_20251231",1.1658408627222383,2.827562977539045,16,13.595602280515012,0.8819514616461912,8,"OH"
298680,5.24,"NM",9450,3306,"9450_20251231",0.28109422492401215,2.2045130338621424,57,32.53119488902938,2.067480366644604,6,"OH"
1180148,10.728618181818183,"SM",9457,10551,"9457_20251231",0.1694279127124551,1.6575160418639954,110,10.848761697321716,1.0129465735591723,4,"OH"
354811,9.33713157894737,"NM",9462,4101,"9462_20251231",1.0454564462844478,2.327020947900292,38,11.463275763902068,1.6311527499898404,4,"OH"
851705,7.15718487394958,"NM",9463,9929,"9463_20251231",0.4611586764379665,2.4601500491362787,119,9.184174420225922,1.3624474918574847,4,"OH"
630816,8.300210526315789,"SM",9465,6831,"9465_20251231",0.26319208792005727,1.7525354774883606,76,13.689966065004516,2.0895022010817215,2,"OK"
286582,5.970458333333333,"NM",9467,6429,"9467_20251231",0.001196353514487841,3.1729258950468373,48,9.050083263201246,2.1599696614948307,4,"OK"
433974,4.1330857142857145,"NM",9472,9415,"9472_20251231",0.2137894174238375,3.563605152643406,105,10.299513689344197,1.4369489710983203,2,"OK"
264025,5.2805,"NM",9486,4692,"9486_20251231",0,3.0292747152437314,50,12.606951527563803,0.9706126640502112,4,"OR"
410719,6.223015151515152,"SM",9489,5558,"9489_20251231",0.3863679451893595,2.894619098781636,66,12.98726007630117,1.54887295620695,4,"TN"
953615,8.591126126126126,"NM",9499,15795,"9499_20251231",0.16131306120678437,3.792538272589489,111,11.26169449034243,0.41604322687917494,7,"TN"
154051,3.7573414634146345,"NM",9502,4784,"9502_20251231",0.9228267732198611,4.815130461711215,41,10.359069249933484,-0.13910376889387954,4,"VA"
613864,5.480928571428572,"SM",9507,9452,"9507_20251231",1.7709080476258787,2.998249312782168,112,11.247674069018194,1.2695759196317273,8,"VA"
467700,9.354,"NM",950,6030,"950_20251231",0.20592328361282436,2.1681069218932243,50,11.020544513111743,0.8050209966297255,2,"IA"
231615,6.617571428571429,"NM",9517,3687,"9517_20251231",0.268362480127186,3.0070661413104496,35,9.179510712376173,0.8111078008679516,4,"WI"
271249,9.35341379310345,"NM",951,3391,"951_20251231",0,2.1188365592244534,29,12.971203693192567,0.821110683751624,2,"IA"
191749,5.810575757575758,"SM",9523,3118,"9523_20251231",0.41953698833281583,3.0707739204521185,33,10.246000676622687,0.8368196133882146,4,"WI"
149080,12.423333333333334,"NM",9526,1362,"9526_20251231",0.0021075481838203525,1.8550405501240375,12,10.862923484282708,1.4921728188613956,8,"WI"
331793,12.761269230769232,"NM",9529,3278,"9529_20251231",0,1.5724295362403309,26,16.188308291035256,1.94628496347081,2,"WI"
639346,7.265295454545455,"NM",9536,10462,"9536_20251231",0.17560206422018348,2.784543861969732,88,9.725120907525723,1.1656305148067017,4,"WI"
7487308,12.314651315789474,"NM",953,84594,"953_20251231",0.053871457442651496,1.995413975660322,608,10.119877576532401,1.0973832195644173,4,"IA"
273724,6.8431,"SM",954,4711,"954_20251231",0.018379798360163353,2.480648534802008,40,14.291035370162044,1.558837643139583,2,"IA"
540109,8.439203125,"SM",955,5411,"955_20251231",0.3914278358999464,2.2449845679012346,64,9.696623639205848,1.4872685185185186,4,"IA"
331060,8.947567567567567,"SM",956,4216,"956_20251231",0.8955051789408953,1.899462470908995,37,11.712890753389866,1.2215450234514469,8,"IA"
2480897,8.467225255972696,"NM",958,29099,"958_20251231",0.2782688982585812,1.8486199934396972,293,10.078187192118227,1.1678153987828805,2,"IA"
109703,1.6373582089552239,"NM",9614,8591,"9614_20251231",1.73939766441303,12.156327631708375,67,14.484659262582516,-0.08371405789245674,4,"AL"
154084,4.531882352941176,"NM",9615,2925,"9615_20251231",0.3043126191782253,3.4640708428420126,34,9.850860371099824,1.6071487066376948,2,"AL"
815467,7.346549549549549,"NM",9620,10739,"9620_20251231",0.04302261672200597,2.40640345767703,111,9.644826809019852,1.4645474844064752,4,"FL"
4383270,4.7030793991416315,"SM",9622,98585,"9622_20251231",0.3347206358095391,3.821328805840174,932,10.061143552838478,1.4566395973503932,4,"FL"
404883,6.043029850746269,"NM",9631,6238,"9631_20251231",0.26434716539109926,2.7238185901597163,67,8.968196827130763,1.1652542891092752,2,"IL"
839333,3.780779279279279,"NM",9632,28207,"9632_20251231",1.5509293521467187,5.474698420753452,222,9.073942561024973,0.7254276593359258,4,"IL"
290746,19.383066666666664,"SM",963,2032,"963_20251231",0.32988332346706895,1.1841910835590086,15,10.678708170938997,1.0602480517812582,2,"IA"
696309,5.4399140625,"NM",9647,10780,"9647_20251231",0.02499923915359098,2.787732132338884,128,9.803062395450938,1.0142622061364353,4,"IN"
88056,7.338,"NM",9658,1247,"9658_20251231",0.030056606609113832,2.444270629644114,12,10.757140161395954,2.3119924543927857,8,"KS"
140343,8.255470588235294,"NM",9659,1853,"9659_20251231",0,2.048130355641488,17,13.133563399050125,1.592361195643866,8,"KS"
64627,6.4627,"SM",9661,894,"9661_20251231",3.083536252049893,2.1541887174173175,10,17.346108650456475,1.113331606281534,2,"KS"
322348,4.186337662337663,"NM",9665,5654,"9665_20251231",0.013266428911450488,3.2487625732364362,77,12.051995934266433,1.311920682440701,4,"KS"
115674,5.029304347826087,"NM",9669,1679,"9669_20251231",2.429955270162729,2.7910418864367124,23,11.916662372683396,0.8477167739355591,8,"KY"
58678,11.735600000000002,"NM",966,621,"966_20251231",0,1.908809335158107,5,24.918184522825694,1.4989212568986392,2,"IA"
101337,4.05348,"NM",9672,1716,"9672_20251231",0.6376125681982514,3.208952195438682,25,9.998722145223281,0.9404674945215485,2,"KY"
1137917,6.0207248677248675,"NM",9678,15307,"9678_20251231",0.2432671207500926,2.610981903543189,189,10.90533917510745,2.4417839496614016,4,"KY"
274873,13.743649999999999,"SM",968,2296,"968_20251231",0.7087370378925102,1.4207171667151237,20,9.844104542081737,1.013606838003441,2,"IA"
160260,9.42705882352941,"SM",969,2181,"969_20251231",0,2.016773389960473,17,14.45100151819384,1.3706226922061466,2,"IA"
24909975,11.235893098782139,"NM",9712,289255,"9712_20251231",0.450692638483737,2.424414979925707,2217,11.449178150529288,1.0279591296096013,4,"MA"
1088968,7.357891891891892,"SM",9719,18941,"9719_20251231",2.3499879022501813,3.6168706539484403,148,10.54036403156735,1.2625984790139262,4,"MI"
87191,6.707,"NM",9727,1388,"9727_20251231",2.7570978859265667,2.8771697768157987,13,10.800897403938606,1.6884740353276868,8,"MN"
154251,12.85425,"NM",9728,1360,"9728_20251231",0.16297262059973924,1.981075498100886,12,7.934891178635264,1.2607449856733524,4,"MN"
76251,6.931909090909091,"NM",9733,1244,"9733_20251231",0,2.8938330108905936,11,8.80555010144643,1.649348955502902,4,"MN"
126128,10.510666666666667,"NM",9735,1255,"9735_20251231",0.17611897815413077,1.685548317722268,12,9.176459310267697,1.5507363604600517,2,"MN"
892840,8.668349514563108,"NM",9737,10277,"9737_20251231",0.022149918658490805,2.0736175366344263,103,10.25379677053241,2.166631607516872,4,"MN"
208596,5.087707317073171,"NM",9745,3664,"9745_20251231",0.00417948375016718,3.012131310084431,41,11.626799631651057,1.1413841435622414,4,"MN"
168823,4.562783783783784,"N",9746,3770,"9746_20251231",1.6044919244925775,4.087397222296529,37,10.712227764181046,1.0761108260396932,4,"MN"
58729,7.341125,"NM",9747,862,"9747_20251231",0.16187778227438285,2.3813483456175053,8,14.501040380288599,1.0084461790505037,4,"MN"
875946,14.12816129032258,"NM",9751,8839,"9751_20251231",0.3832913422762936,1.7112863293281353,62,10.696080004643491,1.1198345764572353,4,"MN"
44062,8.8124,"NM",9752,382,"9752_20251231",0,1.5411096938170679,5,15.52502996220153,1.3134996467302393,7,"MN"
542715,8.61452380952381,"NM",9760,6962,"9760_20251231",2.2154933026727046,2.073466560972756,63,8.989727108847894,0.804992900142364,4,"MN"
151579,9.4736875,"NM",9769,1788,"9769_20251231",3.728215920838872,2.623993211587443,16,6.108007693267078,0.10676220728783785,4,"MN"
118919,5.405409090909091,"SM",976,1698,"976_20251231",0.889433031454241,2.743274370898344,22,10.930998540754638,1.2003998435394845,2,"MI"
396845,8.818777777777779,"SM",9770,5090,"9770_20251231",0.4478956972422358,2.378648809711141,45,9.954214920549422,0.9522716959065515,2,"MN"
141722,9.448133333333335,"NM",9773,1957,"9773_20251231",1.1287456888185496,2.2169265014828174,15,15.643126399688418,0.7278526331302947,4,"MN"
328913,6.449274509803922,"SM",9775,4665,"9775_20251231",1.1099118180151926,2.598099632752652,51,9.23560311048028,1.0399287550164587,4,"MS"
101243,3.374766666666667,"NM",9777,2322,"9777_20251231",5.587365800529018,4.149487885267398,30,14.052317576870124,0.9608304094948946,2,"MS"
604491,7.111658823529412,"SM",977,7283,"977_20251231",0.25897425056023,2.0323616974753165,85,13.265477094859376,2.0818125241787633,4,"MI"
372554,7.1645,"NM",9788,3882,"9788_20251231",0.43968004760916635,1.9382622298581336,52,8.94388817478966,1.9972886292093373,4,"MO"
150189,5.0062999999999995,"NM",9791,3028,"9791_20251231",0.45244621334434726,3.2469386007478658,30,10.674502925507547,1.3591081655478081,8,"MO"
316038,8.31678947368421,"NM",9794,3749,"9794_20251231",0.9772082272740571,2.130958229390635,38,11.170839609026915,1.8049343805227867,4,"MO"
1196604,25.459659574468088,"NM",9797,7397,"9797_20251231",0,1.486904331986629,47,9.92960787915192,1.628888288921557,4,"MO"
649834,11.815163636363637,"NM",9803,4364,"9803_20251231",1.9292396335739488,1.3009837731784646,55,14.07577796506782,2.0476312076820777,8,"MO"
69569,8.696125,"NM",9812,1028,"9812_20251231",0.037042813694143334,2.3690070182361396,8,15.729345985858384,1.0217311649144565,2,"NE"
104961,10.4961,"NM",9818,1376,"9818_20251231",0.3272035974116185,2.1405014279703822,10,13.352728921466761,1.0217792142576008,2,"NE"
71365,10.194999999999999,"NM",9819,869,"9819_20251231",0,2.2683439362100235,7,18.965618227610847,3.9465730159187076,2,"NE"
142850,5.101785714285714,"NM",9822,2921,"9822_20251231",0.003917175246586182,2.828104531628145,28,9.711692805870378,1.2523868203112858,2,"NE"
571776,6.6485581395348845,"SM",982,0,"982_20251231",0.5002012586025781,0,86,10.738046614552806,0,7,"MI"
447921,6.308746478873239,"SM",9831,7148,"9831_20251231",1.651810696298665,2.9643063564085175,71,14.985755365627096,1.1530007145100145,4,"NY"
80052000,10.403118908382066,"SM",983,1402000,"983_20251231",0.5046736312936926,2.9937297286279545,7695,10.55528872797133,0.9847459915869825,4,"TX"
539519000,14.987887879545518,"NM",9846,5879000,"9846_20251231",0.6844794807522312,2.030989785305028,35997,9.833482398191261,1.0402951379494856,9,"NC"
543685,18.74775862068966,"SM",9871,3793,"9871_20251231",0.1610249315057785,1.407785780108477,29,11.76873022109372,2.2458981082144724,2,"OH"
63307,4.869769230769231,"NM",9875,1166,"9875_20251231",4.093465192941633,3.2684202000438334,13,8.859536592705215,1.5198630376297124,4,"OK"
52493,4.77209090909091,"NM",9879,827,"9879_20251231",0.34649247372905423,3.7008740643804576,11,11.039301637256003,0.7167252275933539,7,"OK"
152189,5.636629629629629,"NM",9881,2263,"9881_20251231",0.8888888888888888,2.9298670567826623,27,8.30537136161487,1.295723380045993,4,"OK"
1162379,7.647230263157896,"NM",9888,17697,"9888_20251231",1.463908525421057,2.6522461854808754,152,11.359225713362802,1.4841214549536261,4,"PA"
6116848,8.33358038147139,"NM",9889,71142,"9889_20251231",0.4716114600495715,2.1719911418125752,734,10.852584514700286,1.2492997581764798,4,"PA"
2207970,5.17088992974239,"NM",9923,39760,"9923_20251231",0.6002696126226187,3.9873876048518495,427,9.340218615514658,1.3761805262205056,4,"SC"
255446,10.21784,"NM",9932,3120,"9932_20251231",2.3381590074341463,1.9923246315799454,25,11.45538839855589,1.8437793090588153,2,"SD"
337276,10.879870967741935,"NM",9935,4140,"9935_20251231",0.1630048785031495,2.112977275161119,31,8.455903717636984,1.4034327426307256,2,"SD"
1549080,8.606,"NM",9963,19420,"9963_20251231",0.17469963731591198,2.660066220139035,180,9.525585553772283,0.9289732394488872,4,"TN"
672666,9.474169014084508,"SM",9967,7133,"9967_20251231",3.6101469724902926,2.617245984849758,71,10.360871844805633,-0.02713088795562566,4,"TX"
1788521,13.447526315789473,"NM",9978,11294,"9978_20251231",1.769832786530413,1.1726491329489988,133,14.571418866995284,1.0873494881137376,4,"TX"
92762,5.797625,"SM",9986,1038,"9986_20251231",0,2.199034149706795,16,16.977559149380756,1.0038828596952087,8,"VA"
562182,6.940518518518519,"NM",9997,6520,"9997_20251231",0.07065676323090975,2.218238763154143,81,8.122483982536712,0.7860846112890696,5,"WV"
236765,4.7353000000000005,"NM",9998,3500,"9998_20251231",1.4577242795764132,3.303740939464419,50,9.592598808424938,1.0295964468283565,4,"WV"
111671,3.722366666666667,"SM",999,2507,"999_20251231",0,3.5839546859660074,30,9.598708865607133,0.8430687703239792,7,"MI"
195233,7.230851851851852,"NM",99,2632,"99_20251231",0.48579717967748465,2.0829485412420605,27,12.872032131780974,2.1325933937114385,2,"AR"