"ASSET","ASTEMPM","BKCLASS","CERT","ESAL","ID","NCLNLSR","NONIXAY","NUMEMP","RBC1AAJ","ROA","SPECGRP","STALP"
116873,5.84365,"NM",10004,1536,"10004_20201231",0.11082424006235386,3.07546131919788,20,10.161288918676613,0.5991283307880798,4,"WI"
301037,5.1023220338983055,"NM",10011,4708,"10011_20201231",0.44366620280269686,2.4512995468513985,59,8.309120068714225,1.8627995671070832,4,"WI"
183744,4.4815609756097565,"NM",10012,3019,"10012_20201231",0.18044633932757204,2.666567487487081,41,9.924518055932662,0.8683813394373611,4,"WI"
137375,5.9728260869565215,"NM",10015,1526,"10015_20201231",3.4988766368669917,2.378287413286699,23,11.701398009514637,1.5988684689323451,2,"WI"
2480601,6.814837912087913,"N",10044,28088,"10044_20201231",0.5617898173143323,2.3938913462683997,364,17.074196081881162,0.6600045840759114,4,"WI"
205016,3.8682264150943393,"NM",10055,4400,"10055_20201231",0.4363137210043386,4.398880370422139,53,9.21547705958331,0.09690457424828479,4,"GA"
87398,4.3698999999999995,"NM",10057,1343,"10057_20201231",1.023695697360216,3.025957763554573,20,18.894974603843362,0.6335715761617762,7,"GA"
1908060,5.611941176470588,"SM",1005,23761,"1005_20201231",0.4281052334716571,2.7152611665928754,340,7.97260085650964,0.6641763037292876,4,"MI"
127213,6.360650000000001,"NM",10072,1684,"10072_20201231",1.4101539281395397,2.8206984787560105,20,9.578027111047989,0.4648440795208503,7,"GA"
55204,5.5204,"NM",10074,773,"10074_20201231",0.8913930118151621,3.1368315654432237,10,16.220252526232084,0.666870052254451,8,"GA"
38052,5.436,"NM",10075,500,"10075_20201231",0.005026388539834129,2.092719468955773,7,10.419042535122411,1.2689611047426088,2,"IL"
36802,7.3604,"NM",10077,367,"10077_20201231",0,1.693011764045259,5,25.506995755384377,0.6064519751803914,2,"IL"
108220,21.644,"NM",10080,396,"10080_20201231",0,0.6807463053430424,5,10.236973041856805,0.9140627400374843,2,"IL"
117935,3.1874324324324323,"SM",1008,2699,"1008_20201231",1.230071932712472,4.387579879763106,37,8.672845700523636,-0.15227483112119014,4,"MI"
350348,4.491641025641026,"NM",10101,4187,"10101_20201231",0.4540957959096515,2.599518345374699,78,10.057510089231691,1.3937719738824712,2,"IN"
364756,6.754740740740742,"NM",10111,5506,"10111_20201231",0.11603164224458866,2.5682949636377077,54,11.409138725994897,1.1653523877813903,2,"IA"
224670,6.240833333333334,"NM",10118,3917,"10118_20201231",0.33018712796395566,3.015355199873847,36,10.290968276177152,0.8559686194118111,2,"IA"
35484,7.0968,"NM",10120,661,"10120_20201231",1.197271335096756,2.884402041269137,5,16.960800950279996,-0.9780108135882195,2,"IA"
167875,7.630681818181818,"NM",10121,1919,"10121_20201231",0,2.0021705774484486,22,19.66824497496013,1.142714821998454,2,"IA"
195233,7.508961538461539,"NM",10122,2336,"10122_20201231",0,2.140071810195106,26,8.92667428640481,1.159688307561256,2,"IA"
55732,6.192444444444444,"NM",10123,782,"10123_20201231",3.828225726470297,2.501516070345664,9,10.896287270642201,0.33279592953600856,2,"IA"
150310,6.2629166666666665,"NM",10125,1642,"10125_20201231",0.3629793873696313,1.7321621780843763,24,9.06230333543109,1.3147477336766524,2,"IA"
216773,6.375676470588235,"NM",10127,3679,"10127_20201231",0.48927708695732347,2.9001881100803537,34,10.834273847681821,1.105667147350373,2,"IA"
132356,7.785647058823529,"NM",10132,1714,"10132_20201231",0,1.9605189736804296,17,9.194860217714004,1.044997544130472,2,"IA"
205945,3.9604807692307693,"NM",10137,3148,"10137_20201231",0.858535935226629,3.071679128877858,52,13.284033987232041,0.815841319385685,8,"KY"
31289,5.214833333333334,"NM",10145,264,"10145_20201231",0,2.838469611678275,6,21.624431448992855,0.6644676762031976,4,"KY"
1189137,4.0863814432989685,"NM",10146,43834,"10146_20201231",0.12682255222333177,5.518281177120898,291,9.633749542793648,1.6867059076273676,4,"KY"
1921293,5.206756097560976,"SM",1014,25338,"1014_20201231",0.6000184290735633,2.7610197639540144,369,8.425216653334722,1.0300813197461,4,"MI"
332749,3.230572815533981,"NM",10157,6823,"10157_20201231",0.28883925132866056,3.6976774735615408,103,7.257275783100262,0.6860797985591673,4,"MI"
321673,4.467680555555556,"NM",10159,7414,"10159_20201231",0.009825499135356077,3.740870212378756,72,9.207260392374303,1.2789851234371732,4,"MN"
102791,34.263666666666666,"N",10160,234,"10160_20201231",0.12785051324605076,0.6033671124429281,3,18.230037355788085,0.996163152086982,4,"MN"
83037,5.5358,"NM",10162,1004,"10162_20201231",0.9638811711904253,2.2180291076900436,15,9.946533140965798,1.340278252277159,2,"MN"
173813,7.55708695652174,"NM",10163,2548,"10163_20201231",0.2908180551895494,2.3568513928569175,23,9.533984415825717,1.704728208427147,4,"MN"
278586,5.803875000000001,"NM",10165,3579,"10165_20201231",0.23057162309835624,2.3442626210407016,48,9.120603290476033,1.8288827471019824,2,"MN"
258658,6.1585238095238095,"NM",10167,3166,"10167_20201231",0.9539145771029829,1.9224149015151202,42,11.814409861707867,1.4047938018191395,8,"MN"
417785,7.5960909090909094,"NM",10168,4379,"10168_20201231",1.5039895432190173,2.458234420922409,55,11.734539969834087,1.5999540081017334,2,"MN"
185991,5.166416666666667,"NM",10169,2425,"10169_20201231",0.13841280457784094,2.7097781078121654,36,7.499060779797782,2.3926094672322002,4,"MN"
84655,4.455526315789474,"NM",10174,1383,"10174_20201231",0.07465356081932283,3.279333639404473,19,8.516264278142383,1.1515506202985708,2,"MN"
171537,7.147375,"NM",10175,2011,"10175_20201231",1.2698160224802504,2.4040384698616464,24,9.007731341854566,0.835445993072487,4,"MN"
126424,5.746545454545455,"NM",10176,1819,"10176_20201231",0.4783026201472404,2.5667403676861973,22,8.959093769666456,1.5388499911285811,4,"MN"
109287,5.751947368421053,"NM",10178,1480,"10178_20201231",0.4250500827454055,2.569128748383868,19,7.3330439869416715,1.2814363765275056,2,"MN"
147712,6.422260869565217,"NM",10184,2021,"10184_20201231",0,2.4455789024946863,23,7.205744532002798,1.2427487493428493,2,"MN"
57565,5.7565,"NM",10185,1086,"10185_20201231",1.6341991341991342,2.927477377730905,10,11.283783783783784,2.3982795440641644,4,"MN"
40955,8.190999999999999,"NM",10187,320,"10187_20201231",3.4473985498028243,1.3862138874809935,5,16.310483374004782,0.456158134820071,2,"MN"
177407,6.11748275862069,"NM",10191,3139,"10191_20201231",0.17911219440135903,3.1158559357780757,29,13.636439578309561,2.1483452000952403,4,"MN"
147152,3.872421052631579,"NM",10194,2547,"10194_20201231",0.3564024649987221,2.885618899654882,38,7.5892731716910635,0.6774866874607147,8,"MN"
90566,9.0566,"NM",10196,817,"10196_20201231",0,1.6330137749514897,10,10.07969374488371,1.6053966302280454,2,"MN"
70403,5.415615384615385,"NM",10197,803,"10197_20201231",0.9514370664023787,2.267648712943943,13,9.423173622584583,0.8240527153138466,2,"MN"
34000,5.666666666666667,"NM",10200,414,"10200_20201231",0.0262501640635254,2.2442641017934073,6,11.429900744416873,0.4775740573756805,2,"MN"
58927,5.8927,"NM",10202,956,"10202_20201231",0.5136947380384134,2.7157364000736472,10,8.296781159322492,1.726103644114606,4,"MN"
55450,5.040909090909091,"NM",10208,765,"10208_20201231",0.08247684304022332,2.4119690510026843,11,7.521310379408323,0.11053213327017213,2,"MN"
224935,11.838684210526315,"NM",10212,2737,"10212_20201231",0.5935887774621761,2.144566822262777,19,11.691231901011204,0.9945617783810057,4,"MN"
708185,19.140135135135136,"NM",10214,6152,"10214_20201231",0.6340355225113589,1.3122168649686812,37,12.096205163749783,2.153541058259576,4,"MN"
291879,9.7293,"NM",10218,3049,"10218_20201231",0.5602411472764364,1.9455838023786556,30,7.2965052176325385,1.7150132288902615,4,"MN"
319658,7.99145,"N",1022,2668,"1022_20201231",1.8590083428667095,1.4715634336976848,40,11.370129128099645,1.1481242900426127,2,"WI"
138936,4.962000000000001,"NM",10236,2162,"10236_20201231",0.06278777731268313,2.683020893987402,28,9.502756834199214,1.3430228601244716,2,"ND"
92392,9.2392,"NM",10243,1023,"10243_20201231",0.017735887301104692,1.7168774539325946,10,8.914518022522719,1.4869489301904322,2,"ND"
4165761,6.389203987730062,"NM",10248,70860,"10248_20201231",0.7029768012779116,3.418784854363979,652,7.987625029366797,1.6353020373729705,4,"ND"
356204,7.915644444444444,"NM",10249,4510,"10249_20201231",0.026602447425163114,2.070202376793096,45,8.991346159076198,1.6097835358484576,2,"ND"
130035,6.5017499999999995,"NM",10250,2030,"10250_20201231",4.0230811385835406,2.7939670436858615,20,9.043188338373264,1.0176109999367036,2,"ND"
71769,6.524454545454546,"NM",10253,673,"10253_20201231",0.9606431539981377,2.163906795457405,11,11.258020349539585,1.493812601867485,4,"ND"
728775,7.21559405940594,"NM",10255,9179,"10255_20201231",0.03349249424616124,2.1482089661043546,101,7.606378684463606,1.6754454572075663,4,"OH"
276650,4.940178571428572,"NM",10266,3068,"10266_20201231",0.02482273330671185,2.562424474556581,56,11.600135582614136,1.048552325135105,4,"OH"
325015,7.222555555555555,"SM",1027,2814,"1027_20201231",0.8795260410070221,1.8857729576289297,45,8.869465713903125,1.3701740289077864,4,"AR"
114090,3.803,"NM",10280,1822,"10280_20201231",3.3479663616649917,2.928742513906866,30,14.642493919964625,1.1168105736571197,8,"OH"
199605,4.641976744186047,"SM",1028,3259,"1028_20201231",3.1898926569772965,3.5934182251101614,43,10.749303834657537,0.971697771644102,8,"AR"
55360,6.151111111111111,"SM",10306,399,"10306_20201231",0.15736766809728184,1.7129909955661464,9,10.216651675726409,0.7187921167255894,2,"TN"
1191364,5.048152542372882,"NM",10307,18136,"10307_20201231",0.5530198109231047,2.8477036303329175,236,11.057553189869177,0.9083542439071369,4,"TN"
729599,4.963258503401361,"SM",10308,10564,"10308_20201231",0.5690649541884817,2.4400231528451837,147,9.127804894095586,1.1446604103562417,4,"TN"
116536,7.2835,"SM",10315,917,"10315_20201231",2.5146610368285245,1.7681531374369466,16,8.193543434033243,0.8732350500385366,2,"TN"
247697,5.629477272727272,"NM",10317,2908,"10317_20201231",3.6581294415033145,2.1879621563582585,44,15.161333293227397,0.9222207639722612,7,"TN"
424031,5.972267605633803,"NM",10318,6193,"10318_20201231",0.9334590407763518,2.865230710876778,71,8.112270501306478,0.7254669334703988,4,"TN"
111579,4.851260869565218,"NM",10319,1839,"10319_20201231",0.9550033111428671,4.183691253074108,23,6.261636812224271,0.11521852791386689,4,"TN"
71986,3.5993000000000004,"NM",10327,1465,"10327_20201231",0.10557651701339611,3.575519645895659,20,15.183725956934527,0.8090794844134034,4,"TX"
98613,4.482409090909091,"NM",10330,1551,"10330_20201231",2.045863913756486,3.161828430079594,22,8.041503211070253,1.3853086356815607,7,"TX"
638954,10.142126984126985,"NM",10334,7856,"10334_20201231",0.015359058408882385,2.4399133833578777,63,9.084288308181412,0.5103197790136131,4,"TX"
528001,8.000015151515152,"NM",10344,5149,"10344_20201231",0.20977839517181177,1.8618834602720589,66,11.268394175855683,1.4054029334486315,4,"TX"
145198,5.006827586206897,"NM",10345,1722,"10345_20201231",0.08417508417508417,2.7524231771542254,29,9.148182746410027,0.7865117285158694,7,"TX"
45747,5.083,"SM",10352,724,"10352_20201231",0.2066115702479339,3.0757097791798107,9,9.757238307349667,1.3144058885383807,2,"TX"
5636821,6.312229563269876,"NM",10359,83651,"10359_20201231",1.5488515856306195,2.9840334931580204,893,11.309849437161517,1.2896721191050917,4,"TX"
2053306,2.945919655667145,"NM",10363,54209,"10363_20201231",0.22971558074528373,5.0047169796449475,697,9.647139122036778,1.26733688377524,4,"VA"
113360,4.36,"NM",10374,1340,"10374_20201231",1.5988753067886674,1.840462639985313,26,11.293286599195001,0.7270056912061685,2,"WI"
363169,5.420432835820895,"NM",10378,6386,"10378_20201231",1.0801985780060763,3.0384863289949675,67,10.39420778467108,1.3816859363236673,4,"WI"
303261,6.189,"NM",10380,4415,"10380_20201231",0.12564803228030746,2.5865188168604334,49,11.169216150747447,1.1680816926220072,4,"WI"
172523,4.792305555555555,"NM",10382,2486,"10382_20201231",1.7604939245699855,2.9352685065485393,36,10.633840997584898,0.6343620581918088,4,"WI"
457300,6.928787878787879,"SM",10383,5129,"10383_20201231",0.8176778630442841,2.2610671554019013,66,8.945134376383695,0.9446723940530274,4,"WI"
315836,4.268054054054054,"NM",10384,3670,"10384_20201231",0.2616685674937057,2.8116948489516824,74,8.266089096854431,0.8407559797517934,4,"WI"
116483,4.65932,"NM",10407,1660,"10407_20201231",0,2.555357209333657,25,18.55035045615616,1.486414859539557,2,"CO"
6857988,7.619986666666667,"SM",1040,84780,"1040_20201231",0.9762428929101478,2.837800050193221,900,8.783304646637585,0.47234514123246085,4,"IL"
245613,6.140325,"NM",10434,3035,"10434_20201231",2.343217837518732,2.0626484565837115,40,11.222998689449861,0.8040381964709242,2,"IL"
64705,3.8061764705882353,"NM",10437,808,"10437_20201231",1.2966252220248669,2.462748829775471,17,11.899764472145225,0.9448913877505889,8,"IL"
207876,6.7056774193548385,"NM",10438,2363,"10438_20201231",1.715107752901577,1.908879411021143,31,11.124325359430355,0.8060281695330563,2,"IL"
102000,6.375,"NM",10439,1174,"10439_20201231",0.1687656516531775,1.9863144087812041,16,9.139238994086375,1.2447151903368263,8,"IL"
160832,6.43328,"NM",10446,2260,"10446_20201231",0.08778860503906594,2.264467615536085,25,9.55760571806417,1.457664301100847,2,"IL"
105504,6.594,"NM",10458,1013,"10458_20201231",0.2907610670931162,2.089784624041098,16,8.713296503708188,1.354650613832081,2,"IL"
197353,5.060333333333333,"NM",10460,3257,"10460_20201231",0.38879721512692417,2.4555465909448118,39,12.325865747159368,3.310036987751082,4,"IL"
40256,5.750857142857143,"NM",10463,248,"10463_20201231",0.31363486299108617,1.2435353888390799,7,8.81940515141824,1.762730408619144,4,"IL"
105020,3.7507142857142854,"NM",10464,1827,"10464_20201231",0,3.3715133908018604,28,8.302746976780126,0.844366655553968,8,"IL"
169124,4.124975609756097,"NM",10467,2385,"10467_20201231",0.2731461072357787,2.713027457857558,41,9.13003728242027,0.5701914266854514,2,"IL"
46313,6.616142857142857,"NM",10469,625,"10469_20201231",0,1.9480490925960943,7,17.36096515196099,1.1257349158117385,8,"IL"
17652,4.413,"SM",10471,392,"10471_20201231",1.8703597944031984,3.7651357342571656,4,14.631296014958513,-0.3787414643927326,2,"IL"
185693,5.158138888888889,"NM",10473,3483,"10473_20201231",0.008116590310594855,3.2397395604177586,36,7.691335154656744,1.3380264430904036,2,"IL"
305058,5.981529411764706,"NM",10474,3927,"10474_20201231",1.8481740104161166,2.309957653607597,51,11.25477891388472,1.233970613017031,2,"IL"
417487,5.029963855421687,"NM",1047,5999,"1047_20201231",0.8965582272512965,2.357888703888085,83,9.361233749556668,0.652092972665434,4,"IL"
26530,3.79,"NM",10489,487,"10489_20201231",0.007580926389204761,3.2059994563392444,7,6.97408100164141,-0.03198004445226179,2,"IA"
91529,6.537785714285714,"NM",10492,1245,"10492_20201231",0,2.0848581392345116,14,12.33547630424395,0.9525552159125156,4,"IA"
157258,6.8373043478260875,"NM",10494,2032,"10494_20201231",0,2.1283047765978704,23,12.714859700127395,1.0893063515154562,5,"IA"
157497,7.499857142857143,"NM",10497,1570,"10497_20201231",0.09728279100972828,1.7275409390854937,21,11.13573622613632,1.8420702510455085,2,"IA"
239312,5.836878048780488,"N",1049,2925,"1049_20201231",1.871602409769808,2.1834969591274866,41,12.993745920107813,0.6559786120873575,7,"IL"
128680,4.94923076923077,"NM",10500,1963,"10500_20201231",2.7439181860441093,2.6736759277086244,26,14.108471608770046,0.9768878546136397,2,"IA"
145549,4.54840625,"SM",10502,3156,"10502_20201231",7.681433200305256,3.3793044633012714,32,10.02620298771023,0.9365805520190544,2,"KS"
76277,7.6277,"SM",10503,1094,"10503_20201231",0.004350095702105447,2.147214014651578,10,16.85135651509362,0.9565249477033468,2,"KS"
175296,5.8431999999999995,"NM",10505,1852,"10505_20201231",0.03709810387469085,2.1740145624267173,30,8.958758017202804,1.1308662107020835,8,"KS"
195490,3.9098,"NM",10520,3378,"10520_20201231",0.6204148969777808,3.454172806963126,50,6.494543952699765,0.36051685006595824,8,"KY"
400672,5.643267605633803,"NM",10523,4174,"10523_20201231",4.085283136652301,1.833308485679344,71,10.70109529604741,0.283599539515056,7,"LA"
157800,6.06923076923077,"NM",10528,1791,"10528_20201231",2.768453792381363,1.958490566037736,26,9.646059761082416,1.6452830188679244,5,"LA"
195036,4.334133333333333,"NM",10531,3299,"10531_20201231",2.308371240410075,3.3327827915966184,45,8.377826045088325,0.8941745756909206,2,"LA"
222049,3.469515625,"NM",10532,3543,"10532_20201231",2.2296202852898803,3.30140363552044,64,9.28162438336857,0.9874028287342369,4,"LA"
258476,4.876905660377359,"NM",10533,4459,"10533_20201231",1.3622893286387914,3.0977245790379313,53,9.03011713075996,0.8651410879279051,2,"LA"
170489,5.8789310344827586,"NM",10561,3185,"10561_20201231",0,2.611575454136543,29,11.238450942707964,2.1629056581113493,2,"MN"
40916,5.1145000000000005,"NM",10567,767,"10567_20201231",0,3.3689622513868223,8,6.195434422377761,0.6467325125152212,8,"MN"
208562,8.021615384615385,"SB",10568,2809,"10568_20201231",1.4227268078142579,2.6807906892395006,26,8.164279982869042,0.3157636466434111,8,"MN"
48582,6.07275,"NM",10571,698,"10571_20201231",2.4806384400676182,2.434355240996567,8,11.597651108636226,0.34053362539460486,2,"MN"
115194,4.79975,"NM",10576,1827,"10576_20201231",0.9459507396152346,2.7963279113366704,24,8.199014020488795,1.052811873409379,2,"MN"
29395,5.879,"NM",10582,330,"10582_20201231",0.20939972080037225,2.048216776250249,5,8.506293394720231,0.23909145248057379,7,"MN"
125491,4.183033333333333,"NM",10588,2278,"10588_20201231",1.2520059104847552,3.069619123929891,30,11.513885781059646,0.49227445395652414,4,"MS"
2273804,8.516119850187266,"SM",1058,30055,"1058_20201231",0.39709128713066727,2.3869155007112917,267,8.607850544925116,0.7140625028388083,4,"MO"
177187,3.6913958333333334,"NM",10594,3311,"10594_20201231",0.5960953023315164,3.4112941130390504,48,10.377401620701084,0.9424816889271865,4,"MS"
212877,5.913250000000001,"NM",10595,2410,"10595_20201231",0.453551912568306,2.031913777597616,36,7.98862597356592,1.638262311411411,2,"MO"
41154,4.572666666666667,"NM",10597,592,"10597_20201231",4.09988551803091,3.2855757836906174,9,8.61957708726298,0.3204782936550684,2,"MO"
148855,3.8167948717948716,"SM",105,2115,"105_20201231",0.7169689814317913,3.0795716208188004,39,8.609167655442358,0.9381093555087545,2,"AR"
377187,2.969976377952756,"NM",10608,6169,"10608_20201231",2.4241929003833764,3.3115390413023817,127,7.630897544223064,0.7002141375090887,4,"MO"
887649,5.190929824561404,"NM",1060,12767,"1060_20201231",0.20509874238022652,2.74586621632895,171,10.624721085576258,1.6074228416241416,4,"MO"
657572,5.0196335877862595,"NM",10618,9057,"10618_20201231",1.1078954221244577,2.5334327757674577,131,13.099370219578855,1.1852355779793684,2,"MO"
1724992,5.7692040133779265,"NM",10619,24213,"10619_20201231",2.676024289780863,2.705259637340197,299,10.409417049141798,1.026919782572275,4,"MO"
116935,4.8722916666666665,"NM",10623,1461,"10623_20201231",0.7554691949479044,2.2929470646769845,24,8.111054766734279,1.4778616145522754,8,"MO"
33489,4.186125,"NM",10626,499,"10626_20201231",0,2.9784941575691524,8,12.811148767091272,0.19815345746821805,2,"MO"
129191,4.968884615384615,"NM",10628,1183,"10628_20201231",0.21093829419538476,2.18349931211563,26,7.281670707275434,1.2296548757703811,2,"MO"
6315152,7.040303232998885,"NM",10634,72817,"10634_20201231",0.24380839758756132,2.1174858681243998,897,9.776312592476593,1.385633410910384,2,"NE"
14335,4.778333333333333,"NM",10635,321,"10635_20201231",0.44239087691702716,3.5990628564382376,3,9.068767908309455,0.31597768118622643,2,"NE"
113644,4.94104347826087,"NM",10637,1724,"10637_20201231",7.89701323978182,2.478763526135843,23,10.239498062116551,0.9270029255225406,2,"NE"
216772,5.704526315789473,"NM",10639,3819,"10639_20201231",2.912765641254272,2.747128720023115,38,9.910552356804537,1.442863334296446,2,"NE"
118620,9.885,"NM",10641,686,"10641_20201231",1.2284052435107213,1.7339811644054903,12,8.333193818954982,2.677809907512467,2,"NE"
370401,6.277983050847458,"NM",10643,8556,"10643_20201231",0.7588438093334666,3.5848277058884035,59,8.88245226719576,2.371209670329165,4,"NE"
31200,3.12,"NM",10644,523,"10644_20201231",1.6978417266187051,3.1766548354226076,10,8.208931368474891,-0.2838130800216109,2,"NE"
54805,6.089444444444444,"SM",10647,862,"10647_20201231",0,2.6085575810732133,9,10.227780259044216,1.1284846926816727,2,"NE"
526749,6.124988372093023,"SM",10663,4350,"10663_20201231",0.23130782695673918,2.345850095861359,86,7.752587452909228,0.9081382873104257,5,"OH"
1452171,5.808684,"SM",10667,23755,"10667_20201231",0.6755669143054084,2.8778922484362224,250,7.783017240546542,0.995212809547822,4,"OK"
129430,4.314333333333334,"NM",10672,2068,"10672_20201231",1.6373758323327148,3.034420138668661,30,10.780079811949927,1.3002273311457024,4,"OK"
130788,5.944909090909092,"NM",10674,2045,"10674_20201231",0.7179398994024333,2.506284873382795,22,11.578580308681282,2.006560794653259,4,"OK"
750757,4.634302469135803,"NM",10677,9809,"10677_20201231",0.40935514655327093,2.6789048850737522,162,8.457678253434915,0.7361026479460815,4,"PA"
531168,4.8288,"NM",10678,7360,"10678_20201231",0.5510305994179739,2.6137628777068667,110,9.846230488841396,1.148213193671303,5,"PA"
507965,6.120060240963856,"NM",10685,5861,"10685_20201231",0.9115261552198825,2.029694952303199,83,9.288307645985794,1.1094292003249162,4,"PA"
1242688,22.190857142857144,"SM",1068,8049,"1068_20201231",0,1.43103908588593,56,14.484685919235476,1.661416661713832,4,"MO"
404728,4.547505617977528,"NM",10693,6938,"10693_20201231",1.3322914254842941,3.4987676942860446,89,8.147308050491917,1.0778206420654937,4,"TN"
42536,4.726222222222223,"SM",10704,526,"10704_20201231",0,2.127417669154849,9,7.651948923121152,0.40668004775210886,7,"TX"
283982,6.310711111111112,"NM",10709,3253,"10709_20201231",0.6888267700771872,2.178856701980057,45,9.478299245411334,1.792684033765998,8,"TX"
306595,10.949821428571429,"NM",10719,2441,"10719_20201231",0.23989281769956367,1.337099683952091,28,10.805798615645815,0.8742183579073016,2,"TX"
686706,9.406931506849315,"NM",1071,6185,"1071_20201231",1.7703322740924472,1.507223957630478,73,10.741857946135356,0.7607820477173369,4,"MO"
540147,5.1937211538461545,"SM",1073,6579,"1073_20201231",0.35517964787423323,2.515427099371338,104,12.499145450749324,1.4392688655177008,4,"MO"
80314,5.0196250000000004,"NM",10741,1285,"10741_20201231",1.1281795893349678,2.939819846567383,16,7.870908998937731,0.6150028894532306,2,"WI"
143278,7.1639,"SM",10788,1378,"10788_20201231",0.016889609512228076,1.6516682446619455,20,11.769784573394048,1.3895816470686622,4,"IL"
258206,19.862000000000002,"NM",10791,1724,"10791_20201231",0.7493704885009232,1.1829463782484262,13,13.401775054190542,1.4208369355792372,2,"IL"
135735,4.524500000000001,"NM",10799,1882,"10799_20201231",1.5159656125268652,2.3137647036272675,30,10.891384204996758,1.1445028720393076,2,"IL"
43400,4.822222222222222,"NM",107,635,"107_20201231",0.5746233887249573,2.8266807389925583,9,12.305576845047565,0.10994004602823261,7,"AR"
25552,3.6502857142857144,"NM",10803,373,"10803_20201231",0.9359569607192866,3.260413979881352,7,7.475031210986267,0.34659530564869745,2,"IL"
128485,6.762368421052632,"SM",10804,1692,"10804_20201231",0.6388542223806977,2.356570252130639,19,8.401381138621153,1.1739816741804936,7,"IL"
43269,5.408625,"NM",10809,551,"10809_20201231",0.6483882919599852,2.305888922586639,8,9.218243289864073,0.18774460956342157,2,"IL"
21744,1.9767272727272727,"NM",10816,587,"10816_20201231",4.852554340301814,5.737189563030493,11,3.0254362357843565,-4.636906633134235,4,"IL"
54621,6.827625,"NM",10820,636,"10820_20201231",0.3106672086406132,1.8522789517686742,8,14.533864541832669,1.0522674200709201,2,"IL"
95607,5.3115,"NM",10821,1173,"10821_20201231",3.7440435670524166,2.1249921058356,18,12.325488211227805,1.0268261248891895,2,"IL"
266204,5.663914893617021,"NM",10828,2967,"10828_20201231",5.231611555363446,1.987600911553538,47,12.830551574978239,1.1220518965799353,4,"IL"
229658,4.686897959183674,"NM",10829,4140,"10829_20201231",0.472869374075632,3.1021578478978786,49,11.101265090016877,2.0189760352457538,2,"IL"
281595,8.79984375,"SM",10831,2261,"10831_20201231",0.06900971065214176,1.4576644047172989,32,14.900186108889837,1.0343499163548664,2,"IL"
22200,5.55,"NM",10840,579,"10840_20201231",1.6739344492896329,3.291820871666556,4,11.585739179578958,0.42337002540220153,2,"IL"
40142,3.6492727272727277,"NM",10843,801,"10843_20201231",5.667970084658896,4.659329140461216,11,8.154946483945183,-2.355870020964361,4,"IL"
249677,4.1612833333333334,"N",10844,3567,"10844_20201231",0.6540912351774486,2.743603147574018,60,11.134200294945703,1.2193312526633784,8,"IL"
170826,4.745166666666666,"NM",10845,2198,"10845_20201231",2.862757841635331,3.155159387423059,36,9.005993165586581,0.5901429647269048,2,"IL"
255314,5.550304347826087,"NM",10849,3516,"10849_20201231",0.07960824714681367,2.38616834040791,46,8.363357457520452,1.0833419608655142,2,"IL"
205813,4.573622222222222,"NM",10853,3623,"10853_20201231",0.814421732750047,3.663014973178373,45,9.955533107532633,1.1285461978336855,4,"IL"
115317,3.8439,"NM",10855,2034,"10855_20201231",1.7302382930817273,3.3306540193347054,30,10.771641545534036,0.484640620339994,2,"IL"
95742,11.96775,"NM",10858,777,"10858_20201231",0,1.515760686112837,8,14.574034345673237,1.1190828895343712,2,"IL"
150443,3.134229166666667,"NM",10860,2598,"10860_20201231",5.836658984879996,3.2494060300498595,48,9.775119648295702,0.5821184370503396,4,"IL"
290084,7.0752195121951225,"SM",1086,3255,"1086_20201231",0.675172208239502,1.726917702697861,41,12.880167097111084,1.029701551359679,5,"MO"
85274,6.5595384615384615,"NM",10871,1051,"10871_20201231",0.7071889634223516,2.4472660249846405,13,13.978922971064353,2.174636493958632,4,"IL"
19059,3.8118000000000003,"NM",10872,323,"10872_20201231",2.4133504492939664,2.9246946931303164,5,10.354120627391797,0.6195441048424906,2,"IL"
60980,1.451904761904762,"NM",10878,1477,"10878_20201231",0,4.843619730914265,42,12.81286258909332,1.7401081544145207,4,"IL"
208126,6.5039375,"NM",10879,3040,"10879_20201231",0.3072750005297845,2.2968015294786337,32,11.691971418209619,1.8539761277321345,2,"IL"
63454,4.5324285714285715,"NM",10883,998,"10883_20201231",1.2620681633127835,2.9983037484769572,14,12.358834679281948,0,2,"IL"
18235,3.647,"NM",10885,317,"10885_20201231",0.8791525545867263,3.1262705625089287,5,9.879557291666668,0.1923013527026582,8,"IL"
595880,4.4803007518797,"NM",10886,10837,"10886_20201231",1.1311949908441137,3.5202622898606712,133,8.657879959039407,1.3967510148470688,2,"IL"
358241,12.794321428571427,"NM",10903,3122,"10903_20201231",2.134427662571026,1.3604160163956631,28,11.4998538154176,1.4434543966172166,4,"IA"
91360,6.0906666666666665,"NM",10906,1041,"10906_20201231",0.8509741969457609,2.1978399157933275,15,10.264331532179247,0.8535078486110477,8,"KS"
329515,5.230396825396825,"NM",10907,5119,"10907_20201231",2.6553565648937316,2.400720086885663,63,12.113980387538277,0.9717815305978813,2,"KS"
253888,5.289333333333333,"NM",1090,3863,"1090_20201231",0.40462252418939004,2.494572249391434,48,15.001396480868213,1.4414958492679497,4,"MI"
155749,19.468625,"NM",10916,1049,"10916_20201231",0.04344620569803571,1.8169257042562021,8,13.31401766004415,0.8007399842868242,4,"KS"
258293,4.967173076923077,"NM",10918,3960,"10918_20201231",1.1898045099729053,2.745375074544477,52,12.856834969337175,1.8310420228896094,2,"KS"
107607,8.277461538461539,"NM",10919,1191,"10919_20201231",0.048336421493595426,1.7730531956005053,13,15.366781483023582,1.0552219470146431,2,"KS"
202613,6.33165625,"SM",10920,2125,"10920_20201231",0.6233177503895736,1.7369460689032457,32,17.68394376637101,1.0113330337570547,2,"KS"
157574,4.258756756756757,"NM",10928,2372,"10928_20201231",0,2.7861589606531845,37,9.338503884344291,0.7265917903141574,4,"MI"
124167,4.281620689655172,"NM",1092,1779,"1092_20201231",0.5926156498419692,3.0228495634516377,29,9.02990781780654,1.2229849378850137,4,"MI"
383782,3.4889272727272727,"NM",10956,7566,"10956_20201231",0.8180608295381009,3.446296199646111,110,11.280550053430277,1.8547482396727564,4,"MN"
119290,4.418148148148148,"NM",10957,2043,"10957_20201231",3.416763760405407,2.719510362935247,27,6.266939587867412,-0.02593416656531475,2,"MN"
744238,5.432394160583942,"NM",10958,12267,"10958_20201231",1.125131218340273,3.0002264862803782,137,8.822541100919715,1.3964742680049425,2,"MN"
328036,4.896059701492537,"SM",1095,4095,"1095_20201231",0.5203730437980645,2.4272982727251717,67,9.379130502239235,1.0440915709912926,4,"MI"
83087,9.23188888888889,"NM",10960,1114,"10960_20201231",0,2.0844708199598925,9,12.674329312095914,1.8459175498665634,2,"MN"
273819,5.952586956521739,"SM",10962,4815,"10962_20201231",0,3.2464897963005153,46,9.239045539922202,1.3653826348295846,4,"MN"
140209,4.005971428571429,"NM",10965,2898,"10965_20201231",1.4983893235158767,3.84080390224429,35,9.116335323909592,1.185924225601617,7,"MN"
162976,4.656457142857143,"N",10967,3386,"10967_20201231",1.1161989470816231,3.5046392629526393,35,10.269737921978443,1.278578252391609,2,"MN"
54046,4.157384615384616,"NM",10969,942,"10969_20201231",1.7897091722595078,3.0813318447282825,13,11.033182503770739,1.352239154880757,4,"MN"
98255,6.550333333333333,"NM",10971,1387,"10971_20201231",0,2.5029859816021625,15,8.924769150108604,1.350501854451732,4,"MN"
747369,6.498860869565218,"NM",10973,11271,"10973_20201231",0.45305366604939407,2.7030524363416775,115,9.610809426776056,1.0462825840031058,4,"MN"
233954,5.998820512820513,"N",10976,3269,"10976_20201231",0,2.4441584326810166,39,10.63524902155709,1.5187606836381844,4,"MN"
133374,6.3511428571428565,"NM",10980,1890,"10980_20201231",0.013159226642372712,2.1572801942441275,21,9.614653796458159,2.3431829460898186,2,"MN"
36811,6.135166666666667,"NM",10982,480,"10982_20201231",0,2.1779481315043934,6,15.698210147153269,1.077480935770643,2,"MN"
152931,5.6641111111111115,"NM",10984,2170,"10984_20201231",0.0026239602557486595,2.55929412547402,27,9.33911644892094,1.1122846118022751,4,"MN"
87769,6.751461538461539,"NM",10987,1201,"10987_20201231",0.23657751199316554,2.3947200750153277,13,10.307258457252228,0.2536575983073464,4,"MN"
2172170,5.337027027027027,"N",10988,41256,"10988_20201231",4.245912074681506,2.9030176823586986,407,21.960128750617784,1.7530129139916428,4,"MN"
197992,5.823294117647059,"NM",10989,2821,"10989_20201231",0,2.563561783192373,34,11.557216070142347,2.3718303695792176,4,"MN"
80072,8.007200000000001,"SM",1098,1020,"1098_20201231",0,2.3388864948953736,10,10.761801893385856,0.4078822914041178,2,"MN"
88501,4.022772727272727,"NM",10991,1493,"10991_20201231",4.038448335049777,3.0267691735554263,22,10.396448596071865,0.7701790350609371,8,"MN"
73899,6.718090909090909,"NM",10993,1009,"10993_20201231",0.28509392995374305,2.4675632527281706,11,8.304597309490385,1.190941986559777,2,"MN"
169976,9.443111111111111,"NM",10998,1744,"10998_20201231",0.0012368889768454383,1.7953632907607535,18,9.891028212327852,1.7439718508393491,2,"MN"
240227,5.8591951219512195,"NM",109,2983,"109_20201231",1.5755926765021517,1.8947953672167994,41,12.155651011917056,1.5737375563450062,8,"AR"
1028058,7.189216783216783,"SM",11000,10521,"11000_20201231",0.3607375629073509,2.5443846672631167,143,8.043776139142462,1.6919981833375402,4,"MO"
163063,5.435433333333334,"NM",11002,1778,"11002_20201231",0.37435952947968537,1.9696263568030867,30,13.543264685071666,1.427425842851675,2,"MO"
70491,2.517535714285714,"NM",11003,1968,"11003_20201231",0.874658490083928,4.9889386805831295,28,8.812076831429982,-0.18151908786658347,8,"MO"
332463,7.388066666666667,"SM",1100,4356,"1100_20201231",0.4876154084369538,2.5060385683293775,45,8.316867752571717,1.661096965145096,2,"MN"
144988,8.05488888888889,"NM",11013,1420,"11013_20201231",0.5518256231030993,1.7116516169660936,18,20.653767325528886,1.0356462268304003,2,"MT"
5892261,12.25002286902287,"SM",11035,77516,"11035_20201231",0.45264607354448644,2.1289048706106444,481,9.706957021976413,0.5301661864905698,4,"NJ"
17587973,7.143774573517466,"SM",1105,191371,"1105_20201231",0.4851861566909219,2.304141182160523,2462,7.884537178956466,1.1255454478838915,4,"MT"
49883318,7.558078484848485,"NM",11063,722264,"11063_20201231",0.5986389514431295,2.911313307642212,6600,8.72400945877003,1.0746596283352066,4,"NC"
27162596,10.242306184012067,"NM",110,206834,"110_20201231",0.36319636540218714,1.6079036300631746,2652,13.699167520116204,1.1352905056400755,4,"AR"
1610627,3.719692840646651,"NM",11112,32296,"11112_20201231",0.9303704868188583,3.730997802779877,433,7.959491855073858,0.7702193743045012,4,"PA"
419317,4.991869047619048,"NM",11113,4861,"11113_20201231",1.8777973601795381,2.253396057928791,84,20.847370510843643,-0.11424124358328386,6,"PA"
8954696,7.6275093696763205,"NM",11124,91498,"11124_20201231",2.0329805637135943,2.0575906513219384,1174,9.271312463780184,0.28887639020521716,4,"PA"
53418,4.4515,"NM",11133,810,"11133_20201231",0.16181714662431454,3.053790423766544,12,11.5131198705352,0.5281903913870563,2,"SD"
361534,3.9297173913043477,"NM",11159,5335,"11159_20201231",2.4751276480925433,3.1521266086473996,92,11.945305874852217,0.20305624825891852,4,"TX"
37547,2.6819285714285717,"NM",11175,1026,"11175_20201231",0.6784132667483276,5.694533746031272,14,10.134685307522917,1.1488752984334427,2,"TX"
471729,7.487761904761904,"SM",11178,6296,"11178_20201231",1.5726540161164544,4.65399431048697,63,8.390730353741407,1.2958939902310844,4,"TX"
1148987,7.924048275862069,"NM",1117,15890,"1117_20201231",0.22389259230665057,2.477176607288579,145,9.248312256432524,1.723913870239672,2,"SD"
126099,5.482565217391304,"NM",11181,1839,"11181_20201231",0.6952857519094022,3.042093418016059,23,9.514319640618124,0.9761747474169515,8,"TX"
122966,6.148300000000001,"SM",1118,1605,"1118_20201231",0.21365855180050217,2.0766198148782995,20,11.895189469616621,1.1750085704490916,2,"SD"
1219037,8.40715172413793,"SM",11200,15183,"11200_20201231",1.8457669787624469,3.1910371574220027,145,10.7468900273959,-0.016899651534180337,4,"VA"
131662,5.984636363636364,"NM",11225,1857,"11225_20201231",0.04332016225369863,2.3336023949221336,22,9.383943598613232,2.0623488583514034,4,"WI"
374209,4.563524390243902,"NM",11228,5148,"11228_20201231",0,2.318508481433621,82,18.430359274306333,1.2346777020346023,4,"WI"
445272,5.497185185185185,"NM",1122,6652,"1122_20201231",0.7513807513807513,2.3316640462741898,81,9.015895251759549,1.695005726042819,2,"SD"
164826,7.848857142857143,"NM",11232,1982,"11232_20201231",0,2.2098408123925584,21,8.74804565594893,2.132135120655127,4,"WI"
78352,7.122909090909091,"NM",11235,698,"11235_20201231",0.6283462224866151,1.778828497980169,11,18.41011910257594,1.0371717774513405,7,"WI"
1119003,5.8586544502617794,"NM",11236,18229,"11236_20201231",1.4677279974683852,2.901227392252437,191,9.008692862227658,1.3606737429451,4,"WI"
16366379,8.110197720515362,"SM",11241,151678,"11241_20201231",0.660724030122485,1.8113809337666968,2018,11.614002749294574,1.4883205187904234,4,"AR"
142787,4.923689655172414,"NM",11242,2164,"11242_20201231",0,2.6863442472424652,29,12.096963666265877,1.6555377337657056,2,"AR"
165615,4.358289473684211,"SM",11243,2415,"11243_20201231",1.3148021828103684,2.6564844455759937,38,10.736789758082613,2.0871916222842275,2,"AR"
182240,4.238139534883721,"N",11252,3056,"11252_20201231",2.311836104873042,2.6244187814436684,43,33.479223178179765,0.8504115333731213,2,"AR"
156656,4.351555555555556,"SM",11259,2813,"11259_20201231",0,3.367305223447059,36,8.848888692946712,1.5319625042136142,4,"CO"
202377,6.528290322580646,"SM",1125,2868,"1125_20201231",1.2717852096090438,2.1351842529628082,31,13.104434907010015,1.674445193382422,2,"SD"
44479,4.4479,"NM",11261,742,"11261_20201231",0,3.1824547543809247,10,14.10486194613971,1.1782713300775638,2,"CO"
270203,4.503383333333334,"NM",11295,4628,"11295_20201231",0.48521443782516105,3.2739224072607107,60,9.865537168772468,1.1702234852425684,4,"GA"
323617,5.579603448275862,"NM",11299,6327,"11299_20201231",0.7491549796286042,3.9629169747617787,58,8.625292508486867,1.33655147397352,4,"IL"
23505,4.701,"NM",11300,353,"11300_20201231",0.9381355376238274,2.5381836899511003,5,11.429054482437973,1.0161609527951083,8,"IL"
30995,6.199,"SM",11302,292,"11302_20201231",0.8042279411764706,1.8296257859304135,5,16.065490705260157,1.2264894771246233,2,"IL"
621693,6.155376237623762,"NM",11306,9649,"11306_20201231",0.9107552191504745,2.7488192169253045,101,9.115733715621593,0.9673508658728412,4,"IL"
293209,5.9838571428571425,"NM",11307,4260,"11307_20201231",0.23303639450870647,2.5314699363555357,49,12.677118943769894,1.4482060383832411,2,"IL"
286755,4.77925,"NM",11310,3626,"11310_20201231",1.066904801071605,2.5648826954870145,60,9.265604578049384,0.5372868097393207,4,"IL"
38378,6.396333333333334,"NM",11311,447,"11311_20201231",0.007632422530911312,2.5626472662229327,6,9.515876880494119,0.17485624523445067,7,"IL"
119401,4.264321428571429,"SM",11317,1639,"11317_20201231",4.5142646010926075,2.847919991641778,28,8.802053870588747,0.41340774072219366,2,"IL"
56162,5.6162,"NM",11319,584,"11319_20201231",0.0796676719968133,2.1828551240315948,10,12.028120856883678,0.20548760044558365,7,"IL"
86575,4.32875,"NM",11324,1299,"11324_20201231",0.028719876765619698,2.7519933737419184,20,7.718592716865687,0.9024186353282835,2,"IL"
258204,8.068875,"NM",11329,2213,"11329_20201231",0.4473029484939919,1.671236104716312,32,9.792701922422388,1.162762519856374,4,"IL"
51353,7.336142857142858,"NM",11343,599,"11343_20201231",0,1.8318798699623304,7,12.539397103466946,0.82762069964712,2,"IA"
406330,8.833260869565217,"NM",11347,5856,"11347_20201231",0.3789145974288426,2.230771699802656,46,10.924836764192793,1.127007334817194,4,"IA"
149030,4.6571875,"SM",11348,3163,"11348_20201231",1.4145467136484917,3.4980320444593658,32,10.014653577055114,1.2579200388590859,2,"IA"
30951,6.1902,"NM",11351,367,"11351_20201231",1.8754141815772036,2.5362958776360878,5,12.437311935807422,0.5404641633402805,4,"IA"
70957,6.450636363636364,"NM",11352,993,"11352_20201231",0.2704558220816776,2.097393802106443,11,9.904390471062474,1.3121482450199669,2,"IA"
105644,4.22576,"NM",11355,1596,"11355_20201231",0.956856335342391,3.084927665848854,25,12.969756492099712,0.8580993703242649,8,"KY"
257465,4.0228906250000005,"NM",11358,3277,"11358_20201231",0.32565773948429655,2.5493704068009246,64,12.988025252446914,2.9765028349389446,4,"KY"
1250802,6.414369230769231,"NM",11406,17817,"11406_20201231",0.7307104062925383,2.910881802083521,195,9.273387538363115,1.3445311226366898,4,"MI"
395737,5.073551282051282,"NM",11407,6126,"11407_20201231",0.42059178001328185,3.043402731378785,78,8.813479014361238,0.7689241075803334,8,"MI"
125236,4.816769230769231,"NM",11409,2006,"11409_20201231",0.12369875337360237,2.457970994750312,26,9.514111840529015,1.0182657809911233,8,"MN"
67545,4.824642857142857,"NM",11411,1329,"11411_20201231",0.6426556937445097,3.1358315244052983,14,7.447015943963642,0.4921780562333469,2,"MN"
186197,5.642333333333333,"NM",11415,2970,"11415_20201231",0.5451628348467412,2.340334170776782,33,8.440440963485907,1.5396623181288716,2,"MN"
35143,5.857166666666667,"SM",11417,517,"11417_20201231",0,2.7989500933984424,6,10.745493871665465,1.9460511378993461,2,"MN"
181260,4.4209756097560975,"SM",1141,3736,"1141_20201231",0.3491718963808805,3.4236921423735507,41,10.080631481334887,2.1093894937706152,4,"CO"
276105,4.7604310344827585,"NM",11423,4136,"11423_20201231",0.26099970068841666,3.2754409641134496,58,9.119678111508183,0.8676769092435149,4,"MS"
268989,5.603937500000001,"NM",11431,3791,"11431_20201231",0.02797603613685058,2.725921415801646,48,11.484342615970155,0.8309788931361143,8,"MS"
1376079,16.381892857142855,"NM",1143,8605,"1143_20201231",0.41574819630954796,2.2057902756944117,84,10.932594270614233,1.42618250674386,4,"KS"
150107,8.829823529411765,"NM",11445,2262,"11445_20201231",0.3795375948843987,3.18550834813096,17,14.33021602549809,0.9190602892203306,2,"MS"
117022,3.3434857142857144,"NM",11446,2467,"11446_20201231",0.8762147522701929,3.570419437102318,35,10.083326100164916,0.5186184005808525,4,"MS"
423388,3.681634782608696,"NM",11448,5795,"11448_20201231",0.595904482443012,3.2154048893869587,115,9.42883113236131,0.9639729381978167,4,"MS"
609001,7.081406976744185,"NM",11459,7822,"11459_20201231",1.4248683158900801,2.0454113245892147,86,10.030674227594696,1.8270330643490305,4,"MO"
142600,4.6,"NM",11462,2238,"11462_20201231",0.49899257020526383,2.492689125187712,31,9.030494907559511,1.2653437175114453,2,"MO"
145360,5.383703703703704,"SM",11463,1682,"11463_20201231",3.342211433644629,1.9907581079698529,27,15.224473139995713,1.2397833327649515,8,"MO"
63555,5.777727272727272,"NM",11465,906,"11465_20201231",1.301158661932349,2.596394206355187,11,11.56704909943252,1.2678921865734476,2,"MO"
107774,2.69435,"NM",11466,1643,"11466_20201231",1.236378274245953,3.793120396836199,40,8.832608654732999,-0.8998381803608426,8,"MO"
73919,7.3919,"NM",11475,922,"11475_20201231",0.8384509053003694,2.253438937611893,10,11.298822286183068,0.9433000203956762,4,"NE"
208914,7.461214285714286,"SM",11477,2016,"11477_20201231",0.008131155538841512,1.6423555953409674,28,16.40988593529617,1.3023973010312586,2,"NE"
487422,5.241096774193549,"SM",1147,7721,"1147_20201231",3.4370926452342436,2.605826101129541,93,9.349955476402494,1.9007280951859982,2,"KS"
297302,4.573876923076924,"NM",11482,4727,"11482_20201231",0.026574400348656137,2.5504413953537703,65,16.162971452886453,1.4951229083658295,2,"NE"
400466,6.674433333333334,"NM",11491,3803,"11491_20201231",0.18375114844467777,1.6592315104717246,60,11.769793460637496,1.3739722432640036,2,"NM"
606977,5.892980582524272,"NM",11492,12351,"11492_20201231",0.22962605802235156,3.8281513889112286,103,9.29583835946924,0.31575738496971867,4,"NM"
596844,4.293841726618705,"N",11501,10238,"11501_20201231",0.27850183621218966,3.074576164564527,139,7.429455202615352,0.588289509391785,4,"NY"
2830716,6.16713725490196,"NM",11507,40068,"11507_20201231",0.37804788102176945,2.4971547984607954,459,8.494486715953448,1.2891828523171613,4,"NC"
150380,4.699375,"NM",1150,1950,"1150_20201231",0.24382185053948435,2.447061342770321,32,8.085275273572604,0.8523155511664043,4,"KS"
210399,5.394846153846154,"NM",11519,5272,"11519_20201231",0.01789100797938956,3.5293433124686113,39,13.543133114343814,1.8399541057772009,2,"ND"
293241,2.6658272727272725,"SM",11521,12442,"11521_20201231",0.018436990189286434,7.857056307529735,110,11.44360481388189,4.179934172837105,4,"OK"
737968,5.676676923076923,"N",11522,10248,"11522_20201231",0.3383228851265868,2.6377257266308773,130,9.585436438635172,1.3126723865700738,4,"OK"
323817,6.889723404255319,"SM",11526,4465,"11526_20201231",1.2723133461799385,2.2689056983372455,47,9.246198823103159,1.7480620919544765,2,"OK"
49069,3.5049285714285716,"NM",11527,1137,"11527_20201231",0.4057410985371239,3.4668199265173754,14,12.066536203522505,1.0981341981567767,2,"OK"
394364,3.7558476190476195,"NM",11539,5839,"11539_20201231",2.4133277284895684,2.879714769057482,105,8.218447494258944,0.990415129042019,4,"SC"
285903,6.215282608695652,"NM",11557,3368,"11557_20201231",0.018065940683494753,2.039163519832294,46,12.023719225616196,0.9509168070277281,7,"TX"
518391,8.937775862068964,"NM",11559,5565,"11559_20201231",1.8269617230536446,1.80806753186781,58,15.533635562222306,0.9987515110207815,7,"TX"
1159566,5.270754545454546,"NM",11569,16744,"11569_20201231",0.5590694809655793,2.9438772549401873,220,8.956330521739682,1.0622081108625903,4,"TX"
41874,4.652666666666667,"NM",11570,684,"11570_20201231",0.01776893279789616,3.2911562446718916,9,8.375937694108652,0.537331631783166,8,"TX"
3432910,8.393422982885085,"NM",11578,41236,"11578_20201231",1.5295990306115246,2.10060985787771,409,10.753658737843041,0.8221558322709025,4,"VA"
636001,8.712342465753425,"NM",11580,7064,"11580_20201231",0.023042027698437464,2.2521605480792495,73,16.779730101204148,0.9758755487231026,7,"VA"
169918,3.8617727272727276,"NM",11582,2721,"11582_20201231",1.214858782858261,2.9687375565210465,44,15.476844771554196,0.9777809239808515,4,"VA"
497574,4.7388,"SM",11595,8101,"11595_20201231",0.6908151251509915,2.7280167318359556,105,9.986581891746832,1.3281924229764206,2,"WI"
244461,6.26823076923077,"NM",11601,2445,"11601_20201231",3.6432383624373177,1.7895642009467825,39,10.069770873295251,0.6149143887318372,8,"WI"
329664,9.696,"NM",11608,3711,"11608_20201231",0,1.7871874254505618,34,10.669548300771073,2.3266088351829364,4,"WI"
389427,5.124039473684211,"NM",11623,7324,"11623_20201231",0.6248197939869016,3.4453412552667726,76,8.42482385255364,1.143367957931283,4,"WI"
102512,6.407,"NM",11634,1658,"11634_20201231",5.393510528132551,2.479819808367629,16,12.557868119042986,0.20358953172421465,2,"IA"
108190,6.364117647058824,"SM",1163,1407,"1163_20201231",0,2.821292611433205,17,6.856178033658105,0.29155320306042515,8,"NE"
772240,6.6003418803418805,"NM",1164,6937,"1164_20201231",0.5904729989698527,1.9356682846441546,117,9.27694910203721,1.664991431473934,4,"NM"
118718,13.190888888888889,"NM",1165,1090,"1165_20201231",0.2738104047953822,1.4700669349625706,9,10.81491114000867,1.1989907625581249,2,"OK"
2428362,5.660517482517482,"NM",11666,37890,"11666_20201231",0.3943450229841858,2.767755075555396,429,8.493491466840615,1.2331380949300197,4,"ID"
147296,7.752421052631578,"NM",11667,1214,"11667_20201231",0.047881010594947024,1.4006016877708511,19,15.26465275778121,1.7170939664870624,2,"IL"
243220,4.504074074074074,"NM",11669,2672,"11669_20201231",0.99250854766001,2.116893801499644,54,8.245279822143615,0.5584234554902404,8,"IL"
1056271,6.401642424242424,"NM",11670,15196,"11670_20201231",1.0432933267895121,2.224503550967935,165,9.452721862068275,1.5835819218911869,2,"IL"
162781,6.028925925925926,"NM",11671,1947,"11671_20201231",2.559489334434189,2.452511994561594,27,11.666980621874373,0.8373315205312905,2,"IL"
184232,5.418588235294117,"NM",11674,2805,"11674_20201231",0.3979393282082363,2.4913389432454873,34,12.969089354651997,1.1509174551553434,2,"IL"
252005,12.600249999999999,"SM",1167,1937,"1167_20201231",0.8883217887957224,1.2343461152867683,20,7.90745991205255,1.0501462422811974,4,"WY"
155730,3.8932499999999997,"SM",11680,2220,"11680_20201231",0.3490987701206509,2.477588075110893,40,11.545553282311637,0.8001601673099061,2,"IL"
26252,6.563,"NM",11681,387,"11681_20201231",0,2.6780817221993694,4,21.115978583123145,0.47134238310708904,2,"IL"
100988,5.940470588235294,"NM",11682,824,"11682_20201231",1.4763752815697342,1.7950015613390904,17,13.396190148610506,0.8549677502718884,7,"IL"
104992,8.076307692307692,"NM",11686,1060,"11686_20201231",0.5147673104329451,1.8867192524998009,13,11.950775795559535,1.2945671061524606,2,"IL"
172520,6.9008,"SM",1168,1648,"1168_20201231",0.1576915835059311,1.909585749669994,25,12.203237985537852,0.6216968492453119,7,"WY"
158528,5.466482758620689,"NM",11699,2507,"11699_20201231",1.4081345876107576,2.6657825831027275,29,12.497287499521322,2.992577757630295,4,"IL"
227266,9.09064,"SM",1169,2676,"1169_20201231",1.4970660295925575,1.9938477770924734,25,9.851608865293874,1.2093035885380905,2,"WY"
262772,4.957962264150943,"SM",11702,3709,"11702_20201231",1.2949417146992686,2.5068352422539717,53,9.907165383150756,1.1942832097694687,2,"IL"
66420,3.907058823529412,"NM",11706,1184,"11706_20201231",0.477733815977776,2.828564155548568,17,9.535388244201453,0.33990686252489405,2,"IL"
283878,7.09695,"SM",11708,2524,"11708_20201231",0.19733927588567748,1.5524264729879276,40,12.383013652499685,1.314704215657478,4,"IL"
260976,7.4564571428571425,"NM",11711,2639,"11711_20201231",1.953892777955287,1.7346189051295628,35,9.832413880964054,1.8335406174192517,2,"IL"
72097,4.806466666666667,"NM",11715,965,"11715_20201231",3.321812596006144,2.924875978486006,15,8.615736517488802,-0.27936586769909755,2,"IL"
19177,6.392333333333333,"SM",11716,247,"11716_20201231",0.8673605551107553,2.2036731783163237,3,12.62182649500662,0.41501537310466574,2,"IL"
115189,4.430346153846154,"NM",11719,1676,"11719_20201231",2.0766428087962097,2.2001693854254887,26,11.492910329190893,1.1221784438634606,2,"IL"
521905,5.167376237623762,"NM",11722,6479,"11722_20201231",0.9299086091842592,2.172101316367587,101,9.983359775599116,1.0761587356804116,2,"IL"
117775,5.353409090909091,"NM",11726,1884,"11726_20201231",0.9080000494822915,2.925982007660105,22,11.274526387009471,0.6092455687182685,2,"IL"
743433,4.224051136363636,"NM",11729,24072,"11729_20201231",0.20961767111331037,4.209154465935545,176,10.76890379320132,1.2091272248358993,4,"IL"
33488,4.784,"NM",11731,445,"11731_20201231",4.579089405414817,2.5314366810785836,7,12.249211259840108,0.7161952539687778,2,"IL"
199377,4.984425,"NM",11732,2921,"11732_20201231",0.11932734732360546,2.425005055368067,40,10.613533834586466,0.7009411890435243,4,"IL"
229320,1.3410526315789473,"NM",11734,18111,"11734_20201231",1.6902368929516636,14.477358436249531,171,11.027777527827018,4.1823799790809035,2,"IL"
543873,6.110932584269664,"NM",11739,6861,"11739_20201231",1.2513023689405571,2.021214693992855,89,9.90896724913676,0.8722389654574179,4,"IL"
349136,8.119441860465116,"NM",11741,3795,"11741_20201231",0.019955454276260734,2.18162782138132,43,8.695418224864806,1.4050951485670515,2,"IL"
131672,5.064307692307692,"NM",11746,1694,"11746_20201231",1.0061417431509214,2.1785708909476824,26,8.40221135379328,0.7100217606198014,2,"IL"
233075,4.316203703703704,"NM",11747,3677,"11747_20201231",2.135186468750844,2.9405875376350807,54,11.605321002898702,0.6269870824352105,8,"IL"
119784,4.79136,"NM",11750,1364,"11750_20201231",0.7602556335137882,1.9875080826484388,25,16.84004601059587,0.7965634225703948,2,"IL"
109610,4.982272727272727,"NM",11759,1529,"11759_20201231",0,2.2311716236334442,22,20.187693193104923,1.027295023911682,2,"IA"
30437,6.087400000000001,"NM",11761,285,"11761_20201231",0.4964211498499192,1.6766321913380737,5,14.523655437855512,0.7204804998922646,2,"IA"
574837,5.5272788461538465,"SM",11763,8306,"11763_20201231",0.5819914551054793,2.357420141989697,104,10.000902859285908,1.0576330298168335,4,"IA"
91344,7.612000000000001,"NM",11764,1025,"11764_20201231",1.115863571079089,2.0055571136003167,12,12.21302692474295,0.9214721873298753,2,"IA"
456611,6.918348484848485,"NM",11767,6540,"11767_20201231",3.8450182183691415,2.155336118496012,66,8.721936742601192,1.299408075736663,2,"IA"
1303810,6.972245989304812,"NM",11771,16883,"11771_20201231",0.23829785122572675,2.2496037118627856,187,8.205512133125572,0.8987085188703798,2,"IA"
396315,5.355608108108108,"NM",11777,4665,"11777_20201231",0.577065177869785,2.4351529799349936,74,8.195174201398187,1.269222991332654,8,"KS"
235989,4.370166666666667,"SM",11778,3414,"11778_20201231",0.2911762102840959,2.293657530370654,54,8.157484267708913,1.1783174976953898,2,"KS"
195255,5.42375,"NM",11782,3026,"11782_20201231",1.1445568572336184,2.7043090959495775,36,15.572734744195603,0.7265066518237097,4,"LA"
200345,5.008625,"NM",11785,3177,"11785_20201231",2.354276883776304,3.415463916420075,40,9.206927985414767,0.8950242230342447,2,"LA"
167960,5.08969696969697,"NM",11788,2783,"11788_20201231",0.1442858987112991,2.588409222410733,33,8.981101406941066,1.0493385244535105,4,"LA"
203378,4.327191489361702,"NM",11792,3021,"11792_20201231",0.2873349154490406,2.747805792299254,47,8.42177936236424,1.2180772787410798,2,"LA"
799610,5.192272727272727,"NM",11807,14626,"11807_20201231",0.100612292932608,3.210694172433766,154,9.653138586354633,1.096571454873484,4,"MI"
258049,4.032015625,"SM",11810,4130,"11810_20201231",1.560712160739622,2.8548679427140624,64,10.550647174966594,0.8655266536273545,4,"MI"
24094996,5.242601392515231,"NM",11813,424032,"11813_20201231",0.7170508377500987,2.889179348275641,4596,8.670779122415768,1.0093048157547697,4,"MS"
57454,4.103857142857143,"NM",11817,3188,"11817_20201231",0,6.916959309419434,14,12.5,-3.4694643201168094,7,"MS"
121155,4.8462,"NM",11821,1993,"11821_20201231",2.519902345823161,3.186993433671534,25,8.89724207022744,1.1095260738627357,2,"MT"
221646,5.990432432432433,"NM",11823,3102,"11823_20201231",0.06521505623839556,2.409235173071388,37,8.569873987234121,1.3255198798613,2,"MT"
493481,4.044926229508197,"SM",1184,9014,"1184_20201231",0.11916556864106992,3.199104216206487,122,8.220031243857271,1.0554794070105118,8,"TX"
684605,5.433373015873016,"SM",11860,7944,"11860_20201231",0.1444443511341401,2.136252537965302,126,9.400495878276717,0.9808115068047143,4,"OH"
138605,5.5442,"NM",11862,2197,"11862_20201231",0,3.739053871126178,25,11.02438168742326,0.7232531116355402,2,"OK"
5428909,9.063287145242072,"SM",11866,78884,"11866_20201231",0.14599339480317444,2.777686639150092,599,8.791567735818125,0.5440075408743879,4,"PA"
1704588,6.243912087912088,"NM",11868,19428,"11868_20201231",0.33303102579642674,2.427613674115501,273,8.811556426773864,1.0527520059490938,4,"PA"
46615,4.6615,"NM",11891,729,"11891_20201231",1.1950165268243071,2.4874208924421217,10,17.196864914707238,-0.0047334365222495185,2,"TX"
156300,12.023076923076925,"NM",11902,947,"11902_20201231",0,1.1886871803938273,13,16.230037739757506,0.8203615752013736,2,"TX"
182234,5.522242424242425,"NM",11903,3018,"11903_20201231",0.19124942295432729,3.101658362812312,33,8.133878831044782,1.1955418546235317,4,"TX"
172914,5.085705882352942,"NM",11904,1913,"11904_20201231",0,2.2199323985304877,34,13.172162738356107,1.3675713645853476,5,"TX"
143932,4.797733333333334,"NM",11905,1907,"11905_20201231",0.334958072489547,2.488540654298852,30,11.632422164178061,1.7442035736793218,8,"TX"
191339,12.755933333333333,"NM",11907,2509,"11907_20201231",0.1443603791634055,2.392962627589117,15,13.153607494100314,1.329818755896478,2,"TX"
92603,7.123307692307693,"NM",11916,1126,"11916_20201231",2.1125781792911744,2.121694685750794,13,15.734034837019475,1.4673068304265322,4,"TX"
206968,4.599288888888889,"NM",11922,3591,"11922_20201231",0.161799554693261,3.597486515178478,45,10.032446020734275,0.536938285847534,4,"TX"
140557,4.8467931034482765,"NM",11932,1910,"11932_20201231",0.023315876318243774,2.864847157598442,29,6.700556204178421,1.0525166370425194,7,"TX"
339591,7.89746511627907,"NM",11934,5433,"11934_20201231",0.028370316980784863,3.2127331140602076,43,16.880869995056848,-0.42701376340164776,4,"TX"
806105,8.667795698924731,"NM",11935,7089,"11935_20201231",0,1.5694437089869289,93,8.022392776067184,1.2377410546868104,4,"TX"
448423,4.311759615384616,"NM",11952,8266,"11952_20201231",0.8030709884744152,3.6258894635690866,104,8.401781467977171,0.6212432875567503,4,"WV"
293038,3.756897435897436,"NM",11953,4840,"11953_20201231",1.8510420521002022,2.9631699168045555,78,12.641906623562138,0.8208366903171591,4,"WV"
3724842,7.176959537572254,"NM",11971,45167,"11971_20201231",0.47590275981851443,2.4236642680737117,519,9.018998899865638,1.0208561062943826,4,"ME"
231761,5.2672954545454544,"NM",1198,2932,"1198_20201231",0.15069535140720755,2.521588913271561,44,9.834657504831437,1.2504659823291815,4,"TX"
12914397,10.962985568760612,"SI",12010,130837,"12010_20201231",0.8863379310976709,2.0153320782576793,1178,8.746803633156018,0.8659202981556939,4,"NJ"
1852488,50.06724324324325,"SI",12013,4370,"12013_20201231",5.042656598735946,0.38900101426204575,37,13.834969703755027,0.08638946889741755,9,"NJ"
606375,7.978618421052632,"SI",12017,7507,"12017_20201231",1.9038607620240682,2.2029436964020532,76,15.084582785474193,0.3833671908481264,4,"NJ"
6261152,13.3216,"SI",12054,131129,"12054_20201231",5.156711076436113,3.1979291313739213,470,19.682207734379958,1.0573199015526942,4,"NY"
162292,4.508111111111111,"NM",12079,2669,"12079_20201231",0.7469939426814936,2.9809697601668406,36,11.52853438276216,1.1626694473409802,4,"GA"
16613,4.15325,"NM",12086,233,"12086_20201231",0,5.143846144536026,4,20.556720242254833,-2.6808515788581877,2,"IL"
214623,7.400793103448276,"NM",12087,2100,"12087_20201231",0.7947274980738954,1.850928426488667,29,13.528622962585226,0.9834754402681847,4,"IL"
2741053,5.8694925053533185,"N",1208,36765,"1208_20201231",0.6790856583309192,2.5240569964860136,467,9.989540972578324,1.1641308736912135,4,"TX"
28992,3.624,"SM",12098,473,"12098_20201231",1.2642714313358705,3.625990398785986,8,10.166655044975943,0.9302088045175316,8,"IL"
1009718,4.631733944954129,"N",1209,15000,"1209_20201231",0.3762866763610065,3.0463348443862173,218,10.18503231147377,1.2001009786660806,4,"TX"
59984,4.6141538461538465,"NM",12107,854,"12107_20201231",0.30870279146141216,2.599177303879468,13,8.438552188552189,0.7806224812320275,2,"IL"
1344135,9.021040268456376,"SM",1210,18038,"1210_20201231",0.08567572041921892,2.614556612022491,149,9.442021545165892,0.8978179486140145,4,"TX"
440809,10.751439024390244,"NM",12113,3181,"12113_20201231",0,1.0324372225369558,41,12.213311046464906,1.7944572319837209,2,"IL"
45527,5.690875,"NM",12121,566,"12121_20201231",0,2.3713534956105717,8,11.707955377142984,0.4525660030571295,2,"IL"
198389,5.510805555555556,"NM",12126,3189,"12126_20201231",1.6303781643921242,3.0108312559099115,36,9.305744927654205,1.774585231668529,2,"IA"
118453,9.11176923076923,"NM",12128,1354,"12128_20201231",1.651823095074979,1.7645143405292663,13,17.206883099995665,1.257601492576719,2,"IA"
83028,3.953714285714286,"NM",12135,1942,"12135_20201231",0.4045073678127709,3.954105702819329,21,9.60960960960961,0.4856139997735479,2,"KS"
105669,4.064192307692307,"NM",12136,1822,"12136_20201231",1.9914590133291155,2.7466858972132733,26,7.807691563280236,0.9744657292456164,2,"KS"
46583,6.654714285714285,"NM",12139,615,"12139_20201231",3.0079391703007943,2.5631176290361672,7,13.249120792363453,0.3909840451072119,2,"KS"
200969,5.1530512820512815,"NM",1213,3096,"1213_20201231",0,2.743631669348412,39,9.871474568089836,1.2252427142301872,2,"TX"
223753,2.944118421052632,"NM",12149,2584,"12149_20201231",1.0339507203590774,2.549889553517027,76,11.79277808020323,1.57558368749776,4,"KY"
155834,5.194466666666667,"NM",12162,2110,"12162_20201231",0.335618651064288,2.3779148580102145,30,12.483304088206793,0.9744462285272626,7,"KY"
301058,6.405489361702127,"NM",12163,3520,"12163_20201231",1.8815219776930907,2.334656706047383,47,12.774130973206091,0.8444967869792361,8,"KY"
589651,5.312171171171172,"NM",12165,5669,"12165_20201231",0.4802368997038754,2.325201911115244,111,8.358586347700992,1.0720633622784592,4,"KY"
330373,7.508477272727273,"NM",12166,3034,"12166_20201231",0.11321426068392196,1.9071494174692036,44,9.088330619177977,1.3019799190980361,8,"KY"
148048,5.287428571428571,"NM",1218,4382,"1218_20201231",0,3.7624152949949745,28,9.682919222372387,0.09186507722070314,2,"TX"
118774,6.9867058823529415,"NM",12193,1250,"12193_20201231",0.27105001078039814,1.7422152424553667,17,9.833826344179572,2.0901324714567653,4,"MN"
152782,5.876230769230769,"NM",12195,650,"12195_20201231",0.444384351901929,0.848776150918234,26,8.113359238911965,0.3785458283555136,4,"MN"
499529,4.028459677419355,"SM",1219,8237,"1219_20201231",0.5532008876455308,3.0748656735027318,124,10.276473218690757,0.6686561116121041,2,"TX"
278419,4.564245901639344,"NM",12201,4504,"12201_20201231",0.18901112465476538,2.735299336273806,61,10.142693872688625,0.9067941255442727,4,"MS"
646760,4.399727891156463,"NM",12203,9172,"12203_20201231",2.609683443857975,3.098522670965355,147,11.915245506901002,0.6648239405187147,4,"MS"
1450419,5.2742509090909095,"NM",12204,17220,"12204_20201231",1.3152811166167886,2.478363191052492,275,7.066053431279992,0.5543380056215704,4,"MS"
258367,4.306116666666667,"NM",12206,5170,"12206_20201231",2.1847961169601615,3.314058922601612,60,10.225864069672115,0.8625632812250771,4,"MS"
135761,7.542277777777778,"NM",12207,2170,"12207_20201231",1.1700621411153938,2.6670440274916642,18,9.820437623573167,0.7887459866748325,7,"MS"
333303,3.787534090909091,"SM",12208,5923,"12208_20201231",0.28813064086747614,3.425423203185391,88,8.765896804374428,0.8788936364953617,4,"MO"
227167,4.454254901960784,"NM",12214,2682,"12214_20201231",0.7571260865550763,2.3147317055156575,51,8.862620971695074,1.36227064255475,2,"MO"
489510,2.156431718061674,"NM",12219,47920,"12219_20201231",0.44888807865958613,12.832880055692316,227,14.090365563910778,3.2884355197690347,4,"MO"
106894,5.090190476190476,"NM",12220,1792,"12220_20201231",0.002851318021755557,3.479172909799221,21,7.4152362438780415,1.261612226550794,4,"MO"
433854,6.674676923076923,"SM",12223,4444,"12223_20201231",0.3907287504352907,3.5411308866925624,65,8.85618954872934,0.6351575375430852,4,"MO"
39757,3.614272727272727,"NM",12225,687,"12225_20201231",3.405146618791143,3.3720364318987692,11,8.317383403997578,0.37991279387371996,8,"MO"
69697,4.646466666666667,"SM",12226,1005,"12226_20201231",0.39665147265077144,2.694367797435481,15,9.932482913196269,0.9236989272697761,2,"MO"
6580061,7.105897408207343,"SM",12229,106675,"12229_20201231",0.81649832716983,2.5961684566461285,926,9.521110874215092,1.6966167725607832,4,"MO"
238917,4.594557692307692,"NM",12230,3370,"12230_20201231",0.830717987167663,2.7291508387963357,52,10.056828708191693,1.587781442303116,8,"MO"
115819,5.035608695652174,"NM",12231,1647,"12231_20201231",0.16659168014397413,2.376754908748314,23,19.807136132714767,1.2240644650160235,2,"MO"
130637,4.665607142857143,"NM",12232,1558,"12232_20201231",0.5557755775577558,2.1209789944829835,28,11.64833578012563,1.6687780360475826,2,"MO"
184463,5.123972222222222,"NM",12236,3224,"12236_20201231",0.12437988762920497,2.9777973632818266,36,9.860548410097113,2.0226102304854146,8,"MO"
485115,5.844759036144579,"NM",12241,6335,"12241_20201231",0.6760751219484861,2.157639844531704,83,9.577606766159368,1.3878614068472466,2,"NE"
146366,4.878866666666667,"NM",12244,2169,"12244_20201231",0.767150445529086,2.356822358952511,30,14.187067982487015,2.0605127112742405,2,"NE"
55315,6.914375,"NM",12246,1099,"12246_20201231",0.2042187290071208,2.681885943117711,8,12.485020154700948,1.355558153810178,2,"NE"
312435,3.810182926829268,"SM",12248,5669,"12248_20201231",1.743747107961326,3.338174423077812,82,9.849905895630846,1.5737390786796959,2,"NE"
372408,3.8792500000000003,"NM",12258,5166,"12258_20201231",5.034214926361786,3.2979736348916546,96,10.29113680372329,-0.8137107793876784,4,"NM"
463556,6.718202898550724,"SM",12259,4854,"12259_20201231",0.07300238916910008,2.258742325887145,69,9.84787541005718,1.668290506990339,4,"NM"
9871778,12.853877604166668,"SM",1225,111977,"1225_20201231",0.11174925672634989,1.9295247470895938,768,12.410365869642089,0.8954500240904457,4,"CA"
309179,4.416842857142858,"NM",12266,5484,"12266_20201231",0.46874000127983617,3.5314498473288247,70,7.743817542929126,0.41650162141834535,4,"NC"
109774,4.989727272727273,"SM",12283,1445,"12283_20201231",1.30643054144288,2.292853096395241,22,13.494113436070077,1.1896597990399236,2,"OK"
21112,5.2780000000000005,"NM",12284,261,"12284_20201231",0,2.3058215687659565,4,10.228669781165479,0.504556141961916,2,"OK"
339323,5.386079365079365,"NM",12285,6284,"12285_20201231",1.21217994833698,3.278595450857111,63,9.304654425962127,0.9377440048175801,2,"OK"
23195,3.3135714285714286,"NM",12293,474,"12293_20201231",0.26699782676187517,3.033991859795194,7,13.16353549363258,1.0035868938985635,2,"SD"
100213,5.567388888888889,"NM",12298,1318,"12298_20201231",0.5998964645695667,2.7430287521016847,18,11.207569749399106,2.3496568570431546,4,"TX"
1120556,7.003475,"SI",12299,16776,"12299_20201231",0.46098043131201394,2.8921386813613803,160,9.60006746667229,1.3231383939538446,9,"TX"
184384,4.008347826086957,"NM",12303,2701,"12303_20201231",2.520073758256339,2.134978266970748,46,8.569912298458794,1.2364124346417176,5,"TX"
130888,10.068307692307693,"NM",12305,865,"12305_20201231",0,1.3012269897894786,13,11.480072790465105,0.4741548252519414,2,"TX"
184085,9.688684210526317,"NM",12308,2755,"12308_20201231",0,3.5324574259000494,19,17.82528735632184,-1.0686127489406179,4,"TX"
117005,5.087173913043478,"N",12309,1451,"12309_20201231",0,2.328346900009998,23,9.018943343760862,2.260820455075621,4,"TX"
163660,9.627058823529412,"NM",12315,1637,"12315_20201231",0.09766419793277449,1.8244924168532601,17,13.758862615538812,0.7292842888580998,2,"TX"
589029,6.929752941176471,"NM",12322,6709,"12322_20201231",0.2515424666226886,2.008425644722599,85,7.549806939454068,1.2797392584513914,4,"WI"
123844,8.846,"NM",12325,1444,"12325_20201231",0.06888698317189412,1.9515946618412123,14,9.452317439146382,1.3680162859081655,2,"WI"
347353,5.262924242424242,"NM",12327,3880,"12327_20201231",0.29390878964809847,1.842418920927055,66,12.592965206227024,2.97666577669858,4,"WI"
373999,7.192288461538462,"NM",12331,4192,"12331_20201231",1.1476299184789536,2.0137643988507032,52,10.065610407595157,1.1580596132295615,4,"WI"
146327,4.180771428571428,"NM",12349,2219,"12349_20201231",0.3665523442643894,2.6769806063716683,35,8.88853608702855,1.4481064633207463,8,"WI"
66566,7.396222222222223,"NM",12354,970,"12354_20201231",1.1906459432482532,2.3717567835214894,9,16.323406623991094,0.9028190400739421,8,"WI"
79566,5.683285714285715,"NM",12355,1357,"12355_20201231",1.4075846711204174,2.585863068117286,14,15.692228180114995,2.1923047462077094,2,"WI"
287870,6.397111111111111,"N",12365,3319,"12365_20201231",0.9432071151999831,2.2003483976415485,45,10.035509230633338,1.047314623848338,2,"IL"
146476000,7.576475456473387,"SM",12368,2015000,"12368_20201231",1.1151392776834472,2.492277044778705,19333,9.300991618209064,0.8552992464705373,4,"AL"
102143,8.511916666666666,"NM",12372,1301,"12372_20201231",1.489219295310035,2.041117292644925,12,13.88659482324504,1.1904736460766734,2,"CO"
297748,3.1341894736842106,"NM",1237,5942,"1237_20201231",0.06928094597847594,3.6839837120782835,95,9.770627534792926,0.8611722481648657,2,"ID"
2651275,9.571389891696752,"NM",12383,37413,"12383_20201231",0.016825626346687442,2.4784539694697085,277,6.675305269817637,1.1159054866452063,4,"IL"
179632,5.6135,"NM",12384,2281,"12384_20201231",0.6400533883395013,2.373580267383727,32,12.347385266173525,1.0038604471774761,7,"IL"
265422,6.172604651162791,"NM",12386,3312,"12386_20201231",0.6228922333517894,2.1542774921860164,43,9.747684273143749,0.9934462323883589,2,"IL"
99085,3.8109615384615387,"NM",12388,1306,"12388_20201231",2.187590746297551,2.7190123195384093,26,12.929766087139297,0.06413245081651808,8,"IL"
38179,5.454142857142857,"NM",12391,466,"12391_20201231",0,1.928351045594789,7,11.762873754152823,1.4837589989715463,2,"IL"
94398,9.4398,"NM",12395,672,"12395_20201231",0.021293482258657737,1.6432087188373732,10,11.497917955925697,1.0814279602604935,2,"IL"
103065,6.4415625,"NM",12402,1353,"12402_20201231",1.2433392539964476,2.4245667219108378,16,11.488237835290422,1.5896579580755041,2,"IL"
1457394,10.050993103448276,"NM",12406,16357,"12406_20201231",0.9111032555634111,1.8848738108093233,145,10.392574917147341,0.8620644221320932,9,"IL"
157318,5.243933333333334,"NM",12410,2186,"12410_20201231",0.5237391970243955,2.5168769178315715,30,9.175000788718176,0.870780770542107,4,"IL"
70552,4.150117647058824,"NM",12417,1216,"12417_20201231",2.213718893654177,3.0997589416712357,17,10.219686162624821,-0.07198056830955932,2,"IA"
54435,3.629,"NM",12422,945,"12422_20201231",1.2298518587533775,3.0201897086699248,15,13.286687869150388,0.4133295909382774,2,"KS"
17213,4.30325,"NM",12425,270,"12425_20201231",0.7711849029214298,3.324944007019327,4,9.821532719001516,-0.31171350065806186,8,"KS"
235235,8.111551724137932,"NM",12426,3358,"12426_20201231",0.07022737463063101,2.363861782480797,29,9.739109652473402,1.7640896135564066,4,"KS"
26277,2.9196666666666666,"NM",12432,624,"12432_20201231",9.072596265592313,4.34274524666793,9,20.250189235488627,0.2487208641273451,8,"KS"
14916368,5.909812995245642,"NM",12437,302388,"12437_20201231",0.4886614165736827,3.3339371634926103,2524,9.83148333190286,0.6594418221100207,4,"MS"
33609269,8.635475077081193,"NM",12441,445573,"12441_20201231",0.6593950176134361,2.352045918944516,3892,8.10916291258729,-0.10177752622973676,4,"MS"
75571,5.397928571428571,"NM",12444,1097,"12444_20201231",2.2282576952280824,2.4354123508363434,14,8.733810838568552,1.0329458359727668,8,"MN"
80547,6.195923076923076,"NM",12457,774,"12457_20201231",0.1399914639351259,1.7315296895925951,13,11.970592329203942,2.0445522192901127,2,"MO"
889477,6.9490390625,"NM",12484,20281,"12484_20201231",0.43713601795352214,3.3020709254829,128,8.519015129852894,0.6279477230235713,4,"OK"
193948,6.256387096774194,"SM",12485,3452,"12485_20201231",0.7436419932781115,2.651446441206204,31,16.97789358314205,1.7057515012840874,8,"OK"
344559,6.756058823529412,"NM",12493,5241,"12493_20201231",0,2.6465677941619203,51,11.069411795701978,1.2261244796117272,4,"NE"
1212864,11.026036363636363,"NM",12501,7840,"12501_20201231",1.1775839578484282,1.3688159068707684,110,10.875995329337949,1.438344983412349,2,"TX"
929934,8.690971962616823,"NM",12506,10204,"12506_20201231",0.4438801473218559,1.811144688238495,107,11.26472315193282,1.7641533008375447,2,"TX"
203621,4.848119047619048,"NM",12511,2994,"12511_20201231",0.8852360365496381,2.408728415223537,42,9.770750276370222,1.4191239254242347,2,"WI"
109972,4.39888,"NM",12512,1955,"12512_20201231",0.05027315078593692,3.305954330860392,25,9.367014532332,1.472323923306677,4,"WI"
238983,6.4590000000000005,"NM",12513,2886,"12513_20201231",0.7614824810834258,2.1293586479166886,37,13.162914091015493,0.8632773017499744,4,"WI"
522517,1.8206167247386762,"NM",12514,28470,"12514_20201231",0,9.207783712738415,287,10.405344291183557,1.960614270604862,4,"WI"
1421797,4.415518633540373,"NM",12517,37661,"12517_20201231",1.2405468396015482,4.112355199301699,322,10.110520875967048,1.7044144811455584,4,"WI"
217929,3.1132714285714287,"NM",12531,3953,"12531_20201231",1.4114093150476288,2.812449003380347,70,10.694797263722025,1.627695535610211,6,"AR"
74827,5.344785714285714,"NM",12549,686,"12549_20201231",0.05114304710274638,2.3712341526077876,14,9.153583066275282,0.5397584047077186,8,"IL"
26700,4.45,"NM",12585,462,"12585_20201231",0,3.746700241158168,6,10.708543653019257,0.7341250218716004,2,"OK"
782513,12.03866153846154,"NM",12591,5266,"12591_20201231",0,1.2510062441529055,65,8.452324656763418,1.2397148284104138,5,"WY"
409174,5.930057971014493,"SM",12592,5596,"12592_20201231",3.4653099957823703,2.3698505123242617,69,10.317145218600727,0.7907297268643343,4,"WY"
542289,3.7399241379310344,"NM",12594,11037,"12594_20201231",0.05256982201775175,3.4342948386968755,145,10.260445734270938,1.1296463006361575,4,"CO"
199094,7.657461538461538,"NM",12602,2302,"12602_20201231",0.2906746816420153,1.8973553190145165,26,25.15213787215455,0.9507156351452973,2,"KS"
307528,4.659515151515151,"NM",12608,4226,"12608_20201231",0.49759186823128704,2.5628256403202205,66,8.890041957176877,1.2236683274031823,7,"LA"
311864,7.796600000000001,"NM",12609,4202,"12609_20201231",0.9223535436415797,2.625569635076525,40,8.565553678433751,0.43735692180700886,8,"LA"
735532,4.326658823529412,"NM",12611,9972,"12611_20201231",1.1214997402842706,2.6240211826964828,170,15.611637600315204,0.9312618812222797,4,"LA"
7597259,11.271897626112759,"SM",12614,80689,"12614_20201231",1.3967382228439338,2.1498416943537544,674,8.988870290363412,0.5656347882620757,4,"LA"
453423,5.6677875,"NM",12616,5560,"12616_20201231",0.9472769504752905,2.0098156515537537,80,14.030822593077241,1.5955125768900524,4,"MO"
839965,7.36811403508772,"NM",12627,11035,"12627_20201231",2.4434507184034344,2.4593643862202814,114,11.860774174841735,1.691255256348051,4,"MO"
3486124,4.629646746347942,"SM",12633,63146,"12633_20201231",0.31635653589979085,3.445358571321016,753,7.110881752547807,1.5284333220493873,9,"MO"
1994288,7.5256150943396225,"NM",1265,19969,"1265_20201231",0.12042740705198537,2.0583204697447193,265,10.529766149252108,1.40006387815445,4,"WA"
121814,6.0907,"NM",12661,1692,"12661_20201231",0,2.4951236974844204,20,9.007189318726464,0.9851297446378616,8,"WI"
121969,5.303,"NM",12694,1600,"12694_20201231",0.20385348852502136,2.581219871885921,23,11.211065727817175,0.803124117747114,2,"MO"
442937,8.858740000000001,"NM",12699,4304,"12699_20201231",2.9054686134688463,1.837295008343331,50,13.442615217698947,1.8737619000768007,4,"CO"
236590,4.549807692307692,"NM",12706,3609,"12706_20201231",0.201095327742598,2.7361445805346545,52,9.745859104390487,0.5853948142316393,4,"IL"
126215,6.642894736842106,"NM",12717,1753,"12717_20201231",0,2.428245658274993,19,9.886399286693196,1.116612030383458,4,"IA"
64892,3.817176470588235,"NM",12722,1378,"12722_20201231",3.6652874605603736,3.5610974416285655,17,13.517168482738255,0.963209711129703,4,"LA"
31511,4.501571428571428,"NM",12745,713,"12745_20201231",0,3.499938597568464,7,13.732394366197184,2.0876826722338206,2,"NE"
80633,2.780448275862069,"NM",12757,1625,"12757_20201231",0.2053111642152738,4.0606099463572045,29,7.937319875737652,0.4968904276463422,4,"OK"
45443,3.7869166666666665,"NM",12758,845,"12758_20201231",0.4244771494965143,3.4058402998248556,12,12.344474262015126,1.0675021835271936,4,"OK"
561850,5.154587155963303,"NM",12761,10311,"12761_20201231",0.16728906700670979,3.2395309818802334,109,10.577092066246117,1.8230473961783,4,"OK"
1569457,7.166470319634704,"NM",12769,21076,"12769_20201231",0,2.3777157444901316,219,10.378450691682199,2.05510703525357,4,"TX"
3366383,7.650870454545455,"NM",12773,42963,"12773_20201231",0.5301091218777199,2.2550422292914156,440,10.182865889514503,1.5578227705816037,4,"UT"
604268,6.166,"NM",12781,8597,"12781_20201231",0.3674994022040678,2.696591258210261,98,11.508208231519749,1.4827975823865414,4,"WI"
489383,4.9432626262626265,"SM",12788,9453,"12788_20201231",0.6270090335040085,2.941526949944803,99,9.743377240897239,0.6846250525553714,4,"WI"
900547,5.8859281045751635,"NM",12814,11260,"12814_20201231",3.0626197414866394,2.0806886800354065,153,9.972215732354814,1.0250951840584854,2,"WI"
696451,4.407917721518987,"N",12815,19036,"12815_20201231",0.6307305123667719,4.729633440576602,158,11.265637917575248,0.9284151184023651,4,"IL"
9803057,9.256899905571295,"NM",1281,129341,"1281_20201231",0.20441624942860023,2.44703065604619,1059,7.7820984958232575,0.9157634160350052,4,"WA"
702470,5.711138211382114,"NM",12828,10770,"12828_20201231",0.45053342056066853,2.6593323907595403,123,10.473796944166786,1.2653446361280847,4,"IN"
160945,5.02953125,"SM",12836,2210,"12836_20201231",0,2.4738107742060316,32,15.039626272345167,0.9154218640384648,4,"IN"
2204345,6.123180555555556,"SM",12839,29077,"12839_20201231",1.8598200952467128,2.4099323444808176,360,10.179037608276866,1.4737242344938029,2,"IN"
5684149,6.451928490351873,"NM",12854,64533,"12854_20201231",0.07292068802813881,2.1710547837935756,881,9.5897088727285,1.3734781569961445,4,"IN"
1344013,11.789587719298245,"NM",12855,13820,"12855_20201231",0.044567815019002734,1.7125449687261856,114,9.454280990513054,1.8613992235864611,4,"IA"
195095,6.727413793103448,"NM",12857,2773,"12857_20201231",0,2.07020633491846,29,9.487201015942318,1.0312936395032812,4,"IA"
510325,11.340555555555556,"NM",12858,5074,"12858_20201231",2.321196696618709,1.7517642071872315,45,8.552769665313367,1.1005815848872542,4,"IA"
44017,4.890777777777778,"NM",12865,808,"12865_20201231",0.048759675748156275,3.083043721067619,9,12.683949154858992,1.7538272664755918,2,"KS"
450070,5.422530120481928,"NM",12869,6726,"12869_20201231",0.33172514705795936,3.0146917778145177,83,9.289198428135537,1.5534615971439658,4,"KY"
936410,5.816211180124223,"NM",12874,13982,"12874_20201231",0.46739423029277094,2.5992177187526706,161,9.51694164574142,1.117203810855725,4,"ME"
305194,3.8632151898734177,"NM",12885,6875,"12885_20201231",1.0723603221033848,3.891807245858798,79,9.206402526075346,0.8093435601155494,4,"MD"
55908,4.3006153846153845,"NM",12893,876,"12893_20201231",0.45936899081262017,2.810887081801641,13,20,0.6238164197393339,8,"MI"
100484,3.72162962962963,"NM",12899,1449,"12899_20201231",0.20730427661044712,2.843106331312625,27,9.947053383603825,0.6826911859382899,7,"MI"
1793266,6.359099290780142,"SM",1291,22143,"1291_20201231",1.0650659826739473,2.2317834329782413,282,9.737243540539414,1.2475519035038913,4,"AR"
15743847,9.914261335012593,"N",12923,226052,"12923_20201231",0.4785995443880885,2.31705462707792,1588,8.24574160273021,1.1722434552052903,4,"MN"
1653658,9.727400000000001,"SM",12944,19692,"12944_20201231",0.21912314251432077,2.3950732053599135,170,8.081745121650512,0.7905885862768419,4,"NY"
577809,5.896010204081632,"SM",1294,8922,"1294_20201231",1.1905539997687267,2.867002101009173,98,9.59910429884479,1.2734856660658316,4,"AR"
164949,4.712828571428572,"NM",12956,2392,"12956_20201231",1.4457466390176845,2.5471168187188873,35,10.535999758694539,0.572697748594082,8,"NY"
297977,4.729793650793651,"NM",12959,4497,"12959_20201231",4.59789667490519,3.172409426793568,63,8.16835462364497,0.5949841469459759,4,"NY"
978542,4.407846846846847,"NM",12969,22049,"12969_20201231",0.15049116515715752,3.83419704321176,222,9.39930597104224,1.5618241351444695,4,"OH"
243523,3.805046875,"NM",1296,3752,"1296_20201231",0.3715967623252392,3.4493830836125965,64,16.7887049246359,0.9883817542304817,8,"AR"
894048,5.6229433962264155,"SM",12978,11496,"12978_20201231",1.8642900125883994,2.697295727228238,159,8.623618431546506,0.8507293485667122,4,"OH"
79551,9.943875,"SM",12980,444,"12980_20201231",0,1.51760611786651,8,13.161475951631092,1.2669180735297685,5,"OH"
2756415,6.031542669584245,"SM",12982,42209,"12982_20201231",0.2614672877685332,2.6718754186480314,457,9.608927058241058,1.2322356436981183,4,"OH"
316471,6.205313725490196,"NM",12985,3443,"12985_20201231",2.486154088732089,1.8006170949308946,51,11.472640260148555,1.1985732599116656,2,"PA"
691611,1.695125,"SM",1299,60581,"1299_20201231",0.6103774423646399,15.409283655525288,408,8.538341681125797,1.9080855472240759,4,"AR"
284884,4.670229508196721,"NM",13000,4588,"13000_20201231",0.08748562385113683,2.908948190132086,61,9.12039395483104,1.8494763604671633,4,"TX"
331345,5.522416666666667,"NM",13006,3473,"13006_20201231",0.4672357586363111,2.346109992914522,60,8.193275336530782,1.4048105547723382,7,"TX"
3010560,4.903192182410423,"SM",13012,44371,"13012_20201231",1.019741776394016,2.7922258902712835,614,9.73013635215891,1.2808204119717275,4,"VA"
61841,3.8650625,"NM",13018,665,"13018_20201231",0.654046580878443,2.5266858619111994,16,14.827546694167527,0.06364014764514254,7,"WV"
314225,5.2370833333333335,"NM",13020,3841,"13020_20201231",1.5650395439805274,2.7049749015607887,60,9.278465876756039,1.1516934650861166,4,"WV"
1267488,14.738232558139536,"NM",13023,8657,"13023_20201231",1.4413603597086135,2.553055891264773,86,9.667013114369178,0.933181273151654,4,"WI"
378469,7.56938,"NM",13025,4305,"13025_20201231",0.014613252708490804,2.0475335678897104,50,9.341615933445361,1.7950743160766855,8,"WI"
101019,5.942294117647059,"NM",13030,1313,"13030_20201231",0.19181499912811364,2.318986755733395,17,8.440378276807442,1.2318325369136396,2,"WI"
259497,5.521212765957447,"NM",13032,3477,"13032_20201231",0.9627654071204405,2.6988967783677884,47,10.458768620527213,1.5484320419115007,4,"WI"
241798,5.897512195121951,"SM",13033,3306,"13033_20201231",0.22933818441899698,2.6885573066236237,41,11.477543554160182,1.3610737389353975,8,"WI"
64738,3.4072631578947368,"NM",13054,1725,"13054_20201231",7.9893780939579715,4.9814793228944065,19,14.753744350696426,0.6232920179767131,8,"WI"
930850,5.928980891719745,"NM",13055,13340,"13055_20201231",0.3797335884824112,2.4013917950097454,157,12.279985865708918,1.3518372923596869,4,"WI"
515312,7.578117647058824,"N",13058,5916,"13058_20201231",1.328986754111338,2.1996163292173296,68,9.444395423394806,1.1167451010730807,4,"WI"
1548388,5.161293333333333,"SI",13063,22712,"13063_20201231",0.20764409453215515,2.947434201820574,300,10.346526693603183,0.42455578564643953,4,"ME"
374782,3.047008130081301,"SM",13068,7275,"13068_20201231",0.22828970935562803,3.6640627220259616,123,7.842569183464299,0.9474074327549518,2,"MO"
624504,4.2774246575342465,"SM",13071,10407,"13071_20201231",0.5357342605748612,2.698973456989714,146,10.221785097998817,1.4292100943965667,8,"MO"
153749,6.6847391304347825,"NM",13080,2139,"13080_20201231",0,2.722471668390043,23,10.564491329402484,0.7328396843792723,8,"IL"
499831,5.432945652173913,"SM",13083,8210,"13083_20201231",0.7062136105234483,2.982978815168943,92,8.666827193193676,1.3032129746515229,4,"AR"
5822227,9.952524786324785,"SM",13102,47737,"13102_20201231",0.25967872964701977,1.66131899286895,585,10.876575537239923,1.6095347577990964,4,"IN"
86524,6.180285714285715,"SM",13104,1265,"13104_20201231",2.1012864515173217,2.6379065648568445,14,11.408305009605439,0.8879036325463012,2,"IN"
691918,5.125318518518519,"NM",13107,9854,"13107_20201231",0.15805687608389699,2.681439653223403,135,8.773199436019912,0.9318589115575208,4,"IN"
704348,5.179029411764707,"NM",13109,12726,"13109_20201231",0.7877598722782809,3.34426657138737,136,8.63770689881065,0.9861652134430761,4,"IN"
192896,4.193391304347826,"SM",13111,3290,"13111_20201231",1.4522105145267716,3.634207920409522,46,10.592517484335595,0.3068984817356765,4,"IN"
279150,3.6253246753246757,"NM",13112,5055,"13112_20201231",0.37396426563683915,3.1874948422413554,77,10.440932082235719,0.6510237577824848,4,"IN"
208771,4.5385,"NM",13113,3455,"13113_20201231",0.17805922890668655,2.6655631275014464,46,15.092290468581051,0.7204761096671818,4,"IN"
462548,4.057438596491228,"SM",13130,8930,"13130_20201231",0.4174423384792265,3.3617431566355758,114,8.915162584860328,1.250341588165839,8,"IN"
275440,5.296923076923077,"NM",13157,4196,"13157_20201231",0.11139043259661446,2.8902006231565998,52,8.739575435936315,0.6520311437065657,4,"KS"
135539,5.647458333333334,"NM",13167,1695,"13167_20201231",0.3050573360776242,2.69448883040386,24,13.186444218945862,1.5508976407557102,4,"KY"
379627,5.200369863013699,"SM",13179,6188,"13179_20201231",0.05794840769438229,3.066474269300567,73,8.564771064997604,1.5576728807851983,4,"MI"
201996,6.12109090909091,"NM",13195,2244,"13195_20201231",4.826778383968427,2.594692401848386,33,7.316435587818342,0.45122623702229187,2,"ND"
68964,4.926,"NM",13196,1117,"13196_20201231",0,2.311103012633625,14,13.782864305112058,1.0143343051506317,2,"ND"
1102739,6.724018292682927,"NM",13198,16736,"13198_20201231",1.5843568002954371,2.883260228287593,164,7.96279159489681,0.942287671588049,4,"ND"
8343334,8.645941968911918,"N",131,104084,"131_20201231",0.6231480130297873,2.3307304294875175,965,11.03122883793206,1.0163700828240707,4,"FL"
212032,5.300800000000001,"NM",13209,2882,"13209_20201231",0.9627215814594967,2.623636173153003,40,10.704229419664129,1.0536451031943606,4,"OH"
387882,5.541171428571428,"NM",13216,5481,"13216_20201231",0.7345708536002094,2.797593062544874,70,9.740669205523254,0.5935257454784638,8,"OH"
642342,8.56456,"NM",13220,4833,"13220_20201231",0.014364101238185528,1.4765439991308915,75,10.980983625928705,1.7578899609980676,8,"OH"
603303,6.629703296703297,"NM",13232,5869,"13232_20201231",0.36092272311266516,2.0180344558104983,91,11.30198682534758,1.1400033971659087,4,"WA"
646420,6.041308411214953,"NM",13240,10960,"13240_20201231",0.11287295104240261,2.719220590771899,107,8.677213699813372,0.6401225813769464,4,"WI"
197577,6.813,"NM",13242,2748,"13242_20201231",0,2.475929182546272,29,10.789172316641837,1.6085030452742808,4,"WI"
142733,4.757766666666667,"SM",13249,2032,"13249_20201231",0.20120026364172477,2.574656038534468,30,10.804794998464931,0.8207745835467647,8,"MI"
68337,6.8337,"NM",13251,968,"13251_20201231",0.1827176667298709,2.1702749212018713,10,23.55751613721566,1.4458643548606471,2,"NE"
880780,6.074344827586207,"N",13255,13215,"13255_20201231",0.7025256588492313,2.169351520490244,145,9.471739008018092,1.3450191519415642,2,"NE"
479438,5.100404255319149,"NM",13264,7717,"13264_20201231",0.020569716877131296,2.899104046308849,94,8.90936329588015,1.52922537384748,4,"WI"
195781,3.496089285714286,"SM",13274,4099,"13274_20201231",0.33652665192827314,3.573823572824064,56,10.636399954030788,1.000670600390738,4,"OK"
1771267,14.170136000000001,"NM",13292,12171,"13292_20201231",1.3919298028417868,1.9125494849492077,125,8.069134643852681,1.1531363379610133,4,"NY"
1041470,6.591582278481013,"SM",13297,11699,"13297_20201231",0.4708735395451136,1.9081850080143965,158,9.274433149383349,0.7134553096208345,9,"NY"
592196,0.4768083735909823,"NM",13303,218715,"13303_20201231",0.7339980203993607,47.25447731959525,1242,11.996581033264976,9.154021272349642,5,"AR"
397005,4.362692307692307,"NM",13305,6544,"13305_20201231",0.14032197515025385,3.133351003040292,91,9.477712397638156,1.53774446723967,4,"IN"
4553698,12.441797814207652,"NM",1331,58320,"1331_20201231",0.015969843772986894,1.9375638883298039,366,9.038346979751651,1.4709975504537491,2,"CA"
1250465,5.276223628691983,"SM",13339,24412,"13339_20201231",0.7302538274119059,3.473108938831078,237,9.936222888074454,1.3821228922517608,4,"OH"
1026036,5.155959798994975,"SM",13341,15541,"13341_20201231",0.1762074857218455,2.691791588551274,199,10.51300617834784,1.3668625093801214,4,"OH"
345139,4.930557142857143,"SM",13366,6429,"13366_20201231",0.7763001298771846,3.2092014908636544,70,10.165391906909852,1.649360578303323,4,"OK"
96794,4.8397,"NM",13380,1330,"13380_20201231",0.5768832781456954,2.9727709409044976,20,12.972210280322322,0.6806111195706843,7,"IL"
120581,7.5363125,"NM",13381,1236,"13381_20201231",0,1.742601917638132,16,12.066991125107357,1.4709939987583638,2,"MO"
136784,6.217454545454545,"NM",13382,2155,"13382_20201231",1.1778393484701282,2.370775806402017,22,7.858082432037417,0.9624550290581471,2,"MN"
1345414,30.577590909090908,"NM",13397,4046,"13397_20201231",0.9505500373811813,0.7519673892760393,44,19.432334683502557,1.9451897895231294,9,"NY"
375510,4.814230769230769,"NM",13407,6273,"13407_20201231",1.7516536883530103,2.887126318144266,78,11.917901705589648,0.20072560228755204,2,"TX"
245976,9.83904,"NM",13411,2430,"13411_20201231",0.8351023246881991,1.8122777385272353,25,12.48260726701851,1.674689815201693,2,"IA"
66214,6.019454545454545,"NM",13413,784,"13413_20201231",2.7943625360464646,2.4434142921423563,11,8.425130694548171,1.17200171614537,7,"KS"
57841,7.230125,"NM",13415,575,"13415_20201231",0,1.721052896327223,8,13.951656222023276,0.7886662019704079,2,"OK"
59497,3.4998235294117648,"NM",13416,1140,"13416_20201231",3.1107842336084555,2.9201783462315056,17,9.620051248112135,2.151801035069705,2,"OK"
5755847,6.367087389380531,"NM",13421,85979,"13421_20201231",1.1365194282920912,2.9762190737073038,904,9.648372516612746,1.0846951196310541,4,"NE"
212186,6.6308125,"SM",13430,2964,"13430_20201231",0.7241172950329144,2.383670250300942,32,8.809555997605207,1.6178240836827031,4,"MN"
69892,4.992285714285714,"NM",13450,956,"13450_20201231",4.105995513819717,2.661997816182838,14,9.744884038199181,-0.1317820701080613,2,"KS"
638481,4.4649020979020975,"NM",13454,8976,"13454_20201231",0.3086833982015837,2.6409344654077644,143,10.31974706807669,1.393152639730878,2,"WI"
70737,5.894749999999999,"NM",13551,1088,"13551_20201231",3.7655919039774064,2.5268294939402347,12,11.84504212934546,1.728883337959108,2,"OK"
306315,5.5693636363636365,"SM",13561,4454,"13561_20201231",0.2484396102777299,2.8656229047850155,55,8.562772403529287,0.4888250525294067,8,"PA"
491417,5.920686746987952,"NM",13565,9946,"13565_20201231",0.8563479945249073,3.0612327271908417,83,11.571458718872764,1.03159931458978,4,"WI"
32544,4.0680000000000005,"NM",13582,500,"13582_20201231",3.636095256839205,3.00747198007472,8,8.63836459024302,0.099626400996264,8,"IL"
62586,4.814307692307692,"NM",13584,1160,"13584_20201231",0.2741861777909196,2.9277036446922926,13,9.53998872674892,0.9277700325300404,2,"KS"
326787,6.284365384615385,"N",13599,4417,"13599_20201231",0.11496784660925438,2.5940183632816303,52,8.99958115508121,0.8225326580670931,4,"TX"
120254,4.294785714285714,"NM",13600,1424,"13600_20201231",0,2.936280485631385,28,9.168445302706916,0.8786563152754312,7,"TX"
28171,5.6342,"NM",13611,409,"13611_20201231",0,2.3665829850595963,5,11.307654734491662,0.8667879930081499,2,"NE"
111531,11.1531,"NM",13616,755,"13616_20201231",13.70928313878873,1.2048192771084338,10,20.240898876404493,0.9516256938937351,2,"IA"
701030,8.247411764705882,"NM",13622,7585,"13622_20201231",1.8454304511319266,1.8875095443319996,85,10.665229279054746,2.2058358153533035,2,"NE"
460442,5.481452380952381,"NM",13625,12777,"13625_20201231",0.007011147724882563,5.096504765400072,84,10.99094442091627,1.9273598475436704,4,"NM"
383156,7.095481481481482,"SM",13632,4371,"13632_20201231",0.050422820367740165,2.3800688242151247,54,9.377998938359477,0.9548238411182448,4,"AR"
216693,5.55623076923077,"NM",13652,3335,"13652_20201231",1.69135964337223,2.633543171799963,39,8.691629169680516,1.2755281672430685,2,"MN"
186507,4.662675,"NM",13654,3244,"13654_20201231",0.7149262654444002,2.6397867851494636,40,11.864001784140267,1.9088644232147716,2,"MN"
242276,6.922171428571429,"NM",13656,4107,"13656_20201231",0.7686399621883493,2.6354477159003546,35,8.663421016856987,1.3393037778347248,2,"IA"
738355,4.922366666666667,"NM",1365,11235,"1365_20201231",0.8748253487793595,2.5583678120879996,150,9.062724441730275,1.1732100364607785,2,"KS"
155713,6.770130434782608,"NM",13662,1900,"13662_20201231",0.17749198750456407,2.230599346147101,23,13.299794468102256,1.4407290759230715,2,"NE"
78984,9.873,"NM",13669,487,"13669_20201231",0,1.161328539064286,8,11.698808123177656,1.1015733793361462,7,"TX"
148153,9.2595625,"NM",13692,1463,"13692_20201231",1.5195445786114596,1.721681395186963,16,8.361968640035258,0.8551585807776828,2,"NE"
19980,4.995,"NM",13696,360,"13696_20201231",0,2.9521590655219736,4,12.903704436421187,0.48936690815859746,2,"NE"
44189,4.017181818181818,"NM",13697,664,"13697_20201231",0,2.433712121212121,11,14.091594254300407,1.0369318181818183,2,"KS"
542104,5.4210400000000005,"N",13703,6118,"13703_20201231",1.468659204864474,2.1445792813670073,100,9.993015936023728,1.142696435933912,8,"OH"
49090,6.13625,"NM",13710,857,"13710_20201231",0.0042509777248767215,2.256357769102913,8,10.213914434226309,0.824723083364701,2,"KS"
395292,8.23525,"NM",13712,5280,"13712_20201231",0.4405452217787484,2.494605748338635,48,10.04153370166877,0.9619703911330675,2,"IA"
75160,6.263333333333333,"NM",13715,1008,"13715_20201231",5.028970903136415,2.296495097971887,12,11.879859494020602,0.11400065378688194,2,"IA"
1391248,7.561130434782609,"NM",13716,15098,"13716_20201231",0.7113360356862628,2.1232354571695318,184,9.452359937796832,0.8029908907591967,4,"OH"
1284742,18.893264705882352,"NC",13718,7207,"13718_20201231",0,2.764470117306015,68,94.37455908016386,0.5145611520722422,9,"UT"
14597,3.64925,"NM",13729,266,"13729_20201231",0,3.232884727911059,4,15.480289508818776,0.4754242246928028,2,"KS"
230136,11.5068,"NM",13735,2383,"13735_20201231",0.09960103629842261,1.4972874254713433,20,12.537579673258065,1.5219065012264776,2,"IA"
65399,8.174875,"NM",13736,577,"13736_20201231",2.4567371291271836,1.8309881856132038,8,14.34421829225271,0.7559273407153104,2,"IA"
228920,4.319245283018868,"NM",13737,4304,"13737_20201231",1.1924705309006731,3.7652655727930133,53,8.558773394098372,0.5885357775216599,8,"IA"
647702,5.223403225806452,"NM",1373,10051,"1373_20201231",0.12131476039867507,3.4857054130631338,124,9.435505357269328,1.6367047837330542,4,"LA"
204592,9.742476190476191,"N",13748,1856,"13748_20201231",0,1.7872268616581213,21,8.264630013656365,0.8870387152129058,4,"NY"
73385,4.892333333333334,"NM",1374,918,"1374_20201231",0.7776403982560031,2.9342252226123553,15,11.84715761870571,0.4319574460207463,8,"LA"
219296,10.9648,"NM",13753,1797,"13753_20201231",0.8378161418013046,1.3486415814859405,20,13.99961915908468,0.8636290440076988,8,"IA"
378022,5.642119402985075,"NM",1376,5010,"1376_20201231",2.12176752015916,2.4391507943540094,67,10.859576137939445,0.8478793542631085,4,"LA"
49996,6.2495,"NM",13774,735,"13774_20201231",0,2.200479721441188,8,12.52004869659317,0.9927451616846739,2,"IA"
168662,3.6665652173913044,"NM",13775,2818,"13775_20201231",0.37069410364691385,3.0487532012228256,46,14.782240183764594,0.5785535011756463,4,"TN"
180701,3.928282608695652,"N",13784,2884,"13784_20201231",4.445898115808287,2.7639340686437226,46,10.502482126987541,0.9442305321358461,8,"MI"
87644,4.869111111111112,"NM",13788,1243,"13788_20201231",4.700531923441593,2.989641144920922,18,9.759910036547652,0.77777287069342,4,"MO"
100936,6.729066666666667,"NM",13794,1456,"13794_20201231",0.37640205035086727,2.3313090851510907,15,10.372690134200568,1.214334929622069,2,"ND"
105463,6.203705882352942,"N",13798,1121,"13798_20201231",1.6691545664269236,2.1155603354168857,17,15.755335403420572,1.134093978183347,7,"KS"
196973,6.565766666666667,"NM",13801,2294,"13801_20201231",0.22594376711524036,2.3353718673401915,30,9.53141288042511,1.3257520943766292,8,"IN"
98099,4.087458333333333,"SM",13802,1570,"13802_20201231",0.2697167973627691,3.0596787504142973,24,8.321788217778789,0.6573137555415666,4,"OH"
153760,6.406666666666666,"N",13809,2333,"13809_20201231",0.07731916363696184,2.767217740305328,24,8.993909480227256,1.520227176726932,4,"MN"
139152,4.216727272727273,"NM",1380,2047,"1380_20201231",0.7840837514389348,2.851108923017808,33,10.848925290471936,0.9403631167521224,4,"LA"
126956,5.770727272727273,"N",13813,1738,"13813_20201231",1.8652801417612905,2.368486661680379,22,11.792566622171472,1.1376058496477344,7,"IL"
158279,7.537095238095238,"SM",13816,1803,"13816_20201231",0.21401506291808953,2.0527000185764708,21,12.526066563576748,1.3096411883225447,2,"IA"
160003,7.272863636363637,"NM",13819,2101,"13819_20201231",0.35056208099953523,2.290607294557782,22,9.253001250910177,1.4721473768089517,2,"NE"
301090,3.6718292682926834,"NM",13821,4891,"13821_20201231",0.5935858035094675,2.8486940142230566,82,11.630399935882023,1.3708504059054616,2,"AR"
42492,1.7705000000000002,"NM",13832,1372,"13832_20201231",3.4105479100777845,5.411627789303243,24,10.2980583893564,1.6065374690077416,8,"GA"
556844,4.679361344537815,"SM",13838,10494,"13838_20201231",1.0609582878517307,3.4904961718759666,119,8.467578937912656,1.2687618276045467,4,"KY"
332788,5.455540983606557,"NM",13843,4624,"13843_20201231",0.4165991621727961,2.5277255680398563,61,13.334124441280013,1.1579261915434036,2,"IN"
157874,4.9335625,"N",13853,2242,"13853_20201231",6.244288760280232,2.9724952124413395,32,9.20144326538794,-0.35972453124013554,2,"IA"
755752,6.144325203252033,"SM",13868,8221,"13868_20201231",0.22697843893037822,1.971012292393031,123,8.650045626998281,1.2456418125721846,2,"NE"
45132,5.6415,"NM",1386,471,"1386_20201231",0,2.0346927368823606,8,8.865601257532093,0.7893627244290604,2,"MN"
4709040,7.809353233830846,"NM",13876,46905,"13876_20201231",0.8977111005692601,2.4265610475939274,603,8.663777560749764,0.8150347343193216,4,"PA"
2158948,6.294309037900875,"NM",13879,30040,"13879_20201231",2.52920407287081,2.5006478336698645,343,9.425010759796171,0.4570360459982628,4,"PA"
138101,6.576238095238095,"NM",13883,1885,"13883_20201231",0.06245696074820236,2.4274911661853293,21,9.498846412195904,1.400622058883978,8,"KS"
214737,5.650973684210526,"NM",13887,2315,"13887_20201231",0.6680138493815402,2.2514315597359187,38,12.144923529586004,1.233351850237797,7,"AL"
27172,6.793,"NM",1388,237,"1388_20201231",0,2.602147731372383,4,14.723247232472325,0.1381671361790646,2,"MN"
322497,5.863581818181818,"NM",13892,4903,"13892_20201231",0.4850546610925258,2.7971165451235636,55,7.68835742058543,0.8197944024089493,2,"NE"
280791,4.254409090909091,"NM",13897,4123,"13897_20201231",0.259829297616327,3.2133676092544987,66,8.357222244202818,0.864009216098305,8,"MO"
23122,4.6244,"NM",13902,324,"13902_20201231",3.2426778242677825,2.5856436105666014,5,15.286805522607583,-0.28936805750023337,7,"IL"
209585,3.954433962264151,"N",13905,4123,"13905_20201231",1.9916208762289733,3.593647436548249,53,10.386540734264054,0.9348509415356284,4,"OK"
442475,4.059403669724771,"NM",1390,19092,"1390_20201231",0.9201179205464864,6.603228454443774,109,10.797590514980861,3.66716514519117,4,"MN"
473353,4.686663366336634,"N",13919,8915,"13919_20201231",0.2574179811226814,2.7919657523660266,101,9.420571510832794,0.5798248798565107,4,"TX"
60221,5.018416666666667,"NM",1391,783,"1391_20201231",5.047769887089358,2.151404897599522,12,9.756583204738911,0.7834595869871094,2,"MN"
31597,5.266166666666667,"NM",13926,384,"13926_20201231",0,2.162911115736886,6,20.18789465578315,0.4683597002497919,2,"KS"
36911,6.151833333333333,"NM",13931,330,"13931_20201231",1.5464828561329091,2.2842711614312874,6,11.0357181630659,1.3904259243494792,2,"IA"
222567,4.364058823529412,"NM",13946,3197,"13946_20201231",1.7013078634612253,2.8885303682851715,51,10.22089769760044,1.8872973274968095,2,"OK"
318831,9.377382352941178,"NM",13947,3027,"13947_20201231",0.007674489995255771,1.7200388973436775,34,8.920859688798442,1.4490832267847709,2,"CO"
644810,6.4481,"NM",13951,6140,"13951_20201231",0.4071835173739545,1.966238784351348,100,8.986004350854852,1.6505622347186462,4,"LA"
728627,8.186820224719101,"SM",13953,8190,"13953_20201231",0.038318865119601,2.0788697517288717,89,13.069928623444039,1.4829871454756929,2,"IA"
166867,1.940313953488372,"NM",13955,4205,"13955_20201231",3.1992250565062963,5.136738726485063,86,11.121144283286617,1.7678038801989902,8,"TN"
54012,4.154769230769231,"NM",13957,927,"13957_20201231",17.733841451911104,3.37331194159907,13,8.630101377696906,-0.342192951947134,2,"KS"
85972,3.7379130434782613,"NM",13959,2223,"13959_20201231",2.4263431542461005,9.584164612917109,23,33.94947204471014,0.47972295484633426,4,"KS"
47927,2.662611111111111,"NM",13960,1652,"13960_20201231",0,5.662196206651528,18,10.259095115180441,-0.618642762376582,4,"MO"
110959,4.623291666666667,"SM",13962,2049,"13962_20201231",0,2.9366300221820274,24,8.968510276032461,1.2602998048507457,2,"NE"
104580,7.47,"N",13983,1107,"13983_20201231",0.475562792380657,1.9128195696155967,14,9.76089188792724,0.5916252835509779,7,"IL"
21153,1.5109285714285714,"N",13986,1614,"13986_20201231",0,15.549197130167409,14,16.021134643800654,-10.667919371370003,7,"CO"
45842,6.548857142857143,"NM",13990,381,"13990_20201231",0.2858432375507748,1.9621969021934897,7,10.55919615552643,0.6564354370864693,2,"IA"
34947,4.992428571428571,"NM",13999,555,"13999_20201231",0.568545803971813,2.791649865070257,7,9.66577141151895,0.1519898259871584,2,"SD"
2481849,6.009319612590799,"SM",1399,42007,"1399_20201231",0.25356045371568964,2.9595817570731993,413,7.688340358153136,1.671465505496721,4,"MN"
379045,7.289326923076923,"SM",14009,4886,"14009_20201231",0.8589785371758462,2.16306523662134,52,10.338376995902985,1.3342297999306143,4,"MI"
675261,5.627174999999999,"NM",14017,8987,"14017_20201231",0.1789258755984946,2.489557759142939,120,9.112050458830813,0.5209960781812965,4,"MD"
59806,9.967666666666668,"NM",1401,457,"1401_20201231",0.014771776059874933,1.6042960103151946,6,11.631567900370811,1.6042960103151946,2,"MN"
44625,6.375,"NM",14024,743,"14024_20201231",0.26941469657169803,2.938204764038089,7,7.1500616384624,1.0437418383200998,8,"KS"
293261,5.4307592592592595,"NM",14025,3650,"14025_20201231",0.2313777161977985,2.395388057392728,54,9.033828267264322,2.3553957540246975,4,"MO"
84543,6.038785714285715,"NM",14026,1545,"14026_20201231",0.239213448623974,4.03043461678862,14,13.847510144814802,1.4206635029775365,2,"NE"
2468461,5.753988344988345,"NM",14028,29408,"14028_20201231",1.749871891157643,2.351397631820017,429,8.57903566671212,0.9690618716703893,4,"LA"
545276,7.902550724637682,"NM",14029,8888,"14029_20201231",0,2.6861109569381787,69,8.959890811090077,1.0152948359115452,4,"OK"
934293,5.463701754385965,"NM",1402,11879,"1402_20201231",1.0620528470129464,2.2151619686884585,171,8.824107689915959,1.5000440894722358,2,"MN"
402420,5.512602739726027,"SM",14036,4279,"14036_20201231",0.07456144314802932,2.059929228747923,73,11.048024104396097,1.4974026619265017,4,"MO"
253779,3.845136363636364,"NM",14056,3092,"14056_20201231",0.24720581633307487,2.8643910647138613,66,11.525812770841167,0.8580724918871586,4,"MO"
357697,8.942425,"NM",14058,4370,"14058_20201231",0.8484569801161437,2.129997405304725,40,10.298573294165468,0.8345529669928118,2,"NE"
1564805,5.490543859649123,"NM",14065,21317,"14065_20201231",0.0851986678026489,2.9116727914232543,285,8.946833912693691,1.0633412040078551,4,"GA"
49837,8.306166666666668,"NM",14069,673,"14069_20201231",0.39001752610402113,2.1630088955262647,6,21.141389974908094,1.1646970975910655,2,"NE"
937954,4.761187817258883,"N",14073,16250,"14073_20201231",0.3257267494912093,3.0670344612162026,197,8.014331868372881,1.2115630196514373,4,"MI"
1131767,4.527068,"NM",14078,21270,"14078_20201231",1.0327131360580781,3.4270031776720313,250,9.243985429073874,1.0432763984669111,4,"WI"
577114,5.06240350877193,"SM",14079,11463,"14079_20201231",0.7450270444372868,2.8280542986425337,114,11.496945977935015,1.5602081787755053,2,"IA"
20368,2.909714285714286,"NM",14083,717,"14083_20201231",0,7.133432802693071,7,8.96267361111111,0.7768474789449672,8,"KS"
22158,3.693,"NM",14084,328,"14084_20201231",11.789091851276073,2.9105679807872864,6,8.926728586171311,0.2569601612919166,2,"KS"
87862,4.624315789473684,"N",14095,1013,"14095_20201231",0.6853247219232149,2.1603303283418316,19,9.6975212670484,0.7354819180233274,7,"TX"
43450,4.827777777777778,"NM",14096,690,"14096_20201231",0.8346745517835087,3.0538410312987643,9,9.992503204275591,0.601325898758585,2,"NE"
310288,4.773661538461539,"NM",1409,5997,"1409_20201231",1.3267173889072665,3.357782627720665,65,8.248273051719718,0.5213088363198297,2,"MN"
368068,3.9156170212765957,"NM",14113,6688,"14113_20201231",0.08715738592007187,3.0606435446826876,94,9.530037275855124,1.4798360199211187,4,"IN"
814142,5.464040268456376,"SI",14134,13717,"14134_20201231",1.0452732731636536,3.3248112748981518,149,10.440709339089832,1.6102393606307757,8,"VT"
202195,3.6762727272727274,"SI",14136,3585,"14136_20201231",0.3854887669821848,3.487014070407653,55,10.643711518889123,0.4585648487544934,5,"VT"
133278,5.553249999999999,"NM",1413,1430,"1413_20201231",0.5560867595994162,1.958388851783359,24,8.137773243051047,0.9473097744916077,7,"MN"
1214080,7.358060606060605,"SI",14140,15971,"14140_20201231",0.3768762589616409,2.601477494186594,165,10.644890285622576,0.5094356725248137,4,"VT"
1092721,5.661766839378238,"NM",14158,17781,"14158_20201231",0.36366533824860464,3.099927939352552,193,7.258374584318234,1.3852658920548682,4,"VT"
135904,4.853714285714285,"SB",1415,2098,"1415_20201231",1.238293725978455,2.934416842501588,28,10.195350639864648,1.3844548855961785,4,"MN"
337227,3.8321250000000004,"NM",14168,6429,"14168_20201231",1.198906222764511,3.63459012056438,88,10.316950470072307,0.7099061500835393,8,"VT"
78284,7.8284,"NM",14178,1086,"14178_20201231",0,2.256863346991071,10,15.190683388789353,0.5098295674456471,2,"MO"
296132,6.169416666666667,"N",1417,3354,"1417_20201231",0.09046280077440767,2.3203636441440145,48,9.326184373538837,1.0247965347268795,4,"MN"
294070,6.001428571428571,"NM",14184,3479,"14184_20201231",5.074223855201835,2.539186946117019,49,10.319996563085557,-0.21847559499088895,4,"AL"
441425,5.255059523809524,"SM",14185,6594,"14185_20201231",0.14146985676177004,2.7807035509133287,84,11.614093058987958,1.7481494484917641,2,"MO"
171342,4.7595,"NM",1418,2646,"1418_20201231",1.0313012142009905,2.8758435183608295,36,8.105595722704903,1.0308830083666392,4,"MO"
274560,6.696585365853658,"SM",14195,4033,"14195_20201231",0.040839379588999435,2.203287053936497,41,12.3603006172998,1.5515578165159207,2,"IA"
1425175,4.179398826979472,"NM",14207,34873,"14207_20201231",1.3422207071678378,3.9457342243722304,341,9.70956581063301,0.7452499103226249,4,"IA"
142327,4.744233333333333,"SM",14208,2170,"14208_20201231",0.2440116937004904,2.253137780898672,30,11.493559643303321,1.0460478686593322,2,"IA"
1039730,7.373971631205674,"NM",14209,11869,"14209_20201231",0.19517748354890616,2.002851109896352,141,12.093971335108106,1.442811665969967,4,"IA"
624141,5.833093457943925,"SM",14222,8775,"14222_20201231",1.0033266023701737,2.384629127463831,107,8.380248314586474,1.3880412998448692,2,"WI"
136949,5.7062083333333335,"N",14225,1936,"14225_20201231",0.14970059880239522,2.725891854477606,24,9.036475336855226,0.9400446343012545,8,"IN"
167849,7.629499999999999,"NM",14230,2092,"14230_20201231",0.3196850510238062,2.6212613563442466,22,8.742101889441715,0.9081232844603326,4,"IA"
1116213,5.471632352941176,"NM",14240,19130,"14240_20201231",0.41542394546229233,2.936545664470562,204,9.392412751027159,0.5212174253866139,4,"NH"
195120,7.226666666666667,"NM",14247,1880,"14247_20201231",0.3508072553318716,1.5437040001778846,27,13.841992253283934,1.5548217819580636,2,"IA"
112254,2.201058823529412,"NM",14251,8720,"14251_20201231",0.4701477918290055,13.043487512980711,51,10.393647334149152,4.898622767743143,5,"IA"
59582,4.583230769230769,"NM",14260,1092,"14260_20201231",1.900337837837838,2.9585377742829597,13,21.295441332375773,0.8147987375956678,2,"OK"
760545,5.511195652173913,"SM",14264,13258,"14264_20201231",0.3416635200873955,3.0263298923587225,138,8.039112352435959,1.0258841516493822,4,"NE"
1065262,5.918122222222222,"N",14266,17384,"14266_20201231",1.0142219428470405,2.699249834823334,180,11.394990856693132,1.6983474537456613,4,"WI"
371446,9.524256410256411,"NM",14269,3516,"14269_20201231",0.2305091134460025,1.368680087525435,39,9.691565797138974,1.9332366669368068,2,"KS"
810817,4.7416198830409355,"NM",1426,11903,"1426_20201231",0.6830830293414121,2.659993880561918,171,10.90347567903482,1.2322948376858538,2,"MO"
128261,7.544764705882352,"NM",14275,1519,"14275_20201231",1.0543823984281533,1.9768431533137416,17,11.214386426472789,1.3192336721748485,2,"NE"
528022,4.292861788617887,"NM",14276,9708,"14276_20201231",1.3729027402718137,3.135839327988996,123,10.506078840482404,1.963875035530634,4,"MI"
69626,5.802166666666667,"NM",1427,1150,"1427_20201231",0.8611684965530048,2.6354933680617707,12,13.127893518518519,1.2081916318456478,8,"MO"
75306,5.379,"SM",14281,1313,"14281_20201231",0.8623263492509528,2.72574062983133,14,11.473263692066835,0.5835898435867795,2,"NE"
104366,3.865407407407407,"SM",14291,2409,"14291_20201231",0.2669644346899747,4.119911363359061,27,13.615215247128212,1.7977258325428718,4,"IA"
107268,5.3634,"NM",14293,1393,"14293_20201231",0.37958583409515484,2.3389140046698795,20,11.390906065885025,1.1972775597396792,2,"MO"
203051,15.619307692307693,"NM",14311,1710,"14311_20201231",1.119611346884074,1.3169257783092887,13,9.449251001137092,1.2251307182168578,2,"NE"
410893,10.272325,"SM",14312,3817,"14312_20201231",0,1.6828703061548933,40,12.294995695483092,1.235278552512809,2,"NE"
70843,3.220136363636364,"NM",14316,1478,"14316_20201231",0.7383739218250749,3.746694527081268,22,9.269012007583736,1.31038390706899,2,"WI"
375185,15.632708333333333,"NM",14327,2840,"14327_20201231",0.5858794201944917,1.2953271878960224,24,14.292575653323619,1.9535778450879733,4,"NE"
531693,3.127605882352941,"SM",14331,10747,"14331_20201231",0.4675836271248158,4.3200655328248345,170,8.29217071813518,1.9620480850452569,8,"OK"
425169,5.3146125,"NM",14333,7435,"14333_20201231",1.7384270781483326,2.945649389745378,80,14.190327459636265,1.3508966437649867,4,"PA"
419940,5.315696202531646,"NM",14334,5331,"14334_20201231",2.059935011729666,2.4451496451271995,79,10.093044632347079,1.8409380317615958,4,"MO"
35686,5.947666666666667,"SM",14344,577,"14344_20201231",7.220617640524328,3.0620247743112534,6,10.754392196508102,0.3142677561282213,2,"KS"
188272,4.954526315789473,"SM",14345,2994,"14345_20201231",1.4649140546006068,2.8316515592041505,38,9.029762996364578,1.6253349295935238,2,"KS"
122244,4.365857142857143,"NM",14349,1537,"14349_20201231",0.8277053557405372,2.3926364094538317,28,8.975647995092109,0.831144946373467,8,"MO"
167168,5.970285714285715,"SM",1434,2533,"1434_20201231",0.00292597288598459,2.270374045472195,28,12.827507379410708,1.3212390525907072,2,"NE"
154814,4.994,"NM",14352,2358,"14352_20201231",2.2417739958841074,2.7391716901093996,31,8.302228178924443,0.8951495869613753,2,"IA"
321984,4.9536,"N",14355,5043,"14355_20201231",0.32282502996449486,3.1534368922620515,65,13.35653673594361,0.5620603066129098,4,"OH"
1305516,5.2220640000000005,"NM",14359,15313,"14359_20201231",0.8137444998117691,2.0630540256759553,250,8.062091117503432,0.9966704788967693,9,"PA"
1141747,8.5205,"NM",1435,10474,"1435_20201231",0.3812120946560714,1.565576814159956,134,9.788499237839234,1.6891651132173842,4,"NE"
19607,3.2678333333333334,"NM",1436,497,"1436_20201231",21.95754556003003,4.0082657500960535,6,8.775796433580444,-1.8172189281523556,2,"NE"
550634,5.857808510638298,"N",14370,9840,"14370_20201231",0.4324969144249986,3.114103633371426,94,10.99590702732497,1.3465131423663939,4,"MI"
1519781,5.4865740072202165,"NM",14382,18213,"14382_20201231",0.7655966544675372,2.0173791239089587,277,8.58676195356259,0.9842489486701099,2,"IA"
95779,6.385266666666666,"NM",1438,1470,"1438_20201231",0,2.490072818360548,15,15.328301886792453,0.929353174757215,2,"NE"
179941,11.2463125,"NM",14392,1678,"14392_20201231",0.31235757717233026,1.7271626030385512,16,20.291402590245248,1.915382907665875,2,"IA"
82952,3.6066086956521737,"N",14399,1243,"14399_20201231",0.10228569180534247,2.994527375966702,23,11.181335637575609,0.3237326892936975,7,"TX"
113748,8.749846153846153,"NM",1439,934,"1439_20201231",0,1.6489237025287131,13,18.669132874311913,2.6846113173401362,4,"NE"
24527,3.503857142857143,"N",14400,318,"14400_20201231",0.06545114539504442,2.80116701438819,7,13.75663552940208,0.17870946827699136,8,"WI"
52015,5.779444444444445,"SM",14404,582,"14404_20201231",1.3212545377244334,2.309663035613009,9,9.476432805382432,1.2848845168482192,2,"TX"
577505,6.562556818181818,"NM",14410,10214,"14410_20201231",0.04078591317306561,2.7155570547113848,88,8.059052289485438,1.0934755638239373,4,"IA"
160189,5.932925925925925,"SM",14413,2243,"14413_20201231",0,2.4521791384228178,27,9.212074904336145,0.8804939928347865,2,"IA"
140152,10.780923076923077,"NM",14415,1480,"14415_20201231",1.5398183440110291,1.565517283927767,13,14.224595019563388,1.9603669634208787,2,"IA"
224429,4.675604166666667,"NM",14420,4419,"14420_20201231",0.03840805244685783,3.2198006155841825,48,11.941911423197721,1.258579137506527,2,"KS"
380436,4.372827586206897,"N",14427,6252,"14427_20201231",0.478667308302702,3.0273341882025684,87,8.313711284187647,0.7847770360260141,4,"LA"
429933,8.59866,"NM",14445,4029,"14445_20201231",0.021036436992731437,1.7356827464910396,50,11.757208932657058,1.1144577287156823,2,"WI"
170724,6.3231111111111105,"N",14468,2282,"14468_20201231",0.17336961999798406,2.2746739195768466,27,14.77650625978091,0.801426539239847,2,"WI"
251531,4.573290909090909,"NM",14488,3988,"14488_20201231",0.2376425855513308,2.5943770847673004,55,11.637571426322666,1.0729933287446392,4,"MO"
157348,4.917125,"SM",14491,2514,"14491_20201231",0.34380546186082384,2.982327590233928,32,13.355819158176367,0.9856562655572862,8,"VA"
436604,3.465111111111111,"NM",14492,7991,"14492_20201231",0.5737112489990792,3.0520560683608693,126,9.579356503653306,1.3244640551569815,2,"MO"
481432,4.719921568627451,"NM",14507,6772,"14507_20201231",0.39666798889329624,3.1418402124446465,102,8.502152135074821,0.7075416161094674,4,"WV"
335867,4.5387432432432435,"SM",14513,5424,"14513_20201231",0.11118177749511224,3.0080633260065834,74,7.637627407512987,1.0645566665951545,2,"MI"
1670163,6.326375,"SM",14521,26237,"14521_20201231",0.9561378415338674,2.608976302559172,264,8.771788766599116,1.0372468991988135,2,"IA"
290779,6.186787234042553,"NM",14522,3180,"14522_20201231",0.31175283341096105,2.2545590852617945,47,10.094955531637682,0.9609056013658404,2,"IA"
136426,4.40083870967742,"NM",14523,1907,"14523_20201231",1.4025928056280694,2.9089476125685154,31,9.284021916185399,0.48560032145810417,2,"OH"
7058308,8.24568691588785,"N",14531,85152,"14531_20201231",0.4840065308933726,2.283319855310407,856,9.281360841914545,1.4864834729494785,4,"TX"
217294,4.09988679245283,"N",14534,3578,"14534_20201231",0.9125569573168842,3.173450816982089,53,10.633826536179015,1.8641910236392747,2,"AR"
430990,5.824189189189189,"NM",14546,3663,"14546_20201231",0.025116271013225017,1.6970826317850507,74,9.195975511104574,1.4007862621457996,4,"MO"
83810,5.238125,"NM",14556,1186,"14556_20201231",1.1187980911934607,2.380952380952381,16,9.641601748052441,0.6979533506864697,2,"KS"
106460,5.914444444444445,"NM",14560,1584,"14560_20201231",2.168402056687816,2.8118700937079404,18,10.774776952047208,0.5676396930743745,8,"WI"
95275,5.604411764705882,"NM",14561,1022,"14561_20201231",0.5543901708121066,1.9001243756965147,17,14.691735898557063,0.5130228036480664,5,"IN"
388173,5.708426470588235,"N",14567,5056,"14567_20201231",1.1459786967197187,2.1088744015008487,68,10.501999969504912,1.1686758025024624,2,"IL"
51646,5.738444444444444,"NM",14574,779,"14574_20201231",3.685874611900761,2.363566022680562,9,9.707967110859087,0.7455408596690605,2,"MN"
991484,6.196775000000001,"NM",14578,11767,"14578_20201231",0.04170612819421154,2.306540948223511,160,8.569972815661126,1.5030608869395239,8,"IN"
63208,7.023111111111111,"NM",14581,684,"14581_20201231",0.2527789480506854,1.7085759489566987,9,12.889367950760771,1.4216519043975566,2,"NE"
247457,3.866515625,"N",14584,3846,"14584_20201231",1.9553134726545134,2.922807828240456,64,10.69961383616794,0.5271069122164934,7,"CO"
552432,1.0810802348336594,"NM",14587,71863,"14587_20201231",5.306009775425037,19.55632322067549,511,11.27318096994824,5.69172924983265,8,"MI"
316588,5.554175438596491,"SM",14597,4161,"14597_20201231",0.2371976123154257,2.5846942861396616,57,9.743573181759462,1.987468107714177,8,"AR"
149429,6.226208333333333,"NM",14604,1496,"14604_20201231",0.18341337972242183,1.8209635308399714,24,9.083639100573903,1.0552996413505618,2,"MO"
158486,4.283405405405405,"N",14619,2149,"14619_20201231",0.9098865072860377,2.474095726204442,37,8.242931043141983,0.39323375780732855,8,"NY"
495298,5.693080459770115,"NM",14633,8013,"14633_20201231",0.1927259225206429,2.822705827592547,87,8.868007300508635,0.8986327606110358,2,"IA"
52310,4.023846153846154,"SM",14636,914,"14636_20201231",0.17294079794079795,2.8170891983009847,13,12.705783030814692,0.8856974152873278,2,"KS"
226536,4.7195,"NM",14642,2347,"14642_20201231",1.6098541679169416,1.9429098043314064,48,12.80414678996882,0.9006740804431165,7,"SC"
609438,4.954780487804878,"N",14644,9147,"14644_20201231",0.34399610319278,2.5023336745480016,123,9.441487806304462,0.6372309177227344,4,"AR"
842903,5.65706711409396,"N",14646,11288,"14646_20201231",0.6681603496017463,2.390674213274027,149,7.968036879435967,0.5937135139446189,4,"NJ"
101120,3.745185185185185,"NM",14649,1782,"14649_20201231",0,3.1988305660992,27,12.250154749306125,0.7071858744260558,2,"IA"
161073,5.195903225806452,"NM",1464,1804,"1464_20201231",0.5403091557669442,2.5521478382864573,31,8.078379366544999,0.9430035304818827,8,"NY"
3778765,7.467915019762845,"NM",14650,39798,"14650_20201231",0.359705832497589,2.1342123630922125,506,11.943831385545916,1.0910706280842637,4,"IA"
569369,11.38738,"NM",14660,5552,"14660_20201231",0.2363337443485409,1.6259300323698815,50,13.78515860971549,1.6642839000247736,4,"WI"
275623,4.1761060606060605,"NM",14662,7532,"14662_20201231",0.5773061583552906,4.234206596267856,66,10.113146512820142,1.625785835418772,4,"IL"
245003,4.152593220338983,"N",14674,3466,"14674_20201231",0.2073044888331982,2.521739053127659,59,10.474762032444028,1.0370557396345546,2,"IL"
559802,3.887513888888889,"NM",14679,13787,"14679_20201231",5.083656715786982,4.683805672347574,144,7.978488102457993,1.0117219957705241,4,"DC"
212698,6.6468125,"SM",1468,1523,"1468_20201231",0.016881582193826537,1.5793821780895143,32,9.020597697428324,1.463965788152204,2,"TN"
235049,6.529138888888889,"NM",14690,2905,"14690_20201231",0.20080592816962353,2.214073171111451,36,8.389166623717982,1.366451777165785,2,"IA"
373670,4.852857142857143,"SM",14692,6777,"14692_20201231",1.880465722079043,3.046033504123036,77,8.540153896174271,1.0037427027961645,2,"IA"
87676,5.845066666666667,"NM",14694,1219,"14694_20201231",0.15376241665532725,2.6443656808862412,15,7.758275226416607,1.6925457202230771,2,"IA"
327071,5.27533870967742,"SM",14695,4443,"14695_20201231",1.9806470195306993,2.6824214483100546,62,9.487804265367128,0.9129055812670326,2,"MO"
120398,4.151655172413793,"NM",14701,1610,"14701_20201231",0.11571097968629468,2.519110493398193,29,11.064987117091325,1.1638159713660172,2,"MO"
212882,4.1741568627450985,"NM",14705,4167,"14705_20201231",1.9297979030542471,3.218159928005643,51,9.084263784775473,0.964789246248267,2,"IA"
1478932,8.803166666666666,"N",14712,17143,"14712_20201231",0.7845779281121065,3.875465626701604,168,16.104171338554774,2.2567802080694057,4,"SD"
296463,4.705761904761905,"NM",14722,5610,"14722_20201231",1.2076165024219143,3.8541453820468385,63,7.731112527892892,0.7395485684542804,2,"MI"
371935,7.017641509433962,"NM",14730,4347,"14730_20201231",0.0018935329537851722,1.8371332206389517,53,9.644898412707017,2.0379348160047503,2,"CO"
113205,5.66025,"N",14731,1484,"14731_20201231",0.10666277030976037,2.396498899453967,20,12.680903556838802,1.1208241006677013,2,"GA"
309749,3.560333333333334,"NM",14735,4844,"14735_20201231",1.157420217181241,3.43163834474654,87,8.564607380261345,1.1235257214116787,2,"KY"
182018,4.9194054054054055,"NM",14744,3230,"14744_20201231",0.4824054703843632,3.370273965851405,37,11.943534070736037,0.39485100535140594,8,"WV"
121837,4.5124814814814815,"NM",1475,1788,"1475_20201231",0.5681513640992657,3.1458765261460493,27,11.411623766659456,0.8809534093526836,4,"TN"
233934,7.546258064516129,"N",14761,2402,"14761_20201231",0.083761489159618,1.998363762022162,31,10.136482398239824,0.8489479946882085,2,"IL"
540567,12.870642857142858,"NM",14769,6651,"14769_20201231",0,1.744435192640851,42,12.404036565305434,1.2278337969401947,4,"WI"
164604,4.572333333333334,"NM",14772,2382,"14772_20201231",2.4128318158722313,2.3478724850636574,36,11.642627869861744,0.772149268510419,8,"IA"
139082,5.151185185185185,"NM",14773,1885,"14773_20201231",0.6503054597650848,2.197706059454209,27,9.13826164105206,1.5362825130776332,2,"IA"
3171961,10.1340607028754,"NM",14778,20171,"14778_20201231",1.0375378675497982,3.096678498514669,313,17.633458535151348,0.7171314542298534,4,"TX"
249120,5.084081632653061,"N",14779,2752,"14779_20201231",0.2976312236632164,2.249850109776948,49,11.480019975930642,1.5309757447256176,7,"TX"
75973,5.844076923076923,"NM",14785,1114,"14785_20201231",0,2.5254817447931153,13,7.221135553709708,0.9633431814920984,2,"IA"
312949,6.519770833333333,"NM",147,4111,"147_20201231",0.13659875572128677,2.5449119434131346,48,10.847560640495534,1.220476561097639,4,"GA"
475160,7.542222222222223,"NM",14801,6144,"14801_20201231",0.040901763587806464,1.8619856472202416,63,13.536202150314235,1.1696523452738057,4,"ND"
230386,7.6795333333333335,"NM",14807,2504,"14807_20201231",2.907461764251506,1.7235132338304877,30,11.52323309844415,1.1004591539950532,2,"IA"
178114,6.3612142857142855,"NM",14809,2879,"14809_20201231",0.4829019837556344,2.5066279372574396,28,12.583797391534004,2.010464741438747,2,"IA"
402581,3.946872549019608,"NM",14812,6758,"14812_20201231",0.7998388384430002,2.9973312881428775,102,9.406848047190218,1.024608210654617,2,"IA"
1499686,4.7609079365079365,"NM",14816,24505,"14816_20201231",0.5064992070289989,3.1536561986058254,315,9.12241905468253,1.0417597532025007,4,"MI"
27802,3.9717142857142855,"N",14820,448,"14820_20201231",0.7449684589966957,3.1548143991020607,7,8.446247766527696,0.41289184638819854,6,"NY"
369134,9.714052631578948,"N",14836,2910,"14836_20201231",0.21161972074495672,1.5089980217221493,38,9.270034127056382,1.3288280873554825,7,"OH"
5549659,7.331121532364598,"NM",14843,64723,"14843_20201231",1.205162133251877,2.9402017347290235,757,9.353178007436151,0.24011650768245374,4,"IA"
363588,4.602379746835443,"NM",1484,5375,"1484_20201231",0.46731040922867617,2.7249454084878972,79,10.338319428896101,0.7456110216603586,4,"TN"
1057365,5.208694581280788,"NM",14851,21637,"14851_20201231",0.35123483648430653,3.4835689547504862,203,11.101508145715396,1.5976560666325406,4,"TN"
31793,3.1793,"N",14853,661,"14853_20201231",2.424536962038987,4.103285948569494,10,8.636083244050518,0.22574712338408218,2,"MN"
274783,4.163378787878788,"NM",14857,4441,"14857_20201231",0.28217251295085677,3.2511291864824745,66,8.568178618272357,1.7877475403235952,8,"IL"
418695,8.7228125,"NM",14863,4544,"14863_20201231",0.19717895356414625,2.0152494496325857,48,7.896384869601522,1.056253078539189,8,"PA"
102936,6.8624,"N",14864,864,"14864_20201231",0,1.3429340934963487,15,11.405959031657357,0.39149629327977636,7,"TX"
284379,5.80365306122449,"NM",14867,4676,"14867_20201231",0.8255478487904817,2.776900276970437,49,8.846215707802152,1.3783758695353387,2,"IA"
107636,4.30544,"NM",14868,2172,"14868_20201231",2.4264565555222335,3.016347365037919,25,9.140279996241661,0.729632668379457,2,"IA"
1800117,7.143321428571428,"SM",1487,24344,"1487_20201231",0.1610947836269871,2.50087271149546,252,8.26347250168156,0.9053714434729785,4,"TN"
331662,6.909625000000001,"SM",14883,3996,"14883_20201231",0.051493932230741474,2.2990328709680488,48,9.612796645356593,1.3097001551085918,4,"IN"
689522,5.107570370370371,"NM",14885,13192,"14885_20201231",0.3232776462407073,3.3225688868871046,135,8.876101969831305,1.0240227586988835,7,"AK"
193762,6.681448275862069,"NM",14894,2133,"14894_20201231",0.27443663502644733,2.3258677538958286,29,9.997592076886033,0.8836017202300329,8,"KY"
449777,7.027765625,"SM",14899,5946,"14899_20201231",0.1999589508841109,2.8090167494909,64,10.402305844064431,1.5091179717295056,4,"OK"
315351,5.086306451612903,"NM",148,5167,"148_20201231",0.4989741169217728,2.7904061941455236,62,10.769003010214991,1.392051143232199,4,"GA"
101634,4.418869565217391,"NM",14904,1468,"14904_20201231",0.003485170599100826,2.2928477168643457,23,9.614255934913277,1.0733330796849687,2,"IA"
87176,7.264666666666667,"NM",14907,1065,"14907_20201231",0.02547186632364553,2.0766523172309976,12,13.180369207346084,1.5959917629436795,8,"WI"
140644,9.376266666666668,"NM",1490,94,"1490_20201231",0.12360090640664698,0.0926871281820204,15,8.856312268092442,0.39498976163722543,2,"TX"
247237,5.8865952380952375,"NM",14911,2923,"14911_20201231",0.432440764178491,2.0893869245042986,42,14.828546462724473,1.2586825586042774,8,"WI"
108641,5.717947368421053,"NM",14912,1390,"14912_20201231",0.31452722626302343,2.1981387445417004,19,11.776294704296514,1.1489597123155046,2,"NE"
112018,4.48072,"NM",14914,1820,"14914_20201231",0,3.916446591478026,25,8.243786756082942,1.7991385537333797,4,"WI"
92047,11.505875,"SM",14920,772,"14920_20201231",0.006100815984137879,1.743256053883694,8,16.044483209768863,1.3507123480448606,2,"OH"
326365,5.531610169491525,"NM",14922,4818,"14922_20201231",0,2.5254321246445492,59,9.656195634739479,1.4308494510554037,2,"NE"
55509,6.167666666666666,"NM",14926,624,"14926_20201231",1.0273972602739725,2.097851693645368,9,18.332862276416197,-0.07397487888984572,7,"MI"
557692,4.3912755905511816,"NM",14929,11111,"14929_20201231",0.7703702904201554,4.148955487910839,127,7.79249007952547,0.7433325588251948,4,"MI"
177911,7.412958333333333,"SM",14930,2543,"14930_20201231",2.3224503534163583,2.318005420217941,24,10.396355247446703,1.7093952542253406,2,"IA"
19227,2.746714285714286,"SM",14944,380,"14944_20201231",0.8036431824270024,3.6186753715316557,7,10.34430225472273,0.7140709561034275,8,"KS"
170638,5.3324375,"NM",14952,2462,"14952_20201231",0.02026166492995253,2.946675940490953,32,8.908218538266032,1.1510553706669282,8,"KS"
121979,10.164916666666667,"NM",14960,1027,"14960_20201231",0.0772810510222939,1.9697595697334753,12,9.141459819783607,0.7058154116018295,2,"WI"
363754,7.739446808510639,"N",14966,3935,"14966_20201231",0.48926926403443494,1.8099625584485048,47,8.748038872648058,1.5321704021947304,8,"OK"
1105423,5.340207729468599,"NM",14969,17575,"14969_20201231",0.13883703565428412,2.86604454856294,207,7.97258587247532,0.8911844797281196,4,"PA"
364586,4.006439560439561,"NM",14974,7254,"14974_20201231",0.0074154852780806985,3.58447648003522,91,7.944974425812952,1.190584676488793,4,"KS"
716981,9.192064102564103,"NM",1497,7287,"1497_20201231",0,1.5964467239947346,78,12.44942385446204,1.156596082350682,4,"TX"
117265,5.330227272727273,"NM",14982,1731,"14982_20201231",0,2.8542751977677843,22,7.395431852867379,0.8701040414384732,8,"IA"
215990,3.5408196721311476,"NM",14991,3485,"14991_20201231",0.05626641103655233,2.770182216206246,61,11.455124279496804,1.0164557995430232,2,"OH"
207409,6.913633333333333,"NM",14994,1834,"14994_20201231",0.6898078945911532,1.5067265322647123,30,9.82149623843616,0.7935356840632367,2,"WI"
820355,8.370969387755101,"NM",14995,6349,"14995_20201231",0.2453734948318119,1.3958508824675613,98,10.595600488271852,1.6730658231475812,4,"WI"
65012,8.1265,"NM",14999,563,"14999_20201231",0,1.8407208744628363,8,16.00430335436839,1.3504354079003051,8,"MI"
127709,4.403758620689655,"NM",149,1663,"149_20201231",5.806641776380428,2.834150209961128,29,12.077814437590654,0.26001378073037873,2,"GA"
311181000,10.321094527363185,"SM",14,4017000,"14_20201231",0,2.7262140396936765,30150,6.643633152904142,0.838096492202685,1,"MA"
10270,3.4233333333333333,"NM",15009,179,"15009_20201231",10.955315870570107,4.536051168175521,3,4.722117912129177,-1.4803849000740192,6,"KS"
165071,6.113740740740741,"NM",15010,2336,"15010_20201231",1.516083778395806,2.466046808554454,27,8.630427216832233,1.2079253287204357,2,"NE"
93763,4.464904761904762,"NM",15011,1731,"15011_20201231",1.1150738115660692,3.9696722148473405,21,9.841086194575833,0.9724014370190212,8,"MI"
7290532,6.658020091324201,"SM",15019,100968,"15019_20201231",0.7489021715547728,2.4299020906506263,1095,9.747211243766852,1.2440533541736474,4,"NC"
926882,5.388848837209303,"SM",15032,16234,"15032_20201231",0.2619743477141603,3.0401168974561887,172,9.09188921796815,0.8604401610445168,4,"MI"
130907,6.545350000000001,"NM",15035,1388,"15035_20201231",0.3311643039739717,2.5430031834130458,20,9.156456726817238,0.40745653938097104,4,"AR"
159267,4.97709375,"NM",15038,2453,"15038_20201231",0.9514415469658674,2.663032888257337,32,12.094064949608063,1.0730339089319634,4,"KS"
343842,6.742,"NM",15046,4847,"15046_20201231",0.9376947198314075,2.5614782663107216,51,11.386071270146385,1.2400045350153366,2,"WI"
258134,5.16268,"NM",15050,3780,"15050_20201231",0.01789719849186274,2.403452059995309,50,9.956922698896577,0.6114526373258301,4,"AR"
270090,3.7512500000000006,"N",15059,5975,"15059_20201231",0.46552793818413735,3.988445272914396,72,9.434846460963964,1.5304852317472653,4,"LA"
206013,5.024707317073171,"NM",15064,2950,"15064_20201231",0.5819840544233738,2.447943997533122,41,11.00211492597759,1.0554560749584796,2,"MI"
82498,6.874833333333334,"N",15078,734,"15078_20201231",0.3361561833344108,1.918011839257308,12,8.611943035266794,1.0952616893107674,7,"TX"
624586,4.082261437908497,"NM",15085,10737,"15085_20201231",0.06455139138875014,3.1683965484046,153,8.187908361591266,1.2029825144837485,4,"SC"
1611748,6.446992,"NM",15091,24746,"15091_20201231",0.5531362066386779,2.794085051572921,250,9.225395191143045,1.071465088175936,4,"WI"
115422,4.2748888888888885,"NM",15092,1317,"15092_20201231",0.01761571321618884,2.092605635101201,27,16.470845544814313,1.6298355783519485,7,"WI"
37371,4.671375,"NM",15098,402,"15098_20201231",12.128934499621186,1.7976721469677888,8,11.361324204679809,-0.02353744218615763,2,"KS"
95163,5.008578947368421,"NM",15101,1090,"15101_20201231",0.5965951462723457,2.2506868676502827,19,14.49209983195931,1.6932628662322333,8,"MO"
260999,7.054027027027027,"NM",15104,3395,"15104_20201231",1.5885752828850204,2.3524383320699487,37,10.099246771209092,0.35932623869106806,7,"SC"
80014,4.0007,"NM",15105,912,"15105_20201231",0,2.426127367843949,20,11.428857740533363,0.5328769720290828,2,"TX"
243480,4.426909090909091,"NM",15111,3732,"15111_20201231",0.6794593001489553,2.49997987133759,55,9.032580233651135,0.9384429719209633,2,"KS"
106057,4.820772727272727,"NM",15113,1657,"15113_20201231",0.6571177664052327,3.5046634959722525,22,11.617731493397217,1.0361088980629793,4,"SC"
2197983,1.3876155303030304,"NM",15118,139505,"15118_20201231",27.050839454536828,12.159402021078963,1584,16.199389786064504,6.2683936067137385,5,"OK"
200252,4.171916666666667,"NM",15121,483,"15121_20201231",4.363079670855393,0.33609133729549884,48,10.259406770778744,2.2164129906262335,2,"WI"
200472,8.716173913043479,"NM",15126,1373,"15126_20201231",0.005411431107070576,1.3003396409509946,23,18.21656573109123,1.586608442503639,8,"WI"
703332,7.902606741573034,"NM",15136,8754,"15136_20201231",0.002863519301014939,1.8806698434440148,89,11.04642950394439,1.540343828574386,4,"WI"
403491,5.604041666666666,"NM",1513,5723,"1513_20201231",0.34769094642269693,2.3664962556818803,72,8.823438704703161,3.6083345142196883,4,"WI"
227538,9.10152,"SM",15142,1752,"15142_20201231",0.056489196441180625,2.152089863614089,25,7.907621587512148,1.2857563972660258,8,"MO"
143194,5.727760000000001,"NM",15146,1794,"15146_20201231",3.5769370350208676,2.7532031201591747,25,9.845438862092031,0.8413138816790477,4,"WI"
90252,4.750105263157894,"NM",15152,1220,"15152_20201231",0.03179195345658014,2.294747577766446,19,9.789403679893594,1.4126824427691334,2,"WI"
214577,5.960472222222222,"NM",15164,2726,"15164_20201231",2.019669551534225,2.2899071969359754,36,12.861789438432142,0.6068501362074388,2,"KS"
165985,4.742428571428571,"NM",15165,2294,"15165_20201231",0.4174368854521944,2.6106979020588885,35,10.933123354531576,1.3452892054805636,4,"MI"
239661,5.845390243902439,"NM",15194,3443,"15194_20201231",1.957667699488954,2.473773280449888,41,15.639933226575142,2.1108190957630564,2,"KS"
576051,5.592728155339806,"NM",15200,8930,"15200_20201231",0.1234126935251444,2.628090296946413,103,10.247980259418862,1.8518309880312607,2,"IA"
336672,7.014,"NM",15205,5123,"15205_20201231",0,2.724302505892144,48,9.06099487305052,0.6145790630428553,4,"TN"
563903,5.31983962264151,"NM",15206,8476,"15206_20201231",1.628912178354509,2.6621097064107686,106,10.671731455294923,1.2318470016902223,8,"TX"
102024,5.1012,"N",15214,1110,"15214_20201231",0.09365392837510433,2.2223720833282243,20,16.914395272073214,0.42199525076531347,2,"OH"
135361,5.01337037037037,"NM",15216,2059,"15216_20201231",0.12554083439818864,2.8363436137450617,27,8.230919939442515,1.064429177844507,4,"GA"
1853078,12.520797297297298,"NM",15219,15078,"15219_20201231",2.074370575037526,2.426521937754264,148,8.519326566926457,1.2856880832191246,4,"IA"
126579,3.835727272727273,"NM",15228,3490,"15228_20201231",0.8177134714457964,5.083135139726493,33,8.850563187272302,1.7872816331153203,4,"WI"
2556560,13.043673469387755,"NM",15229,31069,"15229_20201231",1.2353190703338708,2.7450867383708246,196,8.671468646697477,0.8966600833793186,4,"WI"
95563,5.621352941176471,"NM",15237,988,"15237_20201231",3.206627029193667,2.230244209460523,17,14.803317124001389,1.3249201285240937,2,"KS"
298411,5.630396226415094,"NM",15242,3523,"15242_20201231",0.06667745589901278,2.0662436840195744,53,8.228617754357519,1.276100890505308,8,"WI"
636170,9.355441176470588,"SM",15243,6157,"15243_20201231",1.287740929178891,1.6421258465241184,68,14.864766956894272,0.5405856301217417,8,"WV"
134280,3.357,"NM",15249,2102,"15249_20201231",2.677210895703338,2.849949125410723,40,11.121938156906209,1.049895982527657,2,"KY"
60209,3.1688947368421054,"NM",15254,896,"15254_20201231",0.14138875173930607,2.863946100753843,19,7.7772002772002775,1.585594680302415,2,"KS"
77494,3.8747,"NM",15255,1037,"15255_20201231",1.7467829921499305,2.906691831859919,20,8.245048977853491,0.6216624149064567,4,"TN"
65702,4.693,"NM",15258,911,"15258_20201231",0.3659296169417627,2.7046233321219044,14,12.610859089268056,1.0902860702974924,2,"KS"
101418,6.338625,"NM",15259,1400,"15259_20201231",0.026213694033763234,2.5167445103953816,16,9.943813012866721,0.8311439784632351,2,"KS"
143303,5.307518518518519,"NM",15261,2390,"15261_20201231",0.9308082045199635,2.514632364656263,27,12.833590321432808,0.7928682440861798,2,"KS"
398668,4.380967032967033,"NM",15264,5033,"15264_20201231",0.19291483181165578,2.594227334941412,91,10.148275414001704,0.8555204172653385,4,"MO"
155667,4.86459375,"NM",15270,3303,"15270_20201231",0.18415069493739905,4.177601936447172,32,12.056677112423344,-1.596713828100848,4,"AL"
505126,5.0012475247524755,"NM",15271,7352,"15271_20201231",0.5077118726970359,2.7002059645393683,101,9.635155943235059,0.9158617741670209,2,"WI"
587566,9.326444444444444,"NM",15272,7088,"15272_20201231",1.6860190281618967,2.0407847570092787,63,8.464164787547626,1.6919761957493273,2,"IA"
704546,4.665867549668874,"SM",1527,9461,"1527_20201231",0.5289136134226963,2.4180803586021793,151,10.002253866247486,1.2290992212336995,2,"AR"
175108,4.732648648648649,"NM",15282,2733,"15282_20201231",0.3009762267700192,2.9315156454520754,37,8.614106208683072,1.2830011607517722,4,"MO"
378463,7.723734693877551,"NM",15286,4203,"15286_20201231",0.3863202510758081,1.5942120692081692,49,9.555659059152305,0.7890599685576104,2,"MN"
12809603,7.78226184690158,"NM",15289,145844,"15289_20201231",3.0721770277318172,7.766996599532408,1646,9.688086522005513,-5.276189447435462,4,"SD"
1680692,4.694670391061453,"SM",1528,21018,"1528_20201231",0.6849689111490783,2.5545777174056896,358,8.837564420690972,0.8881468176469821,4,"AR"
416289,6.121897058823529,"NM",15305,5217,"15305_20201231",0.5240178414578236,2.1566790385932038,68,13.478534969366965,1.762870836057388,2,"KS"
158308,4.947125,"NM",15306,2767,"15306_20201231",0.26217606130886356,2.6161221951963456,32,11.304320323866152,0.7482083408284517,2,"ND"
41089,5.136125,"NM",15308,423,"15308_20201231",0,1.9467715621215305,8,13.277840055334272,0.8582810357425258,2,"IA"
2190912,4.295905882352942,"NM",15310,29522,"15310_20201231",1.7750066416203187,2.6978597431126063,510,10.673033118234924,1.0116851277228536,4,"AL"
145606,4.282529411764706,"NM",15311,2101,"15311_20201231",1.1467566284842032,2.4611091532835165,34,11.350415609537293,0.7271131951986076,4,"IA"
78966,5.640428571428572,"NM",15320,938,"15320_20201231",0,1.7666354774131778,14,11.011536876802637,0.9179976499260161,2,"IA"
546606,4.6322542372881355,"NM",15321,9189,"15321_20201231",0.08053567170643165,2.728807245107351,118,13.493683771094602,1.297342814083193,2,"IA"
343522,6.0267017543859644,"NM",15323,4676,"15323_20201231",0.43011546283539986,2.090073469249222,57,9.69923514214811,1.203072592854779,4,"KS"
684734,6.84734,"NM",15324,6670,"15324_20201231",0.5044508179044097,1.8764039638994912,100,8.49384715166869,1.5727812400604329,2,"MN"
61435,6.8261111111111115,"NM",15326,468,"15326_20201231",2.15,1.3578017374491456,9,9.949025291923848,0.4313412194368731,5,"OH"
369930,6.2700000000000005,"SM",15334,4052,"15334_20201231",1.859450089985985,1.9653675776513164,59,9.400236014990595,0.9795903456289353,2,"IA"
206824,4.308833333333333,"NM",15336,3642,"15336_20201231",0.6688656069917119,3.1583115220264206,48,15.388623663811499,1.875858097094168,8,"GA"
322123,4.880651515151515,"N",15345,4449,"15345_20201231",6.276289079651537,2.657923263640784,66,8.445267582095509,0.521885888429902,8,"TX"
57958,6.439777777777778,"NM",15346,767,"15346_20201231",0,2.9672053248920123,9,13.144343866876254,0.30368748057293327,4,"TX"
121678,3.8024375,"NM",15347,2099,"15347_20201231",0.6443350013863766,3.268994156935219,32,8.237619958539767,0.8409581887674171,4,"MO"
60448,4.029866666666667,"SM",15348,1151,"15348_20201231",0.27455121436114044,3.710301356578934,15,12.080989506233758,0.31797563709317567,7,"OK"
124584,7.7865,"NM",15355,1497,"15355_20201231",0.2103551289529971,2.157863884664724,16,13.36907108989295,1.0457993866229431,4,"TX"
3710368,6.486657342657343,"NM",15359,50042,"15359_20201231",0.38254167141284123,2.545444772929725,572,7.766043399690324,1.0934799799996937,4,"NC"
72557,4.837133333333333,"SM",15362,1181,"15362_20201231",1.4773479279569315,2.651402082491967,15,14.629072931655957,1.3798411499944396,2,"MT"
66096,6.6096,"NM",15364,909,"15364_20201231",0,2.150618420187639,10,13.385756144232493,1.2052228410076289,2,"NE"
153836,3.944512820512821,"NM",15367,2401,"15367_20201231",0.108308642282698,3.1330278654208294,39,8.692438030315916,1.2326100361971182,2,"TX"
4310962,10.858846347607054,"NM",1536,42078,"1536_20201231",0.18235836931618024,1.7506815730874221,397,15.026988962571105,0.8174478419033666,9,"CA"
315234,4.704985074626865,"NM",15384,4413,"15384_20201231",0.6404906546590843,2.4962989867943657,67,9.536980449725615,0.6454645705841242,4,"OH"
3650232,4.939420838971583,"SM",15399,53137,"15399_20201231",0.8785740418356052,2.533634992105177,739,8.350760694954888,1.1282041971409964,4,"OK"
199862,6.662066666666666,"NM",15405,2544,"15405_20201231",0.18712759147092134,2.158525990894169,30,10.701025968185574,1.3346040799076184,2,"IA"
146151,4.05975,"NM",15414,3564,"15414_20201231",1.5086294416243655,4.089439056009091,36,7.26197483113316,1.000080737668083,4,"IA"
117438,4.049586206896552,"NM",15415,1506,"15415_20201231",0.0072527886972540935,2.1463018080218506,29,10.658976628733608,0.9287978620554735,2,"MO"
482490,6.185769230769231,"NM",15423,6856,"15423_20201231",1.1911180358784228,2.518981292553534,78,9.29764653910815,0.8660606255861738,4,"MO"
194427,7.77708,"NM",15427,1904,"15427_20201231",2.1182594996318302,1.887053138613382,25,12.547902916755376,1.153133535579454,2,"IA"
42215,3.2473076923076927,"NM",15442,752,"15442_20201231",3.7065005348939652,3.168313374995636,13,14.867956907236152,0.4582271410117655,7,"TX"
490920,6.4594736842105265,"NM",15443,8232,"15443_20201231",0.34156386749302026,2.5568746666864874,76,8.764217778451806,1.412227286832653,4,"MN"
620072,6.889688888888889,"NM",15444,7780,"15444_20201231",3.0463409021741548,1.8553662272470857,90,12.623494251073438,2.1363029432120664,2,"ND"
1031155,7.811780303030303,"N",1545,10577,"1545_20201231",1.4613185518882374,1.8648669429462965,132,8.565020056462599,1.003052123760884,4,"IA"
52586,6.57325,"NM",15460,502,"15460_20201231",0.08913980092111128,2.0902153331639304,8,10.711093841072469,0.07377230587637401,2,"TX"
335622,5.085181818181819,"NM",15463,5522,"15463_20201231",1.4962815501768185,2.987725109966448,66,10.30468639908833,1.9867711763914002,4,"TX"
680695,4.69444827586207,"NM",15465,9837,"15465_20201231",1.2288100092160752,2.731891116042992,145,8.79236138739195,0.9161066249213534,4,"FL"
47821,6.831571428571428,"NM",15469,523,"15469_20201231",2.279018863065731,1.8959512700184218,7,20.63363981908139,1.0152079495488713,2,"KS"
72716,5.593538461538462,"NM",15471,1106,"15471_20201231",0,2.4442380552238583,13,9.047949775980172,0.9567614582872643,2,"ND"
299131,6.956534883720931,"NM",15472,3822,"15472_20201231",0.6110744502207701,2.158273897404332,43,9.747718407487199,1.5933276802842022,2,"ND"
400145,8.51372340425532,"NM",15477,3956,"15477_20201231",0.19083362488470468,2.072689523229776,47,8.675606634559538,1.0430028045307302,4,"GA"
460069,6.667666666666667,"NM",15478,6875,"15478_20201231",0.19505624877871758,2.5771853365843738,69,8.223149244668006,1.1623378717261188,2,"ND"
214232,7.141066666666666,"NM",1547,2290,"1547_20201231",0,1.9097041069227678,30,9.79221005885604,1.5909896265410128,2,"IA"
147029,3.9737567567567567,"NM",15480,3024,"15480_20201231",0.07792474110530093,3.6189092883172687,37,8.848072256672959,2.1231223253423273,4,"TX"
509237,5.417414893617021,"NM",15489,6267,"15489_20201231",0.5006317333949217,2.546172972032926,94,10.417954717194617,1.354192368587504,2,"MO"
527680,5.673978494623657,"NM",15496,8363,"15496_20201231",1.8613035085727263,2.349022424338896,93,15.07729794087515,0.962876420514047,2,"GA"
99390,4.517727272727273,"NM",15501,1425,"15501_20201231",0.976427655587336,3.020355119258521,22,15.765411515513753,0.725985848567395,7,"TX"
389510,8.8525,"SM",1550,4092,"1550_20201231",0.1095589369248959,1.9476114043651647,44,8.353569431651508,1.402103707135726,4,"IA"
314454,4.30758904109589,"SM",15510,5637,"15510_20201231",3.6606571294963706,3.342269754384487,73,10.142791986808406,1.4833317751656159,4,"OK"
1345450,4.7208771929824564,"SM",15511,27545,"15511_20201231",0.6690235388883916,3.6413815872869906,285,8.997381912206892,1.1869194120913313,4,"TX"
168674,8.877578947368422,"NM",15519,1908,"15519_20201231",0,1.9521836707868616,19,9.574604134210709,2.175516403697952,4,"TX"
186743,10.374611111111111,"NM",15523,1752,"15523_20201231",2.2390928310590046,1.636360600444155,18,14.327911573414603,1.5317225756538484,7,"TX"
705190,7.5020212765957455,"SM",1552,8398,"1552_20201231",1.503038834220859,2.870590942551785,94,10.187201960886814,0.8757063473520706,2,"IA"
95541,4.15395652173913,"NM",15532,1426,"15532_20201231",1.1755783086841107,3.4852289892485193,23,12.20332195101387,1.5046929584578477,4,"IN"
280613,7.384552631578948,"NM",15539,4602,"15539_20201231",0.2286809065710093,2.4623358473610852,38,9.88856484607193,1.3323927627386,2,"ND"
297260,6.066530612244898,"NM",1553,3807,"1553_20201231",0.06965018447204656,1.9849863364657647,49,10.600443524740996,1.3335524765773024,2,"IA"
989887,8.318378151260506,"NM",15545,12286,"15545_20201231",0.6378746415249948,1.99778232725112,119,9.533829014750387,1.7496324673432866,4,"NE"
137977,5.306807692307692,"NM",15546,1632,"15546_20201231",0.9152600364963505,2.196716713693304,26,8.268635528790218,1.2828948889159422,2,"MO"
71130,4.742,"SM",15547,1061,"15547_20201231",0.658738486650344,3.0674756883901098,15,12.110534639180978,1.3150503785706764,2,"AR"
1495421,5.284173144876325,"SM",15555,27584,"15555_20201231",0.1329425344164761,3.3762079056639283,283,9.325520721319354,1.3090707679523486,4,"IA"
855819,8.150657142857144,"NM",15562,10094,"15562_20201231",0.20361335612742731,2.0449986930509163,105,9.777892033295963,1.540984152482503,4,"SD"
763565,5.454035714285714,"NM",15565,8769,"15565_20201231",1.814475104502371,2.006982142671081,140,11.98,1.371668579645069,4,"IL"
235377,3.736142857142857,"NM",15566,4202,"15566_20201231",0.33102951564426103,3.674402298132088,63,7.942319094154376,0.7301696874493252,2,"IN"
46745,3.5957692307692306,"NM",1556,1048,"1556_20201231",0.1552466304424529,3.4802064641899824,13,7.842360010014186,-0.28798653109146893,2,"IA"
1036575,6.207035928143712,"N",15572,13616,"15572_20201231",0.22976333581382333,2.348995310110796,167,10.235471821599317,1.084862752657732,4,"TN"
75755,5.050333333333333,"NM",15578,1384,"15578_20201231",9.544521452816,2.807321925085336,15,10.237198439377371,1.0002938716459073,2,"MN"
147382,4.6056875,"NM",15580,1650,"15580_20201231",0.005444399074452157,2.3522586191866144,32,12.78137704164452,0.6463074800321049,7,"GA"
783899,3.919495,"NM",15584,14796,"15584_20201231",0.2586690566230208,3.14671719193472,200,8.357480008600653,0.9627872547570325,4,"MO"
122896,3.8405,"NM",15585,1834,"15585_20201231",0.76043599752565,2.83503153972588,32,7.445584350334679,0.7197267569601712,2,"MI"
356760,5.096571428571428,"NM",15586,4924,"15586_20201231",0.09947910938702872,2.5158291940679782,70,9.217225653755124,2.0502194666048723,4,"NE"
206174,4.12348,"NM",15590,2623,"15590_20201231",0.6091996162276425,2.7114807091251167,50,13.874365788837883,1.7702634490564881,4,"KY"
63506,7.93825,"NM",15593,671,"15593_20201231",0,1.9197536260145107,8,14.746629763811361,1.2153956844207454,2,"SD"
64637,4.3091333333333335,"NM",15597,1110,"15597_20201231",13.387393231700726,3.2937965143187244,15,10.744161307480296,0.34458178919026655,2,"MN"
158097,5.451620689655173,"NM",15598,2198,"15598_20201231",0.13082450097607343,2.6677784609214,29,11.72480801210785,0.6227455161003466,2,"ND"
217974,5.069162790697675,"NM",155,2545,"155_20201231",0.6421665518875941,2.3466808189986956,43,9.131647452584604,0.3803101629408762,8,"GA"
94894,5.271888888888889,"NM",15606,1653,"15606_20201231",0.4224615706368295,2.86093600460114,18,8.745259199002716,1.329874900827705,2,"MO"
216646,6.565030303030303,"NM",15610,2543,"15610_20201231",0.028233775662485378,2.005080855132414,33,9.495772734724467,1.2030485130794486,2,"IA"
221735,5.992837837837838,"NM",15611,2620,"15611_20201231",0.16468381446115898,2.6187371507405173,37,8.963229068942635,1.2299637979034979,2,"OK"
3183377,18.72574705882353,"NM",15614,21591,"15614_20201231",0.7090965696347807,1.4068247515220993,170,8.859654507354021,1.2447826838667775,4,"IA"
78328,7.120727272727273,"NM",15621,896,"15621_20201231",5.364006876436616,2.72219232295557,11,8.963307247182827,-0.8684377904985567,2,"MN"
199636,5.545444444444445,"NM",15629,3916,"15629_20201231",0.15923566878980894,2.9337667438444064,36,10.960151271097414,1.4023274838827275,2,"SD"
97266,6.947571428571429,"NM",1562,1051,"1562_20201231",0,2.9227362892528146,14,10.018050541516246,1.1560991278378372,4,"KY"
718518,5.938165289256198,"NM",15632,9015,"15632_20201231",0.42702217829653066,2.369691064504345,121,9.738023539586155,0.9674357806198691,4,"IN"
196958,9.37895238095238,"NM",15651,1710,"15651_20201231",1.2788635415217693,1.5831960516937158,21,8.463542997291912,1.4469466048552098,4,"IA"
375902,6.062935483870968,"NM",15657,5057,"15657_20201231",0.07945264414236249,2.5342321417673013,62,8.651095144638832,0.6923580939396068,4,"TX"
833284,4.629355555555556,"NM",15663,10258,"15663_20201231",1.4159594247625311,2.0826200936660504,180,11.691678816788883,0.7882987052494758,4,"MS"
188167,3.550320754716981,"NM",15664,2558,"15664_20201231",1.5286163134549038,2.8370198373285374,53,10.026946608993363,0.7219776483325728,8,"WV"
373520,5.260845070422535,"NM",15669,5263,"15669_20201231",3.1773049645390072,2.7483974313426445,71,11.508337298175617,1.622321875708771,2,"TX"
126325,3.715441176470588,"NM",1566,1959,"1566_20201231",1.678430022379067,3.0577419884395063,34,11.657075402095323,1.75308236635879,8,"KY"
315828,5.639785714285715,"NM",15671,4732,"15671_20201231",0.1594509783912034,2.62193673726993,56,12.50043013241822,1.0187525185270185,4,"SC"
264619,4.009378787878788,"NM",15673,4814,"15673_20201231",3.883705793013669,3.116227392559185,66,14.191238585622914,0.7046848599998685,7,"TN"
269508,5.734212765957446,"NM",15675,3037,"15675_20201231",0.184952379698679,2.2289269871381356,47,14.149955465783187,1.0194952133646695,4,"KY"
224296,10.680761904761905,"NM",15687,1187,"15687_20201231",3.3059184002580224,1.2174632354693022,21,11.782418517881238,2.4949657537836663,4,"IN"
526027,6.494160493827161,"SM",15690,8112,"15690_20201231",0.923853368973995,2.8350325472814273,81,7.524642911536141,1.3313778763199233,4,"IA"
89772,6.905538461538462,"NM",15695,1050,"15695_20201231",0,2.5725391332687906,13,13.169534828754404,0.4145778016353058,7,"AL"
345551,3.562381443298969,"NM",15699,7636,"15699_20201231",1.5826314212471284,3.769510815690054,97,9.435877154464215,0.60926431334164,4,"GA"
173847,3.6218125000000003,"NM",15701,2867,"15701_20201231",0.22234148585448132,3.0950438136654084,48,11.33334916977457,0.7651350245400109,2,"MO"
387090,4.608214285714286,"NM",15703,6086,"15703_20201231",0.16188909044943073,3.222822003549407,84,11.254788116624983,1.1827505534036709,4,"KY"
280807,5.616140000000001,"SM",15708,3030,"15708_20201231",1.1463826701961026,2.318263398102824,50,9.246554419507287,1.0099082724412056,8,"KY"
951710,5.874753086419753,"N",15728,14826,"15728_20201231",0.2559788155462996,2.410055227134076,162,7.9619933776339815,1.9729073090329186,2,"ND"
328835,4.835808823529412,"NM",15729,4845,"15729_20201231",0.003016968291663255,2.8558227604113515,68,8.594061333568584,0.5874632924022359,4,"AR"
87627,5.154529411764706,"NM",15731,1317,"15731_20201231",0.29356523935036855,3.2140692815941776,17,9.022036954638065,0.7740754643839414,4,"TX"
467598,6.776782608695652,"NM",15734,6530,"15734_20201231",1.6464694467545842,2.302037068813749,69,9.05943341090685,0.5780720383836268,2,"SD"
102473,9.315727272727273,"NM",15738,756,"15738_20201231",0.011697616610615587,1.550834611133682,11,11.45128662475801,1.022240278888117,2,"IA"
113560,10.323636363636364,"NM",15741,1290,"15741_20201231",0,1.704856793849772,11,13.811507868186357,1.7467272757062002,2,"ND"
108626,5.4313,"SM",15744,1408,"15744_20201231",0.5396438770367882,2.529580520683162,20,7.826542908920309,0.9126289281714628,8,"MT"
59486,7.4357500000000005,"NM",15749,562,"15749_20201231",0,1.7317630048209038,8,12.878735829611818,0.6620904352829653,2,"SD"
37569,4.174333333333333,"NM",15751,487,"15751_20201231",0.6915540756867516,2.7832619603894306,9,7.890616845840727,1.0267521256314667,8,"MO"
1328139,4.024663636363637,"NM",15752,27029,"15752_20201231",0.7516861404008739,3.3535720148184094,330,9.687207913841975,1.6940543708580853,4,"IL"
75691,4.452411764705882,"SM",15759,945,"15759_20201231",0,2.1353274309394594,17,12.252139993498753,1.1211172348213105,2,"CO"
331139,5.8094561403508775,"N",15760,3721,"15760_20201231",1.6951846927568066,1.9477569809085111,57,16.44093132127188,0.6912895043599886,2,"IL"
31117,2.828818181818182,"NM",15762,530,"15762_20201231",3.411323450616181,3.1923584490668,11,12.18274111675127,1.3039653113806322,2,"OK"
171530,4.183658536585366,"N",15763,2498,"15763_20201231",0.4899370767087756,2.433464760965993,41,10.316820448505478,1.029448003942829,2,"IL"
41763,6.9605,"NM",15767,382,"15767_20201231",0,1.7564527650138062,6,10.483387309583783,1.8177553653101908,8,"MN"
545408,5.741136842105264,"NM",15771,6385,"15771_20201231",0.737949829261886,2.14387590329443,95,11.261008754858379,1.3394112510545089,2,"GA"
185152,7.1212307692307695,"NM",15772,1965,"15772_20201231",0.40605770293673304,1.9017899263692615,26,9.661641473676802,1.0983862970426208,2,"IA"
91956,5.108666666666667,"SM",15774,1356,"15774_20201231",0.0034380801760297047,2.7196265061330007,18,9.068959991453449,0.6474225126772785,2,"NE"
62689,7.836125,"SM",15778,772,"15778_20201231",2.42947153317818,2.2892430842623384,8,14.818363403108204,0.13307594088059213,2,"OK"
386814,7.2983773584905665,"SM",15779,6415,"15779_20201231",1.1619684086696853,2.9189434669870056,53,9.369939095909185,1.152815043616526,4,"WI"
62632,4.473714285714285,"SM",15784,1210,"15784_20201231",0.03549875754348598,3.2579336560044414,14,8.773501880150413,0.7799966620230184,2,"KS"
65289,5.44075,"NM",15792,781,"15792_20201231",2.840393031128726,2.370865683784995,12,8.806662812319328,0.543455806872968,2,"MO"
4772243,7.709600969305332,"N",15797,71716,"15797_20201231",0.14450663349082193,2.6445388674020234,619,8.884879585811062,0.861207081000173,4,"TX"
389361,4.475413793103448,"NM",15799,6181,"15799_20201231",0.8771493268967577,3.08179172587168,87,8.82463852436055,0.7167222282945312,2,"WI"
402377,3.560858407079646,"SM",15801,8175,"15801_20201231",0.9065721858102952,3.526403786572143,113,13.374986842303125,1.237186378271584,4,"MS"
471000,5.962025316455696,"NM",15808,7391,"15808_20201231",0.010220159264148532,2.6738030440291225,79,14.589685699399627,1.4044832151861912,4,"IA"
1422506,4.773510067114095,"NM",15809,23782,"15809_20201231",1.165032192872226,2.7938230522038974,298,11.494424390047655,1.3502944948055755,4,"TX"
161194,5.3731333333333335,"NM",15813,2856,"15813_20201231",1.1140937242311,3.3882818253235887,30,10.1881993896236,0.500865189610477,4,"GA"
3269024,6.335317829457364,"NM",15815,66671,"15815_20201231",0.9695047614175981,3.9460243636550882,516,10.2357594921784,0.513669079489841,4,"KY"
22497,3.7495,"NM",15817,368,"15817_20201231",3.2596263820053375,3.2758309791428744,6,17.982176957352006,0.465829175933161,7,"MS"
105375,5.546052631578948,"NM",15820,1323,"15820_20201231",0.43054161902317223,2.613378869634677,19,9.035189686146042,1.6536116590320005,4,"MN"
137099,4.28434375,"NM",15826,2456,"15826_20201231",1.944067336410535,3.43228185898626,32,10.44839825672822,0.973519945457921,4,"GA"
244737,3.546913043478261,"NM",15830,5185,"15830_20201231",1.5568352997989088,4.0177994070057625,69,7.619811997616528,1.4939814437829009,4,"IA"
127690,7.511176470588235,"NM",15839,1350,"15839_20201231",3.7674488417471355,1.786136592773304,17,15.899351353154023,1.3336012390044578,2,"IA"
61723,7.715375,"NM",15847,895,"15847_20201231",12.525823983726916,2.6126749321555898,8,11.2297788048861,0.33700491317689213,2,"SD"
20872,4.1744,"NM",15853,439,"15853_20201231",0.3895242831095641,3.1733361886869593,5,10.13205282112845,0.35042976316788504,2,"KS"
485218,5.846,"NM",15871,7173,"15871_20201231",0.1722503160556258,2.359697729443958,83,9.615758220780647,0.9167662640595441,7,"MS"
157954,12.150307692307694,"NM",15873,1290,"15873_20201231",0.6166604646217638,1.5371907805498524,13,11.02050430011013,1.3280536657711814,2,"IL"
502719,4.087146341463415,"SM",15883,7573,"15883_20201231",1.64336439837463,2.7239521146902086,123,11.367831339475147,0.8100481767737329,2,"IN"
403063,4.528797752808988,"SM",15898,5515,"15898_20201231",1.2418280011369738,2.632595781902178,89,13.972667356073387,0.954581353578844,7,"TX"
185855,8.080652173913043,"SM",15899,2235,"15899_20201231",0.0920330431890004,1.973467759103737,23,12.673012041583235,1.3291165899934312,2,"KS"
78810,7.164545454545455,"NM",15904,996,"15904_20201231",0.2843260752204427,2.592523063011134,11,14.087068540900995,1.7041112841516326,4,"GA"
127482,4.112322580645161,"NM",15907,2443,"15907_20201231",4.829496278345162,3.9454465665854492,31,9.870274597207725,-0.12199035866802903,2,"NE"
155572,8.188,"SM",15908,1804,"15908_20201231",0.108555119166687,2.102108862093714,19,11.16602075584571,0.817670691239602,2,"KS"
1262604,7.014466666666667,"SI",15912,16159,"15912_20201231",3.17385958277349,2.320477448716773,180,11.727104738677681,0.8105292112260463,4,"CT"
177665,6.126379310344827,"SM",15913,2466,"15913_20201231",3.8800192293095157,2.677281596916863,29,10.91427464223434,1.1571508266929118,4,"IL"
113458,5.157181818181818,"N",15928,1619,"15928_20201231",1.4087277197295638,2.724189531947839,22,10.530350038325365,1.6312396843830468,2,"IL"
30542,7.6355,"NM",15930,0,"15930_20201231",0,0,4,8.531938478592213,0,2,"IA"
681720,4.575302013422819,"NM",15932,10705,"15932_20201231",0.32557958042913093,3.201827605207619,149,8.888245512449334,0.9449663889780728,4,"SC"
89844,12.834857142857144,"NM",15939,607,"15939_20201231",0,1.3707105801722907,7,12.692126138365358,1.4730379325115415,2,"TX"
280513,5.500254901960785,"N",15945,6102,"15945_20201231",0.7500121111761934,3.381214942757376,51,7.526652898328264,1.0143272324697956,4,"IL"
397076,10.731783783783785,"NM",15947,3411,"15947_20201231",9.388829433372864,1.502184762298479,37,8.345892294676398,0.33858930890759825,2,"IA"
1225079,4.861424603174603,"NM",15953,21597,"15953_20201231",0.555398799758658,3.008577891595981,252,8.98187601927447,1.6283902861619668,4,"MS"
424614,5.980478873239437,"SI",15966,6178,"15966_20201231",1.1126109308136363,3.3869621037321678,71,27.913306254759906,1.008282732154418,8,"NY"
438165,5.279096385542169,"SI",15969,6665,"15969_20201231",1.0714392333641818,3.1586085266296444,83,10.200932736258382,0.37661536446205407,4,"NY"
65338,0.6667142857142858,"N",1596,12461,"1596_20201231",0,71.3704577091027,98,84.79033597995289,36.05547680944783,7,"MI"
1173014,4.710899598393575,"SI",15970,19810,"15970_20201231",2.660364201517635,3.5831675805342913,249,9.541494747251113,0.687487281344628,4,"NY"
736016,5.45197037037037,"SB",15987,11495,"15987_20201231",0.29734815333450026,2.927219070108512,135,9.038130463739828,0.6574878550912917,4,"NY"
824492,6.81398347107438,"SI",15990,11669,"15990_20201231",1.8219828488189007,2.4497146757112347,121,13.116573812347262,0.9571792988729755,4,"NY"
1788574,10.7745421686747,"NM",15995,21759,"15995_20201231",0.21948339735271008,1.94869526260554,166,12.664244624403464,0.5552122863416974,4,"NY"
99996,4.347652173913043,"NM",1599,1806,"1599_20201231",0.5212712291911888,2.5581955454098035,23,7.897667359790289,1.97597830298334,2,"MN"
644777,5.655938596491229,"SM",16001,8965,"16001_20201231",1.044410432252277,2.6542285020614833,114,7.867575552551964,0.6497696356509336,6,"NY"
87281,6.713923076923077,"NM",1600,1005,"1600_20201231",0.6441995421391683,2.5508538711323134,13,15.511883202539853,0.5669907419720639,2,"MN"
6775780,16.566699266503665,"NM",16012,75783,"16012_20201231",0.31855304988603306,1.7885103321467817,409,10.163877559274367,0.7140148911953306,4,"NY"
56282514,20.223684513115344,"SI",16022,292711,"16022_20201231",0.08787059309266675,0.9086745629955141,2783,9.477119834389738,1.002450170237176,4,"NY"
6373917,11.67384065934066,"SI",16026,58532,"16026_20201231",2.9352016490888695,1.6443216806561367,546,12.655397700590026,0.5773512604282198,4,"NY"
299130,4.602,"SI",16030,4085,"16030_20201231",0.6870314230997141,3.1517068794560648,65,14.458147110583125,0.3687059601214299,5,"NY"
1128660,6.600350877192983,"SI",16032,16444,"16032_20201231",0.7154586502169529,2.7091264702627855,171,9.94554594190609,0.634198020808723,4,"NY"
260714,6.063116279069767,"SI",16039,4002,"16039_20201231",0.4842348250354126,2.9299623240444004,43,10.438076130143207,0.3161100764666767,5,"NY"
373874,3.9773829787234045,"SB",16040,5582,"16040_20201231",1.8478944497145458,3.305806555555371,94,8.722473456547384,0.4863670998451239,6,"NY"
189051,4.1098043478260875,"NM",1604,3614,"1604_20201231",0.4126028559976737,3.4771528623698034,46,8.858027785545817,2.1289148815412537,4,"MN"
16172133,12.754048107255521,"SI",16068,137076,"16068_20201231",0.2680857181784172,1.4584103746842805,1268,6.91571899860894,0.14313811031535006,4,"NY"
439099,6.098597222222222,"NM",16075,7284,"16075_20201231",0,2.5797523549115535,72,11.82935631086288,1.5175013852420902,4,"LA"
165793,5.18103125,"NM",16079,2403,"16079_20201231",0.6684491978609626,2.4345783294928656,32,10.721103672970703,1.141870510985449,2,"NE"
583201,6.270978494623656,"NM",1607,9066,"1607_20201231",0.13867327181705594,2.741206329063727,93,7.9004082399414175,1.2472507862522535,4,"MN"
55837,6.979625,"NM",16094,632,"16094_20201231",1.6143892961583144,2.228479485116653,8,7.815676926312837,0.9050683829444892,2,"IA"
216202,6.974258064516129,"NM",1609,2633,"1609_20201231",1.7945279735242932,2.001382847227776,31,16.075780018156625,0.9581734268594284,7,"MN"
316935,4.116038961038961,"NM",160,4927,"160_20201231",0.3151491320388125,3.0519546089215264,77,12.270194260715588,1.1030909527739186,4,"GA"
482224,5.953382716049383,"SI",16101,9030,"16101_20201231",0.3751039928384815,3.243716542954369,81,10.362786840149614,0.22990968317768207,4,"CT"
67456,3.7475555555555555,"NM",16103,1116,"16103_20201231",0.12990628189663173,2.923173057733895,18,8.472698907956318,0.4563879592097127,2,"MO"
267715,5.577395833333334,"NM",1610,5725,"1610_20201231",0.19216041217015944,3.6855514310970574,48,8.889859580284757,1.012968477247901,4,"MN"
48934,5.437111111111111,"SM",16110,611,"16110_20201231",0.6709776109025171,2.8701011847079267,9,11.109479865771812,0.8293828518547619,2,"NE"
599135,6.442311827956989,"NM",16111,10065,"16111_20201231",0.16500672117894458,2.7928097153687377,93,8.98574716356442,0.6882211988310265,4,"MN"
139406,3.3191904761904762,"NM",16114,2545,"16114_20201231",2.005498551720752,3.2758237415402855,42,9.56526786232515,0.9501741342686362,4,"LA"
314533,6.989622222222223,"NM",16116,4339,"16116_20201231",0,2.298203204487284,45,8.70601592764501,0.940943285489639,2,"NE"
165514,6.365923076923077,"NM",1611,2403,"1611_20201231",2.5057894424321594,2.115959280338256,26,10.864249112156998,0.37012238217460847,2,"MO"
105876,4.812545454545455,"NM",16120,1334,"16120_20201231",1.2063557715506843,2.2556360322821982,22,9.608796865832655,0.6513110820733504,2,"KS"
538027,6.897782051282052,"NM",16125,6816,"16125_20201231",0.017046015269641047,2.4052170592877493,78,11.350971026734888,1.5305189780705326,2,"CO"
154642,3.514590909090909,"NM",16126,2755,"16126_20201231",0.8937574031110198,2.8962549337980015,44,10.18694931235166,0.7808271619605824,4,"MO"
504672,4.546594594594595,"SM",16127,9069,"16127_20201231",0.2399086062452399,2.7581630094094445,111,9.019312530396448,0.019554291179119727,4,"OK"
57279,3.182166666666667,"NM",1612,1061,"1612_20201231",0.5132012136079014,3.4683189274341206,18,8.87764735220249,0.791415863658409,8,"MO"
4695315,7.359427899686521,"N",16130,63306,"16130_20201231",0.6121397005800352,2.1086945479536956,638,11.52129584840121,1.3271754177817194,4,"AK"
75402,4.435411764705883,"SM",16151,1414,"16151_20201231",0.06365237317264645,3.1232669593119984,17,8.268341406014832,0.8939385996617379,2,"IA"
178302,3.8761304347826084,"NM",16152,3497,"16152_20201231",0.48355322070324164,3.8011426755656315,46,11.76578508321819,0.06683050648697246,4,"GA"
64100,8.0125,"SM",16154,942,"16154_20201231",0,2.1802914620110556,8,14.367695655678245,2.0846504239005337,2,"NE"
1307608,4.329827814569536,"NM",16160,25420,"16160_20201231",0.11373203045326263,3.1813835381930535,302,10.434186123320037,2.0158979131218393,4,"WI"
132637,5.766826086956522,"NM",16161,2350,"16161_20201231",0.9613283810356128,2.6829045092260246,23,14.857713354902153,1.9362813810494266,2,"SD"
185961,4.132466666666667,"NM",16162,3405,"16162_20201231",0.33528852251109703,3.1106510449798175,45,8.11072656910184,1.2369738957449024,2,"MO"
92161,4.60805,"SM",16167,1297,"16167_20201231",0.2562115484983156,3.3546798941309297,20,8.3570324921065,0.3921505117622018,8,"OH"
261688,5.8152888888888885,"SM",1616,3102,"1616_20201231",0,2.3884068268178864,45,10.261250671420454,1.5654336317562239,2,"MO"
127070,4.381724137931035,"SM",16170,1954,"16170_20201231",0,3.5006684039969005,29,7.083487483043532,0.3120952514707489,4,"MO"
735631,4.685547770700636,"NM",16175,8885,"16175_20201231",0.5869197816729894,2.391610955763787,157,11.923937140037589,0.8561987432024518,4,"AL"
143663,6.530136363636364,"NM",16176,1440,"16176_20201231",0.3973527189348342,2.4271025686643806,22,10.483899176594866,0.9792764550345701,8,"TX"
118950,5.406818181818182,"NM",16177,1484,"16177_20201231",0,2.457070634738772,22,9.491092651542512,0.37325991063244734,2,"IA"
2505848,4.903812133072407,"NM",1617,45997,"1617_20201231",0.6689020843100658,3.2693717917379614,511,9.893752111799433,1.4375465228205224,4,"MO"
98582,3.94328,"NM",16185,1161,"16185_20201231",0,2.4040108092103667,25,12.373711498657704,1.3345795301131078,5,"AL"
133934,4.618413793103448,"NM",16187,3267,"16187_20201231",0,3.405929917513694,29,14.412867902840375,1.0075468117694721,2,"ND"
4846220,6.318409387222947,"NM",16191,63084,"16191_20201231",0.778155500763045,2.2854847824844584,767,9.10978690246816,2.0734891112963667,2,"MT"
46453,3.8710833333333334,"NM",16193,934,"16193_20201231",1.227521725413715,4.316852883849891,12,7.2129461990656925,-0.501002004008016,4,"OH"
75122,7.5122,"N",16198,806,"16198_20201231",2.9112135633551457,1.806324680501022,10,16.52470861241496,0.9611117235842684,2,"IL"
187524,6.2508,"NM",16201,2394,"16201_20201231",0.5858373154072515,2.119623822328327,30,10.907586858898606,1.5492407767791667,2,"IN"
1682839,4.808111428571428,"SM",16216,25934,"16216_20201231",0.8785894106489367,2.897839099271882,350,9.488647549154958,0.8320333341286469,4,"AR"
566227,7.077837499999999,"NM",16221,8768,"16221_20201231",0.23511519770653427,2.7391914302606457,80,8.50366805941934,1.5508972380631154,2,"SD"
80178,4.4543333333333335,"NM",16222,1357,"16222_20201231",2.2147390234425592,3.3430062331646,18,10.920135740745538,0.7052975392663344,8,"OH"
106253,5.31265,"NM",16228,1330,"16228_20201231",0.5662140618987411,2.925597140446042,20,15.601321157956091,0.8593338135303558,4,"GA"
38453,4.272555555555556,"NM",1622,538,"1622_20201231",1.0996751849097952,2.966068621001104,9,7.809249890860532,0.9199272978668837,8,"MO"
250844,5.2259166666666665,"NM",16231,4060,"16231_20201231",0.18416546558754326,2.490745974487982,48,9.210392670688849,1.4065594594618207,2,"ND"
666291,4.3834934210526315,"NM",16243,12455,"16243_20201231",1.8825684748799616,3.5693391275476873,152,8.61331468747223,1.0010683417408348,2,"OR"
308329,4.894111111111111,"SB",16246,4821,"16246_20201231",0.45306242365202337,2.9377331571596894,63,11.885047094174874,1.1526574740162696,4,"GA"
80491,0.8472736842105263,"NM",16247,5508,"16247_20201231",0.06016208373146477,15.093468958213682,95,12.397220903206458,5.839527526118523,2,"MO"
396849,2.9838270676691727,"NM",16249,13131,"16249_20201231",0.7342534737624787,5.56223215546583,133,7.100473928479883,0.478409605081517,4,"IL"
1850614,5.694196923076923,"SM",16250,29195,"16250_20201231",1.5028738529797316,3.2140254083015884,325,7.968740802614651,0.6675230330033071,4,"IL"
732315,6.313060344827587,"NM",16265,9675,"16265_20201231",0.9626535953666493,2.3017812989575046,116,11.180972144255898,1.8623175767778246,2,"IA"
116576,4.483692307692308,"NM",16275,2006,"16275_20201231",0.11309516329684967,3.334782086345679,26,9.512538599884625,0.703175242577791,4,"GA"
459666,4.59666,"N",16276,5441,"16276_20201231",0.5088432428176334,2.2022038818427845,100,9.856951471028927,1.149642953882442,4,"IL"
25634,2.330363636363636,"NM",16281,710,"16281_20201231",0.42410061421468265,5.07784141324514,11,15.015199907646132,0.3952569169960474,2,"GA"
79446,11.349428571428572,"NM",16282,580,"16282_20201231",0.08030369396992261,1.7714309510309854,7,8.11205174045641,0.8264542230849806,7,"AR"
175559,7.314958333333333,"NM",16283,2062,"16283_20201231",0.11430987371107788,2.6052225850703508,24,8.709044306929318,1.1314386995738894,4,"GA"
92644,3.0881333333333334,"NM",16288,1957,"16288_20201231",2.558683806063993,4.757124467067424,30,9.680994655810023,-0.847968065380936,4,"GA"
417490,5.8801408450704225,"NM",16307,7064,"16307_20201231",0.15153264951163092,2.7939032580807113,71,13.044623391065565,1.9393398741947037,2,"IA"
67616,6.146909090909091,"NM",16318,614,"16318_20201231",1.2488849241748439,1.865956757483694,11,9.70749624518566,0.6403242271790891,7,"IL"
37206,6.2010000000000005,"SM",16330,576,"16330_20201231",1.1094264265374802,2.3825898997838473,6,11.433900557003424,0.16921027925154472,4,"NE"
296110,4.854262295081967,"NM",16332,4351,"16332_20201231",0.9647940309737287,2.9727170633959443,61,7.691651103319005,1.35814456994338,2,"IL"
165941,7.901952380952381,"NM",16333,2231,"16333_20201231",0.8468537147213338,2.292920977452729,21,11.576276762666398,1.7890461087440679,2,"NE"
165997,5.3547419354838715,"NM",16334,2555,"16334_20201231",0.33412373356326797,2.9871143834044647,31,11.156975064985078,1.0211315907217406,4,"TX"
178564,5.952133333333333,"NM",16339,2900,"16339_20201231",0,3.1480135276083314,30,8.412590109466315,1.1182401466544454,2,"NE"
63873,3.5485,"NM",16344,916,"16344_20201231",0.17154234951753713,2.8332011172811935,18,10.785377650998388,0.6183044791243075,8,"IL"
454250,6.397887323943662,"NM",1635,3790,"1635_20201231",2.9573183906886964,1.4882436423612442,71,12.330974931621421,0.5934021800197199,2,"MO"
45635,5.070555555555555,"NM",16363,718,"16363_20201231",0.22196985339665498,2.4456722937953503,9,10.574747984977929,0.6548015696727381,2,"IA"
181403,5.851709677419355,"NM",16369,2895,"16369_20201231",0.08735782293716413,3.0473234990472555,31,9.329974415368733,0.7435907101625685,4,"AL"
136787,4.412483870967742,"NM",16370,2047,"16370_20201231",1.117767728099212,2.89843271674436,31,12.376857385576107,0.8087739050234802,2,"OH"
66902,9.557428571428572,"NM",16379,699,"16379_20201231",4.4423176616022655,1.792164533063891,7,8.940459572640396,0.7338604769011621,7,"NE"
102406,6.023882352941177,"NM",16386,1253,"16386_20201231",1.7346706177342148,2.707242916047703,17,11.117032724887519,1.1465289443603734,4,"AL"
1049301,7.138102040816326,"NM",16389,13802,"16389_20201231",0.6708618784132595,2.4762484792859594,147,8.69055978097323,1.4183372559095253,4,"SC"
49167,4.9167000000000005,"NM",16394,1077,"16394_20201231",0.09529664924684907,3.458411104674862,10,12.499472507068406,1.3730664435433697,2,"IL"
68384,4.274,"NM",16395,961,"16395_20201231",0.11774864589057227,2.5092028068560914,16,10.531157909868469,1.4853905441159554,5,"AR"
155469,3.4548666666666668,"NM",16396,2359,"16396_20201231",1.8391159085068105,4.102301134542658,45,6.960675480203182,1.1634614954616802,2,"FL"
158905,2.648416666666667,"N",1639,3600,"1639_20201231",0.9066550800202766,6.035832467076308,60,8.565160278673755,0.2381910562457961,8,"MO"
871894,8.225415094339622,"NM",16402,8013,"16402_20201231",0.5709347727086087,1.6254478370475396,106,10.808369658737554,1.7634268477104875,2,"KS"
134282,7.067473684210527,"NM",16410,1964,"16410_20201231",0.4547365530969275,2.8874213598120217,19,7.380973622386773,0.7950870411076582,4,"KS"
83009,4.611611111111111,"NM",16413,930,"16413_20201231",0.2832544444858559,2.1353093013359694,18,15.20356077232264,0.41406654113018504,2,"IL"
494549,0.7294233038348084,"N",16416,27756,"16416_20201231",0.5845468396229279,10.825115365715954,678,13.570526056272922,2.999096839487239,7,"OK"
148317,3.8030000000000004,"NM",16417,2419,"16417_20201231",0.32181144950855906,3.2137220504456088,39,9.563790379691671,0.6490515779653957,4,"LA"
983471,2.8925617647058823,"SB",16418,64646,"16418_20201231",0.4113889528611774,10.588868401800353,340,9.228320839595302,3.003931845551075,4,"GA"
40812,5.830285714285714,"NM",16423,524,"16423_20201231",0.00481486831335163,2.6172940767701625,7,9.017044726387287,0.378781406104931,2,"MO"
48745,6.963571428571429,"NM",16432,462,"16432_20201231",0,1.9405928198065667,7,10.30558482613277,1.1625671270730584,2,"IA"
320186,6.534408163265305,"NM",16436,4314,"16436_20201231",0.5460655278633436,2.328091621537874,49,8.17177159684805,0.8659803122864548,2,"KS"
245883,6.8300833333333335,"NM",16438,3119,"16438_20201231",0.017594836166939805,2.0366733325198556,36,12.440519120508966,0.8560945146997219,4,"IA"
1114150,6.259269662921349,"SM",1643,19138,"1643_20201231",0.46283465439831495,2.6103809132253653,178,13.379919714740643,0.900591128272292,4,"MO"
138784,5.3378461538461535,"NM",16440,1662,"16440_20201231",1.2574810032950037,2.2908053103686785,26,13.697794183311998,0.7890465077876475,7,"GA"
452253,6.852318181818181,"NM",16442,6437,"16442_20201231",0.655944235310093,2.5040921258830577,66,8.785084265416318,0.7494343750529262,4,"FL"
91261,6.518642857142857,"NM",16448,1114,"16448_20201231",0.21632535333141042,2.2446224503641763,14,9.725153985213089,0.6703969715995465,2,"SD"
10525494,8.096533846153847,"NM",16450,110514,"16450_20201231",0.3542824719326524,2.162903355128131,1300,10.523807854806181,1.1393617618918024,4,"IL"
117300,3.2583333333333333,"NM",16453,1831,"16453_20201231",0.6565130684926671,3.6947748133861924,36,9.580764161041765,0.5375191971141826,8,"WV"
328707,4.38276,"NM",16464,5357,"16464_20201231",2.19944998933169,3.4335924479707,75,9.685932963842703,0.7382558421270334,2,"AR"
2298044,6.401236768802228,"NM",16470,41376,"16470_20201231",0.7157491457315382,2.9091679770132717,359,8.645740735742386,1.150905609102732,4,"TX"
63299,2.3444074074074073,"NM",16471,1451,"16471_20201231",0.16678526952499556,4.903184989094784,27,15.456037755206731,-0.8886502505702345,4,"KS"
16336,4.0840000000000005,"NM",16472,416,"16472_20201231",0.019351717464925013,3.812180381218038,4,13.337022689540676,1.6205087334794448,2,"MN"
139555,4.501774193548387,"NM",16473,2285,"16473_20201231",0.18804899171099837,2.4564797416401727,31,11.852869210408763,1.1892586161786745,2,"KS"
63412,6.3412,"NM",16477,827,"16477_20201231",0.5038342100259839,2.1870817778403886,10,8.371533899663408,1.1446080157779812,2,"ND"
203983,4.856738095238096,"NM",16479,2577,"16479_20201231",0.15324846415464652,2.2417649399008592,42,8.41071508164084,1.3228663091978838,2,"IL"
1116868,6.382102857142857,"N",16501,12706,"16501_20201231",2.488081079576958,1.9975126895930613,175,8.228687296129772,0.8218226481762422,4,"IL"
102627,4.4620434782608696,"NM",16511,1835,"16511_20201231",1.6295310941137346,4.053967274105776,23,7.768580096843543,-1.1662665177933327,4,"TN"
17989,3.5978000000000003,"NM",16516,312,"16516_20201231",0.3726857417648473,2.68173266806109,5,12.38659408688227,0.9114385538508278,2,"NE"
485965,4.049708333333333,"NM",16539,8271,"16539_20201231",0.13541628542712436,3.248028414097902,120,8.673292476413193,0.7998174913107077,4,"LA"
1284031,5.417852320675105,"NM",16546,18172,"16546_20201231",1.3982531352051781,3.2053740466038447,237,8.515863287579307,0.8006431421070092,4,"LA"
131524,4.697285714285714,"NM",16547,2126,"16547_20201231",0.1041871990538676,2.4465809709698534,28,9.34962128981775,1.221027926017322,2,"IA"
331835,5.530583333333333,"NM",1654,4688,"1654_20201231",0,2.455727112772119,60,8.982789455506657,1.1352113215007749,4,"MO"
916359,8.644896226415094,"NM",16553,9223,"16553_20201231",0.39546644313152196,1.7562222150227056,106,12.198990449960654,1.1929257340176447,2,"NE"
498055,6.468246753246754,"NM",1655,6165,"1655_20201231",0.02171221142265873,2.0509345761194666,77,12.442291574925068,3.386106749834824,4,"MO"
21567,5.39175,"NM",16561,319,"16561_20201231",1.9677875867646066,2.798144687793449,4,12.915369242924198,1.1619414381515172,2,"MN"
153847049,14.780194927466615,"N",16571,1377741,"16571_20201231",1.3128474132544863,1.768009735245314,10409,9.464354738350455,0.6251270489562315,4,"IL"
38127,4.2363333333333335,"NM",16581,472,"16581_20201231",0.4881277405476959,2.750619877888292,9,8.40073188194426,-0.3445334959983282,2,"TX"
11078,3.6926666666666663,"SM",16583,200,"16583_20201231",0,3.6026667161878594,3,10.893904389550382,0.03714089398131813,7,"KS"
52273,3.7337857142857147,"NM",16584,782,"16584_20201231",2.097091878113776,3.7723362011912642,14,10.887516056027891,0.42811052283256124,4,"GA"
29928,4.275428571428572,"NM",16585,602,"16585_20201231",9.59615977451887,3.091430581486593,7,11.626654096097512,-0.8455772925291556,8,"IL"
559899,5.383644230769231,"NM",16595,8163,"16595_20201231",0.4416829044270345,2.5725573091270735,104,10.334444197053818,1.4651833176447704,2,"AL"
166287,6.395653846153847,"NM",16600,1452,"16600_20201231",0.7181110029211295,2.0831805178610727,26,10.19091249398385,0.7377931000757965,7,"NM"
201326,5.298052631578948,"NM",16601,2194,"16601_20201231",0.16563245445107502,1.9881901394241328,38,8.446440676212012,2.3666541440972435,2,"MO"
92048,4.383238095238095,"SM",16603,998,"16603_20201231",0.3321860241735372,3.01029608516084,21,9.053575590752189,0.9755589164873093,4,"KY"
2017030,3.5636572438162544,"SM",16604,47634,"16604_20201231",1.6499804153188518,3.9138673472266814,566,8.755805109274936,0.9552271598631227,4,"AL"
31768,6.3536,"NM",16609,318,"16609_20201231",0,2.779842803860646,5,15.145337163685788,0.3844125477338722,2,"GA"
416975,5.956785714285715,"NM",1660,4711,"1660_20201231",1.6055670415006809,2.22032998223736,70,13.10745422491815,0.3083417622391482,7,"SC"
242323,3.8463968253968255,"N",16612,3932,"16612_20201231",2.000859094625116,2.7374661337482227,63,13.750068260962712,2.459382851829001,4,"MS"
303639,4.159438356164384,"NM",16620,3041,"16620_20201231",0.5216696689842928,1.9665943217718265,73,9.037429590374296,1.3028339681186412,8,"WV"
313320,6.143529411764706,"NM",16629,4262,"16629_20201231",2.3098588324193123,2.9646640082852027,51,8.32475536917016,0.6753317726609559,4,"KS"
76628,4.2571111111111115,"NM",16635,2660,"16635_20201231",0.5793481821159515,6.596663533362994,18,10.75113177912599,1.2862155824432409,4,"MN"
894404,7.845649122807018,"SI",16636,11162,"16636_20201231",0.751805826636864,2.1609262322568052,114,19.662579145627955,0.020241498629077228,5,"CT"
63242,6.3242,"SM",16643,843,"16643_20201231",0.07875049219057619,2.646701713408522,10,8.132425311925237,0.8601780568577695,4,"TX"
534227,4.856609090909091,"NM",16652,12899,"16652_20201231",0.31383475451998594,3.7123594248959337,110,7.43961872464209,1.4584199822372172,4,"TX"
118628,5.648952380952381,"NM",16656,1421,"16656_20201231",4.809691061572647,2.2349054758383406,21,11.598582289063248,1.5977974526647933,4,"MN"
664538,9.772617647058823,"NM",16659,9730,"16659_20201231",0.04775680583615682,2.3271467904479453,68,8.918828537600135,1.4409435121863639,4,"MN"
784315,6.175708661417323,"SM",16664,12739,"16664_20201231",0.3261322755595253,2.86641745806701,127,10.476606118595502,1.5639918271110724,4,"KY"
692458,7.445784946236559,"NM",16666,9914,"16666_20201231",0.1646758569855158,2.4342673028393085,93,8.874906099844772,0.9554121268617759,4,"IL"
69452,5.7876666666666665,"NM",16667,630,"16667_20201231",1.9907956209469353,1.8090414579811847,12,9.576222939141351,0.4889723457237572,5,"IL"
472909,6.062935897435898,"NM",16689,6274,"16689_20201231",2.9328254483963465,2.7779286701552985,78,10.94929378719099,0.30631152636693404,4,"LA"
289080,7.226999999999999,"NM",16695,3395,"16695_20201231",0,2.0819695002200023,40,11.0352277205427,1.5683761404455538,2,"TX"
205563,6.852100000000001,"NM",16704,2765,"16704_20201231",0.09391588403429972,2.509280521744517,30,7.832456704313623,1.1503864856135322,4,"MN"
146368,6.3638260869565215,"NM",16707,1724,"16707_20201231",1.72725009336487,2.0814241004270917,23,12.601702668538344,1.3587974570458619,2,"NE"
64185,7.131666666666667,"NM",16717,812,"16717_20201231",0.07289416846652268,2.089092892141518,9,10.918237697881255,0.6705526869886418,2,"IA"
234246,8.675777777777778,"NM",16720,2268,"16720_20201231",1.6772133638514357,1.7585170340681362,27,8.945951542762478,1.9994154976619907,4,"NM"
606669,6.0666899999999995,"NM",16723,7754,"16723_20201231",0.31052014678205625,2.378032272776,100,13.081596023747066,1.141956970843304,4,"SC"
330750,7.190217391304348,"NM",16733,4443,"16733_20201231",0.14153750978342886,2.2176071636358308,46,10.06423982869379,1.5265166553131129,4,"MN"
633716,2.2080696864111498,"NM",1673,35156,"1673_20201231",2.2628659907447095,14.089129524702829,287,28.933255361754295,1.7809930236540612,3,"SD"
17638,3.5276000000000005,"NM",16744,239,"16744_20201231",3.1932540779651646,2.9660726915968882,5,25.646731571627264,3.1428962559036258,2,"KS"
104480,4.5426086956521745,"N",16752,1699,"16752_20201231",0.2655599444859613,3.1560258938074717,23,8.408472012102875,1.2715709026190434,2,"IL"
776470,6.066171875,"NM",16753,10514,"16753_20201231",1.6730580613658081,2.5536055221030987,128,10.781642747101273,1.5752623789780495,4,"TX"
351877,5.174661764705882,"NM",16757,3752,"16757_20201231",0.03208029238895063,1.9699958234381334,68,9.803520620694893,0.7679386380750013,8,"IN"
41764,3.4803333333333337,"NM",1675,1095,"1675_20201231",0,4.744826710676653,12,10.6177750155376,2.454403114552918,2,"SD"
35951,7.1902,"NM",16778,420,"16778_20201231",1.074611662846957,1.8887522049948937,5,14.451011404311995,0.9023071209729832,2,"MN"
223279,3.7843898305084744,"NM",16780,3905,"16780_20201231",0.027750140442783944,3.4729689157334946,59,8.019161081205121,0.9858951543616771,4,"GA"
58024,3.6265,"NM",16788,1431,"16788_20201231",0.05228211428870183,4.081016845603082,16,7.845360824742268,0.9070995909670017,2,"KS"
1100504,2.307136268343816,"NM",1678,57745,"1678_20201231",3.242734465001508,11.682689246832624,477,12.306132120178182,8.91584880075139,4,"SD"
45909,3.0606,"SM",16795,813,"16795_20201231",1.0154950538387464,3.3924381532428987,15,11.282722513089006,1.7086996183223429,4,"OK"
916302,11.174414634146341,"NM",16810,6607,"16810_20201231",0.4879438543551798,1.4068453937098213,82,8.902066630324464,0.7804183296156002,2,"NE"
432552,4.042542056074766,"NM",16817,7550,"16817_20201231",2.9173799126637556,2.806577847732265,107,13.671198728430777,0.5360904386375,4,"TX"
419486,4.660955555555556,"NM",16820,6743,"16820_20201231",1.785066910455054,2.8167165329633757,90,9.122107882280202,0.4574491201540136,8,"MD"
371711,4.890934210526316,"NM",16825,7863,"16825_20201231",0.32808503201410844,3.5745894780783494,76,9.834687101779693,1.6406631772380744,4,"GA"
34069681,9.070735090521833,"NM",16835,296558,"16835_20201231",0.24143890554544925,1.4681654147767447,3756,9.57920232023222,1.6477127744887108,4,"TX"
118203,4.925125,"NM",16840,1866,"16840_20201231",0,2.7132394575377563,24,11.561866125760648,1.8759688483352053,8,"WI"
882983,3.246261029411765,"NM",16849,20379,"16849_20201231",2.650997020438443,5.268342043801071,272,13.491527801970232,1.7439117636648644,4,"AR"
273827,5.826106382978724,"NM",16852,2772,"16852_20201231",0.8952527408713794,2.0899610928914036,47,14.029285682718795,1.4413793587304013,2,"KY"
165035,5.15734375,"NM",16854,1932,"16854_20201231",0.1318141874488652,2.541256359650265,32,9.201738969568032,1.1000827991313904,4,"NM"
697107,6.768029126213592,"NM",16858,11503,"16858_20201231",0.2655439325013758,2.716218649204652,103,9.56747307280212,1.0997487224723488,4,"GA"
142416,4.910896551724138,"N",16859,2197,"16859_20201231",0,2.5120817402455535,29,13.320319020007693,1.0018642095514023,2,"NE"
341808,5.996631578947368,"NM",16863,5816,"16863_20201231",0.2707061119532003,2.9262675250633867,57,10.381488973194779,0.5474490059658863,4,"MN"
184792,7.107384615384616,"NM",16866,118,"16866_20201231",3.232394991563804,0.15285632894681989,26,8.67314129305654,0.07769143991925143,7,"TX"
27079,3.8684285714285713,"NM",16868,177,"16868_20201231",0.7373833040184008,3.4294544845541326,7,8.3096058744193,0.34637109666417987,2,"NE"
245523,6.461131578947368,"NM",1686,3385,"1686_20201231",0.019536178560672045,2.0805404558668386,38,8.776083686873582,0.8957401713070624,2,"SD"
59837,7.479625,"NM",1687,972,"1687_20201231",5.431031351037163,2.677516072303745,8,14.293313200295133,0.4973044656499554,2,"SD"
17766296,7.424277475971585,"NM",16889,210688,"16889_20201231",0.5367695086408031,2.4333873445629526,2393,9.423688159677363,1.1700769680466547,4,"GA"
605542,5.822519230769231,"NM",16891,7337,"16891_20201231",0.054463375564292996,2.5067671432850402,104,11.498319140752342,1.2086973453084322,2,"TX"
182821,8.705761904761905,"NM",16895,1665,"16895_20201231",1.2384930282816948,2.0479276549691385,21,15.802420110967713,1.7944741332411542,2,"TX"
323270,5.131269841269841,"NM",16897,4945,"16897_20201231",0.5243481197528157,2.837075911847103,63,15.397635464827939,0.9631901508049614,8,"GA"
111550,7.4366666666666665,"NM",16900,1053,"16900_20201231",2.5918935585745517,2.131637550164934,15,8.043217286914766,0.9636033804516531,4,"IL"
27405,4.5675,"NM",16905,396,"16905_20201231",0.1527777777777778,2.234287374042049,6,12.332683123696778,0.6256004647317738,2,"NE"
49412,6.1765,"NM",16906,932,"16906_20201231",0,3.557979165647772,8,11.234602575933875,0.7458306842079522,2,"MN"
57481,2.29924,"NM",16908,1140,"16908_20201231",1.121154180427603,3.185856591582159,25,10.763724406547713,0.14538275150318586,7,"OK"
213967,4.27934,"NM",16910,3873,"16910_20201231",3.2744116291603858,4.19311348668512,50,10.703084638386033,-0.7999665934905029,4,"AL"
77591,3.232958333333334,"NM",16916,1316,"16916_20201231",0.5521732974656661,4.040257860807788,24,4.672598909726921,0.2591764241547165,4,"GA"
460775,6.677898550724638,"SM",16924,4848,"16924_20201231",1.8098346629484976,2.668026947455323,69,9.17090979402801,1.4133262901168313,4,"MO"
60870,4.347857142857143,"NM",16934,577,"16934_20201231",0,2.647305336177114,14,7.622637732890765,-0.3884077327209665,7,"TX"
78620,4.624705882352941,"NM",1693,1404,"1693_20201231",0.6055950552002572,3.6399451867077772,17,12.606741573033709,1.013935395462432,4,"TN"
70887,5.063357142857143,"NM",16941,1388,"16941_20201231",0.2457002457002457,3.3540316366767895,14,14.976026263120762,0.47137741920862986,7,"KS"
40255,4.472777777777778,"NM",16953,856,"16953_20201231",0.3014849738606113,3.1365221723966124,9,10.81081081081081,0.7673143996013951,2,"NE"
2297562,6.837982142857142,"NM",16958,32185,"16958_20201231",0.7062409441012736,2.3653261813549933,336,10.411167414034976,1.0806222649344353,2,"MN"
67606,3.219333333333333,"NM",16959,1260,"16959_20201231",1.153007802155269,3.7891304826735404,21,9.551081891073418,0.7018073900632885,4,"MO"
351908,5.100115942028986,"NM",16968,4659,"16968_20201231",0.49791479319938925,2.6994494459218368,69,10.511336465364584,0.7278002536115746,4,"SC"
760136,5.136054054054054,"NM",1696,13933,"1696_20201231",0.2504179023995686,2.997201373271243,148,12.51653833418949,1.435367419946823,4,"TN"
347022,4.81975,"NM",16970,4458,"16970_20201231",1.2769887838355487,2.64383227982056,72,11.27707911686185,1.1418967013580974,2,"KY"
284101,5.463480769230769,"NM",16971,3537,"16971_20201231",0.12602793331453463,2.2704239690116483,52,11.30873786407767,1.5099550232609575,2,"KS"
393190,3.9319,"NM",16976,6435,"16976_20201231",1.3147677065202839,3.166898274132991,100,10.006677329689271,0.4102629274262839,5,"PA"
5621176,8.218093567251463,"NM",16980,65253,"16980_20201231",0.7743972573011968,2.163423647390504,684,8.584958939367286,1.2540927110929159,4,"CO"
624835,7.100397727272727,"SM",16982,7476,"16982_20201231",0.7513542646776713,2.2322671619460213,88,11.761980195479849,1.397276391057836,4,"IL"
336801,4.158037037037037,"N",169,5290,"169_20201231",0.3881584342454145,3.1874069712233126,81,6.831334627577225,0.6763107966883518,7,"GA"
56309,2.3462083333333337,"NM",17001,1631,"17001_20201231",1.4605929139551699,4.87260573163814,24,8.908645227380822,0.6844406099164065,4,"OK"
296918,4.0124054054054055,"NM",17009,7321,"17009_20201231",2.229073954471861,5.6982438012604515,74,12.881417743816638,4.44538993082332,4,"MO"
468718,5.207977777777778,"NM",1700,7201,"1700_20201231",0.07519200816370374,2.630806133379183,90,8.782037373688436,1.4485761036701554,4,"TN"
469136,5.2126222222222225,"NM",17011,5226,"17011_20201231",1.080812397518314,2.2778336912351973,90,14.767469132149252,2.0163046377970817,4,"GA"
642509,4.904648854961832,"NM",17040,8297,"17040_20201231",1.4336569071776937,2.359600389054571,131,7.622654692996038,1.6996575953893442,4,"KY"
119911,2.997775,"NM",1705,1976,"1705_20201231",0.5917007537753081,3.612150981604657,40,8.697246142041095,0.4484532741468439,8,"TN"
53290,7.612857142857143,"NM",17062,637,"17062_20201231",2.3506545894605595,1.8885497998493916,7,11.873503889886296,0.8263643930086005,2,"MN"
464970,4.603663366336634,"NM",17068,7237,"17068_20201231",0.34375960989324783,2.7821970754064664,101,10.235547532463002,0.9227862470945264,2,"KS"
90223,3.4701153846153847,"NM",17073,1508,"17073_20201231",0.6341377488109917,2.903786740499384,26,12.140243075949938,0.5209451295248064,2,"GA"
890407,3.297803703703704,"NM",17077,19974,"17077_20201231",0.4778243662556283,3.8424952678570574,270,8.98140798720749,0.4504058934986934,4,"AL"
386354,4.95325641025641,"NM",17089,6739,"17089_20201231",0.7307331610040798,3.4543283588824094,78,6.114660011823856,0.4718010731006835,4,"GA"
841891,7.015758333333333,"N",17093,13196,"17093_20201231",1.5068265339728895,2.597004524702674,120,9.914954910415052,0.5565180742654692,4,"FL"
256320,6.572307692307692,"NM",17094,3504,"17094_20201231",0.07820876041704433,2.331981631264007,39,9.645858037954124,1.9295955196227617,4,"TX"
103495,8.624583333333334,"NM",17096,923,"17096_20201231",0,1.4052508595518587,12,11.870785484167449,1.6745568600135259,2,"ND"
111221,3.8352068965517243,"NM",170,2116,"170_20201231",1.300481706473481,3.8247050286451962,29,9.827044025157234,0.8599572627299734,8,"GA"
520797,5.105852941176471,"NM",17108,9390,"17108_20201231",0.0751580129308003,2.98978111903123,102,14.26667121103676,0.981213766379636,4,"TX"
33388,4.769714285714286,"NM",17114,494,"17114_20201231",2.9081000743126086,2.4747708188891453,7,11.34631919120045,0.9661556634054901,2,"KS"
696040,5.354153846153846,"SI",17115,12286,"17115_20201231",0.19622040897183238,3.005646658392259,130,11.182075856031297,0.26615910460784525,4,"ME"
1014959,4.61345,"NM",1711,14612,"1711_20201231",1.8395947819834626,2.4862990841712453,220,9.070495481160897,1.1248799299714063,4,"TN"
723022,3.805378947368421,"NM",17120,13589,"17120_20201231",1.6179307530802662,3.019375251890305,190,9.358798721358154,1.1101219299459226,4,"MS"
32346,4.620857142857143,"NM",17122,410,"17122_20201231",0,2.908671728917157,7,8.82864318372078,0.10723213747160024,7,"MN"
621905,5.270381355932203,"SI",17123,9901,"17123_20201231",0.8332198437558034,2.855849664232045,118,8.657638315441783,0.35521450119778464,4,"DE"
129921,4.06003125,"NM",17126,2442,"17126_20201231",0.8177883549738098,3.1544607016305135,32,10.560591117581678,1.074641404830084,2,"GA"
229104,6.738352941176471,"NM",17128,2017,"17128_20201231",1.8482038670497747,1.7260752367174912,34,20.829252987763716,1.665880381566867,4,"WI"
18317,2.289625,"NM",17138,367,"17138_20201231",0.2399332359691216,4.053716001091604,8,8.714043993231812,0.6310834167197308,4,"OK"
191897,5.0499210526315785,"NM",1713,2834,"1713_20201231",0.6377851698577752,2.735121740583305,38,9.020421019476089,1.581835580234216,4,"TN"
561324,7.484319999999999,"NM",17145,4960,"17145_20201231",0.13170838342988306,1.730822024529408,75,15.281599936852153,1.1053443836856436,2,"NE"
1874490,5.135589041095891,"SM",17159,31287,"17159_20201231",0,2.8871674420650506,365,11.070905730443359,1.912167384188891,4,"UT"
754977,12.177048387096773,"SM",1715,4449,"1715_20201231",0.29822666914134344,1.0498984062804493,62,19.688265375823736,1.5805768380677008,7,"TX"
38362,7.6724000000000006,"SM",17160,590,"17160_20201231",0,2.686236650631061,5,12.294340987163261,0.3490744073916506,2,"KS"
628992,6.691404255319148,"NM",17162,6485,"17162_20201231",0.24511612273841435,1.7562517835988618,94,11.061649314227694,0.8021234445378828,4,"WI"
124375,3.5535714285714284,"NM",17169,1940,"17169_20201231",2.9699066419068454,3.137782909090308,35,11.314292071968975,0.3605886527051593,4,"LA"
32824,4.103,"NM",17174,529,"17174_20201231",0.4856593054155594,3.1966831990080595,8,6.69178327951202,0.39393469725149827,2,"ND"
1137027,5.8609639175257735,"SI",17180,18619,"17180_20201231",0.36252888715940945,2.8602335197781854,194,10.36544948244143,0.7345924695369679,4,"NH"
121324,4.8529599999999995,"NM",17190,1834,"17190_20201231",1.7917927382753405,2.8202777350864454,25,14.353312302839116,0.8868020187994963,2,"GA"
97668,6.10425,"NM",17193,1089,"17193_20201231",0,2.0470861688362736,16,16.796681525507676,0.2751402790496081,7,"FL"
43554,4.839333333333333,"NM",17205,682,"17205_20201231",0,2.7417410176030867,9,14.951111940820946,0.8994453822040029,2,"NE"
168038,7.638090909090909,"NM",17208,1626,"17208_20201231",0.3176043557168784,2.129693170527807,22,10.836419013933153,0.01041733131410728,4,"WI"
378444,4.851846153846154,"NM",1720,6261,"1720_20201231",0,2.7195058577079143,78,9.208297107254584,1.3977183076595825,4,"TX"
1103056,5.3031538461538466,"SM",17211,15939,"17211_20201231",0.3094629060691254,2.669587587489294,208,9.055010524960991,0.8814198106700896,4,"AR"
337617,9.929911764705883,"NM",17214,3228,"17214_20201231",0,1.5623265779874673,34,10.59464648241281,1.4503958960004062,8,"TX"
323659,8.747540540540541,"NM",17224,3925,"17224_20201231",1.259737570848107,2.2026791264240533,37,9.06731659580003,0.6885208652183679,4,"IL"
273030,7.800857142857144,"NM",17229,3397,"17229_20201231",1.368979259415164,1.7603468421376298,35,12.177464882276757,1.6395494917726023,2,"NE"
690727,10.465560606060606,"N",17230,6624,"17230_20201231",0.37012685465739126,1.5735979395754187,66,14.879576157085614,0.8224141340412017,4,"IL"
96531,4.387772727272727,"NM",17232,1528,"17232_20201231",0.6290226068681679,3.0398366945705817,22,8.015792181610088,0.6752732642709595,5,"MI"
130404,5.4334999999999996,"NM",17241,2053,"17241_20201231",0.3141586754664876,2.391067122671395,24,12.914008143896888,1.4017942343525984,8,"IL"
265195,5.524895833333333,"NM",17244,4132,"17244_20201231",0.12819280197416916,2.803259119204608,48,8.877942106506351,0.6609570658313237,4,"CO"
148245,7.802368421052631,"SM",17259,1845,"17259_20201231",0,1.995259452189841,19,10.146477888481034,1.1493850675786694,2,"IA"
485522,4.012578512396694,"SI",17262,19092,"17262_20201231",3.4214760342147605,5.887461367525734,121,9.137628611242494,0.19795152103394548,4,"CT"
29231539,7.745505829358771,"NM",17266,467087,"17266_20201231",0.2996195442550366,8.778049322127005,3774,9.78952132078302,-5.222396509200723,4,"OR"
361787,8.61397619047619,"NM",17280,3355,"17280_20201231",0,1.7187613562032122,42,10.159742253259788,2.0364511410712987,2,"ND"
76261355,14.410686885865456,"N",17281,926815,"17281_20201231",0.27441590183671916,2.1884944224855905,5292,7.490337648967768,0.6188472184944174,4,"CA"
770638,5.625094890510949,"NM",17282,11340,"17282_20201231",2.6658709580566424,2.428140478716921,137,10.300885049049322,0.9320313397064895,2,"IA"
1931825,4.78174504950495,"NM",172,27067,"172_20201231",0.8897221227411242,2.6087539402962436,404,8.776445019269824,2.0873206691138986,4,"GA"
189393,5.570382352941176,"SM",17302,136,"17302_20201231",0.7420958523249925,0.2178370473139952,34,8.290785061253866,-0.0497006855522222,2,"IA"
6590900,8.136913580246913,"NM",17308,85101,"17308_20201231",0.14051959524574367,2.405584443291855,810,9.409031834569499,0.6243223408388615,4,"HI"
102334,6.01964705882353,"NM",1730,1293,"1730_20201231",1.9436387118629712,2.5853807727597102,17,8.378567676413939,1.1591395657049648,2,"AL"
224175,4.395588235294118,"NM",17317,3152,"17317_20201231",0.1941735170317001,2.6170111024129143,51,9.672325844895136,0.8908153467045618,2,"KS"
488429,7.289985074626866,"NM",17320,5644,"17320_20201231",0.5156028846801914,2.2670587186394275,67,8.371712908364886,1.273252211280469,2,"IL"
3396765,4.711185852981969,"NM",17323,47683,"17323_20201231",0.32398687916171864,2.844593360504414,721,8.87328354236147,1.4771138905698076,4,"MO"
279715,5.379134615384616,"NM",17327,3063,"17327_20201231",3.342980976205713,2.2305080492758393,52,11.353494158331843,0.7014200914316184,5,"TN"
70893,5.453307692307693,"SM",17347,1197,"17347_20201231",1.1476115334959116,2.8377634220140573,13,5.7606392118678045,-0.9459211406713525,2,"IA"
300533,6.261104166666667,"NM",17348,4497,"17348_20201231",0.3124155633612537,3.0387440775461116,48,10.041334068473379,0.940348030195459,4,"IA"
74321,4.371823529411764,"NM",17350,1022,"17350_20201231",0.5303334672559261,2.4410283445313112,17,8.418324694867078,0.8889212926093346,7,"TX"
279585,5.482058823529411,"NM",1735,4031,"1735_20201231",0.2955178615509398,2.9236867802584743,51,11.999410583706323,0.7035278611746322,4,"AL"
137059,3.114977272727273,"NM",17369,3080,"17369_20201231",0.025082563437983364,3.873962692071205,44,8.009909765914474,1.1444608841222135,4,"KS"
280832,5.200592592592592,"NM",17374,4211,"17374_20201231",0.13563987612887782,2.8761795336014266,54,9.253506077671478,1.6927085286410484,4,"KS"
43810,7.301666666666667,"NM",17375,526,"17375_20201231",0.7363209343658753,2.3148871459967295,6,11.262263223208222,0.679623785270131,2,"KS"
335176,4.352935064935065,"NM",17388,5083,"17388_20201231",1.614752532008408,2.8854859930602084,77,22.05309167218508,0.7929508866238265,4,"LA"
4972069,6.407305412371135,"NM",17393,67613,"17393_20201231",0.6926623587428695,2.48942089770108,776,9.557306704624741,1.3661792900217409,4,"IN"
26236,5.2472,"NM",17395,326,"17395_20201231",0,1.9747978183186008,5,15.34485418916834,1.0507723381115535,2,"KS"
158235,6.085961538461539,"SM",17399,2176,"17399_20201231",0.6158116721240786,2.7630161776203206,26,9.208057447796413,0.8829623797886358,2,"KS"
41295,6.8825,"NM",17401,397,"17401_20201231",1.052113455977358,2.0299583377627934,6,12.198291421008301,0.6985891536440537,2,"IL"
41970,5.24625,"NM",17403,634,"17403_20201231",0.9252391177044701,2.5219782918324247,8,13.955379133886511,1.1075094543490005,2,"KS"
78324,6.024923076923077,"NM",17410,943,"17410_20201231",0.6342743040601385,2.2359025287563865,13,9.268089861361952,1.5954610473334216,2,"KS"
296251,7.7960789473684216,"SM",17411,3338,"17411_20201231",0.6206707933088116,2.726988225760609,38,8.80048011500429,0.9093740361995877,4,"CO"
539776,4.907054545454546,"NM",17431,9355,"17431_20201231",1.2044711745154149,3.3501962191634926,110,11.058839503756966,0.7812108092255806,2,"AR"
3088384,5.677176470588235,"SM",17437,51126,"17437_20201231",1.2367755274796999,2.7573881433350595,544,10.585891565188524,1.0320864757330972,2,"SD"
2955679,8.849338323353294,"N",17438,29682,"17438_20201231",1.8463437409753445,1.6918063449189618,334,10.084279797180326,2.9367972205577786,5,"MI"
14792,2.9584,"NM",17441,271,"17441_20201231",1.6309412861136998,2.848317962614916,5,8.210792467895402,-0.08741640805979282,2,"IA"
330240,8.690526315789475,"SI",17443,4778,"17443_20201231",0.6907943343254597,2.37387117010186,38,14.738537086033698,0.4832201091774427,5,"NH"
7382,1.8455000000000001,"NM",17444,116,"17444_20201231",0,3.1348353899185692,4,9.279796048438497,-0.18734076035369934,7,"NE"
511274,4.647945454545455,"NM",17445,7303,"17445_20201231",0.21711554913124279,2.815096871034497,110,8.566275382742939,0.7113275574732524,7,"OR"
101167,2.9755000000000003,"NM",17446,1844,"17446_20201231",1.112123100522506,3.680490431748658,34,8.899660103376842,0.2446835085362807,4,"TX"
106694,4.445583333333333,"NM",1744,1408,"1744_20201231",0.5389239288146634,2.688193924396835,24,8.62650135606354,1.1344951649138801,7,"AL"
36009,4.501125,"NM",17450,779,"17450_20201231",0,3.0539682187771935,8,9.407850592708566,0.43509347581489966,2,"IA"
141050,5.0375000000000005,"SM",17451,2251,"17451_20201231",0.015789473684210527,3.095185366963142,28,9.198270835999601,1.4948465949220104,2,"KS"
459548,7.923241379310345,"NM",17453,5139,"17453_20201231",0.05374751364848279,2.0542770042372345,58,9.163902717864525,1.5650478157798384,2,"IL"
97424,10.82488888888889,"NM",1745,881,"1745_20201231",2.5557955363570914,1.3711928947668648,9,19.56463009143807,0.5230767243773127,2,"AL"
1915637,13.683121428571429,"NM",17470,21274,"17470_20201231",0.16311901208689808,1.6141141532561218,140,9.658728133446518,0.427628937788905,4,"IL"
106951,4.456291666666667,"SM",17474,1219,"17474_20201231",0,2.2926472557238937,24,13.22798848783707,0.487161793332166,2,"TX"
740679,7.964290322580645,"SM",17477,6910,"17477_20201231",1.454521463757917,1.7780931678857372,93,10.984989309668565,1.0321074219474151,2,"KS"
531250,5.712365591397849,"NM",17478,6467,"17478_20201231",0.2065956537877037,2.213485930565256,93,11.671032277228486,1.5396983935069413,4,"NE"
13594696,3.68320130046058,"SM",17491,714459,"17491_20201231",3.201845384348879,7.656876928385974,3691,10.436358030785646,2.897582818662829,4,"TX"
1069107,6.252087719298245,"NM",17509,15571,"17509_20201231",0.18406055024271342,2.3462506117764423,171,8.893018815805052,1.097190753849305,4,"FL"
153268,4.644484848484849,"N",17513,2242,"17513_20201231",0.275768354582151,2.6677058990925877,33,12.753362285894495,1.9569718524084352,8,"IL"
2294776,5.751318295739348,"NM",17514,27574,"17514_20201231",0.5979697423969734,2.223458892957779,399,8.399766453305812,1.5271237066948418,4,"IL"
168974607,9.74197791870856,"N",17534,1962869,"17534_20201231",0.8877527342014585,2.2286219280091317,17345,8.804947481205133,0.8819867366382947,4,"OH"
250411,4.815596153846154,"NM",1753,3775,"1753_20201231",0.060072923305159995,2.6564858901405177,52,9.971024373615135,1.8213707501349163,4,"AR"
129151,3.798558823529412,"NM",17543,1985,"17543_20201231",1.9300567107750473,2.4343566799107457,34,10.530570429242603,1.6772013574771747,8,"GA"
47556,9.5112,"NM",17551,452,"17551_20201231",2.586930959180245,1.7050632966592099,5,18.59999587262934,0.8939590174300204,2,"IA"
620899,7.136770114942529,"NM",17563,6807,"17563_20201231",0.5615301144233399,1.9063099588466206,87,12.770535837236348,1.2859583584750878,7,"SC"
19692,4.923,"NM",17569,276,"17569_20201231",1.1870196413321947,2.448026112278531,4,17.399579284784135,0.5493391929513914,2,"KS"
320575,11.873148148148148,"NM",1756,2534,"1756_20201231",0,1.7616786521867263,27,9.421102192726783,1.1560908567604118,4,"AR"
217213,8.044925925925925,"N",17572,2022,"17572_20201231",0.12852796138915118,1.6065939530919071,27,16.87390559219105,1.3066577137311777,2,"IL"
522778,5.682369565217392,"NM",17580,8613,"17580_20201231",0.12997040895117237,2.884098960921563,92,9.947012705103633,1.5335699485317789,4,"FL"
138268,5.318,"NM",17587,1845,"17587_20201231",2.0165216256637257,2.7328091147173446,26,10.888392996473268,1.067721222331844,8,"LA"
604965,4.514664179104478,"NM",17588,9589,"17588_20201231",0.05232935074557748,3.0337245381635687,134,8.617331167895385,2.3617514761606038,2,"TX"
14518,3.6295,"NM",17589,254,"17589_20201231",0.11065444198545685,3.225989421590732,4,14.267938614682704,0.021270259922576255,2,"NE"
307519,6.275897959183673,"NM",175,4568,"175_20201231",0.09670231729055259,2.6589479127761657,49,8.906268744251761,1.8336828798804838,4,"GA"
238110,4.105344827586207,"N",17603,5309,"17603_20201231",3.399016636696302,3.7705161702175194,58,9.453860482988482,1.9855674762157198,4,"TX"
48732,5.414666666666666,"NM",17607,558,"17607_20201231",0,2.6712148103772786,9,8.545241972524948,1.1176631005762672,2,"KS"
823221,5.88015,"SM",17612,19830,"17612_20201231",0.5938486722966883,3.5701143612738373,140,10.07576994961554,1.4059124250053907,4,"TX"
987109,7.311918518518519,"NM",17614,12433,"17614_20201231",0.18623953552554917,2.189978156044923,135,16.724004920664708,2.509347776030889,8,"KS"
65535,3.855,"NM",17621,1171,"17621_20201231",2.494723612132135,3.530655798824936,17,10.131675201170447,1.7822017664528238,8,"LA"
251030,6.606052631578947,"NM",17622,3489,"17622_20201231",0.25672500725957603,2.6128168215635372,38,10.867668328133778,1.1219691281060058,4,"MI"
47306,2.6281111111111115,"NM",17629,1226,"17629_20201231",0.8248711138884548,3.668246321980375,18,17.20889880399083,0.8057545206955116,2,"KS"
16100,3.22,"NM",17632,307,"17632_20201231",1.363448560804297,2.9642136264963885,5,11.691557451996342,0.019042057557792647,2,"KS"
1719290,6.742313725490196,"SM",17633,18525,"17633_20201231",0.039509435858048725,2.6373902698881087,255,8.748719589139528,1.3116402576995483,4,"MO"
370781,5.534044776119403,"NM",17636,5434,"17636_20201231",0.6366386368051509,2.9228005416412164,67,8.34164606146238,0.9578825401030894,2,"KS"
281394,4.538612903225807,"NM",17639,4578,"17639_20201231",0.08112265844887541,3.065687991355863,62,9.149159016696446,1.7202578337493946,4,"NE"
439748,4.580708333333333,"N",17643,5775,"17643_20201231",1.1430833876138293,2.3888722097515296,96,10.445008724270496,1.5252297910159318,4,"NM"
164815,6.104259259259259,"NM",17650,2596,"17650_20201231",0.023001258304130755,2.454443878473192,27,13.041378847830462,0.8297868844377988,2,"KS"
23260,3.876666666666667,"NM",17652,413,"17652_20201231",0,2.9980575964867833,6,10.687055969502685,0.02345897962822209,2,"KS"
1524188,5.255820689655173,"SI",17658,26743,"17658_20201231",0.6738845290233654,3.187936054257205,290,13.596760118140663,1.1817361684159537,4,"ME"
83029,9.225444444444443,"NM",17661,1066,"17661_20201231",1.6911350212004608,1.9882399840542155,9,20.6357732311148,1.3317221447079928,2,"KS"
127841,9.1315,"NM",17671,1243,"17671_20201231",0,1.9908106068772233,14,10.89820647208732,1.5158456397542308,4,"KS"
483337,5.197172043010752,"NM",17672,6435,"17672_20201231",0.6733882327946535,2.2219599675438224,93,10.166606785402658,1.2860565960005585,2,"KS"
579494,6.036395833333334,"NM",17676,7540,"17676_20201231",0.4763006563242456,2.3950142926727014,96,9.9066893853565,1.0172918537322482,4,"KS"
259469,4.324483333333333,"NM",17685,4019,"17685_20201231",2.056284576529385,3.575864851933637,60,9.000866235068843,-1.0383015364580757,2,"KS"
19142908,10.150004241781549,"NM",1768,230272,"1768_20201231",0.34640729525690894,2.3653624042943115,1886,8.269748408470125,0.5146837573275556,4,"CA"
120562,6.0281,"NM",17713,1458,"17713_20201231",0,2.174649198924845,20,10.389675395640241,0.6199425737405377,2,"IL"
152502,6.931909090909091,"NM",17733,1985,"17733_20201231",0.2902882454763415,2.3849007450932014,22,8.485020794350813,1.8921408016709371,2,"MN"
180884,4.888756756756758,"NM",17734,2381,"17734_20201231",2.734619137948049,3.6384700324022954,37,7.154057705297694,0.42539326249479575,4,"FL"
5693218,6.134933189655173,"N",17735,62806,"17735_20201231",0.33782505511889743,2.1561662669963906,928,8.969874600910416,1.6962593396736811,4,"WV"
457669,4.358752380952381,"SI",17736,6566,"17736_20201231",1.0482437319928892,3.045242378335053,105,8.107060675790239,0.39950398069089266,4,"IN"
689219,10.135573529411765,"NM",17739,8160,"17739_20201231",1.2831006306968333,2.1754092795830697,68,10.56664317981473,1.3203774931797136,4,"TX"
977414,6.265474358974359,"SI",17741,12974,"17741_20201231",0.3132260355599427,2.3662288125098043,156,12.709503468627467,0.9542110781780202,4,"ME"
1105702,5.789015706806283,"SI",17743,19636,"17743_20201231",0.3668522245438966,2.7196728275847692,191,11.453790953478581,0.5551416504796893,4,"ME"
1384496,7.1735544041450785,"SI",17748,18612,"17748_20201231",1.3270310911654621,2.6178959327017193,193,9.38208775938845,0.6102707313438313,4,"ME"
1113083,6.049364130434783,"SI",17749,15502,"17749_20201231",0.23187802563549026,2.4863488659042865,184,15.123978827338897,1.7673612502738398,4,"ME"
1365796,7.504373626373627,"SI",17751,22461,"17751_20201231",0.44572846876109834,2.6165787240286975,182,9.193809193809194,0.668700336757686,4,"ME"
94790,4.513809523809524,"NM",17759,1439,"17759_20201231",0.0720195893282973,3.3049156196775757,21,6.924507500250565,0.4151785503663479,8,"OH"
1889935,9.21919512195122,"SI",17764,21728,"17764_20201231",1.1453515038909143,2.261348939417984,205,16.710922747972898,0.7244527470743993,4,"RI"
251648,4.265220338983051,"NM",17767,4041,"17767_20201231",1.1841979902820665,2.7418732963260415,59,12.266634020934077,1.4340746577498962,4,"LA"
307739,9.927064516129033,"NM",17769,3072,"17769_20201231",0.19616917882424714,1.810994725534228,31,9.544007798932167,1.1502123175390728,2,"KS"
160912,4.597485714285715,"NM",17773,2462,"17773_20201231",1.7353433835845897,3.006748663896713,35,8.574477111159675,0.2505623886580594,8,"SC"
129279,9.234214285714286,"NM",17775,1421,"17775_20201231",1.6390416017067366,1.9021625727186984,14,11.806537670352276,1.4539566483878776,2,"TX"
110612,3.687066666666667,"N",17782,2095,"17782_20201231",1.2295081967213115,3.594932079516474,30,13.013327952008366,-0.07100379918958404,4,"CO"
123315,4.567222222222222,"NM",1778,1818,"1778_20201231",2.633550100439209,3.057482759339125,27,13.56905260564248,0.87679091054302,2,"CO"
792319,8.3402,"SB",17797,10770,"17797_20201231",0.1881121839884153,2.2264783529684635,95,10.826286861853927,0.7023865608877417,4,"MA"
5742972,11.67270731707317,"SM",17798,66277,"17798_20201231",0.8859172603684488,1.8643729281571226,492,9.820928546581522,0.7445445213282739,4,"MA"
149500,5.339285714285714,"NM",1779,1942,"1779_20201231",0.0051452504193379095,3.0304233621300765,28,8.41854554889529,1.0008265459497778,4,"CO"
983607,5.685589595375722,"NM",17809,12522,"17809_20201231",0.8659890936101599,2.0341640021399154,173,9.117367118170948,0.4626634484989487,4,"OR"
336634,6.870081632653061,"NM",1780,4462,"1780_20201231",0.43806505732127876,2.6164173921989735,49,9.506269737777256,1.3139958075592535,8,"CO"
359949,7.824978260869566,"N",17811,3497,"17811_20201231",0,1.641366894984462,46,9.746527548482247,1.1967290167427977,5,"TX"
60273,7.534125,"NM",17813,624,"17813_20201231",0.020529665366454525,1.927633278062036,8,9.53715454032713,0.9376157983583301,2,"ND"
192059,4.5728333333333335,"NM",1781,3262,"1781_20201231",1.581107994959964,2.6863629965867903,42,8.696766066920372,0.8873904782012033,2,"IL"
17921,4.48025,"NM",17825,152,"17825_20201231",0,1.5205652108555634,4,14.47524417094789,0.43940287461985866,2,"NE"
156130,6.788260869565217,"NM",17830,1598,"17830_20201231",0.45151884411175913,2.0904270776788993,23,17.575716465999662,1.4050411505710634,2,"MO"
205279,5.00680487804878,"SM",17832,2854,"17832_20201231",2.452043684101326,2.329727802210864,41,11.441696594547773,1.3179008677047426,2,"KS"
14298695,8.001508114157806,"SB",17838,187879,"17838_20201231",0.6354393924279029,2.7155821651087693,1787,9.741956474778219,0.8942898643684576,4,"DE"
158244,5.456689655172414,"NM",17841,1923,"17841_20201231",1.512477575368639,2.531735252397197,29,8.83383471951867,1.257199881214208,8,"LA"
3282903,6.6054386317907445,"NM",17842,40876,"17842_20201231",0.4906343133454992,2.297536508566019,497,10.709060716674605,1.2882499798500167,4,"TX"
447418,6.99090625,"NM",17863,6664,"17863_20201231",0.01561844949897658,2.959286317919654,64,7.649950014728839,0.5850985368096541,4,"MN"
225779,5.375690476190476,"NM",1786,2842,"1786_20201231",0.7660613835981447,2.070224716544413,42,8.387799088035603,1.1982637236011078,2,"IL"
5187820,12.092820512820513,"SI",17870,58174,"17870_20201231",0.5540612115610298,2.0142686862648924,429,8.440883969868468,0.7174232094130021,4,"MA"
117223,5.328318181818182,"N",17872,1733,"17872_20201231",1.7005360549986372,2.993558165971959,22,10.824907510895086,0.7768093974990526,4,"CO"
85808,2.043047619047619,"NM",17878,2231,"17878_20201231",5.9622693034157885,6.139132668765557,42,8.409307875894987,-0.014541964473980788,8,"LA"
112587,9.38225,"NM",1787,1266,"1787_20201231",1.3134726121924523,1.919703724129479,12,9.165385203370473,0.7650091150022212,7,"IL"
61935,2.580625,"NM",17881,1060,"17881_20201231",0.4348906560636183,3.7544652620835457,24,10.445103857566766,0.9477290952832251,4,"TX"
408969,7.716396226415094,"NM",17884,8204,"17884_20201231",0.16290557275114378,3.3713429368511663,53,8.38712686109243,0.914200968648559,4,"OK"
1241419,8.5028698630137,"SI",17897,16014,"17897_20201231",0.3826646331738818,2.2789291172287904,146,13.559751218465205,1.2834833273194235,4,"ME"
58701,3.9134,"NM",178,1101,"178_20201231",3.527961306230835,4.298651313584585,15,11.505934190889063,0.02116693301724047,5,"GA"
383654,6.394233333333333,"SM",17903,4704,"17903_20201231",1.6540023762813958,2.2802398949113853,60,15.401080813752815,1.10876025583048,2,"IA"
232862,4.478115384615385,"NM",17906,3356,"17906_20201231",0.1152766639935846,2.6288850777111032,52,11.204547922696646,1.187438646615967,4,"LA"
1248320,6.7476756756756755,"NM",17910,16656,"17910_20201231",1.179628241982233,2.5449808795841093,185,11.210075989670115,1.7066691614813803,4,"GA"
138062,4.602066666666667,"N",17913,2122,"17913_20201231",0.6431812116359754,3.1779164812516103,30,10.576736497897876,1.2800957912733917,4,"TX"
80030,10.00375,"NM",17922,851,"17922_20201231",1.1924730854859862,1.6564956681376315,8,7.976587576310655,0.5393241710215544,2,"ND"
175844,3.9076444444444443,"NM",17927,2376,"17927_20201231",0.9138190325006266,2.514719700907673,45,9.745090142379949,1.4319844855851893,2,"KS"
674832,4.998755555555555,"NM",17933,9841,"17933_20201231",3.3177181950272527,2.7870166574223427,135,9.186379695657415,0.9028731881288509,4,"MO"
639581,7.705795180722892,"NM",17937,7222,"17937_20201231",0.07550709881133522,2.224094405875395,83,12.058311767604101,1.1569607928435799,4,"KY"
6973520,9.933789173789174,"SI",17943,85874,"17943_20201231",0.4285414869726112,2.303002721068364,702,11.720866980663708,0.5755104839048601,4,"CT"
258134,5.866681818181818,"NM",17950,3682,"17950_20201231",0.4988187410820799,2.8218007087275057,44,9.038601149115348,1.6671091404081861,4,"TX"
632201,5.403427350427351,"SI",17951,9942,"17951_20201231",0.3858174807912417,2.861202439949252,117,9.720374818844176,0.7109445435653222,4,"NH"
209472,5.6614054054054055,"NM",17953,2928,"17953_20201231",0.51592030196316,2.785592091838955,37,8.417953267147334,0.4448437292990519,4,"SC"
310665,5.753055555555556,"NM",17959,4312,"17959_20201231",0.9728796715223473,2.235996834947524,54,13.23270706956928,1.243264346602475,8,"CO"
1038330,6.530377358490566,"SI",17960,15275,"17960_20201231",0.13099218033636514,2.745821343474801,159,9.204830559802394,0.6928244835389502,4,"NH"
1681673,7.0362887029288705,"NM",17964,20537,"17964_20201231",0.840614328658168,2.2345359166591425,239,11.129902567612834,1.4724351595998608,4,"UT"
117366,5.588857142857143,"NM",17975,1349,"17975_20201231",1.7431715702365114,2.730889500631894,21,7.554475058526923,0.7359370167728733,8,"AL"
208727,6.957566666666667,"NM",17979,2264,"17979_20201231",0.7396342785554244,1.9757571760943171,30,8.82745667708471,1.1859694965760412,8,"TX"
9911,3.3036666666666665,"NM",17982,160,"17982_20201231",3.1559240438619955,3.469834323226008,3,7.2578196173701786,0.06251953735542357,7,"KS"
22662246,10.776151212553495,"NM",17985,170561,"17985_20201231",0.15207653846952557,1.715953065976102,2103,7.921005877349681,0.8796933601454147,4,"HI"
181594,5.857870967741936,"NM",17993,2689,"17993_20201231",0.21198759569725747,2.7309931832544896,31,9.182435787052459,0.8166596106294598,8,"IA"
40504,6.750666666666667,"NM",17995,660,"17995_20201231",0,2.14662136040857,6,12.634746787044573,1.1267218751907544,2,"KS"
2014049,7.487171003717472,"SI",18012,25075,"18012_20201231",0.38299204807990866,2.4808026071127083,269,9.01953898510141,1.0407225949698073,4,"NH"
2390697,6.7917528409090915,"SM",18013,38963,"18013_20201231",0.08661542055196522,2.953934143973376,352,8.819368641469943,0.7652172998283311,4,"NH"
157844,4.0472820512820515,"NM",18019,2887,"18019_20201231",0,3.3621177802944504,39,9.5466117904679,1.1034824462061155,4,"KS"
330152,4.4615135135135136,"SI",18028,6449,"18028_20201231",0.6932521000646173,3.160463011997477,74,13.976546288489022,0.6030216507609677,5,"NH"
554979,6.686493975903615,"SI",18030,6751,"18030_20201231",0.24472198355222782,2.6649559669518665,83,7.030710270451092,0.5439851711336762,4,"NH"
590181,4.5750465116279075,"SI",18031,9603,"18031_20201231",0.11585759446531721,2.9505705706365752,129,8.527501213641868,0.5800767891989592,4,"NH"
118072,2.4598333333333335,"NM",18033,1997,"18033_20201231",1.7890191239975324,3.3635621363876607,48,7.657881210230596,1.1281336255808798,8,"MO"
479916,5.160387096774193,"SI",18038,7743,"18038_20201231",0.9343328138014069,2.834961205794026,93,13.509362582729493,0.5498967813167724,5,"NH"
20574716,10.175428288822948,"SM",18053,211043,"18053_20201231",0.22204043473179852,1.9182912232306555,2022,6.353935131995797,0.7493110798943562,5,"HI"
1579188,7.741117647058824,"NM",18059,16708,"18059_20201231",0.18955269472348243,1.830681010829963,204,13.549730858352804,1.6671602223882722,2,"ID"
76000,5.428571428571429,"NM",18063,1153,"18063_20201231",0.007125298371869321,2.720003878025331,14,10.188630986635975,0.41742633771675874,4,"OK"
83602,11.943142857142858,"NM",18071,703,"18071_20201231",0,1.3865317408705675,7,14.924751154926893,0.7864503201315421,2,"IA"
31551,2.8682727272727275,"NM",18089,501,"18089_20201231",0,3.583339004968352,11,10.722457295094813,0.2756414619206425,2,"KS"
352940,5.190294117647059,"NM",1808,5105,"1808_20201231",0.772777513145542,3.3727136907916253,68,7.994362367336892,0.9788903724698347,8,"IL"
29853,4.9755,"NM",18094,476,"18094_20201231",14.867790320086593,2.7586113408071142,6,15.581975444620817,0.3660074014830078,2,"KS"
1045734,3.9761749049429653,"NM",18100,18488,"18100_20201231",1.9133250033277083,3.126692866459331,263,8.955470455630378,0.996538899407211,4,"KS"
55291,6.1434444444444445,"NM",18101,873,"18101_20201231",0,2.3485046336965896,9,7.854706209969368,0.5559644499315431,2,"KS"
121767,8.697642857142856,"NM",18109,1262,"18109_20201231",0,1.822486708534141,14,11.094270991209457,1.0904059704870308,4,"KS"
233220,5.182666666666667,"NM",18118,3956,"18118_20201231",3.1807345433281604,2.8717228448342467,45,9.962188734529349,0.9061594806345434,4,"KS"
169408,7.700363636363637,"NM",18120,2089,"18120_20201231",0.07963605407928823,1.710412637048688,22,14.555238665305211,1.0477527703558485,2,"KS"
2057831,6.198286144578313,"SM",18129,35005,"18129_20201231",0.9186038302274255,3.010571611196716,332,10.16627290595406,0.8891970475657919,4,"RI"
206206,7.63725925925926,"NM",18132,1572,"18132_20201231",0.032995813656142375,1.3403488955327627,27,11.672877377913201,1.3966287386601053,5,"TX"
79597,2.9480370370370372,"N",18136,1884,"18136_20201231",1.5049411934743728,4.216159704018737,27,10.599916439332498,0.3514523737626212,4,"FL"
494423,5.885988095238095,"NM",18143,10086,"18143_20201231",1.8340534611585473,3.4858781683106645,84,8.550106053582644,0.4823383222181897,4,"GA"
80627,4.03135,"NM",18145,1948,"18145_20201231",1.0551845785561296,4.040581670612107,20,8.227341011517277,0.35170781197159284,2,"SD"
270317,5.6316041666666665,"N",18150,3169,"18150_20201231",0.14534883720930233,2.1477128558937246,48,13.90349129475233,1.0143265899685265,7,"TX"
244547,6.270435897435897,"NM",18155,2580,"18155_20201231",1.3910244949043447,1.9421907281827657,39,9.417361835245048,0.8014798590389532,7,"TX"
115449,8.246357142857143,"NM",18164,872,"18164_20201231",5.529207244004118,1.872020114655103,14,10.95423737906615,0.5972028548061592,2,"MT"
94750,5.921875,"NM",18165,1079,"18165_20201231",0,2.0402463282378265,16,12.281229325795392,1.4089848043089275,8,"KS"
318470,9.650606060606062,"NM",18171,2958,"18171_20201231",0.5033431293268377,1.5469162938122105,33,13.706192205536372,1.27511875222874,4,"IL"
925317,4.673318181818182,"N",18185,14866,"18185_20201231",0.04390450329724583,2.9167146620516173,198,8.757164832144552,1.3238531912482638,4,"TX"
2735497,7.975209912536442,"SI",18190,38654,"18190_20201231",1.843983389899568,2.4023867435872286,343,11.006295760786006,0.6985234729409125,4,"CT"
970977,8.159470588235294,"SI",18194,14050,"18194_20201231",0.7583856068093346,2.431504083073024,119,11.081015668571307,0.688898570030628,4,"CT"
1661727,6.0207500000000005,"SI",18198,28433,"18198_20201231",1.3639285411082678,3.0587062534100395,276,9.10346310272652,0.5109357188122621,4,"CT"
1573156,6.473893004115226,"SI",18199,25873,"18199_20201231",0.6281334146241709,2.981409614115369,243,7.78408753256496,0.5864168429972546,4,"CT"
988299,6.215716981132076,"SI",18200,15544,"18200_20201231",0.7561031457203685,2.4700886225608585,159,11.71222971972587,0.6659955132933841,4,"CT"
1967409,8.902303167420815,"SI",18204,27668,"18204_20201231",1.295157653627286,2.3685454587406785,221,8.84780724074704,0.451815875908394,4,"CT"
310866,5.65210909090909,"SI",18209,5668,"18209_20201231",0.6832032553178493,3.245920536003746,55,7.427402700028554,0.3151903749864919,4,"CT"
1717248,6.579494252873563,"SI",18213,36143,"18213_20201231",0.42315692781329994,3.3297556091147484,261,12.888707061522561,0.7694667158843754,4,"CT"
185467,13.247642857142859,"NM",18216,1906,"18216_20201231",0.1096555070354197,1.789698748712214,14,10.653771424229596,1.8414690336040918,4,"TX"
202647,4.942609756097561,"NM",1821,3353,"1821_20201231",1.247598672720922,2.945392359247104,41,12.487894087398544,1.3415315818893236,2,"IN"
32623400,9.967430491903453,"N",18221,426781,"18221_20201231",0.7775458340268178,2.3163671620744273,3273,8.646251947283234,0.764268506545185,4,"CT"
192106,5.055421052631579,"SI",18223,3355,"18223_20201231",1.106419950855948,3.4915733673061764,38,8.187415511997296,-0.03994688144413375,4,"CT"
339934,10.965612903225807,"SI",18227,3497,"18227_20201231",0.6034419626510436,2.0163076489667975,31,43.43819774872576,3.5459862826068527,7,"CT"
411839,6.0564558823529415,"SI",18229,6247,"18229_20201231",0.3656685748309996,2.5190464487589086,68,11.432491112542648,0.5797673529302921,5,"CT"
362312,4.365204819277109,"SI",18237,6134,"18237_20201231",1.038204106189366,3.2090307428392078,83,14.021794653499065,0.5110879017075748,4,"CT"
1445224,6.817094339622641,"SI",18238,20685,"18238_20201231",1.688616102758651,2.506485013359006,212,14.790714544795067,0.9931886087427948,9,"CT"
1369376,6.196271493212669,"SI",18258,20271,"18258_20201231",0.8067240092690782,2.743705204650231,221,10.005382731400227,0.6335308146070642,4,"CT"
2581305,11.950486111111111,"NM",18266,27102,"18266_20201231",0.6346802486906652,1.7542622903620877,216,12.199198019006067,1.7452800568190434,4,"MA"
1002725,7.319160583941606,"SM",18272,13040,"18272_20201231",0.20065538003705058,2.6131418029331743,137,10.266334122510532,1.24585999813871,4,"IA"
165893,8.73121052631579,"N",18282,914,"18282_20201231",0,1.2240206876735944,19,11.456147712966848,0.9334993455288445,5,"TX"
145842,8.57894117647059,"NM",18284,1941,"18284_20201231",0.3566926286780874,2.0572668941901644,17,13.854494435590428,0.8435863902346497,2,"IA"
782075,4.768750000000001,"N",18296,13906,"18296_20201231",0,3.705622063864685,164,8.593312063536967,0.28766120026844666,4,"HI"
7003954,8.387968862275448,"NM",18297,76364,"18297_20201231",0.21068017962164964,1.672797711001724,835,11.23788639377513,1.281967383378924,4,"TX"
51009,3.6435,"SM",1829,873,"1829_20201231",1.7691763330359065,3.158094195422869,14,13.198833727961176,0.29475545823946775,2,"IN"
110192,4.790956521739131,"NM",18301,1896,"18301_20201231",1.0526783334813894,3.2385606310460773,23,16.695199747506145,1.5095068684026158,4,"TX"
34547,3.140636363636364,"NM",18302,635,"18302_20201231",3.300572099163855,3.4674958551328614,11,9.349796169751004,0.23224158285541024,7,"TX"
609282,6.923659090909092,"NM",1833,8256,"1833_20201231",0.5748951317746545,2.590904622126094,88,9.726411529563068,1.0609050434684906,4,"IN"
49056,0.7214117647058824,"NM",18342,23752,"18342_20201231",0,62.8026460498022,68,72.6392047847696,46.15403555424238,7,"MA"
307997,3.5813604651162794,"NM",18344,6099,"18344_20201231",0.6802517487301397,3.87088672756575,86,9.384933197746182,0.9712772503973564,4,"TX"
1477860,9.353544303797468,"NM",18355,19261,"18355_20201231",0,1.9792144528057105,158,11.293550920339406,0.6142883557481507,4,"TX"
150946,6.8611818181818185,"NM",18356,1921,"18356_20201231",0.03239705834710208,1.975685404837582,22,12.812850205453866,1.4290980882254558,2,"IA"
446368,5.873263157894737,"NM",18361,8380,"18361_20201231",0.4461069711964288,3.235082845558198,76,9.122993443364233,1.4966694104018048,4,"WI"
325321,9.294885714285716,"NM",18374,3273,"18374_20201231",0,1.7259830761572923,35,14.822389037355041,1.2636884021901444,2,"KS"
72513,6.59209090909091,"NM",18378,977,"18378_20201231",0,2.4004228903864653,11,11.71760068837261,1.2738706313603263,2,"MN"
129498,5.39575,"NM",1837,1712,"1837_20201231",0.6693168161227697,2.424574313905856,24,9.482561396034995,0.7320874335744396,4,"IN"
110592,4.096,"NM",18380,1348,"18380_20201231",0.7185231585541103,2.3658871535770643,27,10.951402520684658,0.7240303305749352,8,"MO"
334736,7.276869565217391,"NM",18384,3737,"18384_20201231",0.005759252763132405,1.9259904098826268,46,10.703747939048016,1.07812713544632,2,"IA"
446583,5.133137931034483,"NM",18385,5522,"18385_20201231",0.5690004073751462,2.11374324130906,87,10.150333446366,1.9969278789330505,2,"MO"
555863,6.1762555555555565,"NM",18389,6508,"18389_20201231",0.8821995244795963,2.048272566582475,90,7.89851407567814,1.6630186766438106,4,"NM"
136496,6.499809523809525,"NM",18394,2350,"18394_20201231",0.18784311131688605,2.7814018722071823,21,13.550473944678012,1.0437391956684825,2,"IA"
151161,5.212448275862069,"NM",1839,1977,"1839_20201231",1.944727519774834,3.066121642912634,29,9.751943875266306,0.7391219115522286,2,"IN"
118033,5.90165,"NM",183,1517,"183_20201231",0.2532830438014481,2.5405651991251372,20,13.741033690524212,0.33447469441995237,7,"GA"
364402,11.754903225806451,"NM",18400,4333,"18400_20201231",0,1.9752425475280992,31,12.282315428010794,1.5040519500642033,4,"IA"
1607194,7.080149779735683,"NM",18402,14519,"18402_20201231",0.5344065999215091,1.5122921919818804,227,10.307188077870155,1.095608852182271,4,"IL"
6063393,5.903985394352483,"SI",18408,112971,"18408_20201231",0.41637547452930984,3.2392353125111946,1027,7.510373585691794,0.776995416293566,4,"ME"
401511800,15.834981858337276,"N",18409,2410887,"18409_20201231",0.7714192684433393,1.3764533833925003,25356,7.493011519780741,0.36159086654106903,9,"DE"
4716144,10.792091533180779,"NM",18429,36648,"18429_20201231",1.091083123949831,1.448593306379261,437,9.057354274256948,1.3420499079093045,4,"IL"
496966,4.007790322580645,"NM",18431,9431,"18431_20201231",0.5589296209650467,3.913282930271648,124,8.449244741062735,1.7037980823482057,8,"KS"
152722,4.926516129032258,"NM",1843,2352,"1843_20201231",0.12235423265600165,3.007018987278708,31,10.5022161495651,0.7971269268052434,2,"IN"
527104,6.42809756097561,"SM",18443,6885,"18443_20201231",0.4548932250055951,2.2235738868656694,82,13.94241647003797,1.7779736836026825,2,"IA"
113102,5.385809523809524,"NM",18448,1342,"18448_20201231",2.423747276688453,2.1070266623211027,21,7.9591174846383765,0.22394901205131573,2,"IA"
90170,4.5085,"N",18454,1040,"18454_20201231",0,2.3296626959190343,20,12.939081104258058,1.614425399378909,7,"TX"
41509,5.929857142857143,"NM",18463,676,"18463_20201231",0,3.5991242393535754,7,9.26333615580017,-0.08400581740285515,8,"IA"
1293663,7.434844827586207,"NM",18467,16106,"18467_20201231",0.5398251529600365,2.3194808668310567,174,8.900764829406437,1.0416258953383695,4,"CT"
231962,7.732066666666667,"NM",18474,1806,"18474_20201231",0,1.6777808139005326,30,8.21097866680309,1.0368036216422583,2,"KS"
220130,4.1533962264150945,"NM",1847,3594,"1847_20201231",0.4867106090225997,3.2231221999763084,53,11.154802075396393,2.7201617241252083,2,"IN"
25792,4.298666666666667,"NM",18483,338,"18483_20201231",3.708377827395398,2.451528478313083,6,10.11016005834261,0.5756122609552679,2,"SD"
896624,4.694366492146597,"SM",18487,17950,"18487_20201231",0.9123536455051521,3.1971341798701194,191,9.35833834549064,0.9300226676349327,4,"IL"
1031773,4.960447115384615,"SM",18489,18510,"18489_20201231",0.23192163447479383,3.2471680596643835,208,9.814024556076962,1.2417511934363317,2,"NE"
192228,4.089957446808511,"SM",1849,3808,"1849_20201231",0.5139471929067441,3.690495618392129,47,11.612060324146553,1.2743408968687466,4,"IN"
19024182,15.787702904564316,"NM",18503,124022,"18503_20201231",0.4635195773177239,1.511714327576947,1205,11.1857070217602,1.2626325628228137,4,"CA"
101065,5.614722222222222,"NM",18508,1352,"18508_20201231",1.1608389635668646,2.247838155652793,18,11.988023952095809,0.9289331168155893,4,"IA"
2752735,6.830607940446651,"NM",18509,31728,"18509_20201231",1.9438860239489555,2.2934191598171108,403,8.467361668361203,0.43458579686130194,4,"IL"
238568,7.229333333333334,"NM",18514,2216,"18514_20201231",1.3060298704030584,2.2150729261171795,33,13.388784190781477,1.460680320063876,4,"NM"
133825,5.147115384615384,"NM",18518,2330,"18518_20201231",0.0018624054829217416,3.1194560355813197,26,8.108452615714532,0.8230054221533695,2,"IA"
446710,4.55826530612245,"NM",18519,7630,"18519_20201231",0.6187738986902895,3.696561633891218,98,11.21627660825591,1.2343492350177994,4,"AR"
100391,3.5853928571428573,"NM",18528,1807,"18528_20201231",1.2482041617104105,3.2139596103338532,28,9.64799984121786,0.5442264627094012,2,"NE"
564979,5.0899009009009015,"NM",1852,7854,"1852_20201231",0.7507489406332692,2.7936844890544466,111,8.60827850533846,0.7640093682502668,2,"IA"
1572959,6.003660305343511,"N",18561,28398,"18561_20201231",0.44619828742391415,5.239839722549663,262,8.573230337658707,1.1718023919268352,4,"MN"
262939,7.967848484848486,"N",18564,3172,"18564_20201231",0.001033175257518933,1.9908218896197107,33,9.56135778360421,1.11813284211518,4,"IL"
290988,5.81976,"NM",18566,4209,"18566_20201231",0.2061025300862314,2.5841575872450053,50,7.516557700216987,1.6492617715823337,4,"IL"
43018,10.7545,"NM",18568,267,"18568_20201231",0,0.9043507020345306,4,20.0338506281437,2.4055728674118515,2,"IL"
1130783,6.651664705882354,"NM",18569,15640,"18569_20201231",0.3764662369227518,2.3875663961536255,170,9.295366101543785,1.076914959400268,4,"WI"
431137,17.964041666666667,"SM",18576,2965,"18576_20201231",0,1.0873277729651836,24,12.8592404141476,1.727675406909827,4,"TX"
341941,7.771386363636364,"SM",1857,3692,"1857_20201231",0.051827121996726254,1.692311274966417,44,10.826780771947703,1.6567675291948973,2,"IA"
547227,5.5275454545454545,"NM",18584,6564,"18584_20201231",1.777774518646711,2.042623340931552,99,8.992626911405086,0.8929439412120842,4,"MI"
511577,7.414159420289855,"NM",18592,5639,"18592_20201231",0,1.8665096023651777,69,10.688356007512253,2.712567392595493,4,"OK"
122092,6.1046,"NM",18600,1552,"18600_20201231",0.19281045751633985,2.484443983277491,20,7.332485227900437,0.8669194902915058,4,"AL"
1220924,6.166282828282828,"NM",18609,21198,"18609_20201231",0.7523293536794503,2.9521743493113277,198,8.323109632332159,0.9071591515540073,4,"TX"
47241,9.4482,"NM",1860,436,"1860_20201231",4.191587883465175,1.888340777903149,5,11.875893127787641,0.9674832380614898,8,"IA"
358706,4.483825,"SM",18610,5930,"18610_20201231",1.5279220418810806,2.994401143841981,80,9.586176598124016,1.1842808382397545,2,"KS"
3932983,13.377493197278913,"NM",18618,36846,"18618_20201231",0.11061912612661683,1.2785916080841047,294,10.21313110181673,0.48656223780316643,4,"CA"
161718,3.369125,"NM",18620,2983,"18620_20201231",0.5585946529008399,3.553699855444888,48,7.683241948698556,0.3450629115627445,4,"KY"
128157,6.745105263157895,"NM",1862,1335,"1862_20201231",3.70444826199788,1.7240688358486091,19,15.47286968307251,0.9501163850826718,2,"IA"
199539,7.674576923076923,"NM",18641,3546,"18641_20201231",0,3.314654932557219,26,8.337147882796469,-0.7585803575459584,4,"IL"
75867,5.835923076923077,"NM",1865,1021,"1865_20201231",1.257174091281771,2.4169780723401253,13,12.334599940711994,0.8065994500458294,2,"KS"
329212,6.3309999999999995,"NM",18660,7200,"18660_20201231",1.0025076940613245,3.1191082613240915,52,8.35734604443761,3.0225144373845882,4,"TX"
64649,3.5916111111111113,"NM",18677,1305,"18677_20201231",0.6097799319860845,3.3766566771903395,18,9.425646418409006,0.7355887113575538,7,"TX"
169548,13.042153846153846,"NM",1867,1544,"1867_20201231",0,1.7961073145111546,13,15.144093395379215,1.5261721111742181,2,"KS"
431796,6.8539047619047615,"NM",1868,4751,"1868_20201231",3.8700084529131997,1.981602340905192,63,13.661068631216322,1.4173977968235405,2,"KS"
345243,5.230954545454545,"NM",18698,4757,"18698_20201231",0,2.3567048720592556,66,10.4112316643587,1.4772212176910393,8,"TX"
540484,5.051252336448599,"SM",1869,9117,"1869_20201231",0.3119331215387421,3.0347014826344276,107,9.118868010442597,0.8732743318621995,4,"KS"
203754,6.3673125,"NM",18710,2970,"18710_20201231",0,2.492612333658862,32,11.710226276091912,2.700901284747343,4,"CO"
24404461,9.265171222475322,"SM",18714,212603,"18714_20201231",0.15061265915674665,1.7332145445041487,2634,7.37652125385644,1.204662965992528,5,"CO"
53151,5.3151,"NM",18719,645,"18719_20201231",3.239257871517496,2.765671459411022,10,13.992992234083971,1.6903588448535702,8,"MN"
25956,3.7079999999999997,"NM",18724,508,"18724_20201231",0,3.0291911285061968,7,9.141663501709077,0.7012393998695368,2,"NE"
203725,7.54537037037037,"N",18734,2801,"18734_20201231",1.8948285321583511,2.123977128926689,27,17.35014851244096,0,4,"NY"
685769,6.409056074766355,"NM",18740,10529,"18740_20201231",0.24184457389171124,2.443628983367716,107,9.611588053763473,1.4756642401752191,2,"NE"
422798,6.0399714285714285,"NM",18748,6421,"18748_20201231",0,2.579095519996071,70,11.38206606152176,1.2941832663732349,2,"NE"
760690,6.339083333333334,"NM",1874,12123,"1874_20201231",0.3599114064230343,3.3267384632517256,120,7.422378499226485,0.22011853211522528,4,"KS"
147404,5.669384615384615,"NM",18761,2260,"18761_20201231",0,2.7160052489090205,26,10.163153576381577,0.8428480708224889,4,"NE"
186592,6.219733333333334,"NM",18780,2943,"18780_20201231",0.32230761996768376,2.687724233232749,30,9.982530036547592,1.1157856841789864,2,"TX"
52947,5.883,"NM",18820,717,"18820_20201231",0,2.721810496787278,9,8.620201161637626,1.4177675846774958,2,"NE"
41097,4.566333333333334,"SM",18838,656,"18838_20201231",0,2.4707685525499663,9,11.403597669115783,1.409670854670624,2,"IA"
458103,4.92583870967742,"NM",18841,7242,"18841_20201231",0.3304658204495779,2.851377964647746,93,6.953499368049683,1.693911824761076,8,"MO"
79663,9.957875,"NM",18855,878,"18855_20201231",2.3437168891714344,1.8134673814485465,8,14.004166828422429,0.7953804304598889,2,"IL"
167729,5.5909666666666675,"SM",18856,2470,"18856_20201231",1.154549885344008,2.5939162748473796,30,16.714390622954177,0.4647958680736246,4,"OK"
315173,6.432102040816327,"SM",18858,3870,"18858_20201231",0.16282492554091482,2.318733130064344,49,9.717677764338914,0.8305457853081193,4,"OH"
114540,4.7725,"NM",18879,1649,"18879_20201231",0.5318079925794233,3.2427034461967477,24,12.320197746827018,0.8978199837959038,8,"MO"
617675,8.34695945945946,"N",18880,6473,"18880_20201231",1.8135940703359092,1.6935214838537498,74,11.587194072780504,0.9529290098745664,7,"WY"
276055,5.208584905660378,"N",18885,4795,"18885_20201231",0.2695682971941285,3.0540369673945857,53,9.762605849576975,1.0919189050868612,4,"MN"
95116,5.284222222222223,"NM",18889,1396,"18889_20201231",1.0508042339422057,2.5336652539170874,18,10.821937350969083,1.4821995712092717,4,"IL"
47655,6.807857142857143,"N",18892,675,"18892_20201231",0.49395554400103986,2.8863789466437852,7,12.164415339632216,0.5900604320225796,2,"TX"
282369,10.458111111111112,"N",18895,1645,"18895_20201231",0,1.0558342037800104,27,8.852036650639572,0.7959758029187237,5,"TX"
1799416,4.061887133182844,"N",18922,27519,"18922_20201231",0.5153591409013156,3.056309320629152,443,10.18277967643567,0.872880419434451,4,"WI"
20203,0.8783913043478261,"NM",18924,4556,"18924_20201231",0.9186725537672696,32.94823146767855,23,11.221240525631252,3.0774269322853143,8,"OK"
131851,8.790066666666666,"NM",18930,1188,"18930_20201231",0,1.7176990552655196,15,8.29908428870142,0.47606640483014406,7,"FL"
28074,4.679,"N",18937,415,"18937_20201231",0,2.5740343259401803,6,13.158593483290975,1.4638278275314764,2,"MN"
46508,4.228000000000001,"NM",18942,840,"18942_20201231",0,3.359083254008933,11,13.265561962938483,0.4439115471919162,7,"TX"
678404,7.141094736842105,"NM",1895,9484,"1895_20201231",0.878745300573425,3.2279585283538053,95,9.048713768034121,0.34366836662774347,4,"MD"
3322054,25.55426153846154,"NM",18983,17706,"18983_20201231",0.0010270251395213652,0.9353525547410224,130,8.118708192089704,1.0689212375354766,4,"CA"
437382,5.085837209302325,"NM",19001,5935,"19001_20201231",1.2401585082126052,2.448687243995792,86,10.01788448725292,1.6140544600378521,4,"MO"
2869245,9.59613712374582,"NM",19008,20631,"19008_20201231",0.873597577146394,1.3710697242454863,299,10.767920083587669,1.0428774612594405,4,"IL"
334762,5.23065625,"NM",1900,4866,"1900_20201231",1.1586145134658619,2.4150848925245283,64,10.362834779328555,1.3249737715199355,2,"MN"
323586,5.3931000000000004,"SM",19011,3301,"19011_20201231",1.5369414864419804,1.8295759229585442,60,21.524630197072685,0.9922101822912536,4,"VA"
254568,4.040761904761905,"N",19024,4227,"19024_20201231",0.12985414487045355,2.8590526438876815,63,8.235330551318876,1.6374762713143514,4,"TX"
106236,9.657818181818183,"NM",1903,1296,"1903_20201231",0.10070763901011105,1.9206617426074428,11,9.970897006137562,1.300676112739859,2,"MN"
101630248,10.344045597964378,"SM",19048,1037661,"19048_20201231",2.2088701481676347,4.375100798685954,9825,8.315093966654832,-1.987822148897763,4,"AL"
507884,7.053944444444444,"SM",1905,6957,"1905_20201231",0.9403952325664053,2.6095611389596334,72,8.340313923227066,0.9312043471987256,2,"MN"
81935,4.551944444444445,"NM",1906,1203,"1906_20201231",0.885216878135143,2.830059291456544,18,9.454268824981916,0.5169539805456502,2,"MN"
392897,7.85794,"N",19070,6439,"19070_20201231",0.1356245435712476,2.3640418447874527,50,12.09304296470501,1.12998056075658,2,"MS"
3606113,15.678752173913045,"N",19080,27758,"19080_20201231",0.027696088800646206,1.3790248442766564,230,9.248617653369308,1.9796967936323104,4,"TX"
78040,5.202666666666667,"NM",19087,2002,"19087_20201231",0.018836530311116692,3.798489597799204,15,11.826341113699971,0.23145392744250023,2,"NE"
161262,10.7508,"NM",1908,1769,"1908_20201231",0.8956703756747824,1.7702736597536666,15,15.251303087894923,1.3471769349579543,2,"MN"
485948,6.479306666666667,"NM",19101,6063,"19101_20201231",1.6079803875533034,2.5389237298028147,75,9.30341704405105,0.7346311126961352,4,"MD"
23141,5.7852500000000004,"NM",19105,245,"19105_20201231",0,1.931792172121767,4,12.257954448520003,0.375371938658732,7,"IL"
1855380,5.656646341463415,"SM",19123,33682,"19123_20201231",0.5288344577555465,2.910595163535384,328,8.73811701606486,1.112867814008907,4,"ND"
81230,4.778235294117647,"NM",19125,1145,"19125_20201231",0,2.4303051999455447,17,18.41038218366014,0.1462216821544,4,"FL"
237382,9.495280000000001,"NM",1913,1741,"1913_20201231",1.2910046130189647,1.313802173587879,25,13.758683652695868,1.1605784560156727,7,"MN"
592807,5.0667264957264955,"NM",19143,9325,"19143_20201231",2.1764642404294925,2.8852216702357554,117,14.24250520489386,1.5908236795797073,4,"LA"
208378,5.343025641025641,"NM",19163,3217,"19163_20201231",0.25187113569801495,3.25668765359653,39,8.169918300816992,1.5999408777448831,4,"GA"
930784,6.8946962962962965,"N",19184,11611,"19184_20201231",0.1957972610921261,2.29171130179642,135,11.351152323892116,1.1208334997694105,7,"WY"
259923,8.384612903225806,"NM",19188,3503,"19188_20201231",0,2.036838586026166,31,10.114003228410008,1.4945211723155696,8,"MN"
138878,5.5551200000000005,"NM",19200,2268,"19200_20201231",0,2.713574071990839,25,8.133186984590054,0.926639033353236,4,"MO"
491353,5.399483516483516,"NM",19212,6344,"19212_20201231",0.7038276787623783,2.540195048964094,91,9.580979527839201,1.716171839222327,4,"MO"
1058546,4.923469767441861,"N",19213,21212,"19213_20201231",0.2928263756551973,3.104908610410759,215,11.111897042180283,1.0940697533884975,4,"NE"
940340,5.56414201183432,"NM",19215,22983,"19215_20201231",0.1703738624428087,4.414375830901969,169,7.919610331500239,1.3009409205774205,4,"TX"
3331005,6.5960495049504955,"SM",19220,39923,"19220_20201231",0.2917037134418962,2.322548607185714,505,8.008569979591787,1.1791798205930963,4,"CO"
5041516,4.932990215264188,"NM",19222,114834,"19222_20201231",1.086871187176444,3.8309170367362664,1022,6.975493802705303,1.4334007779704583,4,"CA"
338041,3.1012935779816515,"N",19226,7123,"19226_20201231",1.2072764652169872,4.038144826643845,109,9.969820399721419,0.8613706482802989,8,"MS"
46660,3.8883333333333336,"N",19230,689,"19230_20201231",0.37710113531512013,2.8523702149745076,12,13.462043029560958,0.4862985916967241,2,"IL"
192550,3.2635593220338985,"NM",19234,5839,"19234_20201231",0.7830896115344208,4.809099716011118,59,8.665572997406299,0.4577220731691369,4,"LA"
459546,3.797900826446281,"N",19254,12116,"19254_20201231",1.6048506191071226,4.203619282573341,121,9.489098052090657,1.6762912733760467,4,"MN"
292040,5.215000000000001,"N",19263,3782,"19263_20201231",2.4477640162617,2.7746759219592745,56,11.351454367868117,1.2172177899318597,4,"OK"
268500,3.7816901408450705,"N",19272,6387,"19272_20201231",6.176906296293981,4.327249099002655,71,9.818725513475009,-0.13726641396715603,4,"TN"
211891,4.815704545454545,"NM",19274,3413,"19274_20201231",1.051693594860521,2.8833285940690923,44,9.524973636276483,0.9574639434788056,2,"NE"
90325,8.211363636363636,"NM",19278,947,"19278_20201231",0.07666425316240044,1.8493142797922686,11,12.068273987254335,0.8601729557937887,7,"TX"
301829,5.295245614035088,"NM",19285,3246,"19285_20201231",0.19441485018391647,2.0297297354007386,57,8.902048634354227,0.8417573179030975,8,"WV"
788354,4.307945355191257,"NM",19288,15542,"19288_20201231",0.9821997913999436,3.345534831139385,183,8.0133753373402,1.1077815508463362,4,"OK"
68379,6.8379,"NM",1929,773,"1929_20201231",0.34904013961605584,2.1579211610364255,10,16.003429743841007,1.1085852207347533,2,"MN"
4565055,8.795867052023121,"N",19300,57555,"19300_20201231",0.5088644487008492,2.232950776465639,519,8.520285442273684,1.5136813266694376,4,"NE"
166727,4.903735294117647,"NM",1931,4402,"1931_20201231",0.6138787220352927,4.686635668592784,34,6.826339208889544,1.26100944851389,4,"MN"
2316954,8.645350746268658,"NM",19333,26764,"19333_20201231",1.9319984446109784,2.217652360805064,268,10.535882008149546,1.147049087531,4,"IL"
101210,5.0605,"NM",1933,1649,"1933_20201231",2.00594944561984,2.6991471120188555,20,9.434722600014105,1.5036587257900318,2,"MN"
227762,4.465921568627451,"NM",19349,2764,"19349_20201231",0.19481944901767095,2.4046416201548677,51,8.56929744224033,1.0554150563857374,2,"MO"
150128,5.560296296296297,"NM",19351,2242,"19351_20201231",0,2.466061857635749,27,9.723561980522485,1.0781134556690684,4,"CO"
81184,5.412266666666667,"NM",19354,1063,"19354_20201231",4.320947625532283,2.229570097162318,15,17.215078472595707,2.023563035553168,4,"LA"
709988,9.102410256410257,"NM",19358,6731,"19358_20201231",0.013422660748136722,1.7248294250882787,78,10.795502051285686,1.2238763219004534,4,"TX"
284811,6.329133333333333,"NM",1936,3207,"1936_20201231",0.09710485687944269,2.2475169126035444,45,12.710353491661087,1.3048472068514365,2,"MO"
1007257,5.192046391752577,"N",19371,15173,"19371_20201231",0.6849667409274552,2.805851866082427,194,11.45638458331907,1.0503091560772884,4,"AR"
137890,4.055588235294118,"NM",1937,1965,"1937_20201231",3.3927454659161977,2.5919947562835772,34,10.978776165122895,0.4433574487114302,7,"MO"
123576,4.261241379310345,"NM",19381,2135,"19381_20201231",1.5204841065590875,4.0267024751194205,29,9.693621702065707,1.0691830497331851,4,"CO"
402351,7.058789473684211,"NM",19396,5583,"19396_20201231",0.14589129402184975,2.1256012755751477,57,9.105115276548247,1.4765586268808704,4,"ND"
516167,5.110564356435644,"NM",19401,9605,"19401_20201231",0,2.828758405604547,101,8.766107323263505,0.990583967896065,4,"TX"
3904185,11.830863636363636,"NM",19416,45067,"19416_20201231",0.4720216188185286,1.7283213133899595,330,12.801963729627616,0.8995273512333554,4,"CA"
157731,7.511,"N",1941,2003,"1941_20201231",0.24291497975708504,1.9543511202511095,21,10.707643606146542,1.3827254031821625,2,"MO"
292487,4.642650793650794,"NM",19420,5108,"19420_20201231",0.3436242133390442,2.966987249737889,63,10.590242283883379,0.9084893319689125,4,"GA"
748353,6.564500000000001,"NM",19434,9832,"19434_20201231",0.8648300506133154,2.4735505219001706,114,9.653558598952557,1.2104010373017327,4,"CA"
208378,2.9349014084507044,"NM",19440,3714,"19440_20201231",0.20273639931481605,3.7695618009322125,71,8.844194495790697,1.7162104306462689,4,"AL"
622421,6.351234693877552,"NM",19448,7274,"19448_20201231",0.8560892219949536,1.8586792980457618,98,10.888291997432036,1.5225935730253033,8,"MS"
3181671,5.401818336162989,"NM",19459,35589,"19459_20201231",0.8583124182704056,2.2082416192475303,589,8.675755992348577,0.9479804234163132,4,"IL"
87341,6.238642857142858,"NM",1945,1218,"1945_20201231",0,2.2984721561741717,14,10.558817232170023,1.0913170184487446,2,"MO"
175233,3.5761836734693877,"NM",1946,3530,"1946_20201231",0.28899580169422756,3.7099938892814177,49,10.016966482769469,1.486503905131094,2,"MO"
60678,6.0678,"NM",19480,1116,"19480_20201231",0.5878737674692034,3.018019455763495,10,10.701917954182205,0.7571646930734502,2,"ND"
753631,4.652043209876543,"N",19482,10510,"19482_20201231",0.3451791461976026,2.6410022488708282,162,8.286250330711368,1.1618974567722475,4,"OH"
1038563,7.017317567567568,"N",19502,12726,"19502_20201231",0.4030747085985967,2.1556380697028574,148,10.200125512894441,0.8034632027409305,4,"TN"
1249736,4.4316879432624114,"NM",19506,27342,"19506_20201231",2.730759848333506,3.7201248600397494,282,8.458987483124988,0.9320006572310042,4,"IL"
864812,8.64812,"NM",19512,7368,"19512_20201231",0.8664810239987164,1.8449024495378232,100,11.739297323881152,0.9881049652597921,4,"MO"
130324,4.072625,"NM",19515,2169,"19515_20201231",0,2.7164535324377934,32,9.427449490151371,0.9385431616971183,2,"NE"
552253,6.5744404761904764,"SI",19525,8382,"19525_20201231",0.8271382970132062,2.712662808357651,84,18.318985861061186,0.9162525350645085,4,"AK"
1843300,6.227364864864865,"SI",19531,26520,"19531_20201231",0.6157108725190035,3.008503319188767,296,11.766255416281485,1.076237602188097,4,"ME"
722304,5.513770992366412,"SI",19532,10646,"19532_20201231",0.5423566718679217,2.755329310951818,131,13.760115528576055,0.6448254958103063,8,"ME"
222112,6.169777777777778,"NM",19540,2917,"19540_20201231",0.007573844988639233,2.2057559821064676,36,8.811343041175276,1.1593477011917563,4,"IA"
230344,4.7988333333333335,"NM",19544,3313,"19544_20201231",0.5526947645006871,2.8584242149504013,48,7.387948476698779,1.591941781521852,4,"MT"
613475,4.75562015503876,"NM",19559,8875,"19559_20201231",0.2922157285393658,2.7423126632672026,129,12.236055503756925,2.1553432051306065,4,"TX"
180769,4.885648648648649,"NM",1956,2786,"1956_20201231",1.2378719400268399,2.5567425768923697,37,11.858336200526812,1.0466961943504542,2,"MO"
2180015,12.674505813953488,"NM",19573,25899,"19573_20201231",1.006392705226617,1.7901725974588802,172,10.18134093172129,1.401249709471907,4,"IL"
8771234,5.88673422818792,"NM",19581,232684,"19581_20201231",0.140097463457968,4.4985691266415575,1490,10.414629972103452,1.4806381895211247,4,"ND"
85024,5.001411764705883,"NM",19589,1341,"19589_20201231",0.012864336384018819,3.0375875205676426,17,8.926448605830911,1.0944703307128636,4,"MN"
232170,4.643400000000001,"NM",19590,3804,"19590_20201231",0.5288280184545744,3.3239651121431186,50,9.867535307352423,1.177790803112053,4,"GA"
67037,7.448555555555556,"NM",19595,721,"19595_20201231",0,2.1410252248157646,9,8.46653758986597,1.5242021880985617,2,"TX"
2291991,4.476544921875,"N",19600,50996,"19600_20201231",1.4403073171675729,4.252716075431747,512,14.571591680220596,0.45151248209511785,4,"MO"
780188,7.157688073394495,"N",19603,8279,"19603_20201231",0.15600106901130956,2.112394012606765,109,11.215842382272193,1.3625839399789905,4,"TX"
1249974,8.012653846153846,"NM",19608,17260,"19608_20201231",0.6314058767535977,2.567709080338762,156,10.292753004377813,1.0334270969464407,4,"WI"
412072,1.6159686274509804,"NM",19628,40324,"19628_20201231",0.14936905934834876,16.488361712575582,255,8.523238196816783,5.997773360661139,5,"IL"
10517055,5.804114238410596,"NM",19629,101261,"19629_20201231",0.26658585248115446,2.1868131556625108,1812,13.108743810611282,1.3464983726254913,4,"TX"
318116,4.0784102564102565,"NM",19638,6536,"19638_20201231",0.8627436704828816,3.104248841604111,78,7.872142403678432,1.9637937845199387,4,"LA"
492976,8.081573770491802,"SM",19644,5078,"19644_20201231",0.008079951116295746,1.766030554072441,61,10.509678594153765,1.4855066223454643,4,"AR"
205185,6.034852941176471,"SM",1964,3024,"1964_20201231",2.7428202646014843,2.5340468456814307,34,11.166393367487244,1.658254209936285,4,"MO"
216123,6.174942857142857,"NM",19674,2125,"19674_20201231",2.018211673384087,2.0534857837078273,35,11.354808906989462,1.2552550589854539,4,"WV"
243557,3.1630779220779224,"NM",19679,6074,"19679_20201231",2.7289489006571106,4.549454969482719,77,8.988278624854901,0.6656051425492815,4,"OK"
51898,5.1898,"NM",19680,1055,"19680_20201231",0.07976955461998671,3.2999929122072635,10,14.999590901652757,0.8776355123431825,4,"GA"
275992,4.24603076923077,"NM",19681,4286,"19681_20201231",0.052217276085792984,3.116493331637487,65,10.563021940195757,1.3208031386196064,5,"WV"
129080,6.146666666666667,"NM",19687,1411,"19687_20201231",0,2.0551231848017206,21,13.00013973636406,1.192619419556857,4,"KS"
151709,3.4479318181818184,"NM",19689,1955,"19689_20201231",0.7742402315484804,3.2053222570312228,44,10.295237004654547,1.1770917666936533,8,"IL"
1234092,7.479345454545455,"NM",19690,24986,"19690_20201231",3.045706561995252,3.2883158774202204,165,15.068843976090529,2.348427674988728,4,"ME"
12084,4.028,"SM",19693,204,"19693_20201231",0.4764832462342454,4.192489974480496,3,6.419437340153452,0.5974804553003605,4,"IL"
270121,2.7284949494949493,"NM",19700,5810,"19700_20201231",0.4584956350952791,3.735162891859625,99,10.288535231234777,1.0472135228855672,4,"TX"
136373,3.409325,"NM",1970,1703,"1970_20201231",3.1720156576092036,2.9205371150967343,40,10.128570384980641,1.0234616981072702,4,"MO"
654178,7.519287356321839,"NM",19716,7018,"19716_20201231",0.4371531892601201,1.9981996419067969,87,11.141088967655618,1.092909688630376,4,"IA"
140468,4.531225806451612,"NM",19720,2640,"19720_20201231",0.2537993143324976,3.1790240147736877,31,14.143945541106268,1.2080441885091198,4,"GA"
130788,5.4495000000000005,"SM",1972,1829,"1972_20201231",0.7334659373446047,2.3659422248210187,24,8.996232262769286,1.0646330537443145,2,"MT"
340627,6.678960784313726,"SM",19742,3903,"19742_20201231",0.02271122471311594,2.1518539001186845,51,11.052154634416016,1.2952756150151308,4,"NE"
160502,3.1470980392156864,"NM",19744,4091,"19744_20201231",1.039287638892453,4.470986153683542,51,11.436111722014514,1.0153524997357575,8,"LA"
182935,9.628157894736843,"NM",19749,1629,"19749_20201231",0.2903878682401713,1.8420504082871876,19,10.10266439819158,1.6279375379512229,2,"KS"
146251,3.2500222222222224,"NM",19755,2398,"19755_20201231",2.256751046748358,3.0712252043932,45,10.590770704340985,-2.830641314165442,4,"LA"
761999,7.7755,"SM",19762,7686,"19762_20201231",0.333155315668847,2.222786032780391,98,9.190729532947282,2.0213721294345834,4,"MO"
1651034,6.424256809338522,"NM",19772,34459,"19772_20201231",0.4562100161323494,3.2825024708887782,257,7.628879875500876,1.7234870423451782,4,"WI"
59823,4.273071428571429,"NM",19774,787,"19774_20201231",0,2.58618547405117,14,9.450206765643006,0.4277767324957666,2,"MO"
686300,6.414018691588786,"SM",19788,10925,"19788_20201231",0.15568020876314528,2.855958919691898,107,9.3459063678722,1.4089168168761266,2,"TX"
952870,9.251165048543688,"SM",1978,13246,"1978_20201231",0.0028605090633441856,2.044314351027967,103,15.84929906542056,3.5290024523633843,4,"MT"
618383,5.521276785714286,"NM",19795,8338,"19795_20201231",0.882122417592168,2.302098012991911,112,7.956802753799573,0.7649376308992109,4,"WI"
77451,5.532214285714287,"NM",19796,860,"19796_20201231",0.13824595211662932,2.084846865353408,14,10.174346688194163,1.6701042980134109,5,"IL"
350936,5.570412698412699,"NM",197,4359,"197_20201231",0.4033159047236001,2.2336813390117025,63,12.092131079472852,1.6553848981496933,2,"IN"
184179,6.1393,"NM",19800,2298,"19800_20201231",1.319662128209423,2.245832694828966,30,11.268538366358202,0.5789106264153514,4,"LA"
82611,4.859470588235294,"NM",19809,1324,"19809_20201231",3.671922088633696,3.110056807541045,17,13.407668280299164,1.253511455147013,2,"NE"
166848,5.214,"NM",1980,2603,"1980_20201231",0.7117711559548313,2.9519202690864255,32,9.126721262464315,1.7236997220449704,4,"MT"
54647,3.4154375,"N",19819,777,"19819_20201231",0.18452380952380953,2.8510308843332735,16,12.928346133970098,0.5026914171861756,7,"GA"
651988,9.449101449275362,"N",19827,6687,"19827_20201231",0,1.6585810077536198,69,11.502412161422983,2.3395723040839784,4,"OR"
41541,3.4617500000000003,"NM",19829,729,"19829_20201231",2.5730659025787963,3.3748107117239177,12,8.249975954602288,0.5155614888021041,8,"OK"
159761,7.607666666666667,"SM",1982,1378,"1982_20201231",26.207153296748753,1.6602227550826836,21,14.691524418162238,0.5308891506183017,2,"MT"
489365,3.9464919354838712,"SM",19836,11407,"19836_20201231",0.8315865515567082,3.7194174761392063,124,23.74633171345076,0.83977968855118,4,"ME"
136835,4.71844827586207,"NM",1983,2230,"1983_20201231",0.44713822241640555,3.009311315192882,29,9.315300084530854,0.8995265329937824,2,"NE"
7224089,15.469141327623126,"NM",19842,107104,"19842_20201231",1.5351519275565282,2.477598504557796,467,11.414348002932286,0.6681308240676312,4,"NY"
912511,4.166716894977169,"NM",19850,21876,"19850_20201231",0.20587533185280563,4.044210590650602,219,11.155889577395781,2.4506263213310406,4,"NE"
63920,12.784,"NM",1986,835,"1986_20201231",0,1.7070611585926407,5,29.064251170645583,0.9420508772442737,2,"NE"
2322706,8.265857651245552,"NM",19899,37316,"19899_20201231",0.2928213685833653,2.3630637975837883,281,10.466705255958713,2.6163816628429926,4,"KS"
340289,7.561977777777778,"NM",19904,3024,"19904_20201231",0.30300044341528304,1.6767991222082588,45,7.788196979055534,1.8799798414105908,7,"NM"
188379,5.091324324324324,"NM",1992,3370,"1992_20201231",2.3102876849349836,2.8110316871067567,37,9.776996372528217,1.1472824525939855,2,"NE"
58583,5.325727272727272,"NM",1993,1092,"1993_20201231",0.10632642211589581,2.7591556318909634,11,14.422864146254277,0.6186861691321772,2,"NE"
6342913,14.318088036117382,"NM",19943,45244,"19943_20201231",0.1363896270448013,1.237503617564061,443,6.4122294007349705,0.7291088570715698,9,"MA"
7662666,11.025418705035971,"NM",19953,80400,"19953_20201231",0.7100626692903541,1.8351517980594887,695,9.038955400089096,0.8642776112965154,4,"NJ"
11010035,19.48678761061947,"NM",19977,107388,"19977_20201231",0.34560673449703694,1.9337063303572413,565,10.230363579710504,0.5471997841433524,4,"NY"
236904,8.460857142857142,"N",19978,2069,"19978_20201231",2.910065885199536,2.2918265232513795,28,8.13097363273743,0.44338664694017266,7,"NJ"
828195,6.322099236641222,"NM",20015,26035,"20015_20201231",0,7.557770816137268,131,10.354198400555303,3.5734886848554575,8,"NJ"
349708,4.483435897435898,"N",20026,8193,"20026_20201231",1.2001869764973911,4.524687773384646,78,6.693524791249353,-3.1279111574805563,4,"FL"
324768,7.552744186046512,"NM",20040,5368,"20040_20201231",1.3487046329993586,3.007678287102992,43,8.148844252142641,0.8033132908740468,4,"IL"
452555,4.114136363636364,"NM",20093,7269,"20093_20201231",1.6489133486236103,2.6877229191357106,110,9.445692274186204,1.507572361520539,2,"OK"
2514833,104.78470833333334,"SI",20099,3095,"20099_20201231",0,1.0703973498603552,24,12.654775656788628,2.091007345265641,4,"TX"
244822,3.7094242424242423,"NM",20100,5968,"20100_20201231",0.15841519920846467,4.710165283742358,66,9.139796302006987,0.8049988938946496,4,"TN"
830237,7.983048076923077,"NM",20130,8622,"20130_20201231",1.5786851885872561,1.6958509014248329,104,10.476744473873117,1.7983314351717232,2,"NE"
923011,8.626271028037383,"NM",20156,10833,"20156_20201231",0.20551563117268196,2.111367216898987,107,10.75543698537501,1.5445625976643123,4,"OK"
762020,6.80375,"NM",20161,12489,"20161_20201231",0.007300033343395541,2.814877969076866,112,9.90813787824016,2.884965099205016,4,"NM"
81527,5.0954375,"NM",20162,1151,"20162_20201231",0.5510915167460713,2.8610002966347206,16,10.677328978304637,0.7734681034506657,4,"MT"
1914858,9.97321875,"NM",20164,28168,"20164_20201231",0.6398959191554708,2.3328297510206415,192,10.331403559675376,1.2955536652989634,4,"CA"
287416,3.5927,"NM",20179,8587,"20179_20201231",0.4900938477580813,10.695151442275575,80,8.81063436021061,0.4609403182492285,4,"MI"
540189,4.5778728813559315,"NM",20198,8207,"20198_20201231",0.3375685686155,2.7536070689783947,118,11.080324756570716,0.8743671595163945,2,"GA"
151491,4.455617647058824,"NM",20215,2085,"20215_20201231",0.2676038749041086,3.2578579121755507,34,9.283535981623034,0.8989084291849258,4,"WV"
314945,6.700957446808511,"NM",20220,4456,"20220_20201231",0.3257859586251832,2.893526426894044,47,13.173261505372022,1.0076635655179111,4,"NJ"
1732310,7.499177489177489,"NM",20231,18852,"20231_20201231",0.0577097731547604,2.3184035081959915,231,9.31320907249732,1.148750741253455,4,"TX"
18513858,21.378588914549653,"N",20234,118024,"20234_20201231",0.8277547620683698,1.605825213123392,866,9.895658909537387,0.7387363730347276,4,"FL"
127602,3.9875625,"SM",20239,1438,"20239_20201231",0.5607867082302278,2.5140443587023746,32,8.2186632303987,0.5471932112790701,8,"KY"
1916506,6.969112727272727,"N",20241,30026,"20241_20201231",0.19646277379982485,2.6556017900498876,275,8.385154332765232,0.5470680996606002,4,"TX"
699706,3.6067319587628868,"NM",20250,14614,"20250_20201231",0.8981370235212764,3.1822144207303125,194,10.019366474737526,1.2396983960129992,4,"IL"
859978,10.117388235294118,"NM",20268,11365,"20268_20201231",0.0016897886074452087,2.1295180070598936,85,9.155405539456158,1.8921028168189413,4,"MN"
301409,2.8981634615384615,"SM",20279,6429,"20279_20201231",1.3213233420972943,3.768056344459283,104,9.022942192253927,1.1208927532564341,2,"OK"
5967069,6.757722536806343,"SM",20296,119407,"20296_20201231",0.7353834797978986,2.9159758722074045,883,11.850539019289043,1.527163711100984,4,"WI"
616157,10.809771929824562,"NM",20310,4442,"20310_20201231",2.9327126534066865,2.6248830733903668,57,8.40624053021046,0.8929715858111774,4,"MT"
556660,7.324473684210526,"NM",20311,7803,"20311_20201231",0.17464374455164888,2.631159921663841,76,8.694022755510264,1.1836350893539629,4,"MT"
478696,4.126689655172414,"NM",20353,8901,"20353_20201231",1.3198975799124473,3.744120213002553,116,12.275735014493243,1.3121135567888411,4,"LA"
3663774,4.904650602409639,"NM",20369,57950,"20369_20201231",0.4666804320076897,2.6071468653575107,747,9.823151780624912,1.1678334215140556,4,"IL"
754129,6.501112068965518,"NM",2036,13044,"2036_20201231",0.38643224027559087,2.984354959331487,116,10.54857308308884,1.2655032986463426,4,"NC"
927306,8.35410810810811,"SM",20387,13094,"20387_20201231",1.7234540226396557,2.4232966021439144,111,10.848991415304893,0.9907996253336724,4,"CA"
164410,3.1617307692307692,"NM",20429,2826,"20429_20201231",0.5845525536307333,3.1806615776081424,52,11.001947576693585,0.9142792389076038,4,"AL"
27846,9.282,"NM",20454,299,"20454_20201231",0,2.0671581658395524,3,8.573591137411409,0.6928180373669902,8,"IL"
298929,5.15394827586207,"NM",20468,4607,"20468_20201231",0.2537568481345938,2.6962376363670555,58,10.614013900275896,1.0470299070801645,2,"AL"
75351,7.5351,"NM",20479,907,"20479_20201231",3.2912533814247067,2.1798303889705077,10,10.9874845275753,1.7584714220303321,2,"MT"
870811,4.656743315508022,"SM",20484,14024,"20484_20201231",0.19041162321854033,3.203314488646352,187,9.40588862618604,1.3552879197677763,4,"VA"
1640007,10.445904458598726,"SM",20488,15531,"20488_20201231",0.0860013208104085,1.8050111078136786,157,9.354021997669333,1.7345750118921217,4,"NE"
20350488,7.619052040434295,"NM",20504,352637,"20504_20201231",0.5417934299998006,3.1367989542392354,2671,10.388322795025259,1.4767961435908694,4,"GA"
307662,7.503951219512196,"NM",20537,3515,"20537_20201231",0,1.8761382766652746,41,10.073982818593866,1.0057019677744816,4,"OK"
417194,4.300969072164949,"NM",20568,6184,"20568_20201231",2.046529542454802,2.915918791899486,97,10.554255365928734,0.6522102209903871,4,"NC"
144655,6.888333333333334,"NM",2057,2064,"2057_20201231",1.4350506199362512,2.1499013806706118,21,9.40824538119615,0.631163708086785,2,"ND"
6383680,6.9538997821350765,"NM",20624,88606,"20624_20201231",1.5445471602698797,2.684459195322084,918,10.722917940577767,0.6839027376498095,4,"IL"
59540,6.615555555555556,"NM",20657,656,"20657_20201231",0.017050713694158913,2.0719596116013936,9,8.681857513700605,2.737593919618238,4,"MT"
352993,4.584324675324675,"NM",20666,6248,"20666_20201231",0.436604132669098,3.386960463436746,77,8.533179598009166,0.6008082484365156,4,"IL"
287105,6.108617021276596,"NM",2068,3518,"2068_20201231",4.6064102815273404,2.6227240502827107,47,17.41541298011776,1.1111303235177148,4,"OH"
350298,3.50298,"NM",20698,6816,"20698_20201231",0.8720548448950646,3.249698908705191,100,10.64484855606804,1.624235608695492,4,"LA"
835446,4.135871287128713,"SM",20720,13117,"20720_20201231",0.4453025128794412,3.0193175181287764,202,9.547710522775178,1.3493677118188199,4,"TN"
1052625,15.0375,"N",20727,10400,"20727_20201231",0,1.6547317240272437,70,8.803052303067792,0.8152353099013919,4,"TX"
1573030,6.368542510121458,"SI",20741,25117,"20741_20201231",1.2391716767808851,2.9234297179650484,247,11.430249595393068,0.3437320261446493,4,"NY"
174692,4.260780487804878,"NM",20761,3160,"20761_20201231",1.3895143659573073,3.5855021429170306,41,9.986083336257003,0.7441026627408625,4,"GA"
44519,8.9038,"NM",20769,534,"20769_20201231",0,2.1755252238890037,5,8.896821741133119,0.5608959315096784,7,"IL"
845556,5.251900621118013,"NM",20776,14309,"20776_20201231",0.5597523054275922,2.9882013831103547,161,8.595590434027905,0.9720255927661314,4,"ND"
1061996,3.7132727272727277,"NM",20818,15823,"20818_20201231",0.8311467227440359,2.510135926456277,286,9.143733213180177,1.566068049354335,4,"TN"
1162005,6.716791907514452,"NM",20845,19531,"20845_20201231",0.04786308591571952,2.83618559629324,173,9.770049352087197,2.479248316234546,4,"TX"
766341,4.9441354838709675,"NM",20856,11601,"20856_20201231",0.9043378657995862,3.434012140901941,155,9.624073313447308,0.6021965398515539,4,"LA"
219876,3.0968450704225354,"NM",20872,4475,"20872_20201231",1.211751143583562,3.9767353219362764,71,6.562653995867825,0.8079581762826394,4,"KY"
2344222,3.907036666666667,"NM",20884,35217,"20884_20201231",1.4195878606849466,4.1663003953169335,600,7.686606363268983,0.5656205347101294,4,"GU"
615294,8.095973684210525,"N",2093,10537,"2093_20201231",0.3170059444267325,2.7597222825759373,76,8.797945842772975,0.46398378439752896,4,"DC"
1281440,6.250926829268293,"N",20954,14145,"20954_20201231",0.027915363225582204,2.1517134752723868,205,10.824838312471407,1.8151330622347774,4,"TN"
961283,8.286922413793103,"NM",20989,9980,"20989_20201231",0.513934908272014,1.831160316911779,116,12.303424425019095,1.8199905353197612,2,"MT"
574432,6.176688172043011,"SM",20993,8479,"20993_20201231",1.2145094696760053,2.4054432791530203,93,8.804503229168867,1.1440277247711397,4,"TN"
1497538,5.895818897637795,"N",2102,17413,"2102_20201231",0.5574856039540687,1.966874831088302,254,8.732163160408776,1.0191579375999433,9,"SC"
2703533,10.43835135135135,"NM",21031,31762,"21031_20201231",0.23479847670539833,2.1236945199495656,259,7.152235780040872,0.6599607673726967,4,"FL"
116283,2.768642857142857,"NM",21050,2041,"21050_20201231",0.8903360961836233,3.0702853664649647,42,14.625277238106701,0.6973038776898565,7,"AL"
623534,4.184791946308724,"NM",21074,9786,"21074_20201231",0.9055537096160606,2.986357920846084,149,9.858977735357218,1.1149500192344128,4,"TX"
240474,4.075830508474577,"N",2107,3444,"2107_20201231",0.8924468769464838,3.004135939297387,59,11.52985842103459,0.48028222341301285,4,"SC"
404433,3.2097857142857142,"NM",21083,8904,"21083_20201231",1.0007637587892197,4.11313935899527,126,9.584830728678217,0.9648596623309968,4,"MS"
60451,3.02255,"NM",21085,1084,"21085_20201231",2.1790517053016307,3.314965517504008,20,11.755592305683697,0.7692395571921995,2,"WI"
227196,5.9788421052631575,"NM",210,2379,"210_20201231",1.2307324650495877,2.4831930228332624,38,11.891803709561206,0.4491178375255657,8,"IN"
566889,5.1071081081081084,"NM",21121,7495,"21121_20201231",1.302341651527479,2.1481148360555666,111,11.401216396104191,2.0007217047686603,2,"KS"
290726,4.845433333333333,"NM",21161,6102,"21161_20201231",0.3975799481417459,3.2690979319678024,60,11.55583493921688,1.2652071556451499,4,"KY"
186719,7.46876,"NM",21163,2327,"21163_20201231",1.2434978679704418,2.8948373826627396,25,10.080527849900918,0.8762811029813548,4,"FL"
75789,2.9149615384615384,"NM",21219,1662,"21219_20201231",1.4976357850452169,4.430207747549461,26,10.592364276833816,0.6847785434262604,8,"KY"
419427,5.6679324324324325,"NM",21227,4868,"21227_20201231",0.12938805811857035,2.3565029958862227,74,14.20496264892882,1.2056646676931804,4,"TN"
492295,5.1280729166666665,"NM",21247,6885,"21247_20201231",0.07242334682153963,2.6553939565390943,96,9.06555090655509,1.1116432298891632,4,"KY"
712386,7.578574468085106,"N",2124,9328,"2124_20201231",0.9356925686536866,2.608434741925816,94,9.106101312152006,1.0343207610065923,4,"GA"
46914,3.608769230769231,"SM",21255,805,"21255_20201231",1.6496623078028454,3.273415498564611,13,10.787891799055387,1.6378451417418485,8,"OK"
2205940,12.255222222222223,"NM",21265,33555,"21265_20201231",0.7088401562988856,2.178926160574986,180,10.823408536099342,0.7129947766677921,5,"FL"
115280,9.606666666666667,"NM",21284,870,"21284_20201231",0.23805200831164638,1.8840451383764747,12,10.643371272559657,0.5184813513965546,8,"FL"
939930,4.89546875,"NM",21292,11464,"21292_20201231",0.5368457765740328,2.336165000359602,192,8.823839477105809,1.2896892244871476,4,"GA"
342970,4.899571428571429,"N",21329,6727,"21329_20201231",0.11877455810023015,3.2494984830147384,70,9.907764344965386,0.37732744100766386,4,"TX"
21640,3.606666666666667,"NM",21342,380,"21342_20201231",0,3.8721333502805364,6,10.590567142664083,-0.7490058649428939,8,"KY"
73922,4.34835294117647,"SM",21379,1033,"21379_20201231",1.1189839299205684,2.998502994011976,17,9.941833347051883,0.811377245508982,4,"AR"
1666019,5.173972049689441,"N",2138,30716,"2138_20201231",1.9806010160074237,3.294701433984942,322,8.317218844249867,0.8893544563711333,4,"GA"
70603,6.418454545454545,"NM",21448,888,"21448_20201231",0.9654413282271195,2.96929046975539,11,14.737808580271594,1.0181752811217595,4,"UT"
111717,4.137666666666667,"NM",21455,1727,"21455_20201231",0.5922308975319683,3.0073792358531737,27,15.487369023385833,0.13921223645938854,7,"TX"
137495,5.97804347826087,"NM",2145,1731,"2145_20201231",0.9124660112947082,2.7079384591621,23,9.51214791877568,1.4593583971836153,8,"GA"
202834,8.818869565217392,"NM",21486,1369,"21486_20201231",0.03960100123286136,1.374705621965711,23,13.212614925989877,1.3233531519632562,4,"IL"
421085,8.959255319148937,"SM",214,4201,"214_20201231",0.48546573604504445,1.778095184817859,47,10.874143966650228,1.183131256466573,2,"IA"
213500,4.357142857142857,"NM",21525,3180,"21525_20201231",0.4695504967256204,2.716344881345447,49,10.29029347768402,1.2170096955970717,8,"MN"
137639,4.30121875,"NM",21526,2027,"21526_20201231",0,2.546861638973135,32,24.921584360638995,1.0611923495721396,7,"GA"
64790,5.890000000000001,"NM",21529,1065,"21529_20201231",0.01635590448151783,2.8704399513637813,11,9.38014177853639,0.37734997113433977,4,"LA"
206573,5.738138888888889,"NM",2154,3323,"2154_20201231",1.8887642085606844,3.370303542242504,36,8.568876622732192,0.739737393225405,8,"GA"
230433,4.8006874999999996,"NM",21557,4003,"21557_20201231",0.8800755429650614,3.6193987240394168,48,9.68071976839681,1.0611108921517207,4,"MT"
133185,4.296290322580645,"N",21567,1943,"21567_20201231",0.24081286628742735,3.174799603302559,31,11.253697166300926,1.225300093945484,8,"TX"
1648084,5.993032727272728,"NM",21573,25367,"21573_20201231",0.32472288685970996,2.692524401791881,275,8.642078829135718,1.4575195246076584,4,"TN"
91132,5.360705882352941,"NM",2157,1218,"2157_20201231",5.356810713621427,2.6380373956721863,17,8.844697615717843,0.4941843809087263,2,"GA"
1860315,10.221510989010989,"SB",21591,18121,"21591_20201231",0.2623802027232303,1.843320124479042,182,8.150661587378284,1.135377903676749,4,"NY"
898499,10.210215909090909,"NM",21606,8360,"21606_20201231",0,1.764985737438245,88,9.749341069901384,2.393588428385261,4,"CA"
182003,5.200085714285715,"N",2160,2072,"2160_20201231",0.43571588761093133,2.7180783030722693,35,15.882111914107732,1.366822880926376,8,"GA"
79373,7.9373000000000005,"NM",21635,784,"21635_20201231",0,2.2193157174877394,10,10.571711421853731,0.2301223678941593,4,"IL"
112029,8.002071428571428,"NM",21692,984,"21692_20201231",0.07822871230798407,1.596142982882516,14,10.231719970147623,1.163561022207125,7,"FL"
176670,14.722500000000002,"NM",21693,1182,"21693_20201231",0.03917152230328551,2.257065387883867,12,18.17394049722235,-0.05964838382335831,4,"TX"
926970,10.299666666666667,"NM",21714,8499,"21714_20201231",0.17329704576065705,1.6525099165940673,90,9.49031913416927,1.4541122680775334,4,"MN"
14413422,14.529659274193548,"NM",21716,116402,"21716_20201231",0.17184489091137323,1.4314257976336608,992,9.57811079684348,1.403602604688753,4,"CA"
148075,8.22638888888889,"NM",21721,1566,"21721_20201231",0.3969485389190587,2.0372050881132027,18,8.677372515874564,0.9344586601453381,4,"IL"
126440,10.536666666666667,"NM",21728,1166,"21728_20201231",0.6595494193824585,1.5930631521066976,12,14.446526037484894,2.099246121405116,2,"ND"
76336,5.089066666666667,"NM",21752,1055,"21752_20201231",0.782199045954194,2.5072745163038612,15,11.390942395314942,1.1102516745857602,2,"OK"
61548,,"SM",21761,0,"21761_20201231",0,-0.0016255827714235554,0,99.18440292445166,0.5608260561411266,7,"MI"
344587,4.25416049382716,"SM",2176,7953,"2176_20201231",0.8125954762726062,3.7008930603027874,81,11.063921038366919,1.3003553300116721,2,"MT"
302883,4.965295081967213,"NM",21784,4751,"21784_20201231",0.023486477209083846,2.976609847739772,61,7.762498052746539,0.700967836305413,4,"GA"
305164,4.843873015873016,"SM",21805,4529,"21805_20201231",0.7410575644589907,2.5355848601791497,63,9.07020461282626,1.1885978895504672,2,"AR"
49283,4.106916666666667,"NM",21807,970,"21807_20201231",1.330900026707024,3.453696544594762,12,10.423019462579047,0.5937709581925441,8,"TX"
7380887,53.4846884057971,"SM",21843,30510,"21843_20201231",0,4.03197191566802,138,18.447202024894064,0.16961639953683233,4,"NY"
766740,9.127857142857144,"N",21848,9249,"21848_20201231",1.9641897200512757,1.88513622038505,84,9.466093712436004,1.6193955511003353,4,"OK"
2866024,4.924439862542955,"N",21868,211267,"21868_20201231",0,21.48818604836474,582,8.922065366084574,3.832997720711643,9,"NY"
187000,5.194444444444445,"NM",21874,2586,"21874_20201231",1.003753239661255,2.89933869409585,36,8.77384418782422,-1.0366448409272282,4,"TN"
511802,4.337305084745763,"SM",21883,8011,"21883_20201231",0.19739894201639593,2.8338064333262474,118,9.61850583480759,0.6344125015110021,4,"VA"
152388,4.915741935483871,"NM",21897,2242,"21897_20201231",0,2.8925636809019593,31,8.967601563378325,0.96669820530972,4,"MO"
789355,3.776818181818182,"NM",21906,15509,"21906_20201231",0.6934712546335037,3.4756369221467387,209,9.98207653925314,1.5693905703147069,4,"MS"
306113,5.466303571428571,"NM",21928,5242,"21928_20201231",0,2.7859061499673823,56,9.393589119619294,1.1922550073263836,4,"ND"
7629234,7.342862367661213,"NM",21943,112122,"21943_20201231",0.5632580232922625,2.5723657371716486,1039,9.760225481224417,0.9508277459423317,4,"CA"
141382,5.236370370370371,"NM",21955,2234,"21955_20201231",0,3.084682264558416,27,11.320973853457412,0.866640988415158,4,"KS"
1952638,7.873540322580646,"NM",21956,32940,"21956_20201231",0.8124565026498757,3.062135013614216,248,9.063618199304914,0.6688431498996847,4,"CA"
537341,13.77797435897436,"NM",21978,3827,"21978_20201231",2.9233526105726155,1.5740977600093096,39,13.186340341777194,1.5083382079179322,4,"OK"
310081,5.850584905660377,"NM",21988,3459,"21988_20201231",3.4449428994673417,2.231100063532617,53,9.354771554780662,0.7407618354078055,2,"IL"
86608,4.558315789473684,"NM",21998,1251,"21998_20201231",1.0099285243822116,3.1981345463442405,19,9.045015228913352,0.3482746051639512,2,"MS"
449857,4.637701030927835,"NM",22015,6979,"22015_20201231",0.4282121231474808,2.9114554685542653,97,10.157238016536473,1.0031226391820662,4,"TN"
385844,4.19395652173913,"SM",22020,8596,"22020_20201231",0.6649274417087885,3.9199280405537524,92,9.366488516005875,1.0011198220623123,4,"TN"
146212,3.7490256410256406,"NM",22034,2220,"22034_20201231",1.3564395244147236,3.3302578776978944,39,7.627807634008543,1.005837422797892,4,"IL"
56966,6.329555555555555,"SM",22039,686,"22039_20201231",0,2.0580535437885765,9,8.5709673948133,2.4899199327358543,2,"MT"
158918,5.297266666666667,"N",22046,2297,"22046_20201231",0.4376728258281905,3.0044246002393855,30,11.568609509866716,1.2930860578022243,4,"LA"
69765,5.366538461538462,"NM",22059,717,"22059_20201231",0,2.711846719557976,13,14.477712774367893,0.9693993843078131,4,"NM"
192226,3.1512459016393444,"NM",2205,4302,"2205_20201231",1.2134255614919522,4.11604307607345,61,9.108132838150599,1.2995305812508628,2,"MT"
437705,9.947840909090909,"NM",22065,5592,"22065_20201231",0.8700107904111742,2.048066101310262,44,11.143105482691476,1.4244295103074878,4,"OK"
136788,5.947304347826088,"NM",22070,2098,"22070_20201231",1.3016360842447798,2.568596964343546,23,14.467677270199877,0.7305958500313879,5,"TN"
380381,4.322511363636364,"NM",22081,5335,"22081_20201231",0.5070775781304111,2.910923548686908,88,8.980940751751964,0.732523094330901,4,"MS"
208102,12.241294117647058,"NM",22086,1878,"22086_20201231",0,1.762462840097476,17,8.338747187149865,2.0273651155166763,4,"NM"
493102,5.136479166666667,"SM",2208,10482,"2208_20201231",0.8603562592440914,3.5783496023056824,96,7.60875994590813,1.5136663863997086,4,"WY"
230023,5.227795454545454,"NM",22090,2607,"22090_20201231",0.6709922129859153,2.2254627866583694,44,10.977125479307153,2.418193808457873,4,"TN"
324956,4.778764705882353,"N",22092,5496,"22092_20201231",0.5490588224401174,3.228434370204864,68,11.550890056313541,1.5138779888641736,4,"GA"
2618593,9.188045614035087,"NM",22134,26133,"22134_20201231",0.23988853005804367,1.780099108393401,285,9.594671194748567,1.7027948172427014,4,"UT"
222639,4.737,"NM",22138,3795,"22138_20201231",0.16641654655948648,2.8245069518092216,47,11.034238392244688,0.793936504538865,8,"GA"
729741,5.4458283582089555,"NM",22139,12585,"22139_20201231",0.17420900684379442,3.0909682651534527,134,9.291270143945509,0.3196993261063073,4,"LA"
1344287,10.929162601626016,"SM",22180,17272,"22180_20201231",0.012696858674784497,2.874699106808134,123,8.277377872199013,0.7163894510522698,4,"MN"
33345,2.223,"NM",22205,892,"22205_20201231",0,6.454891994917408,15,43.92759975816203,-3.537484116899619,4,"GA"
79189,3.299541666666667,"NM",22217,1,"22217_20201231",4.633191828071107,0.034747317507088454,24,8.258364500151623,0.10980152332239952,7,"OK"
54519,3.207,"N",22229,874,"22229_20201231",1.1035734760175808,4.136492535564461,17,8.614587989867383,-1.1561867710359588,7,"AL"
175031,5.147970588235294,"NM",22242,4132,"22242_20201231",0,3.738315569996595,34,8.372859554626578,0.5259382938070327,4,"MN"
699460,5.4221705426356595,"N",2224,8910,"2224_20201231",0.6570422328338332,2.023291757148964,129,8.796644438657426,1.0082965618959812,2,"MT"
1760944,4.974418079096045,"NM",22257,33857,"22257_20201231",0.820945256226116,3.521662665475099,354,9.115153944182184,0.7620084512679431,4,"GA"
66451,4.1531875000000005,"SM",22263,1321,"22263_20201231",0,3.148236195306206,16,9.815670382692884,1.0796782756844565,2,"MN"
340024,3.5792,"N",22271,4496,"22271_20201231",0.10551485291740059,2.422054766828116,95,15.748118807001765,1.1872631097991824,7,"AL"
121898,3.8093125,"NM",22273,1587,"22273_20201231",0.28931030113612366,3.9856186342892967,32,9.037651688494378,-0.4571533519921106,4,"WV"
418768,10.4692,"NM",22282,4154,"22282_20201231",0,1.6815390129269265,40,12.434078747472011,0.8802243273843947,4,"IL"
219023,4.761369565217391,"SM",2228,3650,"2228_20201231",0.20588315675360522,3.237007334191537,46,8.601661730684407,0.6194851762524106,4,"WY"
406481,8.648531914893617,"SM",2229,4457,"2229_20201231",0.1821340506612867,1.8522671583896075,47,11.320597334843184,2.714287790818403,7,"WY"
755491,8.488662921348315,"SM",22308,9126,"22308_20201231",0,2.427619740046803,89,8.728426495783307,1.3610454195167787,4,"MI"
538271,6.258965116279069,"SM",22319,6961,"22319_20201231",0.017032166775483287,2.5923629298826003,86,9.53207960078892,2.0928594187485885,4,"MO"
3085642,7.993891191709845,"SI",22327,40982,"22327_20201231",0.35941209912048955,2.585996342256238,386,10.29965241648033,1.2497483088296357,4,"TX"
1172211,7.32631875,"NM",2232,13392,"2232_20201231",0.43510840790250943,2.175630423118906,160,9.280867847378564,1.5473349244232297,2,"WY"
1356056,7.2130638297872345,"SM",22334,15902,"22334_20201231",0.09962185421828139,2.1068676185239976,188,10.155501254967422,1.3341999177500548,4,"WI"
194582,6.709724137931034,"NM",22340,2815,"22340_20201231",1.7542733842957638,2.333420590746995,29,11.701525992725461,1.6333944135228964,4,"OK"
1612835,5.659070175438597,"SM",22354,16425,"22354_20201231",1.1692283462542266,2.1145016651708928,285,9.642146734596974,1.22528431344772,4,"TN"
50635,2.5317499999999997,"NM",22355,855,"22355_20201231",1.6563090316751992,3.4548997662336633,20,14.84161968221425,0.5159528657212823,4,"KY"
113650,8.117857142857144,"NM",22358,937,"22358_20201231",0.5350370236590211,1.4814954611508482,14,11.768518599619862,0.7850982316417234,2,"AL"
706055,6.990643564356437,"NM",22366,7920,"22366_20201231",0.39099775470109455,2.0152218687374672,101,10.127759458683995,0.9251693602563748,4,"CA"
1084599,5.1402796208530805,"N",22373,21173,"22373_20201231",0.9735805583564948,3.2153760894755403,211,10.628527238614533,1.1146153458612524,4,"TX"
236453,6.7558,"N",22381,2823,"22381_20201231",0.14057647251130606,2.670767164335212,35,9.967427893897614,1.5193371432975304,7,"TX"
553302,4.009434782608696,"NM",22394,6297,"22394_20201231",0.6102464398049654,2.1538746229715784,138,17.166496949647783,2.9363197132194414,8,"MO"
1129950,11.648969072164949,"N",22396,11098,"22396_20201231",0.08830303539988661,1.6424376768150526,97,8.437651612370942,1.8684436758647764,4,"TX"
849228,19.300636363636364,"N",22398,8593,"22398_20201231",0.6004129422345326,1.6513755345699703,44,10.021885606262137,0.3125673276935368,4,"NY"
38750,4.305555555555555,"NM",223,536,"223_20201231",4.629299059859574,2.3319158397954363,9,10.543999589627843,0.7671141499207872,2,"IA"
1421675,6.318555555555555,"NM",2240,20378,"2240_20201231",0.5393851977309435,2.3719085249643115,225,10.213405406175333,2.0162772536231133,4,"NM"
498276,6.73345945945946,"NM",2241,6711,"2241_20201231",0.23413657064360488,2.434828630134912,74,8.414657658433732,2.2659156806750125,4,"NM"
77372,8.59688888888889,"NM",22430,616,"22430_20201231",3.053604641479055,1.4261906651399547,9,12.607916420781152,1.5010146587005566,8,"OK"
256788,6.757578947368422,"N",22434,4416,"22434_20201231",0.29400992408924653,3.0792703740690346,38,9.563281969212602,1.277670963409155,4,"IL"
1288228,4.209895424836602,"NM",22444,38065,"22444_20201231",0.5804944584647158,4.408188891912989,306,12.315148933820774,1.2060445465392287,4,"IL"
179733,5.61665625,"NM",22447,2601,"22447_20201231",4.53906632722717,2.650563132302832,32,9.668097945920854,0.8012215482452827,2,"CO"
73126,3.323909090909091,"NM",22448,1218,"22448_20201231",5.734888557348886,3.2562774572964477,22,12.35874008175042,1.1902255533566326,4,"OK"
289388,3.6173500000000005,"NM",2244,4966,"2244_20201231",1.5664342067113275,3.617272408644027,80,9.840742557068145,1.6634928133889313,8,"NM"
901339,7.83773043478261,"NM",22451,11594,"22451_20201231",0.001636438019909996,2.7943487661871735,115,8.825079386527937,0.802573059119464,4,"TN"
205790,4.899761904761904,"NM",22460,3445,"22460_20201231",4.046400064500524,3.5128488782923526,42,9.496885029261847,0.8570081621311664,4,"CA"
191908,2.6653888888888893,"NM",2247,4439,"2247_20201231",0.01058321049249726,4.420123276623963,72,7.396840932518403,0.9804802533324384,4,"NM"
252729,6.164121951219513,"SM",2249,3046,"2249_20201231",0.6800666937993147,2.3647671133052084,41,9.722756325924246,1.6525685585994294,2,"NM"
83532,4.640666666666666,"SM",22502,1489,"22502_20201231",0.6804002354326074,2.7432168316039234,18,9.191311671826993,0.8933204929270187,4,"MT"
112905,4.704375,"SM",22514,2117,"22514_20201231",0.2488645554656878,3.0058844653534766,24,11.923613589901677,2.0853085971715806,4,"UT"
82919,5.1824375,"NM",22523,436,"22523_20201231",0.6867313689078869,1.3019187834365389,16,13.54209949760133,0.9214794220481064,7,"AL"
206689,4.39763829787234,"NM",22526,3059,"22526_20201231",1.5426530687382645,2.5935585968408406,47,12.618499506698885,1.1312018286786039,6,"TX"
377472,9.67876923076923,"NM",22536,3118,"22536_20201231",0.5897015605753471,1.827306043307153,39,7.697987885330454,0.7691604882291035,4,"IL"
1075067,4.011444029850746,"NM",22537,22146,"22537_20201231",0.2136652207971379,3.6529847814128926,268,8.336006265484148,1.496084029651361,4,"AL"
28620,4.088571428571429,"NM",22543,261,"22543_20201231",3.475409836065574,1.9149498151082938,7,11.264100326448819,0.3614424333416743,7,"IL"
31725,3.965625,"SM",22549,270,"22549_20201231",0,2.2405613887538274,8,27.854181746397316,0.2923899759517458,7,"AL"
357766,6.0638305084745765,"NM",22551,4395,"22551_20201231",0.04600813686763459,2.2533869205417165,59,9.438285250891479,0.8630498671521791,4,"TX"
1881577,5.438083815028902,"NM",22559,30843,"22559_20201231",1.8498098781501084,2.883643855121998,346,8.367787141115473,1.2884853531529743,4,"ND"
94826,5.9266250000000005,"NM",22567,955,"22567_20201231",0.25567974285923006,1.6903750230925547,16,9.729615122805843,1.5425826713467579,8,"MO"
269430,5.857173913043479,"NM",22578,4762,"22578_20201231",0.34727780993313057,2.514862511960597,46,10.521276116376526,2.4768238929585418,4,"UT"
3219575,6.426297405189621,"NM",22597,39322,"22597_20201231",0.31065495267410415,2.5080856541570196,501,10.118588789587896,1.2643182649220146,4,"CA"
99995,5.8820588235294125,"SM",22598,1115,"22598_20201231",1.6987974804351977,2.552979249069166,17,9.259712200888671,0.6541936830872375,8,"IL"
40930,5.847142857142857,"NM",225,454,"225_20201231",0.9696755994358252,2.0089076288819103,7,8.915906788247213,0.7257454758186023,2,"IA"
215817,10.79085,"NM",22600,1635,"22600_20201231",0.6203698126844546,1.550626688745754,20,9.709679936026214,1.6464491297625499,2,"NM"
178001,4.238119047619048,"NM",22601,2620,"22601_20201231",0.32233706551480557,2.9036039556343747,42,7.577698184208737,1.5179296041359824,2,"MO"
126209,3.712029411764706,"N",22621,2091,"22621_20201231",1.420187957814535,3.201859308888756,34,17.487434737773736,1.9308207690932464,4,"AL"
193270,5.6844117647058825,"NM",22636,1900,"22636_20201231",0.04057124310288867,1.8276638641752532,34,9.603844111826758,1.0080811844320077,2,"MO"
163112,5.624551724137931,"SM",22639,2114,"22639_20201231",0.1832182346987149,2.38039331563923,29,11.271435212011998,1.3000153020573353,4,"WY"
3266198,148.46354545454545,"SM",22653,6747,"22653_20201231",5.052274983937854,0.6579524875224083,22,10.149227360361431,1.9666842201716925,9,"UT"
90517,2.9199032258064515,"NM",22657,1753,"22657_20201231",0.03231092340003231,4.321414840445982,31,9.005035710759305,0.2647333443181194,8,"TX"
202806,5.633500000000001,"NM",22669,2408,"22669_20201231",0.07062019013128112,2.4578855360089897,36,7.837196257937859,0.6704875166484495,7,"NV"
162088,7.047304347826087,"NM",226,2290,"226_20201231",0.22398672671249112,2.789929103300742,23,9.586168501793889,1.1628704249688027,2,"IA"
81479376,8.41903037817731,"N",2270,1086869,"2270_20201231",0.7086362367780602,2.296867933219155,9678,8.340735253579746,0.7150206598725886,4,"UT"
251364,4.742716981132076,"SM",22717,4175,"22717_20201231",1.233758775159963,2.862144025448568,53,8.717547763677553,1.2371742579209077,4,"OK"
615054,5.694944444444444,"NM",22738,13609,"22738_20201231",0.9360165955107129,3.493428104436972,108,9.040050923152334,1.0264622444645868,4,"UT"
194302,4.739073170731707,"NM",22739,3394,"22739_20201231",0.6788551498878955,3.307575156696226,41,9.803788367695844,1.1791816362113188,4,"LA"
139174,12.652181818181818,"N",2273,1026,"2273_20201231",0.17373872368860677,1.4682325641272163,11,8.795195796321782,0.9736614395849188,7,"NV"
137319,4.038794117647059,"NM",22756,2593,"22756_20201231",1.4227995703984042,3.3943247871641735,34,12.1627848214153,1.250621474475046,4,"TN"
178536,7.762434782608696,"NM",22811,1965,"22811_20201231",0.4603066549969205,2.287260433158169,23,8.99922097538639,0.24280756612064572,4,"IL"
817978,5.526878378378379,"SM",2281,10810,"2281_20201231",0.33851634742990155,2.384167050811358,148,9.175828269041128,1.1898735559474567,4,"OH"
132111226,10.215048789917265,"N",22826,2488496,"22826_20201231",0.9226463703009286,3.4000374727892293,12933,11.124564007012424,-0.028489291514692143,4,"CA"
59301,3.488294117647059,"NM",22835,927,"22835_20201231",0.6337691326530612,3.083262495137378,17,9.867414584395716,0.3980146094774302,8,"TN"
107994,7.1996,"NM",22838,1057,"22838_20201231",0.11722624665604618,1.826074903222048,15,7.3974757428744695,1.0948413886204797,2,"IL"
70991,8.873875,"NM",22839,412,"22839_20201231",4.876957494407159,1.5354439909656454,8,19.928219308168195,0.39199814331565325,7,"OK"
290687,4.094183098591549,"SM",2284,5163,"2284_20201231",0.38769850577408627,3.2922965932330106,71,9.104009197616698,0.6421687412910865,4,"OH"
92139,3.0713,"NM",22855,1710,"22855_20201231",0.6682725930530733,4.121230910242758,30,9.620658135283364,0.3268678645082155,4,"OK"
26152624,8.770162307176392,"SM",22858,295752,"22858_20201231",0.6429969935036741,2.361356206817397,2982,10.951595826412195,1.2981855091001218,4,"VA"
475887,4.365935779816514,"SM",2285,9492,"2285_20201231",0.04913527795267714,3.3894384419130605,109,7.767840483096704,0.8123335270801986,4,"OH"
361927,8.225613636363637,"NM",22867,4094,"22867_20201231",0,2.8815030933410677,44,6.426744340780388,1.7890651074040693,4,"MO"
251345,7.616515151515151,"NM",2286,3231,"2286_20201231",0.10044429655100166,2.789640277017081,33,10.4035769438761,1.328938609231084,4,"OH"
737678,5.01821768707483,"NM",22874,12224,"22874_20201231",1.2034929325307033,2.80264387618372,147,9.712842821756702,0.5950973437376842,4,"IL"
975463,4.976852040816326,"NM",22876,15234,"22876_20201231",0.4521831352054502,3.2325076073896413,196,8.40298932118505,0.9413137651169535,8,"MO"
148893,2.809301886792453,"SM",22888,3012,"22888_20201231",1.2105098994459875,3.5971273565750854,53,13.228817325952564,0.7545536681565707,8,"VA"
245584,12.2792,"NM",22895,1696,"22895_20201231",0.8761132430671205,1.3004151078768,20,13.129265632118095,1.4917405490356856,2,"MO"
84366,3.51525,"NM",2289,1208,"2289_20201231",3.3685655456417294,3.552771438790572,24,7.988467995036859,0.172537996141194,8,"OH"
1108499,7.59245890410959,"NM",228,13056,"228_20201231",1.9285741725401047,1.9525344576218375,146,10.70125905173157,1.638924899117931,2,"IA"
318145,11.783148148148147,"NM",2290,2489,"2290_20201231",4.4202970351531965,1.4104962158875638,27,24.35614205622159,1.5293097794846808,7,"OH"
2342375,6.006089743589744,"SM",22918,32340,"22918_20201231",0.12633100555815704,2.407998910023409,390,10.64494867998021,1.5141020327529124,4,"VA"
185270,8.822380952380954,"NM",22925,3042,"22925_20201231",0.4992925333810399,2.285826317302101,21,13.111901137851387,0.5770263315606667,4,"OH"
615480,4.427913669064749,"NM",22939,13038,"22939_20201231",0.11941793387713436,3.7524407812317753,139,9.118474617864479,1.2338347948986348,2,"WA"
126948,5.077920000000001,"N",22942,1735,"22942_20201231",0.10852740761826819,2.801326565885079,25,10.878151802411814,1.281730969974297,8,"TX"
7761170,10.88523141654979,"N",22953,111469,"22953_20201231",1.5011116270766305,2.1489469453563474,713,10.067627750637358,0.05938054406806651,4,"FL"
41910,4.656666666666667,"NM",22954,989,"22954_20201231",0.8095051573312443,3.7517769646756522,9,17.539858130146204,0.7034581808766848,5,"WV"
1375929,7.773610169491526,"N",22957,14171,"22957_20201231",0.9685807284428716,2.0699678132334918,177,10.70939749443053,0.7376164211837635,4,"TX"
581045,4.9241101694915255,"NM",22964,9464,"22964_20201231",0.04494162175052203,3.0269251817110034,118,8.185638526190443,1.2950237445505064,4,"TX"
260536,4.202193548387097,"NM",22971,5113,"22971_20201231",2.107386933501271,3.4143368790690936,62,9.117161230583315,0.2937151467518034,4,"IL"
119205,3.9735,"NM",22993,2171,"22993_20201231",0,2.6268181108317203,30,8.795040044731692,1.994241003981463,4,"ID"
538199,4.639646551724137,"SM",23007,9825,"23007_20201231",0.6448164025332256,3.2551222099640515,116,8.321563826374266,0.970307685787272,4,"OR"
89262,4.698,"NM",2300,1209,"2300_20201231",0.37884037884037886,2.9357234717036893,19,11.706988653922563,0.9131566127084618,8,"OH"
94641,9.4641,"NM",2301,1260,"2301_20201231",0.40110938804723845,2.3402938031181404,10,9.251522409219302,1.9114087915798952,2,"OK"
2004023,7.313952554744526,"NM",23030,28602,"23030_20201231",0.29736553009170436,2.578973387253936,274,9.226556518507607,1.1533180878811868,4,"CA"
1166802,4.5578203125000005,"NM",23041,26737,"23041_20201231",0.31296447486863865,3.672387450104301,256,9.46484910851678,1.1389532363520505,4,"WA"
570775,8.781153846153845,"N",23086,8536,"23086_20201231",0,2.2854502577084257,65,13.604808343069482,1.0858545309139913,4,"CA"
45466,3.7888333333333333,"NM",2308,936,"2308_20201231",0.32700620184175905,3.0596954660876277,12,16.559739860262777,0.9757826449766261,2,"OK"
357165,6.614166666666667,"NM",23090,4369,"23090_20201231",1.2856040097754284,2.1280648206268356,54,13.611607522764018,1.5806256857962904,4,"LA"
5174414,6.728756827048114,"NM",23091,73745,"23091_20201231",0.1894659284754569,2.9095871560237665,769,8.776942744430684,1.199454479868787,4,"CO"
76508,5.464857142857142,"NM",23099,1051,"23099_20201231",2.605298391167885,2.442282112560229,14,14.599545937717354,1.5274611856520757,2,"KS"
244425,9.052777777777779,"NM",230,2394,"230_20201231",0.9181264158769662,1.7921065953138562,27,8.468121943002862,1.1245299392536883,4,"IA"
436016,4.274666666666667,"SM",23123,12106,"23123_20201231",1.487816029668264,4.268228645481404,102,7.9491461310649605,0.950146534590684,4,"TN"
69845,4.3653125,"SM",23126,910,"23126_20201231",2.3069087422853376,2.5154047694136485,16,14.504416665453965,0.7490114262147933,8,"MI"
34865,2.905416666666667,"NM",2312,462,"2312_20201231",0,2.6613213042023474,12,18.654818788945708,0.0061963243404012745,7,"OK"
1120018,11.915085106382978,"SM",23137,9303,"23137_20201231",0.43208182823651214,1.625902656808702,94,11.427788358545392,1.6193465977086672,4,"WI"
583717,4.388849624060151,"NM",23144,10484,"23144_20201231",1.0240329541904354,2.868339119555397,133,12.16764391341225,1.0750063939911736,4,"LA"
298871,4.528348484848484,"NM",23152,4064,"23152_20201231",1.0135760469257626,2.642504170582749,66,12.391968616694063,1.196869428320103,4,"AL"
2234518,5.136822988505747,"NM",2315,30916,"2315_20201231",1.9560360167507327,2.9462172429033218,435,8.891394249226119,1.3148462844632625,4,"OK"
13397,2.2328333333333332,"SM",2317,320,"2317_20201231",2.4077046548956664,4.89799655156629,6,8.971537558685446,0.6179715275340647,4,"OK"
267331,4.609155172413794,"NM",23189,4066,"23189_20201231",1.0120241948476105,2.721916456373213,58,8.399306603518058,0.6160894804890535,2,"IA"
220599,4.795630434782609,"NM",2318,6484,"2318_20201231",0.02294988662756006,3.8994376986390673,46,8.603531007857814,0.4210469127753783,4,"OK"
223333,8.58973076923077,"SM",231,2470,"231_20201231",0.6939474910876658,2.0427720217086036,26,7.716489153278951,1.0996622262704467,4,"IA"
162805,3.5392391304347828,"NM",2320,2420,"2320_20201231",1.6792083290382436,3.2060726151117933,46,9.887593941197014,1.261749066697664,4,"OK"
497536,9.387471698113208,"SM",23210,7229,"23210_20201231",0.12994296728122975,4.439548611392351,53,10.321019178125109,1.2250832246620391,4,"CO"
8243884,1.8554769300022507,"N",23220,297451,"23220_20201231",1.072738237727263,6.598719696432632,4443,7.7746573956489335,1.6726203703189864,4,"TX"
121207,5.771761904761905,"NM",23222,1802,"23222_20201231",4.761677712614631,2.5291285843856834,21,13.204944088554694,1.1747366217819017,4,"LA"
82484,9.164888888888889,"NM",23242,862,"23242_20201231",3.910614525139665,2.567821765506757,9,39.82871606393676,1.6693848292849551,4,"CA"
42786,3.8896363636363636,"NM",23244,693,"23244_20201231",0.994727197935754,2.8234985116441957,11,13.605225426158993,0.7709293955135315,2,"IL"
265004,6.309619047619048,"NM",23257,3245,"23257_20201231",3.056338658432899,2.278834258060217,42,10.081230454536515,1.2395702287986525,4,"IL"
469717,5.591869047619047,"NM",2326,8001,"2326_20201231",0.020920438662183426,2.969894128881151,84,10.226432796713922,0.5169858522521023,4,"OK"
80317,10.039625000000001,"SM",23270,510,"23270_20201231",0.009027171787079107,1.6197807455776185,8,7.64441944597134,0.5840217284228599,8,"NE"
1110597,7.02909493670886,"SM",23275,13224,"23275_20201231",0.3568327993504968,2.3279262832668657,158,9.18421567059409,1.4984651672290323,4,"CA"
139799,2.853040816326531,"SM",2327,3157,"2327_20201231",0.6311232163909103,4.06935106468362,49,7.897260322624181,0.5649089663091997,4,"OK"
1222548,5.877634615384616,"SM",23286,25752,"23286_20201231",0.23073442757550452,3.5040244061538615,208,8.177871574154254,0.7246050863502808,4,"MA"
4280740,7.883499079189686,"SI",23287,70522,"23287_20201231",0.4380664470197356,2.7340771269835504,543,10.027434302501703,0.8213351973564762,5,"MA"
74936,4.995733333333334,"NM",2328,1316,"2328_20201231",0,2.762181125671927,15,11.309705605056635,1.0266749297153237,7,"OK"
1710853,8.554265000000001,"SI",23293,20901,"23293_20201231",0.35780716159108417,2.1752718444744508,200,10.302718250093212,0.7794855219343424,9,"MA"
5636898,9.210617647058823,"SI",23296,76198,"23296_20201231",0.5414126259943912,2.1862118188732373,612,11.053014465808292,1.2134700494741804,4,"MA"
1382486,12.021617391304348,"SM",23298,17335,"23298_20201231",0.3343111280878481,2.1593747844523814,115,10.041906420683185,0.20010316296449576,5,"MA"
118237,7.882466666666668,"NM",232,1673,"232_20201231",2.291334212169569,2.3405097654777167,15,20.593944760412764,2.2547319206696326,4,"IA"
80035,5.716785714285714,"NM",2331,1022,"2331_20201231",1.5120887516513601,3.5009474175978825,14,13.440605773781353,2.7450445561936156,4,"OK"
85132,2.5797575757575757,"NM",23373,2092,"23373_20201231",1.9044161791603256,5.519456323936314,33,15.879129885030558,-0.332946298286228,4,"NY"
346246,7.869227272727272,"NM",23376,2781,"23376_20201231",1.0387167297963749,1.6039282972007092,44,10.830922963298622,1.1403816439317098,4,"AL"
137525,3.619078947368421,"N",23404,3346,"23404_20201231",2.0007932660526198,4.7508533275482385,38,8.534075063265924,0.45339122590432435,4,"CO"
229686,7.6562,"N",23430,2193,"23430_20201231",0,1.8040657114995122,30,9.715126387588604,1.2499062335908784,7,"TX"
250668,6.2667,"N",23431,3218,"23431_20201231",1.1153794311901875,2.777817873982252,40,10.489767487575264,1.3704410969302627,4,"TX"
346512,7.700266666666667,"NM",23469,4352,"23469_20201231",0.5283721345008054,2.2368075281869033,45,7.866901461833152,0.9563525333800508,4,"WA"
1397798,1.6048197474167623,"N",23472,96171,"23472_20201231",0,15.396295409212875,871,59.19449521666302,12.862828634518703,9,"CA"
2174836,6.377818181818182,"SM",23473,31460,"23473_20201231",0.4206241967934508,2.4936873215592317,341,8.166042204432623,1.1552321104910022,4,"OK"
4335077,8.118121722846443,"N",23474,54288,"23474_20201231",0.3184233586905849,2.566878015867524,534,8.726632886865634,0.9572063526687541,4,"TX"
5917644,5.260128,"SI",23498,126105,"23498_20201231",2.1282049954168114,3.934720655138344,1125,11.340825971199044,1.3437665292830898,4,"TX"
103062,11.451333333333332,"NM",234,604,"234_20201231",0,0.8117264149467195,9,26.272002622897073,1.8532789835229317,2,"IA"
130270,4.652500000000001,"NM",23523,1965,"23523_20201231",0.7924319675655753,3.152679654136131,28,11.096192273973035,0.5148745189012496,4,"AL"
1138423,8.249442028985507,"SM",23537,18598,"23537_20201231",0.8373404217876113,3.3079745393611644,138,9.598082083361737,1.4324638724821526,9,"WI"
328429,6.196773584905661,"NM",23546,3253,"23546_20201231",1.2939549585144212,1.5463898329911392,53,13.63002248566686,2.4339424965180623,4,"IL"
121144,7.5715,"NM",23551,1121,"23551_20201231",0.8238128545892595,1.5349574173103584,16,14.512170856271142,1.4394646747587923,2,"MO"
279336,5.172888888888889,"N",23597,3985,"23597_20201231",2.1196960812446197,3.238291811591519,54,9.804427584011837,0.9288939469953837,4,"TX"
530026,6.385855421686748,"NM",2359,5899,"2359_20201231",0.05606004653873704,2.52808140772972,83,7.060017424857759,0.6325302925100744,8,"PA"
262220,9.365,"NM",235,2638,"235_20201231",0,1.4802513977027782,28,10.14318776224434,2.2507051781081864,2,"IA"
1736025,8.30633971291866,"SI",23620,25691,"23620_20201231",0.12267440724898322,2.535859726626715,209,12.307969516536561,1.0890239799999055,4,"MA"
12831337,8.849197931034482,"NM",23621,139185,"23621_20201231",0.9554080981768043,6.215135752185546,1450,9.23088536925511,-3.9198542467686184,4,"MA"
2788219,8.058436416184971,"SI",23622,46286,"23622_20201231",0.1380101166386701,2.968612285672308,346,12.18686090346037,1.190620110296118,4,"MA"
5712705,9.380467980295567,"NM",23623,83018,"23623_20201231",0.3111934530777998,2.2013588376991833,609,8.858740033133456,1.2476771292868365,4,"RI"
6158886,5.629694698354662,"NM",23627,105743,"23627_20201231",0.48502241252865286,3.095141160822153,1094,12.107014809358505,1.3806263087330204,4,"KY"
3753249,13.262363957597174,"N",23647,38913,"23647_20201231",0.010063767691646158,3.077842373805504,283,7.172519515575513,0.7176133710490249,9,"TX"
809642,9.754722891566265,"N",23737,11105,"23737_20201231",0.22566024746132224,2.9785934841850965,83,8.959817313064903,0.5190306805394826,4,"OK"
97587,4.647,"NC",23741,3967,"23741_20201231",0,336.07769331633915,21,47.194386453259106,8.807320942259551,7,"MA"
222427,4.835369565217391,"N",23749,5147,"23749_20201231",0,4.431905744326514,46,16.077244930801417,-0.3475760814628852,4,"CA"
288188,6.26495652173913,"SM",23754,5652,"23754_20201231",0,2.931181901401395,46,11.959742876460279,0.36712684472661744,4,"CA"
228948,4.76975,"SM",23764,5004,"23764_20201231",4.126539217095491,3.832242429527251,48,9.412266308350237,1.0500289757130843,4,"CO"
582677,12.397382978723405,"NM",23772,2223,"23772_20201231",0.5974184762349714,1.5532678090598568,47,16.687624586497858,1.640912440999976,5,"TX"
311188,4.939492063492064,"N",23798,3453,"23798_20201231",1.3127506989181963,1.950599993370239,63,12.089878378289969,1.0486762577209092,8,"OK"
1729265,7.116316872427984,"SM",23799,22115,"23799_20201231",0.5965708933615155,2.3390978681207724,243,9.13425474966076,1.6078043781759639,4,"TX"
122378,5.3207826086956524,"NM",2379,1590,"2379_20201231",0.5337743076633245,2.3102045962167845,23,22.462981530124377,1.0017701346426764,7,"TN"
178910,6.626296296296296,"NM",23805,2705,"23805_20201231",0.010684331427960894,2.6144027848284868,27,14.422940047715846,0.4532598448038291,4,"CA"
819476,4.907041916167665,"NM",23806,10225,"23806_20201231",0.16643344603319554,2.105536864335567,167,8.956885376767758,1.5010670378838087,4,"MT"
357532,4.017213483146067,"SM",2380,6365,"2380_20201231",0.45467606443216196,3.295258990385877,89,9.210622598046534,0.7829139783567781,8,"TN"
248248,4.683924528301887,"NM",23815,3262,"23815_20201231",2.1821934358010604,2.5902577653325305,53,9.418680326664287,1.1049287894478166,8,"AL"
1189733,13.996858823529411,"SM",23826,14219,"23826_20201231",0,2.2327270760015185,85,8.409761284850429,0.9807881189855023,4,"WY"
306436,7.857333333333333,"NM",23864,5316,"23864_20201231",0,2.8758325453169262,39,11.420767067373504,0.9517733958823493,4,"CA"
535755,5.58078125,"N",23886,7715,"23886_20201231",0,2.7259114285355537,96,9.117120512578913,0.9273364362009139,4,"TX"
228869,2.8255432098765434,"SM",2391,4539,"2391_20201231",0.6454866364094806,3.03344491246023,81,9.432590583911656,0.9895290976503527,7,"TN"
666667,7.092202127659575,"NM",23966,9318,"23966_20201231",0.06569097742063613,3.691868980648401,94,5.979317539512509,0.013301608747377043,4,"MA"
157305,5.8261111111111115,"SM",23986,2645,"23986_20201231",0.06025944429836094,3.6705353316543685,27,7.5288479262672805,0.9334108240432539,4,"MN"
90270,2.006,"SM",23989,2275,"23989_20201231",0.642962274382214,4.740476627672111,45,13.009413352548926,0.27310909720591964,8,"VA"
1733561,8.581985148514852,"SI",23992,21416,"23992_20201231",1.8154796315566348,2.281731013328924,202,15.169103146251938,0.8041488982618599,4,"MA"
874400,9.715555555555556,"NM",23998,10530,"23998_20201231",3.752502136656021,1.9572901262485336,90,16.991121266896307,0.6481152767231616,4,"CA"
322361,5.1993709677419355,"NM",24015,5294,"24015_20201231",2.35496442589074,3.3658022778115444,62,7.242154651518949,0.0044550658872422825,4,"MD"
41651,0.9916904761904762,"N",24038,5812,"24038_20201231",0,23.132982443225735,42,28.058983732855708,8.147415909939374,5,"TX"
29454911,17.306058166862513,"NM",24045,266120,"24045_20201231",0.47751255183336516,7.31135815077919,1702,9.528027750706864,-4.442080262710872,4,"CA"
93568,7.197538461538461,"NM",24064,764,"24064_20201231",0,1.4821738838797902,13,10.35530596686388,0.677256095845802,7,"TX"
1763328,8.559844660194175,"NM",24074,21253,"24074_20201231",0.6151964847920236,2.102630565268702,206,9.85888383032704,0.9878521498044182,4,"CA"
94534,5.908375,"N",24085,1442,"24085_20201231",0.05801425493121167,2.768934577112216,16,12.043827772271776,0.6013623469360533,7,"TX"
4532395,6.940880551301685,"NM",24156,75499,"24156_20201231",0.5462797412926135,2.7168225882782338,653,10.894371606595126,0.7199915922905433,4,"FL"
6201210,10.33535,"NM",24170,64446,"24170_20201231",1.6984349328742643,1.9635802763142696,600,10.825577713951324,0.8334084174502969,4,"CA"
199178,6.425096774193548,"N",24199,2861,"24199_20201231",0.37373198077949815,2.6728733225303345,31,10.268892861217815,0.6869534240148056,4,"MI"
117420,4.8925,"N",24211,1087,"24211_20201231",0,2.8133566834668406,24,15.113412454749575,1.678199975137778,7,"CA"
112408,5.6204,"NM",24272,1709,"24272_20201231",1.8589463815204563,3.168789647811087,20,8.592831165071381,-0.28531247786804803,4,"TX"
551868,4.971783783783784,"SM",2429,10317,"2429_20201231",0.12911872958397805,3.382050597216097,111,10.086177051266457,1.0834829220420255,4,"VA"
80841,4.254789473684211,"NM",24303,1440,"24303_20201231",0.28566327441528294,3.2454027739977507,19,12.308609819624644,0.9795262328165679,4,"TX"
229718,5.104844444444445,"N",24305,3424,"24305_20201231",0.9292681053682512,2.7237926972909303,45,11.57308564259459,1.2668691347760148,8,"TX"
439042,17.561680000000003,"NM",24332,8472,"24332_20201231",4.46637841452581,1.285922744261404,25,43.96176683957855,3.1359754405800473,4,"CA"
407552,8.67131914893617,"SM",24334,4534,"24334_20201231",0.03766293929110816,2.123111633280421,47,9.256323960482032,0.2810680913980104,4,"WY"
112956,5.945052631578948,"NM",24342,141,"24342_20201231",0,0.20762298529635498,19,8.019303032362679,0.08233325278993386,4,"OK"
2564189,4.076612082670906,"N",24347,38415,"24347_20201231",2.788549072478651,2.684632184678546,629,11.150441631439902,1.0883915207015158,4,"TX"
522888,3.169018181818182,"NM",24353,11415,"24353_20201231",0.4306560713198653,4.08375112743465,165,10.596303500096017,1.3135121519172483,4,"TX"
58182,3.8788,"N",24367,1233,"24367_20201231",0.017918853193395624,3.6514611167296533,15,9.599753589212684,0.5021202604637959,4,"TX"
2900250,9.798141891891891,"N",24387,36945,"24387_20201231",0.8843330229477716,3.913232791038277,296,13.765950907761548,-1.7523823292011516,4,"NY"
767161,5.047111842105264,"SM",2443,11681,"2443_20201231",0.5816489483049687,2.923903149005588,152,11.827329963827491,1.4014469196221828,4,"WV"
93118,3.7247199999999996,"N",24443,1529,"24443_20201231",0.21773754561399974,3.534034183492322,25,8.020834473174522,0.7488954673601493,8,"LA"
104085,5.20425,"NM",2444,1275,"2444_20201231",0.7492753358977631,2.6394401524833198,20,14.200517180507447,1.1398485899466746,8,"WV"
508901,5.192867346938776,"SM",24472,6644,"24472_20201231",0.24508049479672636,2.2827298551677235,98,9.461385066296693,1.0689301633672976,4,"OK"
134102,3.270780487804878,"NM",2448,2357,"2448_20201231",0.5087932750801902,3.6574535337876766,41,12.941781650931977,0.6310619347897362,8,"WV"
178237,4.570179487179487,"NM",24498,2517,"24498_20201231",0.152906811207542,2.7395135454388173,39,8.530662329138487,1.718758389461941,2,"TX"
2189801,20.6585,"NM",24516,20674,"24516_20201231",1.014766937402491,1.4120241511739984,106,8.61498849235692,0.6903229183517325,9,"NY"
217519,4.439163265306123,"NM",2452,2751,"2452_20201231",0.3918340124428142,2.398619335934722,49,8.736994098884313,1.067738830702707,8,"WV"
173359,4.333975000000001,"NM",2453,2633,"2453_20201231",1.41614101573213,3.1483293413982296,40,10.965403781502587,0.6942406872921422,4,"WV"
1073051,10.83889898989899,"NM",24540,9289,"24540_20201231",0.09946158803619184,1.4403489138394425,99,15.689786778326459,1.628935552018202,4,"NH"
235401,5.885025000000001,"SM",2455,2904,"2455_20201231",0.8372154833184446,2.1280297597388604,40,12.25091491896432,0.9533961924208755,2,"WI"
757159,2.051921409214092,"N",24561,61128,"24561_20201231",0.1268724820263984,11.13439668345876,369,13.876736653977343,4.893875996086957,4,"TX"
1634023,7.393769230769231,"SM",24563,19591,"24563_20201231",0.012199397616299215,2.0571764287228524,221,10.87069402148189,1.0505343994331464,4,"TX"
343525,7.467934782608697,"NM",245,4169,"245_20201231",0.00784219845715064,2.6179808443746206,46,8.469319987666326,1.5707266304526055,4,"IA"
445535,5.433353658536586,"N",24603,7568,"24603_20201231",0.9899417271092926,2.964579522656452,82,8.202412365963692,1.1895707410858447,4,"TX"
869419,8.963082474226804,"NM",24655,11202,"24655_20201231",0,1.9791010497549448,97,8.357303420852979,0.9443879171872653,4,"CA"
203760,6.174545454545454,"N",24677,2764,"24677_20201231",19.471152302228045,2.8263659796548324,33,9.275350475775406,1.3991280642389656,4,"OK"
145281,3.228466666666667,"NM",2467,3127,"2467_20201231",1.1842417189284713,3.6675643957862616,45,10.486812160821614,0.8836300043527814,4,"WI"
542519,7.431767123287671,"SM",2468,5467,"2468_20201231",0.2845989798336306,1.9665601302380356,73,9.936591357539346,1.810196305823209,4,"WI"
161598,4.367513513513514,"NM",2469,2678,"2469_20201231",0.5132937907005682,2.9969317919906846,37,12.377515444369685,1.76591824418033,4,"WI"
113839098,30.252218442731863,"SM",24735,948179,"24735_20201231",0.23072629558667013,1.7845692645338962,3763,6.433376528460485,0.9451711981217444,9,"CA"
125633,5.462304347826087,"N",24763,1676,"24763_20201231",0.00814879703383788,2.995338188695522,23,9.986515491227092,0.5358594488776813,5,"TX"
175798,6.511037037037037,"NM",2477,2541,"2477_20201231",0.36902349673246465,2.7687093033627685,27,11.47799190782453,2.834715904022835,4,"WI"
10016735,12.552299498746867,"SM",24811,133229,"24811_20201231",0.33490458076899854,2.4963898884434763,798,8.078352668779292,0.5514864630669645,4,"MA"
838490,8.220490196078432,"NM",24823,10011,"24823_20201231",0.6158965781587566,2.2217103751104554,102,8.371080701985287,0.5848116661879538,4,"FL"
824833,7.2353771929824555,"SM",24829,16825,"24829_20201231",0.054571240956016176,3.8008470973299304,114,13.508760927642388,0.30216506444421715,4,"PA"
242755,7.8308064516129035,"NM",2482,1881,"2482_20201231",0.5394196888186419,1.382366541191446,31,13.794025781290445,1.37577337803791,8,"WI"
132442,4.730071428571429,"NM",24865,2168,"24865_20201231",0.22713321055862495,3.0323619098460766,28,11.3128985173235,1.5222472964338,4,"NM"
165029,11.001933333333334,"NM",24867,2455,"24867_20201231",13.636363636363635,3.165519174228483,15,30.599356982267135,3.935581783954143,7,"DE"
1387224,6.005298701298701,"N",24897,21256,"24897_20201231",1.2208228788580058,2.421782669005551,231,10.574512743185128,1.1831091934285975,4,"TX"
179938,6.426357142857143,"NM",248,3026,"248_20201231",0.4245498682806819,2.5538659190375275,28,9.85254691689008,1.3123532907889128,4,"IA"
66834,5.569500000000001,"N",24902,787,"24902_20201231",1.808190695429399,2.649370794302661,12,10.042346345391106,0.6706865478078722,8,"TX"
822563,4.782343023255814,"SM",24919,18240,"24919_20201231",0.7916578891931746,3.994063818571853,172,7.721744725719837,1.142869881110541,4,"NC"
2261456,9.192910569105692,"NM",24920,26759,"24920_20201231",0.647834079332463,2.416724571485479,246,12.926020396807377,0.3589815843814671,4,"NY"
524139,5.403494845360825,"NM",24922,7066,"24922_20201231",0.04858652864126285,2.231041353907914,97,8.8948432819865,1.064403490543841,2,"UT"
41976,,"NC",24938,0,"24938_20201231",0,29.55754414707743,0,100.43435005217054,17.925839131471708,7,"NY"
442135,4.558092783505154,"NM",24961,3990,"24961_20201231",0.5672145835487095,3.103907392193603,97,16.523585276971307,0.7765129493481961,5,"TX"
137864,2.506618181818182,"SM",24966,2975,"24966_20201231",2.4955127091656535,3.646308871049555,55,9.038934395317614,0.8955700465496853,4,"MT"
196618,7.0220714285714285,"N",2496,2272,"2496_20201231",0,2.616263705287143,28,7.689599395853637,0.4386866414925916,5,"CT"
32808565,7.364436588103255,"SM",24998,479784,"24998_20201231",0.2975926931314287,2.6456176297248306,4455,8.363361341075262,1.2263460280106455,9,"MO"
90165,4.745526315789474,"N",25054,1209,"25054_20201231",0.8998226950354611,2.721279281806705,19,9.666856651132642,0.7504558844157666,2,"WY"
70520,5.876666666666666,"N",25065,925,"25065_20201231",4.426160055299128,2.3231482654027293,12,17.107754571077546,0.2351791884508928,8,"LA"
1974600,13.164000000000001,"NM",25093,20523,"25093_20201231",0.524941001338268,1.7801274224866321,150,9.53346044827211,1.0227572525558142,4,"NY"
3597462,5.509130168453292,"NM",25103,89085,"25103_20201231",0.6424181118359579,4.080843470603856,653,10.417551795579145,1.4321563849662453,4,"TX"
187730,6.055806451612903,"N",25122,2071,"25122_20201231",0.2728247101237455,1.8217420265508169,31,10.524074628984181,0.77911663169516,4,"FL"
589003,4.949605042016807,"NM",25158,11949,"25158_20201231",0.39823638173801734,3.1838986282697728,119,12.398957318518129,0.7135971641675986,4,"HI"
121238,8.082533333333334,"N",25161,998,"25161_20201231",0,1.5230689424863313,15,14.303453756746912,1.7592357806847017,2,"OK"
249720,5.675454545454546,"NM",25173,2844,"25173_20201231",0.04800356597918703,2.2370928979862437,44,8.432921529674696,1.0441700505510898,4,"KY"
24583000,,"N",25178,0,"25178_20201231",2.2104085058757694,0.42399513153825436,0,8.991051359260359,0.9377774674022568,9,"CA"
75566,6.8696363636363635,"NM",251,892,"251_20201231",0,2.229546070442159,11,12.417184336303908,1.3248622444370841,2,"IA"
1029609,7.6836492537313426,"N",25247,34720,"25247_20201231",1.9112293869100196,5.311842113298941,134,14.504142558952559,0.45367736036552436,4,"LA"
542164,15.06011111111111,"N",25249,4538,"25249_20201231",0,1.972585070633983,36,9.512348157309129,1.4979615072770454,4,"CA"
376370,5.0860810810810815,"N",25258,7781,"25258_20201231",0.7927751215724735,3.2490203978765786,74,11.03954527171497,0.5674548965658945,4,"FL"
23167,7.722333333333334,"NM",25260,299,"25260_20201231",5.034550839091807,2.0302436292355086,3,10.220486908589804,0.18502220266431973,7,"IA"
365133,6.08555,"NM",25267,5133,"25267_20201231",0,2.4236386791974494,60,9.706379472892973,0.9254923482094123,4,"IA"
297578,6.073020408163266,"SM",25268,2805,"25268_20201231",0.10757912270960576,2.2273759274159426,49,8.95711990714857,1.1710575948069009,4,"MO"
362349,6.710166666666667,"NM",25291,4842,"25291_20201231",0.2996040945892927,2.312693929790922,54,8.184936744816133,1.088309191976915,2,"NE"
221908,8.534923076923077,"SM",252,2338,"252_20201231",0.11363330733439121,1.7061160827647033,26,15.425019189232609,1.8145556642963583,4,"IA"
124251,6.539526315789474,"SM",25328,1636,"25328_20201231",0,2.524103163619645,19,9.440369702592468,1.6542406088344768,4,"TX"
1867790,19.05908163265306,"NM",253,10505,"253_20201231",0.008446210381994427,1.1571227849677193,98,9.346479406062326,1.6592066493949973,2,"IA"
253252,13.329052631578948,"NM",254,1894,"254_20201231",0,1.1856530662157994,19,10.52978685693323,1.8502568028838484,2,"IA"
52796,3.5197333333333334,"NM",25591,938,"25591_20201231",1.689658514522017,3.0507658487877842,15,15.230006533184737,1.2708235489128932,2,"NE"
803193,0.9516504739336493,"N",25620,115390,"25620_20201231",2.1096000352965647,73.761014862675,844,43.257791357955014,34.452056223614754,3,"NV"
486792,5.3493626373626375,"NM",25621,7610,"25621_20201231",0.007318038632591218,2.50802902884385,91,9.978971282466773,1.1058462767531398,4,"TX"
155983,5.777148148148148,"N",25644,3656,"25644_20201231",0.693902689386163,3.994640053911086,27,10.813498846916513,0.18372877218541156,4,"CA"
455522,10.352772727272727,"SB",25648,5906,"25648_20201231",0.01695128076343546,2.301662913563139,44,9.141359940443387,0.44580133571992225,4,"CA"
547371,7.602374999999999,"N",25665,6007,"25665_20201231",2.325827031137775,1.9553161916125137,72,8.55494849245998,1.9951773745614787,7,"KS"
54071,13.51775,"NM",25668,406,"25668_20201231",0.14552510308028135,1.5586945932781295,4,17.39738262591744,0.789495047897386,2,"IA"
24434,,"NC",25677,0,"25677_20201231",0,32.64610637323884,0,95.9136879171273,7.714348688560722,7,"DE"
1329522,7.511423728813559,"NM",25679,7936,"25679_20201231",1.4544024032615692,1.9268770025959108,177,14.554322574305163,1.9023778768409845,4,"TX"
77154,7.7154,"NM",256,954,"256_20201231",0.05588933910856504,1.9030443397379033,10,16.206127844885685,0.22576241294866964,2,"IA"
154273,5.142433333333333,"NM",25703,1846,"25703_20201231",0.013732805383259711,2.496783956648509,30,13.028763697778242,1.7994374824374386,4,"OK"
318892,9.965375,"NM",25726,4048,"25726_20201231",0.49348810264552534,2.1022627642867473,32,11.44074665203621,2.070264853110389,4,"CA"
314092,5.149049180327869,"N",25738,4287,"25738_20201231",2.648838181058445,2.7521256535823566,61,12.157737771971039,0.180274763605219,4,"OK"
72140,2.8856,"SM",25744,1471,"25744_20201231",0.2857509204476764,4.384886727461742,25,14.153273971115214,0.7893092285501885,4,"KS"
162349,5.411633333333333,"N",25749,2152,"25749_20201231",0,2.9338525838574547,30,20.931331112326585,-0.08256843675970564,4,"NY"
113003,7.533533333333334,"NM",25750,1155,"25750_20201231",0,1.916131369321096,15,11.022469379623374,0.9038186337274986,2,"OK"
237243,6.083153846153846,"NM",25752,1941,"25752_20201231",0,1.7211432319089257,39,11.18023949822633,2.3809294173452304,4,"TX"
389638,7.215518518518519,"NM",25795,5016,"25795_20201231",0.19511629704041417,2.3535651901542067,54,10.312123592563498,1.1200307333159076,4,"GA"
87419,2.649060606060606,"NM",25796,1745,"25796_20201231",2.1836865767501603,4.767713431414842,33,3.0132305063612645,0.29255859849555454,4,"GA"
180754,36.1508,"NM",25803,1030,"25803_20201231",0.0884783875353374,1.933073899601096,5,19.283389419098583,0.906067433264086,7,"CA"
16249,0.7737619047619047,"NC",25824,3934,"25824_20201231",0,111.8818222700699,21,48.09615384615385,25.537945789782096,7,"NY"
285304,7.925111111111112,"SM",25849,3745,"25849_20201231",0,3.624615987337769,36,15.104194650189967,1.1831589933915057,8,"MO"
132716,5.104461538461539,"SM",25851,2142,"25851_20201231",2.6506657808044736,2.757505585515575,26,9.124752960642226,1.0183969491960931,2,"KS"
4012781,6.441060995184591,"SM",25858,54007,"25858_20201231",1.6917234043370237,5.124851040411562,623,10.065416753547138,-1.7443343759982715,4,"KS"
191004,4.7751,"NM",25869,3178,"25869_20201231",0,2.6498165511618423,40,11.651695692025664,0.7005009543295354,4,"CA"
585612,14.6403,"SM",25883,5583,"25883_20201231",0.4571904684332948,1.4944300304642066,40,17.401247953268133,2.2782907581658267,4,"IL"
667998,3.5913870967741937,"NM",25886,11109,"25886_20201231",1.9651850371942534,3.452569013383091,186,9.189708742884346,0.7625305796428912,4,"TX"
367275,4.425000000000001,"N",25894,5866,"25894_20201231",1.7042356462521897,5.369886465257592,83,9.244666281483385,1.1145478638451642,4,"SD"
4604281,7.182965678627145,"NM",258,61454,"258_20201231",0.37040006864991776,2.438294670901866,641,9.26440565703906,1.467314070414342,4,"KY"
410206,,"NC",25927,,"25927_20201231",0,0,,0,0,7,""
131212,5.24848,"NM",26021,1492,"26021_20201231",0.3301482030920488,2.1072366656060293,25,17.728933872738484,0.9202587954904199,8,"AL"
477243,,"NC",26028,,"26028_20201231",0,0,,0,0,4,"NY"
407427,10.185675,"N",2608,4018,"2608_20201231",0,1.8386026197179823,40,10.088342283041746,0.9515482218206923,5,"MA"
99236,5.222947368421053,"N",2616,1787,"2616_20201231",0.9889853039997663,3.4095255550066135,19,10.274670375957525,0.4113742489680781,4,"MA"
632104,5.852814814814815,"N",26181,9511,"26181_20201231",0.5040131277837935,2.3801638931047986,108,9.914948301752787,0.9484120173975534,4,"TX"
357399,2.6872105263157895,"SM",26185,20318,"26185_20201231",0.36855673183812193,8.171227273034612,133,9.405326208739119,3.1410066096368046,2,"NE"
168840,1.608,"SM",26189,25448,"26189_20201231",0,22.16290114693466,105,15.605007111730673,6.255370418799268,7,"PA"
374986,4.746658227848101,"SM",26217,4625,"26217_20201231",0.03261755911932591,2.220636053612499,79,8.930882313127759,1.3145372353081133,2,"KS"
247712,4.95424,"N",26219,3651,"26219_20201231",5.635981268416741,2.5085724598447934,50,13.710599277558163,1.7153313775114056,2,"TX"
1152253,9.0019765625,"N",26223,13736,"26223_20201231",0.15588809225037176,1.8134048321553187,128,12.988212842486066,1.3917460428002715,4,"TX"
111825,3.3886363636363637,"N",26228,2250,"26228_20201231",0.16286644951140067,3.555300443387551,33,9.91496975062712,1.2085288162860484,2,"TX"
3688213,7.120102316602317,"SM",26247,35333,"26247_20201231",0.434797344509459,2.4144337218002203,518,8.783676770302076,1.213779372788719,4,"MO"
60710,2.2485185185185186,"N",26260,1438,"26260_20201231",0.14007782101167315,3.992227755930315,27,9.194730087561123,0.39458065029543815,8,"OK"
201935,9.178863636363637,"NM",26271,2815,"26271_20201231",0,2.152699537091791,22,12.316864493286058,2.0380618027069026,4,"CA"
764500,9.210843373493976,"N",26299,9344,"26299_20201231",0,2.077610641840601,83,9.299121591595803,0.08939756211577056,4,"FL"
154731,3.7739268292682926,"NM",262,2714,"262_20201231",0.5348681961020565,3.440300664932061,41,10.065449761552376,1.0952981681515939,4,"KY"
4382687,33.20217424242424,"SB",26312,17211,"26312_20201231",0,0.7479376091369281,132,7.525359605326373,1.0370896016697313,5,"CA"
475591,2.627574585635359,"N",26323,24947,"26323_20201231",2.283775871423123,7.042195508011321,181,12.285258620324973,2.718102310328122,4,"FL"
751390,5.40568345323741,"NM",26333,11730,"26333_20201231",0.12186862815400717,2.7813985828498784,139,10.324058876823488,2.227865853676547,4,"NY"
1527478,11.57180303030303,"SI",26336,16213,"26336_20201231",0.6443624760027908,1.9165935272386552,132,10.040538403829785,0.778356745044325,4,"MA"
150317,7.1579523809523815,"NM",26340,1578,"26340_20201231",0.047038700021381226,1.807887932259256,21,11.915315643532292,1.2893188986446167,2,"KS"
5098823,27.41302688172043,"N",26342,24763,"26342_20201231",0.824291183896747,1.3884084495732967,186,9.848350041733042,0.839719458825626,5,"GA"
183270,6.3196551724137935,"N",26351,2857,"26351_20201231",5.218150558541042,4.0171000939415995,29,9.464716561485686,0.2473341613102811,4,"TX"
166502,6.660080000000001,"NM",26358,2762,"26358_20201231",0.28304534963508204,2.5913252518389527,25,5.9755677294387475,1.1131612352783293,4,"MO"
337115,7.491444444444444,"NM",26363,4446,"26363_20201231",1.2912140078135415,2.1500578923113647,45,16.097198736702722,0.5719019954018058,4,"CA"
287468,3.638835443037975,"N",26379,5179,"26379_20201231",0.9483514158783886,3.3773936359624868,79,12.800295285970401,0.993394258577662,4,"MS"
1226818,5.95542718446602,"N",26381,18638,"26381_20201231",0.49298965219156554,2.563582185321654,206,9.913914244688625,0.9386983290579475,4,"LA"
124088,13.787555555555556,"NM",26392,2349,"26392_20201231",0,4.602143149397229,9,89.688971590399,1.5032603009800758,7,"DE"
365375,6.893867924528302,"SI",26393,5336,"26393_20201231",0.7329599814258093,2.632254564863748,53,12.978638685263643,0.6174960895777902,5,"MA"
994921,11.054677777777778,"SI",26395,10749,"26395_20201231",0.6407153052974117,1.709600700347053,90,18.939798673538817,1.5304693672075305,4,"MA"
740007,7.32680198019802,"SM",26397,7849,"26397_20201231",0.9404265106956265,1.956035218733947,101,11.07502736956341,0.44145459217984306,5,"MA"
412331,13.301,"N",26398,4351,"26398_20201231",0,1.9200041867212247,31,11.750052411547806,1.1475323148915895,4,"FL"
574896,3.757490196078431,"NM",26403,15044,"26403_20201231",1.776721101717615,4.5024540340320645,153,10.224619766327681,0.6964390921042181,4,"ID"
504646,7.008972222222223,"SI",26411,7234,"26411_20201231",0.0396123024493607,2.4558852663466046,72,9.918467537776303,0.9159387302881171,4,"MA"
52240,3.265,"NM",26416,1128,"26416_20201231",5.414517035296521,3.6796699174793694,16,10.831779748790087,0.5570142535633908,2,"OK"
564774,5.944989473684211,"N",26442,9391,"26442_20201231",0.07713814237032167,2.9168600210178175,95,7.950150899206947,0.49375126577332973,4,"FL"
587624,11.992326530612246,"SI",26444,6313,"26444_20201231",0.3543362186324445,1.8804047246379247,49,12.783185910144216,0.8880348811330593,4,"MA"
139306,8.706625,"SM",26450,1925,"26450_20201231",0.9626970423462479,2.4138990001174205,16,14.4995946828124,0.4117252114325629,8,"MA"
1112730,7.2255194805194805,"SI",26451,17987,"26451_20201231",0.358892513948894,4.094780559147231,154,8.3488798562838,0.021550052928372674,4,"MA"
651519,7.081728260869565,"SI",26455,9194,"26455_20201231",0.5348385305820302,2.504658441924227,92,10.553011276899591,0.6061146127883977,4,"MA"
17223,,"NC",26474,0,"26474_20201231",0,8.396845623061573,0,98.98187382297552,5.601904166566489,7,"CA"
2664111,11.633672489082969,"SM",26483,33262,"26483_20201231",1.1789155471167612,2.0332423244035955,229,12.014205275394652,0.5570178496927539,4,"MA"
1498233,7.722850515463917,"SI",26484,22276,"26484_20201231",0.6673480170106619,2.5336702840123015,194,10.170513181662223,0.8036862999092358,4,"MA"
555316,13.882900000000001,"SM",26487,6670,"26487_20201231",0.9750594729133686,2.103056015953862,40,17.957330928699864,0.8076900801492686,4,"MA"
346175,4.17078313253012,"N",26499,6376,"26499_20201231",0.34782608695652173,3.1525371994486204,83,9.709733001487415,1.2855928406422632,4,"MN"
109810,6.863125,"SI",26512,1495,"26512_20201231",0.6373073388275353,2.625921222363329,16,9.53853583335655,0.3069907902762917,8,"MA"
121866,5.803142857142857,"SM",26513,1521,"26513_20201231",0.41996640268778496,2.2440889847431906,21,8.990312378074595,0.42435498042974684,5,"MA"
266640,6.2009302325581395,"SI",26516,3800,"26516_20201231",0.7305264324615718,2.43505078202884,43,7.990938033914634,0.7846443211082968,5,"MA"
1176201,7.3055962732919255,"SI",26517,14986,"26517_20201231",0.4642713386861005,2.453971291649346,161,8.935387828464599,0.6110869687048371,4,"MA"
52382,8.730333333333332,"NM",26519,479,"26519_20201231",2.364394993045897,1.3650982908741565,6,12.907210128145746,0.8069078909895919,2,"MN"
96532,3.016625,"NM",26520,1757,"26520_20201231",1.7338101174463618,2.9067166490397742,32,10.437431667887356,1.962664635559216,2,"MO"
394605,7.174636363636364,"NM",26522,4448,"26522_20201231",9.514167200557429,1.859535414123127,55,12.878783930962964,1.652025543310773,2,"KS"
1206804,7.638000000000001,"SM",26523,16107,"26523_20201231",1.059449635168771,2.555379980545432,158,9.26324888512803,0.7656764672428978,4,"MA"
380513,4.584493975903615,"NM",26530,8692,"26530_20201231",1.1681910247484018,3.7929255904967,83,10.499228415951485,0.9220703323799078,4,"AK"
318892,5.905407407407408,"SI",26536,4860,"26536_20201231",2.121051494984,2.9815029511991504,54,7.854328534079611,0.5448167141426208,4,"MA"
205916,2.3136629213483144,"NM",26539,2457,"26539_20201231",1.655478438957788,2.4149009093433293,89,14.101442351564472,1.1735561571567403,7,"FM"
224163,5.604075,"N",26542,4262,"26542_20201231",0.2393026465822481,3.0878891457774458,40,9.110894524984376,1.6225790787551895,4,"TX"
893078,5.953853333333333,"N",26543,16952,"26543_20201231",0.5777350350479369,3.2256241665934833,150,9.513958847303346,1.1394628672829095,4,"TX"
182460,10.73294117647059,"SM",26554,1328,"26554_20201231",0.43443245879697373,1.4197264924933128,17,10.680465982378054,0.5831853478621791,5,"MA"
629954,12.114500000000001,"SI",26555,7890,"26555_20201231",0.5211816387087991,2.0192992357482096,52,14.141624707353836,1.3552419274580392,4,"MA"
658393,8.029182926829268,"SI",26559,10039,"26559_20201231",2.047853073052298,2.6948491128528302,82,9.778260595566412,0.43493208974057596,4,"MA"
386966,5.229270270270271,"NM",26564,6304,"26564_20201231",0.34591588909677967,2.906121583347396,74,8.136413297955361,1.7217238218164073,2,"LA"
89168,8.9168,"SI",26567,1215,"26567_20201231",0.5330674387835325,2.2890059582286635,10,24.089717123249457,0.39890022219731386,5,"MA"
135924,8.49525,"SI",26576,1633,"26576_20201231",0,2.2786111441950267,16,12.473143684058977,0.30715803594375873,5,"MA"
84627,4.701499999999999,"NM",26588,1304,"26588_20201231",0.9628015763673065,3.320954421711645,18,10.451096865259071,0.6952017101707884,4,"SC"
573495,7.6466,"SM",26590,8003,"26590_20201231",0.3183109374055644,2.2655990324608153,75,11.987782063627964,0.5883171162141164,4,"MA"
929336,7.1487384615384615,"SM",26591,14282,"26591_20201231",0.46206699112510735,2.760051646660164,130,9.625182367454189,0.5660834803985137,4,"MA"
289492,6.293304347826087,"SM",26602,4080,"26602_20201231",0.7190554728669697,2.9179789218587504,46,7.642867959612749,0.44259821737210897,4,"MA"
17104484,11.952819007686932,"NM",26610,163978,"26610_20201231",0.827474884684112,1.650116942515558,1431,11.328687531910136,0.7605496177297913,4,"CA"
649197,8.217683544303798,"SM",26620,9620,"26620_20201231",0.24950876043884068,2.5127358719193476,79,9.0438866844781,0.740746882039168,4,"MA"
17049,1.549909090909091,"NC",26622,3347,"26622_20201231",0,58.04053971993831,11,84.72778694320057,7.95491808256112,7,"NY"
1061503,28.689270270270267,"SM",26626,5646,"26626_20201231",0.3746019853905226,1.1981934683205826,37,9.353002357907803,3.437281100368608,4,"TX"
674374,6.021196428571429,"NM",26627,10086,"26627_20201231",0.5138989911767496,2.914611744315976,112,7.765330206682605,1.2726155676451367,4,"TX"
379814,6.126032258064517,"N",26633,9722,"26633_20201231",0,4.682522921574785,62,15.101100371873175,-0.4609482457704921,4,"NY"
659783,7.018968085106383,"SI",26634,10165,"26634_20201231",0.030078091637919187,2.581067167267487,94,11.23855250288966,1.004068628184225,4,"MA"
4763131,8.836977736549166,"SI",26647,64805,"26647_20201231",0.7203377262231795,2.4559330724938646,539,9.594434880468233,1.4216572615339742,4,"PA"
75081,5.0054,"NM",26653,1069,"26653_20201231",0.7779851236628381,2.775156569955429,15,10.484551973728303,0.9477139290832601,8,"TX"
38396,3.4905454545454546,"NM",26658,667,"26658_20201231",0.012884384126438756,4.070890294240163,11,11.902751119641716,1.5039302349485255,4,"TX"
192608,3.2101333333333333,"SM",26677,6405,"26677_20201231",0.8827920610352431,13.779518859277342,60,14.770024847767433,-4.4884311085929856,4,"OK"
120307,3.2515405405405406,"NM",26687,2164,"26687_20201231",0.050492299924261554,3.6755587218660124,37,10.257244925213675,0.4687898537340475,4,"FL"
286183,15.899055555555556,"NM",26689,853,"26689_20201231",0.4715722039327342,0.47481931546939826,18,43.565463976288186,2.5776896658645487,4,"WI"
369310,5.4310294117647056,"NM",26703,5598,"26703_20201231",0.12792784501403526,3.559490298582487,68,12.616609200212766,1.2840783424879132,4,"KY"
322671,3.7519883720930234,"NM",26704,5842,"26704_20201231",0.11936174992372248,3.4272373959599567,86,13.335417450739964,1.0159420041726082,6,"CA"
91050,3.7937499999999997,"NM",26708,2070,"26708_20201231",0.23959409940806164,4.992275203402924,24,5.224421978844894,-1.718014827596585,4,"TX"
732325,6.36804347826087,"NM",26725,11193,"26725_20201231",0.4274509485842208,2.9497527370635392,115,9.385662920036527,0.5563307666090535,8,"FL"
137087,2.79769387755102,"NM",26727,3509,"26727_20201231",0.00930882010705143,4.512739146431199,49,11.420242572537648,0.7257749264164827,4,"TX"
358211,2.0237909604519775,"NC",26732,43671,"26732_20201231",0,58.224908747808136,177,73.98868705893716,5.308177684665243,7,"CA"
117360,5.334545454545455,"NM",26738,1317,"26738_20201231",0,2.539069484676179,22,10.295322927830966,0.9780781747308944,4,"TX"
25454,2.5454,"NM",26755,661,"26755_20201231",0.1384794067720897,4.727101534282098,10,16.54930962589985,0.35115611397524155,6,"MN"
563152,7.508693333333334,"NM",26760,6073,"26760_20201231",0.27431009149103136,1.9252412529137182,75,8.43971479424595,0.7821813889762098,2,"IA"
258189,6.297292682926829,"N",26790,5099,"26790_20201231",0.8118941469998774,4.618593059979577,41,14.423400056871547,-1.6750694881210817,4,"NJ"
129341,10.778416666666667,"NM",26798,1948,"26798_20201231",0.5018685554403334,2.1149218368192813,12,14.08489759449113,0.9673737542453092,4,"UT"
433518,5.22310843373494,"NM",26799,6198,"26799_20201231",3.4735903853807266,2.288778478121949,83,23.548588034834374,2.381879679127442,4,"AL"
237227,3.826241935483871,"NM",267,3862,"267_20201231",0.6194419383941229,3.2661147591906325,62,17.064783543137857,2.1044181493762144,8,"KY"
12014,0.5720952380952381,"NM",26816,1478,"26816_20201231",0,20.327252282817316,21,17.88731086976701,-9.383300052344854,6,"UT"
221191,4.608145833333333,"N",26829,5044,"26829_20201231",0.6987546280713565,3.6175128742339093,48,11.284838661599226,0.7518944214916489,4,"FL"
69075,5.313461538461539,"N",2682,826,"2682_20201231",0.8175872093023256,2.892953283941206,13,10.578514818124551,0.6387426447816662,8,"KY"
118733,6.249105263157895,"NM",26847,1502,"26847_20201231",2.727110157367668,2.3904360996275553,19,8.459315945650477,1.2118370155571485,4,"MD"
1563078,4.40303661971831,"NM",26856,21635,"26856_20201231",0.1336298075622569,2.4440948931581974,355,11.799123601479442,1.3627841550311977,4,"TX"
169047,7.6839545454545455,"SM",26871,2900,"26871_20201231",0,3.5543397077179053,22,11.236199883788494,0.3413274488984948,4,"VA"
9624044,38.496176,"N",26876,68313,"26876_20201231",0,1.4320229276770136,250,8.31088846645653,0.867275518532005,9,"NY"
149671,5.54337037037037,"N",26881,3240,"26881_20201231",1.9752123103723596,3.9310943083197367,27,9.490514626497353,-0.03271005415476566,4,"CA"
277058,5.894851063829787,"SM",26891,6448,"26891_20201231",0.0009026166857720531,4.431346432231745,47,12.188083838223392,2.3014129104040135,5,"MN"
1513222,5.404364285714285,"SM",26906,22077,"26906_20201231",0.3204331044901429,2.8776692272917104,280,8.427940010484,1.096448818060432,4,"TX"
532248,7.003263157894738,"NM",26912,8774,"26912_20201231",0.34634732404746993,2.5776097906800377,76,10.192742371142666,1.317248838996686,4,"SC"
631865,4.646066176470589,"N",2691,9435,"2691_20201231",1.215926923300463,3.1662401371440727,136,9.135656908418168,0.6749122222017652,4,"KY"
452898,5.959184210526316,"SI",26922,7870,"26922_20201231",0.6843082786047283,2.98067729136137,76,9.532128094500605,0.41003793948472195,4,"MA"
41234,5.15425,"NM",26941,470,"26941_20201231",1.2060633596299202,2.934047365835488,8,9.228991249793628,1.3334125103244996,2,"MT"
253201,6.663184210526316,"SM",26944,3719,"26944_20201231",1.2233653142218626,2.666449110614765,38,9.15049682121137,1.6728783914393912,2,"IA"
344437,5.555435483870968,"NM",26955,5678,"26955_20201231",0,2.68071279852109,62,14.026193618324928,1.598889562413796,4,"TN"
308770,3.250210526315789,"N",2695,5213,"2695_20201231",0.89512413014858,2.890586784826493,95,11.000184939222246,1.4764018845309983,8,"KY"
647684,8.635786666666666,"NM",26960,8154,"26960_20201231",0.20962789770975987,2.6938259508283497,75,11.099658221667662,1.6079426218122708,4,"MO"
3355389,6.236782527881041,"NM",26962,46390,"26962_20201231",0.10176103842397699,2.54824357396835,538,11.063278231553575,1.2843978791184807,4,"TN"
554239,3.9588500000000004,"NM",26967,16406,"26967_20201231",0.8268872793992394,4.351258889509818,140,10.947283678215754,3.404987459814545,5,"TX"
1025271,5.312284974093264,"N",2700,13943,"2700_20201231",1.6657046515622558,2.8774250815050335,193,8.832492596609613,1.1922112883327385,4,"KY"
21690,1.5492857142857144,"NM",27010,950,"27010_20201231",0,8.62060825803284,14,6.759314834479893,-6.727473585814236,7,"CO"
264532,6.012090909090909,"SB",27015,7764,"27015_20201231",0.2720396030442527,6.075926038231589,44,9.143562787546308,-2.7172136667183855,4,"MA"
198499,6.616633333333334,"N",27026,3205,"27026_20201231",0.7279344858962694,3.178040968003009,30,8.367221881789314,0.6087065555644214,4,"CO"
162738,5.4246,"SM",27043,2503,"27043_20201231",0.2330921235736154,2.6086717562046737,30,13.74746801047379,0.9415296356103652,4,"TX"
611673,9.557390625,"SM",27045,6288,"27045_20201231",0.04637364320864206,2.1603529362862526,64,9.800101626990594,1.1580675083143068,4,"FL"
1717718,3.8687342342342346,"N",27046,24841,"27046_20201231",0.9793228284328515,3.0497142865531646,444,8.072910291748878,0.7727215158367207,4,"KS"
1799200,21.167058823529413,"N",27052,12444,"27052_20201231",0.7075835059434187,1.5875752184454042,85,8.748168026477176,0.4851581594302713,4,"IL"
51316,3.9473846153846157,"NM",27053,750,"27053_20201231",0.228029643853701,2.731878264687729,13,10.44560528711069,0.8823200460629056,4,"WI"
3551686,15.37526406926407,"NM",27054,44206,"27054_20201231",0,2.5031760977711133,231,9.836547125956159,0.34979483719198656,9,"NJ"
976977,13.02636,"NM",27074,7929,"27074_20201231",1.1092385670586289,1.4433749813128212,75,16.728669619451477,3.400038899621021,4,"TX"
473998,7.292276923076923,"NM",27086,6167,"27086_20201231",0.09467953607027325,2.885051777959522,65,9.050218479958133,2.1312476242037484,4,"FL"
168960,4.693333333333333,"N",2708,2160,"2708_20201231",1.0853611432985708,2.8482661346684117,36,10.319035078225525,0.7878318106153983,4,"KY"
65954,0.23555000000000004,"NC",27102,40940,"27102_20201231",0,96.22596045240283,280,81.87180941576858,27.171277541000887,7,"WI"
360470,4.191511627906977,"NM",2710,5153,"2710_20201231",2.0364524261885326,3.2575808397395303,86,9.155694996918594,0.994329648988558,4,"KY"
262437,3.9169701492537317,"NM",27118,4359,"27118_20201231",0.038558059287917605,3.4036807022513647,67,8.261282966568093,1.3494807583855934,8,"AL"
431578,9.182510638297874,"NM",27119,6711,"27119_20201231",0,2.3037697416150458,47,11.569932433986303,0.8231486132038619,4,"MA"
2076041,9.22684888888889,"NM",2711,18470,"2711_20201231",0.8755089218492049,1.7099760671535347,225,9.06627222140297,1.5830766754805374,4,"KY"
1091479,9.020487603305785,"SM",27132,10753,"27132_20201231",1.8352647754173244,2.0096245366907755,121,11.165628240319958,0.8370544855309152,4,"CA"
115746,2.9678461538461542,"SB",27153,2041,"27153_20201231",0.8680666368800664,3.5638958212182144,39,10.51704860591441,0.8996330372231145,8,"GA"
737458,5.382905109489051,"SM",2718,7902,"2718_20201231",1.2943730065647372,2.4287315053041985,137,10.516190632694057,0.7019718380394186,4,"KY"
73443,3.67215,"NM",27201,1260,"27201_20201231",3.0957103410726092,3.1593228400934015,20,7.5710577115090185,0.90942013318343,2,"OK"
407177,9.694690476190477,"NM",27205,4277,"27205_20201231",0.0745106358758363,2.361741815494587,42,8.471857357053935,1.5598429717783253,4,"FL"
5108793,5.400415433403805,"SM",2720,58899,"2720_20201231",0.742899311524625,2.3127437169063905,946,12.133276167083059,1.2447056008071902,4,"KY"
3519638,6.955806324110672,"SM",27210,36601,"27210_20201231",1.0821908322472231,1.877823475549303,506,11.273541932021415,1.8961674278980287,4,"OK"
809639,1.8916799065420562,"NM",27211,65747,"27211_20201231",8.8732456133227,12.479735073707516,428,14.01975997548543,5.3472122999242835,4,"TN"
97355,3.8942,"SM",27219,1830,"27219_20201231",0,1.1577279050296618,25,16.049844362695556,0.37057066253147813,4,"KY"
366547,4.581837500000001,"NM",27233,5541,"27233_20201231",0.8286048815635414,2.690365837409826,80,8.666475577062503,1.32109275367836,4,"AL"
2595550,5.59385775862069,"NM",27235,38063,"27235_20201231",0.4463728996873059,2.876174685555335,464,9.092360434561316,1.03564769689244,4,"IN"
9727577,10.018101956745623,"NM",27237,91851,"27237_20201231",0.557643235151376,1.918869973995999,971,10.32050329363938,1.051588294646672,4,"MO"
752219,14.192811320754718,"SI",27238,7740,"27238_20201231",1.143976981233968,1.5974848076549906,53,12.4211493067584,0.37836969665741005,5,"MA"
123501,5.145875,"N",2723,1450,"2723_20201231",0,2.5718882031279353,24,14.192645060330273,0.8803508424385462,4,"KY"
211721,10.081952380952382,"NM",27254,1691,"27254_20201231",0.45494101188574704,3.46869191542091,21,9.695597077300548,1.431263602713394,4,"GA"
546901,4.340484126984127,"N",2725,6298,"2725_20201231",0.597631286215947,2.5814198286803545,126,8.677447015712241,1.4826044790261628,8,"KY"
755826,9.447825,"NM",27267,8027,"27267_20201231",0.29139654032273016,1.7807367889318124,80,12.67125431793621,1.6795395020254833,4,"NY"
390480,5.659130434782609,"SI",27269,6462,"27269_20201231",0.21547004259948713,3.2503959782761958,69,8.527984488278316,0.7080151928374429,5,"MA"
815782,14.065206896551725,"N",27290,3863,"27290_20201231",0.20463667956458045,1.523626727626113,58,8.920317247049622,1.3308820159748973,4,"NY"
85303000,9.511931311329171,"SB",27314,1146000,"27314_20201231",1.4513788098693758,4.578443537150898,8968,13.570198599471933,1.6509199633077551,3,"UT"
5586115,26.103341121495326,"SM",27330,35422,"27330_20201231",0.3036499739446342,1.896910397929396,214,8.223091536395184,0.9610687888464367,9,"CA"
5056197,10.468316770186336,"NM",27332,54346,"27332_20201231",0.4764495062829972,2.721892142141489,483,7.433749414100717,0.17677800942356928,4,"PA"
62863459,10.583073905723905,"N",27334,659849,"27334_20201231",0.7509621324995166,2.5584848382925065,5940,8.657838170268176,0.39769993051515273,4,"CT"
74198,4.946533333333334,"SM",2733,709,"2733_20201231",1.2547691977000377,1.6976368246622298,15,11.078658610109997,1.3516216756864887,8,"KY"
234870,5.592142857142857,"SM",27351,4397,"27351_20201231",0.07370431170223458,5.716596254932307,42,12.640210648380249,0.9351714082546058,4,"KS"
143985,4.234852941176471,"N",2735,2140,"2735_20201231",0.1541570710156507,3.2682337582437366,34,9.785874754282505,0.75403464807965,4,"KY"
763186,5.611661764705882,"NM",27362,12768,"27362_20201231",0.3430104893921568,2.6611358341648383,136,10.834900582368125,1.4011454507816512,4,"IL"
822233,6.4236953125000005,"NM",27381,8665,"27381_20201231",0.02016946886309916,1.7384800851457753,128,10.295465169481123,1.314843241292563,4,"AL"
98425,9.8425,"SI",27385,1941,"27385_20201231",0.2845484806184903,2.909294055714915,10,15.673841649190837,1.2537467367131854,4,"PA"
22031369,,"N",27389,0,"27389_20201231",0.2124392534031042,0.4846086937377596,0,8.582811436228964,1.8292925742353787,9,"NV"
568730,4.2761654135338345,"N",2738,8354,"2738_20201231",0.32332845290385553,2.9454600550524823,133,10.428005894356609,0.8264396905635811,8,"KY"
623901,3.758439759036145,"NM",27394,11102,"27394_20201231",3.969709674038361,3.051098687466908,166,15.421700126117408,1.920662808642999,4,"OK"
157132,4.246810810810811,"NM",27398,2489,"27398_20201231",0.24716212936915236,3.2646268083472028,37,9.93587850387551,1.521776717212179,4,"TX"
4014324,7.617313092979127,"NM",27408,61580,"27408_20201231",1.237707901585795,2.486734477192898,527,9.273314164680082,0.8926060934572927,4,"MA"
257068,6.426699999999999,"NM",27409,4961,"27409_20201231",1.0793168035903047,3.4804759488261534,40,7.133366323902448,0.5767407387623195,4,"MO"
791430,4.3012500000000005,"N",2740,16207,"2740_20201231",0.9499917749629874,3.640479538832777,184,8.22972399767961,0.8905680552968395,4,"KY"
377077,3.6257403846153844,"SB",27417,7273,"27417_20201231",1.994798160150261,4.251522531114049,104,9.990902523211945,1.6098242014987034,6,"RI"
132754617,438.1340495049505,"N",27471,103935,"27471_20201231",0.4569260540737386,10.01826396982106,303,10.91864252609215,3.915734065129592,3,"UT"
8195430,4.295298742138365,"NM",27476,140090,"27476_20201231",0.7212305662492192,2.7551812818070167,1908,9.48159803998163,1.1296644632556803,4,"OK"
11146,1.0132727272727273,"NC",27479,1348,"27479_20201231",0,21.278590176227972,11,96.9612560141808,6.889763779527559,7,"MA"
254536,6.060380952380952,"NM",27496,2509,"27496_20201231",1.1939445872607826,2.4862943995798044,42,10.303258095784456,0.7094905127700085,8,"SC"
10125921,21.636583333333334,"NM",27499,78430,"27499_20201231",2.9014914269591765,9.083161292313363,468,18.984546759272146,2.904414222473894,3,"DE"
673236,7.828325581395348,"NM",27503,9336,"27503_20201231",0.21680418246239996,2.191162034075147,86,17.970228738250295,0.10222191673143659,4,"NY"
107034,3.8226428571428572,"NM",27506,1657,"27506_20201231",0.05135447425856978,3.328344475539961,28,8.939737323539852,0.7712366894856003,4,"OH"
370466,3.398770642201835,"N",2750,5408,"2750_20201231",0.39115154021087445,2.5923104354695057,109,12.380874829420057,1.0584145272444392,8,"KY"
875053,5.46908125,"NM",27510,11640,"27510_20201231",0.593607305936073,2.1327196608693195,160,13.777901044104308,1.3858049920644122,4,"AL"
141333,5.047607142857143,"N",2753,1866,"2753_20201231",0.9921322183185709,2.333897308518425,28,10.690239870593327,0.7769658135042058,7,"KY"
113819,4.377653846153846,"N",2754,1643,"2754_20201231",1.714689108101581,2.888160130877635,26,11.376320465768348,0.7582237394997218,4,"KY"
1806352,8.520528301886793,"NM",27552,26681,"27552_20201231",1.2054762321248962,2.4140391268253643,212,9.401224595220128,1.0731715611690902,4,"NJ"
197823,11.63664705882353,"NM",27556,2291,"27556_20201231",0,2.7544897728439404,17,10.395992309437657,1.2736022540160707,4,"IL"
132975,3.4993421052631577,"NM",27560,2468,"27560_20201231",0.4606636435615058,3.3126451662034038,38,9.459510145906005,1.1970262346266611,4,"AL"
103672,25.918,"SI",27567,483,"27567_20201231",1.4815180621743747,0.738892601862323,4,7.554917635428647,0.18815302328589656,5,"MD"
975264,7.7401904761904765,"N",27572,17957,"27572_20201231",0.4515046462300178,2.754636875462589,126,9.285436596200297,0.8976697197810122,4,"CA"
5931108,10.423739894551845,"N",27589,73295,"27589_20201231",0.24078998131426163,2.1884414511343095,569,8.795654746778645,1.7529170894073927,4,"IL"
557158,4.8448521739130435,"NM",2759,8374,"2759_20201231",0.26069448409538265,2.9249196667802653,115,8.293114083949435,0.6029186182909922,4,"KY"
230558,4.520745098039216,"NM",275,3465,"275_20201231",0.025126680346748188,3.077090266184974,51,8.418939090384708,0.6643665732748386,8,"KY"
918090,7.65075,"SL",27619,11966,"27619_20201231",0.19323414806942968,2.1071787910567172,120,25.636880057222537,0.1466321321297774,5,"NC"
259330,4.322166666666666,"SB",27643,3501,"27643_20201231",0.6156190342750057,3.0425897509085487,60,14.584310817151247,0.37529204063725646,5,"OH"
536009,9.084898305084746,"SB",27654,7951,"27654_20201231",1.1051659514367973,2.5396921289018954,59,9.829212280662638,0.9892478417585004,4,"LA"
170845,5.02485294117647,"NM",2765,2241,"2765_20201231",0,2.8285577860401383,34,11.761651548326556,1.4774370105245893,4,"KY"
487362,4.641542857142857,"SB",27664,7877,"27664_20201231",1.8427788881166876,3.1864482936422642,105,8.179411094330137,0.14759309238989746,5,"IL"
3679624,6.268524701873936,"SM",27677,58952,"27677_20201231",0.5197594762792257,2.804148428398398,587,10.15642940368081,0.5726085240872271,4,"NC"
493741,5.877869047619048,"SI",27678,7632,"27678_20201231",0.6918467177940973,2.7810782696320797,84,11.116403473418092,0.6317078005874524,4,"TX"
265571,7.376972222222223,"N",2767,2942,"2767_20201231",0.022832654208233806,2.37023644817011,36,11.458733639261252,0.9347467631545925,4,"KY"
242219,6.728305555555555,"SB",27683,3441,"27683_20201231",0.3504546037888585,2.504984109241665,36,18.409547540110733,0.02711021763248555,5,"IL"
488714,28.747882352941176,"SI",27686,2629,"27686_20201231",1.4814543667083266,0.858671746173708,17,14.783412277102991,1.195131756880231,7,"PA"
452796,6.377408450704225,"SB",27697,5490,"27697_20201231",0.04884681080105658,2.1817917847406316,71,17.382441357821516,0.4523554747783256,5,"LA"
108816,13.602,"SB",27704,1131,"27704_20201231",0,1.7670419698495503,8,23.098861947703128,1.0609823504024352,4,"NC"
289171,6.572068181818182,"SI",27711,3510,"27711_20201231",0.3847241565149648,2.669946857489644,44,12.141566135441023,0.2812924221220172,4,"PA"
44404,6.343428571428572,"SB",27716,769,"27716_20201231",0.1357312521208008,2.543550283210431,7,29.65361869895804,0.5065726194293043,5,"LA"
212447,4.828340909090909,"SI",27723,3172,"27723_20201231",2.892355694227769,3.136473258006204,44,8.014174315652669,0.27018106985232254,8,"IL"
148350,6.1812499999999995,"SB",27727,2014,"27727_20201231",0.11221376722656662,2.7276292173808123,24,12.4832478476554,1.1764173566806932,2,"KS"
209895,4.5629347826086954,"SI",27742,4232,"27742_20201231",0.0797304965557862,3.550326260083235,46,9.187850384124818,0.9623387966911576,4,"IN"
213235,6.092428571428572,"SL",27752,3643,"27752_20201231",0.30105546504214775,2.66508978567291,35,13.330210310905102,0.2442556478084572,4,"LA"
1051383,7.152265306122449,"SI",27757,12967,"27757_20201231",0.6682368775235531,2.1813350989450186,147,11.180534543130145,0.656379856968377,4,"PA"
313728,10.457600000000001,"SI",27760,2409,"27760_20201231",0,1.0378102175364077,30,10.207914067610414,0.5042369262925284,7,"PA"
450656,4.375300970873787,"SI",27763,7499,"27763_20201231",1.1801216976672073,2.9682507572459906,103,9.487837177890897,0.428067501006952,5,"PA"
161138,4.73935294117647,"SB",27767,3115,"27767_20201231",0.09155905160745849,3.035121233265844,34,13.756498459048034,-0.13536030625745912,4,"IL"
2774625,4.3353515625,"SB",27774,53267,"27774_20201231",0.32334192547567914,4.386305305419579,640,10.822258572815416,0.9370702502514148,6,"ND"
511535,4.192909836065574,"NM",2777,8032,"2777_20201231",0.025881877635532662,2.7762471919637184,122,10.982944731411317,0.7562343379262442,4,"AL"
745085,7.164278846153847,"SI",27799,8750,"27799_20201231",1.049374789322461,2.9461942025797874,104,11.972811410648458,0.3223852726840762,5,"PA"
184045,4.000978260869566,"N",2779,3663,"2779_20201231",1.956219249342925,3.520732497053551,46,10.593891621265064,1.0244754397164022,4,"AL"
275118,5.394470588235294,"SB",27806,4763,"27806_20201231",0.9846482398865686,2.941350360647984,51,11.382891350769286,0.2135804658862481,5,"OH"
4202741,4.528815732758621,"SM",27811,73615,"27811_20201231",0.2937926754008015,3.0943615810593963,928,8.812568384042855,1.4560711578216206,4,"MI"
469445,6.90360294117647,"SL",27824,6351,"27824_20201231",0.36667514356514697,2.246025664920237,68,14.75724445387963,0.351615619844409,5,"NH"
43101,8.6202,"SB",27841,437,"27841_20201231",0,1.8337731504847605,5,26.017208011751812,0.3292620204671195,8,"KY"
42436,8.4872,"NM",27847,713,"27847_20201231",4.083059874119103,2.6426731766274503,5,15.509072819443787,0.02877684039884701,8,"OH"
280771,11.23084,"NM",2784,1761,"2784_20201231",0.10007106495917391,1.3163654772190299,25,17.00685208809173,1.5844855057466931,7,"AL"
1219381,15.2422625,"N",27861,9037,"27861_20201231",1.6957666130811726,1.4943627894271034,80,12.949209185821509,0.29825171071985757,4,"PA"
861653,6.025545454545455,"SB",27872,10647,"27872_20201231",4.045904901713626,2.76652987095731,143,10.235177525502786,0.9291054363061243,4,"NM"
122045,3.390138888888889,"NM",2787,2067,"2787_20201231",1.4665214112126037,3.4534746023548313,36,12.6442063114364,0.9311861276742257,4,"AL"
553086,5.5867272727272725,"SB",27884,5792,"27884_20201231",0.5131477951893473,1.7813234887102014,99,16.550822305058627,0.17867932640081857,5,"WV"
42077,8.4154,"SI",27897,641,"27897_20201231",0,2.6122267066135145,5,12.205058164178402,0.10151781513853468,5,"NC"
88020,7.335,"SL",27898,1463,"27898_20201231",1.1996497373029773,2.5316630335807515,12,20.414001441796064,0.203498799701995,8,"MO"
117869,4.911208333333334,"SB",27910,2251,"27910_20201231",8.002683534598429,2.956831311986795,24,23.426661676776995,0.18185124568103292,4,"IL"
187543,8.524681818181818,"SB",27918,2285,"27918_20201231",0,2.203797800844157,22,15.659723711870951,0.6040206148216583,5,"MA"
506836,5.171795918367347,"SB",27932,7731,"27932_20201231",0.3438069015177673,2.808011853023845,98,8.011324554145524,0.936073786414276,4,"MN"
775053,8.908655172413793,"SI",27943,9065,"27943_20201231",0.29844320283374265,2.106150521161932,87,11.943469389094107,0.7437720126160422,4,"PA"
38685,6.447500000000001,"N",2794,417,"2794_20201231",0,2.031053523590837,6,14.124855975699171,0.5740528128587831,7,"AL"
70578,3.9210000000000003,"NM",27955,2397,"27955_20201231",0.8520496309093765,5.154426734879478,18,10.378208317087271,-0.5357746339560224,5,"IN"
212611,4.011528301886793,"SB",27965,3166,"27965_20201231",0.18551853348517688,3.137212050805007,53,9.451132538369372,0.2832405013788205,4,"OH"
55651,3.2735882352941177,"SB",27969,981,"27969_20201231",1.7090797805974716,4.586791553494284,17,14.516728988429687,0.2383240147382597,5,"OH"
9626153,12.682678524374177,"SB",27981,52116,"27981_20201231",0.2030655214795115,1.1245106127279418,759,12.222050930558535,0.6450270161285896,5,"KS"
307625,5.804245283018868,"SB",27989,5583,"27989_20201231",0.508542744661268,2.950342889117337,53,14.264145282840438,0.8429086366416385,4,"IL"
1091948,5.808234042553192,"SI",27998,11691,"27998_20201231",1.0532562642495868,1.9814464644683778,188,12.647213105199315,3.178065722961506,5,"OH"
95647,8.695181818181819,"SI",28035,1365,"28035_20201231",0.08610752329764038,2.472984867283852,11,20.142576410084878,0.3276810994814367,5,"NC"
125768,2.3729811320754717,"N",2804,2764,"2804_20201231",1.2678033515631855,4.16444530993114,53,14.445263603708177,0.5810111509447816,8,"AL"
191763,5.478942857142857,"NM",2805,2650,"2805_20201231",0.06093657197071959,2.622619306042707,35,9.228835864687609,1.4087081700503843,4,"AL"
161562,5.983777777777778,"SB",28060,2954,"28060_20201231",0.10339641559092619,2.922162360542161,27,11.701317871019414,-0.021782552043797452,5,"OH"
80245,4.720294117647059,"SB",28063,779,"28063_20201231",0,2.227057122393546,17,14.698828637786528,0.48243895187772806,5,"OH"
516448,9.389963636363635,"SI",28068,4584,"28068_20201231",0.4608515388295328,2.110692729043504,55,8.795572749865492,0.7023088014136567,4,"IL"
260087,7.224638888888888,"SL",28080,3624,"28080_20201231",1.4721417617992842,2.2529304137790325,36,14.275878165480218,0.5417398858767548,8,"OH"
33590,5.598333333333334,"NM",28085,364,"28085_20201231",0.5236815274816943,1.9600656047314928,6,11.861055365364184,0.5622375189483363,5,"OH"
19063216,9.14741650671785,"N",28088,154077,"28088_20201231",0.44736627020867564,1.8104812236527066,2084,8.998537875003931,0.8069107801011435,4,"WA"
2586485,5.709679911699779,"N",28094,37350,"28094_20201231",0.9388729804731109,2.560297489113984,453,9.681477838544598,1.0198678431131778,4,"LA"
132399,8.826600000000001,"SB",28103,1494,"28103_20201231",0,1.7943518148185182,15,25.53558069415792,0.3015323467653235,5,"IL"
415135,4.827151162790698,"N",28105,6161,"28105_20201231",1.1271513417436163,2.6337949985726694,86,8.424019863957763,0.6917063161544703,8,"IL"
1946933,15.330181102362205,"SI",28116,14076,"28116_20201231",0.15379934332524475,1.1638594939464058,127,24.923804781913976,0.7747687931021796,5,"WA"
357896,4.836432432432432,"NM",28151,11703,"28151_20201231",2.912096188871999,5.8279238590698546,74,10.057251404901987,-0.042347569602401235,4,"IL"
263472,5.06676923076923,"SM",28155,3834,"28155_20201231",0.3488414522897281,2.646230611889234,52,11.445193128176243,0.30018686632428687,8,"NH"
104214,4.737,"SL",28157,2055,"28157_20201231",0.8587469840943135,3.751530734792076,22,21.273915740254782,0.6497009406882105,4,"OH"
222178,4.114407407407407,"SM",28167,4689,"28167_20201231",2.1486457115060182,3.807977422753148,54,7.122788262544029,0.2445224081107986,4,"CT"
13958775,5.770473336089293,"SI",28178,205895,"28178_20201231",0.9757128939548011,2.951156577758889,2419,9.903212363049231,0.6398052418814698,4,"PA"
163170,4.183846153846154,"SI",28186,2337,"28186_20201231",1.1238909988165497,2.777958925847358,39,12.609676454459345,0.3586731777676335,4,"PA"
138416,4.3255,"NM",281,2031,"281_20201231",0.7166557876414273,2.954212001695965,32,9.249123533675538,0.9814328462010086,4,"KY"
332596,5.1968125,"SB",28208,5306,"28208_20201231",0.6608272238849685,3.0930961090531244,64,15.255914861539688,0.7152523211901387,5,"CO"
344965,5.947672413793104,"SB",28213,7267,"28213_20201231",0,3.005699355794881,58,10.503926229058427,0.394349085680999,4,"MA"
58888,2.676727272727273,"SB",28217,2179,"28217_20201231",0.9687034277198211,6.317771505226092,22,10.353195872688863,-0.7248756357945336,5,"OH"
382930,14.182592592592593,"SI",28222,3215,"28222_20201231",1.790884227631112,1.4813612401251786,27,9.137970663212002,0.20980889722235105,5,"NJ"
78814,5.629571428571429,"SB",28246,1228,"28246_20201231",0.045233983057817256,2.6381571357151095,14,18.52644178731966,0.5922393569972696,5,"KS"
795734,5.2697615894039735,"NM",2824,11550,"2824_20201231",0.8456834391126523,3.083555345208925,151,9.783708655965386,0.8397636601957384,4,"AL"
1862897,7.634823770491803,"SI",28262,23068,"28262_20201231",1.477092565760503,2.1371232219137943,244,9.277034767789837,0.7932197883857705,4,"PA"
1469790,8.645823529411764,"N",28263,21620,"28263_20201231",0.058133115633876804,3.4527096869782357,170,9.74289686257747,2.6926612698492467,4,"OH"
63802,3.7530588235294116,"SI",28266,1300,"28266_20201231",0,3.5606439840457313,17,10.15187597583863,0.13725838487251119,5,"WA"
257996,4.526245614035087,"SB",28277,4000,"28277_20201231",1.0407351943028906,2.4825050592433535,57,14.388275938080778,0.3170716636027992,5,"MO"
90944,4.786526315789474,"SB",28288,1663,"28288_20201231",1.17906862618488,3.686014625228519,19,9.041986920764163,0.47646252285191953,5,"ME"
164980,3.9280952380952376,"NM",2828,2382,"2828_20201231",0.3523068439433858,2.871724282270171,42,8.554741671604955,1.5938371629698498,4,"AL"
643139,5.404529411764706,"NM",2829,7095,"2829_20201231",0.11756972376906526,2.3527535258562793,119,9.557735357564411,1.1573203492276696,4,"AL"
88491,2.0579302325581397,"SB",28302,7642,"28302_20201231",1.9671041221020986,12.088853843030229,43,16.19900941691644,1.6278224245228674,5,"IL"
78330,4.122631578947368,"SI",28314,1287,"28314_20201231",0.24925840474620964,3.550105108033721,19,23.369670137324803,0.3670654270420215,8,"NC"
129515,4.625535714285715,"SL",28315,2106,"28315_20201231",1.1469057898815453,3.46775598252807,28,9.96645376197098,0.4446699895489991,8,"CO"
973282,2.896672619047619,"SI",28316,49504,"28316_20201231",0.4186832300747771,7.860157793185074,336,16.24112682122771,1.7591897049589755,4,"LA"
719747,8.087044943820226,"NM",2832,7371,"2832_20201231",0.25071050591849037,2.2184218095319532,89,10.828989602780377,1.3316127828608297,4,"AL"
47767517,6.941944048830112,"N",28330,695251,"28330_20201231",1.973986374018131,3.128577870579978,6881,8.965489261174444,0.5037270936616723,4,"SD"
2609532,5.4707169811320755,"SM",28332,31184,"28332_20201231",0.38620797090597525,2.3468222603442452,477,10.269102449154781,1.4517534674737038,4,"MO"
237153,3.20477027027027,"SB",28346,7724,"28346_20201231",0.09576329954099659,4.833360332170962,74,14.781204860226019,1.451969067858026,4,"OH"
413302,7.948115384615385,"NM",28348,4313,"28348_20201231",2.870009006304413,1.991792048985588,52,17.272548869445348,0.4272117095630909,5,"OH"
109424,9.118666666666668,"SB",28349,1040,"28349_20201231",1.0122801194822437,1.804710704017931,12,11.20882150241213,0.3329724546158544,4,"OH"
11340082,11.512773604060914,"N",28359,112781,"28359_20201231",0.6998645241651529,2.331898738011412,985,8.475210251553406,0.530822713248399,4,"NJ"
1089837,5.6468238341968915,"NM",28362,19281,"28362_20201231",0.029803659307828186,3.2251428878265416,193,9.767547349469968,1.0903142663564906,4,"NM"
455867,7.8597758620689655,"SB",28368,8324,"28368_20201231",0.10758501525479447,2.8663155197148087,58,9.48019690775244,0.2674992976767411,4,"MA"
88042,3.827913043478261,"SB",28369,1623,"28369_20201231",0.9079868956168098,3.503928160300127,23,9.31078954271225,-0.313014524791209,5,"ME"
955437,5.1925923913043475,"SM",28380,13179,"28380_20201231",2.2430947618927064,2.7488424984198874,184,7.177952597962811,0.35551175575507027,4,"NY"
298494,4.8933442622950825,"NM",2838,3810,"2838_20201231",0.6773695482542792,2.220082788859562,61,7.731042251991801,0.6028875138822782,4,"AL"
109129,0.8872276422764228,"SB",28390,14923,"28390_20201231",0,39.67037548934067,123,94.33746982498491,9.323532364046297,7,"MO"
815415,5.160854430379747,"NM",28396,13618,"28396_20201231",0.3685380587724795,2.677933624687395,158,9.429131485940417,1.070214081709646,4,"SC"
907544,8.481719626168225,"NM",28400,12360,"28400_20201231",1.3303335615768364,2.529376293241729,107,9.402698191085564,0.967489592018142,4,"WI"
367225,7.813297872340426,"SI",28401,3784,"28401_20201231",2.3784093417904306,1.8492477689416582,47,21.633287150148604,0.5617967905645544,5,"IL"
1645362,7.153747826086957,"SI",28405,24003,"28405_20201231",0.20124558428042633,2.7460396744461377,230,10.280266239099383,0.7217652440015291,4,"WA"
196159,3.7011132075471695,"SB",28425,2863,"28425_20201231",0.39792749888452816,2.516852010978835,53,9.867991845056064,0.11575329323333361,5,"IL"
203521,3.5705438596491232,"SB",28445,4306,"28445_20201231",2.668974116433055,3.7511489272302323,57,8.924217009238165,0.7347882034717299,8,"IL"
1585816,5.7457101449275365,"SI",28453,18242,"28453_20201231",0.2501909632691361,2.31441710458677,276,11.16142704632005,1.7400150978584545,4,"WA"
57330,3.583125,"SL",28463,912,"28463_20201231",1.4645540054289503,3.195336137554424,16,16.289568149679106,0.24536934543576122,8,"OH"
263376,8.779200000000001,"SI",28471,3066,"28471_20201231",0.680673036216786,2.174834432751141,30,20.39503222960126,1.3304291902382828,8,"NC"
86633,4.125380952380953,"SI",28478,2377,"28478_20201231",0.004938637429933081,4.284517422006504,21,13.660513072009902,-1.4998994125181757,8,"IN"
24837,4.1395,"SL",28480,436,"28480_20201231",4.283794050610719,4.110113602518827,6,7.342262385025013,-0.7190571416414926,4,"WI"
336043,11.587689655172413,"SB",28481,4006,"28481_20201231",0,1.9053628068538089,29,14.274561883653528,0.4376318163522212,5,"MA"
14742680,7.050540411286466,"NM",28489,208507,"28489_20201231",0.348915494430648,2.670563777875603,2091,9.218840155499462,0.8894256339620997,4,"WA"
98282,4.273130434782608,"NM",284,1261,"284_20201231",0.28571879587680943,2.6502117960927043,23,8.730678266745501,1.470867546831451,4,"KY"
55742,5.067454545454546,"SB",28507,831,"28507_20201231",0.4443654461429079,2.631739131991564,11,13.799971291179213,0.2434806271774508,5,"KS"
561087,6.524267441860465,"NM",2850,6702,"2850_20201231",0.538374291115312,2.1843186933301086,86,13.476709785950462,1.1396105052364556,2,"ID"
2181407,2.6864618226600987,"SI",28513,139587,"28513_20201231",0.31286223932835905,8.451216058309278,812,16.61613490277641,3.8038045078654132,4,"WI"
354539,4.664986842105263,"SI",28515,6068,"28515_20201231",0.7840346214995378,3.1551977866897145,76,12.133486727364723,0.1974135126558299,8,"TX"
723809,4.761901315789474,"SI",28530,14544,"28530_20201231",0.5441785571699688,3.486569286687734,152,7.658637465127459,1.0686448755217794,2,"WI"
1084261,6.378005882352941,"NM",28533,13436,"28533_20201231",0.6269386749240602,2.1688469975819236,170,14.283159146950956,1.0551917083456952,4,"IN"
114942,4.78925,"NM",28543,2056,"28543_20201231",2.624321812895297,2.9303478848899243,24,11.818095378045934,0.6107075645611381,2,"NE"
153663,3.9400769230769233,"SL",28555,4105,"28555_20201231",0.15885058561335294,4.592493002992716,39,23.799997426957763,0.6541313045782727,4,"OH"
92265,3.417222222222222,"SB",28585,1698,"28585_20201231",0.2983930575706973,3.4240957478220744,27,8.618560244004597,0.7469362490458246,5,"NY"
643517,4.377666666666667,"NM",28593,9845,"28593_20201231",0.26366680199234316,2.868032183855169,147,8.852766602320084,1.1120834435484348,4,"MI"
790855,6.759444444444445,"SI",28599,11957,"28599_20201231",0.740298132996169,2.53926502678644,117,13.718142761065724,0.4459332712282901,5,"WA"
50137,6.267125,"SI",28611,710,"28611_20201231",0.3627869993042441,2.933243143935598,8,7.569046112392577,0.37370143969001574,5,"IL"
301223,2.8417264150943398,"SI",28614,9160,"28614_20201231",0.5143153102152416,4.701275534733205,106,10.481680005874146,1.3358797608745387,4,"WI"
97584,16.264,"NM",28635,755,"28635_20201231",2.83444888465488,1.2210112435640397,6,13.692287339595186,2.6277393233340383,5,"KS"
70660,7.851111111111111,"SB",28637,577,"28637_20201231",0.3324685792005642,2.2212691699078664,9,23.343188865652266,0.5752820952690813,5,"PA"
48817,6.102125,"SB",28652,698,"28652_20201231",0,2.478254837746827,8,19.706157665540676,1.1476905355468767,2,"OK"
46214,5.134888888888889,"NM",28663,531,"28663_20201231",0.03221857078420001,2.683420432421355,9,19.149476356712157,0.7920039621545925,5,"OH"
77986,2.8883703703703705,"SB",28667,1492,"28667_20201231",1.9198368360379532,4.105113123303428,27,6.600057391803407,0.501504513540622,8,"MI"
1142831,4.990528384279477,"NM",28670,17044,"28670_20201231",2.441146601146601,2.632855013710161,229,9.966744027695668,0.7919259971369254,4,"MO"
82243,4.837823529411764,"SL",28677,1008,"28677_20201231",0.48476454293628807,3.464904762384924,17,13.765704921289167,-0.23822008006211368,5,"OH"
2449855,5.009928425357873,"SB",28679,42927,"28679_20201231",0.2722703276922337,2.964648392257889,489,10.584528107869575,0.608748545306728,4,"WI"
234691,5.867275,"SB",28684,4313,"28684_20201231",0.12021997697915333,2.924215565155626,40,18.662860064769045,0.4420881863777719,4,"MD"
444259,8.227018518518518,"SI",28701,4860,"28701_20201231",0.7348269190039092,1.8829994721611818,54,12.825798884891023,0.7428582659184583,5,"PA"
62872,6.2872,"SL",28703,677,"28703_20201231",0,2.165592092952044,10,18.66690331741319,0.4814317064457411,8,"OH"
998487,7.987896,"SB",28706,12202,"28706_20201231",0.6036774999765105,1.929603650424782,125,13.913737258987686,0.1920453737009693,5,"PA"
119300,7.45625,"SI",28708,1498,"28708_20201231",0.03825847425204683,2.321596183488767,16,9.589679955361976,0.08094586099701188,5,"NJ"
5515631,14.591616402116403,"SB",28710,40879,"28710_20201231",0.4200999549065827,1.4656162749700445,378,11.956979766061309,0.7158485611072126,4,"NY"
164011,14.91009090909091,"SB",28712,1929,"28712_20201231",0,2.0190410512805776,11,34.09312687570195,0.4846464762561538,4,"NY"
3670,1.835,"SB",28722,133,"28722_20201231",1.5921616656460504,4.600123355263158,2,14.559386973180077,-0.6681743421052632,5,"IN"
42258,7.043,"SI",28723,536,"28723_20201231",0.5694089927351267,3.6665551115223343,6,22.192173831248237,-0.036911628639486584,5,"IL"
281002,9.064580645161291,"SI",28729,3190,"28729_20201231",0.991109098276643,2.1562867171705626,31,12.14300723662625,0.2939217570694268,5,"NJ"
261881,4.676446428571429,"SB",28735,4221,"28735_20201231",0.8668796466343456,2.9266668660541275,56,11.534592474540254,1.9062490653712776,8,"KS"
526894,5.920157303370787,"SI",28747,5360,"28747_20201231",1.5175754542448319,1.8790747973298894,89,17.388708197174555,0.8861468560847713,5,"IL"
7316961,12.97333510638298,"SI",28765,65144,"28765_20201231",1.4763175098915875,1.6947268468550558,564,11.302454899799866,0.7411843782647046,4,"NJ"
140605,5.624199999999999,"SB",28769,1496,"28769_20201231",0.434161476818679,2.193262765962246,25,20.01586575569595,0.7451228663245065,5,"IN"
67244,4.20275,"SL",28776,1710,"28776_20201231",1.6202580770350246,3.7824350979386203,16,14.286577810016018,0.575172312702545,4,"MO"
621164,9.7056875,"SL",28778,6440,"28778_20201231",0.1460011366531444,1.8092738187688664,64,20.01117897440243,0.18347518882723785,5,"NJ"
441492,6.131833333333334,"SB",28780,5586,"28780_20201231",1.996486996801192,2.0617687196478474,72,15.054427265381717,0.0695936239335699,5,"MD"
1061680,6.719493670886076,"SI",28788,16272,"28788_20201231",1.4555078925301526,2.7133366147399083,158,8.041464428696225,0.4055349554591976,4,"NJ"
78109,4.8818125,"SI",28790,1028,"28790_20201231",0.7584029859635887,3.037884695398673,16,17.96932937811209,0.8748556832554001,6,"WI"
182828,4.251813953488372,"SI",28793,3217,"28793_20201231",1.6281986954340193,3.1129208182346426,43,9.46029128881561,-0.6672898366540386,4,"PA"
1381419,5.272591603053436,"SM",287,16971,"287_20201231",2.873573980329615,2.6363395102385474,262,9.089313681826091,0.2871329082337008,4,"KY"
97884,9.7884,"SB",28805,1173,"28805_20201231",1.5680540499659668,2.5132947337757465,10,12.352877070619005,-0.267914667052237,8,"NY"
1596342,7.601628571428572,"N",28808,20592,"28808_20201231",0.12075274489794909,2.3833312908784827,210,10.096461928444644,0.6830685065237991,4,"IL"
207340,5.057073170731708,"NM",28812,2279,"28812_20201231",0.07040251282815017,2.6571557537983987,41,14.669057284164511,0.18511147824578802,4,"AR"
547567,6.518654761904762,"SI",28818,7322,"28818_20201231",0.01512143956104621,2.513478156523867,84,7.396041916669489,0.2758767272196802,5,"NJ"
8784587,14.568137645107793,"SB",28834,96439,"28834_20201231",0.13180517333689296,1.728594696651832,603,9.724771688261194,0.6735009129235409,4,"NJ"
411157,8.39095918367347,"SI",28836,4528,"28836_20201231",0.014534461207523037,1.6571712555461058,49,15.17087284081469,0.5174657499154636,8,"PA"
277405,5.13712962962963,"SI",28837,4712,"28837_20201231",0.26022362643913516,3.372488045058287,54,6.8743839991700195,0.5105903979851723,4,"VT"
433303,7.344118644067796,"SI",28841,6690,"28841_20201231",0.42800100910807026,2.342109166064654,59,15.321284719063913,0.05860655149482588,8,"IL"
972838,3.71312213740458,"SB",28845,23022,"28845_20201231",0.05298212628046287,4.287333722584486,262,9.916531123906772,1.039339055389413,4,"ID"
485786,5.783166666666666,"SB",28859,7264,"28859_20201231",0.3838869463869464,3.046651245129321,84,24.28974856962889,1.4134219918478654,8,"SC"
99484,6.632266666666667,"SL",28860,1247,"28860_20201231",2.0224030506281707,2.162853334058819,15,14.079714841218404,0.16428058705720103,5,"CO"
843294,7.9556037735849054,"SB",28865,14688,"28865_20201231",0.5927581787986231,2.961437338268321,106,12.34209681429644,0.8897403697091077,4,"MN"
299643,4.756238095238095,"SI",28868,4913,"28868_20201231",0.4058985625977508,2.942632553835162,63,10.345840394860334,0.2932435834506542,5,"TX"
355697,4.940236111111111,"SB",28870,6168,"28870_20201231",0.616586475504905,3.2380148217395566,72,10.248341090702356,0.503665420019845,4,"NY"
25991260,14.391616832779624,"NM",28892,240582,"28892_20201231",0.5191288129458639,1.6958176307443718,1806,9.077617971779777,0.8243894419104154,4,"NJ"
322203,4.239513157894737,"SB",28894,5934,"28894_20201231",0.40828290000577955,3.3255558845654685,76,10.85172299639598,0.685197340073645,4,"IN"
58934,5.357636363636364,"NM",288,787,"288_20201231",0.46205935072694676,2.9981050608924824,11,9.369688641377067,1.0765836412451155,8,"KY"
1566559,4.450451704545454,"SM",28905,31010,"28905_20201231",3.8913543127249604,3.5331586329265128,352,10.13262955484283,1.855491505910963,2,"AR"
190707,6.576103448275862,"SI",28908,2857,"28908_20201231",0.30097115274106423,2.758717417572933,29,9.488364763355571,0.10896771966166063,4,"PA"
579413,6.659919540229885,"SB",28914,8193,"28914_20201231",0.32266649838255185,2.6234965798613743,87,11.271860010942177,0.719669967997816,4,"OR"
374430,3.435137614678899,"SB",28924,6096,"28924_20201231",2.003438594125494,2.7126617718874706,109,11.263429453554332,0.1377120102881465,8,"IL"
224586,5.910157894736843,"SI",28925,3047,"28925_20201231",0.4543360498181067,2.34915101358873,38,10.602582366231433,0.5485158199003252,2,"IL"
340671,5.40747619047619,"SM",28930,4753,"28930_20201231",1.6483864832308375,2.3180947821924365,63,10.035338597863221,1.3777525131641934,2,"MO"
392001,19.600050000000003,"NM",28934,2143,"28934_20201231",0.4269803648959217,1.0817561432201386,20,20.04486702324951,1.2290255546766304,4,"OH"
277828,7.717444444444445,"SB",28942,2649,"28942_20201231",0.2581500943829397,1.9289342393729874,36,11.103834441206327,0.6340722187560445,5,"NY"
78143,11.163285714285715,"SB",28949,792,"28949_20201231",0.1761227827399673,1.7495829555302849,7,13.512928840476432,0.04383350282287758,5,"MS"
312997,8.236763157894737,"SI",28963,3526,"28963_20201231",2.138935902443258,2.2930301904253056,38,6.213846826233386,-0.6195444135901493,5,"NJ"
73512,6.682909090909091,"SB",28983,947,"28983_20201231",0.5589838115082546,2.620554831502514,11,8.976982097186701,0.608204555327996,8,"WI"
140911,7.416368421052631,"NM",28989,1916,"28989_20201231",0.44569882989357323,2.7004068029792685,19,15.026322237650081,0.02668532662839793,2,"IA"
289048,9.967172413793104,"NM",289,1986,"289_20201231",3.153784077100745,1.4984517542539124,29,7.811482972955575,0.6770438889648022,4,"KY"
24244,6.061,"SB",29005,347,"29005_20201231",0,2.5336751579795767,4,19.79851073149365,0.5444614975692152,5,"OH"
880124,8.80124,"SI",29009,11235,"29009_20201231",0.6094950028698195,1.9827744011937893,100,23.03599547715338,0.3708578274057099,5,"IL"
681017,4.8299078014184404,"NM",29011,8770,"29011_20201231",0.2699701892072763,2.6236561642825826,141,8.290517073377075,0.6338481712971046,5,"OH"
6610848,7.759211267605634,"NM",29012,83726,"29012_20201231",1.2986917186440654,2.3325693573747626,852,8.804950880955934,0.8338683359263858,4,"WA"
157478,5.4302758620689655,"SI",29024,2286,"29024_20201231",1.0073216020935356,3.0834284759169073,29,10.472566115901536,1.066899951339118,8,"IN"
410752,5.5507027027027025,"SB",29035,5174,"29035_20201231",0.39639530846679855,2.495490921892818,74,18.19353436995413,0.8490077477059188,5,"WV"
909562,5.288151162790697,"SB",29042,15229,"29042_20201231",0.3961363060744439,2.9136584002681962,172,9.851185691982128,1.2784491885305318,4,"MN"
794480,4.874110429447853,"SB",29047,23504,"29047_20201231",0.3474159490480375,4.25861509019031,163,14.776383536153586,0.9064993694027232,5,"MO"
79473,5.2982,"SB",29049,1083,"29049_20201231",0.5623390157101005,2.7535450390808522,15,12.30699481865285,0.4030880280186221,8,"MN"
477731,4.265455357142857,"NM",29056,7362,"29056_20201231",1.789161016147783,2.9719298199908035,112,8.004645553222852,0.5764097941468028,4,"IN"
1387704,9.25136,"NM",29058,19503,"29058_20201231",0.18848206955642632,2.28812874594239,150,10.288991316768566,0.7142503352089253,4,"WA"
35512,5.073142857142857,"SB",29059,614,"29059_20201231",2.4215522545486508,3.0182415512210814,7,14.632905668908608,0.02584602660417672,5,"NM"
59093,7.386625,"SI",29061,537,"29061_20201231",0.5856076700986,2.5277809982539163,8,11.305256869772998,-0.2634935022502345,5,"NC"
26975,6.74375,"SB",29065,384,"29065_20201231",0.6551375307095718,2.949301583595969,4,19.01033862750974,0.08559978210964554,5,"GA"
106595,4.099807692307692,"SL",29066,2243,"29066_20201231",0.412524185599377,3.177081104414794,26,9.038438922009426,1.2224552185068926,2,"CO"
440969,7.474050847457627,"SB",29087,6658,"29087_20201231",0.7503549549447628,2.8861218958538077,59,9.410857262255654,0.4285404720090301,4,"NM"
240401,6.497324324324325,"SB",29089,2276,"29089_20201231",0.7466721354263769,1.8799737007209296,37,10.340625935467006,0.5366928922039274,8,"TN"
235052,3.9839322033898306,"SB",29090,3711,"29090_20201231",0.8406295498415585,3.0955780594424795,59,15.781578157815781,0.6770204072666564,5,"OH"
78789,4.9243125,"SM",29093,831,"29093_20201231",0.36627270324359024,2.353294746812855,16,12.752879621045679,1.2598311101808843,7,"MO"
515748,5.1574800000000005,"SB",29120,8897,"29120_20201231",0.3850457447508721,2.9223421414330755,100,9.811316270059777,0.4389057064017891,4,"WI"
177628,3.3514716981132078,"SI",29121,3959,"29121_20201231",0.04161076105232765,3.7112635744051286,53,9.248808346074288,0.200770336660783,8,"IL"
126486,6.3243,"SB",29135,1634,"29135_20201231",0,2.2287744062405683,20,19.249223596286036,0.6326469017714114,5,"OH"
669655,5.444349593495935,"SB",29140,12555,"29140_20201231",0.021667168221486607,2.7089655928918788,123,8.782283501803807,1.5620619888600438,2,"ND"
51353,6.419125,"SL",29143,602,"29143_20201231",0.45158053186151526,2.899242627905037,8,20.937163672489444,0.12978224393499765,8,"MO"
960059,7.805357723577235,"SI",29147,13809,"29147_20201231",0.43514542409014767,2.646418904530005,123,14.793456488824647,1.2908193016789906,4,"NY"
212168,4.612347826086957,"SB",29164,4329,"29164_20201231",1.8973926153092846,3.685463650485322,46,13.736713779572554,0.03308227017450651,5,"GA"
179107,9.426684210526316,"SI",29170,1814,"29170_20201231",0.2387997715828272,2.158630286163712,19,10.077898550724637,0.24986387561255977,4,"NJ"
160511,4.720911764705882,"SB",29173,2622,"29173_20201231",1.285910534257167,3.280093698268022,34,9.324181557746277,1.062611642925846,4,"OH"
385469,5.006090909090909,"SM",29177,5879,"29177_20201231",1.2131113925976393,2.889274938282893,77,8.598486080836343,0.6620302642406509,4,"TN"
73761,4.9174,"SI",29186,1102,"29186_20201231",2.8501996181218536,2.6124572674680753,15,20.844728451553515,0.4727563883598086,5,"TN"
384306,6.742210526315789,"SB",29188,5733,"29188_20201231",0.7660930176882774,2.5164216418805863,57,14.412284478773454,0.8518965332937745,8,"WI"
157928,4.156,"NM",291,2272,"291_20201231",0.36798929485687687,2.5174594755326245,38,24.26654937321311,1.1813776309762036,2,"KY"
143777,4.107914285714286,"SI",29206,2148,"29206_20201231",0.3570631555456371,2.72801974378743,35,10.859000661136745,0.4742850135801965,8,"TX"
117819,3.9273000000000002,"SI",29208,2054,"29208_20201231",2.1097311743436564,3.0238239106745377,30,11.243116751352103,0.31761771222285917,5,"TX"
9151935,105.19465517241379,"NM",29209,28719,"29209_20201231",1.072176413081897,0.6950460441568995,87,8.53880776874135,0.9851844245017681,9,"TX"
454181,7.697983050847458,"SI",29227,4397,"29227_20201231",0.5074187256408702,2.1145427708816156,59,15.159172883482313,0.7744200536239478,4,"IL"
89740,4.7231578947368416,"SB",29231,1516,"29231_20201231",0,2.8311052653287567,19,6.978700494633062,0.21883492742929686,8,"PA"
103831,9.439181818181819,"SB",29238,764,"29238_20201231",1.3902405116085081,1.6052557828291014,11,29.39452767297901,0.10866933446705318,8,"SC"
111591,4.851782608695652,"SB",29241,1532,"29241_20201231",1.891453922376006,2.2468777570107172,23,21.658194504400534,0.6612240256345825,5,"TX"
99903,7.135928571428572,"SB",29268,1510,"29268_20201231",0,2.271022026903907,14,18.94464182926103,0.14451088329645595,5,"LA"
187329,8.144739130434782,"SB",29293,1865,"29293_20201231",0.02354104380988253,2.035629935747468,23,10.591448592956612,1.302446324268991,5,"WI"
860665,6.88532,"SB",29294,9148,"29294_20201231",0.14870856071977023,1.8705348873969758,125,13.642373354553136,0.33432280600355513,8,"WI"
915696,4.671918367346939,"SM",292,13160,"292_20201231",0.8326760545570362,2.5676132242417657,196,9.180279766717666,1.185815576026632,4,"KY"
349927,6.48012962962963,"SL",29331,6286,"29331_20201231",0.7216383864106285,3.5025622791190467,54,11.72849799746648,0.0921964005564218,4,"GA"
345272,5.077529411764706,"NM",29332,4370,"29332_20201231",0.038431304044021314,2.39544114595746,68,8.69286945600884,1.199968908728489,4,"AL"
199910,5.26078947368421,"SB",29345,2402,"29345_20201231",0.3117730292347171,2.7348257430118954,38,10.861814605360216,0.1282730450021823,8,"OH"
126904,3.96575,"SB",29357,2283,"29357_20201231",1.268414481897628,3.5664642312335246,32,11.28681475578577,0.9692859114081142,6,"GA"
19650,3.2750000000000004,"SB",29379,412,"29379_20201231",0.5830664367249734,4.902875386114394,6,6.503143357724415,-0.036279204759831665,5,"NE"
171848,7.811272727272728,"SB",29384,1860,"29384_20201231",0.2804642166344294,2.173288922734804,22,12.734778480279765,0.47200453513635815,5,"IL"
99678,7.119857142857143,"SB",29399,1619,"29399_20201231",3.6284665500739917,4.072590874497155,14,9.829162176186484,-0.7529083463197188,4,"IL"
90320,6.451428571428572,"SB",29426,1096,"29426_20201231",0.38240246982879594,2.127347770308904,14,14.984221777340437,0.6462524564800622,5,"MN"
51988,6.4985,"SI",29430,524,"29430_20201231",0.35393690689920493,2.603063258164242,8,8.351169472243111,-0.8160318880153162,5,"PA"
49459,5.495444444444445,"SB",29449,987,"29449_20201231",2.497752023179139,3.6571185101680315,9,8.648773134578343,-0.41275730757964435,5,"IL"
196864,6.788413793103448,"NM",2945,3553,"2945_20201231",0.7475807154688907,3.537884247977943,29,10.206077828743815,1.6702703321092311,4,"WA"
91489,15.248166666666668,"SI",29471,454,"29471_20201231",0.6105782194999808,1.0837899507592128,6,14.357149937769162,0.20377042462621564,5,"PA"
349477,4.787356164383562,"SB",29476,5372,"29476_20201231",0.5886254011014586,3.4844089693066267,73,11.281004570262237,0.559485248510441,4,"NE"
39835,5.690714285714286,"SB",29486,344,"29486_20201231",4.23370376513518,2.0250584305396955,7,14.538818340810586,0.28548254554380426,8,"SC"
2207305,5.532092731829573,"SB",29488,24223,"29488_20201231",0.18523793389842197,2.287479370364788,399,10.191543337266864,1.1254484578558646,5,"OH"
25830,6.4575000000000005,"SB",29490,349,"29490_20201231",0.4989379044608013,2.168375572322177,4,8.790943152975302,0.5803830528148578,5,"WV"
124472,7.321882352941177,"SB",29495,1364,"29495_20201231",0.12744445545816283,2.127432007406739,17,20.532942044376707,0.24650135199724585,5,"OH"
222608,4.543020408163265,"SB",29496,3075,"29496_20201231",0.3424952345815655,2.6312339728625096,49,10.247056872823745,0.46644806309574255,4,"NY"
7992,3.996,"SB",29501,152,"29501_20201231",0,2.9615124262643846,2,20.880611741489886,0.012087805821487285,5,"IA"
852952,10.530271604938271,"SB",29510,11221,"29510_20201231",0.8190034204551914,2.862230476753573,81,9.941267207443055,0.4979174853521553,4,"GA"
101224,5.623555555555556,"SB",29517,1412,"29517_20201231",0.5579098198225664,2.7886451980430267,18,17.406740674067407,0.6324978218618055,5,"MT"
1352346,7.555005586592179,"SI",29520,16219,"29520_20201231",0.4957590714917949,2.1914595492566153,179,11.898747001856702,0.6979130382701592,4,"PA"
121582,6.0791,"SB",29521,1479,"29521_20201231",0.21961679463235803,2.878293108538877,20,18.999525011874706,0.30409484930509023,5,"OH"
1495264,5.685414448669202,"NM",29523,22065,"29523_20201231",1.4689535917014602,2.907274845638821,263,8.341046563552958,1.12443377956687,4,"IN"
33643,8.41075,"SI",29532,278,"29532_20201231",1.9201995012468827,2.068179016150906,4,14.761340053364957,0.003082234003205523,2,"IL"
124282,4.97128,"SI",29535,1580,"29535_20201231",1.0407700133030753,2.6491854381301616,25,12.206457172755531,0.6717952697852195,8,"IL"
385054,5.134053333333334,"SB",29537,7398,"29537_20201231",1.7803976660467271,3.5449761770525874,75,16.26877411371882,1.5001271294177472,4,"WY"
5530949,5.203150517403575,"NM",29546,69408,"29546_20201231",0.15570913670552874,2.256102457290598,1063,11.756757652803739,1.260691920973965,4,"MO"
275504,5.51008,"NM",29548,3884,"29548_20201231",0.11606935590435885,2.6481799438656655,50,11.064087061668681,1.2736814318795922,4,"AL"
1402300,7.790555555555556,"SB",29566,12771,"29566_20201231",1.558037104595809,2.6235382988890943,180,9.068505636288883,1.7316220058056084,9,"IN"
141732,7.459578947368421,"NM",29571,1359,"29571_20201231",3.1981416865958368,2.1320999573150297,19,25.711159737417944,0.4375925676585431,4,"OH"
141443,4.8773448275862075,"SB",29577,2922,"29577_20201231",1.0514085445991506,3.5887637755816764,29,14.134519518367972,0.6903135149811032,4,"LA"
127426,5.540260869565217,"SB",29578,1710,"29578_20201231",1.3481286805859738,2.8166949744367904,23,9.735354169938747,0.23623337098123065,4,"OH"
35171,5.0244285714285715,"SB",29582,637,"29582_20201231",1.7251707200191684,3.477507368325039,7,17.972817063905225,-0.3249474098270938,7,"SC"
1021460,8.441818181818181,"SB",29613,10955,"29613_20201231",2.3996800426609783,1.930511979064065,121,24.47487832008145,0.3481448026125074,4,"MD"
93477,3.223344827586207,"SB",29617,1612,"29617_20201231",2.0291576231622916,3.7223833770057926,29,8.44289141064674,-0.029577501818468632,5,"OH"
548435,6.23221590909091,"SB",29624,7339,"29624_20201231",0.1001227857135609,2.376290600661897,88,12.760529633601791,0.4149739402707041,8,"OR"
23028,7.676000000000001,"SB",29627,351,"29627_20201231",0,2.8565706395134347,3,26.44453623387948,-0.14757191495641359,5,"PA"
655774,6.97631914893617,"SL",29632,9838,"29632_20201231",0.5530625352938386,2.51631550172565,94,10.236850209364002,0.6307447175739357,4,"CT"
160366,4.71664705882353,"SB",29636,2600,"29636_20201231",2.3046145168681917,3.201579255559797,34,15.247257960453908,0.506763871132529,5,"ME"
315500,5.172131147540983,"SB",29637,4613,"29637_20201231",3.0462398844465843,2.6259031446663714,61,9.709377828499468,0.6201163223823627,7,"WY"
156103,4.591264705882353,"SI",29645,3215,"29645_20201231",0.702660070266007,3.5574457249065485,34,10.67966899194792,1.018587844205882,4,"IL"
46224,11.556000000000001,"SB",29646,349,"29646_20201231",0.6550902708124373,1.4231180606212492,4,16.5408598621595,0.496748757009304,5,"MS"
853481,9.378912087912088,"SI",29657,14702,"29657_20201231",1.0348263932561441,2.324035966912201,91,15.834330160334709,1.2957156682912874,5,"WI"
86622,3.9373636363636364,"SB",29661,2071,"29661_20201231",0.5423123559274606,3.8307171463845857,22,9.974515235457064,0.5312673414693951,5,"ME"
505529,6.831472972972973,"SB",29672,6402,"29672_20201231",0.7780889044452223,2.2860152923181687,74,15.197607280520769,0.2232040494896135,5,"PA"
713399,6.54494495412844,"SB",29675,10916,"29675_20201231",0.05786822800471519,2.4681142425500013,109,11.077186414968306,0.7222990538589146,4,"IL"
211543,5.036738095238095,"SL",29676,3919,"29676_20201231",1.2766604569820932,3.041617764668003,42,12.296712741155075,1.039145833549714,8,"WI"
75861,12.643500000000001,"SI",29677,699,"29677_20201231",0,1.7532826958242893,6,12.26449944588105,0.840416498824866,2,"IL"
163296,4.413405405405405,"SB",29679,3191,"29679_20201231",0.7315222340264076,3.7793371278535335,37,10.171244392840602,0.5203842107693325,4,"LA"
2541489,6.466893129770993,"SB",29683,30630,"29683_20201231",0.8754079239617327,2.026048502864353,393,17.109734571505474,0.4275060080570786,9,"TN"
38898,7.7796,"SB",29685,435,"29685_20201231",9.62950961330741,2.7647798614045893,5,16.854913235445117,-0.3487797799377797,8,"VA"
391221,5.080792207792208,"NM",29690,5417,"29690_20201231",1.8768945113698647,2.522618072467268,77,10.899645689644302,1.5106773295286255,4,"IN"
88238,5.190470588235294,"SI",29691,1282,"29691_20201231",0.45059338706606594,2.736714126336041,17,12.831469146663316,0.053569723324024626,5,"WI"
308536,3.2477473684210527,"SB",29692,9063,"29692_20201231",0.7391672113499174,3.9418056203053817,95,14.93272757950519,1.8500535299353034,5,"NE"
249038,5.534177777777778,"SL",29695,3326,"29695_20201231",0.7864014987140271,2.300409017502729,45,11.4008853709786,1.508031936569586,4,"OH"
145754,4.048722222222222,"SM",29696,2867,"29696_20201231",0.053917534549788586,3.746082017913327,36,10.482790583157726,0.8795925596292318,4,"WY"
236163,4.81965306122449,"NM",296,3044,"296_20201231",0.7307435659239294,2.474219015600801,49,11.264097067471043,1.1938447158535375,8,"KY"
514482,4.149048387096774,"SB",29700,10233,"29700_20201231",0.9500120016378707,3.2906584008061115,124,11.13924298306544,1.0652242571134343,4,"LA"
124866,4.1622,"SB",29703,1812,"29703_20201231",0.4774081675208797,2.7618917331767343,30,12.396660983690932,0.6047633665216346,5,"OH"
214021,2.8536133333333336,"SB",29705,7186,"29705_20201231",0.4922603962219808,5.340759995048892,75,8.414399692396424,1.1451912365391756,8,"OH"
2586577,3.9793492307692313,"SB",29708,102722,"29708_20201231",0.8583441795652152,5.559643544660991,650,14.647240894957298,4.507300111614307,5,"MO"
77021,4.530647058823529,"SI",29710,1294,"29710_20201231",1.2720769883116405,2.93121500782084,17,11.793328638197067,-0.09344047841524948,5,"IN"
112345,4.160925925925926,"NM",29731,2164,"29731_20201231",2.655204026915293,3.946201538979874,27,10.255897640943623,0.2788287642851334,4,"AL"
161670,6.736250000000001,"SB",29743,1911,"29743_20201231",0.9895930124512172,2.073625884907005,24,10.045436398547556,0.7428014496456317,6,"ME"
443496,5.685846153846153,"SB",29744,8027,"29744_20201231",0.24207041401160512,2.9767871107330492,78,10.590456881935536,0.24381389955950958,4,"NH"
174537,5.133441176470589,"SI",29745,3150,"29745_20201231",0.14799881600947193,3.1858907579175963,34,12.600573162104153,0.5367965791918793,4,"WI"
172163,4.099119047619048,"SB",29749,3429,"29749_20201231",1.1838473596645605,3.674336955202648,42,14.480978054521984,0.16100757096048227,8,"OH"
133308,3.8087999999999997,"NM",29764,2306,"29764_20201231",0,3.11815203072052,35,9.275619763255937,0.6178679075247027,4,"MO"
485473,5.92040243902439,"SI",29771,6666,"29771_20201231",0.08118144454744694,2.653862802986723,82,8.771882474089821,1.067602755383446,4,"NC"
205940,7.3549999999999995,"SB",29772,2726,"29772_20201231",1.7299780241569043,2.2387093010263057,28,15.508196081873054,-0.21210386266349054,7,"GA"
34703,3.154818181818182,"SB",29774,555,"29774_20201231",1.298804780876494,3.837830124736911,11,15.499030587145876,0.40429504025113855,5,"KY"
825172,4.6884772727272725,"SI",29782,8622,"29782_20201231",0.29105936170582636,2.0606629023020537,176,10.159379167034995,1.4574420514634,8,"TN"
365364,3.7282040816326534,"SM",29783,8521,"29783_20201231",0.03520685986105026,3.822224803443995,98,9.55200119400015,1.5387509951819882,4,"CO"
550259,7.435932432432432,"N",29787,6366,"29787_20201231",0.17568900380699898,2.0033994911508564,74,8.208673493464207,1.5980633008971523,4,"OH"
151085,4.083378378378379,"SM",297,2157,"297_20201231",1.2782037349073252,2.811692448558025,37,9.512131147540984,1.22244500031716,8,"KY"
594174,10.244379310344828,"SI",29800,4702,"29800_20201231",2.3085845085568564,1.4732545548873186,58,22.287112752223422,0.6518473527513706,8,"IL"
224985,4.499700000000001,"SB",29804,3645,"29804_20201231",1.1014492753623188,3.327640077159138,50,21.008420911931296,-0.29756906952240164,5,"LA"
746523,6.91225,"SI",29809,6472,"29809_20201231",0.19539993636832043,1.7530295237579627,108,14.864000215979805,0.1791941872845722,5,"IL"
150081,5.175206896551725,"NM",29813,2381,"29813_20201231",2.705755981924587,2.57112857850462,29,19.567356927210096,-0.06139802615693887,7,"OH"
438696,5.553113924050633,"SB",29835,8394,"29835_20201231",0.34589561675200753,3.050369838674825,79,11.694026447788417,0.3525940044551454,5,"MA"
467865,4.823350515463917,"SB",29838,7644,"29838_20201231",2.359964142127567,3.0524979372928196,97,14.351874735396578,0.09106339555778205,5,"OH"
469765,5.0512365591397845,"NM",29839,6755,"29839_20201231",1.1325005864027249,2.750528511103631,93,8.991271728993997,1.349996348954465,8,"IN"
191336,9.5668,"SM",29842,3905,"29842_20201231",0.5255286734594043,2.973942101508593,20,15.127126009344169,0.36720530459101325,5,"MA"
7172306,6.909736030828517,"NM",29845,66877,"29845_20201231",0.9052048314489056,2.4843246496848437,1038,9.356282231023956,0.9465182865774062,4,"OH"
426307,5.015376470588236,"SB",29846,6036,"29846_20201231",0.6445903732144411,2.683962363716226,85,14.076778453062829,0.6141376291473136,8,"MI"
592255,6.234263157894737,"NM",29847,5867,"29847_20201231",0.6280244268050986,1.9754588168457563,95,8.689983261386661,1.2782490798180546,4,"OH"
30770,6.154,"SB",29857,454,"29857_20201231",0,2.447232547872987,5,21.074697561287845,0.006397993589210425,5,"KS"
130675,4.666964285714286,"NM",29858,1856,"29858_20201231",1.1212124133542858,2.869905456011016,28,7.53895701532271,1.4223580580698247,4,"OH"
269776,6.131272727272727,"SB",29874,3956,"29874_20201231",0.7055236282836583,2.556646679182054,44,28.745993071294677,0.20361340400964098,5,"MI"
712414,10.960215384615385,"SI",29875,8849,"29875_20201231",1.353770084254496,1.972155482248884,65,15.849966804967702,0.6452246082656848,4,"NJ"
262108,5.957,"NM",29878,4065,"29878_20201231",0.5090633027236706,2.9058211150936724,44,9.089050396568219,1.2063732130090754,4,"IN"
724924,3.855978723404255,"N",2987,18646,"2987_20201231",1.3426318002961222,4.128819406112974,188,8.308902660778566,0.7968266506479141,4,"WA"
368772,4.443036144578313,"SB",29881,6650,"29881_20201231",0.587837980454651,3.682587843789762,83,11.859476820721788,0.9921334938804683,8,"IN"
309592,9.381575757575757,"SB",29904,2348,"29904_20201231",0.18706912614123344,1.3314414940760788,33,40.02752858114454,0.9989123249088193,8,"TN"
220517,7.3505666666666665,"NM",29907,3485,"29907_20201231",0.32570719353751015,2.7523373857569884,30,11.273262184337444,1.9033339381726848,4,"IN"
85670,8.567,"SB",29910,940,"29910_20201231",0.18119829292134565,1.9735282221509367,10,16.059417040358746,0.3324081693375547,5,"IN"
1434905,6.349137168141593,"SB",29922,22075,"29922_20201231",0.042191465514649994,2.739638221374042,226,9.800572947422232,0.8126706922884477,4,"WA"
180918,3.479192307692308,"SB",29933,3545,"29933_20201231",0.9609273536157396,3.25705446694041,52,10.224953424352808,0.6323765317787841,6,"IN"
243661,4.685788461538461,"SB",29937,4138,"29937_20201231",1.8461950202107829,8.114421154376567,52,12.48181792107646,-5.211006050725261,5,"KY"
741169,17.236488372093024,"SI",29941,5283,"29941_20201231",0.12373166120021498,1.5944137156511606,43,13.632414109368254,0.2690379386625849,4,"NJ"
89502032,10.094973155876382,"N",29950,1039105,"29950_20201231",0.8892709539197441,4.581308748770444,8866,12.132766475123272,-2.033810048121764,4,"DE"
1869420,2.8893663060278207,"SM",29961,108705,"29961_20201231",0.8109356784837464,9.219803953810517,647,9.784942054663775,2.5212737588345306,4,"IN"
13358,4.4526666666666666,"NM",29966,179,"29966_20201231",0.6187161639597835,3.1110060151042664,3,18.732477497417737,-0.8202414909182271,8,"OH"
134394,4.799785714285714,"SL",29975,2239,"29975_20201231",2.1474558670820354,3.18461481325592,28,10.045771916214118,0.3404350140506815,5,"OH"
123481,4.5733703703703705,"SB",29980,1485,"29980_20201231",2.6896030033900202,2.5584034885628792,27,8.552723449346553,-0.5311330217578473,7,"IL"
221708,5.156,"NM",29981,3672,"29981_20201231",0.7841626411403846,3.2219153583554165,43,8.36745703950685,0.9035148590935977,4,"MI"
36541,4.5676250000000005,"SI",29986,450,"29986_20201231",0.687970166527358,2.5932847001650767,8,18.464769906434984,-0.22609519969926617,8,"IL"
244843,5.322673913043479,"SL",29988,3799,"29988_20201231",0.41027040914638063,2.590233219217865,46,29.14869110379933,1.7258256288308973,8,"KS"
537062,5.066622641509434,"SI",29995,7266,"29995_20201231",0.8046976946498478,2.5301630487699707,106,11.337959053249037,0.5009456566362284,4,"PA"
52897,4.808818181818181,"SB",29999,1068,"29999_20201231",0.44957290573954745,3.639462526309367,11,26.361296154375207,-0.3241009059573559,4,"SC"
1193261,12.560642105263158,"SI",30011,9680,"30011_20201231",2.0905208555505443,1.338821911308744,95,10.418209422561263,0.7576630994477207,4,"PA"
14549040,14.696000000000002,"SB",30012,101726,"30012_20201231",0.38829344903014934,1.2330863644486287,990,10.374875542908656,0.537152578828612,5,"OH"
15685,7.8425,"SI",30031,238,"30031_20201231",1.6877977872890253,2.3301732913084536,2,22.72328698484279,0.49669483314732826,5,"PA"
981022,9.168429906542057,"SI",30039,14435,"30039_20201231",0.8054327444369893,2.130025250546894,107,10.43521974972919,-0.05634668579039033,4,"NJ"
62921,4.840076923076923,"SI",30043,789,"30043_20201231",2.4334251606978876,2.7448738966599473,13,9.725048647524547,0.6177677535500256,8,"IL"
1945363,11.579541666666668,"SI",30052,22189,"30052_20201231",1.0145061846172299,3.3418752395079236,168,10.72382629998929,-0.9519315743784525,4,"NJ"
161140,4.476111111111112,"SB",30058,2154,"30058_20201231",1.199049274539714,2.564447202409814,36,8.911680570921668,0.6619954326083625,8,"IN"
31955,6.391,"SL",30065,498,"30065_20201231",0.5890168290522586,3.103101788306067,5,39.64025856415701,0.34478908758956306,5,"IN"
41377,5.172125,"SM",30067,656,"30067_20201231",2.0920853638044026,2.888640124598462,8,13.834653027098806,0.20928647912002335,8,"IA"
122576,7.210352941176471,"SI",30072,1678,"30072_20201231",0.7885076800032812,2.3917552182630586,17,15.837910529982663,0.2110130762422266,5,"NJ"
3271850,13.192943548387097,"SL",30076,37455,"30076_20201231",0.8329227974039568,1.8294894311827226,248,10.813061336270998,0.38455386398873675,4,"NJ"
143801,4.357606060606061,"SL",30084,1966,"30084_20201231",0.5350589685407737,2.7042854929475357,33,9.778510160612514,0.26225528170765855,5,"OH"
275324,6.715219512195122,"SI",30085,3469,"30085_20201231",1.4902143473496419,2.8582710159876226,41,8.15268825217035,-0.16720925734914904,8,"PA"
98866,7.061857142857143,"SI",30103,1170,"30103_20201231",0.09482770642457711,2.17387212738326,14,13.816954008287716,0.490402129746392,5,"NJ"
526324,6.57905,"SB",30111,6275,"30111_20201231",0.7688880585217229,2.148490987097789,80,15.821546288403704,0.8771095007895151,5,"SC"
630875,6.125,"SI",30117,8910,"30117_20201231",0.34392059553349874,2.599322987509773,103,9.88619936690075,0.8819040866240089,4,"PA"
204097,4.746441860465117,"SI",30119,2945,"30119_20201231",0.4281006498506268,2.7392660307393397,43,14.959807807320757,0.25467215581006797,5,"PA"
107324,7.154933333333333,"SI",30121,1082,"30121_20201231",0,2.103391778917579,15,20.585648797829545,0.12412207501556301,5,"PA"
107452,5.116761904761905,"SB",30126,2201,"30126_20201231",0.5477007859788598,3.0982326995739813,21,11.56612560972249,0.6538936307937799,5,"NJ"
59871,4.2765,"SI",30128,877,"30128_20201231",0.3561123963504978,2.638350206636413,14,8.426994355362407,0.2112741376408065,8,"IN"
235230,5.004893617021277,"SB",30133,3383,"30133_20201231",1.095360824742268,2.5694080429644752,47,17.633713550059866,0.6887926357123808,8,"IN"
185784,5.160666666666667,"SB",30150,3314,"30150_20201231",0.08226700102090374,2.891624362967391,36,20.92647513296935,0.24440914090186971,5,"KS"
31029,7.75725,"SI",30152,335,"30152_20201231",3.4101472674788393,1.7277575662741722,4,9.147703363221442,0.35859119300029996,5,"IL"
318654,14.484272727272726,"SI",30154,2161,"30154_20201231",0,0.9820415831155942,22,28.520343141916953,0.30508800712969153,7,"PA"
562330,14.058250000000001,"SB",30155,4342,"30155_20201231",1.6633240196330514,1.4584152172517215,40,22.12250445215109,0.6521021851918246,5,"PA"
123329,6.4910000000000005,"NM",30166,1524,"30166_20201231",0.4840716384204418,2.4177806349736377,19,9.48684813873025,0.6732961239052111,4,"AL"
329600,6.5920000000000005,"SB",30167,5371,"30167_20201231",0.052404372758317046,2.490735181791607,50,15.489970786324578,1.14038203426804,4,"AL"
38385,6.3975,"NM",30176,1103,"30176_20201231",0.2248533183431121,4.508554283525557,6,11.899844463142864,-1.0506660424735073,5,"OH"
258794,3.921121212121212,"SM",3017,5544,"3017_20201231",0.14905351021016544,3.534336441989482,66,8.348507810450222,1.4245737247011276,4,"CO"
1246129,3.480807262569833,"SM",30182,38759,"30182_20201231",0.7450075774848115,4.89310794375078,358,11.721513878988256,1.9649368500308337,4,"MT"
145402,7.652736842105264,"SI",30183,1559,"30183_20201231",0.49815568315777464,2.2995831467254626,19,13.495910119849459,0.34881317394150274,7,"NJ"
25073,5.0146,"N",3018,390,"3018_20201231",0.4060586529165324,3.0300753762552275,5,10.932359784963491,-0.9223783170143324,2,"CO"
85685,4.080238095238095,"NM",3019,1510,"3019_20201231",0.18554422832363918,3.4145942286662248,21,9.417588884914087,0.792275131487915,4,"CO"
238166,4.036711864406779,"NM",30219,4406,"30219_20201231",2.7105223085122585,3.4897932785842314,59,8.072273879966188,0.6361877308160362,4,"OH"
67363,4.2101875,"N",30220,917,"30220_20201231",0.007318322640450809,2.676087477200287,16,9.255470091852738,0.2871074918166688,5,"IL"
11069,1.8448333333333335,"SI",30241,328,"30241_20201231",2.2350485079209137,6.555741005213621,6,6.060875756496974,-2.6240170690159506,5,"IL"
178261,7.13044,"SI",30248,2183,"30248_20201231",0.3077673594421448,2.3625939446487823,25,9.213136934980472,1.4479489587956733,4,"WI"
532681,7.102413333333334,"SI",30260,8434,"30260_20201231",1.2724493889094814,3.002199799168051,75,10.019177910688983,0.3472836692827494,5,"NY"
252747,3.2824285714285715,"SI",30270,5281,"30270_20201231",1.9989386166637184,3.343485115519999,77,14.073928121059268,0.6545943064153503,4,"LA"
53376,3.139764705882353,"SI",30291,1050,"30291_20201231",0,3.504925363164492,17,18.721810116673502,0.26326233108970953,2,"TX"
136152,5.919652173913044,"N",3029,1901,"3029_20201231",0.44490382886931507,2.4105596074055353,23,10.009898357168183,1.0835188005154035,2,"CO"
2051715,10.467933673469389,"SB",30303,18655,"30303_20201231",2.696863376010123,1.7886439906157365,196,32.4512538913108,0.7633716108319691,4,"NY"
481551,7.524234375,"SB",30306,8094,"30306_20201231",0.2165991457131534,2.7358812875350833,64,9.536966112178398,0.04358812460225837,4,"CA"
269932,5.29278431372549,"SI",30313,4420,"30313_20201231",0.15309608577490766,2.829314419315961,51,8.496886222611678,0.21397845740412663,5,"WI"
426587,9.69515909090909,"SB",30315,4754,"30315_20201231",0.7687788745367382,2.074017611423051,44,15.961883344245495,0.5923654289035921,5,"NC"
789027,5.190967105263158,"NM",3031,10455,"3031_20201231",0.6710939217443611,2.2733130559591297,152,8.756349128113602,1.68014359037984,2,"CO"
57937,2.89685,"SI",30332,1538,"30332_20201231",2.8693960562383944,5.263120774957066,20,28.701747325351313,1.7296889381014682,4,"LA"
29739853,20.369762328767123,"N",30337,222602,"30337_20201231",0.7642168002628343,1.5382581012201693,1460,11.331764201993321,0.8510050184929362,4,"NY"
73588,6.132333333333334,"SB",30339,1316,"30339_20201231",1.3423654521455433,3.2302071637588505,12,15.6789755807028,1.249323707189938,8,"LA"
489376,6.041679012345679,"N",3034,5968,"3034_20201231",0.0073050821456487275,2.1136255716318155,81,10.806955273878238,2.161615549303847,2,"CO"
494946,8.999018181818183,"SB",30350,4875,"30350_20201231",0.43990869401413907,2.216749194617171,55,10.14716026215717,0.672810414093075,5,"VT"
167448,9.849882352941178,"SI",30357,1550,"30357_20201231",1.4907091292903496,1.6956113374491346,17,25.498343836320807,0.31773727319451717,7,"IL"
58184,9.697333333333335,"SB",30358,870,"30358_20201231",0.29480777329883884,2.516392299107143,6,21.759227555981646,0.29296875,5,"NC"
266258,5.916844444444444,"SI",30367,4144,"30367_20201231",0.4095869309899138,2.917237161618063,45,10.21480871585262,0.226115169555135,5,"NJ"
18778630,5.6426171875,"NM",30387,178898,"30387_20201231",2.9343423009981042,2.745922561648158,3328,11.923043575691787,0.6862618751150786,4,"PR"
105287,5.26435,"SL",30388,1532,"30388_20201231",0.48554271785013575,2.436937601416138,20,12.312615313653136,0.2655258887741555,8,"CO"
687169,6.607394230769231,"SB",30394,11482,"30394_20201231",2.1020328898790854,3.970965201697527,104,9.537426172580659,-0.6486925046815127,4,"NY"
48746,4.431454545454546,"SB",30395,1098,"30395_20201231",0.5567515403459283,3.541196730456717,11,22.00385277481761,0.3537154268435648,8,"NE"
587587,13.990166666666667,"SB",30397,4019,"30397_20201231",0.30955697386748715,1.4230038418329842,42,15.89031813149298,0.36337914869419286,5,"NY"
344800,3.9181818181818184,"NM",303,5031,"303_20201231",1.7886402213479067,3.0472784790073266,88,12.471778362557234,1.5143203450724483,8,"KY"
2546878,8.377888157894738,"SI",30401,31733,"30401_20201231",0.21882972203020468,2.252619215749024,304,11.829075563600448,0.7118635187930753,4,"PA"
302064,5.034400000000001,"SI",30402,4382,"30402_20201231",0.3926407250880703,2.9387664551957093,60,8.947760688393522,0.21111313875142682,8,"NJ"
338541,7.873046511627907,"SB",30422,4334,"30422_20201231",0.4866768228715301,2.4461385571413397,43,25.18504589822048,0.7285297214575704,4,"WI"
560170,7.569864864864864,"SI",30428,7233,"30428_20201231",1.19403446171907,2.4925468061376086,74,12.343671043122793,0.04248090062715435,8,"NJ"
178739,7.4474583333333335,"SB",30429,2558,"30429_20201231",1.6748085644690274,2.286278544075803,24,12.920827930006567,0.50232756574126,5,"NY"
233962,9.35848,"SI",30431,2315,"30431_20201231",2.486984260736104,2.176449852855307,25,8.724760398250675,0.6574645547673356,4,"PA"
89161,4.052772727272727,"SB",30433,1303,"30433_20201231",0.8254788382747693,3.696298285030639,22,10.461611675126905,-0.5145850113279355,4,"AL"
112906,12.545111111111112,"SI",30434,1793,"30434_20201231",0.6486830864572926,2.639152325618408,9,23.09000125275158,-0.02621364495115836,4,"NC"
160382,3.7298139534883723,"SL",30439,4655,"30439_20201231",0.5467156262749898,4.326946532575057,43,15.543090130929166,1.441875981523945,4,"OH"
1165864,5.422623255813954,"SB",30441,14946,"30441_20201231",0.2585386210404142,2.705503440932729,215,10.45106492387193,0.38708377042496755,4,"LA"
58147,5.8147,"SL",30447,855,"30447_20201231",1.4139929084147713,2.683381863198089,10,27.850912256391126,0.7166146496260004,7,"LA"
861115,6.834246031746032,"SI",30464,11582,"30464_20201231",0.5646815962401325,3.7184405474339632,126,7.369252380080744,1.1662709628188006,8,"PA"
2224017,10.744043478260869,"SI",30470,21051,"30470_20201231",0.6204707432472899,1.9201515444382384,207,8.422237493779473,0.43324846034881526,4,"NJ"
85212,4.734,"N",3047,1385,"3047_20201231",0,3.3571786342678807,18,18.067691695772687,-1.5848349023284487,7,"CO"
41016,8.203199999999999,"SB",30492,524,"30492_20201231",0,2.34641638225256,5,22.86895432296026,0.3797968867060684,7,"MN"
62301,4.4500714285714285,"NM",304,877,"304_20201231",0.5346587855991403,2.5069752434217603,14,19.489436619718308,0.9553394618465256,2,"KY"
179748,4.73021052631579,"SI",30516,2877,"30516_20201231",0.5686135785970704,3.209751919866032,38,12.30329790514087,0.9563851356771146,8,"WI"
306654,12.26616,"SI",30519,2647,"30519_20201231",0,1.5449161402817257,25,12.658716623655774,0.19541101450049939,4,"NJ"
686391,5.968617391304347,"SB",30530,8349,"30530_20201231",0.5958333176104782,2.379208145498443,115,11.81928516147189,0.7261901212588432,4,"NY"
1050889,7.784362962962964,"SI",30544,11112,"30544_20201231",0.522448816498594,2.206395897265998,135,16.373860500855717,0.5863849458119091,5,"PA"
171873,9.045947368421052,"SB",30551,1452,"30551_20201231",1.368468827792983,1.3740000300960409,19,24.619546838011498,-0.1655282260351591,8,"PA"
68943,5.303307692307692,"SI",30585,962,"30585_20201231",2.9553233853106335,2.2116894462939687,13,10.845084283484937,0.5529223615734922,8,"WI"
139914,3.9975428571428577,"SM",30595,2307,"30595_20201231",0.9063474198978119,2.694631358342827,35,9.379311305898911,1.0939398947302224,4,"MO"
93133,5.174055555555555,"SB",30615,1319,"30615_20201231",1.2759325995909223,2.6108575171404063,18,8.927121244022016,-2.2499001283629365,5,"IL"
9233,3.077666666666667,"SI",30618,184,"30618_20201231",1.8807339449541285,3.8021556569463733,3,11.149228130360205,-1.124115585531971,8,"IL"
94799,5.576411764705883,"SI",30619,1203,"30619_20201231",0.14247583321310056,2.6023109603745165,17,8.496676325208794,0.8884839847379198,8,"SC"
273398,6.834950000000001,"SI",30637,3455,"30637_20201231",0.4016064257028112,2.130412741426844,40,13.561247830006632,0.4513913269593277,5,"PA"
221191,9.617,"N",3063,2115,"3063_20201231",0.009747884266028625,1.8098399849786233,23,12.216322173344867,1.160027801344256,2,"CO"
60164,5.0136666666666665,"SI",30656,656,"30656_20201231",0,2.102414654454621,12,8.385237984212104,0.32091312794893145,8,"IL"
10870448,8.349038402457758,"N",3066,113400,"3066_20201231",0.8131681015535294,2.1022778374470596,1302,10.4084261861193,1.9760587079334504,4,"TX"
603664,7.8397922077922075,"N",3067,6479,"3067_20201231",2.0468127369108644,1.9084333802978724,77,11.976438897981451,1.8292913630719876,4,"TX"
327969,4.685271428571428,"SB",30680,5200,"30680_20201231",1.315687954551915,2.4643593346663115,70,15.25895894468199,0.4026791628235207,5,"MD"
65894,4.706714285714286,"NM",30688,1370,"30688_20201231",0,3.754689754689754,14,12.448663367081371,0.481962481962482,4,"OH"
190478,1.9636907216494845,"SL",30692,4129,"30692_20201231",3.8583427700880675,4.7204278553441466,97,9.717741050459823,0.30465890103822046,6,"GU"
303727,5.522309090909092,"NM",306,5014,"306_20201231",0.2643181234483349,3.258687880918894,55,8.312048843349466,0.6673406000937646,4,"LA"
741781,7.5691938775510215,"SI",30704,9553,"30704_20201231",1.6578608460192188,2.516061704865399,98,8.366969975993035,0.441436553029237,4,"NJ"
168110,3.2328846153846156,"SL",30707,2915,"30707_20201231",0,3.0110683010558468,52,16.404560703981883,0.7951016880433701,5,"CO"
423835,6.32589552238806,"SB",30722,6429,"30722_20201231",0.44589706203742663,2.860597524404563,67,14.336285682048969,0.21995269198329426,4,"CA"
62755565,514.3898770491803,"SB",30746,5498,"30746_20201231",17.689587875233055,0.29158105702277315,122,7.611784411264384,0.050482873992398744,5,"VA"
200334,4.553045454545455,"N",3075,3070,"3075_20201231",0.1115102469951971,2.593047060111592,44,9.9962423810616,0.7080397369872521,4,"TX"
17747717,11.991700675675675,"NM",3076,149194,"3076_20201231",0.4268924361724354,1.693477834732459,1480,11.007363151525515,1.4175703568925055,4,"TX"
7271739,7.005528901734104,"N",30776,134310,"30776_20201231",1.1813248010933652,4.68286430272797,1038,8.60295043729871,1.6731950851928425,4,"SD"
18492383,6.236891399662732,"NM",30788,245550,"30788_20201231",0.29841615948881717,2.423195107258166,2965,9.562564440564964,1.6785688710409572,4,"MT"
74934,5.352428571428571,"N",3078,1094,"3078_20201231",2.0804516584333097,2.8824650281828346,14,7.848503092332111,1.3877478834348826,8,"TX"
73747,8.194111111111111,"N",3079,617,"3079_20201231",0,1.7690376011365458,9,14.283358753452328,1.1995528939213564,2,"TX"
159097,3.977425,"NM",307,2945,"307_20201231",1.6586485235210047,3.3831142970927917,40,9.152939069934005,0.6405150670383646,4,"LA"
332972,5.549533333333333,"SB",30812,4653,"30812_20201231",0.526685667434506,2.3748848231169686,60,8.945661963374361,0.26343567687418934,5,"MS"
227169,4.368634615384615,"SI",30819,4023,"30819_20201231",1.7187156616827954,2.9801244700198555,52,10.994823065372806,0.6479337494693247,8,"IL"
2110728,7.731604395604396,"SM",30836,21244,"30836_20201231",0.31220595830179204,1.7456482812217626,273,11.379903084588852,0.9107916455683186,5,"HI"
1571758,5.457493055555556,"NM",30846,27518,"30846_20201231",0.9237550934803452,3.429445376875174,288,8.976982975245242,0.394903747197779,4,"GA"
260421,5.3147142857142855,"SI",30864,3745,"30864_20201231",0.8754636107802185,2.965729526109499,49,8.4888914447831,0.2890261584730427,8,"IL"
474580,4.0218644067796605,"N",3086,9755,"3086_20201231",1.797613274524746,3.413788688080778,118,9.527566012015953,1.074876776841363,4,"TX"
103476,10.3476,"SL",30878,1071,"30878_20201231",1.447360780442483,1.8441225996787596,10,11.863038742803797,0.4263137552706558,5,"ME"
1170722,7.052542168674699,"SB",30879,17364,"30879_20201231",1.3056607968282494,2.3864286369348187,166,9.783216943060054,0.5403333151772058,4,"CA"
218619,5.205214285714286,"N",3087,3268,"3087_20201231",1.2005430125059724,2.490087077264571,42,9.248530508657451,1.378764099329686,4,"TX"
63862,5.8056363636363635,"SL",30889,1106,"30889_20201231",0,2.9758437553537775,11,12.465123652504756,0.654445776940209,5,"OH"
2802382,5.410003861003861,"N",30895,47863,"30895_20201231",0.7117728241017689,3.0695208595396046,518,9.234548445472841,0.9297643829149463,4,"KS"
2024642,10.712391534391534,"NM",30903,19992,"30903_20201231",1.2198621294877174,1.8081492974334947,189,9.918080387481004,0.9379302856473777,4,"MD"
730154,5.704328125,"N",3091,9877,"3091_20201231",1.5569543357158553,2.5556153620747035,128,10.061149882725266,1.6267999972686267,4,"TX"
141448,4.041371428571429,"N",30943,786,"30943_20201231",0.8593468062071454,0.9562425293552393,35,12.032770474185522,0.3164037780954836,6,"MN"
2512874,9.627869731800768,"SB",30953,19029,"30953_20201231",0.4372375994512577,1.5465617052817218,261,10.199213013397088,0.510281018772923,5,"CA"
128180,7.121111111111111,"SM",30969,1319,"30969_20201231",0.0045933190174890625,1.9190285268120406,18,11.547198880652743,0.5320568361890894,5,"IL"
127275,4.105645161290322,"SL",30976,2803,"30976_20201231",0.45912525761392264,3.7515657265357243,31,20.539882121807466,-0.369905307330303,5,"NY"
142850,7.936111111111111,"SL",30987,1394,"30987_20201231",0.9928897917724734,2.01052497279878,18,20.574954951194226,0.2924399960434589,7,"SC"
120289,6.01445,"N",3098,1824,"3098_20201231",0.20685126409105836,3.4477693337633197,20,10.583554796254113,0.6112108221460929,4,"TX"
1232519,0.33786156798245615,"SB",30996,277152,"30996_20201231",4.1766253661373485,43.229209125716295,3648,9.074684305472038,2.6644439521901706,5,"NJ"
814789,15.66901923076923,"N",3099,5682,"3099_20201231",0.01850581844703526,1.4937730343526696,52,10.81801797061029,1.7383253866662969,7,"TX"
469471,4.557970873786408,"NM",31028,8149,"31028_20201231",0.27164795718310775,3.0986932589711658,103,8.833236984762383,1.8118983997445337,4,"MN"
451809,13.69118181818182,"N",3103,2839,"3103_20201231",0.0011293692472753966,1.232337873574029,33,10.567876113089428,1.0569152918699818,2,"TX"
204399,5.524297297297298,"NM",31043,3278,"31043_20201231",3.175875734523755,2.9999755353677036,37,9.921200227134618,0.2894981488428229,4,"TX"
205971,3.6780535714285714,"SB",31077,4397,"31077_20201231",1.279947489333771,3.7147608851546887,56,10.896742098521482,0.32905945956942545,4,"NC"
127436,9.802769230769231,"SB",31083,1517,"31083_20201231",1.6766084885975894,2.0288627501118714,13,14.45743808560943,0.256504506808157,5,"MD"
111698,5.5849,"SB",31089,1673,"31089_20201231",0.6846930486248114,2.60055445960835,20,10.295891002681737,0.5283695996966802,8,"SC"
872008,5.129458823529412,"N",3108,16261,"3108_20201231",0.6452173220767096,3.1049290079778546,170,9.485830130110914,1.4738571684058286,4,"TX"
35200,5.866666666666667,"SB",31090,504,"31090_20201231",0.04950495049504951,4.102392067002894,6,24.570935748167315,-0.9467058616160526,5,"KY"
158678,6.103,"N",3109,1407,"3109_20201231",1.0096930533117932,2.1430003387323118,26,8.852138710448266,1.0853259780031383,7,"TX"
1171207,4.921037815126051,"NM",31100,17524,"31100_20201231",0.6351496920794293,2.7661852090313426,238,9.75798336374742,0.7777492365213916,4,"SC"
44961,4.995666666666667,"SI",31109,868,"31109_20201231",0.692660401287763,3.2356925237051604,9,12.856760613628254,-0.1552592379246565,5,"MD"
160475,4.862878787878787,"N",3110,2563,"3110_20201231",0,2.668763475083978,33,12.307173189194694,1.630298795199467,8,"TX"
189311,5.567970588235294,"SM",31121,3155,"31121_20201231",2.286907714397598,3.8749517804858,34,6.766487961171208,0.8811259862603369,4,"MD"
176299,1.5882792792792793,"SB",31127,13531,"31127_20201231",0.7064074913320048,12.479573264316546,111,15.770296783033851,7.764388509825848,5,"AL"
418686,7.345368421052632,"N",3113,4666,"3113_20201231",0.5322789571631398,2.0679802029234806,57,9.882996022433664,1.4063053088086948,4,"TX"
260700,5.2139999999999995,"NM",31146,3600,"31146_20201231",0.08771681616253077,2.5277861779558157,50,10.029971585380094,0.9527873171580427,4,"TN"
225021,3.2145857142857146,"NM",31158,4666,"31158_20201231",0.0006922523121227225,3.5327126761327645,70,10.480604525016059,1.2284035338353603,4,"MS"
1048262,11.647355555555555,"SM",3116,12485,"3116_20201231",0.7638328676521655,1.8321956723086847,90,11.761039205424192,1.2723170420905343,4,"TX"
364936,5.213371428571429,"SB",31184,4853,"31184_20201231",0.49100310088177934,2.4884771337292153,70,14.547665301672932,0.47412256231113575,5,"PA"
1315286,7.430994350282486,"SB",31189,18318,"31189_20201231",1.1013262744009542,3.3753365949070386,177,11.187932019017513,0.39936615434425426,4,"NY"
90339,10.037666666666667,"SB",31197,1065,"31197_20201231",3.0815673489102213,2.0507826217242493,9,21.504853807259305,0.6906174353980064,5,"KY"
156421,4.227594594594595,"SB",31198,3327,"31198_20201231",2.152525479857249,3.524658409547106,37,13.512451931300562,-0.781608008416324,4,"TN"
371981,4.959746666666667,"SM",31217,6214,"31217_20201231",1.1973959544292025,2.9105151620691485,75,10.7503229440165,1.3712862227941653,4,"NC"
536603,3.2920429447852766,"NM",3121,23280,"3121_20201231",1.1806184063002336,5.925351495589644,163,11.547229344781975,2.9334413467519234,4,"TX"
1013447,5.197164102564103,"NM",31223,13387,"31223_20201231",0.2839402832022715,2.561469065096965,195,9.374546221902321,1.082575640964397,4,"IN"
66604,4.440266666666667,"SB",31232,1137,"31232_20201231",0.2586755810251512,3.4049110249527788,15,22.066198595787363,0.7471542896908242,7,"TN"
430433,4.530873684210526,"NM",31236,6788,"31236_20201231",0.8216803231768149,3.1237267090340657,95,11.132296723656745,0.8344581742624809,4,"KY"
175029,7.00116,"NM",31249,1911,"31249_20201231",0.0527739296787387,2.5701457508201346,25,10.362508943477224,1.288473356918249,4,"MN"
36259,7.2518,"SI",31266,388,"31266_20201231",1.7990935158634722,2.2893456046871035,5,19.448427089483005,0.12109888589024981,5,"NC"
60867,10.1445,"SB",31267,667,"31267_20201231",1.8499904269576872,2.277294038847957,6,27.063807514271225,0.14539395226504173,6,"MD"
473316,5.91645,"N",3126,5058,"3126_20201231",0.1264108104550789,2.8444567781323715,80,9.365872726554025,1.2937690506989172,2,"TX"
175054,3.9785,"SM",31272,3076,"31272_20201231",0.00418007774944614,3.108785166150297,44,9.344038457198312,0.9325181042400212,4,"TN"
509285,6.529294871794872,"N",3127,5880,"3127_20201231",0.20802427511800403,2.016969949228895,78,10.275956454873631,1.0904297984330764,4,"TX"
3058446,3.4794607508532422,"SB",31313,82775,"31313_20201231",2.2273987732944796,5.0043806290644754,879,9.788364127922216,2.4022533294901374,9,"FL"
85720,5.3575,"SL",31329,935,"31329_20201231",1.0306678853972957,2.0008814662346857,16,21.782097258401766,0.790037556087978,5,"MO"
60681,5.05675,"NM",3133,889,"3133_20201231",0,2.880026428064355,12,7.512996534257531,0.8399344921383538,4,"TX"
15069,5.023000000000001,"SI",31345,177,"31345_20201231",1.2548876966445395,3.3560793178995545,3,13.900046092052412,-0.4325923445109613,5,"NC"
136636,7.191368421052632,"NM",3134,1185,"3134_20201231",0.10749885986057724,1.706374262701554,19,7.894605803225279,1.0949748201992824,8,"TX"
1062282,1.6676326530612244,"SB",31361,77543,"31361_20201231",17.235339410931445,8.941763310029236,637,10.454555135736102,-2.271081665597002,5,"TX"
62925,3.7014705882352943,"SI",31381,1022,"31381_20201231",1.0828253854428112,2.9644205643898984,17,15.843053740541762,0.5462455996882247,4,"TN"
653589,4.216703225806452,"N",31390,14811,"31390_20201231",0.8007546624428485,4.179264399491212,155,12.55605450033172,-0.5709881500995325,4,"FL"
222524,6.544823529411765,"SB",31406,3746,"31406_20201231",0,2.8148959987260374,34,18.653886430579877,0.38499908668099875,4,"CA"
34520,5.753333333333334,"SB",31409,621,"31409_20201231",1.6747625607192056,3.206928147075341,6,29.080473165899424,0.19803150769958322,5,"KY"
206617,8.983347826086955,"NM",3140,2828,"3140_20201231",0.0031648323825649387,1.989421243742544,23,8.839510697759657,1.6281194316054162,2,"TX"
116752,4.8646666666666665,"SL",31410,2236,"31410_20201231",0.16179715183526108,3.8649687499423346,24,8.614436754930155,0.8552938723314739,5,"SC"
72390,6.0325,"SB",31443,1158,"31443_20201231",0.21007923640764506,3.1740565360883912,12,6.413766132186155,-0.44913186970871,5,"MN"
173524,4.957828571428571,"N",3144,2826,"3144_20201231",0.9790722314721136,3.0320433138249845,35,9.532459418495678,1.5251524207859006,8,"TX"
874507,8.658485148514853,"SI",31461,8278,"31461_20201231",1.1726963525547434,1.7296147737367755,101,9.264472169532127,0.9573451422725926,4,"PA"
9776815,4.3031756161971835,"NM",31469,120647,"31469_20201231",5.157776509274884,3.4593887002109818,2272,9.806171400929943,0.7785155122066418,9,"PR"
120030,5.218695652173913,"NM",31479,1255,"31479_20201231",0.7914022363251737,2.1741094825872445,23,8.906353979766326,0.7328357399743372,8,"AL"
412680,4.912857142857143,"SM",31485,8057,"31485_20201231",0.40249365365727124,3.578834687365868,84,8.855672580689118,0.8731829159189751,4,"NE"
147742,2.735962962962963,"SM",31488,2521,"31488_20201231",0.3179693692544575,4.009743501410766,54,9.17485829590757,1.3863758656274818,8,"MO"
45504,5.688,"N",3149,522,"3149_20201231",1.5737736671347635,2.407401579758945,8,14.506748839026084,0.5979167322277119,8,"TX"
51681,5.168100000000001,"NM",314,778,"314_20201231",0.014558159848595138,3.0880164089159954,10,10.228332724986819,-0.0998330066071299,2,"LA"
477567,3.2710068493150684,"SB",31516,21659,"31516_20201231",1.647198380729996,5.536005806018253,146,9.731620265708711,1.943918050042593,5,"IN"
173853,7.902409090909091,"NM",31539,1871,"31539_20201231",2.5387669488351188,2.160213528798808,22,18.11915969114476,0.5694793677682756,5,"OH"
115571,2.9633589743589743,"NM",31545,2362,"31545_20201231",0.8125303045886658,3.981985460647959,39,11.13201575467717,0.7258537599596047,8,"TN"
57492,7.1865000000000006,"N",3158,423,"3158_20201231",0,1.3694054776219104,8,16.492651699576232,0.786758702590366,2,"TX"
39432,4.929,"SB",31592,589,"31592_20201231",0.24087316522393679,3.1069266980497647,8,11.752645167822608,0.10759919300605246,7,"AL"
282394,6.7236666666666665,"N",3161,3599,"3161_20201231",0.5714988924440069,2.748735600832112,42,9.249363100532133,0.6185135314241369,2,"TX"
52225880,16.249495955196018,"SM",31628,394271,"31628_20201231",0.5560577599784021,1.4641468794183399,3214,9.008279614636201,1.1930107861713601,4,"CA"
251389,3.3518533333333336,"SI",31694,3723,"31694_20201231",0.2978673575432896,2.928693398159355,75,12.840502198250464,0.6969779141603907,8,"TN"
115010,3.3826470588235296,"NM",3170,1966,"3170_20201231",0.4996593231887349,3.192236359056945,34,8.201069819325259,0.46366612985704575,2,"TX"
95965,5.9978125,"NM",31711,807,"31711_20201231",2.8914237918751713,1.7330102919386488,16,12.420266556033813,1.2985062672700332,2,"AR"
25990,4.331666666666667,"SB",31723,392,"31723_20201231",2.7464049867308526,3.2315281436031724,6,13.12106368089573,-0.9401501195170596,5,"KY"
106591,3.135029411764706,"NM",31762,2139,"31762_20201231",0.10354937308963882,3.8820524632535047,34,8.086403189328017,0.6441210703009228,4,"TX"
41224,5.889142857142858,"SB",31774,662,"31774_20201231",1.396297458424851,3.28524078767791,7,13.415907710989677,0.36800545915383115,5,"SC"
282875,7.64527027027027,"N",3178,4548,"3178_20201231",0,3.1327978353097183,37,14.366093152589505,0.7920472719616162,4,"TX"
138075,5.3105769230769235,"N",3179,2225,"3179_20201231",0.6945093691985095,3.2160996285255963,26,10.080584651400102,0.5723434248716931,4,"TX"
227519,3.297376811594203,"SB",31823,4694,"31823_20201231",2.9504102128250045,3.5992859998326563,69,12.592505426113334,0.4202188484887926,4,"FL"
696064,11.601066666666666,"NM",3182,10716,"3182_20201231",0.06652307860083427,2.74017505088619,60,10.072860371003635,0.05737022079168514,4,"TX"
844639,9.082139784946238,"N",3183,13157,"3183_20201231",0.976737225427759,2.6747254335008988,93,10.325820515420263,2.518199130751473,4,"TX"
767153,13.002593220338984,"SM",31840,11419,"31840_20201231",0.02673992773432728,2.118594643742109,59,11.538528494467425,1.5870256774694984,4,"TN"
67261,4.484066666666666,"N",3184,1098,"3184_20201231",1.813749673525059,3.138989571161395,15,16.46550803362986,2.051934300509694,4,"TX"
94887,2.96521875,"SB",31864,2939,"31864_20201231",0.8745747689741016,5.1224119913418935,32,11.411339214784464,0.8610707973989566,5,"MS"
148926,9.307875000000001,"SI",31900,1632,"31900_20201231",0.3810066597008939,2.151785629543054,16,20.02229025674079,0.5525221449519814,5,"SC"
210974,3.102558823529412,"SI",31905,3966,"31905_20201231",0.7211901525449328,3.1750944471464435,68,10.306137437277599,0.5394172525091745,8,"TX"
117994,4.370148148148148,"N",3190,1850,"3190_20201231",0.15834715729150958,3.2551272375565112,27,9.104606858330447,1.4627006748389837,8,"TX"
318851,3.9856375,"SM",31928,5114,"31928_20201231",0.5385308194451681,2.87642585798578,80,8.634009333049756,0.9084134562238352,4,"VA"
269373,8.689451612903225,"SI",31936,2661,"31936_20201231",0.5335776651934893,1.8556739763777277,31,8.747419864011656,1.1455029717736633,8,"TX"
455857,16.280607142857143,"N",3193,2142,"3193_20201231",3.5116984213864346,0.8428261220616108,28,12.176395292700319,1.4817681621473864,7,"TX"
5901372,7.585311053984576,"SB",31945,44418,"31945_20201231",0.49619846619284247,1.7851701033208978,778,9.377231316687656,0.9738616154067841,5,"NY"
639565,19.380757575757578,"NM",3195,2907,"3195_20201231",0,0.9768369710684072,33,10.727170385195231,1.6888626850621997,7,"TX"
59902,7.48775,"SB",31972,876,"31972_20201231",0.0018036542034161212,2.5991286044905344,8,15.434637245068538,2.5893082193350287,5,"SD"
136223,10.47869230769231,"N",3197,1050,"3197_20201231",0,1.5136373314651117,13,9.03602603760813,1.1762241316546813,2,"TX"
320886,6.82736170212766,"NM",31980,331,"31980_20201231",0.04243198947686661,0.27800088676970763,47,11.219143372210368,0.26418937774548007,4,"TN"
159240,5.136774193548387,"SB",31994,1676,"31994_20201231",1.397796817625459,2.2450176306209766,31,11.000530870435634,0.007783938621049327,5,"PA"
450293,7.147507936507937,"SM",31999,6473,"31999_20201231",0.03512030882651729,2.3768338572156997,63,17.669614337421244,1.5790235594925361,2,"NE"
72294,3.01225,"SI",32018,1425,"32018_20201231",0.46216604965927044,3.7707929234786137,24,8.340780049217065,0.6256088259407699,8,"TX"
217018,3.8073333333333332,"SM",32025,4935,"32025_20201231",0.32094317995742594,3.589413806310673,57,10.845204703411493,1.3126350581370607,4,"AR"
666042,6.283415094339623,"N",3206,11461,"3206_20201231",1.3572770933389018,2.6680204079838403,106,10.718898488602466,1.4744522759194827,4,"TX"
230230,6.771470588235295,"N",32082,2454,"32082_20201231",0.33226125370743487,2.0920188158114255,34,9.95955648459511,1.5010455680537251,4,"MN"
663327,3.9019235294117647,"NM",32084,9926,"32084_20201231",0.41495227123107303,2.8253694740019877,170,8.345181724702627,1.3735918944679812,4,"OK"
1395233,7.118535714285714,"N",3210,17585,"3210_20201231",2.462340400609113,2.634591870903473,196,13.055538758158262,1.0807623688138768,4,"TX"
338311,3.759011111111111,"SI",32135,5529,"32135_20201231",0.4517447178912669,3.2620142060672914,90,11.931048126352714,1.333115316610312,2,"TX"
752329,5.224506944444445,"N",3214,12274,"3214_20201231",1.4608620790156892,2.981058363049075,144,9.736461781297246,0.9020363710530275,4,"TX"
19738183,13.354656968876862,"SM",32172,185830,"32172_20201231",0.22062634648238863,2.337596089232978,1478,10.887780577580841,0.4670648247454706,4,"CA"
6903054,24.920772563176897,"NM",32178,42585,"32178_20201231",0.10434576215381025,1.0481643505813985,277,10.361283561357066,0.6454104969921839,4,"CA"
260573,7.444942857142856,"N",3217,2563,"3217_20201231",0.8948035114593766,1.9701978878276742,35,11.114162625687102,0.9652759403824213,2,"TX"
108949670,6.4535996919796235,"SB",32188,2104269,"32188_20201231",5.614898824061335,5.717708509605257,16882,7.739331399017406,-0.32582798087097936,9,"TX"
433840,3.8392920353982305,"N",3218,6699,"3218_20201231",1.0580474148201096,2.6215802404023387,113,10.87620009617685,1.2348851581469233,4,"TX"
243170,5.066041666666667,"N",3219,3746,"3219_20201231",1.1658172499583432,2.320101748230292,48,13.24351773674486,0.9183736086744906,8,"TX"
138098,5.114740740740741,"NM",321,1889,"321_20201231",3.9867910429773183,2.806654569504978,27,12.656574605890262,0.7369299006994668,7,"MS"
867569,9.132305263157896,"NM",32203,10692,"32203_20201231",0.034975225881667155,2.18142272745479,95,8.154730913330337,1.3246736430880552,4,"CA"
3903167,13.459196551724137,"SB",32232,28866,"32232_20201231",4.195413670520928,2.1122527546424226,290,9.198224596584978,-0.33786972279053007,5,"MI"
923788,8.248107142857142,"SB",32242,8169,"32242_20201231",2.262073675277144,1.8727524694386422,112,9.492477201461408,2.8212040441641335,5,"OH"
9926432,7.055033404406539,"SB",32245,110929,"32245_20201231",1.0351067947153672,2.232523731205645,1407,11.63145312556471,0.6558299269263685,5,"PA"
352177,4.002011363636364,"SB",32257,5814,"32257_20201231",0.18932814562634614,3.112397477441379,88,11.989919522467481,0.4431810891393339,5,"NY"
418541,17.439208333333333,"N",3225,2815,"3225_20201231",0.03835603136455223,1.8079953886276245,24,9.500473333190977,2.807594705357206,4,"TX"
791321,7.193827272727273,"SM",3226,10481,"3226_20201231",0.3371670475405537,2.394876770108907,110,9.334595853108125,1.4221707074458774,4,"TX"
142042,5.68168,"NM",32277,2159,"32277_20201231",0,2.6762472021381023,25,14.339237533377137,0.25191615535408696,4,"CA"
1311546,17.966383561643838,"SB",32282,7215,"32282_20201231",0,0.9440868338244843,73,12.79893772399234,1.463073148194396,4,"CA"
86005,5.733666666666666,"NM",32286,1618,"32286_20201231",0.1539680404203477,3.341728012398295,15,16.82519052401489,0.8184812088337854,4,"OH"
780779,5.037283870967742,"N",3228,11137,"3228_20201231",1.2427338921862572,2.45279140198389,155,10.631100034852537,1.2461564296923406,8,"TX"
76066,4.225888888888889,"NM",32292,934,"32292_20201231",1.8358882608872442,2.897939687630921,18,9.120396113008711,0.5030033435712971,6,"OH"
143477,6.832238095238095,"NM",32293,1601,"32293_20201231",0.6002675478213146,2.0733626413857653,21,16.38005530591082,0.9344525112119538,8,"OH"
3480903,6.106847368421053,"SL",32296,50275,"32296_20201231",0.4794353308095575,2.491438911005315,570,10.552597835625496,4.184038119744552,5,"OH"
26821,0.9578928571428572,"SL",32306,2438,"32306_20201231",0.14960179522154265,13.657307654059073,28,8.255283590404233,0.8162893227699142,5,"OH"
68792,4.2995,"NM",32307,1089,"32307_20201231",0.681054307447373,3.2010438451548393,16,10.792748164324134,-0.1265174472132627,5,"OH"
301627,7.014581395348838,"NM",3230,3895,"3230_20201231",0.6623556310041311,2.2744794866567863,43,9.382936186307884,1.506326854940477,4,"TX"
38084,6.347333333333334,"N",3232,515,"3232_20201231",5.055742805289085,2.6376372323318793,6,15.796526733214822,0.2255873948704897,7,"TX"
118580,3.5933333333333333,"SI",32348,1958,"32348_20201231",1.0423579933632636,3.05798539569626,33,10.746641412659967,0.42212536153847513,5,"NC"
339256,3.2620769230769233,"SB",32360,10791,"32360_20201231",5.283981926598878,4.6250126731614705,104,24.94511304472503,1.2086355690326307,4,"MD"
816519,2.825325259515571,"SB",32363,45879,"32363_20201231",0.4176681322516195,8.3190054451672,289,10.729651019556078,2.8436442855368655,4,"MD"
949911,5.219291208791209,"SB",32367,22472,"32367_20201231",0.6479478456545172,3.4790860640241172,182,13.673151742264961,0.8010105709274592,4,"MD"
41756,4.1756,"N",3237,486,"3237_20201231",0.6451612903225806,3.525662239011898,10,10.286514953858047,0.4658456243604168,2,"TX"
381736,3.1035447154471543,"N",32441,15336,"32441_20201231",2.7401437744563917,6.819212927023911,123,10.624631297145303,1.6247584308319283,4,"OH"
387406,4.724463414634147,"SB",32459,6181,"32459_20201231",1.1217246788748583,3.0842518526265064,82,9.549866458211191,1.3196274639919054,4,"LA"
59709,4.593,"NM",32487,704,"32487_20201231",0.9338338808071328,2.410868859554209,13,8.75428389256396,0.1927342566544038,7,"MO"
7189782,7.132720238095239,"NM",32489,133003,"32489_20201231",0.9042790452887614,3.2421005714433635,1008,9.790428578318359,1.161306436111515,4,"WA"
96721,6.0450625,"N",3248,965,"3248_20201231",1.6202514301373618,2.5104348749006333,16,16.866782829082844,1.2010665557656608,7,"TX"
474845,3.5173703703703705,"NM",324,8830,"324_20201231",1.694722905239266,3.0690895173420567,135,9.763866169749912,1.3143208522961443,4,"MS"
2976083,6.584254424778761,"N",3250,40750,"3250_20201231",0.47517946873870387,2.5929541130595006,452,9.318515334486563,1.0895580250636554,4,"TX"
8396533,7.8180009310986955,"SB",32526,107964,"32526_20201231",0.8839044571566683,2.462676139435482,1074,8.375479332478552,0.7361539506894597,5,"HI"
808993,8.009831683168317,"SI",32527,5892,"32527_20201231",0.929031029012307,2.1549659174902134,101,12.973860133701612,1.1082804073475867,4,"MD"
199974,4.761285714285715,"NM",32532,2890,"32532_20201231",0.06766316048471428,2.620833879105145,42,10.87591724756888,2.0342232801412834,4,"GA"
31013209,5.948064633678557,"SB",32541,664245,"32541_20201231",1.790971100202126,4.209736991427461,5214,8.120299760852525,2.0530110484262956,9,"MI"
2384977,13.706764367816092,"SB",32551,25846,"32551_20201231",0.731957280234555,2.756245619315503,174,7.412064414000481,0.3513901372136394,4,"MA"
209918,6.9972666666666665,"N",3255,2370,"3255_20201231",0.06420015774895904,2.0891714942759845,30,12.26404800872886,1.0608174053641966,5,"TX"
1660780,10.065333333333333,"SI",3256,20290,"3256_20201231",0.2996565958286353,2.479146137901733,165,7.271250578977723,1.4297969487949544,4,"TX"
1751102,9.120322916666668,"NM",32574,25524,"32574_20201231",13.133150241694011,3.301939554898635,192,25.611940687759883,1.5916684837888762,5,"TX"
85646,5.352875,"N",32606,1343,"32606_20201231",0.1483679525222552,3.0883321070363627,16,9.050844592555029,0.9064109514773652,4,"KS"
3026132,9.033229850746268,"N",32612,60731,"32612_20201231",0.9562497055881448,3.190678206784158,335,11.17612945290091,1.2754900041745612,4,"OH"
1108607,6.02503804347826,"SB",32629,14838,"32629_20201231",0.6351531945445305,4.775705535775628,184,11.565101116968123,2.427123262642309,4,"SD"
2012120,5.970682492581603,"NM",32647,34470,"32647_20201231",0.7976598969156775,3.055089477278068,337,8.483879816323883,1.2535446090720503,4,"IA"
324380,3.0893333333333333,"N",3268,5851,"3268_20201231",1.822454657184143,3.185002377834895,105,10.570720592045387,1.975956916497398,4,"TX"
535188,5.693489361702127,"N",3269,6512,"3269_20201231",0.022384384653265883,2.375213080965473,94,11.27332025417213,0.9266350520590081,8,"TX"
880839,6.8815546875,"NM",32718,13942,"32718_20201231",2.9008103395220024,2.8744386773196475,128,11.083405391282865,0.7925584650376158,5,"FL"
838524,4.3673125,"NM",32737,12187,"32737_20201231",0.1867235891995483,3.2465813029171198,192,10.567433392363252,1.5042666350866034,4,"FL"
282908,6.429727272727273,"NM",32745,912,"32745_20201231",0.08686008970079703,0.6932644807815926,44,10.450666489034942,0.4700745928122155,4,"MO"
266395,5.3279,"N",3275,4873,"3275_20201231",0.8486985338034411,3.2226692931081504,50,12.3215977265551,1.0153067794021087,2,"TX"
2178884,4.587124210526316,"N",3276,39847,"3276_20201231",0.8535831966972104,3.0236871332404642,475,13.262408081887125,1.4302821810581294,4,"TX"
15952528,8.707711790393013,"NM",32773,261470,"32773_20201231",0.44552239282565975,2.998893715737115,1832,14.662050995352258,0.7332533572601307,4,"MA"
2911909,10.075809688581316,"NM",32779,33675,"32779_20201231",0.4420757690959687,2.0279274521329946,289,10.635712262532406,1.0807575479955152,4,"CA"
407867,11.329638888888889,"N",3279,4512,"3279_20201231",6.066924584233532,1.7340883382983854,36,11.74963159077853,0.5582954059639827,7,"TX"
108769,3.750655172413793,"NM",327,2664,"327_20201231",0,4.191866819316155,29,10.215424601389515,0.9071055938844299,4,"MS"
109494,4.0553333333333335,"N",3281,2105,"3281_20201231",0.21468441391155002,3.380447765765214,27,9.568038860373994,0.9044516247588129,4,"TX"
543716,3.624773333333333,"NM",32838,10934,"32838_20201231",0.11673925914916976,3.935097727099115,150,8.806484326923261,0.41807832620019447,4,"SC"
3092918,1.056685343354971,"N",3285,157307,"3285_20201231",3.477892474746861,11.631295003750283,2927,8.990469541311445,1.2488597489057365,9,"TX"
643429,4.499503496503496,"N",3286,10652,"3286_20201231",0.4974673178642781,2.9788548966609394,143,8.32991559652939,0.921509264864525,4,"TX"
216369,8.65476,"N",3289,1829,"3289_20201231",0.36214221046033845,1.7909344220542005,25,12.390325039850302,0.9779100664864805,5,"TX"
120835,4.475370370370371,"NM",32907,1284,"32907_20201231",0.7299899906809788,3.1523826970828672,27,24.09445381819403,4.141810062594204,6,"IN"
83782,3.9896190476190476,"NM",32908,1952,"32908_20201231",0.07348829778736321,3.890313341240274,21,12.958996328029377,0.9731935018725669,4,"CA"
1826151,5.688943925233645,"SM",32912,22409,"32912_20201231",2.209167125634906,2.8672632512788736,321,12.921435843511889,0.8192684036503481,4,"KY"
400897,13.363233333333334,"N",3292,2179,"3292_20201231",3.2126131751482983,0.7908831137737018,30,9.061835851707574,0.5696752668807612,2,"TX"
169947,6.536423076923077,"NM",3293,1852,"3293_20201231",0.15791895151763843,2.113145185052332,26,9.982581536428615,1.4284067179953623,4,"TX"
2370542,7.339139318885449,"SM",32941,29605,"32941_20201231",0.16491400648698692,2.239005283738367,323,9.708729688066498,2.398533592230686,4,"TX"
23680,4.736,"SB",32957,980,"32957_20201231",0,9.23432409069752,5,70.78249669040038,30.333632555356072,5,"CT"
4311553,8.520855731225296,"NC",32961,255575,"32961_20201231",0,16.823028632953513,506,71.32974375583161,13.992236235720723,9,"CA"
49801,4.150083333333334,"NM",32968,717,"32968_20201231",2.2081839394456777,4.1920142027640015,12,7.953663220692192,-0.28096064107888885,7,"AL"
2296578,3.490240121580547,"NM",32974,94646,"32974_20201231",1.9432474362431642,6.3400545345387,658,8.214165886103649,1.0817547462406285,4,"LA"
175627000,577.7203947368421,"N",32992,103000,"32992_20201231",0.5850565602709129,0.4285057800535931,304,10.115425466367002,1.1816733210391563,9,"UT"
1971194,8.919429864253393,"NM",33005,22911,"33005_20201231",0.5261033083313856,1.861005380387323,221,8.11741228945635,0.9191388307239494,4,"IL"
494524,5.958120481927711,"NM",33009,6629,"33009_20201231",0.07032041209780257,2.506920933316361,83,10.62503247259313,1.1023583830062356,4,"DE"
229017,5.872230769230769,"NM",33010,3369,"33010_20201231",0.8135604735295615,2.8398134490066123,39,9.023674987483012,0.8667544023569359,4,"GA"
56578,4.352153846153846,"N",33013,922,"33013_20201231",0,2.5095804333737215,13,17.598405756207676,0.35046070613429514,4,"CA"
385032,5.13376,"N",3301,6679,"3301_20201231",0.5629780230419208,3.262507165369264,75,10.76583590947329,1.3630183838336485,4,"TX"
158984,4.81769696969697,"NM",33026,2510,"33026_20201231",1.2354331574318382,3.5746269476737798,33,10.068940379454887,2.48266597806738,4,"FL"
235336,2.1590458715596332,"N",3302,11721,"3302_20201231",0.1221690605637299,7.9469832287435,109,8.811470058238228,1.2338263369671933,4,"TX"
24390,4.065,"N",3303,309,"3303_20201231",0,2.6482277556979477,6,7.8390725171791615,0.2433287371238543,7,"TX"
440932,4.322862745098039,"N",3305,6710,"3305_20201231",0.32724668814894375,3.0819754280399563,102,13.095282292121066,1.2152415566791004,7,"TX"
179697,8.557,"SB",33103,2297,"33103_20201231",0.4393575192218915,4.60551403174715,21,8.666798199200043,-0.8394255661088534,8,"CA"
2001944,34.516275862068966,"SB",33111,7876,"33111_20201231",1.3200169518538374,0.7010659657286494,58,10.126069551002606,0.8444595911006023,9,"CO"
1278325,6.522066326530613,"NM",33119,14027,"33119_20201231",0.16379995548914253,2.2320487131518507,196,7.6021384936806395,1.1036484109107052,4,"KY"
271652000,112.62520729684908,"SM",33124,521000,"33124_20201231",2.660609299839658,0.9835203339408762,2412,10.799347586386679,0.3439280920465584,9,"NY"
162948,10.18425,"N",33131,1528,"33131_20201231",0.7053416498616518,2.374203589935022,16,10.695952200622738,0.4792696120921463,4,"MN"
502135,4.828221153846154,"SM",33136,7286,"33136_20201231",1.477871397414383,2.7452520764013957,104,9.641879895352305,1.0818026479803835,4,"PA"
228089,6.7085,"NM",33137,3752,"33137_20201231",0.004283735607838284,2.3743140771785263,34,9.306811384383316,1.8069293743673525,4,"WI"
80490,16.098,"NM",33183,1126,"33183_20201231",0,2.651796237286656,5,7.3676458091380335,1.3407082681167102,4,"WA"
1765471,7.41794537815126,"NM",33188,27772,"33188_20201231",0.09875073016396209,2.902373933855339,238,11.789865976055712,0.02720921057359225,4,"NY"
257013,8.862517241379312,"NM",33202,2509,"33202_20201231",0.11867634476858113,2.103423752594664,29,8.837299962965128,1.3938543584738157,4,"MN"
301696,6.704355555555556,"NM",33204,3399,"33204_20201231",0.09886766942707452,2.3512486902151593,45,9.792731740181509,1.6567101232006154,4,"MN"
172518,5.948896551724138,"N",3320,1696,"3320_20201231",0.8529965658579817,1.9784892923206014,29,12.775518444809784,1.1721953126489828,7,"TX"
2105177,4.83948735632184,"NM",33216,59658,"33216_20201231",0.7211590907249179,4.578094595219031,435,8.557272401775567,1.7842822120489128,4,"AK"
4216,0.16864,"NC",33239,4771,"33239_20201231",0,135.70336391437309,25,62.93296570739273,46.61596652180911,7,"OH"
1115852,11.623458333333334,"N",3325,9449,"3325_20201231",0.6462428948157394,1.996268356952344,96,8.971873879993469,1.96594122561779,4,"TX"
130218,7.6598823529411755,"SM",3327,1519,"3327_20201231",0.47906113186787996,2.1152508372025305,17,16.907587647182588,1.3807775063497971,2,"TX"
44130834,25.98989045936396,"NM",33306,322927,"33306_20201231",0.6739782398992878,1.1954641008202802,1698,10.176442707445464,0.7226343243019869,4,"IL"
715981,7.6168191489361705,"N",3330,10437,"3330_20201231",2.590258005009169,2.9966066334554466,94,9.295776634993192,0.8131503407251545,4,"TX"
391571,3.5276666666666667,"NM",33316,5801,"33316_20201231",2.8586493917366576,3.5087651370290738,111,12.280665350766846,-0.6587750103573149,7,"GU"
70349,7.0349,"NM",3335,815,"3335_20201231",0,2.418702448833881,10,12.342517506836757,0.35207923256552764,4,"TX"
78009,6.50075,"SM",3336,598,"3336_20201231",0,1.74098950879722,12,6.927794462812003,0.8356749642226655,2,"TX"
458329,4.283448598130841,"N",3337,8288,"3337_20201231",0.4012313757460349,3.462575108165891,107,9.128427791320584,1.3820915787660477,4,"TX"
406422,12.315818181818182,"SM",33380,4519,"33380_20201231",0,1.8500637591112559,33,8.912257887036874,0.8459233526272427,4,"NE"
455015,14.677903225806451,"N",3339,2437,"3339_20201231",0,0.8301943404871285,31,7.675823026250307,0.6390164984653062,7,"TX"
1172581,5.776261083743843,"NM",33405,24299,"33405_20201231",1.1628212348373654,3.4846601958006413,203,8.83024180372966,1.6625561625797352,4,"LA"
683445,6.2701376146789,"N",33418,13841,"33418_20201231",0.39498166252594674,3.5538671257291847,109,8.406987102521398,1.1380704565768112,4,"VT"
185663,3.3756909090909093,"N",3342,3258,"3342_20201231",0.4196613766822632,3.8103761559949016,55,9.159100944503678,1.1325360019526483,4,"TX"
3110409,8.452198369565219,"NM",33440,27741,"33440_20201231",0.12073691310541144,1.6807953214414046,368,11.290146065898528,1.9104133529116087,9,"FL"
484834,4.179603448275862,"NM",33450,12102,"33450_20201231",0.6900004409777254,4.158668333296132,116,7.319974688884201,1.307169482824044,2,"NE"
1511435,8.259207650273224,"SM",33457,17307,"33457_20201231",0,2.150629831022685,183,7.95720115980972,1.0619036636716606,4,"CA"
1072161,7.007588235294118,"NM",33458,17030,"33458_20201231",0.38796723529991806,2.564919579084031,153,9.67517319244523,1.0623833565218423,4,"WI"
276272,3.8911549295774646,"NM",33470,4944,"33470_20201231",0.15973292244478685,3.059773732121533,71,8.726184595373566,0.6951875948770584,4,"AR"
919745,3.1498116438356165,"NM",33492,26327,"33492_20201231",3.510624221615657,6.318830171077507,292,15.640532142226633,0.9305630573453396,6,"LA"
31550000,717.0454545454545,"SM",33497,7000,"33497_20201231",0,0.38363588872926735,44,5.481165888956515,0.9509272561055243,5,"TX"
1951990,9.475679611650486,"NM",33503,23449,"33503_20201231",0.7674110719706312,2.192413528730046,206,9.79954680146418,1.2527224782714417,4,"NJ"
310313,6.206259999999999,"N",33506,5179,"33506_20201231",0.0952651447911859,3.0024303113547055,50,8.745757690895859,1.1236607382355512,4,"GA"
6619632,13.848602510460251,"SI",33510,59815,"33510_20201231",0.05730720264960685,1.5125355503311597,478,11.163679663481258,1.0123785262696345,4,"MA"
52076,4.734181818181818,"N",3351,659,"3351_20201231",3.303528168083513,2.904554243966375,11,20.325795776867317,1.041675094458693,8,"TX"
5145618,19.344428571428573,"NM",33539,39829,"33539_20201231",0.5067862803086782,1.1658380842636067,266,10.081687472730296,1.4120062073962067,4,"CA"
665184,4.464322147651006,"NM",33542,24369,"33542_20201231",0.1504832327949666,5.108112222273699,149,9.033178673827978,1.5379600643312397,4,"UT"
150001,7.50005,"NM",33552,1459,"33552_20201231",0.3732126989255998,1.7522825786221528,20,9.181386115183109,1.098016886604194,2,"IA"
37669996,7.267990738954273,"N",33555,416599,"33555_20201231",0.42789005816616704,2.79321456231979,5183,8.705610245575794,0.5291498433352032,4,"FL"
243701,5.1851276595744675,"N",33565,4649,"33565_20201231",0.3452969886118397,4.216001600195423,47,13.926997198113853,0.27879510949124764,5,"FL"
55570,3.268823529411765,"NM",33568,1309,"33568_20201231",9.586182914106873,6.9570631912027325,17,9.678371745428377,4.965694413985401,4,"PA"
89334,3.884086956521739,"N",3358,1277,"3358_20201231",5.629996409200007,3.4058080526005696,23,12.273100165228142,0.822431462219623,8,"TX"
3949361,7.7286908023483365,"N",3363,54717,"3363_20201231",0.8205918429405594,2.450051810726188,511,11.120692745110027,0.7556224491751962,4,"TX"
454116,5.8976103896103895,"SI",33645,9016,"33645_20201231",0.9311374751597511,3.4032186865261096,77,8.894603018916273,0.6761966152251672,4,"MA"
3209182,,"OI",33646,,"33646_20201231",0,0,,0,0,4,"NY"
6489275,,"OI",33648,,"33648_20201231",0,0,,0,0,9,"NY"
130172,,"NC",33649,,"33649_20201231",0,0,,0,0,4,"NY"
56124597,,"OI",33653,,"33653_20201231",0.3317499116860308,0,,0,0,4,"NY"
41157,,"OI",33656,,"33656_20201231",0,0,,0,0,7,"NY"
3916308,,"OI",33661,,"33661_20201231",11.792442300724794,0,,0,0,9,"CA"
1730006,,"OI",33664,,"33664_20201231",0,0,,0,0,4,"IL"
12091711,,"OI",33681,,"33681_20201231",2.61517839335437,0,,0,0,9,"NY"
11564374,,"OI",33682,,"33682_20201231",0,0,,0,0,4,"NY"
956075,,"NC",33684,,"33684_20201231",0,0,,0,0,7,"NY"
7633214,,"OI",33686,,"33686_20201231",3.8583268649325735,0,,0,0,4,"NY"
134251,6.71255,"NM",3368,2033,"3368_20201231",2.5463234431804853,2.817727698821635,20,16.188093887108504,0.6802496398215779,8,"TX"
14127801,,"NC",33690,,"33690_20201231",2.599950718665681,0,,0,0,4,"NY"
47058619,,"NC",33692,,"33692_20201231",0.3539216843368177,0,,0,0,9,"NY"
1375837,,"NC",33693,,"33693_20201231",0.1686637012009455,0,,0,0,9,"NY"
796525,6.42358870967742,"NM",33708,8680,"33708_20201231",3.8786646128032767,2.2823870948269,124,10.354275478189944,0.6382342369039877,4,"IL"
276661,6.28775,"NM",33739,3064,"33739_20201231",0.9096795079313694,1.9683880181936526,44,11.905047661651373,1.6134971589102338,4,"TN"
450759,9.01518,"NM",33753,4339,"33753_20201231",1.375045280890904,1.5185453138710394,50,10.615689880029617,1.0136154993499997,4,"IL"
1606710,7.651,"NM",33758,21031,"33758_20201231",0.624177435208272,2.1917340162998293,210,10.384969505101706,1.3998943404733966,4,"ND"
402677,5.671507042253522,"NM",33761,7123,"33761_20201231",0.3513175406972794,3.1273296849225884,71,7.2166089408379435,0.931592860749075,4,"MN"
302977,4.590560606060606,"N",3376,5475,"3376_20201231",1.9016808736434905,3.118462571263747,66,10.201620962906127,0.49887189257214654,4,"TX"
873947,24.969914285714285,"N",33785,4091,"33785_20201231",0,1.6796309744136089,35,7.552760888112767,0.9743149632469272,7,"MO"
183245,3.4574528301886795,"NM",33794,3424,"33794_20201231",0.4086707686118908,3.326531444679258,53,11.756676389793547,0.7099540183507679,4,"TN"
81789,5.4526,"SI",33802,910,"33802_20201231",1.3142225856898953,2.870817479140717,15,9.286466608351036,0.37964748238265056,4,"PA"
2597424,27.0565,"N",33803,13535,"33803_20201231",0.4309900836310424,1.3944247566476595,96,7.7428761954013385,0.7910008830471864,4,"IL"
180371,6.441821428571429,"SM",33805,2244,"33805_20201231",0.3969813297866981,2.714523516803934,28,8.805367632729197,0.6231738467657217,4,"IL"
332216,9.771058823529412,"N",33812,3337,"33812_20201231",2.2860504696068746,1.7682142225528878,34,13.111891808617008,1.4135956433445747,4,"WI"
102559,2.698921052631579,"SB",33818,3425,"33818_20201231",1.2293575938443035,5.615863519612714,38,9.254754765249848,2.7524390372805394,5,"AR"
481437,5.943666666666667,"NM",33823,8056,"33823_20201231",0.40590357836049346,3.077343864658243,81,10.979747715314874,1.435604595002068,4,"UT"
16577223,8.039390397672165,"NM",33826,205382,"33826_20201231",0.3681560949687449,2.1635213529935844,2062,9.076821764200291,1.0239276533810533,4,"WA"
191276,0.2536816976127321,"SB",33831,38850,"33831_20201231",1.4180024660912454,76.61726991252813,754,96.3769964790529,369.187820882004,7,"OH"
130623,4.665107142857143,"NM",33832,1803,"33832_20201231",0.06602950063791213,2.840411011651666,28,10.639698738588278,0.5439956480348157,4,"MO"
4002593,18.616711627906977,"N",33849,29296,"33849_20201231",0.6610573906247164,1.9322813756136283,215,8.478327874915895,0.617171333799205,4,"IL"
351611,7.03222,"N",3384,3828,"3384_20201231",0.274938736477198,2.1319792532566115,50,14.398577626561998,1.3445811079199,8,"TX"
89405,5.960333333333334,"NM",33851,1052,"33851_20201231",0,2.502331138178216,15,8.231536085369278,0.9033160440585115,8,"TN"
30309,0.15704145077720208,"N",33855,14779,"33855_20201231",0,123.42438047764,193,97.66348819909379,23.568748425231703,7,"OH"
571605,6.804821428571429,"NM",33859,6453,"33859_20201231",0.423805976326463,2.256088977782384,84,6.666145085686684,0.33996616509712557,4,"NY"
2832775,8.936198738170347,"N",33860,35212,"33860_20201231",0.1371738032537436,2.1205415450010845,317,7.241110765799529,0.9484885928104597,4,"IN"
2165764,9.934697247706422,"SM",33867,21614,"33867_20201231",0.2883549315823485,1.909122610790524,218,8.479166012386138,1.075390587388955,4,"IA"
43563,0.3325419847328244,"NC",33879,17952,"33879_20201231",0,122.2801156761069,131,78.16637521858605,17.391304347826086,7,"FL"
1219888,6.130090452261306,"NM",3387,19051,"3387_20201231",0.4945520222206344,2.678229179181756,199,8.080157350608298,1.1502261297907763,4,"TX"
161433,6.457319999999999,"NM",33880,1852,"33880_20201231",0.9484490069180985,1.8828011221856518,25,10.480300187617262,1.1656050873105406,4,"WI"
163332,8.166599999999999,"N",3388,1749,"3388_20201231",1.6940521455730582,1.6518334565849464,20,14.815570056189959,1.1047758410379618,2,"TX"
31580477,111.59179151943462,"N",33893,51760,"33893_20201231",0.12406113537899961,1.033534445104959,283,7.485377094100468,0.4346025602821218,4,"FL"
679128,5.854551724137932,"SM",3389,11721,"3389_20201231",0.1356836367853415,2.9979621020678406,116,10.039204320102511,1.1151005784584251,4,"TX"
4632230,13.994652567975832,"SM",33905,49587,"33905_20201231",0.30023350222819123,1.9577218846775328,331,9.502415507189921,0.8907709458587355,4,"CA"
252717,6.6504473684210526,"SB",33922,3698,"33922_20201231",0.00932376093876953,2.6526706392652084,38,8.462896611094948,1.1825863120857814,4,"SD"
251734,6.139853658536586,"NM",33926,3185,"33926_20201231",0.945894510086572,2.6754975631471845,41,8.000315718852361,1.888192928443153,4,"MI"
880903,7.220516393442623,"N",33928,14356,"33928_20201231",2.8326613316707614,2.9347211127987176,122,9.794201793291991,-0.2400553376362054,4,"CT"
8300542,14.955931531531531,"N",33935,86983,"33935_20201231",0.3501032166944369,2.1480909320585986,555,8.825691066480509,0.711423482401117,4,"IL"
29205488,356.16448780487804,"N",33947,24964,"33947_20201231",1.5026880999659573,4.03195914929219,82,10.629152604327507,0.7907737239244375,9,"DE"
108388248,4.122323356026319,"N",33954,159139,"33954_20201231",1.3091761020305044,6.200193007033804,26293,18.341979532420616,1.1083114013315443,3,"VA"
191229,5.97590625,"N",33959,3414,"33959_20201231",0.5022882018082375,3.596402320094712,32,16.806017384982198,0.42532940404909336,5,"FL"
111485,0.6370571428571429,"NC",33962,30526,"33962_20201231",0,39.263694141691964,175,95.88868178279027,9.75086710252894,7,"GA"
71636,3.1146086956521737,"SM",3399,1500,"3399_20201231",0.8819279509707851,3.8267234518386246,23,8.877975600781228,0.5077575657303579,2,"TX"
365446,6.895207547169812,"N",3400,5693,"3400_20201231",0.14237781604502123,2.576053458196251,53,10.653753681471885,1.5208656841889852,4,"TX"
1000500,10.994505494505495,"NM",34010,9755,"34010_20201231",0.014060003550505948,1.5618881315527746,91,16.990192329510837,0.9944609996293116,4,"CA"
2183432,22.27991836734694,"N",34011,13774,"34011_20201231",0.4233275873248231,1.568071446910791,98,8.341146221423221,0.652649089434566,4,"IL"
154908,5.163600000000001,"N",34014,2009,"34014_20201231",0,2.4377426985074937,30,9.444300350149138,0.6813161593849507,2,"TX"
87612,7.300999999999999,"N",3401,1036,"3401_20201231",0.791390629215504,2.2405308294983066,12,11.216654608257286,0.612574770155769,2,"TX"
134993,5.624708333333333,"SM",34020,1880,"34020_20201231",0,2.6615746276813548,24,10.072464864374215,2.509857532753763,4,"KS"
265941,4.748946428571429,"NM",34023,3920,"34023_20201231",1.2906437694720727,3.0308336187006772,56,8.498204313408419,0.7666180638303478,4,"TN"
1973112,17.157495652173914,"N",3402,12241,"3402_20201231",3.488614582534693,1.1853916793083883,115,12.380522149478347,1.0796960091462549,4,"TX"
417094,16.68376,"NM",34038,3791,"34038_20201231",0.24668263251482664,1.6393045628090037,25,12.254299912126086,2.1217119656299173,4,"IL"
256261,10.677541666666668,"SM",34040,3470,"34040_20201231",0.0009661789073482737,2.189466458182373,24,9.260212904961378,0.7719003851874452,4,"CO"
1396533,5.723495901639345,"NM",34047,23676,"34047_20201231",0.6546503114677955,2.834108558811255,244,8.83693240959734,0.8449617155021566,4,"SC"
122797,3.611676470588235,"NM",34052,2499,"34052_20201231",0.8121654245827648,3.676371113937065,34,12.893994260453887,1.2953543115344028,4,"WI"
165067,2.2306351351351354,"NC",34056,26221,"34056_20201231",0,40.47666503514499,74,91.69436085306816,4.903395415255905,7,"NY"
21115,0.8121153846153847,"NC",34057,3142,"34057_20201231",0,27.222614581709117,26,85.85131894484412,21.072761792950367,7,"OH"
365552,10.751529411764707,"SI",34058,3421,"34058_20201231",0.5335489086499595,1.532474648696375,34,14.743080248204699,0.7068089647320746,8,"NJ"
2508606,5.477305676855896,"SM",3405,40292,"3405_20201231",0.8463515858993922,2.858558070310599,458,10.99948754534219,1.0258737916922676,4,"TX"
3040,,"NC",34065,0,"34065_20201231",0,148.22251481237657,0,99.96710526315789,0.13166556945358787,7,"MO"
1226333,9.5807265625,"N",34068,15216,"34068_20201231",0.16053128397552388,2.273005072998925,128,8.185175195708961,1.7768487974042877,4,"GA"
6230392,11.623865671641791,"N",34069,110167,"34069_20201231",3.4011946848713883,5.51175711761356,536,10.73178253305699,0.3437873442971543,9,"DE"
1997144,20.379020408163264,"N",34073,11944,"34073_20201231",0.24994228569629684,1.3255781625672685,98,8.479420149639772,0.5864792481928232,4,"IL"
485077,8.982907407407408,"NM",34074,6426,"34074_20201231",0.008130152120953435,2.0816463756122094,54,10.592441432030384,1.1287753667906841,4,"WI"
1525503,15.89065625,"NM",34076,11298,"34076_20201231",0.469951790797704,2.433356911662757,96,8.220135350512367,0.9585951470186619,4,"IL"
665410,4.787122302158273,"NM",340,10127,"340_20201231",1.08756164226118,3.1698146272413386,139,12.52666896452428,-0.4069481694891304,4,"MS"
3105212,7.041297052154195,"NM",34102,29763,"34102_20201231",0.8423665296826918,2.0379124201631202,441,9.485292096709669,1.1561524074767644,4,"WV"
368996,7.850978723404255,"NM",34108,4930,"34108_20201231",0,2.9000497595669206,47,8.971418983164607,0.19276470159273512,4,"IL"
608173,9.653539682539682,"N",34110,8154,"34110_20201231",0,2.3264042825880606,63,10.837868709265605,2.6073350930959096,4,"GA"
459399,5.889730769230769,"NM",34116,6715,"34116_20201231",1.6983393254579693,2.756288496501695,78,10.489094562150477,1.4110298551586782,4,"GA"
2212232,10.484511848341231,"NM",34120,28056,"34120_20201231",0.5799350269999598,2.1916301476946547,211,8.947592258321917,1.1253001005195955,4,"MI"
284215,5.80030612244898,"NM",34138,4655,"34138_20201231",0.05544588529393489,3.101421187640007,49,9.5082185055719,1.2768303023147771,4,"GA"
274450,7.417567567567567,"NM",34146,3181,"34146_20201231",0.41835458975185874,2.138930226461358,37,9.02862537012386,1.5139832370789028,4,"MO"
3257744,10.611543973941368,"SM",34147,34305,"34147_20201231",0.28991624404978883,1.8685836688972328,307,7.7800861235838,0.4002359709212374,4,"RI"
312334,10.075290322580646,"SM",34148,2761,"34148_20201231",0.00897350572434886,1.8076091107604053,31,8.935442635502982,1.489115129160488,8,"WY"
397391,4.567712643678161,"NM",34150,6349,"34150_20201231",0.205278689942675,3.090319257427554,87,10.725796855518363,1.4054602650218466,4,"KY"
198167,6.19271875,"NM",34160,2641,"34160_20201231",1.2934925897814884,2.6339971798406134,32,10.737096586890196,1.059257297671671,8,"GA"
288553,12.545782608695651,"NM",34162,4160,"34162_20201231",0.25319091344452077,2.067835282304175,23,17.730828148087898,1.3732564481139802,4,"WI"
132909,5.537875,"NM",34171,2083,"34171_20201231",0.1472870515900082,2.7554940421111374,24,10.638154697371863,1.3383377813228579,4,"MN"
183110,6.314137931034483,"NM",34193,2570,"34193_20201231",0,4.066603572696084,29,21.598915842840405,0.9276406191702536,4,"DE"
945007,2.9439470404984425,"N",34207,35353,"34207_20201231",0.6285548047030051,5.982734292430552,321,9.503255825341267,1.9457122588214408,4,"OK"
431064,6.43379104477612,"NM",34209,5154,"34209_20201231",0.13177623545051242,2.324120733114203,67,11.402352963242569,1.2028366855350994,4,"NC"
633952,10.930206896551724,"NM",34210,7093,"34210_20201231",0.07860251282408184,2.1539513848970606,58,9.310753500615427,0.8527636119291849,4,"CA"
833722,4.904247058823529,"SM",34211,13241,"34211_20201231",1.1535382797461358,2.480702497860312,170,9.02314628461518,1.3432729400103853,2,"NE"
5145139,6.8510505992010655,"N",34217,58374,"34217_20201231",1.1594189074467984,2.1432726777171545,751,10.45226308647449,1.2843885362956982,4,"MS"
119908000,141.56788665879574,"N",34221,184000,"34221_20201231",0.360539948564608,0.6388607398524586,847,7.157984643408083,1.1235137149129444,9,"NY"
410948,7.338357142857143,"NM",34229,4404,"34229_20201231",0,1.9798247942659941,56,9.72087690513373,1.3666047252455535,4,"GA"
425250,6.163043478260869,"NM",34233,5422,"34233_20201231",0.03727069432576405,2.5905827642786683,69,7.341580238329761,0.8818886772726995,4,"FL"
247144,5.884380952380953,"NM",34240,3764,"34240_20201231",0.7618645910909294,2.6901047876576425,42,11.633353234500214,1.5018514435860866,4,"WI"
1315757,12.651509615384615,"SM",34252,28519,"34252_20201231",0,3.3247441942076925,104,9.720648472657748,2.1219939366959863,9,"CA"
1289309,7.958697530864197,"NM",34254,13419,"34254_20201231",0.29091538948315276,1.9785243526666325,162,11.42075131212749,1.579068038310453,4,"KY"
299123,4.464522388059701,"NM",34256,4370,"34256_20201231",0.2772711361668417,2.8204276123101875,67,9.704518224294253,0.9163221511287342,4,"KY"
525646,6.739051282051282,"NM",34259,5543,"34259_20201231",2.8896427672721514,2.0460941544389897,78,21.673059621993772,3.2988009941311702,4,"NJ"
1714351,11.662251700680272,"NM",34294,29615,"34294_20201231",1.4563963751912439,2.6020301232212715,147,9.223560588917671,2.1988756062134978,4,"MD"
1468929,8.442120689655173,"NM",34295,22450,"34295_20201231",4.03231353310839,2.273468911987007,174,14.063635208760653,0.9716612367882307,2,"WI"
559711,4.305469230769231,"SM",342,10042,"342_20201231",0.5003994910188501,3.374890523911192,130,8.339083201820383,1.174471588684713,4,"MT"
6708895,9.808326023391814,"SM",3430,43642,"3430_20201231",0.3804200302011633,1.6318147808554322,684,7.582597470203275,1.2763136074112158,9,"CA"
116152,1.1062095238095238,"NM",34313,10453,"34313_20201231",0,19.16798867226935,105,12.568121581512623,5.277096744588518,6,"NV"
775500,7.385714285714286,"N",34319,10563,"34319_20201231",0.1658812994524449,2.2845776552577526,105,10.566600780282405,0.4961193693270441,4,"TX"
111161,5.293380952380953,"NM",34328,1889,"34328_20201231",0,2.895777948335762,21,12.436959151391086,-0.8194198803869441,7,"CO"
4055,2.0275,"N",34331,242,"34331_20201231",0,14.244289566057894,2,83.6948391922214,1.2718115683980262,7,"NM"
84116,5.607733333333333,"NM",34334,1459,"34334_20201231",0.3704745050692159,3.1418890197840637,15,11.138846295569898,0.6169615856398547,4,"IL"
1864776,233.097,"NM",34351,1610,"34351_20201231",0,41.305804419296855,8,22.505142620944437,7.44832682273695,9,"NV"
436194,10.38557142857143,"N",34352,5779,"34352_20201231",1.3056232698425814,2.6104129562569334,42,8.078462713423356,0.17882745334111025,4,"DC"
707161,4.945181818181819,"NM",34363,19935,"34363_20201231",0.9672844144733205,4.434455090555122,143,8.6363998926813,1.3927068073090547,4,"NE"
37708641,23.30571137206428,"N",34383,339530,"34383_20201231",0.6401669194676305,1.7803359100991363,1618,7.360787498377588,0.2168146973385866,4,"TX"
564732,10.458,"NM",34384,5653,"34384_20201231",0.5045600267120014,1.4543490409963487,54,10.544843714673299,1.9610310727999631,2,"IA"
93119,10.346555555555556,"NM",34386,1149,"34386_20201231",1.4718130060210532,1.60772434339902,9,37.12043484904713,4.917411109647708,4,"OH"
140169,15.574333333333335,"NM",34393,1611,"34393_20201231",3.048717100600104,2.5061630250616305,9,15.918195541105435,0.91381400913814,4,"IL"
260969,7.456257142857143,"N",34394,2666,"34394_20201231",0.02064573506757508,2.038170079436819,35,11.054218827970754,1.430332986744275,4,"SD"
3620042,2.935962692619627,"N",34395,196875,"34395_20201231",5.719059479563518,8.897511368489164,1233,11.454941964316765,3.4095415209857443,4,"IL"
942759,14.964428571428572,"NM",34401,9874,"34401_20201231",1.0989135067845843,1.8160183382285224,63,8.778058404081591,0.7242817372828207,4,"CO"
1765308,7.061232,"SM",34403,23302,"34403_20201231",0.046021410297678374,2.5106422446740804,250,9.287902850432099,1.083747242824414,4,"WA"
2686814,25.58870476190476,"NM",34404,22679,"34404_20201231",0.3458037562689599,2.2096140730697704,105,32.36145961875819,2.5836564236812647,4,"UT"
203305,7.529814814814815,"NM",34407,2555,"34407_20201231",0.6347214640147967,1.9626229588926414,27,10.719498104716923,1.2275370466884712,2,"IA"
314455,4.249391891891892,"NM",34409,5030,"34409_20201231",0.998270145596079,3.321081237935788,74,10.172916560085946,1.1930857215199238,4,"LA"
1655376,7.735401869158879,"NM",3440,22967,"3440_20201231",1.6892927426269053,2.3244137668949008,214,8.409721533304385,0.8136866676255233,4,"CA"
964639,11.48379761904762,"SB",34415,8388,"34415_20201231",0.04607912213914287,3.1566826406190946,84,6.96914241749787,1.8854783195793443,7,"TX"
281457,7.606945945945946,"SM",34416,3925,"34416_20201231",0,2.263525195102636,37,20.341471255335488,0.8287446878915531,4,"IL"
733316,11.281784615384616,"SM",34422,5764,"34422_20201231",0.08749067687949919,1.4527004584281502,65,10.27224448269184,1.3549239255437453,4,"PA"
30354,3.3726666666666665,"NM",34441,585,"34441_20201231",0,5.493639304710205,9,9.001970015693345,-2.738251905466908,7,"WY"
18434705,22.077491017964075,"SM",34444,126008,"34444_20201231",0.4576607584101591,1.6891260968200932,835,9.208361761862957,0.8881727689913209,4,"PA"
89339,5.955933333333333,"N",34455,1454,"34455_20201231",2.177179156013601,2.717839108843922,15,9.970104463869596,1.3773664262014447,2,"TX"
338692,7.206212765957447,"N",34456,5231,"34456_20201231",0.01934169956651838,3.087441610470496,47,9.776666830041334,0.2787874925887548,4,"TX"
228727,9.14908,"SM",34457,2111,"34457_20201231",0.3119151590767312,1.8666766773342842,25,8.953187723818171,1.053935600123882,7,"TN"
113036,7.06475,"NM",34460,1969,"34460_20201231",0,4.1400518104749695,16,9.730983482463461,0.4008431666211314,4,"AL"
233017,15.534466666666667,"NC",34465,1843,"34465_20201231",0,3.0326049999871536,15,98.33704724694614,1.2696517685628228,7,"DE"
138768,6.608,"NM",34468,2040,"34468_20201231",0.17558601833619705,2.753802804377185,21,13.044521442130593,1.265748917652682,2,"NE"
13687,0.68435,"N",34478,656,"34478_20201231",0,11.978598436729387,20,84.82856916620477,3.011462988148436,7,"NC"
92872,5.463058823529412,"NM",34488,1542,"34488_20201231",0,2.7224211308518544,17,10.634826938556479,1.2441171834538043,4,"IA"
419590,9.536136363636365,"N",34489,4181,"34489_20201231",0,2.1792050857869025,44,8.03656023270246,0.8564064729378804,7,"FL"
766539,8.423505494505495,"NM",34496,7104,"34496_20201231",0,1.4866403267930088,91,19.747968430530683,0.8931048479125125,4,"CA"
4523043,28.809191082802545,"SB",34507,11074,"34507_20201231",0.7649459210538402,0.5674868993934831,157,7.04704776485892,0.8896599971591247,5,"IA"
287265,3.264375,"NM",34517,4973,"34517_20201231",1.1510080342914888,3.336105287404787,88,10.08814713023418,1.167734454608276,4,"TN"
4439614,11.745010582010583,"NM",34519,48642,"34519_20201231",2.5750588108414165,6.122088934743145,378,25.858257660009524,6.338147885189873,3,"UT"
153097,4.938612903225807,"NM",34526,2115,"34526_20201231",2.951304919808857,2.86647284253152,31,8.257361612909264,0.27071460195083713,4,"IL"
1808025,4.356686746987952,"NM",34533,30220,"34533_20201231",0.7124555077622288,2.954488588771844,415,8.751205907282856,0.9766140590622259,4,"AR"
270507,2.8777340425531914,"N",34535,10363,"34535_20201231",0.811904664568088,12.702659743562572,94,19.021461565525303,-0.5706123154659989,3,"FL"
112895,3.641774193548387,"N",34548,3393,"34548_20201231",5.2096135463607816,5.307369440784948,31,10.830460278937993,-2.0157072503265274,4,"CA"
836548,7.403079646017699,"SM",34562,9398,"34562_20201231",0,2.650738422515326,113,10.344425706747398,0.6549923360238004,4,"AR"
288339,4.240279411764706,"NM",34566,5059,"34566_20201231",0.3240558100590144,3.0752894688742987,68,12.468202049371532,1.0143378118445063,2,"MO"
257940,15.172941176470587,"SI",34585,2816,"34585_20201231",0.9655522694446355,1.8317496204060577,17,10.919759676451566,1.009805463707722,4,"WA"
20255,,"NC",34588,0,"34588_20201231",0,1.6613827582002194,0,101.51621648759917,5.979961793277242,7,"OR"
19584709,10.422942522618413,"SM",34589,206657,"34589_20201231",0.3972359933973913,2.1901253429146474,1879,9.74824409927658,0.9165062421807979,4,"VA"
4418422,7.115011272141707,"NM",34598,56887,"34598_20201231",0.10521216854591435,2.282224137942883,621,9.528153708285805,1.217222204387105,4,"MI"
769474,36.64161904761905,"NM",34599,3228,"34599_20201231",1.2407173850685924,0.6523318865333261,21,9.644411110686384,8.209285377302207,4,"UT"
2327778,8.110724738675959,"NM",34603,50351,"34603_20201231",1.410016180851605,4.042944190100644,287,11.025191861084291,2.107448770607738,4,"WV"
341722,3.4517373737373735,"NM",34606,10614,"34606_20201231",0.560037012439463,4.630255903124389,99,8.173631889368105,1.113395497672336,4,"OK"
4243064,16.57446875,"NM",34607,32974,"34607_20201231",0.32829166149496347,1.2778255650184795,256,8.78138359141146,0.8395167922263289,4,"IN"
237820,5.9455,"NM",34610,2665,"34610_20201231",0.044279135671271695,2.4009387878234345,40,11.096503598300474,1.4700849023618225,8,"MO"
717331,1.0276948424068768,"SB",34617,0,"34617_20201231",2.883094279261663,0,698,14.706647902804937,0,4,"IL"
2641173,8.027881458966567,"NM",34618,25159,"34618_20201231",0.037149251473947084,1.922504846866377,329,9.626747788098502,1.338615591351891,4,"MI"
8751,,"NM",34619,0,"34619_20201231",0,1.2064438293946491,0,93.66391184573003,6.919310197998723,7,"IA"
503141,4.4923303571428574,"NM",34627,16297,"34627_20201231",0.07424227729824996,5.00023524490392,112,7.944494001717368,0.3586902495412725,4,"WA"
39919,0.23074566473988442,"NC",34629,8805,"34629_20201231",0,43.40097673431006,173,85.10823289560473,17.4993174993175,7,"MA"
503940,8.998928571428571,"NM",34643,7001,"34643_20201231",0.9116162301007699,2.1618726596694144,56,9.460209389391379,0.40878597563586183,8,"FL"
64355,5.362916666666667,"NM",34644,1062,"34644_20201231",0.5720505813145583,3.0063039229302233,12,9.239121931375463,0.7062697103447342,4,"MN"
49192,3.513714285714286,"SB",34652,1311,"34652_20201231",7.479923246393291,5.654172739599875,14,11.386175667078328,-3.3700247268086465,8,"FL"
2065901,8.943294372294371,"N",34656,23270,"34656_20201231",0.06029995952692934,1.8844169188394921,231,10.744546975817737,1.2548500136980696,4,"TX"
161828,5.057125,"N",34662,2269,"34662_20201231",0,3.0038336757416455,32,9.908666798081347,0.6074388321606197,4,"GA"
142248,5.927,"NM",34666,1502,"34666_20201231",0.8361327023514701,2.5773456883892853,24,10.87530146120017,0.7486816692346087,4,"KS"
1298458,24.04551851851852,"N",34681,7087,"34681_20201231",0.23193193862254008,1.4224779272033934,54,9.037751372864168,0.6559974873654456,4,"IL"
523378,4.937528301886793,"NM",34685,10524,"34685_20201231",0,3.681828166913669,106,9.474169849445788,1.3549392851949402,4,"OR"
194460,8.83909090909091,"NM",34686,2368,"34686_20201231",0,2.1331880195907735,22,10.290747525138357,1.2105786632464774,4,"IA"
2109409,31.48371641791045,"NM",34697,7177,"34697_20201231",1.1431921871421484,29.18576159706494,67,12.70830470057463,4.652732617489478,4,"UT"
4329311,22.906407407407407,"SM",34699,39797,"34699_20201231",0.20371313339113015,1.8978351131161117,189,9.045377639260067,1.087647434561415,4,"NY"
205705,1.4285069444444445,"SB",34710,75820,"34710_20201231",0,113.76227656771958,144,21.50657731447009,15.57828205680401,5,"OH"
114358,19.05966666666667,"SI",34711,856,"34711_20201231",2.0157073887022494,1.3558907051930058,6,19.1894207750678,0.8782684663596283,7,"PA"
3027707,16.454929347826088,"N",34717,20908,"34717_20201231",0.2936017838707078,1.7036721121401408,184,8.115185308365465,0.5827081257178225,4,"WI"
300408,13.654909090909092,"NM",34719,2075,"34719_20201231",0.05651139732135977,1.4637702999787248,22,12.475495743310294,1.561281114814552,2,"KS"
2032637,15.282984962406015,"NM",34726,10370,"34726_20201231",0.26556144251800295,2.037769288464935,133,8.111408376188816,1.0722687598501959,4,"NM"
1214017,5.4440224215246635,"NM",34728,24927,"34728_20201231",0.5278415841584159,3.4155572117510533,223,11.0669702640706,1.2576302056842568,4,"TN"
6645,0.3691666666666667,"NC",34732,2718,"34732_20201231",0,62.01058201058201,18,92.12468001806957,3.4315948601662885,7,"IN"
11021530,21.236088631984586,"SM",34742,74440,"34742_20201231",0.7765005350760542,1.4219060798611924,519,11.294817239171179,1.4802883405327083,4,"MD"
190372,7.61488,"NM",34747,1872,"34747_20201231",0,1.7586955789170338,25,11.89558931946808,1.015011951228298,8,"FL"
115698,4.132071428571429,"SB",34748,3136,"34748_20201231",0,5.3201390840123635,28,16.243612453281646,1.0440081483562798,7,"IN"
124247,5.647590909090909,"NM",34752,1275,"34752_20201231",0.33176626713537477,1.826276591643213,22,8.950410854194535,1.162480785961054,2,"IL"
848730,10.103928571428572,"N",34755,8924,"34755_20201231",0.023793661368611402,2.166104893468776,84,9.458316679140015,1.1903935497638496,4,"VA"
272184,8.780129032258065,"SM",34759,1934,"34759_20201231",0.4447408293656437,1.8885102395658733,31,11.431795707934207,0.8896998954260431,4,"PA"
454481,5.826679487179487,"SM",34760,6844,"34760_20201231",1.3804995073469561,2.58069933247557,78,10.261127795206145,0.7430932336286115,4,"OH"
41364818,17.572140186915888,"SB",34775,445116,"34775_20201231",7.872610813755693,3.411608985904123,2354,7.836666026571759,-1.0045570134571271,9,"FL"
352652,7.503234042553191,"NM",34778,3740,"34778_20201231",2.0451191229179844,2.116152158402147,47,8.661043783978858,0.7165451928766763,4,"IL"
959674,3.580873134328358,"NM",34781,27471,"34781_20201231",0.863040539915625,5.602357240745163,268,11.937560765355727,0.8124721489407815,4,"UT"
233568,5.561142857142857,"NM",34784,3257,"34784_20201231",2.713319005576208,2.613147717926148,42,10.871171513626871,1.5394799497842744,2,"LA"
392160,5.683478260869566,"NM",34786,5887,"34786_20201231",4.752305077955895,3.161113028140975,69,8.342635126432834,0.8586006596869925,4,"PA"
3454262,17.805474226804126,"NM",34788,37312,"34788_20201231",0.11669602263077962,1.805209037703733,194,6.975108122093597,0.9584322921697884,4,"CA"
75610,0.21979651162790698,"SB",34799,58989,"34799_20201231",0,108.65754909197472,344,34.30934179527862,0.9178395384262369,7,"WI"
937949,5.936386075949367,"NM",34803,14195,"34803_20201231",0.12397111867747294,2.584288559041569,158,10.860030923207368,1.1668934843279724,4,"LA"
1276708,11.101808695652174,"SM",34805,14189,"34805_20201231",0.015890080369047117,2.2087483270901838,115,8.40494018847837,1.3798569819485467,4,"CA"
850445,8.17735576923077,"N",34811,9149,"34811_20201231",0,2.021245693316321,104,10.717148959826785,0.8068558849737034,4,"NE"
1089284,5.473788944723618,"NM",34812,19946,"34812_20201231",0.35069347614521734,3.014733783402629,199,10.050088990109467,0.9640573604998246,4,"SC"
112770,12.53,"NC",34813,1315,"34813_20201231",0,2.779113004370335,9,99.71003857202946,8.074897924229113,7,"SD"
873941,10.529409638554217,"SM",34836,8650,"34836_20201231",0,2.0483669766386936,83,8.149941709263743,1.9988862832028824,4,"MN"
1349113,6.363740566037736,"NM",34837,11933,"34837_20201231",1.0884167055808467,2.1697322776576664,212,10.709811683573284,1.4359245594772971,4,"WV"
348330,5.1225,"SM",34847,6830,"34847_20201231",0.23171335127502685,3.18469761456993,68,11.728685544875942,0.8499950509749579,4,"TN"
378102,8.793069767441862,"SM",34849,4539,"34849_20201231",0,2.051439903243732,43,8.006618654018597,1.2415964784205193,4,"IA"
114654,10.42309090909091,"NM",34857,854,"34857_20201231",0.6157769519040881,1.4166473207690522,11,12.979445531524355,1.0596275738837417,4,"IA"
92000,4.181818181818182,"NM",34860,353,"34860_20201231",0.5457392789914106,0.7017069815019563,22,13.28854551561975,-0.40806535662982135,4,"NC"
565409,5.71120202020202,"N",34876,11189,"34876_20201231",1.5506052811666706,3.52651722252597,99,8.771138361426676,0.3871506788131743,4,"CT"
1250922,6.761740540540541,"SM",34885,30208,"34885_20201231",0.3125752157617852,3.7559797609320924,185,9.963965954446827,0.8276971143541433,4,"TX"
190698,5.608764705882353,"SM",34887,2789,"34887_20201231",0.6966164344611886,2.938038730186803,34,13.675444470847465,0.8718316741322214,4,"AR"
2077919,22.105521276595745,"NM",34888,10452,"34888_20201231",0.5574049158145525,1.0429196618597547,94,12.354339511203797,1.5665960295515984,4,"NJ"
755298,3.834,"SM",34890,13229,"34890_20201231",0.9632696998897483,3.6697829281975687,197,9.487326659626293,0.46958856315149977,4,"VA"
528634,6.607925,"NM",34899,7656,"34899_20201231",0.3039703814225907,2.39117741575952,80,8.414646634580219,1.0333088012537373,4,"FL"
68434,4.562266666666667,"NM",34900,817,"34900_20201231",0.4629128316188414,3.053466177110429,15,8.440394161665555,0.2598028628397392,4,"IL"
697446,5.961076923076924,"NM",34908,11127,"34908_20201231",0.18523010430218967,3.1438858020011833,117,11.967964110942761,0.33524569365417417,4,"FL"
206213,5.287512820512821,"N",34918,2981,"34918_20201231",0.12029041543154186,2.751635496363967,39,9.185186625761501,1.4819773462335424,2,"TX"
131377,5.7120434782608696,"NM",34930,1759,"34930_20201231",0.15400872341382257,2.493434687966552,23,10.39631464419649,0.897896983619689,4,"KS"
987295,6.670912162162162,"NM",34934,13979,"34934_20201231",0.5163677845809826,2.403907182891014,148,9.307622720138852,0.6173822304936691,4,"NC"
597140,5.79747572815534,"NM",34936,11101,"34936_20201231",0.22185826625315072,3.085262282291,103,9.24751835735654,1.1677947981925336,4,"TN"
148495,5.120517241379311,"SM",34938,2192,"34938_20201231",0.5973361443269537,2.702113377598967,29,10.479453902814127,1.224216978564089,4,"MS"
1586916,10.79534693877551,"SM",34940,21896,"34940_20201231",3.715611321237548,2.2585864495441075,147,10.69434389354848,0.6295852430077574,4,"CA"
3305150,3.1780288461538464,"NM",34953,217379,"34953_20201231",1.423347973981946,9.557056173658006,1040,10.642005031522887,3.886967746467742,5,"MI"
437847,4.657946808510639,"N",34955,9072,"34955_20201231",0.6998808794370507,3.88978563636775,94,9.358101541221409,0.7903509315517732,4,"IA"
265365,6.318214285714286,"NM",34966,3219,"34966_20201231",0.3422531485670174,2.656932612360269,42,11.809668624589715,0.4494607454557257,4,"NC"
10255710,14.90655523255814,"SM",34967,79869,"34967_20201231",0.5136247874825935,2.374087657347975,688,12.3495506587973,-0.007065766121111447,4,"NY"
55209000,7.856695602675395,"SM",34968,388000,"34968_20201231",8.071748878923767,2.41075925715307,7027,7.265051801054456,1.0053292605650965,9,"PR"
686611,7.802397727272727,"SI",34969,9322,"34969_20201231",0.2974234062538749,2.6403660723306923,88,8.270210805561131,0.22079133073719653,4,"NY"
402319,7.184267857142857,"NM",34973,4489,"34973_20201231",0.03355476234474843,2.1595044615631873,56,10.029422535389122,1.2326265430535892,4,"IA"
671516,5.24621875,"NM",34978,9328,"34978_20201231",0.40085611412946215,2.3727845760699404,128,10.370892664009608,1.2275886824243407,4,"LA"
2642601,7.8648839285714285,"NM",34980,31160,"34980_20201231",0.2046289415799827,2.268260140114209,336,9.97531689395644,1.2626530661249837,4,"LA"
999316,12.186780487804878,"NM",34982,9117,"34982_20201231",0.7424181196345322,1.7932893302960051,82,10.075212699279522,1.0561485000654187,4,"TN"
124369,6.21845,"NM",34995,1730,"34995_20201231",7.370255971130615,2.419134924535727,20,11.18214726251038,1.1585394728033063,2,"NE"
1544574,2.59156711409396,"SM",34997,70373,"34997_20201231",0.2270761320924756,8.741700367327548,596,11.746574016723443,1.1942379223575992,4,"FL"
764419,6.949263636363637,"NM",34998,10586,"34998_20201231",1.322000231622021,2.591820894207797,110,11.044096123884614,1.0170209954970328,4,"GA"
1148196,2.708009433962264,"NM",35014,111009,"35014_20201231",0.8143252319085139,16.17849366558406,424,14.394065378957785,14.786540389762589,9,"KS"
310677,4.779646153846154,"N",35015,5042,"35015_20201231",1.0857628025877424,3.117797345687173,65,9.715330196662492,0.46772348704743627,4,"TX"
65674,5.051846153846155,"NM",35019,931,"35019_20201231",1.1933333333333334,2.9883333700902015,13,9.478433771795656,0.65689774134297,2,"LA"
509321,4.760009345794392,"NM",35020,7196,"35020_20201231",0.45860751127841154,2.8273369526910903,107,8.994229646360646,1.1572221879899798,4,"LA"
210906,6.391090909090909,"SB",35027,3949,"35027_20201231",5.169531197752959,4.384933063869228,33,8.307060395933554,-1.157883100575682,4,"GA"
1843012,6.800782287822878,"N",35028,26238,"35028_20201231",1.099007237028196,2.5504297769355135,271,10.079388756298064,1.0815057946723183,4,"TX"
281466,8.7958125,"NM",35029,3292,"35029_20201231",0.0721302087921769,2.402677569063865,32,7.853130434085791,0.9106217933697291,4,"GA"
232834,12.935222222222222,"SM",35031,2096,"35031_20201231",0,1.5574308273568471,18,8.245366766939437,0.7352774824099002,4,"IA"
237979,6.7994,"NM",35033,3149,"35033_20201231",0.729654071206961,2.805569934955099,35,12.451096042704506,0.5838805680738087,4,"NY"
136473,5.686375000000001,"SI",35043,2721,"35043_20201231",0.6664445184938355,3.3359697818646836,24,10.573520178092357,0.5011716180155673,4,"WI"
532992,9.18951724137931,"N",35052,4402,"35052_20201231",0,1.7525203557168028,58,8.806877187584137,0.8840792752218017,7,"FL"
153494,5.684962962962963,"NM",35056,1651,"35056_20201231",0.7277452891487979,2.3659689669579946,27,8.548260013131976,0.952254216819199,4,"FL"
142722,6.796285714285714,"SM",35060,1449,"35060_20201231",1.3365310731832258,2.0647948035997445,21,12.657144928586964,0.8358562297618218,8,"OH"
115055,2.556777777777778,"NC",35063,6317,"35063_20201231",0,9.38467560495673,45,98.9560243117626,2.2516168619125874,7,"IL"
20993,1.166277777777778,"NM",35075,3557,"35075_20201231",0,27.874502872293416,18,65.48713025190874,5.231992929739284,7,"PA"
424103,7.8537592592592596,"NM",35077,5785,"35077_20201231",0.06108903421291361,2.7749048094420594,54,14.531784845027266,-0.3812585814202673,4,"PA"
208741,8.028500000000001,"SM",35084,1799,"35084_20201231",1.2464935777107544,1.595262322520776,26,14.482629035599517,1.3602504914112488,4,"AR"
54767,6.085222222222223,"NM",35094,515,"35094_20201231",0,1.823645175980743,9,11.000054617947457,0.6648071042872943,2,"MO"
14626444,5.974854575163398,"NM",35095,382231,"35095_20201231",0.11518342522900497,3.817266728849137,2448,8.986953943956157,1.0458975796814354,4,"VA"
217740,6.804375,"SM",35101,2936,"35101_20201231",0.16037184522757852,2.614285223068817,32,11.199592101603782,0.8687315306058466,4,"OH"
183625,4.080555555555556,"NM",35103,4937,"35103_20201231",0,4.289161036394742,45,8.267299555831583,0.655594152470814,4,"ID"
358302,4.777360000000001,"NM",35109,5712,"35109_20201231",0.7468269364880115,3.3793216295441098,75,8.481085102729926,1.0249584998257268,4,"IL"
2258832000,16.111727699396567,"N",3510,17486000,"3510_20201231",0.7715370390491118,1.8661885615726432,140198,7.679985740562222,0.6832799173738355,9,"NC"
705458,4.734617449664429,"NM",35111,12920,"35111_20201231",0.6329943032192186,3.3272079893445987,149,9.283764199334907,1.4002683464574652,4,"VA"
602777,6.088656565656566,"SB",35115,11088,"35115_20201231",0.7203476431230253,4.276697964304224,99,9.386233885039557,-1.5980962622054211,8,"MI"
266515,6.500365853658536,"NM",35117,4935,"35117_20201231",0.017505352598198295,2.794316722845207,41,9.756931740451458,1.1717977262236772,4,"OH"
96994,4.408818181818182,"NM",35118,1960,"35118_20201231",0.9046302786631575,3.2494660601849286,22,7.959377168717683,1.1062465629622682,4,"KS"
1767808000,7.574058602502967,"N",3511,28229000,"3511_20201231",1.934748299625384,2.743969311025146,233403,8.65319124170367,0.1964282688876156,9,"SD"
587448,5.648538461538461,"NM",35131,8070,"35131_20201231",1.9245657125989295,2.322946196902813,104,8.6219636180469,0.801527161655511,2,"IL"
488028,5.031216494845361,"NM",35138,7312,"35138_20201231",1.5434958473411506,3.4604266737069533,97,9.189351400814473,0.3181598989215969,4,"TN"
679059,11.317649999999999,"SI",35139,9761,"35139_20201231",3.618030345419122,2.350061288347788,60,10.930047867869002,1.159328209361331,4,"WA"
11505711,426.13744444444444,"NM",35141,3769,"35141_20201231",0.35470903876239884,0.7037337661617071,27,13.945219631352773,0.9932882068975498,6,"UT"
96057998,10.372313789007666,"NM",3514,1106300,"3514_20201231",0.8224410279558444,1.9423795804051478,9261,10.291800260345674,0.6098277393867639,4,"CA"
457416,7.260571428571429,"NM",35151,5613,"35151_20201231",1.1354772820371815,2.4229851829796476,63,9.165474508386255,0.7273615135829288,4,"NJ"
344708,12.311000000000002,"SB",35154,4881,"35154_20201231",0.028588555355743072,3.468882380170333,28,12.111198279705834,-1.620650301397656,4,"NY"
760397,4.9376428571428574,"SB",35157,15380,"35157_20201231",0.6102473031269064,3.9247186833381633,154,11.257125949304665,0.5887078025007244,6,"NV"
367817,5.932532258064517,"SB",35161,3841,"35161_20201231",0.2613483545203116,2.084875210417961,62,9.096397665526263,1.280030221780828,4,"KY"
211195,0.6323203592814371,"SB",35164,83395,"35164_20201231",0,117.56426799007444,334,58.82506888412653,25.70918114143921,5,"CA"
313722,9.506727272727272,"NM",35169,2766,"35169_20201231",0.5210498892111094,1.5862282742275282,33,9.858371513543927,1.2303041608146068,2,"IL"
129335,6.158809523809524,"NM",35172,2159,"35172_20201231",1.1677661867775937,3.4291342551507245,21,10.51973974919624,0.06858268510301449,4,"MN"
102901,2.9400285714285714,"SB",35206,8204,"35206_20201231",0,38.28574027998086,35,93.17397153312825,43.62388895701396,7,"MA"
851823,5.834404109589041,"SM",35207,15425,"35207_20201231",0.3349605317823016,3.3725771708544148,146,8.281569617999011,0.6784896413165573,4,"VA"
208252,10.412600000000001,"NM",35212,2114,"35212_20201231",0,1.929876490057315,20,8.861886017456785,1.1204692839652344,4,"FL"
707626,4.237281437125748,"NM",35214,17702,"35214_20201231",0.2661640637625513,4.237962996195535,167,10.311553837079757,1.6966993575479146,4,"SC"
400937,9.778951219512196,"SM",35218,3753,"35218_20201231",0,1.6605844067566191,41,9.738460360797122,2.00921685416171,4,"FL"
185318,5.008594594594595,"SM",35220,2815,"35220_20201231",0.3561374013907265,3.1085817473464195,37,8.455037095415387,0.9870206196072299,8,"WY"
507772,8.189870967741935,"NM",35221,4024,"35221_20201231",0.6885275340128821,1.595615670092132,62,10.253937453886328,2.1598124134081553,8,"IN"
457977,7.386725806451613,"NM",35223,4977,"35223_20201231",3.5030673656855837,2.2954839786965104,62,8.075075896520643,0.3300759368817143,4,"IL"
141276,5.232444444444445,"NM",35229,1613,"35229_20201231",1.47118097541314,2.4387831672940887,27,11.406130185826186,1.0839908445552418,4,"IL"
1243178,7.721602484472051,"NM",35230,14182,"35230_20201231",0.25358091252917037,2.1670783852204067,161,10.871027415566306,1.122307573020368,6,"IL"
265287,8.557645161290322,"NM",35236,2892,"35236_20201231",0.11651774001882804,2.2712258105992227,31,8.543248206273782,1.272647758676548,4,"GA"
2755507,17.892902597402596,"SB",35237,19276,"35237_20201231",0.17656737613393395,2.6134057101576866,154,19.137062280123722,4.123916369792653,2,"WI"
187302,7.80425,"NM",35241,1341,"35241_20201231",1.330406003211325,2.4735507758191266,24,11.246641550770871,2.376155178694899,4,"SC"
6957,0.21081818181818182,"NC",35248,3191,"35248_20201231",0,62.072975723215585,33,86.99001426533523,7.239424334932402,7,"VA"
75838,5.055866666666668,"NM",35261,1414,"35261_20201231",0.6682888378628465,3.792848816985128,15,9.116675878293156,1.1839302823734752,4,"WA"
36986,3.6986000000000003,"SB",35267,1499,"35267_20201231",0,5.329746159092251,10,94.98995199285474,7.034727927869873,5,"DE"
1489199,4.1138093922651935,"N",35274,45417,"35274_20201231",0.5667628513412418,5.034897702615446,362,8.343239509802679,1.5583609602058952,4,"VA"
497153,5.714402298850575,"NM",35276,5152,"35276_20201231",0.5324302335275803,2.2944063581710625,87,9.271851580950493,1.41242393714256,2,"MO"
1847097,7.760911764705882,"N",35278,44096,"35278_20201231",0.5654072053544181,5.8852687411742215,238,7.459991038785326,1.5101006346719967,4,"MD"
272799,4.54665,"NM",35286,5183,"35286_20201231",0.3385039066167343,3.1477754256993298,60,6.844729099472394,0.16518287306589086,4,"NJ"
237342,5.651000000000001,"NM",35292,3455,"35292_20201231",0,2.737559582829531,42,10.925804091885698,1.9981089168374508,4,"KS"
2482257,9.772665354330709,"NM",35295,33064,"35295_20201231",0.36629787234042555,2.3610908579905994,254,10.256642101349794,0.8229203787808944,4,"SC"
173797,7.899863636363636,"NM",352,1728,"352_20201231",5.099237459628244,1.8874363770028781,22,9.797691646310563,1.236068994790284,2,"MT"
132448,4.414933333333334,"NM",35303,2170,"35303_20201231",1.2449504223283143,3.086986137332782,30,11.523158578028943,1.3553191026123523,4,"MI"
181597,11.3498125,"NM",35304,2018,"35304_20201231",0,1.951897926059106,16,10.139395437967485,1.380596972838108,4,"FL"
16346,2.04325,"NM",35314,689,"35314_20201231",6.49421523684785,10.062531039776061,8,15.13015873015873,-5.479931373876925,4,"AL"
133438,0.3352713567839196,"NC",35317,105560,"35317_20201231",0,140.76788733593148,398,46.453498338789075,23.84978124196946,7,"PA"
382786,5.036657894736842,"NM",35320,5684,"35320_20201231",2.4673372429663725,2.4680729106304122,76,11.203678658371654,1.160673658873844,8,"GA"
314522,3.2762708333333332,"NM",35323,14574,"35323_20201231",0.3124988032368136,8.292169100632488,96,16.60678046509176,4.580156965084589,4,"UT"
107951,6.7469375000000005,"N",35331,2344,"35331_20201231",0,2.8981644958193145,16,45.76016600080523,3.273759952030381,8,"CA"
415135,11.860999999999999,"NM",35333,5198,"35333_20201231",0.15286425586290348,2.054217290540066,35,9.261218796594681,1.2697201667634985,4,"WI"
756037,9.4504625,"SM",35348,7611,"35348_20201231",0.3915260950040818,1.8178335963713217,80,11.336867280187223,1.578769719045088,4,"OK"
1953474,13.854425531914893,"NM",35361,15437,"35361_20201231",0.029973872332524305,1.4867216480167256,141,7.86922603721478,2.113445274471101,4,"CA"
536641,7.558323943661971,"SM",35365,7522,"35365_20201231",0.7667809625264933,2.7015044391798155,71,9.374166355439364,0.7831231926997146,4,"NC"
314739,6.171352941176472,"N",35366,4013,"35366_20201231",0.05567412081284216,2.288540252956467,51,8.627505993980513,1.0263581188105224,4,"CA"
262937,13.83878947368421,"NM",35377,2596,"35377_20201231",3.2070264868482576,1.974829425232012,19,21.181701650376542,0.9282050039434057,4,"NY"
201800,0.3011940298507463,"SB",35388,51468,"35388_20201231",0,75.4032097629354,670,93.35555208212534,43.30354000267293,7,"PA"
39237,1.121057142857143,"SB",35393,1020,"35393_20201231",0.9856196477621587,6.837431439125406,35,14.408993137355322,-2.593186821387262,4,"IL"
90046,2.9047096774193553,"SB",35394,6856,"35394_20201231",0,33.44526163900073,31,29.354682751634588,4.0239994761123015,7,"CT"
496136,7.190376811594203,"NM",35406,7853,"35406_20201231",0.3574470017826931,2.782380795946037,69,7.736604963180787,1.3070202026618656,4,"MN"
438288,6.956952380952381,"NM",35407,5644,"35407_20201231",0.09563650321715991,2.444012899043949,63,8.76358135057076,2.1838505180545384,4,"CO"
786565,11.078380281690142,"NM",35412,7471,"35412_20201231",0.13807967041058344,1.8148449027919968,71,10.05509938813683,1.041255541925986,4,"IL"
12800,,"NC",35413,0,"35413_20201231",0,17.14548228847069,0,99.01657116307882,9.70483519007695,7,"CA"
357998,4.162767441860465,"NM",35417,6259,"35417_20201231",0.19260097794129208,3.2547969535524515,86,8.08213943545752,0.8435854235505494,4,"TN"
262999,3.811579710144928,"NM",35420,4760,"35420_20201231",0.43093407873282086,3.1161018202168234,69,9.202687477155314,0.7154315403559034,4,"MO"
355345,9.60391891891892,"NM",35422,5300,"35422_20201231",0.3359844896340523,2.3308394264647836,37,11.689270996478834,0.16521061418094113,4,"IL"
247006,8.233533333333334,"N",35427,3469,"35427_20201231",2.502147006819904,2.591947653557094,30,14.307854907907544,1.4143445228156792,2,"GA"
234939,8.701444444444444,"NM",35430,2271,"35430_20201231",1.4166801619433198,2.4782258145905827,27,9.002570694087405,-0.023548752084344905,4,"FL"
197328,7.3084444444444445,"NM",35439,2630,"35439_20201231",0.003561887800534283,2.5155400473320872,27,10.091884006040285,0.8941596481408135,4,"MS"
436687,5.077755813953488,"NM",35441,5590,"35441_20201231",4.282041070143445,2.2466294445387196,86,10.838782583530287,1.4380091166012419,4,"NM"
79931,3.475260869565217,"NM",35442,1296,"35442_20201231",1.6149455873446992,3.172681542090213,23,13.401388961411936,1.500240038406145,8,"KY"
6280420,9.890425196850394,"NM",35444,95158,"35444_20201231",0.9803376960252729,2.735554855959192,635,9.110137817710925,1.5097794983196269,4,"DE"
146134,6.642454545454546,"NM",35450,1721,"35450_20201231",1.2026709848801878,2.3757081909707667,22,10.928407564905998,1.5401094410040643,4,"KY"
222498,3.903473684210526,"NM",35455,3887,"35455_20201231",0.3602604960509907,3.5375482157098967,57,8.32330348388176,0.9897624076081748,4,"KY"
635862,8.152076923076923,"NM",35456,9628,"35456_20201231",1.0772888455436556,2.631586008072008,78,9.600827275084587,0.873673810109932,4,"NJ"
1723148,7.004666666666667,"NM",35465,22674,"35465_20201231",0.5811176564241363,2.6076236009137967,246,9.253050894466787,0.613943344229999,4,"NC"
267763,5.697085106382979,"NM",35477,3646,"35477_20201231",2.7005011881167573,2.9306714587927196,47,8.866167682503127,0.9379143802757685,4,"IA"
427605,8.223173076923077,"NM",35479,4522,"35479_20201231",1.6967505847069422,2.3178676392925075,52,9.607598952587043,0.9474477777250208,4,"NJ"
264997,9.464178571428572,"NM",35480,3544,"35480_20201231",0.09680786160509451,2.700605159041942,28,8.6964649276446,0.9947760073471127,4,"MN"
279672,4.51083870967742,"NM",35492,4431,"35492_20201231",1.011548955242423,3.2559888071414265,62,10.398121882030715,0.54671314413496,4,"NM"
484595,5.047864583333333,"SI",35497,8385,"35497_20201231",0.15480025230274402,3.1771501257432173,96,8.558309081937828,0.93344561397665,4,"PA"
7867910,12.814185667752442,"N",35498,93417,"35498_20201231",0.6319516974930414,2.479394866445637,614,12.190499203947331,0.26394672827116866,4,"CA"
8933,0.3722083333333333,"SB",35510,3304,"35510_20201231",0,63.81983947635004,24,59.51964663660624,10.208057352139017,5,"MT"
434045,7.614824561403509,"NM",35513,4549,"35513_20201231",1.073602407744312,2.3093566916566863,57,11.165870937933159,1.7217467949116965,4,"GA"
234988,5.731414634146342,"NM",35514,3001,"35514_20201231",0.0999750062484379,2.4082100289535857,41,12.219894676225369,1.500968080004263,4,"AL"
1419636,0.8268118811881188,"SB",35518,300641,"35518_20201231",0.5715924865250178,38.5017161617669,1717,11.55869687324471,10.974455008036047,5,"IL"
1172152,6.335956756756757,"SM",35519,24748,"35519_20201231",0.3686510103768433,3.7672885902635374,185,7.707039553736104,1.58963549024945,4,"NC"
614870,13.663777777777778,"SM",35521,6024,"35521_20201231",0.917684465048978,1.7155187618501697,45,10.969198538467994,0.5876857445213634,4,"TN"
3614882,17.984487562189056,"N",35525,34228,"35525_20201231",0.2161815106561211,1.7452585907472704,201,10.636746967067895,0.8788553648529843,4,"GA"
1066591,16.40909230769231,"NM",35530,8065,"35530_20201231",0,1.4485643072474397,65,13.377782240926875,1.2000495657736445,4,"NC"
43692,0.7282,"NM",35533,8413,"35533_20201231",0,29.033029585515774,60,42.52286376435994,4.053957092631126,7,"UT"
2821981,9.344307947019868,"NM",35541,25916,"35541_20201231",0.7920452450272062,1.8534758793975048,302,9.87759730300827,0.7805869558695069,4,"NJ"
301688,4.502805970149254,"NM",35543,4537,"35543_20201231",0.1677282700678514,2.839654481205763,67,8.623469053304705,0.7881103115721275,4,"MO"
13301163,13.2481703187251,"SB",35546,120626,"35546_20201231",1.4102707888016128,1.9150990695200316,1004,9.076503792073156,1.8269127603980326,4,"CA"
137352,6.2432727272727275,"N",35547,2046,"35547_20201231",0,3.2381897703717475,22,9.920337775051198,-0.508570286167239,4,"AZ"
102003,6.3751875,"SM",35558,1846,"35558_20201231",1.1801383925176794,2.930909363895701,16,7.6321013328291905,0.6589593447108086,4,"FL"
553496,6.589238095238095,"NM",35568,5958,"35568_20201231",0.41376188061078595,2.154305025313135,84,7.827744135547604,0.9792851055786662,4,"KY"
34775324,13.202476841305998,"NM",35583,315556,"35583_20201231",0.3380039729373254,1.72806460003414,2634,9.068314468329225,1.0239587832663104,4,"TN"
324593,3.7743372093023257,"N",35585,11816,"35585_20201231",0.23063531899008344,4.712350221996248,86,9.642822943598581,1.2168115449546393,4,"KS"
117380,5.335454545454545,"SM",35597,1714,"35597_20201231",1.3520325728688685,2.8658062426708852,22,8.526897432021633,1.0027207809655658,4,"MO"
849931,9.882918604651163,"NM",35599,9392,"35599_20201231",2.2851808957494253,2.166410961199235,86,10.334727249738933,0.7047889784046135,4,"FL"
31185,0.29700000000000004,"SB",35602,26162,"35602_20201231",0,184.12422523202045,105,98.67447374092967,13.639195881021873,7,"IL"
160882,6.994869565217392,"NM",35604,2032,"35604_20201231",0.5859170282791439,2.273851220792993,23,12.826156680984335,1.0731965963608183,4,"TN"
320518,4.057189873417722,"N",3579,7134,"3579_20201231",3.836673547420588,3.9823178935229673,79,12.014866833513876,1.3558611290688938,7,"FL"
40507,5.063375,"SM",358,632,"358_20201231",0.9734586904068557,2.215762405220255,8,11.09181261156945,0.5971378041591283,2,"MT"
125882,7.867625,"NM",3598,1247,"3598_20201231",0,1.9205604075075373,16,10.925052699304961,0.6475225701821358,2,"IL"
99431,4.734809523809524,"N",3599,1567,"3599_20201231",0.03951788184153329,2.8182656534556725,21,9.272254198533469,1.0329771900910159,2,"IL"
956496,6.211012987012987,"SM",35,11316,"35_20201231",0.1582394145141663,2.219579882766208,154,10.315444613095686,0.7689708967288447,4,"AL"
23495,5.87375,"N",3600,287,"3600_20201231",1.2267848014994036,2.2917781344747636,4,9.82791421653407,0.7133939718209381,2,"IL"
71129,4.741933333333334,"N",3601,837,"3601_20201231",1.4496781066184985,2.1194031663518937,15,11.15127247319341,0.7256982188511498,7,"IL"
3046940,5.716585365853659,"N",3603,46814,"3603_20201231",1.1093740002862083,2.720358434682737,533,10.74066679302732,1.2108957464296326,4,"IL"
145732,3.938702702702703,"N",3607,2114,"3607_20201231",0.046279265702317524,2.815388574220727,37,11.057116457342323,1.1138674692873274,2,"IL"
480385,4.327792792792793,"N",3612,8484,"3612_20201231",0.5362767162883908,2.783147621855458,111,10.498140940618816,0.9639376248278368,4,"IL"
368093,5.751453125,"NM",3614,4366,"3614_20201231",0.5380914016246221,2.2041935138961395,64,9.916796799415698,1.3562508469420604,2,"IL"
67166,3.3583,"NM",3615,1132,"3615_20201231",0.42994739749717775,3.7492153703915574,20,10.971437072299912,1.5352457166180686,4,"IL"
203332,7.261857142857143,"N",3639,2682,"3639_20201231",0.17548807621196452,2.4172169570658952,28,9.692591886112421,1.2010595563107949,7,"IL"
397729,4.791915662650602,"SM",363,6638,"363_20201231",1.9843391540109587,3.2117087320061,83,8.98581982000141,0.993349072662004,4,"MT"
5930354,7.068359952324196,"NM",3657,86878,"3657_20201231",0.6324659140458988,2.408259425753197,839,6.532832745660952,0.566920817440418,4,"IL"
426302,17.05208,"N",3661,2948,"3661_20201231",0.5234717561775645,1.4432834008634192,25,10.256183544735492,1.0384600079383137,4,"IL"
1481336,5.4261391941391945,"N",3664,22765,"3664_20201231",0.6220970067699089,2.9397926289996246,273,7.8982766727313605,0.9923484828637789,4,"IL"
281091,9.3697,"N",3674,5454,"3674_20201231",0.471361851229386,3.132637317299828,30,11.1265223776535,1.5352344997024803,4,"IL"
303380,5.724150943396227,"N",3677,3473,"3677_20201231",2.691799957019618,1.9133404602883948,53,9.630138517266996,0.7472718227716799,2,"IL"
68781,5.290846153846155,"N",3688,1119,"3688_20201231",0.17176796837813788,2.6410128699416453,13,8.624691394527149,1.045336875180628,2,"IL"
303445,6.896477272727273,"N",3691,4375,"3691_20201231",1.3541318797332673,2.5945258468340637,44,9.276540454098715,0.9531433974055472,4,"IL"
59125,4.927083333333333,"N",3693,736,"3693_20201231",0,2.49372989720967,12,5.845532904638118,-0.05366707095860123,7,"IL"
94119,4.70595,"NM",3698,1276,"3698_20201231",0.1756666047787029,2.568156654187095,20,8.4799433239231,0.1628258482103755,2,"IL"
650866,4.0934968553459115,"N",3701,13105,"3701_20201231",2.521389719799149,3.3227205637402406,159,7.95152324398703,1.2660393960678187,4,"IL"
211207,4.800159090909091,"SM",3702,3110,"3702_20201231",1.1898486982519507,2.6871353905987183,44,8.394347411578508,0.5840929789870114,8,"IL"
4700049,7.110512859304085,"N",3705,44564,"3705_20201231",0.7567504530147185,2.016761985712871,661,9.177388791383338,0.9588212686009537,4,"IL"
20730793,10.06837931034483,"SM",3709,245293,"3709_20201231",0.9929578526157768,2.1967341625827608,2059,7.862039618948025,0.6684360744280716,4,"IL"
586984,4.515261538461539,"SM",3711,8960,"3711_20201231",1.174687499031425,2.690654510999225,130,9.089842689940737,0.6695671528860785,2,"IL"
317754,5.884333333333334,"SM",3713,4257,"3713_20201231",0.236056757841201,2.670369943434539,54,8.587317311650885,2.04830675354634,4,"IL"
906824,6.667823529411765,"N",3719,16956,"3719_20201231",0.17921732551446432,3.2555426590811862,136,8.639120410603969,0.5741779338055069,4,"IL"
231554,5.937282051282051,"N",3720,2544,"3720_20201231",0.9241513623479646,2.2002461614495963,39,10.675326396712839,1.411864221526296,4,"IL"
674761,7.497344444444444,"NM",3722,6963,"3722_20201231",1.4069360144675735,2.086965284094015,90,8.508960130890458,1.0857159040091469,4,"IL"
817958,14.871963636363636,"N",3732,6118,"3732_20201231",1.0400443142836562,1.3738979369348288,55,13.037183785431273,1.3899836081821064,2,"IL"
101014,4.591545454545455,"NM",3745,1342,"3745_20201231",0.597901631852543,2.5270865769424913,22,9.13168192885095,1.0915565703186068,8,"IL"
502572,4.11944262295082,"N",3747,9007,"3747_20201231",3.9513383043834316,2.8145764919947416,122,10.190394290582354,0.7611042292677614,2,"IL"
135085,4.35758064516129,"N",3749,2102,"3749_20201231",0.5934943884344683,3.152386307506392,31,11.165454152560686,0.7261594475285726,2,"IL"
245822,5.230255319148936,"N",3759,2695,"3759_20201231",1.608668545788221,2.4964198463224956,47,13.07936923700269,0.9080630313718769,8,"IL"
76642,4.257888888888889,"N",3761,1024,"3761_20201231",2.890226956924502,2.4578046250257937,18,11.50919424941491,0.9964072804158622,2,"IL"
160632,5.3544,"NM",3762,2335,"3762_20201231",0.5852570950810535,2.6580006587431404,30,9.851822980320136,0.9420585164881176,2,"IL"
45595,5.699375,"N",3770,484,"3770_20201231",1.8697478991596639,2.263510111413218,8,10.244742887435942,0.6499867256232091,2,"IL"
1492424,5.50709963099631,"N",3775,22160,"3775_20201231",2.4209242363717536,2.531498818179519,271,8.33125103261634,1.0195836506870297,2,"IL"
569020,5.317943925233645,"N",3777,8798,"3777_20201231",2.0029387190642196,3.0226152631328156,107,9.234604976834195,0.6292417445525279,2,"IL"
1191537,7.310042944785276,"SM",3787,11269,"3787_20201231",1.0028355266526705,2.1740241657281274,163,7.635353792451458,0.7899781763248188,4,"IL"
626354,10.799206896551725,"N",3792,4473,"3792_20201231",3.114593970607823,1.4598497547692717,58,12.037992033818949,1.189507207589777,2,"IL"
443586,8.87172,"N",3799,3993,"3799_20201231",2.09198631810408,1.7222588501231144,50,12.288441855163013,1.3978402993620764,7,"IL"
54833,6.092555555555555,"SM",3805,769,"3805_20201231",0.481990302470561,2.266033493174808,9,10.720143134039063,1.9351268088597846,8,"IL"
106927,4.277080000000001,"N",3807,1702,"3807_20201231",0.23214121540866048,2.6181504759580183,25,12.67213759766174,1.3300509519160362,2,"IL"
125325,3.91640625,"N",3808,2192,"3808_20201231",1.9084853355855549,2.9002162412109507,32,7.7930244932841,0.5763032272980728,2,"IL"
1492816,5.043297297297298,"N",3809,26734,"3809_20201231",1.6479906528909343,3.170136948682609,296,8.789027501176417,1.110950387584377,2,"IL"
458286,9.16572,"N",3814,4303,"3814_20201231",1.9972720187061574,1.7752119296508804,50,12.114157249456294,0.7625594413785676,8,"IL"
105162,5.5348421052631585,"N",3817,1468,"3817_20201231",1.6607243385250516,2.971781920240943,19,8.032021601270216,0.6134365165012371,4,"IL"
83525,3.2125000000000004,"NM",3818,1308,"3818_20201231",1.3859275053304905,3.1194515077144027,26,8.64518447532343,0.39715523728488455,4,"IL"
229235,4.775729166666667,"N",3821,2898,"3821_20201231",0.18247246555923086,2.4990514514000384,48,10.23447039910042,1.3902391694093317,2,"IL"
73312,4.887466666666667,"N",3826,928,"3826_20201231",0,2.1930464097613895,15,10.684766544419508,0.3280820759283994,2,"IL"
90201,7.516750000000001,"N",3827,825,"3827_20201231",0.10458123928768555,1.588620649331585,12,9.599833649092002,1.1855563655544248,2,"IL"
169957,4.593432432432432,"N",3830,2066,"3830_20201231",1.0589458732815908,2.4597029382871076,37,9.732152758727361,0.8794015326177456,2,"IL"
22855667,10.217106392489942,"N",3832,252617,"3832_20201231",1.1026548845087873,2.4335275712634137,2237,8.669421366569429,1.1176499250652348,4,"IN"
66242,4.731571428571429,"N",3834,822,"3834_20201231",1.3479496548924077,2.449922608405019,14,11.107071992244892,1.7636197849908979,8,"IL"
93017,4.228045454545454,"N",3837,1538,"3837_20201231",1.211821996813357,3.030337500426568,22,11.610186049540847,1.476493271604236,8,"IL"
416241,5.076109756097561,"SM",3840,5100,"3840_20201231",0.6736735221897319,2.2899873729425106,82,11.86170907361735,1.2216040785343667,2,"IL"
733744,5.475701492537314,"N",3842,10749,"3842_20201231",0.7493071557388694,2.450510877019162,134,8.499850021983079,0.6551723421045051,4,"IL"
93771,4.077,"N",3845,1224,"3845_20201231",1.4536003080477473,2.6553710915260416,23,9.432146294513956,0.5568080890892942,2,"IL"
250558,5.82693023255814,"SM",3846,3956,"3846_20201231",1.4251732764631095,2.7907045113002997,43,8.580789515742367,1.7401372049548731,4,"IL"
1171756,4.923344537815127,"SM",384,19861,"384_20201231",0.7899227859129044,3.2010189949031744,238,10.706138449150068,0.8473421685221502,4,"OH"
51841,4.712818181818182,"SM",3850,710,"3850_20201231",0.07217199726506116,2.2795239285375715,11,10.366968829516539,1.2496444976860033,8,"IL"
247882,2.8168409090909092,"N",3854,5619,"3854_20201231",1.2497633024048476,4.239783672874883,88,9.673971599112203,1.089687279201493,8,"AR"
188339,4.484261904761905,"SM",3858,2667,"3858_20201231",1.7950325741553568,2.5263647051071754,42,9.650196345525556,1.4611416093596292,2,"AR"
512152,4.972349514563107,"N",3863,6323,"3863_20201231",0.5737169602525262,2.1970353329410406,103,9.449986066340033,0.9783375949031823,2,"AR"
1780316,6.096972602739726,"N",3864,22832,"3864_20201231",0.34744218317194486,2.251853870957346,292,9.379574256425213,1.4892224185109844,4,"AR"
858489,5.574603896103897,"NM",3869,11541,"3869_20201231",0.5064477342493032,2.3670489253101517,154,8.67278390998902,1.3552989695293316,2,"AR"
458393,2.2252087378640777,"SM",3873,36397,"3873_20201231",0.4794868680871353,10.411073703336776,206,13.92242091029583,2.061733631906561,8,"AR"
1874026,7.04521052631579,"N",3887,20500,"3887_20201231",0.31139145213354474,2.341521962944811,266,10.78406400111945,0.9551321437856823,4,"AR"
22308633,7.687330461750517,"SM",3890,246679,"3890_20201231",0.9512801969105369,2.282749517794932,2902,9.87934968771151,1.302921648863608,4,"AR"
262579,4.235145161290323,"N",3896,3384,"3896_20201231",0.3513837645423226,2.648903384197502,62,10.027107638295558,1.1361187831776067,2,"AR"
64473,2.9305909090909092,"NM",389,1138,"389_20201231",0.005618924537843456,3.454298972834871,22,9.37172201086531,0.4480812346837687,8,"OH"
151469,6.311208333333333,"N",3902,2184,"3902_20201231",3.308524610669836,2.1820756335788336,24,11.946601280479499,0.42695721375288637,2,"ND"
282169,5.0387321428571425,"N",3914,4712,"3914_20201231",0.0011025966150283919,2.5245587730008077,56,13.26506430741169,1.6184124736034828,2,"ND"
62305,5.664090909090909,"SM",3919,1155,"3919_20201231",0,2.9393360822757395,11,10.689054332330112,0.8583759847257209,2,"ND"
3011785,3.6112529976019183,"N",3931,108089,"3931_20201231",0.24169586761917675,5.905009879783753,834,8.498980180431953,1.8027454720344382,4,"ND"
49162,6.14525,"NM",3934,555,"3934_20201231",0,2.424152290303391,8,7.550183920126116,1.1302795954788816,4,"ND"
3647138,5.68090031152648,"NM",3973,55650,"3973_20201231",0.3711519933935863,2.926620409469937,642,9.721705871587721,1.278925112586338,4,"SD"
96215,6.414333333333333,"N",3977,1452,"3977_20201231",0,2.8459226990158513,15,9.253715034965035,1.0799970019010672,7,"SD"
28153,5.6306,"N",3985,336,"3985_20201231",0,2.2947071536452466,5,9.881031064111037,0.06675511719695262,2,"SD"
320549,11.053413793103449,"N",3999,3404,"3999_20201231",0.8439957044719901,1.6703430523106866,29,12.183176120299247,1.7393177552437764,2,"SD"
26027,2.1689166666666666,"NM",399,629,"399_20201231",1.0826524986216228,4.356523172357992,12,13.418374981295825,0.1086321341344641,2,"OK"
373358,4.444738095238096,"NM",39,5278,"39_20201231",0.10049412635413114,2.479416947871093,84,9.19582380029921,1.2697283203895908,4,"AL"
1398699,4.200297297297298,"NM",4009,26850,"4009_20201231",3.5913678454493287,3.6053638185501327,333,9.502173851766697,0.7454618723311461,2,"SD"
1504675,5.61445895522388,"N",4016,27729,"4016_20201231",2.068372615433557,2.9825457179692942,268,11.651307221944586,1.1428774796308352,2,"SD"
2152454,6.097603399433428,"N",4028,45352,"4028_20201231",0.8087975137461153,3.296681346297886,353,9.192107821002441,1.3507358255276962,2,"SD"
826936,3.8462139534883724,"N",4029,14244,"4029_20201231",1.5260761786718786,3.1382124879223023,215,8.505196286747237,1.144061108979648,4,"OK"
296803,4.240042857142857,"NM",402,4012,"402_20201231",0.29961249262196216,3.1039496070475456,70,9.2314573595239,0.9358873003593637,4,"OK"
313596,5.5016842105263155,"SM",4031,4628,"4031_20201231",0.7364315389375056,2.8557690609851014,57,9.304779491114894,-0.17691506311215668,4,"OK"
764077,5.788462121212121,"NM",4032,12456,"4032_20201231",1.0188704457047837,2.8847802346523133,132,8.353457288969429,1.0511283608682014,4,"OK"
547766,7.402243243243243,"N",4033,6349,"4033_20201231",10.5180859080633,2.9667030006375583,74,6.803444181676503,-0.6695505327839819,2,"OK"
577104,3.821880794701987,"N",4037,10954,"4037_20201231",1.9690746557139407,2.9467533655772518,151,9.760451477104615,1.011872899088596,4,"OK"
123120,10.26,"NM",4041,1254,"4041_20201231",0.7290164126154925,1.9407174723053016,12,9.023453140574018,1.5171514979364733,2,"OK"
792725,5.147564935064935,"NM",4042,13712,"4042_20201231",2.7815117044567264,3.3060010268490836,154,8.084837782638461,0.8083416387303314,4,"OK"
712789,5.5686640625,"NM",4048,12253,"4048_20201231",0.5614892484155954,2.8894565539540893,128,10.77602065290117,1.288206663181402,4,"OK"
196743,3.3346271186440677,"NM",4049,4016,"4049_20201231",0.3501843799878915,3.4741163030942372,59,10.51336789671648,1.459937798232333,4,"OK"
130824,3.6340000000000003,"SM",404,2588,"404_20201231",0.4939984146755747,4.127887577625667,36,8.455603828135871,1.4755760577661303,8,"OK"
224010,5.60025,"N",4050,3766,"4050_20201231",0.1485375603433839,2.8677114524893974,40,9.977540385387572,0.8059612450236913,4,"OK"
41767,3.4805833333333336,"SM",4051,1015,"4051_20201231",10.57421451787649,4.438442514312781,12,11.182138224939782,-0.2892161104759996,2,"OK"
76480,5.098666666666667,"NM",4054,1219,"4054_20201231",6.297917936780653,3.7491363118814283,15,10.850596933044228,-1.2030810553052347,8,"OK"
155242,4.435485714285714,"N",4059,2025,"4059_20201231",0.2691876991988974,2.4358043524961723,35,16.058913817314917,1.06256271363425,7,"OK"
123948,5.38904347826087,"NM",4061,1706,"4061_20201231",5.278993732552709,2.3657331033597635,23,11.295278137128072,0.4625035607296131,2,"OK"
777821,4.771907975460123,"N",4062,10275,"4062_20201231",1.822221829554892,2.28250567134793,163,11.505951652468195,1.6744883583125758,4,"OK"
29602861,10.386968771929824,"SB",4063,296270,"4063_20201231",36.93301071543939,1.8876739500577215,2850,7.962465202880685,1.5475543990371863,4,"OK"
176253,5.5079062500000004,"NM",4067,2281,"4067_20201231",0.2503201769705437,1.8955064550792629,32,14.743833017077797,1.3735212872260165,2,"OK"
88559,5.20935294117647,"NM",406,1107,"406_20201231",2.8740540063017166,2.5628951364699413,17,17.919661262465876,0.6579036306366794,2,"OK"
91236,4.344571428571429,"SM",4071,1389,"4071_20201231",1.4123287996392035,2.7533933842141964,21,9.078244717901091,0.6638710848322174,4,"OK"
73230,3.8542105263157898,"SM",4076,1391,"4076_20201231",2.806864789313292,2.8472969009678364,19,12.948045132511151,0.8988605381214629,4,"OK"
326887,5.734859649122807,"SM",4084,5701,"4084_20201231",0.15792590642890045,3.4776649222245513,57,9.651598861026004,1.1139170066116983,4,"OK"
301489,7.35339024390244,"N",4086,3717,"4086_20201231",1.644448587675958,2.112553143143176,41,11.72549019607843,1.9255024517471786,2,"OK"
340774,4.425636363636364,"SM",4087,4297,"4087_20201231",0.7913246206099434,2.3671601938292293,77,7.535734773523721,1.6683698006188228,2,"OK"
1123488,5.427478260869566,"N",4091,21412,"4091_20201231",2.58917120021406,3.582108659429639,207,7.469779463169714,0.7781104916898199,4,"OK"
85259,4.26295,"NM",4092,1511,"4092_20201231",0.024231095418592172,2.966822154254924,20,12.006220839813375,2.070826992380943,2,"OK"
108426,5.706631578947369,"SM",4094,2347,"4094_20201231",1.761848936526545,3.207461059986702,19,12.611621522512612,-0.10327611508696834,7,"OK"
130304,8.144,"N",4097,1435,"4097_20201231",0.6598817288901296,2.2798128742761388,16,10.66266636146627,1.6205601261551326,2,"OK"
21221,2.3578888888888887,"N",4098,393,"4098_20201231",0.12259910093992644,3.6053605360536056,9,10.192434675973965,0.22502250225022502,7,"OK"
88988,2.5425142857142857,"N",4111,2305,"4111_20201231",0.4634895842175854,4.130206038149884,35,7.9129351631123415,1.1792558884102418,2,"OK"
42643,3.0459285714285715,"SM",4122,705,"4122_20201231",2.7401145969251717,3.1276133132630877,14,8.519478094437831,0.5423745012304972,8,"OK"
85568,4.2783999999999995,"N",4123,1441,"4123_20201231",2.4186614778949274,2.779727360315556,20,13.491584761499247,1.3118803786466628,2,"OK"
413966,1.045368686868687,"N",4132,19508,"4132_20201231",0.6540967662491077,9.69084617987462,396,12.632096154277834,1.2783735782349557,4,"OK"
80695,10.086875000000001,"N",4134,921,"4134_20201231",2.9390103961498277,2.4310901548199473,8,11.161490603222857,1.1667628945342572,4,"OK"
19825,3.3041666666666667,"NM",4144,315,"4144_20201231",0.024752475247524754,3.2332771896053902,6,7.80702187546294,2.060274302213667,4,"OK"
521392,6.684512820512821,"N",4145,6413,"4145_20201231",1.48619957537155,2.335869404933184,78,10.721359435294845,1.2199447617301615,4,"OK"
450090,5.556666666666667,"N",4146,5657,"4146_20201231",2.045027802218735,2.3222366169280155,81,9.765183704645557,1.503673187420814,4,"OK"
1015692,12.69615,"SM",4147,10130,"4147_20201231",1.9755346274156511,1.8303278523911652,80,10.776355149906099,1.9944062216033138,4,"OK"
165903,4.608416666666667,"N",4148,2663,"4148_20201231",0.6574536900911496,2.9879475219650105,36,8.411044925027143,0.7218148937088341,2,"OK"
265902,6.64755,"NM",414,2972,"414_20201231",0.7393253978500176,2.072805492603685,40,15.865366138615384,1.093818485298846,8,"OK"
885351,6.863186046511628,"NM",4160,12936,"4160_20201231",0.9173103696655969,2.5541972987046626,129,8.736076214531035,0.875495300499397,4,"OK"
79427,7.220636363636364,"N",4161,735,"4161_20201231",4.258494031221304,1.7465492933863676,11,17.054381046197367,1.0803897154650763,2,"OK"
265005,4.015227272727273,"N",4170,4451,"4170_20201231",4.943669841599855,2.744537135497012,66,11.656225249336542,1.2704248977819048,4,"OK"
277673,4.9584464285714285,"N",4173,5151,"4173_20201231",0.6047183303942125,3.2007164047475403,56,9.915937924499069,0.4084896378788439,4,"OK"
669959,12.406648148148149,"SM",4178,6417,"4178_20201231",0.8637541722898372,1.5081633006805362,54,10.618450887036607,1.7567616469465586,4,"OK"
305738,3.7285121951219513,"N",4181,5132,"4181_20201231",0.43442080502172103,2.7696577003748986,82,10.158240061752219,1.6486314632539325,2,"OK"
264263,6.77597435897436,"SM",4185,3017,"4185_20201231",0.7893894181907621,2.1001610151082253,39,9.892848529394875,1.5744989213148517,4,"OK"
281680,5.523137254901961,"NM",4187,4581,"4187_20201231",0.29661951805456815,3.037164060994852,51,10.36475080385852,0.8036742122082055,4,"OK"
142933,5.71732,"NM",418,1877,"418_20201231",0.9411310131647945,2.2179498942112272,25,11.729987104453924,1.1725733223235162,2,"OK"
1469216,5.137118881118882,"SM",4190,19554,"4190_20201231",0.22828580487531938,2.402551171153461,286,8.526414396437737,1.0162480097230806,9,"OK"
131063,6.5531500000000005,"NM",4193,2005,"4193_20201231",2.5397617414083453,2.660315834511014,20,8.756088217588792,1.376751935069818,2,"OK"
130947,7.2748333333333335,"N",4196,1556,"4196_20201231",2.1088808899192646,2.6061125462436294,18,8.105560092049588,0.5405891735771601,2,"OK"
133370,5.7986956521739135,"N",4199,1633,"4199_20201231",0.6155351807973627,2.016689402676566,23,7.6946158462461725,1.8441726062495807,2,"OK"
234399,6.511083333333334,"NM",41,3615,"41_20201231",0.8570395993598018,2.436533588687295,36,14.433345568314893,1.7756835258316555,7,"AL"
85299,3.0463928571428576,"N",4204,1833,"4204_20201231",2.691770939281406,4.06587738137161,28,11.292133517344624,0.7997837483942326,8,"OK"
234055,4.501057692307692,"SM",4208,3563,"4208_20201231",0,2.5817293801064545,52,11.001459879925985,1.5130074253548191,2,"OK"
46409,6.6298571428571424,"SM",4209,602,"4209_20201231",1.077791918549157,2.367860867167099,7,16.041124470350375,1.195780510716779,4,"OK"
36450,2.803846153846154,"NM",420,1293,"420_20201231",9.310173148199368,5.42780114786003,13,11.685849695328368,-0.807692095643976,4,"OK"
616777,9.345106060606062,"N",4211,7608,"4211_20201231",1.0473743011986165,2.013095494097543,66,8.955887314305084,1.758535897019611,4,"OK"
46483210,9.974937768240343,"N",4214,632209,"4214_20201231",1.395511160136774,2.295618175032179,4660,8.043068776646232,0.993978435868729,4,"OK"
48263,3.0164375,"NM",4217,868,"4217_20201231",0.703704893801613,3.0078380389121433,16,11.067302560217627,1.1554156114496992,4,"OK"
284817,3.5602125,"N",4218,5797,"4218_20201231",5.006691520887104,3.7866415555895316,80,8.246064220819752,-2.6663145556219625,4,"OK"
235993,6.210342105263158,"NM",421,2880,"421_20201231",2.387568806291731,2.327841227082911,38,10.1274646484764,1.33100036696044,2,"OK"
51520,4.683636363636364,"N",4222,683,"4222_20201231",0.07809885083119492,2.271940096650228,11,19.57844194421273,0.9937160858306806,2,"OK"
252739,6.830783783783784,"SM",4228,3206,"4228_20201231",0.24650508726941847,2.1443224397329264,37,9.33105578944911,1.549552927435631,4,"OK"
95665,7.972083333333334,"NM",4232,1376,"4232_20201231",0.03426753151389059,2.3404201606422324,12,15.56310806115358,1.3537621333692373,2,"OK"
215526,3.1235652173913047,"NM",4235,4225,"4235_20201231",0.20365677045619118,3.5466530887208485,69,9.546252613832705,0.853396072807114,4,"OK"
378759,4.563361445783133,"N",4236,6835,"4236_20201231",1.7060138049635507,2.9774085348272257,83,10.35502567612926,0.6628905049333274,4,"OK"
10499021,5.9687441728254695,"NM",4239,231813,"4239_20201231",0.8351072519442972,3.903863103281709,1759,9.002940272506676,1.288190720575402,4,"OK"
153418,5.479214285714286,"N",4241,1524,"4241_20201231",1.2447589098532494,2.0427754799575024,28,10.069442119290445,1.9873377393471818,4,"OK"
4873592,8.002614121510675,"N",4255,57938,"4255_20201231",0.23462467870186202,2.066421410910312,609,8.64024136282172,1.310698594260654,4,"ME"
2326590,9.30636,"N",4256,20388,"4256_20201231",0.5547626627528638,1.7750758602820562,250,8.439585519319703,1.2675007800425875,4,"ME"
537593,7.679899999999999,"N",4288,7598,"4288_20201231",0,2.3355037890121775,70,10.13815404964779,1.197276935705519,4,"LA"
73657,2.728037037037037,"NM",428,1411,"428_20201231",1.596868740697183,3.7923804291957546,27,11.09104287912235,0.712516079203505,8,"OK"
343340,4.458961038961039,"N",4290,5157,"4290_20201231",0.9521379825608411,2.8624850360499594,77,9.573375860630394,1.2913515192714882,4,"LA"
363521558,11.819148746626785,"N",4297,6926806,"4297_20201231",0.7919022585351829,3.6530827115067774,30757,7.648502996419464,0.3861992045117424,9,"VA"
250195,3.6793382352941175,"N",4318,4718,"4318_20201231",1.5572882592048392,3.181158744840476,68,9.117308684095688,1.0006349570547552,4,"IN"
681318,5.407285714285714,"N",4319,7979,"4319_20201231",0.360165724007421,2.1670565773863797,126,9.461155878625572,1.0711025055659744,4,"IN"
383912,5.407211267605634,"N",4324,5086,"4324_20201231",0.2766011165034926,2.5927704351592564,71,8.614201391174598,0.29553692789073144,8,"IN"
127171,4.102290322580646,"N",432,1918,"432_20201231",0.5732134660382217,3.069317078951836,31,8.063000616142945,1.7232377651720194,2,"OK"
5874671,7.1468017031630175,"NM",4360,69085,"4360_20201231",0.7454416103806287,2.334560647533137,822,8.705817473574143,1.303009346183516,4,"IN"
368751,6.95756603773585,"N",4364,4482,"4364_20201231",0.38354670709370114,2.1004563040299145,53,12.160400621354162,0.8853617111863905,2,"IN"
14044203,7.3877974750131505,"NM",4365,152511,"4365_20201231",0.6728242461993654,1.9453616124399689,1901,9.59441768248006,1.184955330125196,4,"IN"
4428881,4.829750272628136,"N",4382,60597,"4382_20201231",0.6753116175246672,2.6268689837976975,917,10.89692716801611,1.2031262822518105,4,"IN"
139809,4.112029411764706,"NM",4398,2573,"4398_20201231",2.1108047129606415,3.622165555180175,34,9.888222055513879,1.1662509198109934,8,"IN"
495849,4.467108108108108,"NM",4419,9382,"4419_20201231",0.4965788568824017,3.411807061168602,111,10.568111159427946,0.965641357279339,4,"IN"
329731,2.7708487394957984,"SB",4432,10677,"4432_20201231",0.18146441372247823,5.546893933797562,119,13.092120184047745,2.40376203825024,8,"IA"
1531661,7.658305,"SM",4433,18932,"4433_20201231",1.9321878501476073,1.9877756276664744,200,11.387847111394828,1.7437902549421493,2,"IA"
411720,4.475217391304348,"N",4439,7108,"4439_20201231",0.581715640960998,2.745780971767274,92,12.376727972112032,0.43647232334144187,2,"IA"
382267,4.838822784810127,"N",4444,6353,"4444_20201231",0.3949469660149565,3.772190991142104,79,8.192080597437041,0.779475136963155,2,"IA"
443963,6.342328571428571,"NM",444,5729,"444_20201231",0.26706146356851473,2.411132833028526,70,9.979052020018024,1.2196973412840222,4,"PA"
52399,5.822111111111111,"SM",4457,774,"4457_20201231",0.02551816042416853,2.7319814190790552,9,9.543510966822392,1.4349366128601346,2,"IA"
475457,4.851602040816326,"NM",445,7565,"445_20201231",0.6365291380919134,2.738800864542431,98,9.069915473776147,1.058502402433787,4,"PA"
199319,7.972760000000001,"SM",4464,2247,"4464_20201231",0.049141199045256705,1.9854602880714463,25,11.367889606383416,1.5607046586979607,2,"IA"
613395,5.955291262135922,"N",4465,8208,"4465_20201231",5.439704028900971,2.8391905292154145,103,7.916053791965434,0.3775100980674235,2,"IA"
75568,5.812923076923076,"SM",4476,1167,"4476_20201231",0,2.648217232528654,13,7.060305933041581,1.137159098256731,2,"IA"
77085,8.565000000000001,"N",4477,885,"4477_20201231",0,1.8360542155631578,9,16.261817402715657,0.9281311797225711,2,"IA"
96555,5.679705882352941,"SM",4482,1467,"4482_20201231",0,2.9332782482958066,17,7.3975701109116745,1.0064495398104156,4,"IA"
40355,5.0443750000000005,"N",4494,600,"4494_20201231",0.014577259475218658,2.5535879636286256,8,16.077687300708885,0.5751324242406815,2,"IA"
1304669,6.523345000000001,"N",4506,18874,"4506_20201231",0.6163937261247796,2.3580284626891888,200,9.732443857249633,1.2539467413698289,2,"IA"
250685,6.114268292682927,"N",4511,3357,"4511_20201231",0.16485244007103952,2.2007759346981164,41,9.664190622031052,1.9816567155466611,2,"IA"
140936,7.0468,"NM",4514,2030,"4514_20201231",4.036569548574863,2.7487940774369957,20,8.026059111487358,1.4404970722521733,2,"IA"
611406,6.869730337078653,"SM",4519,6703,"4519_20201231",0.46701380873816367,1.9537234335838722,89,10.231742718288269,0.8890078497910002,2,"IA"
222351,8.551961538461539,"NM",4526,3190,"4526_20201231",0,2.417202716428017,26,8.892178861412479,1.6753629538167405,4,"MO"
983992,5.206306878306878,"NM",4533,14381,"4533_20201231",1.9638359418823348,2.876519782374383,189,10.078206702132498,0.2814911188203676,4,"MO"
2325562,9.530991803278688,"SM",4534,32979,"4534_20201231",0.10580729416206534,2.430950207644902,244,9.11730409881012,1.9828753296792512,4,"MO"
2770842,8.551981481481482,"SM",4536,23134,"4536_20201231",0.07393965795441383,2.0954592959291194,324,7.8370407370095885,1.4460777942598961,4,"MO"
456528,5.778835443037975,"SM",4539,5832,"4539_20201231",0.4456151112233668,2.182902506936622,79,11.3861693112215,1.3458753309829279,2,"MO"
622678,4.646850746268656,"N",4540,8004,"4540_20201231",0.3498702219553916,2.3575991985546727,134,12.959329719008045,3.3267575354633525,2,"MO"
607654,6.827573033707865,"NM",4549,7142,"4549_20201231",0.5926014350334031,2.194777732118943,89,9.756218814783637,1.5632101342143625,4,"MO"
236483,10.749227272727273,"SM",4551,1561,"4551_20201231",0.5020221843928567,1.6681842143096755,22,7.114713922141577,1.1750611012603633,2,"MO"
89908,5.9938666666666665,"SM",4556,976,"4556_20201231",1.8083440125302577,2.0329471272218775,15,14.892810802742023,1.017627336100849,2,"MO"
552084,8.00121739130435,"SM",4569,4034,"4569_20201231",0.3715354234385376,2.1684952833381534,69,7.7134484590561545,1.4747901141885476,8,"MO"
110208,7.3472,"N",4598,1505,"4598_20201231",2.2818026240730176,2.4969259680300677,15,14.81297857103509,0.7569078718418671,2,"MO"
153464,5.291862068965517,"N",4611,2213,"4611_20201231",1.1922837839214928,2.3538240192624866,29,15.91978377656912,0.8975303743174046,2,"KS"
515413,5.856965909090909,"NM",4619,6385,"4619_20201231",0.029954265703600998,2.3097792982049676,88,10.191652943494207,1.3099507096047236,2,"KS"
122868,5.850857142857143,"NM",4621,1368,"4621_20201231",1.1309714938099826,2.064712763034903,21,8.748786084445552,1.1040597954638518,2,"KS"
133547,5.1364230769230765,"SM",4624,1719,"4624_20201231",0,2.3493935381833873,26,10.952906019783626,0.9548512843734157,2,"KS"
101696,7.264,"SM",4630,1350,"4630_20201231",0,2.540354894104179,14,11.753039301871825,0.8540354894104177,2,"KS"
208922,6.739419354838709,"NM",4636,3089,"4636_20201231",0.0719244480580399,2.276584825704256,31,8.611935617303871,1.5928411266457225,2,"KS"
133345,7.408055555555555,"N",4638,1901,"4638_20201231",0,2.466405851335261,18,7.309633549322121,1.3446164313658784,2,"KS"
207599,6.696741935483872,"NM",4646,1447,"4646_20201231",0.4315312906289477,1.7118095145678174,31,11.601934067672593,0.36894624908016144,2,"KS"
103345,3.4448333333333334,"NM",4649,2211,"4649_20201231",2.0194341161347396,3.6917460453953823,30,7.490769940773786,0.18761652745259752,2,"KS"
34997,4.9995714285714286,"NM",4652,550,"4652_20201231",0.3043990573448547,2.6927429245143286,7,11.813016819485853,0.9657141841492531,2,"KS"
66591,6.053727272727273,"N",4654,728,"4654_20201231",0.34145084396340675,2.245099992928819,11,17.535947128695188,0.6492629900810615,2,"KS"
209322,4.757318181818182,"SM",4660,3203,"4660_20201231",0.02511430702979,2.8344432165071383,44,9.03958018997732,1.7621499602364046,4,"KS"
143357,4.47990625,"NM",4664,2927,"4664_20201231",0.3632291067590883,3.6900662462323943,32,7.73109243697479,1.8100411156088212,4,"KS"
1175666,3.829530944625407,"N",4666,25232,"4666_20201231",0.8702174513785309,5.09148071216461,307,15.202117865356657,1.5514134192783005,4,"KS"
56502,8.071714285714286,"N",4668,605,"4668_20201231",2.053719368623005,2.3778210939151263,7,9.510879403352522,0.9022020776089493,2,"KS"
850732,5.155951515151515,"N",4673,14122,"4673_20201231",2.4902090289012904,2.5928776638278284,165,10.452670579866636,1.059480875578049,2,"KS"
207688,4.072313725490196,"N",4678,3080,"4678_20201231",0,2.794060876643812,51,9.93734772015315,0.7448031621614818,2,"KS"
16045,5.348333333333334,"N",4683,258,"4683_20201231",0,3.721382829039936,3,8.952357350845674,0.3155943035228214,2,"KS"
90023,4.50115,"N",4690,1376,"4690_20201231",8.638894617446896,2.586539840879247,20,10.874218775211643,0.4016640367235691,2,"KS"
63774,3.543,"NM",4693,912,"4693_20201231",0.13680457673493077,2.5590765545028855,18,11.01728167596431,0.7587653202095036,2,"KS"
896918,5.245134502923976,"N",4697,14342,"4697_20201231",0.020876172979969312,2.960617421758194,171,11.036880077475306,1.0488592396849585,4,"KS"
371149,4.582086419753087,"NM",46,5104,"46_20201231",0.2213260905622823,2.6381159557817533,81,9.47744375691974,1.0315228580660583,8,"AL"
1145841,4.092289285714286,"N",4702,23816,"4702_20201231",0.2747364756579092,3.8581643311614053,280,10.48335113920316,1.2416562725981817,4,"KS"
3416169,6.646243190661479,"NM",4705,37649,"4705_20201231",0.43359962950098413,1.7972631953558387,514,13.270060499801714,0.9698016163826031,4,"KS"
462774,4.4073714285714285,"SM",4707,7604,"4707_20201231",0.34606995144358704,3.010494769493903,105,8.605584527926027,0.8744078406955503,8,"KS"
146443,6.101791666666667,"N",4722,1558,"4722_20201231",0.02080114109116843,2.025261949189034,24,11.021408961375181,1.1568824458159896,8,"KS"
25764,5.1528,"N",4728,287,"4728_20201231",0,2.137153593236261,5,13.11698486660344,0.5558165022702364,2,"KS"
145599,7.663105263157894,"NM",4735,1584,"4735_20201231",0.5696048545217752,1.9760990923084476,19,10.367646552495852,1.4483210738658188,2,"KS"
514839,5.20039393939394,"SM",4746,7262,"4746_20201231",0.1146817172768007,2.9524523364046895,99,8.243167595478205,1.2273971220223712,8,"KS"
72433,4.5270625,"NM",4752,1099,"4752_20201231",0,2.88029488800578,16,7.96762172565828,1.3124322615606936,4,"KS"
254628,4.315728813559322,"N",4756,5008,"4756_20201231",1.9007213750377547,3.433229108564633,59,14.359919833403792,1.6014209579591456,2,"KS"
218309,6.2374,"NM",4766,3021,"4766_20201231",3.644767379234031,2.5918902192709274,35,7.699349257242597,0.8700990390604324,2,"KS"
4982301,4.740533777354901,"N",4767,138180,"4767_20201231",0.9305946063678124,4.388530736277277,1051,9.616489501249077,1.0982177514518958,4,"CO"
142565,4.598870967741935,"N",4769,2021,"4769_20201231",1.192588911762618,2.461972126637129,31,11.502400934725923,0.8321525762993951,2,"KS"
60760,3.5741176470588236,"N",4770,1092,"4770_20201231",0.03207526996685556,3.6377716865198653,17,10.809748427672956,-0.7914106470206616,2,"KS"
202540,10.126999999999999,"NM",4773,1716,"4773_20201231",0,1.4851568363193026,20,15.854900860732583,1.4638979335357707,8,"KS"
48529,8.088166666666668,"N",4774,421,"4774_20201231",0,1.7779792249786222,6,12.541831623613813,1.3457503726513618,2,"KS"
126416,5.746181818181818,"NM",4775,1669,"4775_20201231",0,2.4940631852234696,22,8.179469705374265,0.6069888715845071,2,"KS"
135558,7.531,"N",4778,1891,"4778_20201231",0.15743218840002593,1.9984899636191433,18,9.052462884234425,1.442278338126036,2,"NE"
419503,6.658777777777778,"N",4779,5500,"4779_20201231",0.7372086657032448,2.5140000755417633,63,9.699966440279391,0.9698667880636062,2,"KS"
2122627,5.442633333333333,"NM",4789,28579,"4789_20201231",0.49748253229486006,2.6196266325522832,390,7.401593213782965,1.0341928307496113,4,"KS"
359732,4.927835616438356,"SM",4791,5475,"4791_20201231",0.13588927314507324,2.7740820105294763,73,9.035465210878018,1.208320320421516,4,"KS"
79445,7.222272727272728,"SM",4792,671,"4792_20201231",0.2897939828231203,1.7351342439080562,11,25.898782315238062,0.9500056267550895,2,"KS"
91759,5.397588235294117,"N",4794,1229,"4794_20201231",1.2468612001039052,2.5461594421086637,17,8.097580083565461,0.3824184228976327,2,"KS"
95192,4.759600000000001,"NM",4796,1467,"4796_20201231",3.3266267319036076,3.0282607413055223,20,8.480239152415702,1.0075292387708146,2,"KS"
7511550,9.19406364749082,"N",4799,74904,"4799_20201231",0.5551071350692314,2.2309975940820888,817,6.99714108141703,0.8423099717894657,4,"KS"
517620,4.277851239669421,"N",4801,8071,"4801_20201231",1.4189383742809887,2.7785199574915174,121,9.014905445289441,1.506881512626988,4,"KS"
1932470,6.733344947735191,"SM",4832,21047,"4832_20201231",0.4303918979876996,2.159048178743075,287,9.72633251552103,0.9849074563366599,4,"MD"
1718792,5.71027242524917,"NM",4857,20865,"4857_20201231",0.34694773075353563,2.571501325145332,301,9.807008163370599,1.0883332527677454,4,"MD"
237149,6.587472222222222,"NM",485,3754,"485_20201231",0.9129895263384619,2.4282084492781486,36,10.021364357482813,1.4248273114517669,2,"SD"
12784021,11.383812110418523,"SM",4865,134198,"4865_20201231",1.079646421379698,2.2544454631517956,1123,9.93074059899311,0.9292964367650239,4,"MD"
48482,4.407454545454545,"NM",492,658,"492_20201231",0,2.8274356565505285,11,7.608143570642513,0.7851466590421211,2,"SD"
1109947,12.332744444444446,"NM",4931,9567,"4931_20201231",0.2669088577839513,1.5260507772067564,90,10.107249500540634,1.0291379084346934,4,"TN"
179466,5.438363636363636,"NM",4945,2585,"4945_20201231",1.9990831272874847,2.9078813241053703,33,12.111009598574313,2.088810200833378,4,"TN"
580326,4.145185714285715,"N",4952,14682,"4952_20201231",0.35935483271893254,3.8086367194866195,140,12.268649422278074,1.6103847494528478,4,"TN"
264434,4.481932203389831,"N",4958,3668,"4958_20201231",0.3587272205023458,2.7444440891766013,59,10.38759151680669,1.1633655451953988,4,"TN"
169714,4.848971428571429,"NM",4960,2328,"4960_20201231",1.0689100369711078,2.3927851915849723,35,9.337859760860422,0.7335971948177293,4,"TN"
213971,6.483969696969697,"NM",496,2843,"496_20201231",1.1520581262892153,2.280951638468448,33,8.313777290633242,1.329160118117806,2,"SD"
2034249,6.758302325581395,"N",4972,28239,"4972_20201231",0.31071935509540877,2.4910344893522187,301,9.665896575602197,1.1127843520987697,4,"TN"
83885052,10.599576952236543,"SM",4977,1003666,"4977_20201231",0.6932320306729545,2.720774694473192,7914,8.361680979519202,1.5200543700797635,4,"TN"
16549896,5.91701680371827,"N",4988,272257,"4988_20201231",1.6919648555650182,3.137218211643141,2797,9.066597302369221,1.0819786430732865,4,"MS"
1595716,4.986612500000001,"N",4993,24064,"4993_20201231",0.6996129084402894,2.663806223547903,320,10.588218198543464,1.6465854978574859,4,"MS"
18701017,10.343482853982302,"N",4999,210494,"4999_20201231",1.191103314100958,4.50845246411258,1808,11.290027391394185,-1.0618072202165432,4,"GA"
68514,4.5676,"NM",49,1192,"49_20201231",1.719885115729008,2.8606840602934547,15,12.81313116088385,0.539899343983174,8,"AL"
447969,6.999515625,"SM",5005,4971,"5005_20201231",0.08359335186989834,1.9158680460078954,64,9.94344439322643,0.8705855176903075,4,"MS"
364006,4.986383561643836,"SM",5006,5198,"5006_20201231",0.2809914915185843,2.6737208309930263,73,11.460572524595344,1.0970097532364305,4,"MS"
400597,3.7792169811320755,"NM",5015,6398,"5015_20201231",0.8232537521372935,2.9324665865630988,106,11.069411433343381,1.4057194819581615,4,"MI"
398840,4.584367816091954,"N",5018,6329,"5018_20201231",0.29920193855552585,3.1074400466730125,87,7.03138454680836,0.7885840937703251,4,"MI"
993967,5.150088082901554,"NM",5019,13822,"5019_20201231",0.7040905953949432,2.6484871542386537,193,8.722433065166543,0.8688792408915944,4,"MI"
119665,7.977666666666667,"NM",501,1611,"501_20201231",2.002054383006764,2.0868448511116457,15,10.678758306841798,2.239686597571951,2,"SD"
622173,3.6384385964912282,"NM",5033,22813,"5033_20201231",0.7217393203025906,5.711316586378146,171,8.949125883347746,1.794038049916095,4,"MI"
117012,5.572,"NM",504,1690,"504_20201231",0,2.7746850960326173,21,10.349117553688943,1.13470169953099,2,"SD"
666042,5.286047619047619,"N",5058,10285,"5058_20201231",0.2724554494250621,2.6267875369745446,126,8.055383052859245,1.0452794963129608,8,"MI"
132347,6.965631578947369,"NM",505,1393,"505_20201231",3.7947489307777604,1.7963520979229781,19,12.398032538781688,1.734214132271554,2,"SD"
388204,5.246,"N",5062,6822,"5062_20201231",1.1840245650781385,3.093719252712115,74,8.263679827706262,1.0151266297961627,4,"MI"
459316,4.252925925925926,"N",5072,8027,"5072_20201231",1.0397313005299673,2.9687208313455433,108,8.306406768962564,0.7570886312252391,4,"MI"
317231,5.664839285714286,"N",5074,3394,"5074_20201231",2.6852224682907186,2.1716505085930957,56,6.1470357843345615,0.49023062183060995,7,"MI"
55481,3.6987333333333337,"N",5076,951,"5076_20201231",0.014894250819183795,3.105368226744514,15,8.731790309431823,0.462421660883263,7,"MI"
97994,4.260608695652174,"N",5087,1617,"5087_20201231",0.23267626865916205,2.8994824648815456,23,7.742408206464218,1.1872234187319854,2,"MN"
794515,7.157792792792793,"N",5093,8965,"5093_20201231",1.4847701202996706,1.799715120273836,111,11.886267411101862,2.1084916957141497,8,"MN"
341640,4.5552,"NM",5095,6332,"5095_20201231",3.5498723668201446,3.05220842945179,75,8.258293064198806,1.2083763918752637,2,"MN"
282953,8.842281250000001,"SM",5097,2783,"5097_20201231",0.21909452614235886,1.7141836342973555,32,9.031121214395752,1.6111805822142995,2,"MN"
167400,4.65,"NM",50,2799,"50_20201231",0.08430871339521952,3.4025614093930114,36,10.188612186871906,1.1581443967120553,4,"AL"
30879,2.5732500000000003,"N",5105,558,"5105_20201231",0.8221067147554896,3.752456343288782,12,7.395584825778704,0.5644363301882848,8,"MN"
74182,6.1818333333333335,"NM",5107,828,"5107_20201231",1.8844311809583403,2.1507482900486363,12,12.817705590509714,1.6851077361635194,2,"MN"
34296,6.8591999999999995,"N",5110,413,"5110_20201231",0,3.119526822623351,5,8.17859673990078,0.7341797531504861,4,"MN"
82186,4.1093,"N",5113,1164,"5113_20201231",0.1859924440569602,2.8319212309211848,20,8.35260608126202,0.4076834832888354,8,"MN"
82771,8.2771,"N",5115,1107,"5115_20201231",0.022431164364356878,2.5381055884569244,10,7.733703460199187,1.4703602042454103,4,"MN"
147458,5.89832,"NM",5116,2380,"5116_20201231",0.3169195744924783,2.900700077753754,25,8.314673940790769,1.1979075568124193,4,"MN"
100460,5.581111111111111,"N",5117,1210,"5117_20201231",0.02016535591853196,2.303221250475311,18,7.7817136403306115,0.7518061817589222,7,"MN"
934746,5.631,"NM",5123,14493,"5123_20201231",0.7130460561666594,2.934382824761289,166,8.065190688361769,1.2115875354922188,4,"MN"
112351,3.8741724137931035,"N",5131,1973,"5131_20201231",0.11354890803800104,3.6589428193247175,29,10.141858607973154,0.8891795049852216,4,"MN"
361412,7.689617021276597,"NM",5136,4880,"5136_20201231",0.2219401155664507,2.360071380168267,47,8.402241413849133,0.7809511862464041,4,"MN"
79120,4.654117647058824,"N",5141,1712,"5141_20201231",0.08951934995179728,3.589066980308335,17,8.274949400591623,0.6087366098604313,8,"MN"
32564,5.427333333333333,"N",5142,464,"5142_20201231",0.2857726066544193,2.5159279518343745,6,35.775759734093064,0.9450376137487325,2,"MN"
5051061,1262.76525,"N",5146,516,"5146_20201231",14.405568174098478,0.5233941336025772,4,14.01916434328344,0.3296927109998576,9,"TX"
66193,5.091769230769231,"N",5150,863,"5150_20201231",0.9719516063256152,2.6110263055131524,13,5.996006854375953,0.647875323937662,6,"MN"
260181,5.5357659574468085,"N",5162,3530,"5162_20201231",0.1680756907155492,2.555979491467985,47,10.810139068501238,1.6737787863818223,4,"MN"
1095927,5.988672131147542,"SM",5170,19902,"5170_20201231",0.16972561835565542,3.133452643865817,183,8.755824021388273,1.0987103992120075,2,"IA"
29834,4.262,"NM",5175,521,"5175_20201231",0,3.5153293329067603,7,9.023726176584987,1.2329012976676317,2,"MN"
148124,8.229111111111111,"N",5180,1932,"5180_20201231",4.941100323624595,2.0171364474520113,18,9.965426360982798,1.2344550783639454,2,"MN"
214041,7.380724137931034,"N",5186,2342,"5186_20201231",3.086637150332059,2.2592145039363123,29,14.367298010069526,0.6669249390784895,2,"MN"
723208,6.234551724137931,"SM",5193,9167,"5193_20201231",1.741865355144517,2.5296238106208078,116,9.17831632429847,0.8308702344143727,2,"MN"
29827,5.965400000000001,"N",5196,378,"5196_20201231",0.24767801857585142,2.2066169758565914,5,23.438503939670625,0.39172842079538833,2,"MN"
114154,4.7564166666666665,"NM",5197,1398,"5197_20201231",0.03066986595464468,2.5666918283438265,24,13.04067690616739,1.5629015161248876,8,"MN"
257780,4.863773584905661,"N",5198,4231,"5198_20201231",1.3795870722988255,2.852433590380811,53,10.264109899983449,1.2971811796542614,4,"MN"
205878,5.14695,"NM",51,2434,"51_20201231",0.03449077371803042,2.723831645052369,40,13.480594860382238,0.9608146762156698,4,"AL"
129717,4.804333333333334,"N",5214,2106,"5214_20201231",0.7073315315134282,2.5940827564683153,27,12.158202753403703,1.8130426459161495,4,"MN"
636041,4.8552748091603055,"NM",5216,3224,"5216_20201231",1.1202031118659188,0.9119879633268694,131,7.667664008158318,0.42267429434696996,4,"MN"
348403,5.619403225806452,"SM",5219,5725,"5219_20201231",0.31404083276766204,2.904211618894665,62,11.051732623107432,1.3632505483423827,4,"MN"
83544,6.426461538461538,"N",5221,884,"5221_20201231",0.6087844739530133,2.471307479789122,13,8.112726282162402,1.0834023800873518,8,"MN"
317775,6.355500000000001,"N",5223,5043,"5223_20201231",0.3733683305576437,2.3956171119198864,50,10.273264916740091,1.50121259631591,4,"MN"
295841,7.215634146341464,"NM",5229,3672,"5229_20201231",0.6338754615481023,2.186824147211598,41,9.156413969365182,1.4825864543950418,2,"MN"
27482,3.9259999999999997,"N",5232,497,"5232_20201231",0.9889211093761618,3.177369518561927,7,8.8041244546995,0.05327326138906224,8,"MN"
367443,5.9265,"N",5247,5727,"5247_20201231",0.028600087872733753,2.7997958664074067,62,9.660139076260995,1.4090512744830757,4,"MN"
260146,5.535021276595745,"N",5249,3162,"5249_20201231",0.19219254736437488,2.5401864581693516,47,9.458384077309638,1.2182749995627153,4,"MN"
248895,6.222375,"NM",5252,2763,"5252_20201231",0.19038901601830663,2.267318600792784,40,10.860159188678068,1.1697864019419004,2,"MN"
686819,6.132312499999999,"N",5269,9340,"5269_20201231",0.18972668960713582,2.1811674792429363,112,8.927336755261802,1.7120992041369287,4,"MN"
28422,4.737,"SM",526,526,"526_20201231",0,3.7902872564396026,6,7.215652969229764,0.6640950645019994,4,"WY"
160136,4.448222222222222,"N",5270,3214,"5270_20201231",0.10742944687847394,3.3268474914025665,36,8.378273409694323,1.712101130792441,4,"MN"
385394,5.505628571428572,"NM",5271,8367,"5271_20201231",0.5727390150899908,3.8574680559123906,70,10.878669226985615,2.3975595827775114,4,"MN"
49342,4.9342,"NM",5278,893,"5278_20201231",0.3252032520325203,2.506824020552344,10,14.402206261656284,1.3848747591522157,2,"MN"
501630,5.2253125,"N",5280,8032,"5280_20201231",0.2819405544334966,3.0215316522284446,96,9.893557332839965,1.575765899536232,4,"MN"
186397,5.037756756756757,"NM",5283,2692,"5283_20201231",1.0718295640031323,2.990527321923638,37,9.471761808572458,1.2851361697473478,4,"WI"
1412929,4.822283276450512,"N",5285,23019,"5285_20201231",0.2478024049132293,3.1274543001904638,293,8.791487768998433,0.7429894333373589,4,"WI"
525258,5.2005742574257425,"NM",5286,8946,"5286_20201231",0.9115389964221146,3.0528506087176157,101,9.413276685721698,1.1489522583246254,4,"WI"
500517,4.812663461538461,"NM",5295,6765,"5295_20201231",0.8894942879557244,2.5341432862685003,104,9.728943408652304,1.220488925257432,4,"WI"
33372697,8.211785679133857,"N",5296,432151,"5296_20201231",0.8859771589969798,2.2661064658703243,4064,9.111087049841265,0.9370138557163503,4,"WI"
289586,5.678156862745098,"NM",5297,4521,"5297_20201231",0.023612170106008804,2.804700427796884,51,10.045505492834742,1.0550035459100024,4,"WI"
201196,5.0299,"NM",529,2935,"529_20201231",0.001932591218305504,2.6846510575726725,40,7.747455243031223,1.7854315122723674,4,"WY"
283477,8.099342857142858,"NM",52,2291,"52_20201231",0.7063931246774968,1.4764912342239047,35,19.904570366625812,1.8689068703428044,7,"AL"
2718008,8.65607643312102,"N",5304,26191,"5304_20201231",0.5084230083078308,2.034833515634341,314,9.458078615743954,1.6391792710670385,4,"WI"
629638,5.672414414414415,"N",5306,10281,"5306_20201231",0.887478042902837,2.984452916954899,111,8.861827103863028,1.5329828565540862,4,"WI"
258098,5.377041666666667,"N",5317,3644,"5317_20201231",0.2068406854841881,2.6082749806107133,48,9.367116856825183,0.8224982274480628,2,"WI"
510145,6.073154761904762,"SM",5335,7574,"5335_20201231",1.0524469391334854,2.586040965596663,84,9.135833044716572,3.1691898390182875,4,"WI"
229541,5.598560975609756,"SM",5336,3351,"5336_20201231",0.3545051698670606,2.5123132478799817,41,9.253385466762703,1.4717638148576513,2,"WI"
271574,10.058296296296296,"N",5337,1549,"5337_20201231",0.14598870567997918,0.9755966195638337,27,29.751871001251267,2.2559906773602827,4,"WI"
270454,5.008407407407407,"N",5357,5014,"5357_20201231",2.1169818630893285,3.220417709037868,54,8.05800145407545,1.2284361579895204,4,"WI"
317983,5.389542372881356,"N",5364,5695,"5364_20201231",0.01946392581104923,2.7012660611402137,59,9.931597398274848,1.1471308978023733,4,"WI"
129925,8.1203125,"SM",5369,1630,"5369_20201231",0.17443810801744383,1.9728696079477308,16,14.233567916092166,1.1040310874463746,2,"NE"
98620,4.931,"SM",5377,1765,"5377_20201231",0,2.997300791418439,20,9.4041015212073,0.7850853439088734,2,"NE"
26014,8.671333333333333,"SM",5380,330,"5380_20201231",4.248489425981873,2.4272241382128437,3,15.143034825870647,0.6170216243605041,2,"NE"
178158,6.362785714285715,"SM",5384,2898,"5384_20201231",0,3.1537278968300893,28,10.42085611895143,0.8993757274362502,2,"NE"
325380,5.708421052631579,"NM",5394,4197,"5394_20201231",0.74544816931578,2.186917198534459,57,11.128399188100682,1.7125850730006245,2,"NE"
231264,6.801882352941177,"NM",5396,3928,"5396_20201231",0.004071542823905773,2.6966256058082037,34,10.629645588710545,0.2823642290795493,4,"NE"
113958,6.3309999999999995,"NM",5401,1166,"5401_20201231",0.2242892011346395,1.9269056883750475,18,10.173888844002764,1.1351485034009976,2,"NE"
98434,7.031,"SM",5405,1143,"5405_20201231",0.6640659896965546,2.007684116013447,14,13.86471400276094,0.8561107514981937,2,"NE"
63872,7.096888888888889,"NM",5408,914,"5408_20201231",0,2.5665320393800766,9,11.516540701276174,0.8613594165725552,2,"NE"
240659,6.875971428571428,"N",5410,2841,"5410_20201231",3.356098854777444,1.8843355104516804,35,12.55742461400297,1.4560572247389194,2,"NE"
1305308,4.963148288973384,"NM",5415,19888,"5415_20201231",1.086605977555352,2.6631262427124844,263,8.133301270490161,0.8554681196442985,2,"NE"
81363,7.396636363636364,"N",5422,948,"5422_20201231",3.6026326931218966,2.108249105088721,11,18.351426818426557,0.2428002430655985,2,"NE"
264532,6.452,"SM",5424,4329,"5424_20201231",0.6083773776885899,3.036363472567899,41,10.964775591081356,1.972510161478027,2,"NE"
25132,8.377333333333334,"NM",5425,329,"5425_20201231",0,2.4756493506493507,3,25.017571261226085,0.7061688311688311,2,"NE"
337260,6.245555555555556,"SM",5432,4348,"5432_20201231",0,1.96034423949168,54,13.091026824793447,0.8768292636536201,2,"NE"
397919,6.316174603174603,"SM",5434,5613,"5434_20201231",2.125743109349667,2.400208617005996,63,14.03850581838148,1.003333313899161,2,"NE"
79992,5.713714285714286,"SM",5438,1341,"5438_20201231",0.4621962974863442,2.7082498068380656,14,9.951639322950522,0.8018543545736233,2,"NE"
162984,6.791,"NM",5439,1758,"5439_20201231",0.016110842597067826,1.935970488541695,24,19.53826368165416,1.3954412535572314,2,"NE"
522998,6.081372093023257,"SM",5442,6140,"5442_20201231",0.4822994356921585,2.96916766096937,86,10.48448830185528,1.7587775839531232,4,"WY"
36020,4.5025,"SM",5447,510,"5447_20201231",1.9368499719748398,2.5737159609855107,8,10.788900188871132,0.036646558042510005,2,"NE"
24746119,5.886327069457659,"N",5452,450278,"5452_20201231",0.7984815535737665,3.7301287907106184,4204,10.070612086038759,1.305996830909485,4,"NE"
153012,6.955090909090909,"N",5460,2042,"5460_20201231",0.034124122787495735,2.0698418467367126,22,7.970928075475698,0.6084935791537259,2,"NE"
218571,6.4285588235294115,"NM",5469,2637,"5469_20201231",3.197145456613215,2.186397802350783,34,11.084637973588917,0.7747266525992199,2,"NE"
324793,6.910489361702128,"NM",5472,4431,"5472_20201231",0.12764413514541378,2.205495804424378,47,11.997769240302391,1.2554560678102236,2,"NE"
357337,6.497036363636363,"SM",5473,5333,"5473_20201231",0.11585742014113541,2.241334085237005,55,10.659583837012647,1.4151007059952974,2,"NE"
53865,5.3865,"SM",5478,759,"5478_20201231",0.11248593925759282,2.7057420751865306,10,9.068930619588441,0.41274031655387755,2,"NE"
325934,7.57986046511628,"SM",5486,3253,"5486_20201231",1.0212884727614118,1.562731626148621,43,9.740209117471881,2.079288548958299,2,"NE"
176837,7.368208333333334,"NM",5490,1869,"5490_20201231",2.007740035377888,1.9798186230680803,24,12.88787064470934,1.2850616507282413,2,"NE"
419186,5.443974025974026,"SM",5495,6178,"5495_20201231",1.5545988161890156,2.526479713627537,77,10.682832757707796,1.085474468368444,2,"NE"
1866437,3.954315677966102,"SM",5496,32059,"5496_20201231",0.7510003253148329,2.853912693803783,472,9.999221124000925,1.259169981207927,2,"NE"
334296,4.643,"NM",54,4963,"54_20201231",0.018350163054305996,2.5319248239575813,72,13.38851838198331,0.8400430510108571,4,"AL"
42428110,9.056160085378869,"SM",5510,468366,"5510_20201231",0.4332512094486266,2.2193628718511342,4685,7.631516844608196,0.8963392364083516,4,"TX"
146338,0.4278888888888889,"SI",55130,70121,"55130_20201231",0.8619511631084903,75.89465203534988,342,13.296693555535857,4.472289964591137,8,"IL"
73309,6.664454545454546,"N",5518,642,"5518_20201231",0,2.1553266572342453,11,12.691926696384348,0.5532830882555342,2,"TX"
53178,4.431500000000001,"N",5520,842,"5520_20201231",0,2.995463255398272,12,10.736810585218873,1.3330000833125053,2,"TX"
150849,5.387464285714286,"SM",5525,1782,"5525_20201231",0,2.1336673759148783,28,11.522596278424809,0.6589049148383905,7,"TX"
936747,16.727625,"N",5529,4645,"5529_20201231",1.2571148054291439,0.9794477132492238,56,11.003624832649976,1.8368001962476586,2,"TX"
495798,5.508866666666667,"N",5531,7342,"5531_20201231",1.8959020254357042,3.1790478576423657,90,9.27422021713468,0.5433560823943504,4,"TX"
263785,11.468913043478262,"N",5536,2260,"5536_20201231",0.026853876548893235,1.6133842132993066,23,10.164387201713525,0.9785838835868936,7,"TX"
210641,10.030523809523809,"N",5538,1676,"5538_20201231",0.5539415068758473,1.5526239245051507,21,8.693400925113174,0.789713767227524,7,"TX"
906196,3.9745438596491227,"N",5544,15796,"5544_20201231",0.0833587511091393,3.093694790664965,228,9.632282560866628,1.8178519515555003,8,"TX"
57178,4.764833333333334,"N",5546,675,"5546_20201231",0.31134686346863466,2.753537693431077,12,9.770351911941342,-0.543153744883204,2,"TX"
230568,5.912,"N",5548,3559,"5548_20201231",1.4110769977970894,3.181536558055051,39,10.221211549183243,1.038888267331806,8,"TX"
1807691,5.869126623376624,"N",5551,31643,"5551_20201231",0.1365358731983771,2.9984187532022206,308,8.657238349573824,0.670610638700665,4,"TX"
143135,3.3287209302325578,"N",5557,3518,"5557_20201231",0.8819788283032157,4.478080849287962,43,9.264219661195087,0.9159355594006092,8,"TX"
230623,5.01354347826087,"NM",5558,5417,"5558_20201231",0.2046787983566081,4.581786024895231,46,10.816257353931306,-0.20500923758963677,4,"TX"
70811,3.2186818181818184,"N",5559,1445,"5559_20201231",0.4986976685089893,3.699548451103838,22,9.60022925920619,1.104919441328005,8,"TX"
151902,4.603090909090909,"N",5564,2175,"5564_20201231",1.6706714655501356,2.821729573938485,33,9.438169341258378,0.993464242565394,8,"TX"
495101,3.345277027027027,"NM",5568,13117,"5568_20201231",0.20062597332765186,4.9983979092716,148,9.187577747164747,1.0432364235327103,4,"TX"
333184,5.206,"N",5569,3833,"5569_20201231",0.6651332183247076,2.0833612198419362,64,12.981141706087701,2.1397716429583538,2,"TX"
1581504,10.203251612903227,"N",5574,19278,"5574_20201231",1.01834868820206,2.4763101756531083,155,8.852040288989262,1.9817132905506907,4,"TX"
361334,6.229896551724138,"N",5575,5301,"5575_20201231",0.2718281420350932,2.793586937942225,58,7.898942709613967,1.0902903669249902,4,"TX"
128716,4.022375,"NM",5589,2089,"5589_20201231",1.3590977659650887,3.381855122914881,32,7.980138596708327,0.7643919113437745,2,"TX"
141701,5.248185185185185,"N",5590,2579,"5590_20201231",1.1311947798337738,3.3279987576621615,27,20.72173627659423,0.6542404125021748,4,"TX"
219603,7.572517241379311,"N",5595,2187,"5595_20201231",0.09928753014085737,1.9031425587557504,29,14.562737131620088,1.219133271765305,8,"TX"
1146956,7.036539877300615,"NM",5598,15100,"5598_20201231",1.3949024887207102,2.640593406830016,163,9.728500887131512,0.9113984718250976,4,"AL"
209859,8.744125,"NM",5600,2067,"5600_20201231",1.6815301924751522,1.5627638126073873,24,19.392596827211662,1.462452948245553,7,"AL"
248782,2.48782,"NM",5602,5138,"5602_20201231",2.031089773468817,3.5502633208043837,100,6.6464371664748345,0.14500825704509535,7,"AL"
52881,2.7832105263157896,"NM",5605,1045,"5605_20201231",2.2788024592354983,3.3987277363687443,19,21.24590163934426,0.40470399635373483,7,"AL"
1068780,4.362367346938775,"NM",5615,17624,"5615_20201231",0.03083967488861816,2.847392233446386,245,9.287249624317589,1.112412666485954,4,"AR"
27574,3.9391428571428575,"NM",5619,449,"5619_20201231",0,3.231442460911275,7,10.056476589542722,1.629876485290668,4,"AR"
187367,5.510794117647059,"NM",5623,2078,"5623_20201231",0.28444444444444444,1.77741391372273,34,12.772537987744698,0.8675153330786762,8,"AR"
131565,4.6987499999999995,"NM",5624,1733,"5624_20201231",0.9260220501214624,2.3486272856114674,28,12.326045228240657,1.1580642808904333,4,"AR"
108611,5.43055,"SM",5628,977,"5628_20201231",0.07352014451959837,2.427789980954931,20,8.07299350840956,0.7392894302907872,8,"AR"
74261,2.8561923076923077,"NM",5629,1378,"5629_20201231",2.9882129354440874,3.69215574810655,26,9.589336205735828,-0.6014826043766114,4,"AR"
89291,6.868538461538462,"NM",5632,775,"5632_20201231",0.5098684210526316,1.6535372384526812,13,19.908454014369813,0.9330340773472403,8,"AR"
7233874,8.632307875894988,"NM",5633,58925,"5633_20201231",0.2643817036370741,1.527382005686924,838,15.418266711148279,1.879023363588234,4,"AR"
101382,3.270387096774194,"SM",5634,1694,"5634_20201231",0.28717191811589554,3.542063128819085,31,14.772130477913286,1.3891230859409502,4,"AR"
431453,4.741241758241759,"NM",5635,5898,"5635_20201231",0.06214978097214286,2.8051290500587127,91,9.504199377672359,1.7313028446194927,2,"AR"
136113,5.235115384615384,"NM",5636,1794,"5636_20201231",0.850717180362354,3.10046308630408,26,8.97838608852896,0.33302101699380054,2,"AR"
111335503,9.78171700931295,"NM",5649,1128766,"5649_20201231",1.0831988004964144,3.4091274505000975,11382,10.54640748136723,1.0081439627908493,3,"DE"
885969,5.502913043478261,"NM",5673,14853,"5673_20201231",0.22580197301946023,3.0047944227482626,161,7.073892424303839,1.4917862818959635,4,"FL"
654641,7.355516853932584,"NM",5676,6184,"5676_20201231",0.8052131878697237,2.070787743346107,89,5.337897767058275,1.5046433439225448,8,"FL"
537655,4.9782870370370365,"NM",5685,7567,"5685_20201231",0.36058510035151375,2.5218773008991042,108,10.66585427130708,1.1667077076623333,4,"GA"
58844,4.526461538461539,"NM",5686,1008,"5686_20201231",0.1941747572815534,3.1937467128529717,13,7.832632351959409,0.2140046065398357,2,"GA"
880195,6.198556338028169,"NM",5694,12353,"5694_20201231",0.651014968218167,2.892029154485287,142,9.172010619000392,1.0853737850101446,4,"GA"
68198,5.683166666666668,"NM",5699,887,"5699_20201231",0.7582402037063234,2.6739556717570863,12,9.444754674836627,1.0695822687028345,4,"GA"
259223,8.938724137931034,"NM",57022,4005,"57022_20201231",0.4738756667699786,2.61518357571315,29,11.360903581620548,1.3088426728577134,8,"NM"
110368,5.518400000000001,"NM",57025,1315,"57025_20201231",1.0575518550978673,2.3690334187215236,20,10.354287576846813,1.198693756233012,2,"NM"
85677,4.28385,"NM",57031,2253,"57031_20201231",0,4.791414038016346,20,17.535534440213933,1.3897856659159986,7,"CO"
394918,1.854075117370892,"NM",57033,50207,"57033_20201231",0.24314873313495758,18.084627978386276,213,17.10188244649492,8.462914948085377,4,"OR"
188210,6.273666666666667,"NM",57034,2506,"57034_20201231",0.281353105398644,2.606585918588461,30,10.14297954375067,0.8881700167042162,4,"MS"
4542731,8.170379496402877,"N",57038,53918,"57038_20201231",0.33641090305779897,2.2932045564389134,556,7.759405359434532,1.4271455650016445,4,"WI"
1578574,10.738598639455782,"N",57044,21691,"57044_20201231",0.07002296007475599,2.666451514738273,147,12.045842586289629,0.4047253326925548,4,"CA"
674324,134.8648,"NC",57047,524,"57047_20201231",0,1.943004212435526,5,98.24012993729981,2.2218585281099807,7,"DE"
157280,5.073548387096774,"NM",5704,2580,"5704_20201231",0.501509437049521,3.1926240503595706,31,8.5888463570867,0.9658358471676013,4,"GA"
73888344,44.51105060240964,"NM",57053,393935,"57053_20201231",0.2556820091509704,1.0270908526780034,1660,8.547889761891682,0.8756528126216804,4,"NY"
4218429,15.978897727272727,"NM",57056,52138,"57056_20201231",0.3264256837614869,2.3025758169630874,264,19.488287370529502,2.717635860972885,4,"UT"
182041,7.2816399999999994,"SM",57058,1759,"57058_20201231",0.10472211239461002,1.8677230089787575,25,14.430361507212963,1.760507153806847,4,"AR"
889123,9.072683673469388,"N",57061,17740,"57061_20201231",0.80719225896006,3.0383214574070876,98,8.215125366116343,1.1636258687844045,4,"IL"
599653,7.054741176470588,"NM",57069,11093,"57069_20201231",0.045617743673083695,3.2705118771220802,85,12.231474177658,0.4957978531606247,4,"MS"
652862,7.020021505376343,"NM",57071,12103,"57071_20201231",0.7433365367479401,2.856994232754462,93,7.115629709396194,0.8076806606849479,5,"GA"
338602,5.739016949152543,"NM",57073,5458,"57073_20201231",0.45484026194112603,2.935065856648939,59,8.733146873207113,0.7687546568791714,4,"CA"
190009,6.786035714285715,"NM",57074,2512,"57074_20201231",0.40643464599200796,2.935156803781774,28,10.058104695458631,0.8056107279285643,4,"ID"
1843783,10.18664640883978,"SB",57077,23233,"57077_20201231",0.4231536655219687,2.2351991185996885,181,9.110799122518905,0.900897121289619,4,"OH"
6093,0.253875,"NC",57081,2357,"57081_20201231",0,72.60080247319608,24,98.99488304093568,19.239623758468724,7,"WV"
3851734,40.97589361702128,"N",57082,16657,"57082_20201231",0.4702298816201506,1.2304048531664071,94,8.531405738434461,0.9752657248180616,4,"IL"
91860,7.655,"NM",57083,1264,"57083_20201231",3.131845085519877,4.277028969348855,12,17.045965525855607,-0.9550777629419083,4,"FL"
183569,5.7365312500000005,"NM",57092,2497,"57092_20201231",0,2.714316974491007,32,8.052014963822494,0.6692676931099182,4,"TN"
366887,2.133063953488372,"SB",57093,22861,"57093_20201231",0,274.3705095745388,172,63.671234889958484,31.709881504130134,5,"WI"
611534,6.871168539325843,"NM",57095,12314,"57095_20201231",0.10358546006801149,3.7689863289551964,89,15.319732276523323,0.03436002901685147,4,"NC"
802017,5.276427631578947,"SM",57097,11970,"57097_20201231",0.8376576101467519,2.837622028745771,152,8.407119741100324,0.8346513244435841,4,"MI"
1076615,16.312348484848485,"NM",57098,6922,"57098_20201231",0.7393578259719992,2.194823453256329,66,8.56850361014993,0.4604072054941387,4,"CA"
134437,7.908058823529412,"NM",5709,1483,"5709_20201231",0,2.2717052121345276,17,12.138830162085975,0.4814607570863128,8,"GA"
473139,7.88565,"NM",57101,8119,"57101_20201231",0.05588240834343193,3.220116431750311,60,10.055979093935486,0.673491441917754,4,"CA"
566250,19.525862068965516,"N",57102,2170,"57102_20201231",2.3574995911486836,0.9758252074696676,29,10.588798685627648,1.7589159168693387,7,"TX"
1409281,23.102967213114752,"N",57103,10274,"57103_20201231",0.20899776332384554,1.6883661232339224,61,8.434808791681037,0.19091928933311203,4,"IL"
11466,0.4246666666666667,"SB",57109,4404,"57109_20201231",0,199.24046668232717,27,115.48122516980648,9.631195677707307,7,"IN"
353708,4.981802816901409,"SM",57112,5631,"57112_20201231",0.13274099448696677,2.9177389206178255,71,10.085710411987668,0.3871908298483282,4,"PA"
281427,5.863062500000001,"SM",57119,4102,"57119_20201231",0.017358176843278502,2.8265730852193647,48,11.195496532554678,1.208247304805944,4,"TX"
469430,7.451269841269841,"N",57123,6153,"57123_20201231",0.27228487563726245,3.278354673252659,63,18.046667907117218,2.578060579681788,7,"GA"
473944,5.710168674698795,"NM",57124,5800,"57124_20201231",0.406396811832763,2.278415261840676,83,8.097687473565939,1.9281168611810346,4,"AL"
468287,8.215561403508772,"NM",57127,4470,"57127_20201231",2.054778681836351,2.140102017027206,57,10.755443415281436,1.4603153942472666,4,"GA"
409392,5.766084507042254,"SB",57129,9171,"57129_20201231",1.0630861307906188,4.518330189452965,71,9.583179210455697,1.1537767571557451,4,"NY"
573735,5.91479381443299,"NM",57131,12708,"57131_20201231",0.24225405393608276,3.8854006608808898,97,10.196603668768288,-0.17383848636767427,4,"FL"
2177734,6.89156329113924,"N",57134,35263,"57134_20201231",0.08721324125513576,2.6755704066167683,316,14.569792117510902,3.727156579267252,4,"MA"
157002,4.361166666666667,"NM",57137,2619,"57137_20201231",0.4311863496803852,3.0539124743831856,36,7.167141297938803,0.5282817946606101,4,"AZ"
65695,3.6497222222222225,"NM",57141,1298,"57141_20201231",0.7410980529731626,3.8363848026246163,18,12.703012739238062,1.521325007937348,2,"MO"
770209,5.834916666666667,"SM",57144,10325,"57144_20201231",0.82900999013849,2.3952411688169293,132,10.17351850754328,0.6694799185024198,2,"KS"
3627,0.6045,"NC",57150,766,"57150_20201231",0,30.88049276797008,6,94.25508521165476,-1.2374195677280977,7,"IL"
13929,0.16582142857142856,"N",57160,9409,"57160_20201231",0,101.02254889016035,84,87.94992175273866,7.217992165837771,7,"MO"
510534,7.09075,"NM",57162,6686,"57162_20201231",2.1755007024288315,2.157745443042345,72,9.622385944583199,0.907457409115762,4,"WV"
108286,7.734714285714285,"NM",57167,1372,"57167_20201231",0,2.305708935323862,14,10.554795027379015,1.3553558611121137,4,"WA"
611828,5.098566666666667,"NM",5716,7967,"5716_20201231",3.7070500937277684,2.5431635426495234,120,5.484663142838101,0.2807742680505288,4,"GA"
1320462,22.0077,"SM",57176,8282,"57176_20201231",0,1.5390288770418246,60,6.493795348484429,0.9689273906639354,4,"CA"
13423,0.7457222222222222,"NC",57179,3103,"57179_20201231",0,34.48773217519512,18,85.82774049217002,6.722864148463918,7,"IA"
767045,9.469691358024692,"SM",57184,16233,"57184_20201231",0.5336915907468828,3.73587174644396,81,11.198865780389369,1.1318587814043166,4,"VA"
149909,4.283114285714285,"NM",57192,1856,"57192_20201231",1.0820188856662296,2.574964698064623,35,9.455759599332222,1.113340707029639,4,"MI"
1072775,3.4164808917197456,"N",57197,27766,"57197_20201231",0.31815906247830317,5.277943151584102,314,10.920509157881675,4.357854824619106,4,"AZ"
29961000,9.593659942363113,"NM",57203,379000,"57203_20201231",1.4873977712946578,5.151889232830655,3123,16.042976416192662,-0.41872669863464074,3,"DE"
1442344,15.024416666666667,"NM",57228,11098,"57228_20201231",0.02394598345454895,1.6540740881020293,96,8.116914302307833,1.0056092362409688,4,"PA"
121184,6.732444444444444,"NM",5722,1343,"5722_20201231",0.4118376532908737,2.1935555968111435,18,10.203077666635021,0.9661017254648914,2,"IL"
221490,7.910357142857143,"N",57230,3193,"57230_20201231",0.7888857860932701,2.6429029969904017,28,11.079234354495679,2.7550290709705116,4,"GA"
1958692,11.799349397590362,"SM",57244,37784,"57244_20201231",0.5898435893972054,2.974165113051827,166,10.005067778352181,1.8222891177561182,4,"IA"
281843,12.25404347826087,"SM",57250,2609,"57250_20201231",0.8885454071894894,1.7380459789391518,23,8.854187409711184,1.6172212913681625,4,"KS"
462510,5.196741573033708,"NM",57252,7658,"57252_20201231",1.2015574193728455,4.096869476030449,89,8.193242658892025,0.763030002645298,4,"GA"
1648971,6.899460251046025,"N",57265,21545,"57265_20201231",0.9134683586747657,2.4963882445668255,239,9.861018777123435,0.9462458086074127,4,"WI"
1229134,10.59598275862069,"N",57269,12290,"57269_20201231",0.06518984869034264,1.672378377475673,116,9.36745354885314,1.2066227133014158,4,"OH"
123834,7.739625,"NM",57273,1666,"57273_20201231",0.7267627183475711,2.2598787417814283,16,9.692896668171255,1.6912522946179782,2,"KS"
355511,7.255326530612245,"NM",57279,5188,"57279_20201231",0.9236884207719485,3.5090509523363456,49,8.564273052441663,0.9913220570168552,4,"AZ"
258918,9.589555555555556,"SM",57280,3544,"57280_20201231",0,2.430883858739461,27,8.102754468602802,1.6099867105291825,4,"CO"
3143139,7.592123188405798,"NM",57293,44933,"57293_20201231",0.28981712914587504,2.7583243332850516,414,10.43104681397451,1.9891437663398377,6,"UT"
606853,4.42958394160584,"N",57295,22441,"57295_20201231",0.1806493993993994,5.1675468229943196,137,9.704672977256179,1.7589669399872987,7,"CO"
499495,6.659933333333333,"NM",57298,7120,"57298_20201231",0,2.8020343020336287,75,8.42539876071373,1.2194952299449688,4,"AZ"
329757,5.405852459016393,"NM",57301,3784,"57301_20201231",0.30579036987032876,2.266046990693578,61,11.601739322967921,1.4563889650247643,8,"KY"
102535,0.6252134146341464,"NC",57304,40595,"57304_20201231",0,95.79933546213783,164,73.97950630736348,1.0118434764811655,7,"PA"
72215,6.565,"NM",5730,749,"5730_20201231",3.93630856091604,1.5939750349632125,11,15.258119706460416,1.233484768200415,8,"IL"
14672010,69.20759433962264,"SM",57311,23109,"57311_20201231",0.1332433846085336,0.9066552550944611,212,7.145612733451786,1.522330397190836,4,"MO"
246489,9.85956,"NM",57312,2466,"57312_20201231",1.2087358957508982,2.0040555278182994,25,9.772229540095049,1.3592805296545365,4,"NV"
270919,8.46621875,"SM",57335,3411,"57335_20201231",0.23425481329541745,2.0625758720996816,32,12.770217073445057,1.8793375936233079,2,"CO"
161428,6.45712,"NM",57336,3317,"57336_20201231",0.012087970203153449,3.4291816965688717,25,9.473366758397104,0.7404863152566602,4,"MN"
81442,2.2011351351351354,"NC",57337,9338,"57337_20201231",0,60.12975664643708,37,77.6777047367451,56.37950228031745,7,"DE"
2094997,8.91488085106383,"NM",57348,22498,"57348_20201231",4.686481662469515,2.2932146104462667,235,8.578770022897334,0.8450635431008497,4,"TN"
3046798,58.59226923076923,"SM",57358,11058,"57358_20201231",0.011033943342795989,0.880706120802161,52,7.3191570418736935,1.020397448078309,4,"MO"
339895,12.139107142857142,"NM",57359,3966,"57359_20201231",0.05540907890773459,1.8754956406107475,28,9.084086911926196,0.8748004089333618,4,"IL"
48135,4.375909090909091,"NM",57363,954,"57363_20201231",0,3.6709459584809747,11,14.27801724137931,0.4568391369682578,4,"WY"
2251445,18.011560000000003,"NM",57368,18214,"57368_20201231",2.05647320699509,1.8383805392512511,125,8.436292186635114,0.49025721198456873,4,"CT"
1501742,8.389620111731844,"NM",57369,19204,"57369_20201231",0.1519493425157727,2.3358475960553333,179,8.606428015037086,0.7650402890579582,4,"FL"
335640,6.2155555555555555,"NM",57373,4163,"57373_20201231",0.8334677636177878,2.2253926072879398,54,9.846661624149075,1.739629745287454,2,"OR"
640562,4.608359712230216,"NM",57377,12206,"57377_20201231",0.6772026380924562,3.311446316478825,139,10.128418374452144,1.3894691258233367,4,"PA"
67788,4.23675,"NM",57379,1945,"57379_20201231",3.436873540413748,5.468497600678154,16,27.233517281440605,1.1707623589527754,4,"RI"
31217,0.8919142857142858,"NC",57380,6186,"57380_20201231",0,38.8303619665046,35,88.39054404145078,9.50580123999897,7,"TX"
117552,5.8776,"N",57391,1589,"57391_20201231",2.988277161398367,2.332181750587126,20,9.184633887020027,1.0726947943019323,4,"IA"
181867,4.330166666666666,"NM",57396,2772,"57396_20201231",0.033201127043663965,2.789050897637946,42,12.2421339011119,1.406183860931286,4,"TN"
15121,0.3688048780487805,"NC",57402,5880,"57402_20201231",0,73.62631523009885,41,103.14461023567145,12.926453395684984,7,"MO"
15651,1.30425,"NC",57405,1715,"57405_20201231",0,35.87118512278883,12,90.84186961535853,0.6155640510594181,7,"MN"
13440870,35.74699468085107,"NM",57408,29604,"57408_20201231",0.02092484899152495,1.2524187395497501,376,12.162136973608808,2.2693393660222725,9,"UT"
169778,9.43211111111111,"NM",5740,1283,"5740_20201231",1.6098552804688435,1.514592148732949,18,11.003236245954692,1.2430305095655962,4,"IL"
475720,5.170869565217392,"NM",57411,8353,"57411_20201231",0.4123198019227949,3.299079703946786,92,8.381582400094805,0.937431643116399,4,"AZ"
364100,6.742592592592593,"N",57414,6517,"57414_20201231",0.10464760655447755,2.6903867171104556,54,8.769825678777476,0.9110365321030686,4,"TX"
1432367,5.171,"N",57415,20533,"57415_20201231",0.2841112432320107,3.4157789547346677,277,8.556023411452145,0.5288702794134615,4,"KY"
450766,5.565012345679013,"SM",57416,9597,"57416_20201231",0.12298199645000421,3.4973185562742364,81,8.181023145567934,1.979511263203072,4,"TN"
1613806,8.629978609625669,"NM",57417,23909,"57417_20201231",0.25170784818242087,2.799814242951289,187,9.041615430316261,0.47193530448774834,4,"CA"
171501,5.5322903225806455,"SM",57420,2413,"57420_20201231",1.5777560376743205,2.832320940596313,31,12.360700276982246,1.1331744510378818,8,"VA"
612059,6.309886597938144,"NM",57425,8410,"57425_20201231",0.028407536624679625,2.5997520879994234,97,6.720137817615917,1.693517575496823,4,"FL"
135192,7.510666666666667,"N",57429,2074,"57429_20201231",0,2.7972288785909427,18,11.19635748095671,0.6138363372463457,4,"FL"
306107,7.288261904761906,"NM",57444,3621,"57444_20201231",0,2.0353597013454685,42,11.954398574379008,0.7309824026119692,4,"CA"
1294798,14.882735632183907,"NM",57449,10257,"57449_20201231",3.6064287842925014,2.69198181137161,87,16.927716287128096,0.1997502288192482,6,"UT"
1572782,18.077954022988504,"N",5744,9843,"5744_20201231",0.4329116958635051,1.6242198763625137,87,8.14700522561076,0.6104422990398226,4,"IL"
342023000,483.0833333333333,"SM",57450,108000,"57450_20201231",0.3750312526043837,0.4274942470189098,708,5.484141487470899,0.8962686259103493,5,"TX"
861615,7.180125,"NM",57451,11677,"57451_20201231",0.4611443484215967,2.722646103556144,120,10.373440613986855,1.1751897487976477,4,"WA"
1922819,7.722164658634538,"NM",57463,26259,"57463_20201231",0.1994882555467889,2.1501796950908503,249,11.737457998795612,0.8799965260666441,4,"CA"
474240,7.6490322580645165,"NM",57465,6170,"57465_20201231",0.06976804279106624,2.1069417736949205,62,8.95305670635063,1.1170488539510448,4,"TN"
71068,7.1068,"NM",57468,1065,"57468_20201231",0,2.887446158059398,10,7.952995339320222,0.5655822371456554,4,"MN"
41549,0.9662558139534884,"SB",57470,7551,"57470_20201231",0,60.891222732068805,43,88.91810573689666,1.3127867887026723,5,"FL"
35585,7.117,"NM",57477,544,"57477_20201231",0,3.5524998246072794,5,8.658251211232326,1.5211332283102983,4,"MN"
719870,6.100593220338983,"NM",57483,8729,"57483_20201231",0.35681948730929874,2.5209359099284625,118,9.002926466274086,0.9219229784467117,4,"AL"
227391,5.8305384615384614,"NM",57488,5121,"57488_20201231",2.4149921189991526,4.81923995152641,39,9.48507465957251,0.018141313576233428,4,"IL"
358087,5.968116666666666,"NM",57491,5179,"57491_20201231",3.3163571116447597,2.6246726883958216,60,10.586931884021107,1.2177257074315404,4,"OK"
84003,6.000214285714286,"NM",57495,656,"57495_20201231",0,1.7888530580045119,14,11.932260873550575,0.4313546381003787,7,"TX"
1222485,7.320269461077845,"NM",57497,13636,"57497_20201231",2.5842363159520536,2.10374164178952,167,8.634151955179606,0.6824583948876404,4,"NY"
282146,6.269911111111112,"NM",5749,3413,"5749_20201231",2.1881314609429476,2.37486725690396,45,9.410197103781174,0.8501587641344547,2,"IL"
494242,7.0606,"N",57505,6595,"57505_20201231",0.03081945804766569,2.227274233192383,70,9.561969068545734,1.5036512451725268,2,"IA"
1427844,11.332095238095238,"NM",57510,23233,"57510_20201231",0.3570267432859948,2.5060761610034463,126,9.65865181119349,0.782657323876016,4,"CA"
467063,4.916452631578947,"NM",57511,7954,"57511_20201231",0.24639066517239105,3.419382742683605,95,8.742258619238308,0.8326107520100897,4,"IN"
36574817,18.88219772844605,"SM",57512,302609,"57512_20201231",0.42536474119079803,1.6461680772431222,1937,8.956908287612666,1.5429204123986642,4,"AZ"
218328,5.900756756756757,"NM",57513,3164,"57513_20201231",0.4929621782635145,3.2583024675707195,37,9.6560214010085,0.33014587916445043,4,"OR"
704567,14.37891836734694,"NM",57522,6551,"57522_20201231",0.505587166655241,2.1431225984600357,49,7.767671776059312,2.145439129990181,4,"TX"
114519,5.453285714285714,"NM",5753,1081,"5753_20201231",2.0295755253547267,2.0258379602471934,21,9.794381373152135,0.5028053811868936,4,"IL"
487412,7.990360655737706,"NM",57540,6069,"57540_20201231",0.44176281712007337,2.8732075485335145,61,13.194563449054034,1.470596206941413,8,"AL"
1967445,29.809772727272726,"NM",57542,9972,"57542_20201231",0.05801414743375834,0.9356900491664568,66,10.0131132211304,0.4160258349546968,4,"NV"
378159,16.441695652173912,"N",57543,3784,"57543_20201231",0.09872842546003878,1.7225300837502913,23,10.66624857656825,1.4095873459945123,4,"TX"
75118,6.259833333333333,"SM",57548,962,"57548_20201231",0.5099239036636071,2.8572387108317865,12,8.489641199921575,0.44591934870613487,4,"KS"
363543,15.147625,"NM",57552,3341,"57552_20201231",0.3785344787616657,1.4940878086228617,24,10.408086652165752,0.5542853763505651,4,"TN"
465519,6.20692,"NM",57554,7649,"57554_20201231",0.33658503992249356,3.613611681507303,75,9.041466647598599,1.2734498724457168,4,"AL"
87260490,189.69671739130436,"NM",57565,88385,"57565_20201231",0.10237701837517346,0.3837389013040245,460,8.295771055962087,1.2043790458590955,6,"UT"
122114,4.696692307692308,"NM",57569,1522,"57569_20201231",1.341677032824757,2.5061375696810226,26,11.077712913509709,0.7648830557254317,4,"AL"
8575605,60.39158450704225,"NM",57570,16984,"57570_20201231",2.3970285911177083,8.894737408473828,142,14.80713208272352,-0.061188645455751985,3,"UT"
265444,7.174162162162163,"NM",57571,4865,"57571_20201231",0.7336444404558916,3.510606513295489,37,10.94127021536873,1.5797945187736064,4,"UT"
205614,4.283625,"NM",57576,4037,"57576_20201231",0.17936360151158331,3.661947123575113,48,8.735781571119881,0.8141408621122007,2,"MO"
136412,7.578444444444445,"NM",57579,1610,"57579_20201231",2.4861360130092147,2.0067499117517915,18,9.97135568824728,1.159423617229494,2,"GA"
100154,8.346166666666667,"NM",57581,1356,"57581_20201231",0.7431693989071039,2.746353352006111,12,9.432206019236736,0.1921083263613546,4,"MN"
438801,7.437305084745763,"NM",57585,6117,"57585_20201231",0.4590284818877316,2.8058586779818584,59,8.288932123471309,-0.067838252055597,4,"CA"
280595,4.837844827586207,"NM",57587,5167,"57587_20201231",0.14400873984076273,3.2941218678323296,58,8.71529383228858,1.0665127235457146,4,"CO"
1422872,10.61844776119403,"NM",57591,15085,"57591_20201231",0.002512401945409558,1.9919976175755392,134,10.2717922791065,1.3717699897371283,4,"CA"
667954,6.548568627450981,"NM",57598,8851,"57598_20201231",0.22811106836543033,2.586770472208102,102,8.211333077452647,0.8779541573232907,4,"FL"
687409,5.977469565217391,"N",57603,11226,"57603_20201231",0.15720101576040954,2.8440577408293355,115,8.815437374187871,0.8513219262620285,4,"MN"
1967645,6.4512950819672135,"NM",57607,48672,"57607_20201231",0.24059758276467955,4.311142364660715,305,7.622205178158513,1.5560917390800963,4,"CO"
495879,6.524723684210526,"NM",57610,5593,"57610_20201231",0.3193110762116146,2.330012937143422,76,8.492836859833147,1.2223243749602435,4,"CA"
1847692,8.798533333333333,"NM",57614,38937,"57614_20201231",2.196105512088027,4.116486677267195,210,10.898892610016127,0.9847360389496941,4,"MD"
1529800,19.612820512820512,"NM",57620,6704,"57620_20201231",0.08553118861301645,2.311193745875621,78,9.085425893137051,1.1952390815338598,4,"AZ"
199344,4.746285714285714,"NM",57624,2786,"57624_20201231",0.38083703404656166,2.8025315093581233,42,9.020387715756076,0.5570248962699376,4,"PA"
413183,6.2603484848484845,"NM",57626,5819,"57626_20201231",1.7875803028616366,2.55748207364909,66,7.895065704096052,0.9920899210697096,4,"MI"
190955,5.786515151515152,"NM",57632,2114,"57632_20201231",1.7265576270011782,2.5371072924903246,33,7.788799055519833,0.7530861481929986,4,"TN"
2113056,4.111003891050584,"SI",57633,38095,"57633_20201231",0.44664592562922345,3.2160431728653767,514,10.858704109907366,2.0561124389589214,4,"WA"
79602,3.790571428571429,"NM",57640,1597,"57640_20201231",0.6081081081081081,3.915638284269338,21,10.311928918016259,0.699360919816183,4,"AL"
250612,8.641793103448276,"NM",57644,2916,"57644_20201231",0,2.0744991716943573,29,8.057387665637144,1.161385577375172,4,"MN"
127267,4.242233333333333,"NM",57656,2002,"57656_20201231",0.02834993596824807,2.97366052697663,30,9.488828138124838,0.632478019244177,4,"TN"
8817544,13.86406289308176,"SM",57665,78841,"57665_20201231",1.7329540778778623,1.9355586476290036,636,10.661280203179684,0.9593360765862414,4,"TX"
515522,8.888310344827588,"SM",57672,5341,"57672_20201231",0.45463230030132334,2.245421611250664,58,9.70394059298607,0.3925326510049721,4,"NY"
255643,7.518911764705883,"NM",57684,2511,"57684_20201231",0.02423836702658718,2.287914760071033,34,9.74450313229333,0.8341659715283569,4,"TN"
382421,8.136617021276596,"N",57686,4723,"57686_20201231",0.6244664130588898,2.040395083674628,47,11.587424445338398,1.0602156131558356,4,"GA"
528119,4.000901515151515,"NM",5768,8242,"5768_20201231",1.7989965101112768,3.003342768310591,132,9.497671484928984,1.061326775288609,2,"IN"
209711,5.377205128205128,"N",57694,2893,"57694_20201231",0.7419882524278546,2.7716135861589013,39,9.043961596766044,0.6701769731838305,4,"GA"
90103,6.435928571428572,"SB",57695,1441,"57695_20201231",0.0025897342932615116,2.8120685694799983,14,10.535959185912557,0.7494902755708795,5,"MN"
1718636,9.934312138728323,"N",57701,24362,"57701_20201231",0.18005412772694207,2.7184264455490235,173,10.065285321032661,0.8043457373596418,4,"IL"
503662,5.301705263157895,"N",57703,9996,"57703_20201231",0.43162592740595945,4.533499266464706,95,11.581433685583182,1.799196661938092,4,"TX"
395221,9.880525,"N",57704,4456,"57704_20201231",0,2.113538350665476,40,9.092169581340707,0.7677248033637593,4,"TX"
761286,8.098787234042554,"NM",57706,10795,"57706_20201231",0.31612549975722387,2.3332155840520215,94,8.608757563027503,1.219021808152333,4,"OR"
731293,,"NM",57710,0,"57710_20201231",0,0.2409143699251902,0,8.732013349374332,1.1797459176031722,7,"NY"
2194957,6.96811746031746,"SM",57716,33942,"57716_20201231",0.5234337544855373,2.689013260626358,315,10.176880667971714,0.7133465719508133,4,"CA"
184655,5.4310294117647056,"NM",57733,3065,"57733_20201231",0.7857350357592441,3.0811738359072796,34,7.637402242660409,0.6433411860512462,4,"NC"
283657,6.3034888888888885,"N",57734,5417,"57734_20201231",3.425227545487197,3.4755717598279174,45,10.84693397810464,0.016477228470254107,4,"CA"
464924,8.940846153846154,"NM",57740,6347,"57740_20201231",0.2538787023977433,2.4567339076408437,52,9.002949337146246,0.8152345579232677,4,"CA"
397530,5.230657894736843,"NM",57741,5527,"57741_20201231",0.09810762237022941,2.8091859237096273,76,7.811442844279849,0.8123406128410756,4,"CO"
1643410,13.042936507936508,"SM",57742,17979,"57742_20201231",0.011459220173149586,2.0443063265197887,126,10.778899454822245,1.1121992665948996,4,"VA"
1219167,6.4166684210526315,"NM",57754,18759,"57754_20201231",0.30263604145912876,2.729275765288642,190,9.879769092196215,1.152798470164463,4,"IL"
1146492,8.751847328244274,"NM",57756,17475,"57756_20201231",0.4281867992485285,2.8275318430039507,131,9.152897377241688,0.7091719860776156,4,"SC"
34745,0.5109558823529411,"NC",57757,8308,"57757_20201231",0,37.87694227398318,68,100.95315478608707,42.99295879259633,7,"TX"
2537747,10.79892340425532,"NM",57776,28374,"57776_20201231",0.9799776093926937,3.5737682493008265,235,10.364048124903533,-0.6138791172517954,4,"MD"
1720166,4.514871391076115,"NM",57777,72147,"57777_20201231",0.5220074731020508,6.1965137470795115,381,11.541000862755288,1.9058976118066464,4,"PA"
198196,3.8114615384615385,"NM",57784,2617,"57784_20201231",2.082206598161168,3.1905685280105587,52,6.646404170612254,0.048025203626863376,4,"NC"
133505,7.853235294117646,"NM",57785,2121,"57785_20201231",0.39949721813522493,2.765213132248548,17,8.101584108624591,1.4166649096886257,4,"MN"
39135,0.22110169491525422,"NC",57793,28798,"57793_20201231",0,97.5734772586222,177,75.35877538003615,31.50212784821349,7,"PA"
149554,9.347125,"NM",57799,2369,"57799_20201231",2.3738493690474294,3.296721514065509,16,10.581385202402013,-0.1559820236369281,4,"WA"
245405,5.334891304347826,"NM",5779,3197,"5779_20201231",0.8876557139238758,2.280304473769474,46,9.244357766558005,0.5171734058722449,5,"IN"
172019000,19.95580046403712,"SM",57803,1233000,"57803_20201231",1.1754599348478791,1.987951034609003,8620,10.118481910916808,1.1029921869443502,9,"UT"
1377593,6.498080188679245,"SB",57807,16055,"57807_20201231",0.17599251733036322,3.4798803833522296,212,10.630936839670536,0.47794104977306956,4,"NY"
1339412,10.070766917293234,"NM",57813,10924,"57813_20201231",0.07958595579083982,1.8490022425750183,133,10.7920620638263,1.4257922558202711,4,"MO"
1935737,7.591125490196079,"NM",57815,33083,"57815_20201231",1.1940138097757134,2.743684673703082,255,8.374055155122202,0.6657019882897688,4,"FL"
372980,14.9192,"NM",57816,3459,"57816_20201231",0.26908236639119415,1.5872399499072896,25,10.776319891777066,0.9236771430023534,4,"CA"
727447,12.124116666666668,"SM",57825,11061,"57825_20201231",0.4811404386742543,2.646651336180424,60,9.38275971843939,1.6573112612419598,4,"TN"
7299289,54.47230597014925,"NM",57833,25179,"57833_20201231",14.859924501253625,3.23784776043499,134,28.781357561792614,2.1478367184860336,4,"NV"
3413,,"NM",57834,0,"57834_20201231",0,1.896591970121382,0,85.17433343099911,-0.5543884220354809,7,"NY"
564386,7.329688311688312,"NM",57841,8392,"57841_20201231",0.3795594938262571,2.701284518779843,77,9.131251536398425,0.7934817545666831,4,"OK"
294159,147.0795,"NM",57849,245,"57849_20201231",0,0.19722240567709692,2,8.385175221579036,0.559857151599501,7,"NY"
9236,1.8472000000000002,"NC",57852,592,"57852_20201231",0,24.91080256200834,5,97.6855373247854,3.0520569144134457,7,"FL"
543729,8.630619047619048,"NM",57857,7001,"57857_20201231",0,2.815206918631841,63,7.78290315056263,1.106600686120125,4,"CO"
171854,3.818977777777778,"NM",57867,2166,"57867_20201231",0.16981360934783488,2.814531372458623,45,13.365875253384282,1.7167258309898115,2,"KY"
252041,5.14369387755102,"NM",57869,3110,"57869_20201231",1.0678497747463265,2.4694278970000645,49,9.299737761557557,0.49271430925123827,4,"KY"
122990,3.1535897435897438,"NM",5786,1736,"5786_20201231",3.4851546712264883,2.7026934182072395,39,11.677186654643823,0.5745477905245132,8,"IN"
211784,7.302896551724138,"NM",57872,3773,"57872_20201231",0.03410549967900706,3.4804428146309934,29,15.86260477207871,-0.3577217788622719,4,"OR"
1375194,7.51472131147541,"SM",57873,20417,"57873_20201231",0.274498317371563,2.4837865859481023,183,11.541007804860048,0.80108712134827,4,"CA"
484101,6.0512625,"NM",57874,8507,"57874_20201231",0.8572729562180272,3.0121386380163537,80,9.867725688519334,0.5999036498599355,4,"TN"
322996,3.329855670103093,"SM",57878,16250,"57878_20201231",0.3331902882880997,6.808332957877685,97,9.431123648330983,1.8970557719801786,4,"MI"
134591,8.972733333333334,"NM",57882,1376,"57882_20201231",0.11549566891241579,2.192756829054993,15,9.986798579709264,1.071460723288235,4,"GA"
237872,1.3829767441860465,"NM",57884,26692,"57884_20201231",0.10877938084233757,20.163182599975446,172,8.537564537060378,4.941832780862359,5,"MO"
197980343,49.66892699448068,"N",57890,764595,"57890_20201231",2.6862973758757467,2.006624310286702,3986,10.33861885580466,-0.39362763394698186,9,"VA"
240965,4.381181818181818,"NM",57892,4416,"57892_20201231",2.8541202165900716,3.359851632183697,55,8.873066327611783,0.6073348421067128,4,"ND"
185789,4.889184210526317,"NM",57897,1738,"57897_20201231",1.5881782104789781,2.725149932566214,38,9.946356594685671,1.7459252776263308,4,"IL"
140884,7.414947368421053,"NM",57899,1913,"57899_20201231",0,2.563274597285343,19,9.52616555661275,0.8200560451558347,4,"MO"
126688,5.06752,"NM",57901,2804,"57901_20201231",0.35506652620078816,3.8233693254924024,25,11.70401910735679,0.8414075725017018,4,"TX"
3229365,20.310471698113208,"NM",57903,20578,"57903_20201231",1.134581262077221,1.1669267233150518,159,9.968703480628355,1.5701186058694527,4,"CA"
54326,6.79075,"NM",57910,648,"57910_20201231",0,1.9477919613904346,8,11.2069277217341,1.742191698799222,2,"IA"
192804,4.8201,"NM",57915,2695,"57915_20201231",0,2.4526106620015806,40,7.25921185418564,1.0571507805609364,4,"OK"
7496829,17.849592857142856,"NM",57919,58758,"57919_20201231",1.1939880952094826,1.6781467111306771,420,10.637561829124119,1.0950827807774588,4,"NJ"
124171,11.288272727272728,"NM",5791,930,"5791_20201231",0.2961856440106112,1.5331848733139117,11,10.288737593306537,0.8523843700012362,7,"IA"
505560,18.055714285714284,"NM",57920,2547,"57920_20201231",5.051860224347711,0.9958483160899753,28,10.692725832445573,0.14474539478051965,4,"UT"
307327,8.780771428571429,"NM",57922,4204,"57922_20201231",0,2.5055711768892417,35,9.968966418398013,1.0336574922120196,4,"TX"
397517,6.625283333333333,"NM",57923,6196,"57923_20201231",0.011011266885581138,2.698540354421029,60,8.270448110351651,0.8461259174438731,4,"GA"
69213,8.651625000000001,"NM",5792,929,"5792_20201231",0,2.022840091897351,8,10.921506633750559,1.6582407088178133,2,"IA"
168679,6.24737037037037,"SM",57931,2203,"57931_20201231",0.06109261797532798,3.5209511937865567,27,9.344249285789862,0.2448301211365743,4,"FL"
210205,8.084807692307693,"NM",57933,2549,"57933_20201231",0,2.4323748436057278,26,6.9181269181269185,0.4589386497369298,4,"NV"
1366793,7.900537572254336,"NM",57944,19716,"57944_20201231",0.08735826476656522,2.4199900862968433,173,10.319400475862269,1.0887370430970358,4,"CA"
100955,4.807380952380952,"NM",57952,1948,"57952_20201231",1.240222105135168,3.596528209385309,21,8.217570725401481,0.39550944659101284,4,"MT"
673647,6.873948979591837,"N",57953,8719,"57953_20201231",1.3186117472859742,2.4019796163533695,98,8.77081135623538,1.1378825430666424,4,"AR"
194130,5.882727272727273,"NM",57954,2654,"57954_20201231",0.051382993019818024,2.5827646673568125,33,10.11302827851712,0.8667314558553229,4,"TN"
183365970,10.503864925244887,"N",57957,2065267,"57957_20201231",1.73710870131553,2.323518888829723,17457,9.163153968528109,0.6045988356586262,4,"RI"
2285852,12.289526881720429,"SM",57966,28056,"57966_20201231",0.34241123303480336,2.1832270691030584,186,10.276244040081679,1.4714486189298956,4,"CA"
424434,8.008188679245283,"NM",57967,5493,"57967_20201231",0.11299935091756654,2.4291663589811154,53,7.468938230495792,0.8635560232966218,4,"PA"
3090131,8.30680376344086,"SM",57968,36187,"57968_20201231",0.5925844582412756,2.226516480915404,372,11.24715912911338,0.924473684121669,4,"VA"
346084,5.24369696969697,"NM",5796,5202,"5796_20201231",0.6500776481635306,2.772542031362037,66,8.050399461753322,0.36517440330139445,2,"IA"
252346,7.009611111111111,"NM",57971,5112,"57971_20201231",2.6852942492060414,3.0392173818706674,36,11.677412313185572,1.3384034124766713,4,"IL"
78702,4.629529411764706,"N",57974,1742,"57974_20201231",0,5.841537862909423,17,15.869319405556753,-2.282336091973567,4,"CA"
409236,3.9349615384615384,"NM",57978,7314,"57978_20201231",0.36754287036233774,3.2380808523169975,104,8.156703261479285,0.3941987848571158,4,"WA"
213414,5.205219512195122,"NM",5797,2646,"5797_20201231",0.9921756734574769,2.157547634997751,41,11.355982081548573,1.036781938875541,2,"IA"
192244,6.20141935483871,"NM",57990,2680,"57990_20201231",0.1311371177651056,2.458137812358044,31,9.076561242804976,0.8911728573250717,4,"MI"
11931536,24.201898580121703,"NM",57993,61414,"57993_20201231",0.22351117255159217,1.0336657336148,493,8.75312161535855,1.6383936666393009,4,"AL"
2505583,9.74935019455253,"NM",57997,24360,"57997_20201231",0.41675667373307695,2.010744671304162,257,8.064541863250007,0.8973140972313992,4,"AL"
220430,6.483235294117647,"NM",58000,3227,"58000_20201231",0.12328091611418551,2.746503417029079,34,8.324658394995733,1.0611920961314079,4,"KS"
399575,9.081249999999999,"N",5800,3811,"5800_20201231",0.6566694187899619,1.7340753281040404,44,10.11740367479234,1.7586494085392792,2,"IA"
109714,5.2244761904761905,"NM",58010,1744,"58010_20201231",0.6329631316493245,2.8467881935399166,21,9.378418973797913,1.5244696658670929,4,"MT"
20083,1.2551875000000001,"NC",58011,4458,"58011_20201231",0,108.60523153711064,16,67.48308325978229,52.15824013309918,7,"DE"
1006186,6.408828025477707,"NM",58013,13147,"58013_20201231",1.5480415812286061,2.9105650063986195,157,9.17053804586982,1.0125695582728003,4,"IA"
648947,9.140098591549295,"NM",58018,9354,"58018_20201231",0.6484163636402277,2.689640387829691,71,9.01176505830107,0.5870080887902022,4,"MO"
751626,10.43925,"NM",58020,8344,"58020_20201231",1.0784594801223242,1.8362348736609697,72,10.08473375389686,0.9608971023458838,4,"WI"
300589,20.039266666666666,"SM",58025,3467,"58025_20201231",0,1.7950876497969694,15,12.616925066851678,1.7183321778746163,4,"CO"
273872,6.520761904761905,"SM",58029,4992,"58029_20201231",0.2321109521788564,2.8083701699347796,42,9.935691781957653,0.56959888808201,4,"FL"
366789,7.33578,"SM",58030,6606,"58030_20201231",0.5340927194519676,3.270274981050067,50,9.497474691780067,1.7647034979637144,4,"FL"
92121,7.0862307692307684,"NM",58037,1537,"58037_20201231",0.050244523346955186,4.6135753050721275,13,12.307463983971676,-0.8566835341972099,4,"CA"
281560,7.60972972972973,"NM",58039,3554,"58039_20201231",0.1478256424238293,2.3350897211800143,37,7.736291964023321,0.8309126368259848,4,"MN"
223070,7.435666666666666,"NM",58049,3097,"58049_20201231",0.5401295409743734,2.705580146694578,30,10.175457996977403,0.7565437287268892,4,"KY"
1041657,6.551301886792452,"NM",58054,12780,"58054_20201231",0.9974553877271394,1.9939430568663805,159,14.75432598017946,1.0204506683503507,4,"NJ"
1368496,13.964244897959185,"NM",58057,16711,"58057_20201231",0.012426369126222235,2.222285586293706,98,8.168977863939388,0.8579256169164856,4,"MN"
1098678,16.157029411764707,"NM",58060,7359,"58060_20201231",0.13079870955907277,1.231759919919641,68,14.49782694660299,1.7904105976052904,4,"CA"
169630,16.963,"NM",58063,1286,"58063_20201231",0,1.688972177691882,10,9.027281368074593,1.783230649782996,4,"MN"
674407,14.986822222222223,"NM",58069,6398,"58069_20201231",0.9087172930270788,1.7493240603321802,45,8.24794424759733,0.8257348472869168,4,"CA"
271783,6.794575,"NM",58074,4300,"58074_20201231",1.6951125404701652,2.4353911734764226,40,8.235904322402101,1.7129516897016066,4,"GA"
91963,4.379190476190477,"NM",58076,1384,"58076_20201231",0.1616879158162589,2.7460648835624815,21,11.431978778894807,1.0525672158068518,4,"MO"
143991,5.759640000000001,"NM",58079,1550,"58079_20201231",0.625959950155041,2.214334108192087,25,10.61578287870234,1.4572406462088379,4,"TN"
291816,1.6122430939226522,"SI",58082,17893,"58082_20201231",0.0017617963275355553,13.691157043633906,181,7.22891093614534,2.185129768834176,6,"TX"
576023,5.8184141414141415,"NM",58088,14831,"58088_20201231",0.23894006966372602,4.185698569508456,99,8.987311486813878,1.4747662115378675,4,"AL"
871735,15.029913793103448,"NM",58090,9689,"58090_20201231",0.27372706381130496,2.176772853505937,58,11.586053697711211,1.6601859430820793,4,"CA"
884437,11.338935897435897,"NM",58095,7425,"58095_20201231",0,2.0413968377170626,78,8.68567802076614,0.48022675396954895,4,"ID"
193462,8.793727272727274,"NM",58103,3478,"58103_20201231",0.8373194135853378,3.2673758751695448,22,10.130818535252706,0.809124407309224,4,"GA"
172947,6.651807692307693,"NM",58106,3208,"58106_20201231",1.707678003169157,2.939530353543185,26,10.650748539843802,0.5942054969762754,4,"MN"
257338,4.150612903225807,"NM",58107,7676,"58107_20201231",0.7311447611928052,4.661696311583495,62,8.183685176184158,1.0515608059175412,4,"MO"
341472,5.3355,"SM",58111,6149,"58111_20201231",0.6912518138316107,3.5293906874249785,64,8.447600540007144,0.909718863030578,4,"AL"
299393,5.346303571428572,"NM",58113,4974,"58113_20201231",0,3.3590276955877956,56,8.790422664358493,-0.4397814460763236,4,"FL"
305507,6.234836734693878,"NM",58114,4154,"58114_20201231",0,2.1431225482780856,49,7.638260363847846,0.8463076021553858,4,"IL"
1442501,5.04370979020979,"SM",58115,30556,"58115_20201231",0.2558799847438234,3.6450249095851337,286,9.368103879378769,1.0081412796659892,4,"MO"
7182089,67.12232710280374,"SB",58119,3830,"58119_20201231",0,0.5023103192786013,107,25.50984281301243,-0.15184288185225084,5,"VA"
570447,12.964704545454545,"NM",58121,5930,"58121_20201231",0.01123896282764131,1.867876788439168,44,9.008055128197629,1.0368057924509966,4,"MO"
203174,7.256214285714286,"SM",58133,2665,"58133_20201231",0.9679123665950476,2.050071345180957,28,14.238503585577453,1.073550395641458,4,"MA"
930955,9.40358585858586,"N",58140,15211,"58140_20201231",0.34276444060783756,3.1261556435447666,99,12.511578156825706,1.6636556141016188,4,"NY"
206527,3.6232807017543864,"NM",58148,5508,"58148_20201231",0.42136394714665054,3.552587079752736,57,17.67758279025108,0.9489079026704905,4,"UT"
127681,8.512066666666666,"NM",5814,1356,"5814_20201231",0.04075831365089982,1.9362639065556944,15,9.3630915674462,1.5641848482304856,2,"IA"
166745,5.558166666666667,"N",58158,2706,"58158_20201231",1.6223084823060456,3.3154043884134246,30,9.832458960907092,0.9910493823151588,4,"IL"
289148,6.0239166666666675,"NM",58164,4015,"58164_20201231",0,2.4605036408022243,48,10.51062735348233,0.846926456215725,4,"KY"
752946,19.306307692307694,"NM",58165,4933,"58165_20201231",0.03296017023638803,1.4224785493744059,39,10.036338008390993,1.4990176971820888,4,"IL"
44351,3.4116153846153847,"NM",58172,797,"58172_20201231",0.6408336826974905,3.8156245648238407,13,10.353269573971536,0.9701527178201736,8,"KY"
30805521,18.249716232227488,"NM",58177,275981,"58177_20201231",0.6032802604641834,1.6295616176225647,1688,11.322169754929938,2.966275761513255,6,"UT"
264257,8.52441935483871,"NM",5817,2383,"5817_20201231",0.2240272681042895,1.731348545058326,31,8.111000306842591,1.1300634534034097,2,"IA"
707539,,"N",58180,0,"58180_20201231",1.40232590612595,0.8649384771273669,0,51.27149602272208,0.676764047107093,7,"SD"
1902095,9.014668246445497,"NM",58181,25500,"58181_20201231",0.6233957625218354,2.3611438701146263,211,12.546084728410383,2.1240022175007987,4,"GA"
289328,9.041500000000001,"NM",58184,2382,"58184_20201231",0.9627757352941178,1.8873013439064192,32,9.60154713801076,1.6459978532546191,4,"VI"
54790,18.263333333333332,"N",58188,655,"58188_20201231",0,1.7450550726320222,3,98.27608154061573,1.1555094399860686,7,"DE"
331176,5.5196,"NM",58196,6298,"58196_20201231",3.0152591432386093,4.1479690006217735,60,7.7177320230302815,-0.9021703267087061,4,"PA"
232353,7.041,"SM",5819,2532,"5819_20201231",0.09715981985173734,2.0036445521200545,33,11.240869999594972,1.4872216351610503,8,"IA"
327997,5.206301587301588,"SM",58201,6530,"58201_20201231",0.15050604277255564,3.3491641707651425,63,9.585973445109097,1.3955392121830315,4,"TN"
481597,9.828510204081633,"NM",58203,6485,"58203_20201231",0.09755808166534283,2.580706570790209,49,10.977990922325938,0.6581466333548713,4,"NY"
613111,8.758728571428572,"NM",58208,6562,"58208_20201231",0.4593866863082882,2.025275039301359,70,9.5987363360943,1.1281368241974203,4,"TN"
46099,2.561055555555556,"NM",5820,725,"5820_20201231",11.154374713696749,3.400787353658479,18,9.259770749896424,0.4423598140684464,7,"IA"
2921764,15.96592349726776,"NM",58210,24863,"58210_20201231",0.03344442636767206,1.7369455192637988,183,10.89176218802036,1.1103642946365835,4,"MN"
156070,8.670555555555556,"NM",58214,1610,"58214_20201231",1.8894862874440879,2.8116268267930127,18,9.786052614734686,0.5307291446742894,4,"IL"
7992,,"N",58216,0,"58216_20201231",0,-0.47617854189118064,0,87.13106553276639,0.438585499110298,7,"IL"
204362,8.515083333333333,"SM",58218,2962,"58218_20201231",0.045443479672157755,2.2451050992018518,24,9.303714432160708,0.512507797941544,4,"CA"
248280,7.093714285714285,"NM",5821,3094,"5821_20201231",0.23785598901029012,2.0011024484241613,35,11.672605269317797,1.8196927881032572,2,"IA"
203926,4.855380952380953,"NM",58220,3382,"58220_20201231",0.3875522551882542,3.141501853127357,42,8.595598216017065,0.7246465938535209,4,"TN"
309969,11.480333333333332,"N",58224,2876,"58224_20201231",1.4586676400300274,1.5264459535898551,27,8.941124010638129,1.0865712438970747,4,"CA"
876540,5.583057324840764,"SM",58227,17526,"58227_20201231",0.029049670747121222,3.167393079966374,157,9.565020718879493,0.8825542812778201,4,"TN"
4174066,7.07468813559322,"NM",58228,54431,"58228_20201231",0.5073982630223197,2.483244012420134,590,9.23813143020339,0.9430159447026971,4,"LA"
170260,4.864571428571428,"NM",58230,2949,"58230_20201231",0,2.690235663510199,35,9.673192141961993,1.6487260926212135,4,"MO"
197802,8.991,"NM",58231,2058,"58231_20201231",0,1.9434342763030823,22,11.036720821432592,0.6479844982170042,4,"HI"
361591,10.044194444444445,"NM",58234,3819,"58234_20201231",0,1.9462098525738991,36,11.314623338257016,0.7112415610500079,4,"CA"
587241,11.744819999999999,"NM",58239,4629,"58239_20201231",0.004739122099172592,1.502270832078856,50,11.645491424933006,1.3913294175393267,4,"NC"
1883780,13.851323529411765,"SM",58243,17700,"58243_20201231",0,1.6319844494322542,136,11.005333455384475,1.147229237956579,4,"VA"
533334,9.356736842105263,"NM",58247,6651,"58247_20201231",0.3546386108121224,2.0549750481492124,57,10.494392583650487,1.1713794411992131,4,"FL"
1864515,8.323727678571428,"NM",58255,22127,"58255_20201231",0.38510370623079954,2.242087954474837,224,8.22905963144435,1.1216280304214246,4,"AL"
437577,7.955945454545454,"NM",58257,7219,"58257_20201231",0.027386997157418574,3.2337807573141926,55,9.448432434609266,-0.274396352699991,4,"CT"
767789,9.5973625,"N",58259,8567,"58259_20201231",0.018155110663651816,2.02067610270923,80,8.08353480934341,0.7608348989661948,4,"MI"
202434,6.3260625,"NM",58263,3696,"58263_20201231",0.2206428344117959,3.298382737956857,32,12.85222153520007,0.8494868255972158,4,"NY"
1270497,15.493865853658537,"NM",58264,14580,"58264_20201231",1.0826624461005458,1.9746902364374,82,8.952608579726249,1.5130895790559513,4,"IL"
929198,232.2995,"SM",58267,633,"58267_20201231",0.5661162691662717,5.592352183242641,4,15.260701069978333,-0.22002096227773882,4,"UT"
1184750,4.201241134751773,"N",5826,20657,"5826_20201231",1.4461758516827354,3.2680792231927867,282,10.472110762948574,1.8412193999874347,4,"KS"
190348,9.5174,"NM",58271,2165,"58271_20201231",0,2.550111197473825,20,9.118855261214645,0.5615768341007341,4,"AZ"
170785,7.425434782608695,"NM",58274,2160,"58274_20201231",0,2.3766478342749533,23,9.822609413106518,0.992467043314501,4,"GA"
496480,8.865714285714287,"NM",58276,4873,"58276_20201231",0.09117680151780275,2.1282111694196315,56,8.013014788611047,0.8949411266923579,4,"CA"
406462,8.295142857142856,"NM",58278,4711,"58278_20201231",0,2.0903884158549917,49,8.050828696666027,1.0698388963745329,4,"CA"
971507,8.674169642857143,"NM",58281,14398,"58281_20201231",0.47461184711603754,2.706340599538701,112,8.155848494033664,0.8646133603272077,4,"CA"
91704,5.3943529411764715,"NM",58282,1487,"58282_20201231",0.0319150723128349,2.8581288977246766,17,10.076872908447466,1.788760942793675,4,"MT"
187799,4.367418604651163,"NM",58289,3544,"58289_20201231",0.6102480130995647,3.4118745233240912,43,10.602687140115163,0.5809532710496044,4,"GA"
1329235,9.494535714285716,"NM",58291,21746,"58291_20201231",0.15953486020125784,2.753226832365456,140,9.734830803950139,0.9866576915342786,4,"CA"
193570,7.7428,"NM",58292,3023,"58292_20201231",0,2.732539312067253,25,11.819926105640391,0.684488642578876,4,"KS"
682846,6.82846,"NM",58296,7669,"58296_20201231",1.0263969251339309,2.228871479871236,100,9.061696560730729,0.8659494162871447,4,"NC"
617747,8.700661971830986,"NM",58297,11577,"58297_20201231",0.009389005266188731,2.9760986269642875,71,9.132928925126933,0.7241392992712314,4,"CA"
107981,3.9992962962962966,"NM",58300,1732,"58300_20201231",0.14833093046467782,3.1443725801759053,27,8.487804878048781,1.2420831188595214,4,"MO"
8157881,74.84294495412844,"SB",58303,15125,"58303_20201231",0.1022022072142388,0.6962465860901635,109,8.361923883121815,0.8417793920825556,5,"MN"
457535,9.337448979591837,"NM",58307,5671,"58307_20201231",0.4161797265245541,2.1860483445676238,49,8.534427474203255,0.6094987940646817,4,"CT"
2585103,7.043877384196185,"NM",58309,37091,"58309_20201231",1.8039121904026874,2.811680079296158,367,10.426848604964203,0.8447359807524842,4,"TX"
102147,4.441173913043478,"NM",5830,1675,"5830_20201231",0.006368750663411527,2.708581619981832,23,14.524324788117415,1.1751077182075025,2,"KS"
766987,8.715761363636362,"NM",58310,10129,"58310_20201231",0.3094141657510991,2.370991463884768,88,11.372171781728095,0.8149998801916812,4,"CA"
243443,7.60759375,"NM",58311,2955,"58311_20201231",0.3341253705019229,2.354022779288982,32,9.738142638687952,0.8544761403970027,4,"DE"
2029251,13.898979452054794,"N",58314,17340,"58314_20201231",0.3476933199365211,2.273813577166811,146,8.185211270105178,0.06095115192805382,4,"IL"
2318091,7.176752321981424,"N",58316,33378,"58316_20201231",0.7432600232863413,2.479971866632526,323,10.466435277943887,0.7304567429629315,4,"LA"
534142,5.743462365591398,"N",58319,10280,"58319_20201231",3.3370714782729296,3.639694299698116,93,10.343633918704816,0.3181912978655114,4,"TX"
162964,4.288526315789474,"NM",58322,3920,"58322_20201231",0,3.4201370273278187,38,9.363109398147294,0.3457111481677309,4,"WA"
142015,5.917291666666667,"NM",58324,2198,"58324_20201231",0.3949089230611425,2.6821343830888695,24,11.58347545692447,0.8823608714408973,4,"TX"
3047988,,"NC",58339,,"58339_20201231",3.216706394178387,0,,0,0,4,"CA"
510344,7.617074626865672,"NM",58341,6203,"58341_20201231",3.5791211781581365,2.1757769927262123,67,10.01190179515163,1.0646439528004192,4,"WA"
191013,7.0745555555555555,"NM",58347,2798,"58347_20201231",0,3.035184028576751,27,8.7157995161675,0.7877112180060801,4,"GA"
224726,7.0226875,"NM",58348,4297,"58348_20201231",0.21700314100642537,3.8072342690906646,32,11.271754915746525,2.146219593475828,4,"IL"
299162,7.670820512820514,"NM",58357,2785,"58357_20201231",0.2953529715908689,1.8760162205580202,39,10.431490728017307,1.02298634069667,4,"AL"
148418,7.811473684210527,"NM",58359,1697,"58359_20201231",0,2.148956383723113,19,10.949533846777463,0.7004374712002868,4,"NE"
477934,6.3724533333333335,"NM",5835,7375,"5835_20201231",2.598823236927157,2.1567639612522242,75,10.756253635834788,1.5241472109381478,2,"KS"
3018647,7.052913551401869,"SM",58366,44906,"58366_20201231",0.2703092381796891,2.5293316034161704,428,10.644625148360072,1.4202602531135695,4,"TN"
250473,8.3491,"NM",58371,3029,"58371_20201231",1.0347073955901303,2.910443808434899,30,9.702928353308739,0.302733643707615,4,"PA"
354514,8.440809523809524,"NM",58372,4950,"58372_20201231",0,2.4843598327518763,42,8.353029059870927,1.2760160600501846,4,"FL"
1369330,10.06860294117647,"NM",58374,16406,"58374_20201231",0.1920363423615652,2.0462632583112765,136,9.816593077469355,1.3392998107711054,4,"GA"
266811,5.929133333333333,"NM",58377,4387,"58377_20201231",0.9587542629174441,2.584585507553844,45,8.994949131825862,0.7311092706450653,4,"FL"
59201,3.4824117647058825,"NM",5838,952,"5838_20201231",1.344726152122146,3.3496950004934085,17,11.315510622405197,1.2298661949438427,7,"KY"
526357,5.26357,"NM",58395,8328,"58395_20201231",0.8025795263642768,2.7546278847724217,100,9.312247823267445,1.0113192376788653,4,"WY"
458035,5.797911392405064,"SM",58396,8733,"58396_20201231",0.4622310397442919,2.997629299689949,79,9.294328704455106,1.9104501505524178,4,"WY"
414171,8.812148936170212,"NM",58401,5540,"58401_20201231",2.8176199638505044,2.4173213996030545,47,10.84177771466764,0.09162589397832621,4,"CA"
326012,7.762190476190476,"NM",58402,4276,"58402_20201231",0,2.278548224834727,42,11.838557878483371,1.6977087838151987,4,"AZ"
325696,0.7419043280182233,"N",58405,70778,"58405_20201231",0.6076546345002721,34.68299600437616,439,10.439398985248888,4.538184369500071,5,"AZ"
403875,8.24234693877551,"NM",58407,6663,"58407_20201231",0.259867842433133,2.644335187251403,49,14.56501706706122,1.6765644030696116,4,"WA"
1020491,5.798244318181818,"NM",5840,15699,"5840_20201231",0.40170574739624815,2.8966601841749555,176,10.643319067622627,1.071531326552005,4,"KY"
9710390,24.96244215938303,"NM",58410,66447,"58410_20201231",0.07770783661099746,1.7763786936136359,389,9.838134799990547,1.2648826537590938,4,"NJ"
497357,11.841833333333334,"SM",58411,3280,"58411_20201231",0,1.7348393934198836,42,8.610974929987979,1.2193066876548788,4,"CA"
113523,4.54092,"N",58413,3233,"58413_20201231",0,4.453710182090687,25,16.478686499936433,0.77602525900065,4,"GA"
603244,6.778022471910113,"SM",58415,12539,"58415_20201231",0.18267257432257367,3.1048808380866326,89,10.368171512578819,0.5425114361551929,4,"CA"
111961,6.220055555555556,"NM",58423,1404,"58423_20201231",0,2.9535898547669146,18,8.477531111482039,1.2182315057540305,4,"MO"
1242890,7.967243589743591,"NM",58424,19123,"58424_20201231",0.9233411861796303,2.4770683641830917,156,10.262480062691532,0.2596445152818421,4,"NY"
124557,5.189875,"N",58426,2446,"58426_20201231",1.897828232971372,3.9869714699318415,24,6.94888749533645,1.2554608670176557,4,"AZ"
346215,8.877307692307694,"NM",58428,4598,"58428_20201231",1.640700615067595,2.7285351018932253,39,12.684425213251338,0.6462661655804677,4,"OR"
1364147,13.116798076923077,"N",58433,15514,"58433_20201231",0.4653365855863816,2.3523968774448267,104,7.841825335685336,1.1795834987030385,4,"OH"
283174,10.113357142857142,"NM",58434,3525,"58434_20201231",0.005144826876575604,2.2597841136739403,28,11.003832092674976,1.1599138236119804,4,"OH"
269501,10.780040000000001,"NM",58443,2777,"58443_20201231",0,1.8298306959145079,25,17.762605316500114,1.5480253442023881,4,"NV"
527952,8.515354838709678,"SM",58446,5763,"58446_20201231",0.63964751750093,2.1901389772632878,62,9.551262967458264,0.8610442417350085,4,"WA"
166158,7.224260869565218,"N",58450,1747,"58450_20201231",0,2.4380439842473347,23,8.639422186554725,1.0788171964289908,4,"TX"
9819719,38.508701960784315,"NM",58457,48229,"58457_20201231",0.11751255065604294,1.0083865111940582,255,7.828755505688519,0.5412416395279227,4,"PA"
2630370,18.016232876712326,"NM",58458,17743,"58458_20201231",0.5116470673760952,2.2188967584773964,146,9.667573280055537,0.9676771220463043,4,"CO"
3304121,7.030044680851064,"SM",58463,42552,"58463_20201231",0.2808729450931823,2.451288226296442,470,9.58039021379947,0.8960928284496171,4,"TN"
587532,13.056266666666668,"N",58469,4679,"58469_20201231",0,1.269531591442287,45,15.380025733971609,1.4392803074007643,4,"CA"
260000,4.482758620689655,"NM",58470,3089,"58470_20201231",0.21063634347977572,2.367032712598816,58,7.264017169355766,0.41717659511130223,4,"PA"
766215,10.945928571428572,"NM",58479,9067,"58479_20201231",0.01989747212677149,1.74488760468389,70,7.378365501331335,0.8895194635158686,4,"FL"
100138,4.172416666666667,"NM",5847,2174,"5847_20201231",0.8149098317362108,3.9542540361880643,24,11.517827033324137,1.4619601190131928,4,"KY"
2346270,11.501323529411765,"NM",58481,22809,"58481_20201231",0.4998603223720582,1.8397416749180349,204,9.735315486353729,0.8791413851738646,4,"NJ"
165424,16.5424,"NM",58482,2230,"58482_20201231",0,2.447039648367684,10,8.69965410095562,3.096494415277412,4,"MT"
919571,19.157729166666666,"NM",58483,9660,"58483_20201231",0,1.8437660318566635,48,8.096249288594876,0.5896064235178395,4,"TX"
258215,5.738111111111111,"NM",58484,4140,"58484_20201231",0.18829058694551373,2.900369010169509,45,8.926910180636325,1.3134409078896885,4,"TX"
832514,8.763305263157894,"NM",58485,10836,"58485_20201231",0.21465645877984577,2.4281487942096796,95,9.439881188892725,0.637375205508828,4,"CA"
2848058,13.82552427184466,"N",58486,31258,"58486_20201231",0.06845268041215043,2.0461480503906078,206,9.188324928284047,0.975308741931894,9,"FL"
1251761,6.915806629834254,"NM",58490,26764,"58490_20201231",1.0617311897937982,4.8718675460633545,181,9.345177235844979,-0.3688208067377247,4,"CA"
259610,6.4902500000000005,"NM",58500,2353,"58500_20201231",0.2538691089194277,2.415477541407575,40,10.339421944443304,1.449286524844545,4,"CA"
794532,10.736918918918919,"N",58504,9815,"58504_20201231",1.0121716466979462,2.601088844555582,74,13.337320574162678,0.32658169787300034,4,"VA"
296455,5.489907407407407,"NM",58508,4564,"58508_20201231",0,2.712939443584387,54,9.642200880629616,0.8048279657856862,2,"CO"
470526,8.11251724137931,"NM",58509,5293,"58509_20201231",0.21273998639859104,2.575210487131757,58,11.672653093524547,1.1169815750102823,4,"TX"
396712,9.67590243902439,"NM",58511,5277,"58511_20201231",0.011983068248431676,2.3647966682130956,41,7.095202563314753,1.554987351156221,4,"MN"
1603046,9.005876404494382,"NM",58513,16451,"58513_20201231",0.12292022066966585,2.0386492917347723,178,12.483071811343374,0.9052649358878861,4,"NJ"
121533,3.79790625,"NM",58517,2133,"58517_20201231",0.2361260019400623,3.31226862181053,32,9.861584308903518,0.8695146062580359,4,"TX"
272006,7.555722222222223,"NM",58523,5127,"58523_20201231",0.05156983258557076,2.937576883734915,36,9.150979163281571,0.9055304477253405,4,"GA"
1997842,13.590761904761905,"SM",58532,17846,"58532_20201231",0.004161534107933548,1.6547201997864227,147,8.711609428443357,0.9090544444890124,4,"FL"
690908,14.700170212765958,"NM",58533,8383,"58533_20201231",0.5446808036894679,2.073124303632115,47,7.511074080727087,1.5722633397017887,4,"GA"
436093,12.459800000000001,"N",58534,3576,"58534_20201231",1.3471030716285206,1.5596951884833339,35,11.301662616580062,1.6537388687480201,4,"CO"
1972150,7.250551470588236,"SB",58536,29472,"58536_20201231",0.15909294061979,2.7251695557097078,272,15.454289867757309,0.9484964511951931,5,"MN"
173521,5.784033333333334,"NM",58537,2496,"58537_20201231",0.5733383804344816,3.3652151471662015,30,13.78774656343032,-1.2274340962308332,4,"FL"
99623,7.115928571428571,"N",58545,1464,"58545_20201231",1.0046269438116395,3.0569584137200176,14,14.05373169348689,0.24164528413215375,4,"TX"
1496707,5.482443223443224,"NM",5854,20337,"5854_20201231",1.2413835689976802,2.823307650844047,273,10.222141590066117,1.2535864857752714,4,"KY"
404159,8.599127659574467,"NM",58556,12045,"58556_20201231",0.5591690875903026,3.7414889380508325,47,11.95303133304493,0.43201541332716364,4,"IL"
1332475,7.087632978723405,"NM",58558,18374,"58558_20201231",0.33867182333456586,2.4892650796535776,188,10.177870839076204,1.0459707367088273,4,"AL"
194837,8.118208333333333,"SI",58560,2911,"58560_20201231",0.42032924430515084,2.6771915285557477,24,11.18484107323358,0.5499813594985186,4,"TX"
503278,6.989972222222223,"NM",58562,8763,"58562_20201231",1.2695365782281545,2.8661827427315845,72,9.796570730159477,0.44080891827341,4,"TX"
329537,7.323044444444445,"SM",58563,3705,"58563_20201231",0.7011318024427639,2.1919346721714095,45,8.863731766187428,0.6138221215863684,4,"VA"
7977360,15.341076923076924,"NM",58564,74565,"58564_20201231",0.35834702776003724,1.8268802127714585,520,9.266641896963176,0.5737463843024349,4,"NY"
561726,7.590891891891892,"NM",58574,7557,"58574_20201231",0.31352505911968875,2.331169928575029,74,9.437653695935195,0.3871076296338025,4,"NJ"
1751028,8.1823738317757,"SI",58577,20748,"58577_20201231",1.029541934056207,2.063160767491965,214,8.317851248237886,0.6247826222999839,4,"TX"
1543304,7.640118811881188,"NM",58581,17899,"58581_20201231",0.01043169566410582,2.1134102354922333,202,8.514288097048079,0.38766781539176837,4,"TX"
1905535,12.962823129251701,"NM",58583,22122,"58583_20201231",0.017085367696826722,2.2568925907119395,147,8.016910917953652,0.3345089822901668,4,"CA"
210384,5.536421052631579,"NM",58584,3870,"58584_20201231",0.013693899665392537,3.060472012226343,38,13.574387093422501,0.4512981745013131,4,"GA"
69026,5.752166666666667,"NM",58586,736,"58586_20201231",2.1622745464941007,2.1898368326885143,12,8.027278539461532,0.07187313626840793,7,"ND"
406528,9.454139534883721,"NM",58588,6116,"58588_20201231",0.15676117775354417,2.2836730750451384,43,8.803075663492033,0.5625424633853942,4,"CA"
1086356,13.411802469135802,"SM",58590,13634,"58590_20201231",0.8317015609196275,2.802176036406424,81,9.78444816711641,0.3869505430904156,4,"CA"
881507,14.691783333333335,"N",58595,8962,"58595_20201231",0,1.6925914153169634,60,7.299876397874925,0.6587473295935959,7,"VA"
4179197,5.071841019417476,"NM",58596,52175,"58596_20201231",1.073080381781104,3.8349729053243036,824,10.24283448437699,-1.1054545625058063,4,"VA"
176069,6.288178571428572,"NM",58597,3525,"58597_20201231",0.8891023858282979,3.6291862166518465,28,10.93985713018014,1.2056713962469152,4,"IL"
196826,7.289851851851852,"NM",58602,2803,"58602_20201231",0.4012513096396912,2.6099290780141846,27,9.439773355296694,1.110354609929078,4,"MN"
2440929,8.780320143884893,"NM",58604,38135,"58604_20201231",1.080067616703612,2.729787008060207,278,7.670990512440594,1.036295335807219,4,"MI"
428920,9.531555555555556,"SM",58615,5134,"58615_20201231",0.05538851084032284,2.24743046224024,45,7.992091814661083,0.8345507253921411,4,"PA"
530210,11.046041666666667,"NM",58619,4569,"58619_20201231",0,1.5819535764722645,48,9.225609894263709,1.6850424717867483,4,"MO"
470732,5.603952380952381,"NM",58626,9738,"58626_20201231",0,3.8656121739912916,84,13.96949318730517,1.8521943879259921,4,"NV"
6046137,10.110596989966554,"NM",58629,79928,"58629_20201231",0.6432662089994042,2.2862833206101985,598,9.412052550948067,0.8901642527687011,4,"TX"
181605,7.566875,"NM",58630,2703,"58630_20201231",0,2.6030032820476166,24,9.522663764771504,1.240745042678532,2,"CA"
167619,5.5873,"NM",58636,2255,"58636_20201231",0.026624351697036176,2.999424767852741,30,9.733048041163585,0.6101569562001808,4,"AL"
600059,13.954860465116278,"NM",58641,7129,"58641_20201231",1.2442259423401654,2.325040144367684,43,10.662619038108643,1.0775336953441108,4,"NY"
257003,13.526473684210526,"NM",58644,2725,"58644_20201231",0.01657987816859894,1.6864758748944448,19,8.822038766063365,1.736997976710113,4,"FL"
6941773,15.564513452914799,"NM",58647,56153,"58647_20201231",0.3933170383577347,1.5360240607964768,446,8.979942696891712,1.2748243604162812,4,"CA"
5653609,17.77864465408805,"NM",58648,52604,"58648_20201231",1.7126691591452932,1.8350606275069836,318,10.000207800313378,0.25703886716234353,4,"KS"
366197,8.931634146341464,"NM",58651,6154,"58651_20201231",0.6682696182467829,2.629725904943496,41,10.155274012964053,1.2165554420065705,4,"WI"
1233476,17.876463768115944,"NM",58652,9998,"58652_20201231",0.43447512727499876,1.5218116843080467,69,10.408424715266893,1.0955441282645932,4,"NY"
522906,6.300072289156628,"NM",58657,7846,"58657_20201231",2.6257323982921976,2.5242802619056532,83,11.312799565600521,1.8338518771021712,4,"GA"
220073,8.80292,"SM",58658,2782,"58658_20201231",1.8255343731946851,1.9100600317181984,25,11.531170423465056,0.8189751740708138,4,"VA"
7833510,13.187727272727273,"NM",58665,104573,"58665_20201231",1.3937862715493405,2.6449533086944337,594,7.603586489666059,0.6759975707818545,4,"NC"
334140,10.441875,"NM",58668,3826,"58668_20201231",1.5310292611998728,2.391228938135126,32,11.11407304119589,0.7090519815070714,4,"NY"
388130,6.06453125,"N",58671,7075,"58671_20201231",0.5209044381543539,3.225163676263757,64,10.737244690373505,0.4410683526453794,4,"TX"
876883,8.947785714285715,"NM",58675,11769,"58675_20201231",0.5963962439725912,2.4817956168859703,98,12.043997651541476,0.6418137865764473,4,"NY"
182236,13.016857142857143,"NM",58678,1596,"58678_20201231",0,1.6526935896053345,14,9.858471313690668,1.2225919953453728,4,"AZ"
494559,8.107524590163935,"NM",5867,4027,"5867_20201231",0,1.6190475309235997,61,8.86338986143351,1.2267193965549148,4,"MD"
78376,6.0289230769230775,"NM",58680,1141,"58680_20201231",1.025238001678961,2.8009447684116417,13,11.072174351342918,0.1948251244345401,4,"OK"
428546,16.48253846153846,"N",58687,4522,"58687_20201231",0.7688166018470184,1.7577903911770891,26,11.415698720079408,1.1044809909603972,4,"GA"
943112,6.884029197080292,"NM",58689,16794,"58689_20201231",0.031089175970287628,3.16555976370282,137,8.075081422686194,0.8878435306342481,4,"SC"
324753,9.278657142857142,"NM",58691,2901,"58691_20201231",0.0885388171715189,1.877238292856186,35,11.240809376256145,1.1717837831014895,4,"NC"
483613,12.090325,"NM",58692,4072,"58692_20201231",0.019120188085998358,1.614213576577074,40,7.756365748322044,1.6035921975821967,4,"FL"
647267,7.191855555555557,"NM",58694,6415,"58694_20201231",0.25204192236867023,2.0091684543524355,90,9.09485715724347,0.8323231016703566,4,"FL"
1818306,14.663758064516129,"SM",58696,16116,"58696_20201231",0.3834025767981758,1.7294439445169691,124,11.64544147381361,1.0537790527101936,4,"VA"
540479,10.597627450980394,"NM",58712,5795,"58712_20201231",0.6309750640315155,2.148110117618416,51,9.75475597098288,0.764387298523278,4,"NJ"
1863963,8.792278301886792,"SI",58716,28839,"58716_20201231",0.5139123365269177,2.982849297554881,212,7.205082787665659,0.9479740233325101,4,"TX"
1579238,7.449235849056604,"NM",58719,27876,"58719_20201231",0.06093790752225656,2.7888892830536736,212,9.512726568637648,1.2540352619816242,4,"AL"
1158179,7.825533783783785,"NM",58722,16437,"58722_20201231",0.5256375576319758,2.2688734019268155,148,11.840725052559026,1.6601329084979004,4,"NV"
381359,7.0622037037037035,"N",58723,5623,"58723_20201231",0.4528696359854212,2.6037937049965576,54,9.628589386540014,1.5161476046765905,4,"SD"
153845,5.697962962962963,"NM",58724,2157,"58724_20201231",0.014557688886013295,2.3424258390518573,27,9.03302524868031,0.5427572066095766,4,"NE"
788502,6.570850000000001,"NM",58727,14206,"58727_20201231",0.6464740705412175,3.035601914261647,120,9.349248468885317,1.1162264783466551,4,"NE"
1246369,10.216139344262295,"NM",58728,12485,"58728_20201231",0.47411618162184294,1.9214216521681051,122,9.419220628431823,1.1215766162720167,4,"CA"
146620,7.331,"NM",58732,1811,"58732_20201231",0.021022857579695742,2.1706002219781895,20,13.085116029267136,1.6472191065671482,2,"CO"
870534,12.261042253521127,"NM",58739,10620,"58739_20201231",0,2.1726694626691296,71,10.366039718047286,1.155822824783061,4,"TX"
321611,5.642298245614035,"NM",5873,4995,"5873_20201231",0.15894039735099338,2.9767485467841737,57,7.827120344251455,0.45981734152502174,4,"MD"
1025844,9.498555555555557,"SM",58741,27168,"58741_20201231",1.3951156716879773,4.2593172367699115,108,11.696965926119653,0.23370652885330725,4,"CT"
143092,6.221391304347827,"SM",58743,1866,"58743_20201231",0,2.382406059338135,23,9.819544252397618,0.5578872014698619,4,"VA"
137203,4.900107142857143,"NM",58745,2301,"58745_20201231",0,2.9768628960256036,28,12.952141646701337,1.4646695222528487,4,"NM"
709621,6.694537735849057,"NM",5874,6975,"5874_20201231",0.39625190097008506,1.903626670013516,106,13.045745525111096,1.1625310462206035,4,"MD"
980168,11.013123595505618,"NM",58752,13089,"58752_20201231",2.3416004358503324,2.0845674779254546,89,9.826358564328421,1.1098742287785055,4,"ID"
371481,11.257,"N",58764,6465,"58764_20201231",0.06111288785310108,3.5904032648526,33,12.041858331871955,1.2396367020731138,4,"TX"
210638,6.5824375,"NM",58768,3129,"58768_20201231",0.005149103320436055,3.231411172954804,32,8.901395702641675,1.6352598738722393,4,"TX"
157375,6.557291666666667,"NM",58772,3499,"58772_20201231",1.927506269111948,3.2821536876430635,24,8.449837108483186,0.5642861315729376,4,"CO"
170189,5.6729666666666665,"NM",58778,3038,"58778_20201231",0,3.33939038915393,30,8.202504113103371,0.33315971793776084,4,"WA"
356599,11.886633333333332,"NM",58780,3620,"58780_20201231",0.4112126166610193,1.467770296451323,30,11.106848690556607,1.247236705269369,4,"WI"
911883,8.602669811320755,"NM",58783,15658,"58783_20201231",0,2.79235887108265,106,9.342915692155138,0.9271518583800625,4,"AL"
451788,7.171238095238095,"SM",58789,7185,"58789_20201231",0,2.5083936874562935,63,9.11749627933342,0.8649280862392599,4,"MI"
700311,10.610772727272728,"NM",58796,11837,"58796_20201231",0.038545052742480504,2.660576898270413,66,9.452940528059315,0.9795667442517508,4,"MO"
132064,7.768470588235294,"NM",58806,2037,"58806_20201231",0,6.6911159125386,17,12.74252753015207,-3.7873412981115955,4,"NV"
830119,7.47854954954955,"NM",58811,13099,"58811_20201231",0.006601765408681483,2.8326456695853484,111,12.749520338039208,-0.155735613514304,4,"FL"
3349367,9.151275956284154,"NM",58816,33312,"58816_20201231",0.6392719389091954,1.8713081363387174,366,14.11234635675021,1.2395508022530988,4,"CA"
1000168,27.031567567567567,"NM",58818,5765,"58818_20201231",0.9860913248233363,2.0124618042849205,37,8.679709973815548,1.3832239281360759,4,"MN"
2982350,7.84828947368421,"SM",58823,44822,"58823_20201231",0.39180214498755966,3.0253173578972055,380,10.122478119285674,1.0475667535624,4,"TN"
567392,9.782620689655174,"SM",58824,8529,"58824_20201231",0.11692867350915942,2.8915142586354126,58,9.47169100329722,0.6649337975170551,4,"VA"
200363,7.706269230769231,"NM",58826,3002,"58826_20201231",0,2.6963220942741133,26,10.935491645244216,0.6559636868809411,4,"CO"
284672,6.469818181818183,"N",58827,3804,"58827_20201231",0.010172526041666668,2.436435097078515,44,9.143822169095035,0.7278272498233657,4,"VA"
1235066,11.027375000000001,"NM",58828,10016,"58828_20201231",0.13200255291288773,1.503712453655232,112,10.451855854139604,1.2425973785995352,4,"CA"
355820,11.478064516129033,"NM",58852,4107,"58852_20201231",0,1.9155759012340652,31,9.123362306934938,1.5559479284155746,4,"TX"
103194,4.914,"N",58857,1737,"58857_20201231",0.3148178463940764,3.661767488803381,21,9.85900087502983,0.17452006980802792,4,"VA"
181796,4.5449,"N",58859,3126,"58859_20201231",0.8756580141586494,3.257682152688051,40,8.983497078276505,-0.22807707432166732,4,"VA"
445551,5.500629629629629,"NM",5885,6068,"5885_20201231",0.19154515221284216,2.6422742132847716,81,10.148722198579971,0.9159694884797223,4,"MD"
2056933,11.30182967032967,"SM",58862,25545,"58862_20201231",0.6289554601399326,2.2926723357246273,182,8.422694070391257,0.6368971751081932,4,"FL"
601198,7.243349397590361,"N",58864,8936,"58864_20201231",0.2185448926649246,2.77216257008308,83,8.661998040132888,0.7912910394882556,4,"SC"
779955,13.447500000000002,"SM",58892,9064,"58892_20201231",0,1.9902021224774296,58,10.872039228257112,1.6893484055017023,4,"MO"
142355,4.186911764705882,"SM",58899,2777,"58899_20201231",0.09860422370713588,3.523832274104245,34,13.442996831639901,0.8018392091765705,4,"NC"
142219684,8.66347977582846,"SM",588,1819184,"588_20201231",2.792339876748605,2.2537308661073436,16416,8.274603134565089,0.9993942193072851,4,"NY"
13161,0.9400714285714286,"NC",58927,3341,"58927_20201231",0,39.407951297720565,14,98.60881867484083,2.189976067105049,7,"NY"
111476,3.1850285714285715,"NM",5892,1847,"5892_20201231",0.10137149672033394,3.190397488434573,35,10.799030617226961,0.36884843819571794,8,"MI"
740541,5.485488888888889,"NM",58935,11555,"58935_20201231",0.08663079649484265,3.2769068325078163,135,8.971764286985936,0.7437782999906852,4,"TX"
156437,8.690944444444446,"SM",58952,2216,"58952_20201231",0,2.6250490936850563,18,9.780352651351054,1.2198642803450992,4,"CT"
337375,7.334239130434782,"NM",58961,4014,"58961_20201231",0.11471711656284447,2.586343698772454,46,8.777007539341193,0.38812744338537813,4,"LA"
52384680,14.23883664039141,"N",58978,623216,"58978_20201231",2.3157449702245514,3.7179352918730526,3679,8.948069956237239,-0.8555606464978747,4,"CA"
34883487,23.730263265306125,"N",58979,191787,"58979_20201231",3.4669782632736275,1.291833382429169,1470,9.543205472719634,0.6583105068113289,4,"FL"
4052,2.0260000000000002,"NC",58999,416,"58999_20201231",0,43.66197183098591,2,92.21005475360876,1.828514949345194,7,"FL"
972073,4.934380710659898,"NM",58,13943,"58_20201231",0.5996854664795789,2.7839381951258666,197,8.939923570746169,1.433788428892313,4,"AL"
142502134,25.989811052343605,"NM",59017,1507353,"59017_20201231",0.16354649434307408,1.8887634924775465,5483,8.142645509963634,0.8259344108183421,4,"CA"
14368,1.0262857142857142,"NC",59025,2648,"59025_20201231",0,105.28839567063982,14,42.63494318181818,39.594464995204824,7,"DE"
226719,4.7233125,"NM",5902,3332,"5902_20201231",2.2267734716632006,2.9072154414059006,48,9.770547301109648,0.9155470564728766,4,"MS"
4699272,4.819766153846154,"NM",5903,89806,"5903_20201231",0.5726062290419043,3.428798277242683,975,8.485813368688058,0.9552752656746938,4,"MS"
322411,40.301375,"N",59043,1028,"59043_20201231",0,2.802228047604076,8,9.248730931578827,0.8777417357611084,7,"DE"
24819,0.9192222222222222,"NC",59046,7375,"59046_20201231",0,162.64232991932255,27,59.27870664640045,3.4616925101562055,7,"NY"
7347,1.0495714285714286,"NC",59047,1740,"59047_20201231",0,141.18902087417828,7,90.45743714026054,2.940837273670857,7,"DE"
6656382,5.542366361365529,"SM",59052,136034,"59052_20201231",0.44656798518930296,3.1641126811168876,1201,9.227648315647142,1.4989169542405443,4,"CO"
5271,2.6355,"NC",59069,328,"59069_20201231",0,10.388091011779894,2,98.91430787126794,9.440051637889301,7,"DE"
4486533,7.087729857819906,"SI",59070,106885,"59070_20201231",0.9208118049693594,3.8630875302515606,633,11.82083857139192,1.1050906749914218,4,"MA"
580228,7.163308641975309,"NM",59074,5010,"59074_20201231",0,1.6835023372161382,81,14.001537148040136,0.7826315213145258,2,"PA"
594354,4.754832,"NM",5907,9159,"5907_20201231",1.2313831986619113,2.754487286440545,125,9.92761185929816,0.5827927549429336,4,"MS"
565492,13.792487804878048,"NM",59086,4855,"59086_20201231",0.9026440527329285,1.7740231748741009,41,9.914136727785984,0.7828928457965841,4,"NH"
1659733,5.9702625899280575,"NM",59093,13886,"59093_20201231",0.07184805697863302,2.6180939423877723,278,12.983307096080942,0.660280447278606,4,"OK"
204882,8.19528,"NM",59098,3872,"59098_20201231",0.8081492058351611,3.5589674628291856,25,12.010499862457397,-0.19834413830698933,4,"CA"
390032,11.471529411764706,"NM",59099,4481,"59099_20201231",0,2.4916315051760356,34,10.86330120033347,0.5102169503006894,4,"CA"
313700,5.703636363636363,"NM",59101,7563,"59101_20201231",0.09057273670052578,4.094768047261831,55,9.109771761683628,-1.1472124232314003,4,"TN"
516130,24.57761904761905,"N",59105,3080,"59105_20201231",0,1.1526458200506617,21,8.830825234330302,1.2579525291455043,4,"FL"
283623,8.34185294117647,"NM",59106,3918,"59106_20201231",0,2.8964194552159315,34,12.237359664779124,-0.30846680813271343,4,"SC"
12474000,69.3,"SI",59108,23000,"59108_20201231",0,0.8642429006526859,180,8.252018842530283,1.1523238675369145,5,"NV"
434678,8.049592592592592,"NM",59112,10302,"59112_20201231",0,4.05738461613212,54,12.183764336654631,0.24749408443587143,4,"TN"
226102,4.433372549019608,"N",59113,12245,"59113_20201231",0,16.410487013871855,51,38.62600228778577,-15.14525931376557,4,"NY"
325687,12.526423076923077,"NM",59114,3577,"59114_20201231",0,1.9634155653533862,26,15.708722541572573,0.7406113808814088,4,"AL"
251757,13.250368421052633,"NM",59117,2393,"59117_20201231",0,2.5205088850550426,19,12.116909078375956,-0.4934206707270351,4,"NV"
119961,7.4975625,"NM",59138,2545,"59138_20201231",0,4.226977855923788,16,15.664356790846096,-1.6551095596548775,4,"MI"
183390,10.188333333333334,"NM",59140,2478,"59140_20201231",0,2.856230678783065,18,13.075426305024898,0.4430739520794886,4,"FL"
208757,9.488954545454545,"NM",59143,2231,"59143_20201231",0,2.450442590663091,22,13.650811010328164,-0.17934874725228522,4,"MA"
347786,20.458,"NM",59144,1701,"59144_20201231",0,1.9350067017036436,17,20.588335615403732,-0.3174491199604952,4,"OH"
165127,9.173722222222223,"NM",59148,2800,"59148_20201231",0,3.0378882182965357,18,15.291455060645223,-0.16327900187096767,4,"OK"
16953,,"NM",59149,56,"59149_20201231",0,0.4392780724667117,0,28.464692482915716,1.8090699113414044,7,"NY"
164079,6.836625000000001,"NM",59154,4842,"59154_20201231",0,7.573441277927944,24,22.943661551322624,-5.743622834183372,4,"NY"
75093,3.413318181818182,"NM",59157,2364,"59157_20201231",0,5.91753824876826,22,25.98557266169392,-3.497277206327254,4,"NC"
78545,5.2363333333333335,"NM",59176,1880,"59176_20201231",0,5.713605282915291,15,28.90281183861323,-4.575324329342623,4,"NH"
91159,4.797842105263158,"NM",59178,2355,"59178_20201231",0,5.135753029601183,19,20.09984924293736,-2.0172436979812622,4,"GA"
31303,2.086866666666667,"NM",59181,1159,"59181_20201231",0,8.372093023255815,15,32.96882984159428,-7.6786988158082465,8,"FL"
65660,3.4557894736842103,"NM",59182,3146,"59182_20201231",0,9.360620949237974,19,34.68991032796137,-5.8470530770399005,4,"GA"
327815,8.859864864864864,"NM",59183,7164,"59183_20201231",0,4.175631212702056,37,14.963558666614233,-1.7511833200766713,4,"VA"
203684,5.990705882352941,"NM",59185,3131,"59185_20201231",0,5.305362780511391,34,52.58239233986991,-3.7054879262777667,4,"TX"
221103,6.7000909090909095,"NM",59188,3715,"59188_20201231",0,3.4687080622940734,33,26.451123960925425,-2.37072969193295,4,"NC"
515114,0.9451633027522937,"N",59190,27427,"59190_20201231",0.1964085297418631,24.426271479992167,545,14.940545964762716,-19.651500775614092,7,"UT"
82369,4.5760555555555555,"NM",59193,1637,"59193_20201231",0,5.758777462181366,18,38.2939444110709,-5.822300062615135,8,"DC"
26249,2.9165555555555556,"NC",59194,2171,"59194_20201231",0,19.687879313334488,9,63.28322918425941,57.02791746141842,7,"DE"
216939,13.5586875,"NM",59205,0,"59205_20201231",0,0.08158975564559623,16,59.636542584976624,-0.028579462429530883,7,"UT"
24204,1.7288571428571429,"NM",59209,517,"59209_20201231",0,5.47430176830276,14,81.63916491931808,-5.164435630474302,7,"GA"
38288,3.480727272727273,"NM",59219,629,"59219_20201231",0,2.622231508566653,11,87.6101321585903,-3.076681989134977,4,"GA"
19520,2.7885714285714287,"NC",59255,1711,"59255_20201231",0,53.85936720784618,7,90.02052476840295,24.081564803014352,7,"FL"
1413741,4.545790996784566,"NM",5956,23222,"5956_20201231",0.39236649829083564,3.608597525063565,311,10.036998296687337,0.9048013336556514,4,"NC"
1184813,9.956411764705884,"NM",5962,10992,"5962_20201231",0.7617992973881167,2.6525635753764822,119,9.106577481823308,2.6579709510861083,9,"OH"
1884051,5.133653950953678,"NM",5969,23930,"5969_20201231",0.7174627879120795,2.52797958264927,367,9.076141560014648,1.1043926423549415,4,"OH"
2274470,6.789462686567165,"SM",597,28240,"597_20201231",0.6463482171735215,2.7654821804294576,335,7.590078522574788,0.8990057174981463,4,"NY"
526974,4.085069767441861,"NM",5981,9007,"5981_20201231",1.5090408987512187,3.352833452439556,129,9.058511055574856,1.0761858185981346,4,"OH"
186414,4.438428571428572,"NM",5994,3419,"5994_20201231",0.5622907204481479,3.6509834806366617,42,10.314986116079794,0.32997403961146926,4,"OK"
23516,2.3516000000000004,"SM",5999,518,"5999_20201231",0.06101281269066504,3.1706959229251908,10,20.529561117156327,0.3912426845768873,2,"OK"
166802,3.706711111111111,"SM",6051,3032,"6051_20201231",0.07168185457734397,3.203482723003199,45,11.004042325526097,1.1346050875888172,6,"PA"
1421973,4.309009090909091,"N",6063,30724,"6063_20201231",0.4187194283177829,3.980631735839877,330,8.735819193309943,0.6942606307989324,4,"SD"
41462,5.18275,"NM",6064,854,"6064_20201231",0.1464523837052453,4.821756669369656,8,11.336234929211066,1.1162661794442792,2,"SD"
511180,2.095,"NM",6078,53503,"6078_20201231",0.12734835585446716,27.314810392967775,244,11.772603288966108,17.73138552740077,5,"SD"
31746,5.291,"NM",6084,520,"6084_20201231",1.2291052114060963,2.4753926428724977,6,12.214942673554239,1.3647230491626008,2,"SD"
2650083,7.143080862533693,"SM",6085,45662,"6085_20201231",0.28542867864858096,2.9090430849056967,371,11.245732564101218,1.2922732794755805,9,"SD"
221921,3.761372881355932,"NM",6088,3336,"6088_20201231",4.530671630613861,2.856984196588087,59,11.03904741373379,-0.10053061013463442,8,"TN"
492897,4.73939423076923,"NM",6091,7160,"6091_20201231",0.2283457893136165,2.4703865742065374,104,11.50228472166148,0.6203603031832157,8,"TN"
2375753,4.828766260162602,"NM",609,56612,"609_20201231",0.6277061342944743,4.051098021020784,492,8.214865109458662,1.4699325099076561,4,"NY"
27250,5.45,"NM",6100,301,"6100_20201231",0.398406374501992,2.62582056892779,5,10.078977059044753,0.023444826508283837,7,"TN"
188128,4.950736842105264,"SM",6101,3116,"6101_20201231",0.3624753208292201,3.3193890968952955,38,9.35516899950493,0.7070405428465315,4,"TN"
286332,5.72664,"NM",6103,3669,"6103_20201231",0.39744461057496266,2.3616463628586333,50,9.741760450160772,0.966947249331155,4,"TN"
109187,3.6395666666666666,"NM",6110,1371,"6110_20201231",0.20624631703005303,3.0032395401630274,30,8.452311374579054,0.7513148009015779,4,"TN"
1122574,5.756789743589744,"SM",6123,18009,"6123_20201231",0.5704473704104126,2.9480478041130542,195,9.055153824223103,1.137426256025591,4,"VA"
255942,4.062571428571428,"NM",6128,3906,"6128_20201231",0.5943727439054542,3.267906950843407,63,10.838163909703567,0.5580951226662779,4,"VA"
597794,4.981616666666667,"NM",6137,6423,"6137_20201231",0.4133693728900034,2.501362441147602,120,9.256212016114198,0.8367990655894346,4,"VA"
532662,4.9781495327102805,"SM",6139,8203,"6139_20201231",0.659175988695118,3.034471210200225,107,9.634028297677656,0.5133204156001563,4,"VA"
14897,7.4485,"NM",6149,178,"6149_20201231",0,2.8842687177021995,2,38.13038130381304,-0.5150479853039642,2,"WA"
53295,8.8825,"NM",6156,381,"6156_20201231",0,1.619359302508203,6,8.26112401125144,0.2843959980813882,7,"WA"
2435832,5.4737797752808985,"NM",6158,44352,"6158_20201231",0.33544135312948103,3.0531474831179892,445,9.640107082504564,0.7617755916373766,4,"WA"
1500103,5.61836329588015,"NM",6161,26861,"6161_20201231",0.03160153522296922,3.033268727747041,267,9.259347348755123,1.4578287494214288,4,"WA"
515132,4.365525423728814,"NM",6176,7594,"6176_20201231",0.2057679237508094,2.965715505124226,118,8.278864515618352,1.019562199741844,4,"WV"
172841,4.548447368421053,"SM",6180,2295,"6180_20201231",0.29127106605210173,2.8510107850575657,38,13.076042919356908,1.0535011907811598,8,"WV"
266386,6.054227272727274,"NM",6186,3391,"6186_20201231",0.44071191925417985,2.335192973764756,44,11.067732540125178,1.088099644042708,2,"WI"
267744,6.530341463414635,"SM",618,3261,"618_20201231",0.7652482619200237,2.312685918700012,41,9.266370883116405,0.5529991183727317,7,"NY"
268933,6.112113636363636,"NM",6194,3965,"6194_20201231",0.031271765859760346,2.536767245451882,44,7.91454301590343,0.9492035186033568,4,"WI"
284196,5.6839200000000005,"NM",6195,3573,"6195_20201231",0.15641654735700183,2.251523187030517,50,8.060389122233486,1.9086028657496508,4,"WI"
39194,5.599142857142858,"NM",6198,642,"6198_20201231",0.012251899044351875,2.6411171363546964,7,10.848084544253634,1.5059987075384227,8,"WI"
5976909,17.224521613832856,"NM",622,69323,"622_20201231",1.7807598057072427,2.219183882140693,347,7.96929851775613,0.7655741836212475,4,"NY"
45312000,95.7970401691332,"SM",623,148000,"623_20201231",0.5161396034737015,2.416924024317404,473,21.008403361344538,0.3426290762442297,9,"NY"
917661,6.747507352941177,"N",6271,10682,"6271_20201231",0.7287975264369114,2.4442892669719396,136,8.7390714800379,1.3978176276347594,4,"VT"
485242,5.391577777777778,"N",6275,7303,"6275_20201231",0.2499364260544193,2.8638627243880017,90,8.239079726804384,0.9111253561578523,8,"VT"
83925,5.2453125,"N",6280,1295,"6280_20201231",2.859108374301582,2.786156572293234,16,8.42088136853849,0.8013777724684426,6,"VT"
3025285000,15.284157505456308,"N",628,28982000,"628_20201231",1.2545263266886972,2.2545205335173675,197936,7.8860109383443,0.7649025803896901,1,"OH"
634155,6.40560606060606,"N",6354,11341,"6354_20201231",0.3880452317627717,3.342058521080676,99,7.883607173440282,0.4639838547366221,4,"NJ"
463097309,9.136231632733587,"N",6384,5440428,"6384_20201231",1.3947372118713952,2.271102438515088,50688,7.853355347184973,0.6428324535471741,4,"DE"
386515000,9.906322884896328,"SM",639,3907000,"639_20201231",0.2771705184259838,2.1725885606014956,39017,6.449667441255577,0.6583601698792412,1,"NY"
2687604,10.498453125000001,"SM",6423,21605,"6423_20201231",0.6095088328975629,1.7322369626120704,256,13.831118281553909,1.8069277838376498,4,"NJ"
165146,5.004424242424243,"N",6442,2518,"6442_20201231",0.28690135906236386,2.7535563835644505,33,10.013166272090594,0.5473821687857718,4,"NJ"
330417,4.8590735294117655,"N",6464,5388,"6464_20201231",0.5762966675018792,3.0273814114924797,68,8.462736186508439,0.4952436045764237,4,"NJ"
398452,5.3844864864864865,"N",6516,6242,"6516_20201231",0.26681717892144285,2.8228494167918865,74,12.419557379244479,1.1538327887530393,4,"OH"
285862,5.497346153846154,"N",6528,3951,"6528_20201231",1.452750499334221,2.642710551908675,52,9.314281500314292,1.1858170351608628,4,"OH"
68801,3.822277777777778,"N",6530,962,"6530_20201231",0.9963254334262251,2.8978112893961803,18,10.863287428712397,0.8753009324322674,5,"OH"
953506,6.232065359477124,"N",6531,13819,"6531_20201231",0.14560552245872863,2.7857496246168325,153,10.26115821090941,2.144289851161439,4,"OH"
3055881,7.508307125307125,"N",6540,35881,"6540_20201231",0.6643352110146634,2.2989437138734985,407,9.095650568696609,1.4622424894461143,4,"OH"
4753844,5.317498881431767,"SM",6544,72811,"6544_20201231",0.8203723501503551,2.8052706495856112,894,8.517919133867096,0.8182838853908813,4,"OH"
544774160,8.139461526968475,"N",6548,7650973,"6548_20201231",1.1529753435296475,2.521088971248054,66930,8.421827667039706,0.9428356368119203,9,"OH"
122837617,8.410079214021636,"N",6560,1545530,"6560_20201231",0.8533579479567519,2.1671389319590326,14606,8.935959371702555,0.8394753563439349,4,"OH"
275699,4.241523076923077,"N",6574,4116,"6574_20201231",0.2579979360165119,2.9451694146455965,65,9.489755757049183,0.7933877219582444,8,"OH"
56778,4.367538461538461,"N",6584,726,"6584_20201231",0,2.8294704168435847,13,9.097350148788436,0.15556596729088273,2,"OH"
76254,4.765875,"N",6592,898,"6592_20201231",0.3763346753019429,2.8316708157406825,16,8.534885627613347,0.8548440198462437,8,"OH"
4875673,8.769196043165467,"SM",659,50574,"659_20201231",0.2644020199792023,2.0597152074950587,556,8.970289228041182,0.9106999918753238,4,"NY"
15898051,7.661711325301204,"SM",6600,228775,"6600_20201231",0.8139248223182429,2.437857398204214,2075,10.138003208967913,1.1357608699436779,4,"OH"
1082752,6.222712643678161,"N",6605,14870,"6605_20201231",0.6110355592318945,2.4789772145823847,174,8.171476032632551,1.2233149718461116,4,"OH"
1495891,5.936075396825397,"SM",660,27115,"660_20201231",0.2535152999129293,3.1456107491809058,252,8.719853873641412,0.6077055366257709,4,"NY"
421847,5.858986111111111,"N",6616,5211,"6616_20201231",0.07816862088218872,2.396070354305325,72,8.018455780644762,0.718745844946577,2,"OH"
1742641,5.2647764350453174,"N",6623,27041,"6623_20201231",0.2860504794058277,2.7358276204801064,331,10.060133365442706,1.1755006462389648,4,"OH"
1182019,5.0513632478632475,"N",6636,15572,"6636_20201231",0.5514163282339409,2.7891301083899203,234,10.033541991582455,0.9162754447076695,9,"OH"
193808,3.7270769230769227,"N",6637,2327,"6637_20201231",0.2014782370654257,2.603994639840705,52,6.256071166856968,0.4264299262978097,8,"OH"
103216,3.8228148148148153,"N",6638,1637,"6638_20201231",1.537372462719872,2.9240405429849865,27,11.161766410385194,0.5247768207668501,8,"OH"
259629,2.8847666666666667,"N",6646,7651,"6646_20201231",1.7854736125997188,5.977300940182264,90,8.188999711462728,2.5359013589224486,4,"OH"
9249291,5.321801495972383,"N",6653,158868,"6653_20201231",1.6475870968462356,2.9649688758638315,1738,8.59317551909384,1.3640898608996568,4,"OH"
168814,3.925906976744186,"NM",6659,2652,"6659_20201231",1.1717235789547873,3.088308187985997,43,8.091149882313898,0.5505385338248809,8,"OH"
240557,3.6448030303030308,"NM",6662,4788,"6662_20201231",2.863368865200977,3.8541784762120708,66,8.72886093057792,1.3298310031195486,4,"OH"
221473,4.614020833333334,"N",6671,3856,"6671_20201231",0.22919493521376294,3.24632129238511,48,8.069934895715104,1.0755854334721795,4,"OH"
203174120,10.237535019651315,"N",6672,2600705,"6672_20201231",1.1676998697385932,2.4540525687053045,19846,8.846554710733901,0.816458864237392,4,"OH"
74309,3.3776818181818182,"N",6680,1224,"6680_20201231",5.669066034783386,3.5908255631933574,22,12.023699802501646,0.9868644932961274,8,"OH"
241112,4.465037037037037,"NM",6700,3137,"6700_20201231",0.570912680886441,2.461695193360951,54,9.13375951652477,1.111616983488025,4,"OH"
174836,5.639870967741936,"N",6706,2072,"6706_20201231",0.2759463035635525,2.4593943741353694,31,9.49533507859441,0.6111887804770932,8,"OH"
176369,5.187323529411764,"N",6725,2509,"6725_20201231",1.66760815327402,2.976829364429648,34,8.261612041234306,0.7295020829922321,4,"OH"
99556,5.8562352941176465,"N",6728,972,"6728_20201231",3.0698234349919744,1.8571311683669736,17,9.68893891333265,0.7342396851166817,8,"OH"
145102,5.182214285714286,"N",6732,1170,"6732_20201231",0.32545392257622474,1.8384252829136174,28,6.954273848370556,0.5783571259685889,7,"OH"
321914,3.974246913580247,"NM",6760,5204,"6760_20201231",0.6031301791800869,3.0190137406526563,81,10.917781905149603,1.4204610797607133,6,"WV"
106225,3.4266129032258066,"N",6762,1518,"6762_20201231",1.5925333164308237,2.9538094917794924,31,11.236036822763163,1.011828690580288,8,"WV"
172228,4.200682926829269,"N",6786,2667,"6786_20201231",0.34398891483609656,2.8862868164494535,41,12.830846896617414,0.8240267398243662,4,"WV"
78880,5.258666666666667,"N",6787,1047,"6787_20201231",1.4642487296197289,2.7082648913843244,15,11.0109122993681,0.472419138948243,8,"WV"
238348,4.413851851851852,"NM",6794,2884,"6794_20201231",0.1304631441617743,2.393799257705055,54,9.22190939339647,0.42149659212692236,4,"WV"
158590,4.173421052631579,"NM",6800,2239,"6800_20201231",0.5546460771617758,2.713339362976362,38,10.072782763233088,0.48567359389453607,8,"WV"
321845,4.733014705882353,"NM",6803,4726,"6803_20201231",5.0865114794504755,3.17178670971869,68,11.373448962676134,0.7615334237019663,4,"WV"
96298,2.9181212121212123,"N",6805,1667,"6805_20201231",2.072795931586709,3.652436795976048,33,9.048738442250432,0.5060214388741239,4,"WV"
859792,4.597818181818182,"N",6811,10448,"6811_20201231",0.16857242226149663,3.4632657963373203,187,8.914805852161956,0.7476765400282568,4,"VA"
274364,4.0347647058823535,"SM",6813,3555,"6813_20201231",1.038321300074856,2.598549120478973,68,13.4569792938156,1.0424069380593306,8,"VA"
1506348,6.635894273127753,"N",6821,14153,"6821_20201231",0.4809884820019099,1.7816087029785825,227,12.104789132170222,1.1901191832817815,4,"VA"
3033781,8.870704678362573,"N",6837,29325,"6837_20201231",0.13276556683657967,1.9410918567854676,342,8.849180757194764,1.1778624003509885,4,"VA"
855085,3.800377777777778,"N",6861,14592,"6861_20201231",0.723239897906173,3.2201386325311816,225,9.502953782832801,0.7615914057606202,4,"VA"
1209220,5.4964545454545455,"SM",6862,18898,"6862_20201231",0.3343478550640926,3.7766129458192528,220,9.040909195317226,1.1301670371499442,4,"VA"
383959,4.266211111111111,"N",6863,5997,"6863_20201231",0.8084930516092369,2.880520431018758,90,10.692601035386353,0.6551272130724078,4,"VA"
851174,4.977625730994152,"NM",686,9891,"686_20201231",0.5861834599111336,2.163597016392193,171,10.995534711166568,1.2066503406599798,8,"PA"
1218766,4.480757352941176,"N",6892,21652,"6892_20201231",0.23016014820526806,3.2346973038402864,272,8.561936105617733,0.4811239802347947,4,"VA"
261157,4.426389830508474,"SM",6913,3568,"6913_20201231",0.5405514431513343,3.225194304402152,59,11.143883797417981,1.0416572536887234,4,"VA"
950341,6.335606666666667,"SM",6917,13322,"6917_20201231",1.1133698003202366,2.64045657449968,150,8.80226844446679,1.1214268290352425,4,"VA"
866359,6.1882785714285715,"SM",6923,12025,"6923_20201231",0.2963747966373047,3.001039512534973,140,8.537129382341956,0.8136899980597107,4,"VA"
2028161,6.7157649006622515,"N",6947,27005,"6947_20201231",1.6600011571655113,2.6830148633533266,302,8.964139205420388,0.7366522298116829,4,"NY"
196742,7.86968,"N",6954,2205,"6954_20201231",0.6294181147055751,2.5682055472331924,25,10.60364235960638,0.7734123201234736,8,"NY"
687274,5.82435593220339,"N",6959,10992,"6959_20201231",0.39118232702528966,2.806059977560266,118,8.335698604586502,0.7780815277010766,4,"NY"
6433919,12.81657171314741,"SM",6976,67159,"6976_20201231",0.47658288224045997,1.9534520973868468,502,8.076109088838578,0.7860505834757509,4,"NY"
3631802,6.639491773308958,"N",6985,56254,"6985_20201231",0.8938049438825588,2.8964572685761274,547,8.836176981716628,1.2188708904283518,4,"NY"
13738328,5.991420846053205,"N",6989,163017,"6989_20201231",1.0360156690444164,2.234018700944361,2293,7.978123964460016,1.077007671764876,9,"NY"
1853047,7.099796934865901,"NM",698,17121,"698_20201231",0.8544888481303229,2.1795352231595837,261,8.719918848809899,1.1044672357350123,4,"PA"
180182,5.812322580645162,"N",6990,2036,"6990_20201231",2.7285956827552753,2.0885278017322184,31,20.094563976859376,0.6696177496156874,4,"NY"
413444,5.23346835443038,"N",7018,5262,"7018_20201231",0.2369593626501661,2.563909473002155,79,8.212300900175041,0.6777497624354349,4,"NY"
341680,6.570769230769231,"N",7025,3831,"7025_20201231",0.5971627342724865,2.088849643331416,52,9.817337397109743,0.6926480842967986,8,"NY"
193516,5.691647058823529,"N",7031,2235,"7031_20201231",3.510663387352178,1.8073467698733883,34,9.830508474576272,0.9484857517159295,7,"NY"
4067656,11.621874285714286,"N",7072,36047,"7072_20201231",0.03698753961655591,1.4960352871290952,350,9.979095015195806,1.043714940785958,4,"NY"
2869840,6.252374727668846,"N",7074,38089,"7074_20201231",0.2524485851248674,2.225187569845585,459,8.67273689373906,1.1474310154386211,9,"NY"
201963,5.178538461538461,"N",7085,3002,"7085_20201231",1.9499883059172058,2.5665347352462877,39,13.786193317541704,1.086554633099853,8,"NY"
83377,3.088037037037037,"NM",70,1715,"70_20201231",1.573640993659703,3.5259820072921078,27,12.724397181535993,0.635219021452844,4,"AL"
604899,4.800785714285714,"NM",7123,9486,"7123_20201231",5.878498987157288,2.652640428057779,126,10.326615314036625,0.849540758075785,4,"NY"
2749743,6.739566176470588,"SM",713,43050,"713_20201231",0.5455392724000514,2.6943485439606873,408,8.679833295360735,1.1750354434976436,4,"PA"
1423001,6.2964646017699115,"N",7151,21601,"7151_20201231",0.33725737866972116,2.8271094444801,226,8.408475109598072,0.8198174244438536,4,"NY"
1462936,13.06192857142857,"NM",7153,13184,"7153_20201231",0.5498609297632008,2.252681980276197,112,8.194670973167394,0.8633390802211841,4,"NY"
1646864000,9.795531869334539,"N",7213,15505000,"7213_20201231",1.07478031607381,1.9734536657215727,168124,8.695433101094412,0.5514401595603471,1,"SD"
10841317,7.217920772303596,"N",7230,129449,"7230_20201231",0.6372796601175146,2.3554156116431813,1502,9.948600481528356,0.9764479637267846,4,"NY"
132384,,"NM",7274,0,"7274_20201231",0,0.042229600031940935,0,11.205908932421567,0.9183018479672974,7,"NY"
404602,5.6986197183098595,"SM",72,5246,"72_20201231",0.03633096335651223,2.5873794700683557,71,10.027912875875087,1.6150848656141268,4,"AL"
1236230,5.238262711864407,"NM",734,20897,"734_20201231",0.5349423958055123,3.2184356993090684,236,8.959700670117957,0.9476809877420094,4,"KY"
390451,5.577871428571429,"N",7356,6087,"7356_20201231",0.9845715504742069,2.676530407408387,70,9.167029608501148,0.9401572409743609,4,"NY"
179273,4.074386363636363,"SM",737,2730,"737_20201231",0,2.976186740341201,44,7.379615136727742,0.9998029264790242,4,"OH"
1176623,6.033964102564103,"NM",7404,13593,"7404_20201231",0.9822233940689139,2.253080198893107,195,10.811161514177641,1.1263089574014455,4,"PA"
70714,5.892833333333333,"NM",741,1460,"741_20201231",0,3.0630445808330338,12,12.451490025919721,0.920338046147972,4,"OH"
1117496,8.465878787878788,"NM",7461,13593,"7461_20201231",1.265961630000621,2.2944962071113983,132,9.35508040209562,1.0148360629826512,4,"PA"
9055507,6.477472818311874,"NM",7468,123093,"7468_20201231",0.6928582193409834,2.3719201058803137,1398,9.014097434411788,0.895334640238232,4,"PA"
1451413,7.149817733990147,"NM",7472,15246,"7472_20201231",0.6196793876057479,2.120913206219564,203,9.573341065086117,1.08921789330786,4,"PA"
1461307,5.473059925093633,"N",7493,22062,"7493_20201231",0.2538725240471007,2.7856577420817903,267,9.828446655618974,0.9816534923486436,9,"PA"
2541188,7.098290502793296,"NM",7506,35235,"7506_20201231",0.47888851286194106,2.434346225582101,358,9.013025968483023,0.8361650127853613,4,"PA"
2883391,7.835301630434783,"NM",7514,31197,"7514_20201231",0.37579991729464446,2.0868472490175582,368,10.084925234620439,1.1313158077103285,4,"PA"
811587,5.202480769230769,"N",7526,12403,"7526_20201231",0.8827204712582588,2.7655122371774987,156,13.561940259617794,1.2464243382999658,4,"PA"
1268754,5.4452961373390565,"SM",7542,20647,"7542_20201231",0.2555335796677041,2.8984283706465956,233,9.031723163073913,0.4784591764124912,4,"PA"
25756621,7.929994150246305,"N",7551,316366,"7551_20201231",0.7742590277375414,2.312344066932827,3248,10.105940113343994,0.8820116376663795,4,"PA"
528223,7.235931506849314,"NM",7586,5181,"7586_20201231",0.6329166608859724,2.055233257153711,73,7.860441292048062,0.8371675729414831,4,"PA"
174003,6.960120000000001,"N",7590,2539,"7590_20201231",1.1725593092333206,2.254886779192624,25,14.09272926221684,0.871937201462758,4,"PA"
1889015,6.403440677966102,"SM",7593,25315,"7593_20201231",0.792790584828311,2.254163872990218,295,8.748092759873902,1.435098640830155,2,"PA"
1357283,6.653348039215687,"NM",7598,20207,"7598_20201231",0.13790063983448425,4.99970118124492,204,9.76327039453236,-1.632077729949022,4,"PA"
222075,5.2875000000000005,"SM",7599,3267,"7599_20201231",0.40006891139143586,2.533975673446816,42,9.51864164628953,1.070244590044115,8,"PA"
606829,5.567238532110093,"NM",7613,7352,"7613_20201231",1.3283431786800661,2.409199279571138,109,9.059428841475388,0.7239774297166119,4,"PA"
792722,5.467048275862068,"NM",7614,10175,"7614_20201231",0.1268155803350676,2.601441673061016,145,8.511436475271573,0.775346036079091,4,"PA"
156648,6.2659199999999995,"NM",7631,1733,"7631_20201231",0.2532090733251275,2.2822781692784027,25,9.428151828633167,0.35821099944819706,5,"PA"
637677,6.856741935483871,"SM",763,7629,"763_20201231",0.13209687103876175,2.26524624226333,93,7.9715875641052385,1.309476164409809,4,"OH"
406818,9.0404,"N",7646,3497,"7646_20201231",0.362338224494064,1.5751037769692,45,18.05199935988478,0.9314303284989495,8,"PA"
1146698,8.753419847328246,"N",7658,11998,"7658_20201231",0.7188512152594185,1.9215188508532057,131,9.01976502107095,0.9152996970165455,9,"PA"
540244,9.477964912280703,"SM",7659,5151,"7659_20201231",0.7954326606322917,1.8479761667827646,57,11.054107498695034,1.1807378221713605,4,"PA"
611517,5.823971428571429,"N",7666,8813,"7666_20201231",0.391119730029334,2.7151190901858264,105,9.821970951490954,0.7849197447112818,8,"PA"
831388,5.733710344827586,"SM",7675,11254,"7675_20201231",0.551929563274782,2.592035900169239,145,13.031406998266593,0.7986093481178971,4,"PA"
371405,4.585246913580248,"NM",769,5306,"769_20201231",0.5940297448470777,2.8821813508756446,81,9.682804224969106,0.8238417729097438,4,"OH"
1427208,7.100537313432836,"NM",7714,16429,"7714_20201231",1.0402817825508919,2.1593236772252324,201,8.227302962596578,0.8841769563609434,4,"PA"
1965902,13.557944827586207,"NM",7748,15214,"7748_20201231",0.3920256038482785,2.143538286204752,145,8.418505456529086,0.8443283588968415,4,"PA"
6318888,7.772309963099631,"SM",7759,78086,"7759_20201231",0.6191007283097675,2.602125553605625,813,9.209445588534292,0.8984896613870739,4,"PA"
162913,9.583117647058824,"N",7789,1404,"7789_20201231",2.186226492690769,1.654202708756936,17,16.388645189788768,1.520819851453618,2,"PA"
2222478,5.757715025906736,"NM",7799,32779,"7799_20201231",1.4218147756649693,3.325573696319131,386,10.119573540672674,1.069597088029004,4,"PA"
195530,8.887727272727274,"NM",77,2598,"77_20201231",0.014297969688304261,1.9086681101852891,22,18.73337124520178,1.1266443705954832,4,"AL"
1414416,4.9455104895104895,"NM",7848,19809,"7848_20201231",1.0429259356039178,4.15935455434015,286,7.814926473700029,-0.7644104635012089,4,"PA"
1027003,6.41876875,"N",7875,10252,"7875_20201231",0.5063006717342002,2.173627992918936,160,7.584138620459847,0.7547234451442897,4,"PA"
309263,4.757892307692308,"N",7886,4153,"7886_20201231",0.6063822175582532,2.620921370261596,65,8.380483563609502,0.566619570711396,8,"PA"
37335270,9.425718252966425,"N",7888,390293,"7888_20201231",0.717584588444834,1.9446246854357128,3961,8.186956548914077,0.8473399237378684,4,"PA"
1649262,5.869259786476868,"N",7900,19601,"7900_20201231",0.4152623183502002,2.2402021116266346,281,8.811012774183311,0.868961057087281,4,"PA"
355298,4.33290243902439,"NM",7909,5203,"7909_20201231",1.293509957816896,2.6278601514115314,82,7.2210600513881635,0.561855417861691,4,"PA"
464280,6.36,"NM",7910,6836,"7910_20201231",0.3783187175492329,2.724257612439469,73,8.289495771755458,0.4639993506289186,8,"PA"
33413000,21.418589743589745,"N",7946,331000,"7946_20201231",0.09051958240299318,2.1772375003239937,1560,7.504215851602024,1.03353982530261,9,"PA"
1301976,7.0377081081081085,"NM",8011,15980,"8011_20201231",0.16656196769634077,2.0344780041284727,185,15.318579216343784,1.1909119374889854,4,"CA"
860806,8.522831683168317,"SM",8018,14666,"8018_20201231",0.07927317187119477,2.8455100008586123,101,13.779245560298591,0.2240287072556681,4,"FL"
849470,5.376392405063291,"NM",8021,12799,"8021_20201231",1.222026957643356,2.1505217736514792,158,10.47862629560746,1.7349644678157985,4,"FL"
150732,5.197655172413793,"NM",8028,2336,"8028_20201231",0.6203136533754646,2.9131623566929044,29,10.73555307623029,1.2316550074671277,4,"GA"
572362,6.289692307692308,"SM",8033,7721,"8033_20201231",1.3760239308509714,3.09442277462876,91,8.77242748741224,0.6776049349333796,4,"GA"
206943,4.927214285714286,"NM",8035,4060,"8035_20201231",0.2062848553077679,3.0881072215030803,42,9.0583124212698,1.2669019304451932,2,"IN"
16374456,6.361482517482518,"NM",803,192662,"803_20201231",0.41871876691711213,2.112146189543434,2574,9.997580971733674,0.7983688099093538,4,"WV"
9410173,25.228345844504023,"NM",8056,54077,"8056_20201231",0.06339337821733977,1.0636016690500851,373,8.70295772294324,2.1926189381942693,4,"IN"
483424,6.119291139240507,"NM",8063,6122,"8063_20201231",0.0398080768175252,2.2758444735565964,79,8.234290891648458,1.1336247765320673,2,"IN"
85800,9.533333333333333,"NM",8067,811,"8067_20201231",3.1619757313327628,2.1017424414874903,9,11.30060211974319,1.3748629017238168,2,"IN"
296732,7.608512820512821,"SM",8074,3013,"8074_20201231",0.532216759105151,1.9618845890752488,39,9.674074834471078,1.5664877665768184,5,"IN"
206877,9.403500000000001,"NM",8083,2373,"8083_20201231",0.26880490483162517,2.075539989453142,22,10.508128678609104,0.7845702262848747,8,"IA"
228052,6.910666666666667,"NM",8094,2750,"8094_20201231",0.0478888548106776,1.9288319358769759,33,8.074371358347227,1.8020563094343003,2,"IA"
528558,6.445829268292683,"SM",8101,6452,"8101_20201231",1.5385701339332474,2.0408867447052614,82,11.278319195258483,1.235902981615943,2,"IA"
60174,3.1670526315789473,"SM",8108,1435,"8108_20201231",0.17508365107773713,4.449218568691029,19,10.385688494994255,1.3659299927725066,4,"KS"
49816,4.9816,"NM",8110,722,"8110_20201231",0,2.2864578871578978,10,8.494186702788125,0.3120678472213723,7,"KS"
253774,4.375413793103449,"SM",8117,3172,"8117_20201231",6.773570008984237,3.2134844593651275,58,5.626719570240107,0.03936701093185367,4,"KY"
225035,6.618676470588235,"NM",8118,2574,"8118_20201231",0.10314908075966264,2.1127809895630776,34,11.462897526501767,0.996179282282347,4,"KY"
519757,1.4123831521739132,"NM",8120,63224,"8120_20201231",0.06669414579970002,23.947794102495415,368,12.131743302939961,11.979434977024047,8,"KY"
61199,5.099916666666666,"NM",8121,562,"8121_20201231",0.20273888761380157,2.057454369415669,12,17.968604473947135,1.138352843777297,8,"KY"
227297,4.371096153846154,"NM",8122,3342,"8122_20201231",1.2531415805640882,3.171848349741165,52,18.503004012873696,0.6096831143960022,8,"KY"
152468,4.620242424242424,"NM",8126,1565,"8126_20201231",0.30570652173913043,2.4755691598738103,33,15.710025355702406,0.3174837071916088,7,"KY"
325659,3.923602409638554,"NM",8128,5707,"8128_20201231",0.11052027122697167,3.4674523237483954,83,11.372674323700105,0.7758493585684102,4,"KY"
2943369,7.3584225000000005,"SM",8136,33927,"8136_20201231",0.11028234427671899,2.064655563215292,400,7.595503157453757,1.5488766088013572,4,"KY"
138743,3.853972222222222,"NM",8140,2151,"8140_20201231",0.4608681079269315,2.8984884919271727,36,8.749253885323096,1.13235874142779,8,"LA"
1161643,3.2722338028169013,"NM",8141,20288,"8141_20201231",0.20835253472309503,3.432917316986808,355,9.713178246727196,1.0368041920148543,4,"LA"
79747,7.249727272727273,"SM",8144,741,"8144_20201231",1.4827418570734079,1.8555949075798162,11,19.56407299709215,0.7229757321573955,2,"LA"
1111169,5.027914027149322,"NM",8149,17585,"8149_20201231",0.8668681520806134,2.7556373325115353,221,13.51050289415991,1.0280684864053584,4,"LA"
3949004,10.615602150537635,"NM",8152,59811,"8152_20201231",0.28355761342067237,2.77970468874751,372,8.831795900092,0.9158605480615936,4,"MA"
305258,3.1469896907216492,"NM",8162,7117,"8162_20201231",0.565888892435511,4.146483268530574,97,8.556535896223938,0.7827696870484558,4,"MI"
295566,4.222371428571429,"NM",8165,4614,"8165_20201231",0.23550573077888398,3.2215809351561258,70,8.74372821763384,1.219775283555272,4,"MI"
343267,5.2010151515151515,"NM",8172,4540,"8172_20201231",0.5578637785350824,2.5962740751514906,66,8.071838004435868,0.9067295249236693,4,"MI"
63645,3.9778125,"SM",8183,853,"8183_20201231",1.2959501557632398,2.666550681191617,16,16.369658518380295,0.3161719440057814,7,"MI"
291639,6.0758125000000005,"NM",8188,4039,"8188_20201231",0.01926343624678213,2.3587772830833087,48,8.587703568404983,1.1498905172648053,4,"MN"
66407,7.378555555555555,"NM",8190,1157,"8190_20201231",0.022921760391198046,2.62205038992579,9,9.827578165083413,0.9830722817658181,2,"MN"
91831,7.063923076923077,"NM",8191,809,"8191_20201231",0,1.9217068506505681,13,8.032814519301006,0.22263676928268775,7,"MN"
140816,9.387733333333333,"NM",8193,1724,"8193_20201231",0.050383351588170866,2.1673014717102568,15,11.535839116923011,1.1210440515921998,4,"MN"
21642,1.8034999999999999,"NM",8197,722,"8197_20201231",1.7986855759252856,6.162952646239554,12,16.973657131096935,0.8298514391829156,4,"MN"
134131,4.326806451612903,"SM",81,1871,"81_20201231",0.7553314629887583,2.4834895218417947,31,16.792711115100648,0.4681043388429752,7,"AR"
534641,5.455520408163265,"NM",8200,8257,"8200_20201231",0.09601367796183058,2.5430986380199614,98,8.368472022820365,0.9894208390547493,2,"MN"
139440,5.164444444444444,"NM",8205,2541,"8205_20201231",1.6508464933997744,2.8815215757029016,27,7.395936922858361,0.743497218463389,2,"MN"
65268,5.439,"NM",8207,918,"8207_20201231",0.45971449310428264,2.4516395986345296,12,8.027598291534334,1.5964966725285337,2,"MN"
135059,5.627458333333333,"NM",8210,2561,"8210_20201231",0.15193873830071714,3.0569603534043495,24,9.631237737144051,0.7248544721372625,2,"MN"
170432,7.746909090909091,"NM",8214,2043,"8214_20201231",0,1.9280094909233103,22,9.313922911089527,1.051159523067848,7,"MN"
26683,5.3366,"NM",8218,427,"8218_20201231",0,4.015903297689854,5,14.567771480049549,-0.012023662567933694,4,"MN"
261679,3.964833333333334,"SM",8231,4150,"8231_20201231",0.8308938762234246,3.2808907383859736,66,9.569269855124418,0.8123722002318035,4,"MS"
360138,4.187651162790698,"NM",8232,4674,"8232_20201231",1.2723440459343562,3.0387162054213337,86,9.894467394595953,1.349475440683081,4,"MS"
369953,6.49040350877193,"NM",8234,4306,"8234_20201231",1.0334818644625101,1.9564699452020238,57,10.136589067454404,1.2916065196978403,4,"MS"
1240380,5.587297297297297,"NM",8235,16023,"8235_20201231",1.5851000594412523,2.4298126948993684,222,9.089502246752215,0.9770181791776541,4,"MS"
492862,5.600704545454546,"SM",823,5937,"823_20201231",0.06770538364254965,2.2939203115893614,88,12.261130091984231,1.21647962302236,8,"VA"
158573,5.115258064516129,"NM",8243,2489,"8243_20201231",2.356383237022289,3.0789192130313885,31,10.070315158083092,0.6376266424608334,2,"MS"
182726,4.350619047619047,"NM",8250,2994,"8250_20201231",0.3874220819021846,3.0037966625744557,42,16.5252598901888,0.7564907015868686,8,"MS"
159793,5.154612903225806,"SM",8251,2287,"8251_20201231",0.4783970480971382,2.343279902663758,31,11.034792453307528,1.8979506903928176,2,"MO"
634439,6.408474747474747,"SM",8252,8088,"8252_20201231",0.6856565628610767,2.3440514724030495,99,9.016582871530824,1.1265009829560144,2,"MO"
1144083,6.356016666666667,"SM",8255,13867,"8255_20201231",0.004214973886320876,2.464980935685138,180,7.499136248859804,1.0827042668139855,4,"MO"
113606,3.4426060606060607,"NM",8259,1798,"8259_20201231",0.22867128966889144,2.6119259714329597,33,8.460677301987126,0.486676393795116,2,"MO"
75357,8.373,"NM",8268,502,"8268_20201231",0.10377750103777503,1.5583252938020078,9,14.559631684696553,0.695060345139165,7,"MO"
32975982,11.697758779709117,"N",8273,377991,"8273_20201231",0.5573119702975534,2.4574763842578786,2819,8.283998831067171,1.0032233756958904,4,"MO"
195826,4.257086956521739,"SM",8274,2573,"8274_20201231",0.665123015470337,2.533058608567192,46,8.137416321284975,0.6236844589828889,2,"MO"
93283,4.442047619047619,"NM",8276,1290,"8276_20201231",2.049172260388575,2.6723343464893765,21,12.419515045281916,0.8441579524424387,2,"MO"
204722,6.3975625,"NM",8282,2462,"8282_20201231",0.7209209183343884,2.3340831226716334,32,9.206816413702201,1.7067755455029272,8,"MO"
537218,5.903494505494505,"NM",8283,9540,"8283_20201231",1.0917674176353904,19.872124227254382,91,7.249610647033839,1.008271780868637,4,"MO"
244173,4.209879310344828,"NM",8295,3415,"8295_20201231",0.39227847963525175,2.6500059690622217,58,8.729297901631137,0.8738878864108931,2,"MO"
207653,3.9179811320754716,"SM",8296,3321,"8296_20201231",0.12170109716319068,2.9444503366630665,53,8.863939351732098,1.5898693197439324,2,"MO"
156800,7.840000000000001,"NM",8317,1438,"8317_20201231",2.0036399735274655,1.6927836157619613,20,10.522058282803297,1.1146145638996015,2,"MT"
407475,4.477747252747253,"NM",8321,5131,"8321_20201231",0.16083634901487737,2.2727447329941075,91,9.82611585446604,1.0658212483066452,2,"CO"
285560,6.964878048780488,"NM",8322,3309,"8322_20201231",0.09301102039665912,2.190162069014308,41,9.209056793492898,1.3084375230391498,2,"NE"
36538,6.089666666666667,"NM",8323,556,"8323_20201231",0.8090796718732443,2.6729444076608058,6,9.25669692273633,0.2758772897815052,2,"NE"
62719,5.701727272727273,"NM",8333,1192,"8333_20201231",0.07716876379927547,3.1054942039920435,11,9.035599116773362,0.3155223266341999,2,"NE"
91660,5.391764705882353,"NM",8383,1340,"8383_20201231",0.0031965221838639564,2.3323839222709477,17,9.645690804572578,0.936214015729327,2,"ND"
320359,6.160749999999999,"NM",8386,4018,"8386_20201231",0.2682723262191487,2.1940068462342714,52,12.127215087236202,1.8001851162040652,2,"ND"
446727,5.019404494382023,"NM",8387,9054,"8387_20201231",1.1686649394334758,3.0136519498221626,89,9.644411508962556,1.7267858875423887,2,"ND"
92507,6.607642857142857,"NM",8390,1068,"8390_20201231",0.3343348318160255,2.4565900698831213,14,9.43884175900277,1.1455479733425353,2,"ND"
54182,3.386375,"NM",8397,729,"8397_20201231",0,3.4067886544893233,16,12.77699022606879,0.7778331618214561,8,"OH"
87421,9.713444444444445,"SM",8403,919,"8403_20201231",0.21502258945181318,1.8848230353929214,9,19.819142635870804,1.101379724055189,2,"OH"
1534167,5.6821,"NM",8405,24701,"8405_20201231",0.8577736348918217,2.9164995320229976,270,8.537982122754647,1.02430680549413,4,"PA"
498404,5.600044943820225,"NM",8421,7171,"8421_20201231",0.15561747169463527,2.5858871731868525,89,9.65610611297588,1.1419397533204803,4,"PA"
1238296,6.621903743315508,"NM",8426,13597,"8426_20201231",0.3453201470576756,1.9787153707717595,187,9.164547224379467,0.7539509783159186,5,"PA"
1268649,5.375631355932204,"NM",8432,18781,"8432_20201231",1.0766711912791593,2.6632078792382394,236,7.3902514151729175,0.9769984342401073,4,"TN"
644595,4.268841059602649,"NM",8439,10265,"8439_20201231",1.122690972142585,2.749006764177251,151,9.954766986270824,0.8489459831012955,4,"TN"
336018,4.602986301369864,"SM",845,4640,"845_20201231",1.4179373528725638,2.455606240641935,73,11.792565232932205,1.19322150490467,8,"WV"
3132187,8.242597368421052,"NM",8468,38922,"8468_20201231",0.24576182403198724,2.364218216366627,380,9.52431864857921,1.1607026365195579,4,"CA"
67660,4.510666666666666,"SM",847,873,"847_20201231",3.881303085689711,2.745984932993078,15,10.863165601500892,0.4446753564279275,8,"WV"
166801,5.560033333333334,"NM",8487,1708,"8487_20201231",7.923584147810953,2.3170531810401895,30,13.349655847000438,1.495569834979053,2,"IL"
183850,3.9967391304347823,"NM",8491,2698,"8491_20201231",0.6889532607844673,2.583750695603784,46,13.639327091616435,0.9154145798553145,2,"IL"
51226,5.1226,"NM",8492,632,"8492_20201231",0.5457161283921218,2.36995744312299,10,7.056871601069223,0.5373740714057942,7,"IL"
88273,5.8848666666666665,"NM",8499,1282,"8499_20201231",0.12137843685682621,2.496929612868387,15,10.031630726304016,1.2890847140119566,2,"IA"
176269,6.078241379310345,"NM",8500,2340,"8500_20201231",0.01613579888340272,2.178772956791919,29,11.455438232525102,1.5158696954701223,2,"IA"
69831,6.348272727272728,"NM",8503,910,"8503_20201231",0.15691318327974277,1.9880657238059107,11,13.973112128146454,1.2734207964614783,2,"IA"
278350,21.411538461538463,"NM",8506,1221,"8506_20201231",0.2311409960075646,0.6944830268348242,13,16.13688797744168,1.1312762989756742,2,"IA"
62327,5.666090909090909,"NM",8507,661,"8507_20201231",1.524222279355052,1.7767639882090558,11,10.727614915946281,1.473868032123893,2,"IA"
112139,6.2299444444444445,"NM",8510,1532,"8510_20201231",0.045985877885242984,2.24857760431848,18,8.531491703072,1.595581582862356,2,"IA"
236216,5.761365853658536,"NM",8511,3168,"8511_20201231",0.36601644920983506,2.333129603116793,41,8.393501024652181,1.5270463490894002,2,"IA"
78723,11.246142857142857,"NM",8513,712,"8513_20201231",3.7128839809227507,1.2661257324614565,7,11.498968008255934,0.8865453553515688,2,"IA"
45173,9.034600000000001,"NM",8519,384,"8519_20201231",0,1.8397962071893574,5,13.546977421704298,1.269064975198712,2,"IA"
120794,8.628142857142857,"NM",8522,849,"8522_20201231",0,1.1408105858969333,14,13.250796361367442,1.4064552513393993,2,"IA"
592098,4.93415,"NM",8527,8829,"8527_20201231",1.8469673945519443,2.539471665456469,120,10.77569150150878,0.9133048023535585,4,"LA"
257110,7.346,"NM",8531,2620,"8531_20201231",3.758674408723977,2.0725102916028466,35,9.834983227669015,1.043552717250729,8,"LA"
110560,3.251764705882353,"NM",8532,2143,"8532_20201231",0.9802403369672943,3.60207537679793,34,12.48613619072935,0.2801720428462419,4,"LA"
168935,5.27921875,"NM",8533,2078,"8533_20201231",3.6128747180166982,2.620356638153591,32,12.616245429220777,1.2309059767600956,2,"LA"
338888,7.060166666666667,"NM",8534,2711,"8534_20201231",0.8511261554485092,1.6118220247721655,48,8.318956685957604,0.2376792311682221,7,"LA"
73300,5.638461538461538,"NM",8535,1129,"8535_20201231",0,2.590635398277036,13,9.578362727766256,0.931331952054088,4,"MN"
188411,6.496931034482759,"NM",8536,2437,"8536_20201231",0.044988697961243884,2.5241478323742568,29,8.547981889459443,0.7457561993823659,2,"MN"
345787,6.066438596491229,"NM",8537,5676,"8537_20201231",0.23786563805850208,2.794286592463079,57,8.08336067293852,1.1148173714999774,4,"MN"
120980,7.116470588235295,"NM",8541,2316,"8541_20201231",3.8980941626529626,2.6903707709466995,17,10.614016780064283,0.8221516206442018,2,"MN"
314123,5.14955737704918,"NM",8544,5285,"8544_20201231",0.6542546516536044,2.8301788595319466,61,9.654679133185986,0.9440868795864199,4,"MN"
300907,7.522675,"NM",8546,2765,"8546_20201231",0.11100476301049449,1.82166394412212,40,8.474884251688072,1.3507576184306878,4,"MN"
339578,2.612138461538462,"SM",8552,7609,"8552_20201231",0.5230157284265501,3.7398589224935384,130,8.619405572792758,0.6943356076154629,7,"MS"
75980,4.469411764705883,"NM",8556,1494,"8556_20201231",5.417184148131422,3.112287476210281,17,13.458911307271961,1.8811436692492227,8,"MS"
90068,3.3358518518518516,"NM",855,1929,"855_20201231",1.480449919657204,3.944914984548003,27,8.672958835569707,0.4467053418415575,8,"AL"
147688,3.991567567567568,"NM",8560,2800,"8560_20201231",0,2.9434426864418177,37,8.714160676869215,1.5050151316871252,4,"MO"
100991,6.732733333333333,"NM",8564,1542,"8564_20201231",0,2.1052164602116106,15,20.299965801944403,1.5184176192905583,4,"MO"
208313,4.844488372093024,"NM",8569,3373,"8569_20201231",0.21668081110850293,2.6533503521919464,43,9.66260928009805,0.7046980217147513,2,"MO"
100246,4.00984,"NM",8572,1617,"8572_20201231",0.34157199877187594,3.131384824937844,25,11.127350776778414,1.7385185975334574,4,"MO"
528125,3.745567375886525,"NM",8576,9173,"8576_20201231",0.5059920106524634,2.8329525612166973,141,14.800632212627981,1.0251197408772956,2,"MO"
61343,3.4079444444444444,"SM",8584,1267,"8584_20201231",1.1439102665946426,4.182087722842107,18,8.664045203714107,0.4074240188442168,8,"MO"
48207,5.356333333333334,"NM",8594,619,"8594_20201231",0.6508600650860066,2.1319383171123882,9,13.874656720088534,1.5720805657698493,2,"MO"
167482,4.0849268292682925,"SM",8595,3906,"8595_20201231",0,3.562730787037908,41,11.219922496920905,1.0671253862918615,4,"NE"
40147,6.691166666666667,"NM",8604,685,"8604_20201231",0.16834450018517896,2.6044646544047048,6,12.566745312305974,0.539798309461147,2,"NE"
294685,5.169912280701754,"NM",861,3135,"861_20201231",1.642185578589618,1.915479909956955,57,9.852913179289386,1.1734803761037795,7,"AL"
64344,5.849454545454546,"NM",8632,1372,"8632_20201231",0.7383336121000693,2.935084536214897,11,11.843235225232258,0.8012074308376551,2,"ND"
300551,8.348638888888889,"SM",8637,3731,"8637_20201231",2.8005801522151947,1.9198684135132311,36,11.492459007683777,1.8147070818741637,2,"ND"
115426,5.496476190476191,"NM",8640,1908,"8640_20201231",0.09621227466072513,2.584069753306983,21,9.692318624316067,1.0268131770981064,2,"ND"
96955,7.458076923076923,"NM",8642,949,"8642_20201231",0.05395198273536552,1.7553480751977348,13,8.76086155142451,0.7629454052330024,2,"ND"
165796,4.363052631578947,"NM",8647,2894,"8647_20201231",0.025462089777442472,3.849172888952992,38,7.61262500559846,0.4250662909256322,4,"OH"
999777,5.317962765957447,"NM",8660,15260,"8660_20201231",0.6801584695200545,2.942539770037968,188,8.98399483962536,1.5100080192390495,8,"TN"
43296,2.8864,"SM",8661,629,"8661_20201231",0.9158489443948856,2.978433532378689,15,11.588677065280185,0.5990685450364273,7,"TN"
11191562,6.042960043196544,"NM",8663,232644,"8663_20201231",0.8887976295055006,4.6055263615727,1852,10.464296059835482,0.7861860196619707,4,"TN"
966611,6.954035971223021,"SM",8668,15190,"8668_20201231",0.9078132768212508,3.105822172724124,139,9.933398336055713,0.9457603300362444,4,"VA"
51043,4.253583333333333,"NM",8672,654,"8672_20201231",2.6160337552742616,2.6432462103618626,12,10.196904369250333,0.5383608495545328,8,"VA"
1644645,6.658481781376518,"SM",8675,19808,"8675_20201231",0.43434941255070864,2.181106034575781,247,10.143049896287147,1.0369540925370466,4,"VA"
62561,10.426833333333333,"NM",8681,550,"8681_20201231",0,1.5627632234500508,6,12.821619468145148,1.0537898800328322,2,"WA"
123478,5.144916666666667,"NM",8693,2393,"8693_20201231",0.6303030303030304,3.4017211979203785,24,18.320761716334857,2.381378661804251,2,"WI"
261622,6.229095238095239,"NM",8695,4004,"8695_20201231",0.21723838291885628,4.0771222362610295,42,12.472238363993855,1.939586183986138,4,"WI"
840817,7.311452173913043,"NM",8698,10008,"8698_20201231",0.14393728082035734,2.3925874125874125,115,8.49101217328466,1.078041958041958,4,"WI"
107635,6.7271875,"NM",8700,1295,"8700_20201231",0.5755605872470967,2.4262957429347023,16,11.052503527808867,0.9722017634309043,4,"WI"
591843,4.053719178082192,"NM",8714,10731,"8714_20201231",1.703763884590254,3.1979213777080178,146,7.969958713419989,0.969255189904848,2,"WI"
254315,6.055119047619048,"SM",8718,7585,"8718_20201231",0.004595799439312469,11.171942233394455,42,10.025224707441287,3.19515978414688,4,"WY"
63837,7.979625,"SM",8724,871,"8724_20201231",0.19740364025695933,2.530782086701456,8,12.496282266017564,1.7855315665609333,2,"WY"
53953,3.3720625,"SM",8725,1064,"8725_20201231",0.5094043887147335,3.7314466927702976,16,8.343849751317647,0.6908620136747129,2,"WY"
24369609,3.8498592417061612,"SM",8728,526613,"8728_20201231",0.9553175836302644,4.236451087856217,6330,7.952677173361046,0.5113456602637844,4,"AR"
244644,4.704692307692308,"NM",872,3200,"872_20201231",2.6475951587710727,2.609858254214776,52,15.27842119892523,2.0182259640048628,4,"GA"
90063,9.0063,"SM",8730,1127,"8730_20201231",1.7511433698042442,2.7883644654407043,10,11.342008849978589,1.1774167838045417,4,"AR"
179974,5.293352941176471,"NM",8735,2895,"8735_20201231",0.32284034447146076,3.1255704136373006,34,9.71434083893227,0.9630360110277995,4,"AR"
467389,4.9722234042553195,"SM",8738,6203,"8738_20201231",1.336500356702502,2.0542887731405317,94,11.812818099421321,1.5739033392800983,4,"AR"
54326440,11.044204106525717,"SM",873,567671,"873_20201231",0.45827162650747094,2.1535651128252105,4919,8.729042599477413,0.7601212867685596,4,"GA"
680962,6.080017857142857,"NM",8745,10106,"8745_20201231",0.6255965052001375,2.785347425876048,112,11.312120746887349,1.6317506615394317,4,"IN"
237009,6.583583333333333,"NM",8751,2811,"8751_20201231",0.30971433961670886,2.5134828047043616,36,9.435939533137134,0.7371419439473578,2,"IA"
218883,5.090302325581396,"NM",8752,3158,"8752_20201231",0.638372151014912,2.521588181973892,43,9.669586529296964,1.1931957052652646,2,"IA"
56570,4.714166666666666,"NM",8758,922,"8758_20201231",1.9382458032764782,2.3841584724241267,12,8.094989561586639,0.726855803952524,2,"IA"
124331,5.92052380952381,"NM",8760,1734,"8760_20201231",0.615242042397642,2.4605370050561826,21,11.329102536842276,1.0981911025734739,2,"IA"
326073,5.345459016393442,"NM",8761,4859,"8761_20201231",0.8736840010348877,2.6363149139082465,61,9.586155471322936,0.7945236195800173,2,"IA"
123875,6.519736842105263,"NM",8762,1533,"8762_20201231",0.8178781246400184,2.3565902588579117,19,10.257225810660925,1.6165816552976764,2,"KY"
142668,5.487230769230769,"NM",876,2085,"876_20201231",3.9635122159394007,2.6554125945027875,26,17.87272865505968,1.2977295046012478,2,"GA"
363402,8.863463414634147,"SM",8772,4318,"8772_20201231",0.5793040778463519,2.0568532799385775,41,14.963819322742946,0.9180140791329887,8,"KY"
1294623,4.960241379310345,"NM",8774,15490,"8774_20201231",0.3818110754493823,2.4559681710373757,261,8.962988552417876,1.111577310936498,4,"KY"
169706,4.465947368421053,"NM",8775,2529,"8775_20201231",2.101735707779347,2.639923345911453,38,9.081439393939394,1.7502765869174388,2,"KY"
188554,3.9282083333333335,"NM",877,1586,"877_20201231",2.58645002228914,3.721678924073362,48,10.961134913001661,1.0548413580952578,4,"GA"
460749,5.119433333333333,"NM",8785,7298,"8785_20201231",0.11475857103077386,3.075409649699427,90,9.024264547992269,1.098327846278108,4,"KY"
424364,2.8290933333333337,"NM",8798,7889,"8798_20201231",1.226495900803524,3.1627703562340965,150,11.783199845740704,1.008617604961832,4,"LA"
87912,5.8608,"NM",8799,1035,"8799_20201231",2.6414882257067385,2.1985106438965345,15,15.625313984699076,0.351288056206089,7,"LA"
158569,4.404694444444445,"NM",879,3099,"879_20201231",0.4077035150654407,3.5954698601800157,36,14.570536566865997,1.4680752440450247,8,"GA"
945166,6.218197368421053,"SM",8810,11358,"8810_20201231",0.6822749442415627,2.3681531473889517,152,8.067426490113304,0.4435599258210518,4,"DE"
720411,5.6282109375000005,"NM",8811,9512,"8811_20201231",1.0566669540973241,2.309388567732728,128,8.913123285291126,0.828611853463319,4,"MD"
549338,5.844021276595744,"NM",8813,7206,"8813_20201231",0.44729602091842385,2.6253564910103635,94,9.350285517614013,0.9832537806550773,4,"MD"
576950,6.137765957446809,"NM",8816,6671,"8816_20201231",0.6781517625970922,2.0115813881658817,94,11.890901269391046,1.0171571528467436,4,"MD"
166611,8.330549999999999,"NM",8821,2136,"8821_20201231",0.030377570979787803,1.944954906738227,20,11.23806570496574,2.129594628481176,2,"MN"
56389,4.699083333333333,"NM",8822,800,"8822_20201231",3.727695234425795,2.262191396844791,12,8.947421502050695,1.4176878571171883,2,"MN"
190617,5.95678125,"NM",8824,2683,"8824_20201231",0.012732134087560704,2.2671866541152457,32,12.314566008935813,1.6528336672333197,2,"MN"
99894,11.099333333333334,"NM",8827,896,"8827_20201231",0,1.551775458747724,9,23.371953655613265,2.4710218517999722,2,"MN"
129081,6.793736842105263,"NM",8831,1477,"8831_20201231",0,1.9110021371415316,19,12.015698333063602,1.1000480442669935,4,"MN"
92671,4.6335500000000005,"NM",8833,1644,"8833_20201231",3.0869091269448026,2.8737958390674327,20,9.236424500519078,1.2401395972188491,2,"MN"
60493,5.499363636363636,"NM",8840,767,"8840_20201231",0.48668632130656564,2.1762184232433945,11,10.387327039049177,1.433540707374617,2,"MN"
118047,8.431928571428571,"SM",8842,1064,"8842_20201231",0.9076339877338429,2.195114569659185,14,6.156941983139833,1.4460707354626858,4,"MN"
475655,7.797622950819672,"N",8843,5784,"8843_20201231",0.08658542011040496,2.0756211322337697,61,9.312554083387898,1.1035338232760932,4,"MN"
54890,5.489,"NM",8845,657,"8845_20201231",1.5488233135908591,2.070988559694925,10,12.169379915858789,1.6681333724454874,2,"MN"
76548,4.78425,"NM",8848,1094,"8848_20201231",0.037331027978623074,3.1010776032656016,16,7.353975121687399,0.7646686341689564,2,"MN"
362523,3.1523739130434785,"SM",8850,11804,"8850_20201231",0.017312361448326825,5.37518917534719,115,10.319071650935447,2.1472236280160346,4,"MN"
222965,7.432166666666666,"NM",8851,3078,"8851_20201231",0.33798868179222263,3.0421516418849244,30,9.155604932319479,2.3088297997804568,4,"MN"
395789,6.5964833333333335,"NM",8853,5329,"8853_20201231",0.7693958806332929,2.43198390860962,60,8.750087867971539,1.5917150225660863,4,"MN"
36047,9.011750000000001,"NM",8857,309,"8857_20201231",0.10550303848750844,1.9763547497603524,4,10.11030513758168,0.6449780470774802,4,"MN"
52320,5.8133333333333335,"NM",8858,755,"8858_20201231",0.10783124410297883,2.6396215442610913,9,12.010798842426244,0.921805336159928,2,"MN"
120694,4.3105,"NM",8863,2424,"8863_20201231",0.8985908985908986,3.7696879410107513,28,10.275793321149692,0.8312153187837219,4,"MN"
68621,4.2888125,"NM",8865,1468,"8865_20201231",0.6144875532630635,4.086620546611188,16,8.559856117211833,0.31617953938964705,8,"MN"
2493270,5.880353773584906,"N",8866,42215,"8866_20201231",1.1003940805247059,2.9194278196770918,424,9.696283851727504,1.0027115952154997,4,"MN"
196579,4.368422222222223,"NM",8867,3943,"8867_20201231",0.9217012372045865,3.0724068458861598,45,9.931934089843008,2.1256028816215227,2,"MN"
1730533,5.074876832844575,"SM",8870,27366,"8870_20201231",0.8797294648108214,3.1115591861241607,341,8.926561199000831,1.029318709692476,4,"MS"
53784,2.988,"NM",8871,1030,"8871_20201231",1.2032172277356166,3.304821150855365,18,8.869875782491807,0.33825816485225507,8,"MS"
3905652,4.8158471023427865,"NM",8879,66525,"8879_20201231",0.502237245566657,2.923789643963089,811,7.7793438591526725,0.8869020927344431,4,"MS"
165720,8.286,"NM",8884,1410,"8884_20201231",0,1.2534744307525274,20,11.35050546521245,1.3909372400729718,2,"MO"
53550,4.11923076923077,"SM",8885,943,"8885_20201231",1.1909615048628504,3.3066653003264577,13,10.78992867948995,0.4501603009852289,4,"MO"
2122708,5.114959036144579,"SM",8888,56977,"8888_20201231",0.6542469383937941,4.449553024456904,415,8.181984066019773,1.6104667047595465,4,"MO"
958505,6.945688405797101,"NM",8889,13254,"8889_20201231",0.321216899965958,2.476939629246536,138,8.535211267605634,0.6926686548531736,4,"MO"
628718,5.070306451612903,"NM",8892,8059,"8892_20201231",1.0841428292024435,2.3455498837649724,124,9.873574160362075,1.5086229363504633,4,"MO"
31650,3.9562500000000003,"SM",8893,516,"8893_20201231",0,3.1131969634643433,8,11.518706500926967,0.9442429228525485,4,"MO"
120568,4.82272,"NM",8896,1648,"8896_20201231",0.025420389694574018,2.6516856369739332,25,7.800263821402929,1.5319042790289081,4,"MO"
327914,4.0989249999999995,"NM",8898,5993,"8898_20201231",0,3.016589810063499,80,8.997190061375763,0.5372314798528636,4,"MO"
110764,4.43056,"NM",889,1889,"889_20201231",0.11013981960256915,3.6844560060731073,25,9.705742549394177,1.5495010957743895,4,"GA"
699329,5.926516949152543,"NM",88,11493,"88_20201231",0.5287809795265737,3.020082068615217,118,10.22072124111584,1.078648697916929,4,"AR"
611051,5.092091666666667,"SM",8903,8171,"8903_20201231",0.7039021170668623,2.5697666920882534,120,8.958046470858223,1.5384507062087223,4,"MO"
1169167,6.87745294117647,"NM",8904,16028,"8904_20201231",0.061436520504789385,2.6073581723776695,170,10.706047395384765,1.590195694455799,2,"MO"
78289,6.5240833333333335,"NM",8908,1056,"8908_20201231",1.2939641630501344,2.5903753166014276,12,8.716248841792057,0.363200771904433,8,"NY"
695184,9.147157894736841,"NM",893,4520,"893_20201231",0.4469580388735873,1.2273977527871527,76,17.355940439720317,2.162369964769251,4,"TN"
834083,3.519337552742616,"NM",8941,21773,"8941_20201231",0.6326722990506385,3.8637789372217206,237,8.863535349453972,1.3307679361047784,2,"ND"
291588,10.054758620689656,"NM",8942,3099,"8942_20201231",0.22191023957248315,1.7780633002295532,29,9.291886472257554,1.2819108704424724,2,"ND"
195331,7.51273076923077,"NM",8943,2444,"8943_20201231",0.16047351783755887,2.1503885342192985,26,8.672718545439201,1.1913940086414891,2,"ND"
39891,6.648499999999999,"NM",8946,643,"8946_20201231",1.253898939488459,2.919047080059334,6,7.863069399417551,0.7982700178121446,2,"ND"
95878,3.1959333333333335,"NM",8975,1645,"8975_20201231",0.04154549231408392,3.112271925939435,30,8.20106651580392,1.723853442062024,8,"OK"
284304,4.901793103448276,"NM",8980,3703,"8980_20201231",1.6857053743737693,2.220252202702947,58,12.589402360443746,1.8877209487453188,2,"OK"
225560,4.255849056603774,"NM",898,3495,"898_20201231",1.2349487937609804,2.9162175368347465,53,12.108460856115077,1.0856893967538208,4,"MS"
88986,5.234470588235294,"NM",899,1149,"899_20201231",2.465642683912692,2.254306477217823,17,11.663912927936776,0.7912874567380221,2,"IL"
749590,5.241888111888112,"NM",89,14557,"89_20201231",0,3.005628022799925,143,11.149920276918463,0.6074219686958948,4,"AR"
185171,6.858185185185185,"NM",90040,2272,"90040_20201231",0.28350261315452124,2.4297799754061864,27,6.894559674713653,1.1082016791383038,4,"CO"
128089,10.674083333333334,"NM",9005,1088,"9005_20201231",0,1.7937472257372085,12,11.724173262634801,1.021922473019259,2,"SD"
97492,4.238782608695653,"NM",9007,1757,"9007_20201231",0,2.9500475676505844,23,10.812515509967739,1.9261698869041781,2,"SD"
727104,6.991384615384616,"SI",90140,9685,"90140_20201231",1.2201890410037337,2.45044525482533,104,8.024481420502976,0.5561807562344687,5,"MA"
1504625,9.58359872611465,"SI",90141,23175,"90141_20201231",0.40642693052792,2.611288073260713,157,12.373800283879358,0.887432228004668,4,"MA"
516786,6.625461538461539,"SI",90146,7020,"90146_20201231",0.6163481868592173,2.7249588138045304,78,12.637798592186694,0.41320419721300894,5,"MA"
1263319,6.478558974358974,"SM",90169,15297,"90169_20201231",0.034798093727284575,3.3179348031092117,195,9.726702516069556,1.0487681594942375,4,"MA"
1207455,7.996390728476821,"SM",90173,17642,"90173_20201231",0.06089799743742916,2.4200137155810615,151,10.611695807304521,0.5396462695795231,4,"MA"
767827,7.1095092592592595,"SI",90175,14424,"90175_20201231",0.5159026118136799,3.1756198923263743,108,11.379240328126269,0.8372831408497557,4,"MA"
629935,6.701436170212767,"SI",90181,10072,"90181_20201231",0.7434787989454931,2.5727821806968443,94,11.080795117997072,0.6280778757729623,4,"MA"
5752015,10.832419962335218,"SI",90183,67925,"90183_20201231",1.4632189658117574,2.0098898479982372,531,12.116930993211007,0.40516150009581975,4,"MA"
1560922,7.689270935960591,"SM",90188,17860,"90188_20201231",0.5388439363508929,2.085551976869014,203,8.693010475359099,0.7284920513206418,4,"MA"
1036709,9.780273584905661,"SM",90190,13056,"90190_20201231",0.21377221100220492,2.4761647549104597,106,11.360130526517601,0.8127483090390125,4,"MA"
495647,6.436974025974026,"SI",90191,8930,"90191_20201231",0.18108730875105822,2.8102184365168874,77,12.18924102657777,0.69910237892668,4,"MA"
2116330,4.2667943548387095,"SI",90196,58602,"90196_20201231",0.25693979388661314,4.521288041060756,496,8.35539498391878,1.089146826392336,4,"MA"
775144,10.199263157894737,"SI",90203,7968,"90203_20201231",0.9027317261000706,2.0474107259561882,76,22.81538521769535,0.8168640985188949,8,"MA"
1009607,6.598738562091503,"SI",90206,13616,"90206_20201231",0.4257224289763074,2.7475054683821107,153,11.50916951777217,0.831598249528312,4,"MA"
917858,7.9125689655172415,"SI",90208,15506,"90208_20201231",0.5907131315839608,2.7185957142138157,116,11.212869715191037,0.4194497589178591,4,"MA"
2857119,32.84044827586207,"SI",90211,13155,"90211_20201231",0.15823225597967494,0.8112860378699078,87,10.587836870768559,1.8741379301434657,4,"MA"
3345747,10.758028938906753,"SI",90213,35419,"90213_20201231",0.5998814075763281,2.16456982453424,311,9.099834852420132,0.7007158168745917,4,"MA"
2023820,8.063027888446214,"SI",90215,28403,"90215_20201231",0.9751437258727326,3.3379695774344595,251,8.639109646012837,0.6751959819030864,4,"MA"
1426797,6.575101382488479,"SI",90227,20962,"90227_20201231",1.2061589125236463,2.4685580322935383,217,11.656954418608588,0.5059739814149512,4,"MA"
255116,6.074190476190476,"SM",90229,4248,"90229_20201231",0.8896892154911734,2.749968763665896,42,9.725262224732676,0.5806053601549321,4,"MA"
261119,5.439979166666667,"SM",90234,5343,"90234_20201231",0.22040868103639652,3.3397511097287635,48,8.423794702965747,0.23707457580132052,5,"MA"
1220811,7.310245508982035,"SI",90235,16664,"90235_20201231",0.9427901224769102,2.6920371845125737,167,10.432872609692424,0.6077173494888459,4,"MA"
620438,5.744796296296296,"NM",9023,9600,"9023_20201231",0.031006003889844123,2.9424309523834036,108,10.230937330140705,0.6946882172711604,4,"WV"
509173,5.657477777777777,"SI",90245,7220,"90245_20201231",0.110740076173527,2.780530318904267,90,8.897865431072036,0.762177942253125,4,"MA"
167818,3.995666666666667,"NM",9024,2627,"9024_20201231",0.3950702784379771,3.1090807588400073,42,9.734030761119,0.7015681231370438,5,"WV"
3964932,22.78696551724138,"SI",90250,27960,"90250_20201231",0.04005786931477796,1.2530261433520997,174,11.539694345455603,1.2102485422990872,5,"MA"
1205217,7.048052631578948,"SI",90251,20476,"90251_20201231",0.14520135225686834,2.7446121849332283,171,12.28195020967519,0.4051968767167587,4,"MA"
864253,5.5400833333333335,"SI",90253,18515,"90253_20201231",1.0250505866331,3.324662081238909,156,12.812310047502196,0.5308565385876671,4,"MA"
339932,5.761559322033898,"SM",90258,5836,"90258_20201231",0.17223634186813416,3.038474186122986,59,11.747337591599349,0.39879226331051393,5,"MA"
1261339,7.0465865921787705,"SI",90259,17392,"90259_20201231",0.4204670341169056,2.846478998418779,179,8.52927876537576,0.6016630673557534,4,"MA"
482925,6.898928571428572,"SI",90268,6414,"90268_20201231",3.5620859014585213,2.569943479782262,70,9.497490295035144,0.32188020680050144,8,"MA"
722995,3.614975,"SI",90270,33102,"90270_20201231",1.1766249958985464,6.70140806783249,200,12.651954274954507,2.8793237572767523,5,"MA"
1345339,8.304561728395061,"SM",90282,26073,"90282_20201231",0.3711265275756438,3.2159739031638823,162,8.726270690542016,-0.1051147098770923,4,"MA"
2161719,8.787475609756099,"SI",90290,26976,"90290_20201231",1.3930827853145642,2.4427182734499113,246,8.309275084444225,0.4565285029839129,4,"MA"
658357,6.391815533980583,"SI",90291,11546,"90291_20201231",0.41689243027888445,3.0883344445115988,103,11.747988613961772,0.319418082883982,5,"MA"
966527,6.75893006993007,"SI",90297,16254,"90297_20201231",0.547944493664473,2.858309687252575,143,12.078807195113178,0.7127750752002618,4,"MA"
311047,4.860109375,"NM",902,4830,"902_20201231",0.7075697975630816,2.7795598336827356,64,9.654903650569352,1.4313860756265755,4,"IL"
2363633,7.295163580246914,"SB",90300,28072,"90300_20201231",0.406457875782862,2.1437628631139245,324,8.83446313495529,0.5448614315483743,4,"MA"
1898435,9.127091346153845,"SM",90303,22282,"90303_20201231",0.5534134922354851,2.292909677490071,208,8.68065882655563,0.40561505971932466,4,"MA"
595889,7.4486125,"SI",90308,8047,"90308_20201231",0.4717467349467612,2.04204024414678,80,12.46467940155182,0.3061529601419461,5,"MA"
135388,5.01437037037037,"NM",9030,1545,"9030_20201231",0.33167004752950235,2.7129974024994463,27,10.085631306326537,0.9687592809967613,5,"WV"
469139,6.607591549295774,"SI",90311,6010,"90311_20201231",1.7404601137398414,2.664853888566708,71,8.846309848458697,0.5052447338036978,4,"MA"
78249,5.589214285714285,"NM",9035,1247,"9035_20201231",0.8602356089751249,2.690695112629828,14,13.47447304310984,0.9512274627939391,8,"WI"
122274,8.1516,"NM",9036,2141,"9036_20201231",3.8702763265256417,2.634583373277673,15,17.396613480950833,1.037100302414962,4,"WI"
420173,6.002471428571429,"NM",9037,6954,"9037_20201231",1.088538998678925,2.892491572929657,70,10.954134058719228,1.2285619034683721,2,"WI"
340752,6.681411764705882,"SM",90384,3451,"90384_20201231",1.6167371545249678,2.0668788043556114,51,16.688417618270798,0.9295816228720055,5,"PA"
1082442,6.150238636363636,"NM",903,20145,"903_20201231",0.19340626807705866,4.078118371173242,176,10.14288966269152,0.3730318799523751,4,"IL"
451161,6.940938461538462,"NM",9047,6215,"9047_20201231",0.027428720194511466,1.9691188637203636,65,10.996698829005712,1.759863935847561,2,"IA"
3560309,2.736594158339739,"NC",90544,200758,"90544_20201231",0,9.948889228427172,1301,20.547105697196113,1.7655125717508755,9,"NY"
96485,6.891785714285715,"NM",9057,985,"9057_20201231",0.07339242364365156,2.187729316205434,14,9.155488653586415,0.47233866682411285,5,"AL"
403069,4.632977011494253,"NM",9064,8560,"9064_20201231",0.46591256496484257,3.7543618544551376,87,8.951072692372982,0.8598947396707064,4,"GA"
262112,4.0955,"NM",9068,4439,"9068_20201231",0.6350453172205438,3.1469914073023983,64,11.80014119362922,0.8864244566189369,4,"GA"
231012,5.7753,"NM",9069,2786,"9069_20201231",2.0713780834062128,2.500294094580817,40,12.434547095997592,0.5229981962199043,7,"GA"
59658,2.48575,"NM",9070,1455,"9070_20201231",0.5680259041764997,4.807201113283659,24,7.890572747589762,0.5848262255808627,8,"GA"
310990,5.6543636363636365,"NM",9079,3284,"9079_20201231",1.5696602952910192,2.506913567428855,55,8.278674347750888,0.7152087258972204,4,"IL"
241597,4.558433962264151,"NM",9080,3807,"9080_20201231",0.8975851579224096,2.8666164252560744,53,10.238249091565194,0.9489361780535936,4,"IL"
7319441,6.234617546848382,"SM",9087,101256,"9087_20201231",1.1416008110231097,2.6244343942620123,1174,10.998896636810823,1.2502029646736483,4,"IN"
123449,15.431125,"NM",9096,839,"9096_20201231",1.5951356870996687,1.3272830192867635,8,11.508725792894534,1.5585169947722621,2,"IA"
559414,7.081189873417721,"NM",9099,5473,"9099_20201231",0.30384762357026524,1.991331167419353,79,9.9129211176554,1.243368700265252,8,"IA"
240291,5.860756097560976,"SM",90,3145,"90_20201231",0.7177607609573052,2.490774988856134,41,9.510013525895546,1.1750514552086915,4,"AR"
402970,8.0594,"NM",91005,5233,"91005_20201231",0.1095277968838781,2.3964353465390213,50,11.697282942674041,0.9279275304774929,4,"CO"
712666,6.143672413793104,"NM",9100,6700,"9100_20201231",0.3457348454497827,1.8508951879718152,116,9.66825974158464,1.5776307464099997,2,"IA"
17428,8.714,"NM",9102,213,"9102_20201231",0,2.3150686600626287,2,8.224001817458964,0.2193222941111964,7,"IA"
56414,9.402333333333333,"NM",9104,569,"9104_20201231",0,1.5903034470901745,6,18.635365767296932,1.3006477076084153,2,"IA"
145717,8.09538888888889,"NM",9105,1401,"9105_20201231",0.015607604024680824,1.9858344771527794,18,13.483913695144482,1.2185473758202596,2,"IA"
58958,7.36975,"NM",9106,771,"9106_20201231",0,2.0664055334347653,8,10.684548184548184,0.9855441534571378,2,"IA"
43870,3.6558333333333333,"NM",9120,824,"9120_20201231",0.24050364292282664,3.414752116082225,12,7.946702662689686,-0.34824667472793225,2,"ND"
85059,5.3161875,"NM",9121,1125,"9121_20201231",0,2.7487499403537585,16,9.429393430831935,1.1426964119332665,2,"ND"
67350,5.6125,"NM",9122,1047,"9122_20201231",0.5896443707388981,2.644088227002751,12,10.2077207032472,0.8116962020394475,2,"ND"
1526801,6.725995594713656,"NM",9123,24488,"9123_20201231",1.283367898058091,2.6784418091332842,227,10.022089041550776,1.4736991617284292,4,"ND"
22756,7.585333333333334,"NM",9127,87,"9127_20201231",0,0.9723494038459725,3,9.196995439506393,-0.4625739882374043,2,"ND"
252955,1.7091554054054054,"SM",91280,22922,"91280_20201231",2.092924184749,15.163672738703033,148,10.082783226326217,1.4646500377468659,4,"AR"
44142,7.357,"NM",9128,604,"9128_20201231",0,2.2827736050497296,6,9.282337773957886,0.3792916143774935,2,"ND"
305349,1.3754459459459458,"N",91325,67232,"91325_20201231",0,23.22930084084709,222,51.61574009242403,12.05158397961195,7,"GA"
336989,6.358283018867925,"NM",9137,5050,"9137_20201231",0.018274425644173503,2.8052468578246046,53,8.968727343621486,1.1413982176902753,4,"OH"
1031475,6.032017543859649,"SM",9139,11531,"9139_20201231",0.7365646963247109,2.1660141091180285,171,8.519728624649105,1.1757959684517694,4,"OH"
169571085,8.19817660994005,"SM",913,2238785,"913_20201231",0.41648800183982804,2.786997152762824,20684,7.036253527505365,0.7969864891801832,1,"IL"
567349,3.45944512195122,"NM",9155,19279,"9155_20201231",0.6148850765730064,6.06887683261306,164,7.154887777262281,1.44735534596506,4,"SC"
350667,4.554116883116883,"NM",9168,5300,"9168_20201231",3.580027746269223,2.6744653917582095,77,14.14255595152833,1.0550945867261365,4,"TN"
741406,7.4889494949494955,"NM",9172,7895,"9172_20201231",0.04009513481989083,2.1795716018992652,99,10.23443255582466,1.6008292939707105,4,"TN"
904999,7.418024590163935,"NM",9176,10535,"9176_20201231",3.117157712821874,2.735944010967269,122,11.324780432654524,3.130223782809663,5,"TN"
96532,6.03325,"NM",9179,1285,"9179_20201231",2.3465178770089175,2.5031682927676124,16,10.66820420120925,1.9465469948960108,8,"TN"
54978,2.19912,"NM",9189,2470,"9189_20201231",3.7712817218117567,9.971528690319754,25,7.128341718457137,1.9469995619798512,8,"TN"
104229,3.7224642857142856,"NM",9196,2007,"9196_20201231",0.48377248602695977,3.484520744842768,28,9.787781350482314,0.1189393832488998,8,"TN"
1567652,6.1718582677165355,"NM",9204,23169,"9204_20201231",0.12435378844519424,2.5920363732375957,254,14.226983788580078,1.889587491601391,4,"UT"
55560,2.778,"NM",920,669,"920_20201231",3.616149795201872,2.3229513708469605,20,10.469599060067559,0.4164501635235505,2,"IL"
311937,4.726318181818182,"NM",9244,3770,"9244_20201231",0.9239545486103076,2.6719764983856664,66,10.347400740297566,1.1782357663440335,2,"GA"
328296,5.660275862068965,"NM",9245,3839,"9245_20201231",1.5680710514920628,2.174978535953706,58,10.924087321164281,0.45214005113720784,5,"GA"
408276,6.186,"SM",924,5972,"924_20201231",0.19071012823349023,3.0327210202971,66,10.076614502532898,1.1698476926202852,4,"IL"
171209,5.35028125,"NM",9259,2118,"9259_20201231",0.5177537452896664,2.152173370907005,32,14.559058307717967,0.6259507718396968,2,"IL"
96618,4.200782608695652,"SM",925,1907,"925_20201231",0.1933721260289526,3.4299704271100984,23,8.798045568886451,0.5200597627998608,4,"IL"
730806,6.583837837837838,"NM",9260,10737,"9260_20201231",1.0235866753549354,2.4890912473197977,111,9.335171935445247,1.816921634162254,4,"IL"
553249,5.477712871287129,"N",9263,8275,"9263_20201231",0.18665662031646002,2.5184510977918944,101,8.350023080587112,1.6720543102648797,7,"IL"
117333,9.025615384615385,"SM",9265,1123,"9265_20201231",2.6229051576064246,1.8633439878617475,13,12.948057163894374,1.3222281746959144,2,"IL"
428542,4.925770114942529,"N",926,5621,"926_20201231",2.131524266901515,2.3123820181109287,87,11.42911996928172,0.5718577437704302,7,"IL"
75936,4.2186666666666675,"NM",9273,1095,"9273_20201231",0.042951971885982036,2.3414767827061187,18,11.594643541713486,1.2829089658544712,8,"IL"
50299,8.383166666666666,"NM",9274,423,"9274_20201231",2.8627790608160124,2.033355241537956,6,12.521461859210204,0.03194946507467047,2,"IL"
905570,8.085446428571428,"SM",9288,9169,"9288_20201231",0.5641607691280545,2.0778555453274943,112,8.547557274437166,2.323843276061904,2,"IN"
39650,5.664285714285714,"SM",9295,455,"9295_20201231",0,1.9035873237170893,7,11.448117992872564,0.7614349294868358,7,"IA"
680511,8.506387499999999,"SM",9298,9451,"9298_20201231",0.7753126392517099,2.180028987766111,80,11.81211491460434,1.6365474950870713,4,"IA"
259077,7.850818181818182,"NM",9299,2324,"9299_20201231",1.79960524788111,1.6132452613250234,33,9.433266468097177,1.067765413015638,2,"IA"
82689,8.2689,"NM",9300,768,"9300_20201231",0.2821913868718096,1.3592522250772725,10,15.624070585902647,1.463523628644844,2,"IA"
161434,4.891939393939394,"NM",9306,2095,"9306_20201231",0.3437054723302653,2.7086997843379224,33,11.889464594127807,1.0544510293324283,2,"KY"
152951,4.370028571428572,"NM",9307,1917,"9307_20201231",4.6057288471520925,2.7865076089162795,35,7.813440723546019,0.0762866908332005,7,"KY"
254367,4.102693548387097,"SM",9309,3769,"9309_20201231",1.702266699127404,2.926041942472273,62,11.238762229193021,0.9072506456494689,8,"KY"
183181,5.909064516129033,"NM",9310,2151,"9310_20201231",0.530488168325684,2.9790743222348213,31,11.212361567500194,0.6245565951357349,8,"KY"
139797,3.409682926829268,"NM",9313,2150,"9313_20201231",0.9587786259541984,3.5950976226574247,41,12.539248991821077,1.3985290359400013,8,"KY"
1305170,5.959680365296804,"NM",9314,17011,"9314_20201231",0.17420570617234932,2.429766480653267,219,10.214887747493343,0.8971770236990776,4,"KY"
145469,5.81876,"NM",9315,1804,"9315_20201231",0,2.401387662126354,25,15.882369606482138,0.8781844172748826,8,"KY"
436338,4.7949230769230775,"NM",9319,7349,"9319_20201231",1.436427950529731,2.936313985572463,91,11.515398456857,0.8096550649564178,4,"LA"
52934,3.5289333333333337,"NM",931,916,"931_20201231",3.3423594551994507,3.57154813116181,15,7.795096060402183,0.0899686992618382,2,"IL"
198040,3.7366037735849056,"NM",9320,4214,"9320_20201231",1.4067031654698576,3.6370809519747507,53,10.96850537047151,0.6637592766356735,4,"LA"
447086,4.8073763440860215,"NM",9322,8773,"9322_20201231",1.1214803080914173,3.204283816433047,93,10.826586416898467,1.0781731808640198,4,"LA"
149812,4.161444444444445,"NM",9323,2517,"9323_20201231",1.3535114848663865,2.9362421870813584,36,12.953721875774486,0.5564707935273515,7,"LA"
438488,25.793411764705883,"NM",9325,1863,"9325_20201231",1.3987864248924011,1.88610237335853,17,10.589844026119957,2.4370633986051713,7,"LA"
249032,4.447,"NM",9326,4582,"9326_20201231",1.9879998969948238,3.2046286144538527,56,8.564245922410151,0.2721160323897336,4,"LA"
362528,4.166988505747127,"NM",9327,6356,"9327_20201231",2.49497334412361,3.097779066238455,87,12.600990393241107,0.8841495178086908,4,"LA"
83343,4.902529411764706,"NM",9328,1212,"9328_20201231",1.3916442563446927,2.726395127801205,17,11.593862349319735,0.7979693056979136,4,"LA"
97717,5.4287222222222224,"NM",9330,1778,"9330_20201231",0.06404375746455956,2.7161472765147447,18,10.070092279764006,1.6329740279368887,2,"MN"
102691,8.557583333333334,"NM",9332,1278,"9332_20201231",0.04130145472901657,2.0033505959092155,12,11.724234344886812,1.149776733105289,8,"MN"
81373,27.124333333333336,"N",9336,185,"9336_20201231",0.20962670321696364,0.5978139294502426,3,16.893574737711475,0.5618165315478625,4,"MN"
97675,5.745588235294117,"NM",9337,1247,"9337_20201231",0.0686084949791056,2.258887361996967,17,7.943730127292387,1.396403096507216,2,"MN"
76201,5.861615384615385,"NM",9340,1052,"9340_20201231",0,2.492971709495388,13,13.508873120414213,0.6614006576212254,2,"MN"
37632,7.5264,"NM",9349,397,"9349_20201231",0,2.537112167676087,5,9.092900964066608,0.2877137509735768,2,"MN"
43669,4.3669,"NM",9351,721,"9351_20201231",1.807442934541256,2.8597091738887674,10,9.48462637717236,0.9564731871919986,8,"MN"
33248,4.749714285714285,"NM",9354,450,"9354_20201231",0,2.3467784843801462,7,12.385992217898831,1.0007854265372824,2,"MN"
181119,3.4173396226415096,"NM",9356,3152,"9356_20201231",0.4413638141858342,2.8523035230352303,53,10.24979142052422,0.9338301716350497,4,"MS"
666904,9.5272,"NM",9359,6709,"9359_20201231",0.4773437324402688,1.7742943878516295,70,9.935812026168174,1.2512096734177887,8,"MS"
393586,3.0275846153846153,"NM",9366,11303,"9366_20201231",3.1884913456595005,4.654849800440598,130,9.270096542823815,3.513774505737367,4,"MS"
382027,4.7753375,"SM",9369,6269,"9369_20201231",0.5429639571241981,2.6381043360325864,80,11.856318406864837,2.2240724606896896,2,"MO"
22035,4.407,"NM",9374,383,"9374_20201231",3.5524568393094293,2.9588054240001527,5,10.183327252827436,0.3954603062673312,2,"MO"
265441,4.915574074074074,"NM",9378,4137,"9378_20201231",0.6535080444518162,2.9363909695199744,54,10.45219306153923,2.0625791380518907,2,"MO"
94241,4.9600526315789475,"N",9385,972,"9385_20201231",0.08434547908232119,1.8474467536304093,19,12.084450687438812,0.7473561449650462,2,"MO"
162067,3.057867924528302,"NM",9388,3412,"9388_20201231",2.8704945930614705,4.157494416698204,53,12.180405054743042,0.7828615287853188,8,"MO"
96247,4.374863636363636,"NM",938,1546,"938_20201231",2.433864254016306,2.7456772023629856,22,11.315066245539192,-0.08624035186063558,2,"IL"
186703,5.186194444444444,"NM",9392,2289,"9392_20201231",2.481915228210394,2.23489998489332,36,14.884778900051451,1.2090897781095324,4,"MO"
40680097,12.893850079239304,"N",9396,333221,"9396_20201231",0.6114143073893941,1.6104236430873726,3155,9.067479895712136,1.0161139573735112,4,"NJ"
55183,6.897875,"SM",939,629,"939_20201231",1.0641345720951172,2.537843495752718,8,8.471305977691616,0.5457727947855308,2,"IL"
61327,4.088466666666666,"NM",93,941,"93_20201231",0.39892596854622164,2.722578019784713,15,8.841580976863753,2.220370567736643,4,"AR"
23717,2.635222222222222,"SM",9406,458,"9406_20201231",0.3654080389768575,4.007950995902803,9,8.523107177974435,0.4462293618920125,8,"NY"
520268,5.20268,"SM",9410,8566,"9410_20201231",0.605386706202125,2.9480024670920426,100,12.456868378251022,1.158458906566927,4,"NY"
39201,5.600142857142857,"NM",9417,762,"9417_20201231",0,2.9456030961083637,7,11.302966902775328,0.6100838529348528,2,"ND"
232618,6.841705882352941,"NM",9420,3092,"9420_20201231",0.9241923276102457,2.58653476205428,34,9.31770849251431,0.48646090844363465,2,"ND"
51706,4.308833333333333,"NM",9422,900,"9422_20201231",0,3.6444966491548465,12,10.368695041821834,0.897044980972992,2,"ND"
2825624,7.657517615176152,"NM",9423,40830,"9423_20201231",0.3196510880097906,2.2718221608406273,369,9.507774991914687,1.8275799920258549,4,"ND"
602817,4.336812949640287,"NM",9437,8568,"9437_20201231",0.7160907215460537,2.7654973896389623,139,9.257940560004299,1.153079054914341,8,"OH"
21887,4.3774,"NM",9438,284,"9438_20201231",0.3234003234003234,2.6729386277243417,5,9.353717859624739,0.26578939450166994,7,"OH"
65537,3.8551176470588238,"NM",9439,901,"9439_20201231",1.5104633173194366,2.78468423669816,17,12.095806540934682,0.5998259572352064,7,"OH"
39374,2.3161176470588236,"NM",9440,738,"9440_20201231",2.2813493284117707,4.223859066270327,17,6.875957120980091,0.29506906801888444,8,"OH"
1544271,5.939503846153846,"SM",9443,18878,"9443_20201231",0.2522628689574625,2.4547179802111336,260,9.345019518884419,1.132980422646772,4,"OH"
231728,5.037565217391305,"NM",9450,1966,"9450_20201231",0.1443326347633811,1.8521378884248967,46,32.7615497247531,1.4181795447482766,6,"OH"
946549,8.92970754716981,"SM",9457,8327,"9457_20201231",0.09683346564572716,1.610384586021211,106,10.196292024890374,1.2210492592910045,4,"OH"
225385,7.04328125,"NM",9462,2733,"9462_20201231",1.07646133699255,2.547101585710741,32,9.083940037133374,1.3271384115084963,4,"OH"
694909,5.471724409448819,"NM",9463,7763,"9463_20201231",0.1411528080614939,2.2179977373330595,127,11.164644477884284,1.5607018677167364,4,"OH"
420698,8.090346153846154,"NM",9465,3800,"9465_20201231",6.975317626998814,1.6775295832971937,52,13.616181195781394,0.9829199190405422,2,"OK"
138961,3.970314285714286,"NM",9467,4577,"9467_20201231",0,5.069742031311355,35,8.492384355020684,2.537858740375258,4,"OK"
294770,4.094027777777778,"NM",9472,5744,"9472_20201231",0.2721095253367543,3.10004626527334,72,10.777830235819959,1.894624357369894,2,"OK"
271909,5.331549019607843,"NM",9486,4277,"9486_20201231",0,2.761290526673758,51,11.196501436387257,1.4666513766909592,4,"OR"
221767,4.525857142857142,"NM",9489,3119,"9489_20201231",0.2084434802161006,2.840475950667752,49,10.140384102672538,1.0820420748965314,4,"TN"
98736,3.5262857142857142,"NM",9499,1615,"9499_20201231",0.3236592789471428,3.929443888700461,28,2.364990689013035,-0.26618467205619073,8,"TN"
122171,4.524851851851852,"SM",94,1629,"94_20201231",0.35761665801465076,2.661883890175323,27,10.39496708607616,0.21105551880030876,4,"AR"
63208,1.7557777777777777,"NM",9502,4956,"9502_20201231",1.3899406404963726,11.05986670788884,36,12.592169735026879,0.7601666310753569,4,"VA"
484225,4.2851769911504425,"SM",9507,7019,"9507_20201231",1.1607136477632416,3.038338230156101,113,10.0520077207338,1.0796091231157188,8,"VA"
369226,7.239725490196078,"NM",950,5415,"950_20201231",0.4533473448349234,2.5675639983448324,51,11.20151424475651,0.9038858286549416,2,"IA"
163806,5.1189375,"NM",9517,2669,"9517_20201231",2.9426681709500793,3.1244303524771726,32,10.23733252874375,1.6944424497191122,4,"WI"
235433,7.847766666666667,"NM",951,3114,"951_20201231",2.1350732757148227,2.116864118892273,30,12.051044083526682,1.3145604419497414,2,"IA"
147519,6.146625,"SM",9523,1862,"9523_20201231",0,3.1055309990475,24,8.762329122685586,0.7623171270945891,4,"WI"
119275,9.939583333333333,"NM",9526,914,"9526_20201231",0,1.7837100114347142,12,9.088133355339165,1.0433517939854458,8,"WI"
211358,9.607181818181818,"NM",9529,2191,"9529_20201231",0.2969876962240136,1.6004202660754765,22,18.441958338964074,1.4812983590085071,4,"WI"
537722,6.806607594936708,"NM",9536,8230,"9536_20201231",1.2549817969615182,2.832783605309999,79,7.86388549108873,1.4918661766104597,4,"WI"
5796998,11.02090874524715,"NM",953,64360,"953_20201231",0.9268314515389205,2.0509404950953876,526,8.436462071330636,0.8850257740684877,4,"IA"
214589,4.470604166666667,"SM",954,4124,"954_20201231",0.040069453719780955,2.753594853564587,48,13.116438196972021,1.272227559071401,2,"IA"
371566,4.371364705882353,"SM",955,5892,"955_20201231",0.21996709735854636,3.0930789447149363,85,7.767009645752822,1.213821944084586,4,"IA"
259105,6.169166666666667,"SM",956,3655,"956_20201231",0.2075379344101811,2.299523749287431,42,9.640112784284563,0.46368321359984094,7,"IA"
1866595,6.392448630136986,"NM",958,23034,"958_20201231",0.8271384152349779,1.8918877809477326,292,10.100597859546982,1.394681000682929,2,"IA"
17052,2.436,"NM",9614,278,"9614_20201231",5.641318848866018,3.342915073274645,7,11.839231105286151,0.8148756512588865,7,"AL"
111219,3.4755937500000003,"NM",9615,2443,"9615_20201231",1.8713579584037396,4.114679360715161,32,10.792930453431373,0.5772323607094642,2,"AL"
353039,5.6037936507936505,"N",961,4048,"961_20201231",2.412049622342451,2.4362294225940233,63,10.588172966461816,0.9243533239591074,4,"IA"
498965,5.040050505050505,"NM",9620,7469,"9620_20201231",0.3044583671219594,2.729830384797239,99,8.469261248997254,0.9959309418219594,4,"FL"
3789776,5.09378494623656,"SM",9622,92862,"9622_20201231",0.2616878844970325,4.396922982533487,744,8.494423959039686,0.9752167020897358,4,"FL"
304319,5.338929824561403,"NM",9631,3896,"9631_20201231",1.2398132865690117,2.5473811519907645,57,9.617305270611972,1.0551669163425461,2,"IL"
528214,5.282140000000001,"NM",9632,10719,"9632_20201231",0.6363555834336866,3.100080936432565,100,8.423701084413013,0.8891249262655381,4,"IL"
256209,17.0806,"SM",963,1710,"963_20201231",0.6039666974061904,1.027359017308766,15,10.224485505384381,1.3184972481454893,2,"IA"
588830,4.564573643410853,"NM",9647,8750,"9647_20201231",0.17035685416452734,2.6991755798863935,129,9.853760868246084,0.9794182820101286,8,"IN"
72217,5.158357142857143,"NM",9658,907,"9658_20201231",0.2015664593411656,2.3142646811618564,14,9.333424023942321,1.3998620425813109,2,"KS"
112258,6.603411764705882,"NM",9659,1443,"9659_20201231",0.011981069909542922,2.2129097090077186,17,11.654360582938306,1.4198775076241883,4,"KS"
66503,6.6503,"SM",9661,672,"9661_20201231",1.8184300962698285,1.919753086419753,10,14.30941763825721,1.1111111111111112,2,"KS"
329690,4.2816883116883115,"NM",9665,4998,"9665_20201231",2.0271862330086043,2.688796487723292,77,10.702338011848916,0.9108347770166432,4,"KS"
81035,7.366818181818181,"NM",9668,841,"9668_20201231",3.268905787917195,1.813007531709232,11,25.7590887236954,0.35941218321434704,7,"KY"
97009,4.85045,"NM",9669,1507,"9669_20201231",3.662494204914233,3.0707610146862483,20,15.106021874869043,1.0647249554027218,8,"KY"
47611,9.522200000000002,"NM",966,430,"966_20201231",0.0038476337052712577,1.7761395595530458,5,29.74317371533486,1.6223708900308875,2,"IA"
76478,3.325130434782609,"NM",9672,1382,"9672_20201231",1.0024265086121167,3.426953940859624,23,9.539204560449711,0.6403209849400902,2,"KY"
653299,4.326483443708609,"NM",9678,9042,"9678_20201231",0.5675805451570345,2.6740102436645685,151,12.86737507824672,2.0070876738738654,4,"KY"
257128,11.687636363636363,"SM",968,2274,"968_20201231",0.03204064584787559,1.522502789602017,22,9.404337084820204,0.6294168698599,2,"IA"
151924,8.93670588235294,"SM",969,1992,"969_20201231",0.12425587673817029,2.0311640696608615,17,13.28637495553184,0.9041246562786435,2,"IA"
13203227,9.60234690909091,"NM",9712,153336,"9712_20201231",0.7074511928405233,2.1740770783422305,1375,9.542834265260938,0.9962236292620552,4,"MA"
698124,6.981240000000001,"NM",9719,7389,"9719_20201231",0.7094383904881748,2.1775222679066744,100,8.13899146881214,1.112416231971604,4,"MI"
66877,5.144384615384615,"NM",9727,1092,"9727_20201231",0.6409048067860509,2.8095805544765655,13,9.759073359073358,1.1109940681146349,2,"MN"
82117,9.124111111111112,"NM",9728,966,"9728_20201231",0.08122185927430034,2.630048601298315,9,8.30784410458806,1.3222605524286177,4,"MN"
42044,4.671555555555556,"NM",9733,733,"9733_20201231",0.44737010289512363,3.4702409976035105,9,8.956419434779344,2.393895695656233,4,"MN"
111869,9.322416666666667,"NM",9735,1426,"9735_20201231",0.8557957850745014,1.8081674977984126,12,9.112818597371183,2.461261618040683,2,"MN"
608491,6.8369775280898875,"NM",9737,6372,"9737_20201231",0.5634688508718951,1.8162519954120926,89,8.755801191981929,1.4885694977424946,4,"MN"
183442,4.58605,"NM",9745,3266,"9745_20201231",0.08737439930100481,3.146153503705561,40,9.947313419838022,1.076053618750161,4,"MN"
159864,3.8062857142857145,"N",9746,3799,"9746_20201231",0.6178552870875552,4.111045526092748,42,9.397809060790312,0.8097227267223636,4,"MN"
51515,5.1515,"NM",9747,740,"9747_20201231",0.08512902367650971,2.111767845801985,10,14.963396778916543,0.13442064701138093,7,"MN"
600617,9.533603174603174,"NM",9751,7303,"9751_20201231",0.2659378280483076,2.0368195490759775,63,11.33005409596595,1.0876304170084812,4,"MN"
32763,5.4605,"NM",9752,304,"9752_20201231",0.7180539273153576,1.5987657777031272,6,20.991870522291105,0.040435710331012946,2,"MN"
369871,5.96566129032258,"NM",9760,5944,"9760_20201231",1.0255308781288468,2.621255992891968,62,8.216737579490989,0.9203571154739515,4,"MN"
27737,5.5474000000000006,"NM",9764,181,"9764_20201231",0,1.5529101618816163,5,9.819081490644813,1.1080446513160604,2,"MN"
82993,6.384076923076923,"NM",9769,1139,"9769_20201231",0.7300984910093069,2.9445945295864657,13,6.9975405334415814,0.8557806973346735,4,"MN"
110658,4.61075,"SM",976,1658,"976_20201231",2.2737599020169497,2.6466161945234075,24,10.119317872255417,0.6323433028309375,2,"MI"
317592,6.4814693877551015,"SM",9770,4706,"9770_20201231",0.0047676129243175505,2.5894912160063583,49,10.573827874014238,1.8930377712404738,2,"MN"
116705,6.483611111111111,"NM",9773,1861,"9773_20201231",0.07551301655622888,2.6206624919148815,18,15.21469519440084,0.4823970253990164,8,"MN"
213041,5.326025,"NM",9775,3417,"9775_20201231",0.16031277349277365,2.7559144755793707,40,9.263624162346993,1.4670493005778114,4,"MS"
146110,4.058611111111111,"NM",9777,2208,"9777_20201231",7.745160292417657,2.5507521880112547,36,6.44920731370491,-1.8280741155079285,2,"MS"
409617,4.876392857142857,"SM",977,5830,"977_20201231",0.5325450463156232,2.5410499332408287,84,11.75765939545669,1.8044346423077993,2,"MI"
288813,5.554096153846154,"NM",9788,2912,"9788_20201231",0.5486097729616993,1.939029204003841,52,8.855421071098862,2.8580981164978763,4,"MO"
156614,5.0520645161290325,"NM",9791,1926,"9791_20201231",0.3558640687125189,2.4073968965483825,31,8.973284871085802,1.4867994634232105,8,"MO"
253334,7.2381142857142855,"NM",9794,2776,"9794_20201231",0.03917535869937809,2.0967190630097394,35,9.228477758675163,1.2253215820147714,4,"MO"
489358,22.243545454545455,"NM",9797,2071,"9797_20201231",0.015751338863803425,1.286279734551584,22,8.582931450223906,1.739865310426831,4,"MO"
314900,8.286842105263158,"NM",9803,2157,"9803_20201231",1.584711404202345,1.388753385254588,38,16.879140847188143,1.4516644518831268,4,"MO"
100484,6.698933333333334,"NM",9811,901,"9811_20201231",1.0079575596816976,2.073432112571056,15,13.205933281872614,0.769910051430879,8,"MO"
56957,6.328555555555556,"NM",9812,746,"9812_20201231",0,2.146281326238475,9,17.289679322419833,0.9543153993828513,2,"NE"
94134,7.8445,"NM",9818,1229,"9818_20201231",0.04467229679423089,2.0151060949481656,12,14.123261708492224,0.740016971646715,2,"NE"
61053,6.783666666666667,"NM",9819,799,"9819_20201231",0.8702851142880219,2.782508919447084,9,15.788173689670504,3.270165121824408,2,"NE"
111022,4.111925925925926,"NM",9822,2130,"9822_20201231",0.4073980603525976,2.7801090049679256,27,8.150638259210465,0.5238026334828535,2,"NE"
467857,5.705573170731707,"SM",982,5293,"982_20201231",0.6838150340787977,2.136983147037639,82,10.142304702393035,1.0338580314949943,4,"MI"
418232,7.210896551724138,"SM",9831,5082,"9831_20201231",3.4114858679685787,2.2357628310288256,58,11.366661101438213,1.0829883082050882,8,"NY"
88120000,12.767313822080556,"SM",983,977000,"983_20201231",0.7495793177298455,2.275925464981307,6902,8.609349862780354,0.5742183360483427,4,"TX"
498944000,9.932000955490087,"NM",9846,7148000,"9846_20201231",1.090447704678994,2.7791066650145613,50236,8.70065979610973,0.8468407996737365,4,"NC"
53505,3.8217857142857143,"SM",9860,850,"9860_20201231",0.4330852751006466,2.701711019273106,14,9.789780859091838,0.6005948012822989,7,"OH"
54446,9.074333333333334,"NM",9865,488,"9865_20201231",0,2.087507073055101,6,16.39589204319785,1.6420957653427948,2,"OH"
357259,13.231814814814815,"SM",9871,3095,"9871_20201231",0.06287627520945659,1.4683915368607754,27,13.637963576296599,2.1669293518965556,2,"OH"
37732,3.7732,"NM",9875,856,"9875_20201231",0,3.528614372118773,10,12.31068801384682,2.4291560816858704,4,"OK"
47988,3.1992,"NM",9879,911,"9879_20201231",1.1009058882737797,3.9427594685168654,15,10.583061427152787,0.33470301948434683,7,"OK"
91568,3.1575172413793102,"NM",9881,1577,"9881_20201231",0.4597417212181097,3.327658589089911,29,9.186287536539995,1.5094533806181039,4,"OK"
881484,6.251659574468086,"NM",9888,11944,"9888_20201231",2.8030294805120275,2.5778347996089934,141,10.014585170612577,1.0839442815249267,4,"PA"
2998060,6.378851063829787,"NM",9889,36078,"9889_20201231",0.624474226898251,2.475087110401069,470,7.8684150114315035,1.1099100140021012,4,"PA"
1108539,3.39002752293578,"NM",9923,24628,"9923_20201231",0.7094649171617814,4.627439044787987,327,8.67227932386786,1.526043581190372,4,"SC"
198358,7.346592592592593,"NM",9932,2323,"9932_20201231",3.1080504601133523,1.9171172512633432,27,10.2851363631922,2.175628207474689,2,"SD"
232755,6.650142857142857,"NM",9935,3502,"9935_20201231",0.08557019486942959,2.3675036305081796,35,8.376218110150004,1.2964464540127996,2,"SD"
69792,4.985142857142857,"NM",9947,860,"9947_20201231",1.8814202769093347,2.0741727873443216,14,11.503285189575193,0.13049939816748138,2,"SD"
1319579,4.473149152542373,"NM",9963,33097,"9963_20201231",0.19925474360373563,4.3995149501671795,295,8.866103102795057,1.000491500475695,4,"TN"
499250,4.303879310344827,"SM",9967,8461,"9967_20201231",0.5240017627125513,3.2622431883950584,116,8.216101595881433,1.0338326520699292,4,"TX"
173603,4.234219512195122,"NM",9973,3137,"9973_20201231",0,3.425617333004946,41,11.351006808633928,0.693980207005075,4,"TX"
1887000,14.18796992481203,"NM",9978,9591,"9978_20201231",0.3069036900732757,0.8992571425443279,133,9.741236924206277,0.9152967324125624,9,"TX"
70543,4.4089375,"SM",9986,951,"9986_20201231",0,2.4745237926693773,16,18.713143755733196,1.0310515802789073,2,"VA"
380710,6.345166666666667,"NM",9997,4217,"9997_20201231",1.3187827635092808,2.3534548034353615,60,8.68153216380511,0.817456040420302,4,"WV"
182208,3.9610434782608697,"NM",9998,3092,"9998_20201231",1.0051505456855672,3.481689544941707,46,10.310036724554523,0.6763585934561865,8,"WV"
89448,2.9816000000000003,"SM",999,1196,"999_20201231",0.7616350275566443,3.1574205452181467,30,9.980001379215226,0.7121392771786336,7,"MI"
157473,6.298920000000001,"NM",99,1714,"99_20201231",0.4245017939739765,1.7658056463470104,25,12.312913990999647,1.0881752504257503,2,"AR"