"ASSET","ASTEMPM","BKCLASS","CERT","ESAL","ID","NCLNLSR","NONIXAY","NUMEMP","RBC1AAJ","ROA","SPECGRP","STALP"
240478,6.011950000000001,"NM",10004,2871,"10004_20231231",0.6642250967684797,2.593798265415231,40,8.649877687880705,0.8934299631697754,2,"WI"
442468,5.7463376623376625,"NM",10011,6535,"10011_20231231",1.333258530049469,2.472861809128984,77,8.482351971942048,0.7488396608674268,4,"WI"
222026,6.000702702702703,"NM",10012,3058,"10012_20231231",1.0202716562469343,2.4088290374690855,37,9.540409430928571,0.6180516837977059,4,"WI"
181780,7.2712,"NM",10015,1908,"10015_20231231",0.7582489946487825,2.3872013009141075,25,12.893471033458301,1.2321617533643814,4,"WI"
2786163,7.696582872928177,"N",10044,31989,"10044_20231231",2.6669864860553627,1.9910296865859558,362,17.66702293359516,1.4812805589871831,4,"WI"
306814,5.029737704918033,"NM",10055,5914,"10055_20231231",0.03910571406519334,3.3451080449945025,61,9.351610137654005,0.648488811878384,4,"GA"
77977,4.104052631578948,"NM",10057,1370,"10057_20231231",1.0652775822422451,3.133998594235358,19,19.877415056628912,0.7116998415365663,7,"GA"
2009789,5.645474719101124,"SM",1005,25897,"1005_20231231",0.07921669582641391,2.3801780940952377,356,8.705203711804037,1.0240692957521442,4,"MI"
129194,6.152095238095239,"NM",10072,1884,"10072_20231231",0.4966347436771726,2.9123577757484513,21,10.671176391746888,0.5761470493866773,4,"GA"
53181,2.65905,"NM",10074,1454,"10074_20231231",0.1399289009908479,5.377273338326516,20,13.412787381753102,-0.693284169691383,8,"GA"
40538,5.791142857142858,"NM",10075,575,"10075_20231231",0,2.1780483165303406,7,11.271749959454137,1.2174243865322427,2,"IL"
38793,6.4655,"NM",10077,410,"10077_20231231",0,1.5753964176855373,6,26.14578346645166,1.1937786519107798,2,"IL"
118414,2.574217391304348,"SM",1008,4385,"1008_20231231",2.353370730573904,6.456853110735773,46,9.885520604561883,-1.7684152486773967,4,"MI"
433766,5.633324675324675,"NM",10101,5743,"10101_20231231",0.24485508911281056,2.61946283986822,77,9.885991852230143,1.3415192836848968,2,"IN"
411177,7.213631578947369,"NM",10111,5271,"10111_20231231",0.058078680656608206,2.1998585025838,57,12.864874345418556,1.0434673160254453,2,"IA"
261414,5.8092,"NM",10118,4467,"10118_20231231",1.5669623294398523,2.8507289344320172,45,10.460262634175677,1.0899726573500923,2,"IA"
32623,6.5245999999999995,"NM",10120,662,"10120_20231231",9.83124322650565,3.085219077486579,5,16.9149371712909,-1.4752793454906725,2,"IA"
165175,8.258750000000001,"NM",10121,1997,"10121_20231231",0,1.8954413284310194,20,20.939595730613018,1.1216446783457092,2,"IA"
213286,9.694818181818182,"NM",10122,2286,"10122_20231231",0.11848571373074607,1.857284231517229,22,9.356123435545818,1.1059918130538688,2,"IA"
57287,7.160875,"NM",10123,838,"10123_20231231",1.9629693125321448,2.373193772423554,8,10.1390173028662,-0.6171620420657647,7,"IA"
151071,6.866863636363636,"NM",10125,1885,"10125_20231231",0,1.8228297621821068,22,9.918017588472134,0.8884327441930752,2,"IA"
255701,8.523366666666666,"NM",10127,3326,"10127_20231231",0.16074263095501215,2.290150115037906,30,11.59940907848721,1.1939897408818316,2,"IA"
132661,9.475785714285715,"NM",10132,1467,"10132_20231231",0,1.6130179861724012,14,10.232074610902945,1.943039498125084,2,"IA"
214959,4.573595744680851,"NM",10137,3211,"10137_20231231",1.9193681697125538,3.017294017077959,47,11.884840183886848,0.2883901815824824,4,"KY"
26793,4.4655,"NM",10145,303,"10145_20231231",0,2.5161094525256376,6,27.956590984851292,1.2174723157382117,4,"KY"
2574432,6.976780487804879,"SM",1014,31963,"1014_20231231",0.12166481555274827,2.2010229500844245,369,8.386972641187402,0.9277321803329316,4,"MI"
364572,4.446,"NM",10157,6594,"10157_20231231",0,3.180411825842666,82,8.615598495543749,0.5725559223548734,4,"MI"
405991,5.486364864864865,"NM",10159,8471,"10159_20231231",0.19850528483286298,3.4753940725986467,74,8.813507796369716,1.083088757802862,4,"MN"
78493,19.62325,"N",10160,310,"10160_20231231",0.46530612244897956,0.9623812721373322,4,29.257994969457418,1.3865466530660364,4,"MN"
90498,6.0332,"NM",10162,1371,"10162_20231231",0.8185085626264762,2.3961835489680494,15,11.324598412574725,1.3212804646721001,2,"MN"
201568,9.16218181818182,"NM",10163,2796,"10163_20231231",0,2.156833633995196,22,11.064194235863525,2.0444667709322686,4,"MN"
307969,6.285081632653061,"NM",10165,4392,"10165_20231231",0.10313976637643617,2.5973704313003667,49,10.151414056667967,1.3136763122423813,2,"MN"
284592,7.905333333333333,"NM",10167,3091,"10167_20231231",0.24551314873895522,1.736837699840964,36,12.3736567338225,0.8576012983899227,8,"MN"
472570,8.916415094339623,"NM",10168,4164,"10168_20231231",0,2.004121749746452,53,9.072000503720183,2.1624672965541327,2,"MN"
261426,6.224428571428571,"NM",10169,3668,"10169_20231231",0.08233381848314547,2.3140586303283293,42,8.911269023006897,1.2523756113025188,4,"MN"
106127,5.30635,"NM",10174,1795,"10174_20231231",0.36480658736466326,3.1541009118729297,20,7.9605320604243675,0.948456242293793,4,"MN"
155328,6.472,"NM",10175,2292,"10175_20231231",0.2892992529207032,2.691008531109929,24,9.94937345158163,1.0924521601993582,4,"MN"
149734,7.130190476190476,"NM",10176,2207,"10176_20231231",0,2.7585225370035498,21,9.399642290787178,0.9139262831245952,4,"MN"
115082,6.3934444444444445,"NM",10178,1380,"10178_20231231",1.1526668433205889,2.0953700512239486,18,9.407219881391416,2.1892180584041743,2,"MN"
64095,6.4094999999999995,"NM",10185,1244,"10185_20231231",1.5525191420956894,3.055014717254491,10,12.109466944936997,1.5588369242619213,4,"MN"
52604,10.5208,"NM",10187,382,"10187_20231231",1.0585790362384726,1.442311604403831,5,15.357099055639589,1.9163011725647514,2,"MN"
191255,6.830535714285714,"NM",10191,5144,"10191_20231231",0.40519819326011086,3.950034938754108,28,15.971612984083219,2.208382975259556,4,"MN"
176184,4.4046,"NM",10194,2825,"10194_20231231",0,2.5186666145434846,40,7.519840483082484,0.4328085645834148,8,"MN"
86776,7.231333333333333,"NM",10197,913,"10197_20231231",0.015314575298982277,1.9556794003396514,12,9.601812320292758,1.110211013293252,4,"MN"
35897,7.179399999999999,"NM",10200,382,"10200_20231231",0.21406568161645695,1.8491981539628684,5,11.428571428571429,0.6163993846542896,2,"MN"
78535,7.139545454545455,"NM",10202,1106,"10202_20231231",1.1921799663744113,2.4623817655277263,11,8.411104857393422,1.3676924806355086,4,"MN"
261844,13.0922,"NM",10212,2884,"10212_20231231",0.04313806475298869,1.7814994663018477,20,11.654053968966073,0.9795675502028369,4,"MN"
838618,24.66523529411765,"NM",10214,4515,"10214_20231231",0.17776074680802373,0.9484721573778794,34,13.056289285623118,1.1998401531997056,8,"MN"
315089,9.267323529411765,"NM",10218,3039,"10218_20231231",0.7020172423167778,1.7028312616073726,34,7.2119625694040055,0.8867220404480227,8,"MN"
324553,8.113825,"N",1022,2738,"1022_20231231",0.8760221429173576,1.4058979857226404,40,11.173058110249801,0.11844335816531239,2,"WI"
173232,7.218,"NM",10236,2638,"10236_20231231",0.5483882006707275,2.680321101980242,24,10.445380606828033,1.5066136130557732,2,"ND"
108457,12.050777777777778,"NM",10243,1098,"10243_20231231",3.340430565412823,1.6311748948715263,9,9.74814053910099,2.294307349265971,2,"ND"
5171412,7.968277349768876,"NM",10248,85851,"10248_20231231",0.6146764123166287,3.0788428963444154,649,8.543394047719206,1.557261779151071,4,"ND"
149854,8.814941176470589,"NM",10250,2023,"10250_20231231",0.052994170641229466,2.4658460986200375,17,10.001737108649465,1.4848922055239921,2,"ND"
70670,7.852222222222222,"NM",10253,653,"10253_20231231",3.379038243681394,2.05417696826729,9,12.964789638461207,1.0759974595685804,7,"ND"
817704,7.714188679245284,"NM",10255,9674,"10255_20231231",0,1.8805348478194688,106,8.021918853894753,0.799435496650527,4,"OH"
304803,6.485170212765957,"NM",10266,3229,"10266_20231231",0.12730069484962606,2.15972108781998,47,12.710077509243249,1.1425012414247326,4,"OH"
390731,8.68291111111111,"SM",1027,3702,"1027_20231231",0.16119991110786794,2.1597253350696204,45,9.432829192718978,3.3637837973430007,4,"AR"
121546,4.340928571428572,"NM",10280,1761,"10280_20231231",3.7758644809299127,2.741958292635602,28,15.07073921054554,1.1428251954313302,6,"OH"
245662,5.991756097560976,"SM",1028,3453,"1028_20231231",0.3568727374195017,3.8845423886180863,41,9.608022944998341,1.2779222818443725,4,"AR"
1796911,5.668488958990537,"NM",10307,26496,"10307_20231231",0.5233567690308792,2.5828154279084816,317,10.561806934443469,1.9409783918731356,4,"TN"
896736,5.244070175438597,"SM",10308,14241,"10308_20231231",0.7670133567038968,2.542837710349064,171,9.955017647779275,1.052423726993387,4,"TN"
147101,9.1938125,"SM",10315,1012,"10315_20231231",1.1831637163126998,1.5633929666765407,16,7.1571600205961445,1.1437453808844165,2,"TN"
268979,5.72295744680851,"NM",10317,3113,"10317_20231231",0.7520272037666754,2.0328386771590887,47,13.264180546325289,1.1680378522949884,7,"TN"
175619,6.272107142857143,"NM",10319,3078,"10319_20231231",2.490687312833248,3.948602891209372,28,10.861330792805408,0.28426524753646953,4,"TN"
68205,3.7891666666666666,"NM",10327,1603,"10327_20231231",0.07274446687398839,4.029654083952333,18,15.148892703619108,0.7761029784399751,4,"TX"
106088,4.080307692307692,"NM",10330,1893,"10330_20231231",1.7177603242969341,3.0862185534444766,26,10.626837382020733,1.4052817734302099,7,"TX"
842634,11.23512,"NM",10334,12765,"10334_20231231",0.618491724632737,2.588778078106068,75,10.181770012383742,0.6168721271909385,4,"TX"
829902,12.386597014925373,"NM",10344,6400,"10344_20231231",0.03197304255472951,1.442288576736639,67,10.52818720933094,1.44579684624762,4,"TX"
178913,5.421606060606061,"NM",10345,2387,"10345_20231231",0.08130201481174888,2.9226552037852183,33,9.729964441210642,1.2709517251850087,7,"TX"
46516,4.6516,"SM",10352,879,"10352_20231231",1.712747736726205,3.380910057336052,10,10.91939222250837,1.7950192572454295,2,"TX"
2416783,4.124203071672355,"NM",10363,50592,"10363_20231231",0.08117747182840017,3.609615508867993,586,10.251401688150667,1.0943339188528238,4,"VA"
118298,5.3771818181818185,"NM",10374,1407,"10374_20231231",0,1.8116505076710927,22,12.832755126575757,1.449320406136874,2,"WI"
488121,6.178746835443039,"NM",10378,6913,"10378_20231231",0.4695984230491279,2.779924814671679,79,10.22440686965048,0.9433299371113375,4,"WI"
354545,7.235612244897959,"NM",10380,4935,"10380_20231231",0.027634342381606582,2.418056550761804,49,11.832348535877607,1.1555523080404284,4,"WI"
166291,4.263871794871795,"NM",10382,2718,"10382_20231231",0.7721482234239465,2.9627293021450063,39,10.966630384801197,0.05338250994855867,4,"WI"
484109,7.564203125000001,"SM",10383,5544,"10383_20231231",0.3041981509948687,2.0100309357876966,64,9.827572407258788,1.2059301987542623,4,"WI"
334766,4.7823714285714285,"NM",10384,5099,"10384_20231231",0.1189976765199432,2.8759638151903344,70,9.06835266224338,0.5115050695161193,4,"WI"
117185,5.095,"NM",10407,1921,"10407_20231231",0.007860028610504142,2.7922745930353767,23,18.280082016177207,0.9501252593192592,2,"CO"
7782095,8.666030066815145,"SM",1040,92315,"1040_20231231",0.9226343832231146,2.4642152884859803,898,9.202896048054894,0.8447912161580471,4,"IL"
316634,7.363581395348837,"NM",10434,3747,"10434_20231231",0.05942450906632647,1.9522657812444648,43,10.56950639493334,0.6060976905810099,2,"IL"
68813,4.587533333333334,"NM",10437,830,"10437_20231231",0.5332368198817711,2.2209151387311374,15,9.874983665113039,0.6968429104564103,8,"IL"
254604,7.488352941176471,"NM",10438,2732,"10438_20231231",0.3954507832377916,1.8361137341307312,34,10.167921024337796,0.8641507158158583,2,"IL"
189303,6.527689655172414,"NM",10446,2371,"10446_20231231",0,2.0947283296837127,29,9.53328403547318,1.6361541195965839,2,"IL"
120795,8.628214285714286,"NM",10458,1134,"10458_20231231",0.051321529381575574,2.072414824947634,14,8.628062543604056,1.0977642884623604,2,"IL"
215315,5.520897435897436,"NM",10460,3560,"10460_20231231",2.827087002229796,2.4457405499940488,39,12.400550759644167,1.9424400421010408,4,"IL"
41556,5.936571428571428,"NM",10463,277,"10463_20231231",0,1.4623336861203509,7,9.020588165931656,2.0505745388569703,8,"IL"
120065,4.617884615384615,"NM",10464,2173,"10464_20231231",2.6230938472043093,3.1490435990596284,26,9.073034205445238,1.0994937486642444,2,"IL"
187128,5.198,"NM",10467,2490,"10467_20231231",0.8650519031141869,2.4310332045568743,36,10.910083402879472,1.7051211294985955,2,"IL"
51934,7.419142857142858,"NM",10469,786,"10469_20231231",0,2.0139177438131926,7,16.428170069301366,1.0069588719065963,8,"IL"
57891,6.432333333333333,"SM",10471,790,"10471_20231231",0,2.6930985160021454,9,8.340482481726777,-0.13037129745515227,2,"IL"
213750,6.107142857142857,"NM",10473,3676,"10473_20231231",0.005660150418497371,3.0454402977277364,35,8.36913526506047,0.9473155247302091,2,"IL"
408885,7.571944444444444,"NM",10474,4641,"10474_20231231",0.3602552665888973,2.2634670492273807,54,9.662694942517975,1.3758581722110659,2,"IL"
471841,5.754158536585366,"NM",1047,6572,"1047_20231231",0.12094130527495052,2.207778297708335,82,10.478193190135174,0.9562869115334741,4,"IL"
29763,4.251857142857143,"NM",10489,534,"10489_20231231",0.32590412111017664,3.203471067451057,7,6.4697173157043,-0.041921104481366066,2,"IA"
120557,7.5348125,"NM",10492,1702,"10492_20231231",0.04550821607792975,2.1637594910732605,16,13.367291553588576,0.7633901087625693,4,"IA"
189419,8.609954545454546,"NM",10494,2085,"10494_20231231",0,1.8677957415338307,22,12.213740458015266,0.4600562014602865,5,"IA"
202049,9.184045454545455,"NM",10497,1827,"10497_20231231",0.8782001172562047,1.553760740442025,22,10.831137405284583,1.5563391684878964,2,"IA"
244493,6.6079189189189185,"N",1049,3216,"1049_20231231",0.7074446984150972,2.3704121927374535,37,14.343245688271514,1.3632056067139333,8,"IL"
124631,5.665045454545455,"NM",10500,1622,"10500_20231231",1.0844087995255711,2.4826106494344904,22,15.40763082977814,0.38370496015797567,2,"IA"
150605,5.193275862068965,"SM",10502,3055,"10502_20231231",7.51217606095706,3.099716224141238,29,12.053475117089906,1.4293020114455337,2,"KS"
82032,6.835999999999999,"SM",10503,1298,"10503_20231231",0,2.4335905357780505,12,15.902445017815456,0.6197181640817044,2,"KS"
191204,6.167870967741936,"NM",10505,2030,"10505_20231231",0.03513977822895518,2.0018361336516537,31,9.12378779235596,0.7968734247539131,8,"KS"
191425,3.8285,"NM",10520,3745,"10520_20231231",0.24826333142763166,3.3761350535496772,50,7.661449427857425,1.3682767554883837,8,"KY"
366307,5.635492307692308,"NM",10523,4175,"10523_20231231",0.22096946309809964,2.129949462010623,65,11.017596756166663,0.44740747897828986,2,"LA"
169723,6.788920000000001,"NM",10528,2012,"10528_20231231",1.1872346317149713,2.019296203723137,25,11.215470503844521,3.0379542886459374,5,"LA"
266927,4.305274193548388,"NM",10531,5318,"10531_20231231",0.9806541906201253,4.066289246005822,62,10.131823592879694,3.098440684097036,2,"LA"
295862,4.6962222222222225,"NM",10532,4465,"10532_20231231",0.7602116200371765,3.131665828838498,63,10.4421407052986,2.821323787574448,4,"LA"
343637,6.363648148148148,"NM",10533,5066,"10533_20231231",1.536740532688431,2.9655084326776113,54,11.22762049011612,2.8038645418083217,2,"LA"
219218,6.8505625000000006,"NM",10561,3579,"10561_20231231",0.08739579136579168,2.6319690863967438,32,11.881006422948762,1.4570172685667415,2,"MN"
47852,7.975333333333334,"NM",10567,1205,"10567_20231231",0.4636375678897868,3.3744965218004506,6,6.8832632981449215,0.721773072886636,8,"MN"
192533,6.0166562500000005,"SB",10568,2658,"10568_20231231",2.3914027776494398,3.276634828863128,32,9.244045413933623,-0.12496303176976811,4,"MN"
44602,7.433666666666667,"NM",10571,665,"10571_20231231",0.8605788680077967,2.478173458180532,6,11.998188233050442,0.6212885571213165,2,"MN"
128379,6.1132857142857135,"NM",10576,1823,"10576_20231231",0,2.6075860857853126,21,7.9470890122157885,0.8603342414639216,2,"MN"
2753012,9.693704225352112,"SM",1058,35903,"1058_20231231",0.5361862818529561,2.216858984899096,284,10.219811045738812,0.998943619937428,4,"MO"
222179,4.534265306122449,"NM",10594,4008,"10594_20231231",0.11607661056297155,3.187070868782548,49,10.85105910070903,1.457806980241087,4,"MS"
252835,6.166707317073171,"NM",10595,3250,"10595_20231231",1.4163675883334175,2.0197125896635515,41,8.654744537512089,2.374795675047439,2,"MO"
99940,5.552222222222222,"NM",10597,2402,"10597_20231231",0.2765579176100533,49.1015149839655,18,9.837202047395117,1.8107928784695346,6,"MO"
180599,4.514975000000001,"SM",105,2585,"105_20231231",0.7205526381394302,3.1761713312330566,40,7.9986568166554735,0.9673327716316213,2,"AR"
477239,3.5882631578947373,"NM",10608,8074,"10608_20231231",0.9414356526528365,3.461492088913243,133,8.155599843936184,0.568704567916333,4,"MO"
1217898,6.583232432432434,"NM",1060,14503,"1060_20231231",0.1927182292096922,2.1636306542014174,185,9.828333204715388,1.0643017229708607,4,"MO"
1153145,5.171053811659193,"NM",10618,16327,"10618_20231231",0.3859381148523889,2.719471002312389,223,9.02239041311889,1.0288882750352562,2,"MO"
1867686,6.646569395017794,"NM",10619,27830,"10619_20231231",0.4156105742528828,2.7035434230422055,281,10.308159666153903,0.2420996630006618,4,"MO"
146131,6.088791666666666,"NM",10623,1520,"10623_20231231",1.956070237271068,1.952304410405423,24,8.46577672084229,0.8301190221265683,8,"MO"
35274,3.9193333333333333,"NM",10626,520,"10626_20231231",0,2.8690839263526486,9,12.555814541267656,0.6890319665650062,2,"MO"
135554,5.213615384615385,"NM",10628,1502,"10628_20231231",0.016130333091378336,2.255888885503847,26,7.575778253927094,0.9712653433085694,2,"MO"
8202374,9.216150561797752,"NM",10634,81573,"10634_20231231",0.17058070641263673,1.7900359200482794,890,8.877928283981353,0.7005240461863788,4,"NE"
16716,2.786,"NM",10635,384,"10635_20231231",0.4158004158004158,3.5850242081531576,6,8.1512802443035,0.32031144127828903,2,"NE"
128766,4.952538461538461,"NM",10637,1980,"10637_20231231",4.1339471938947145,2.7629084985134185,26,10.81737274702503,1.5792498407511872,2,"NE"
287047,7.3601794871794874,"NM",10639,4275,"10639_20231231",0.1282697989478994,2.7995291097955777,39,10.248459050408885,1.496459478193184,2,"NE"
513854,6.266512195121952,"NM",10641,7325,"10641_20231231",0.08653399740884155,2.5987938263523382,82,9.571976212420967,1.0710459834673927,4,"NE"
633672,10.740203389830508,"NM",10643,7074,"10643_20231231",0.01606836358324508,2.121971237772743,59,9.151811684207548,1.4787431283798278,4,"NE"
33216,3.3216,"NM",10644,383,"10644_20231231",0.508244861079738,2.510796130385614,10,8.654136701516892,0.946309393365873,2,"NE"
73637,8.181888888888889,"SM",10647,875,"10647_20231231",0.1721524191269046,2.218573027325846,9,9.714359422699324,1.6421377033691942,2,"NE"
558768,5.760494845360825,"SM",10663,6493,"10663_20231231",0.06190564982286034,2.546412023087089,97,9.76176405407402,0.7479483571523832,5,"OH"
1747544,6.496446096654275,"SM",10667,29334,"10667_20231231",0.11837367855024647,2.8716736594771626,269,8.01898983853196,0.7652468644828133,4,"OK"
140088,4.37775,"NM",10672,2332,"10672_20231231",4.312894046755565,3.001516555733423,32,11.810055402810207,1.2778386272362174,7,"OK"
152317,6.0926800000000005,"NM",10674,2367,"10674_20231231",0.019126825017887126,2.604007902174914,25,11.469180603765647,2.3426342571994496,4,"OK"
894577,5.626270440251572,"NM",10677,12321,"10677_20231231",0.0914429519516957,2.744973544973545,159,9.390900290416264,0.9040378724589251,4,"PA"
557855,6.8031097560975615,"NM",10685,6970,"10685_20231231",0.07578804095647601,2.0510357376504014,82,10.087133429625366,0.7573166738186985,4,"PA"
1514367,22.27010294117647,"SM",1068,9933,"1068_20231231",0,1.5179373988438918,68,12.489232243522604,1.796190119443924,4,"MO"
699387,5.506984251968505,"NM",10693,12342,"10693_20231231",0.7715740341364224,3.621403401713245,127,9.981043791911645,1.4214908074824844,4,"TN"
37075,3.7075000000000005,"SM",10704,867,"10704_20231231",0.4686035613870665,4.740494032750486,10,19.257330134020016,0.31085206772134333,7,"TX"
320326,6.6734583333333335,"NM",10709,3895,"10709_20231231",2.6085309083035617,2.146168194227279,48,10.943598719807843,1.7043654883585304,8,"TX"
386883,14.328999999999999,"NM",10719,2502,"10719_20231231",0.04455467601324759,1.1931925226601914,27,9.40378857301848,0.6095417942398439,2,"TX"
869294,6.253913669064748,"SM",1073,9765,"1073_20231231",0.16943289553988283,2.398348655149488,139,15.224689301550818,1.7379035392757152,4,"MO"
79094,4.9433750000000005,"NM",10741,1378,"10741_20231231",0,2.9631646445729176,16,9.239366656317914,0.4605691718915398,2,"WI"
167240,8.802105263157895,"SM",10788,1504,"10788_20231231",0.09211565214121893,1.534791262249169,19,13.087123096825554,0.8435212777321432,2,"IL"
271931,18.128733333333333,"NM",10791,1901,"10791_20231231",0.7593742798806009,1.2947022184897474,15,15.43511060058838,1.404622588978448,2,"IL"
153962,5.132066666666666,"NM",10799,2073,"10799_20231231",0.2498857229925339,2.0551432664378484,30,12.295092665100496,1.1152911628839544,2,"IL"
49705,5.522777777777778,"NM",107,669,"107_20231231",0.07882808907574065,2.702760585098409,9,11.883456071245076,0.8266763754738399,4,"AR"
28777,3.597125,"NM",10803,501,"10803_20231231",0.19568463875585768,3.4278373906547794,8,8.850246561121205,0.5061470688848707,2,"IL"
131399,6.915736842105264,"SM",10804,2080,"10804_20231231",0.2581142823236219,2.885225601733612,19,11.095231908535794,1.0711245259654825,7,"IL"
44892,7.482,"NM",10809,466,"10809_20231231",0.7006498781478473,1.6262360069374056,6,10.049096183887524,0.6194112214789288,2,"IL"
25145,3.592142857142857,"NM",10816,603,"10816_20231231",0,5.659319328818531,7,9.236807675534235,-0.6858473881723677,4,"IL"
58978,8.425428571428572,"NM",10820,660,"10820_20231231",0.3947108742845865,2.038723665766705,7,15.071279614372157,0.9183750975341973,2,"IL"
103803,6.4876875,"NM",10821,1201,"10821_20231231",1.3555406966141876,1.9243074725258373,16,12.190266545437144,1.2667504966554812,2,"IL"
298735,6.223645833333333,"NM",10829,4914,"10829_20231231",0.22385875926648457,2.683175481946608,48,9.11266475798575,0.9874883743967069,2,"IL"
313015,9.78171875,"SM",10831,2818,"10831_20231231",0.03767013314230665,1.529856905323494,32,14.974875925725506,1.5024526783170744,2,"IL"
27489,6.87225,"NM",10840,729,"10840_20231231",0,3.554157867352248,4,10.009081964731703,0.4437915098093227,2,"IL"
38746,3.8746,"NM",10843,766,"10843_20231231",4.941063266778927,3.8958674676861462,10,13.947990543735225,0.37450261371615823,4,"IL"
296739,4.6365468750000005,"N",10844,4369,"10844_20231231",0.2544408809571711,2.7877507617898774,64,10.679578510450197,0.9879685793833646,4,"IL"
212946,6.084171428571429,"NM",10845,2135,"10845_20231231",0.5356512184593651,2.4043771558682097,35,10.08118308098967,0.5394980544085911,2,"IL"
298630,5.429636363636363,"NM",10849,4005,"10849_20231231",0.11385079884262171,2.373774283776794,55,8.97442956946691,1.008516049584737,2,"IL"
243497,5.180787234042554,"NM",10853,3617,"10853_20231231",0.8029131552074332,3.1283169960011508,47,10.101842932201464,1.1607099675968469,4,"IL"
180826,5.6508125,"NM",10855,2602,"10855_20231231",0.8274712518231155,2.800698458714273,32,9.843054688821365,0.839918707037053,2,"IL"
107604,13.4505,"NM",10858,814,"10858_20231231",0,1.4152145877695468,8,14.817295594637894,0.9540983114896681,2,"IL"
177882,3.784723404255319,"NM",10860,2983,"10860_20231231",1.2286021373832348,3.039304402565212,47,10.67211976232734,0.9112705947154406,4,"IL"
326895,7.602209302325581,"SM",1086,3586,"1086_20231231",0.03376620691793778,1.746678103546118,43,13.509832032865704,1.3517444667243494,5,"MO"
100327,7.166214285714285,"NM",10871,1278,"10871_20231231",0.37581092280872225,2.1814734092357564,14,14.402402878696261,2.2621230122823444,8,"IL"
22766,5.6915000000000004,"NM",10872,313,"10872_20231231",0.5521375611295157,2.847355074075722,4,8.989401142757448,0.4893891533567647,2,"IL"
143235,3.493536585365854,"NM",10878,3920,"10878_20231231",1.670592158742731,4.513475802305941,41,13.171113079094482,1.0964235881618565,4,"IL"
62388,5.199,"NM",10883,903,"10883_20231231",1.4445053940391297,2.598317770241137,12,13.801421633270078,0.9492306405215298,2,"IL"
654567,4.223012903225807,"NM",10886,11440,"10886_20231231",0.7498852947923836,3.263983047042661,155,9.078569110744466,1.4379298269189507,2,"IL"
494333,14.97978787878788,"NM",10903,3818,"10903_20231231",0.0375246564148647,1.2637802324999214,33,11.071645027891961,0.5140405411024526,4,"IA"
98317,6.554466666666667,"NM",10906,1102,"10906_20231231",1.2151046859421735,2.241876530649918,15,10.418214846007762,0.47996258753163856,8,"KS"
376532,6.275533333333333,"NM",10907,5589,"10907_20231231",0.20521106847101594,2.2390267030304614,60,11.58066974000844,0.7737093245294672,2,"KS"
306616,5.379228070175438,"NM",1090,5475,"1090_20231231",0.1518625881538528,2.8649675573341646,57,13.958361564928262,1.041414546648144,4,"MI"
307119,5.794698113207548,"NM",10918,4253,"10918_20231231",0.5258148160304591,2.601397552304031,53,13.361547337611167,1.5401412554356395,8,"KS"
110643,7.903071428571429,"NM",10919,1268,"10919_20231231",0,1.7170085814013196,14,17.601015247234933,1.121608999091424,2,"KS"
192984,7.147555555555556,"SM",10920,2178,"10920_20231231",0.20452686119443686,1.8418687326696441,27,20.21656214002304,1.425135878034509,2,"KS"
138682,4.3338125000000005,"NM",10928,2375,"10928_20231231",1.290613524598965,2.8802082810647454,32,11.442601686278143,0.5347524583559731,4,"MI"
156356,4.738060606060606,"NM",1092,2280,"1092_20231231",0.2565154040117613,2.993421496980913,33,9.485156346237382,0.9874508638506532,4,"MI"
448379,4.190457943925233,"NM",10956,7544,"10956_20231231",0.16425102175684433,3.25612045430633,107,10.287856963211926,0.7694984208554145,4,"MN"
879156,7.387865546218488,"NM",10958,11707,"10958_20231231",0.3791439663416603,2.5093345868921237,119,9.682354442203538,1.4631054892050392,2,"MN"
430381,6.520924242424243,"SM",1095,4749,"1095_20231231",0.1984305943898259,2.3257696716760536,66,8.039827975151967,1.1676752986015202,4,"MI"
93650,10.405555555555557,"NM",10960,1032,"10960_20231231",0,1.878973909230432,9,12.141331909782464,1.043630782723087,2,"MN"
249600,5.804651162790697,"SM",10962,4784,"10962_20231231",0.007688221644440717,3.3877063542575176,43,9.642066921743577,0.7904517203718108,4,"MN"
144237,4.652806451612903,"NM",10965,3112,"10965_20231231",0.053319114902692616,3.736751579871512,31,10.960140011939004,1.5708988909840342,7,"MN"
207457,5.606945945945946,"N",10967,3508,"10967_20231231",0.043286114233451786,2.8575177718817066,37,8.936997727325977,0.5223954041133543,4,"MN"
60462,4.650923076923077,"NM",10969,1068,"10969_20231231",2.1221989777212245,2.954040270846962,13,10.519902518277823,1.2980652320591288,4,"MN"
138651,7.29742105263158,"NM",10971,1798,"10971_20231231",0.960200041675349,2.2687514080471503,19,8.229049017393269,1.698728561773391,4,"MN"
765509,7.360663461538461,"NM",10973,12227,"10973_20231231",0.037890814810396814,2.45264086557773,104,10.286847275171478,0.7536040057102055,4,"MN"
252012,6.3003,"N",10976,3719,"10976_20231231",0.008139767202658004,2.450925263067271,40,9.701070552545714,1.1444114638151135,4,"MN"
164255,7.821666666666666,"NM",10980,2222,"10980_20231231",0.10873751217633601,2.1251218810542745,21,9.78082343460689,1.474028833938814,2,"MN"
41146,6.857666666666667,"NM",10982,458,"10982_20231231",0.11398176291793312,2.2719489076797665,6,15.792228805291836,1.8715842381735652,2,"MN"
147802,6.158416666666667,"NM",10984,2706,"10984_20231231",0.5183724393286916,3.0748469740012716,24,10.814426553420372,1.4395223241940722,4,"MN"
86565,7.869545454545454,"NM",10987,1451,"10987_20231231",0.16590970364379187,2.754280085431481,11,9.301222364414633,-0.5810430176105968,4,"MN"
3092549,6.767065645514223,"N",10988,55690,"10988_20231231",1.390316063233721,3.0430765503188164,457,19.140319293287014,1.4712628933184349,4,"MN"
218079,7.034806451612903,"NM",10989,3034,"10989_20231231",0.05902606984751599,2.397421490615319,31,9.061178059791688,1.2471147421490616,8,"MN"
85471,8.5471,"SM",1098,984,"1098_20231231",0,2.1174205967276225,10,9.778803399560983,0.1646624998550506,2,"MN"
103282,5.435894736842105,"NM",10991,1576,"10991_20231231",4.837274816517162,2.780298383866917,19,11.314747975189418,0.8348634325946936,4,"MN"
75310,7.531000000000001,"NM",10993,1159,"10993_20231231",0.005253572429251891,2.517773306505701,10,9.026427783323701,0.15023474178403756,2,"MN"
602428,9.268123076923077,"NM",10998,6691,"10998_20231231",0.25886095168229556,1.9052573452662345,65,7.0455613746753825,1.0626477302571768,2,"MN"
289783,6.439622222222223,"NM",109,3462,"109_20231231",0.8794414745611224,2.062848848260727,45,11.840062384521895,0.6616956689534408,8,"AR"
200444,6.911862068965518,"NM",11002,1965,"11002_20231231",0.4269664590000817,1.9267621191454465,29,13.021575750144333,1.6124342055715015,2,"MO"
107511,4.135038461538461,"NM",11003,2164,"11003_20231231",0.06730146069096166,5.277315288270785,26,20.457570257933234,1.8471742333999164,4,"MO"
362406,8.053466666666667,"SM",1100,4435,"1100_20231231",0.3425704243288676,2.286658818105942,45,8.821676652457748,0.8033597400394382,2,"MN"
164978,9.704588235294118,"NM",11013,1444,"11013_20231231",0.09084223731453044,1.431445783843426,17,20.101648043648865,0.8183904790564023,2,"MT"
6472617,12.716339882121808,"SM",11035,100524,"11035_20231231",1.128084001089012,2.275002393337938,509,10.833558571147456,0.8476069778711913,4,"NJ"
30603575,9.019621279104038,"SM",1105,303420,"1105_20231231",0.8440259345198389,2.0784934286792343,3393,8.163339326674492,0.8877074886460008,4,"MT"
213617760,13.4367694049566,"NM",11063,2912959,"11063_20231231",0.8190152955588375,2.7816746107083947,15898,9.876785221014254,5.9949584421366096,4,"NC"
34237457,12.477207361516037,"NM",110,258846,"110_20231231",0.2520004951042317,1.7149618898401318,2744,13.91023583564,2.237072819088709,4,"AR"
2199963,4.954871621621622,"NM",11112,36336,"11112_20231231",0.7037707551702883,3.1833541599110964,444,8.230132120131104,1.1156581433549502,4,"PA"
438191,4.762945652173913,"NM",11113,5394,"11113_20231231",1.0997400614400232,2.471857428267485,92,21.24020823641893,0.8810191002531627,5,"PA"
9545787,7.673462218649518,"NM",11124,111460,"11124_20231231",0.2998107792336415,2.2917128094064743,1244,10.790960041793102,1.614420283940569,4,"PA"
62701,4.823153846153846,"NM",11133,883,"11133_20231231",4.822928598701794,2.8508113847787446,13,11.205365294908615,0.3066806926366955,2,"SD"
441777,4.963786516853933,"NM",11159,8050,"11159_20231231",0.1673216085523708,3.405174293270007,89,9.75902962549962,0.7424635991587808,4,"TX"
100013,5.883117647058824,"NM",11175,2009,"11175_20231231",5.063394018205462,5.052501039118555,17,14.23981110768915,2.0135051342677452,2,"TX"
769055,6.866562500000001,"SI",11178,13974,"11178_20231231",1.7117330652159786,4.206055737695504,112,8.649711171880911,0.5560434715615507,4,"TX"
1714192,8.881823834196892,"NM",1117,24629,"1117_20231231",0.3334866013132,2.343140336339883,193,8.929628675113362,1.2083980201854727,2,"SD"
131182,5.962818181818182,"NM",11181,1945,"11181_20231231",0.167918422177444,2.91481758321065,22,10.37807542509737,0.8050809553627336,8,"TX"
145155,7.25775,"SM",1118,1650,"1118_20231231",0,1.815808727353102,20,11.152805414598209,0.7512244118556363,2,"SD"
140837,6.123347826086956,"NM",11225,1965,"11225_20231231",0.08488700711187486,2.2056438533895557,23,10.72164352270181,1.5590874689155585,4,"WI"
442163,6.802507692307692,"NM",11228,5235,"11228_20231231",0,1.943711448335567,65,17.445460273140572,1.1681691930753373,4,"WI"
633727,5.867842592592592,"NM",1122,8218,"1122_20231231",0.06365799886116424,2.449453399149081,108,8.965230727799982,1.5111301793197671,2,"SD"
179417,8.97085,"NM",11232,2172,"11232_20231231",0.14043327117434445,2.1065735999101074,20,9.563374459239938,0.6079970807239894,4,"WI"
106661,10.6661,"NM",11235,913,"11235_20231231",0.6730168644597126,1.730665543718245,10,15.394299427582272,1.2259290889556187,4,"WI"
1504309,6.3741906779661015,"NM",11236,22646,"11236_20231231",0.8765875550615113,2.794098420009856,236,8.885625028829896,0.7805748039679108,4,"WI"
22582477,8.010811280595956,"SM",11241,242242,"11241_20231231",0.4443827294351755,2.0241309592776644,2819,11.924290380612494,1.8511291160299572,4,"AR"
167655,5.7812068965517245,"NM",11242,2476,"11242_20231231",0,3.1546656508500317,29,16.646541933169946,3.179892885163107,2,"AR"
180944,4.639589743589744,"SM",11243,2760,"11243_20231231",0.23212139423076922,2.6503180941442244,39,11.651357329356786,1.729563444753042,2,"AR"
205450,5.552702702702703,"N",11252,3632,"11252_20231231",3.1759377003352496,2.844227589902346,37,31.373927584011856,1.6880455951255449,2,"AR"
230211,5.755275,"SM",11259,3128,"11259_20231231",0,2.5705443387144387,40,11.714574667507332,2.182050075903107,4,"CO"
217918,7.029612903225806,"SM",1125,3312,"1125_20231231",0.3525969990853424,2.225537259696019,31,14.82059850578428,1.4899033193443307,2,"SD"
63993,6.3993,"NM",11261,1008,"11261_20231231",0,2.777317766553504,10,13.527264683110277,1.8751207529463718,2,"CO"
339469,5.657816666666666,"NM",11295,5540,"11295_20231231",0.09771469751193951,2.966150662843873,60,11.287614462236984,1.7530311173723734,4,"GA"
345981,5.0142173913043475,"NM",11299,8230,"11299_20231231",0.6997785952127752,4.504655951873488,69,8.487036541407331,1.5105576935777283,4,"IL"
25023,4.1705,"NM",11300,397,"11300_20231231",0.33456005352960855,2.6453816363248253,6,13.055008639048499,1.2693257707437562,2,"IL"
31070,6.214,"SM",11302,293,"11302_20231231",0.3131640756067554,1.77855166195081,5,16.256468889156338,1.5142563975000778,2,"IL"
582404,7.102487804878049,"NM",11306,9731,"11306_20231231",0.08795558243087241,2.7304001512471707,82,9.150275426350627,0.48413229886864995,4,"IL"
320718,7.636142857142858,"NM",11307,4691,"11307_20231231",0.13562597746065785,2.5769261123768787,42,14.491303071157263,1.8216703734036128,2,"IL"
328624,5.477066666666667,"NM",11310,4661,"11310_20231231",0.8182793546168101,2.6466571332165754,60,9.534780454214905,0.9569870013014766,4,"IL"
144457,4.981275862068966,"SM",11317,1917,"11317_20231231",2.241699955799815,2.6893694084412942,29,9.674354262878063,0.8402905779030684,4,"IL"
96350,5.071052631578948,"NM",11319,1173,"11319_20231231",0,2.6777408479790257,19,8.041882186368879,0.72207405363095,2,"IL"
95004,5.588470588235294,"NM",11324,1262,"11324_20231231",0.08752096856538547,2.3655552450483808,17,8.55,1.2324466412827053,2,"IL"
286687,9.556233333333333,"NM",11329,2317,"11329_20231231",0.30698515228006745,1.198526375624065,30,11.486391301472851,1.7091587911894757,8,"IL"
54977,6.8721250000000005,"NM",11343,705,"11343_20231231",0.10300381392500209,1.9495566151241033,8,13.704119850187265,1.4872331892518158,2,"IA"
467629,9.949553191489363,"NM",11347,6868,"11347_20231231",0.914704828545535,2.093065333245608,47,11.00723807163729,0.7118283405071664,4,"IA"
85956,8.595600000000001,"NM",11352,1145,"11352_20231231",0.0052225684591682186,2.0964641505848416,10,9.022045028142589,1.733450602139587,2,"IA"
113425,4.3625,"NM",11355,1661,"11355_20231231",2.1968972479013917,2.8359125394165825,26,14.609145906533168,0.9851977506964029,5,"KY"
330716,5.8020350877192985,"NM",11358,4005,"11358_20231231",0.0378627586360498,2.303070237366844,57,13.400267330943558,3.493826579438666,4,"KY"
1737536,7.425367521367521,"NM",11406,22104,"11406_20231231",0.37735260321065134,2.396422509592985,234,8.937703507136199,0.98581542052233,4,"MI"
561432,7.10673417721519,"NM",11407,7929,"11407_20231231",0.06837671772761375,2.623745148917821,79,7.15116370850194,0.9622731433499512,4,"MI"
127379,5.307458333333334,"NM",11409,2142,"11409_20231231",0,2.426311162282829,24,10.318650004452493,0.9081067889781962,8,"MN"
103386,6.081529411764706,"NM",11411,1525,"11411_20231231",0.021816595156715878,2.4562304865035767,17,5.562651052207572,0.2657787614116903,2,"MN"
229493,6.9543333333333335,"NM",11415,3160,"11415_20231231",0.9982112590190733,1.9249873026081832,33,7.868750485965322,0.7089936947484303,2,"MN"
42529,7.088166666666667,"SM",11417,574,"11417_20231231",0,2.380850140035975,6,10.675256502028157,1.6007519478598589,2,"MN"
191847,5.185054054054055,"SM",1141,1655,"1141_20231231",0.47511555412232614,1.6340104200650951,37,14.770146951715866,1.0368086421732836,4,"CO"
319272,7.787121951219512,"NM",11431,3568,"11431_20231231",0.01199576149760418,2.2033506426960114,41,10.596404336161793,0.5133444563172925,8,"MS"
156401,9.200058823529412,"NM",11445,2771,"11445_20231231",0,3.774623598859189,17,19.4463123437837,3.9948265570073622,2,"MS"
278625,4.493951612903226,"NM",11446,4595,"11446_20231231",0.9260622592819336,2.8897265044807074,62,11.34307246723894,0.8224442518275357,4,"MS"
510463,4.289605042016807,"NM",11448,7578,"11448_20231231",0.6734557012674492,3.262896273305587,119,9.27602693707911,1.0474467655101178,4,"MS"
958520,6.750140845070423,"NM",11459,13712,"11459_20231231",0.2426014901469257,2.3801168374226878,142,10.929946427823575,1.7983676578769086,4,"MO"
154854,5.1618,"NM",11462,2539,"11462_20231231",0.008478887569950824,2.482746200304876,30,8.84391391303254,1.0651367118406412,2,"MO"
181462,6.480785714285715,"SM",11463,2054,"11463_20231231",0.9115624500239885,1.9584477312813358,28,14.292135589030167,1.233974413227393,8,"MO"
62872,6.985777777777778,"NM",11465,879,"11465_20231231",0.3752042906797413,2.607051328268892,9,13.77974178442462,1.5140888920933098,2,"MO"
119866,3.1543684210526317,"NM",11466,1730,"11466_20231231",1.5045440269095551,2.885196696359672,38,9.88304533560722,0.9486251488882735,5,"MO"
82154,7.468545454545454,"NM",11475,994,"11475_20231231",0.8509475574292016,2.55215383184716,11,12.556470393606597,0.8369411351401618,4,"NE"
247841,9.532346153846154,"SM",11477,2259,"11477_20231231",0.07653555512497577,1.503563133488606,26,15.326128144718847,0.9863471133689027,2,"NE"
497065,6.061768292682927,"SM",1147,8251,"1147_20231231",2.9693572435369937,2.5546242761521762,82,9.826806907217374,1.5692516132579504,2,"KS"
512713,5.82628409090909,"NM",11482,7694,"11482_20231231",0.2688294389474994,2.323767724778314,88,15.743189839342032,1.2088907718098176,2,"NE"
499896,9.613384615384616,"NM",11491,3153,"11491_20231231",0,1.4733785957530587,52,11.298093665627395,1.821788034661258,4,"NM"
1339475,7.654142857142858,"NM",11492,18544,"11492_20231231",0.25084770562473047,2.663976350038482,175,10.197053437935727,0.9110591900070655,4,"NM"
659983,4.3707483443708615,"N",11501,12572,"11501_20231231",0.643121687708457,3.1135526744788167,151,8.458993541748306,0.7070671352678314,4,"NY"
3801223,7.254242366412214,"NM",11507,53363,"11507_20231231",0.32100750486653257,2.208852817222845,524,9.31835272170965,1.5549585011717082,4,"NC"
160491,5.944111111111112,"NM",1150,2198,"1150_20231231",0.0180635838150289,2.457890689854363,27,8.814744950090388,0.7797666183377137,8,"KS"
259595,7.63514705882353,"NM",11519,4923,"11519_20231231",0,2.8305927105622266,34,12.317133696243019,1.5030272238452094,2,"ND"
447038,5.451682926829268,"SM",11521,12657,"11521_20231231",0.09480912648600753,4.3103538012682066,82,7.848541102522255,-1.5997275216839695,4,"OK"
1223329,8.10151655629139,"N",11522,13874,"11522_20231231",0.2303842418168433,2.305189552587586,151,8.84581881151032,1.5306214161169132,4,"OK"
359198,8.353441860465116,"SM",11526,4239,"11526_20231231",0.20700334358916306,2.1835354028807865,43,10.495274337586146,2.476761147987333,2,"OK"
53471,3.819357142857143,"NM",11527,1229,"11527_20231231",0.6779908143179996,3.4747769076670916,14,13.180478340360436,1.02349298852668,2,"OK"
458954,4.731484536082474,"NM",11539,6750,"11539_20231231",3.283745042125234,2.6828427955055836,97,6.4258342285829535,0.13223631843868303,4,"SC"
297261,6.755931818181819,"NM",11557,3398,"11557_20231231",0.03319040528175963,1.992257803603822,44,11.948047788347587,0.9306708542534445,7,"TX"
574437,9.904086206896553,"NM",11559,5533,"11559_20231231",1.1734760617423912,1.6020308236435028,58,13.396904902696408,0.6120518354424362,5,"TX"
1361427,5.696347280334729,"NM",11569,20517,"11569_20231231",0.18488321485565065,2.7695974537710786,239,9.626569282907871,0.6194858957941373,4,"TX"
118823,3.60069696969697,"NM",11570,2907,"11570_20231231",0,5.274624582405072,33,20.066967184224684,-2.040045854331878,4,"TX"
3616933,9.0423325,"NM",11578,45375,"11578_20231231",0.17920280597897909,2.2074274414280204,400,11.267549671022223,0.7808116610091945,4,"VA"
679092,9.05456,"NM",11580,6393,"11580_20231231",0.06020120035692895,2.144929968132553,75,18.32030634958926,2.6344484526991314,8,"VA"
245387,5.985048780487805,"NM",11582,2629,"11582_20231231",1.0335320302512208,1.961891570904784,41,11.748769657427742,1.042431871798274,4,"VA"
585905,5.2784234234234235,"SM",11595,9373,"11595_20231231",0.2854633865027459,2.600660025328703,111,9.794940715983389,0.7205225149163054,2,"WI"
266187,6.337785714285714,"NM",11601,2778,"11601_20231231",2.5516061103324903,2.036760262094496,42,9.980390613258521,0.3529828376786999,8,"WI"
400578,13.3526,"NM",11608,4013,"11608_20231231",0,1.6433504627135684,30,10.120899874745577,0.6407126045977095,4,"WI"
591609,6.036826530612245,"NM",11623,10594,"11623_20231231",0.7785521050203833,3.154389253910243,98,9.427519070397777,0.3176642740487993,4,"WI"
120807,7.5504375,"SM",1163,1377,"1163_20231231",0.0011167694094523363,2.3612481720682252,16,7.174380626145145,0.42909578851032926,5,"NE"
790557,6.699635593220339,"NM",1164,7058,"1164_20231231",0.07080372852434409,1.8268914326975643,118,8.960575173174362,0.7095983658278985,7,"NM"
137800,19.685714285714287,"NM",1165,1045,"1165_20231231",0.08952187182095626,1.2347690381663678,7,12.451103402465126,2.4395263288773035,2,"OK"
3184082,7.25303416856492,"NM",11666,42770,"11666_20231231",0.2781950108220401,2.116275412183673,439,9.661660419102947,1.0920083304598542,4,"ID"
180583,9.02915,"NM",11667,1239,"11667_20231231",0.4776802897663907,1.4340902078564108,20,16.557019477808936,1.7871236957694918,2,"IL"
296653,5.2044385964912285,"NM",11669,3671,"11669_20231231",0.7790829494199087,2.2305366160417157,57,8.847557854468063,0.8543004478658667,4,"IL"
1306606,7.731396449704142,"NM",11670,17047,"11670_20231231",0.05716456732033784,1.9818590177311004,169,9.730597116123493,1.252794038037156,2,"IL"
170427,8.52135,"NM",11671,1699,"11671_20231231",1.5934799409822245,2.098924157337441,20,11.94305463005839,0.9387849163705168,2,"IL"
248152,6.2038,"NM",11674,3506,"11674_20231231",0.13409760201935214,2.324797082371293,40,10.20472660707103,0.8887453209065203,4,"IL"
256541,15.09064705882353,"SM",1167,1766,"1167_20231231",0.4239735377507088,1.2151507697419073,17,9.458804289621837,0.38135687975797616,4,"WY"
163694,5.4564666666666675,"SM",11680,2262,"11680_20231231",0.6300123263281239,2.3295939592877155,30,13.207846777739777,1.117002729382342,2,"IL"
47374,5.263777777777778,"NM",11681,781,"11681_20231231",0,3.1390351089003716,9,14.922132872554883,0.32356208045588447,2,"IL"
104196,5.788666666666667,"NM",11682,936,"11682_20231231",0.1290022962408731,1.7611198916233912,18,13.290293222604591,0.44968766463460524,7,"IL"
127105,10.592083333333333,"NM",11686,1269,"11686_20231231",0.7183250761638715,1.813328903827614,12,11.945218542175311,1.6415227077307901,2,"IL"
204266,6.589225806451613,"NM",11699,2810,"11699_20231231",0.784934023916702,2.423050934518004,31,12.310300089972312,2.184058108379425,4,"IL"
266662,8.3331875,"SM",1169,3067,"1169_20231231",0.6149131907467589,1.9262052180930884,32,11.152605533628513,1.1502849901010075,2,"WY"
340900,6.8180000000000005,"SM",11702,4103,"11702_20231231",0.4119079610345986,2.132556874693879,50,9.737421820093196,1.4330229301698052,2,"IL"
68759,4.0446470588235295,"NM",11706,1283,"11706_20231231",1.3297810726282868,3.1050710689740586,17,9.962690917570246,0.9579315839891137,2,"IL"
328522,8.645315789473685,"SM",11708,2512,"11708_20231231",0,1.4497644327364718,38,13.160756209069566,1.2253108883939774,4,"IL"
239050,8.853703703703705,"NM",11711,2488,"11711_20231231",0,1.5593239441155042,27,11.114782769890427,1.9344633132212476,2,"IL"
84036,5.6024,"NM",11715,1125,"11715_20231231",1.1145529190318804,2.710091299754102,15,8.823007278537192,0.6656780203067331,2,"IL"
21035,7.011666666666667,"SM",11716,293,"11716_20231231",0.8081128188876565,2.455421233453134,3,11.270631385905162,0.1831665033019475,2,"IL"
126348,4.859538461538461,"NM",11719,2052,"11719_20231231",0.006505193312661275,2.3786455328274854,26,11.126542846605933,1.4688661037957242,2,"IL"
670702,7.370351648351648,"NM",11722,7600,"11722_20231231",0.13775402076906773,1.9346406369940703,91,10.378193534300896,1.1074687417571214,2,"IL"
890895,4.616036269430052,"NM",11729,18526,"11729_20231231",0.4889363616843482,3.338804754321144,193,8.75641886891275,0.21098118590240086,4,"IL"
36565,6.094166666666666,"NM",11731,515,"11731_20231231",0.8467619993951699,2.3750493659221554,6,13.485368869350186,1.025714160340515,2,"IL"
228799,4.973891304347826,"NM",11732,3268,"11732_20231231",0.48307493765368587,2.513712389069074,46,10.461163862241792,0.5107740844419658,2,"IL"
280577,2.1920078125,"NM",11734,11017,"11734_20231231",0.397286689186417,6.403499215297141,128,8.993224844287584,0.06661876985681013,2,"IL"
640548,6.536204081632653,"NM",11739,8168,"11739_20231231",0.46190126792710295,2.0989546895919498,98,10.185458079889633,0.6039663490322009,4,"IL"
483626,7.5566562500000005,"NM",11741,5791,"11741_20231231",0.011381386331347478,2.2991742750453064,64,9.21261357032208,0.636545584703988,2,"IL"
168505,6.240925925925926,"NM",11746,1901,"11746_20231231",0.5039632543327943,1.8059529605977245,27,7.273371189838769,0.759788019755715,2,"IL"
223187,5.072431818181818,"NM",11747,3628,"11747_20231231",2.0766458045657514,2.82622794731504,44,12.343813250573472,0.19189371934012708,4,"IL"
122639,6.13195,"NM",11750,1345,"11750_20231231",0.3161638782769069,1.971851575126083,20,17.34113659401926,0.821875532960295,7,"IL"
121148,6.0573999999999995,"NM",11759,1767,"11759_20231231",0.27481917991769095,2.277553996865339,20,19.622284853077662,1.2597396538048804,2,"IA"
811807,6.244669230769231,"SM",11763,11573,"11763_20231231",0.03845305448410309,2.5646935670204787,130,8.592106914531508,1.030175152799508,4,"IA"
101010,9.182727272727274,"NM",11764,1082,"11764_20231231",0,1.798546932192804,11,10.539833158519011,1.3390280731435438,2,"IA"
430711,7.556333333333334,"NM",11767,6512,"11767_20231231",0.5244649534569179,2.2064887112471494,57,9.88304136377723,1.7296234110681041,2,"IA"
1618384,8.795565217391305,"NM",11771,18927,"11771_20231231",0.11397829424094315,2.063536842797623,184,8.892978250808682,0.4592631646019736,2,"IA"
354337,4.662328947368421,"NM",11777,5121,"11777_20231231",1.4361851977485585,2.782202517178265,76,9.568752879950127,1.007368226352797,8,"KS"
263237,5.600787234042554,"SM",11778,3453,"11778_20231231",0.37411022433132013,2.1701187651815976,47,8.133465959497812,0.7768105737396376,2,"KS"
193420,5.688823529411765,"NM",11782,3067,"11782_20231231",0.30438259344287666,2.7384836702144293,34,15.551412924656342,1.1623179643277841,4,"LA"
244383,4.611,"NM",11785,4172,"11785_20231231",1.6293313965125789,3.5884650121481183,53,9.223781121983317,1.0379962601605333,2,"LA"
181908,4.916432432432432,"NM",11788,3239,"11788_20231231",0.01504201508303876,2.815488245664465,37,10.418138037270397,1.3487237947010675,4,"LA"
217599,4.440795918367347,"NM",11792,3626,"11792_20231231",0.361296041158845,3.2854792405309987,49,10.56372899109651,3.7609906378130415,2,"LA"
943853,6.011802547770701,"NM",11807,16342,"11807_20231231",0.048452436937339596,2.765844038965874,157,10.206074392802151,0.8881465944605347,4,"MI"
330102,5.001545454545455,"SM",11810,4569,"11810_20231231",1.113186252116196,2.668140805123627,66,8.694640550089089,0.5861069920727706,4,"MI"
48934510,9.175794112132008,"NM",11813,635797,"11813_20231231",0.9030018153294878,2.340953968494975,5333,9.295283490251153,1.0993063904209885,4,"MS"
52864,3.7760000000000002,"NM",11817,801,"11817_20231231",0,3.2843880608055627,14,16.2647126702054,0.643562525428117,4,"MS"
228168,6.710823529411765,"NM",11821,2646,"11821_20231231",0.5508935671535596,2.699591564385077,34,11.77048806663311,1.0666779948318699,2,"MT"
255067,6.712289473684211,"NM",11823,3492,"11823_20231231",0.02776317421687174,2.231112658174738,38,9.411710561135848,1.0640810675153414,8,"MT"
537464,4.07169696969697,"SM",1184,11305,"1184_20231231",0.12117335711812789,3.6116856745304506,132,9.517986399541742,1.5191584510997815,8,"TX"
845955,6.557790697674419,"SM",11860,9387,"11860_20231231",0.03251872894719081,2.0135965502747757,129,8.960618115425076,1.0776161588524893,4,"OH"
164095,6.5638,"NM",11862,2236,"11862_20231231",0.9731076591541707,2.7512816644697633,25,8.891228858929384,0.6083732938962353,2,"OK"
2503009,8.427639730639731,"NM",11868,23758,"11868_20231231",0.1968803855322262,1.9943204485091137,297,9.083234271032829,0.8302215002210329,4,"PA"
48712,5.412444444444445,"NM",11891,661,"11891_20231231",0.48866567123659566,2.0963762057222097,9,17.27482020251411,0.7586108448722394,2,"TX"
149434,12.452833333333333,"NM",11902,730,"11902_20231231",0,1.135319913891258,12,19.117306408317322,1.0691529714198116,2,"TX"
222440,5.561,"NM",11903,4104,"11903_20231231",0.2558815322948354,3.110216003408855,40,10.329917156965271,1.0334002236150615,4,"TX"
189823,5.93196875,"NM",11904,2098,"11904_20231231",0.023076035537094725,2.1195415251239953,32,13.516747033702137,1.0697952737771124,5,"TX"
178144,6.362285714285714,"NM",11905,2011,"11905_20231231",0.768948783297839,2.2011841323533092,28,11.021223945940802,2.0031458495045626,8,"TX"
299466,18.716625,"NM",11907,3357,"11907_20231231",0.13306159572855433,1.839660683237972,16,11.401723894305496,2.3085799514414322,2,"TX"
116409,7.7606,"NM",11916,1447,"11916_20231231",0.061374010663734345,1.8905426879429361,15,16.588492002130476,2.837517223525164,4,"TX"
280239,5.389211538461539,"NM",11922,4356,"11922_20231231",0.8594267494470703,3.178067428331933,52,10.225675336987436,1.248226598215609,4,"TX"
165103,5.15946875,"NM",11932,2134,"11932_20231231",0.035019664888745215,2.7293371345354016,32,7.716076410173011,0.9941130734199711,5,"TX"
533813,11.357723404255319,"NM",11934,7953,"11934_20231231",0.004725153567490944,2.3370697252372796,47,10.672807180718635,1.2310577684758548,4,"TX"
857644,10.459073170731708,"NM",11935,7155,"11935_20231231",0.07426804361326837,1.403034563954974,82,10.300789116694753,1.2028987128358692,4,"TX"
549872,4.544396694214876,"NM",11952,9733,"11952_20231231",0.37493142210134356,3.544764712159712,121,7.892206482314787,0.44774776040671743,4,"WV"
337436,4.382285714285714,"NM",11953,4679,"11953_20231231",1.5496756266612701,2.7900728413759555,77,11.691404387219837,0.7630681144486047,4,"WV"
3967808,8.644461873638344,"NM",11971,47434,"11971_20231231",0.1889220381722476,2.221193679101548,459,10.501359133130906,1.2938386912272937,4,"ME"
294198,5.550905660377358,"NM",1198,3778,"1198_20231231",0.002328871603486321,2.35456903850345,53,9.557142060349156,1.7153456389212705,8,"TX"
14205156,12.671860838537022,"SI",12010,148497,"12010_20231231",0.46310819103817547,1.9562066727253955,1121,9.69121260447889,0.9389760538311248,4,"NJ"
1425543,29.092714285714287,"SI",12013,7999,"12013_20231231",0.17470141939231132,1.0902452101558946,49,11.284308047274594,-0.8451707919616134,9,"NJ"
189717,4.627243902439025,"NM",12079,3505,"12079_20231231",0.8338786575675423,3.091273611146772,41,10.977717007497784,1.0072448883525476,4,"GA"
14509,4.836333333333333,"NM",12086,179,"12086_20231231",0,3.2918305822552076,3,21.471603601164286,0.5407524570439767,2,"IL"
217351,7.494862068965517,"NM",12087,2266,"12087_20231231",1.854922651735401,1.9955650051875558,29,12.565238157266293,0.28084038402525097,4,"IL"
3182363,6.521235655737706,"N",1208,48719,"1208_20231231",0.24074631357207343,2.4727578126297325,488,10.777173307906915,1.0190486514004327,4,"TX"
30832,3.854,"SM",12098,513,"12098_20231231",0.1659980633559275,3.625602633951319,8,10.363890605183572,0.7806477743372661,8,"IL"
1350673,5.512951020408163,"N",1209,19634,"1209_20231231",0.11601169310310483,2.7935760540964494,245,9.754526449534982,1.2001853159129197,4,"TX"
64825,5.8931818181818185,"NM",12107,1007,"12107_20231231",0.9538125170811698,2.649045814009263,11,8.289880054585936,0.49679342426158424,2,"IL"
2247771,10.170909502262445,"SM",1210,29483,"1210_20231231",0.06617550025910154,2.5470484348042928,221,11.281622390333304,1.3983942035101267,4,"TX"
475656,10.340347826086957,"NM",12113,3678,"12113_20231231",0,1.1026131075911065,46,11.469857665895699,1.5663089299695372,2,"IL"
54957,6.869625,"NM",12121,638,"12121_20231231",0,2.1903565900528608,8,10.536918953885962,1.1973949358955638,2,"IL"
229251,6.550028571428571,"NM",12126,3442,"12126_20231231",0.521492799965663,2.6346049356196057,35,10.675047538559053,1.417939141438301,2,"IA"
134613,9.615214285714286,"NM",12128,1262,"12128_20231231",0.05373734572181389,1.4925577302179103,14,15.690087404295683,0.29942349577691274,2,"IA"
93870,4.081304347826087,"NM",12135,2171,"12135_20231231",0.33842952896403694,3.924504723841124,23,9.655194176799764,0.6108136641278938,2,"KS"
118851,5.167434782608695,"NM",12136,1938,"12136_20231231",0.07190211562835137,2.450874684413598,23,8.312317327766179,0.7489474923944092,2,"KS"
52962,7.566000000000001,"NM",12139,704,"12139_20231231",0,2.2552580781178073,7,11.399074127878823,0.21276019604884977,2,"KS"
2266758,1.554703703703704,"SI",1213,219546,"1213_20231231",2.4710775603163477,13.089488969992699,1458,15.010044591631743,-0.9422922998863902,9,"TX"
295547,3.6042317073170733,"NM",12149,3086,"12149_20231231",0.2796889313349056,2.469017155924016,82,12.192478296139042,1.6924144500395015,4,"KY"
187981,6.482103448275862,"NM",12162,2327,"12162_20231231",0.10862544771299396,2.2078477960830902,29,12.335278432584921,0.9941866559513618,7,"KY"
304504,5.745358490566038,"NM",12163,4411,"12163_20231231",0.938852436130113,2.357279045533812,53,12.58623098261743,0.42162172259158603,8,"KY"
473127,9.65565306122449,"NM",12166,4366,"12166_20231231",0.029472362085871995,1.73853762248105,49,8.564537157757497,0.45895729339988905,4,"KY"
186076,6.002451612903226,"NM",1218,2899,"1218_20231231",0.23129786766029212,2.695731628882807,31,9.949957756547736,1.2752329795208672,2,"TX"
568880,4.625040650406504,"SM",1219,9346,"1219_20231231",2.269086347338888,2.8329383030409563,123,9.380871028565881,0.2453445908367443,2,"TX"
314841,5.24735,"NM",12201,4696,"12201_20231231",0.1470047776552738,3.039833901214392,60,10.88564875491481,1.1938992614976642,8,"MS"
686856,3.400277227722772,"NM",12203,17878,"12203_20231231",0.5757765113252491,4.897800690346419,202,15.069883466415584,0.9396830217647149,4,"MS"
1405202,5.322734848484848,"NM",12204,18384,"12204_20231231",0.40372133882219907,2.6582098400937153,264,8.641083666361725,0.2435291050390956,4,"MS"
150263,8.839,"SM",12207,2330,"12207_20231231",0.5775773399794287,2.827940646960537,17,12.252967040232734,2.1779323532862507,7,"MS"
430233,5.002709302325582,"SM",12208,6656,"12208_20231231",0.06897810331868193,2.9585798816568047,86,9.290347871468683,1.4501473027886373,4,"MO"
269388,4.988666666666667,"NM",12214,3524,"12214_20231231",0.02560869907808683,2.3693963311572515,54,8.509736398864117,1.684783451441331,2,"MO"
547893,3.078050561797753,"NM",12219,22180,"12219_20231231",0.3762980002387127,5.6260159382705455,178,14.297720904199945,1.0798181960822266,4,"MO"
118163,5.6268095238095235,"NM",12220,2047,"12220_20231231",0,3.265779664782405,21,8.356501641321096,1.3461364403083935,8,"MO"
475157,8.484946428571428,"SM",12223,3874,"12223_20231231",0.4073999327278843,3.0899219774151803,56,9.199355118228326,0.5062405422379962,4,"MO"
44910,4.4910000000000005,"NM",12225,655,"12225_20231231",0,3.0424127069682836,10,8.245738009009806,0.32845424379726795,7,"MO"
85212,7.101,"SM",12226,1198,"12226_20231231",0,2.749482936918304,12,9.744110385564966,1.5253360910031024,2,"MO"
6554829,7.218974669603524,"SM",12229,111348,"12229_20231231",0.2166611318934191,2.9104639052468984,908,8.893169323551584,0.27738366425511757,4,"MO"
254582,4.8958076923076925,"NM",12230,3697,"12230_20231231",0.4875955444713258,2.7187561939164495,52,10.44434674686514,1.4415656469573095,8,"MO"
139381,5.162259259259259,"NM",12232,1778,"12232_20231231",0.59307575353118,2.1396512397910383,27,12.373955527807825,1.9027297476271063,2,"MO"
609362,7.254309523809523,"NM",12241,7350,"12241_20231231",0.269065855218797,1.9883623657018012,84,10.443384058575148,1.2659335776215395,2,"NE"
181883,6.062766666666667,"NM",12244,2580,"12244_20231231",0.30868551418542706,2.05891928749721,30,11.806329396032984,1.2316657895868441,2,"NE"
65283,7.253666666666667,"NM",12246,1202,"12246_20231231",0,2.5174478136052114,9,13.025718370489074,1.163711060437593,2,"NE"
357386,4.963694444444445,"SM",12248,5790,"12248_20231231",1.0692845601790024,2.971356016815262,72,9.6761483195426,0.8652788849715539,2,"NE"
435612,4.840133333333333,"NM",12258,6838,"12258_20231231",3.7489758038894374,3.244378497943776,90,10.295317940616332,1.5613149591525368,4,"NM"
666801,8.232111111111111,"SM",12259,6800,"12259_20231231",0.40429267327711976,2.1454471073624615,81,8.725188487133623,1.252113712642945,4,"NM"
12035854,15.235258227848101,"SM",1225,120939,"1225_20231231",0.5487981890475212,1.6239141589704416,790,11.006205754486018,0.5752929135585397,4,"CA"
429605,4.881875,"NM",12266,8622,"12266_20231231",0.33372726529459423,3.7868239354225537,88,15.959450618275628,1.1794214285276738,4,"NC"
128235,6.106428571428572,"SM",12283,1510,"12283_20231231",0.6551465063861758,2.122056843654516,21,13.422128468196757,0.39762071900677903,7,"OK"
17432,4.358,"NM",12284,365,"12284_20231231",0,3.113693673939261,4,12.417040104373475,0.8332419690823375,2,"OK"
496173,6.443805194805194,"NM",12285,7167,"12285_20231231",0.9693408482232083,2.574207211910158,77,8.690188942419457,0.9304811244077631,2,"OK"
23308,3.8846666666666665,"NM",12293,402,"12293_20231231",0,3.0714255328200113,6,14.91242633020669,1.5016803505338836,2,"SD"
104017,6.934466666666666,"NM",12298,1224,"12298_20231231",2.6028383689879684,2.542946507934737,15,15.415787990398538,3.096165218070448,4,"TX"
1214112,7.782769230769231,"SI",12299,19007,"12299_20231231",0.5518522506414167,2.7155854188382382,156,11.685316962983961,1.3882973721909104,4,"TX"
310588,6.338530612244899,"SM",12303,5164,"12303_20231231",0,3.0940505232851825,49,11.270277780439427,0.6644023215802932,4,"TX"
149636,13.603272727272726,"NM",12305,919,"12305_20231231",0,1.4698527413396887,11,12.5032589373889,1.0806794772213029,2,"TX"
137175,5.487,"N",12309,1573,"12309_20231231",0,2.1651408632530966,25,9.122899159663865,1.3876081648310306,4,"TX"
144249,7.592052631578947,"NM",12315,1596,"12315_20231231",0.04995703694822452,2.0286248835704868,19,14.735145385587863,0.8146710581060441,7,"TX"
687642,7.903931034482759,"NM",12322,8041,"12322_20231231",0.3808537664068952,2.1176100619235614,87,8.746695277952316,2.4232969479099062,8,"WI"
130686,10.890500000000001,"NM",12325,1599,"12325_20231231",0,2.234247792569585,12,11.450706892198939,0.9974463452317102,2,"WI"
404521,6.129106060606061,"NM",12327,3997,"12327_20231231",0.005259167386149983,1.580385179510184,66,12.887336001806554,1.6867354499221272,4,"WI"
457860,8.805,"NM",12331,4701,"12331_20231231",1.0739497989670284,1.7150846488024434,52,11.059630543353991,1.8231810227251497,4,"WI"
181232,4.769263157894737,"NM",12349,2932,"12349_20231231",0.18189672813260271,2.644831872308824,38,8.57163405418264,1.1685942273473586,8,"WI"
79732,8.859111111111112,"NM",12354,849,"12354_20231231",0.9967899983105254,1.9312559089158303,9,14.816068313764285,0.7649604994868839,8,"WI"
380160,8.088510638297873,"N",12365,3983,"12365_20231231",0.21927820922795796,1.9630701357132359,47,9.371361732223491,0.8535681333106807,2,"IL"
151314000,7.566835025253788,"SM",12368,2343000,"12368_20231231",1.0256981430104697,2.7659430051272413,19997,9.436708100241658,1.4645531155039002,4,"AL"
131736,10.13353846153846,"NM",12372,1483,"12372_20231231",0.28458810817391833,1.6797876235811058,13,12.721978520647406,0.7414866349322593,2,"CO"
367292,4.221747126436782,"NM",1237,6311,"1237_20231231",0.05619012092680646,3.0410789983271047,87,9.728691086724131,0.791976251144042,2,"ID"
3339855,11.760052816901409,"NM",12383,41636,"12383_20231231",0.11074825752364671,2.182651505566684,284,7.891888344873972,0.9832799736522273,4,"IL"
170875,7.119791666666667,"NM",12384,1982,"12384_20231231",0.17978294817789325,2.234436966470298,24,13.078570861872901,0.932873146400493,2,"IL"
307773,6.690717391304348,"NM",12386,3817,"12386_20231231",0.38362765923718334,2.1449570515873666,46,9.88502343307411,0.6372460459539803,2,"IL"
98320,4.46909090909091,"NM",12388,1354,"12388_20231231",2.0701775288931255,2.429091596544329,22,13.264729050110077,0.5917649167098264,5,"IL"
98124,12.2655,"NM",12395,625,"12395_20231231",0.6290616896628998,1.8194633573634569,8,11.486689501832823,0.9801120664307448,2,"IL"
103785,9.435,"NM",12402,1149,"12402_20231231",0.10220731947856336,2.2191480208238774,11,12.298564743200641,1.0567841397520554,2,"IL"
168196,6.229481481481481,"NM",12410,2370,"12410_20231231",0.3831264716446502,2.5009263786467653,27,9.873136123136122,0.21428055599292994,4,"IL"
79771,4.6924117647058825,"NM",12417,1447,"12417_20231231",1.0178956162335664,3.1488932566348002,17,9.878172464777546,0.6264342385543904,2,"IA"
54296,3.878285714285714,"NM",12422,846,"12422_20231231",1.2898915668842181,2.9190473496634044,14,15.03239495320729,0.3601666949520092,2,"KS"
18776,4.694,"NM",12425,249,"12425_20231231",0,2.567373624621273,4,12.13188893563315,1.8178918832722053,8,"KS"
338933,10.270696969696969,"NM",12426,4441,"12426_20231231",0.07286114200253097,2.150815613392602,33,10.129160058501546,1.1400379204763735,4,"KS"
24750,3.5357142857142856,"NM",12432,563,"12432_20231231",4.233518665607625,4.106678505739836,7,21.32189124515224,0.3171180313312615,8,"KS"
17360699,7.47339603960396,"NM",12437,281768,"12437_20231231",0.5535717620305377,2.532461685560992,2323,10.44741368234621,0.9648596643546364,4,"MS"
35580052,9.905359688195992,"NM",12441,448390,"12441_20231231",0.2866405382336387,2.2682906865810932,3592,9.85582607452377,1.1175243681893567,4,"MS"
93000,7.153846153846154,"NM",12444,1060,"12444_20231231",0.6672078745750673,1.9254946349287234,13,7.7588015609919845,0.5972792468434001,8,"MN"
97493,8.124416666666667,"NM",12457,859,"12457_20231231",0.007722365515004556,1.6232674116046257,12,12.226962183661032,2.3502655170692646,2,"MO"
1099647,9.47971551724138,"NM",12484,18715,"12484_20231231",0.10627557255964716,2.6292212034004434,116,9.304183944104071,0.8588782992967923,4,"OK"
245933,8.197766666666666,"SM",12485,3866,"12485_20231231",0.5396767626218396,2.487540964863857,30,15.321541671168887,1.7337277450191586,8,"OK"
341374,6.82748,"N",12493,5221,"12493_20231231",0.0030656509143303853,2.4444782771498152,50,13.240923394861678,1.4592803470059916,4,"NE"
1324474,11.825660714285714,"NM",12501,8711,"12501_20231231",0.07615033954706195,1.9035740320728844,112,10.987230869479605,0.12047733167095541,2,"TX"
880224,8.002036363636364,"NM",12506,11171,"12506_20231231",0.23542837415370452,2.1514427890930032,110,12.473628583531077,0.7279663853321161,7,"TX"
215430,5.1292857142857144,"NM",12511,3254,"12511_20231231",0.174841133307587,2.298623972514622,42,9.881647063127662,0.5627394303559049,2,"WI"
103658,3.986846153846154,"NM",12512,1924,"12512_20231231",0,3.292578107801305,26,10.686954709227884,0.6633013455541582,4,"WI"
272471,7.568638888888889,"NM",12513,2948,"12513_20231231",0.37626861206360895,1.927746700847532,36,13.252266113036871,0.7395332372841995,4,"WI"
707256,1.4921012658227848,"NM",12514,51760,"12514_20231231",0.12908183788521924,11.428323000039791,474,9.60308920316094,0.6341454069038289,4,"WI"
1967245,6.186305031446541,"NM",12517,34165,"12517_20231231",0.2805616224648986,2.9667469961101958,318,9.465425735680032,0.659549354717493,4,"WI"
224702,3.078109589041096,"NM",12531,5645,"12531_20231231",2.388015510143657,3.5996091198580347,73,10.780553077609277,0.9403008623453826,6,"AR"
92946,7.149692307692307,"NM",12549,819,"12549_20231231",0,2.0020249864964454,13,9.08137468122454,1.0431085948211956,8,"IL"
25157,5.0314,"NM",12585,358,"12585_20231231",3.8428524265434136,3.5965049149633326,5,11.444,-0.16383211109377438,2,"OK"
916125,14.09423076923077,"NM",12591,5337,"12591_20231231",1.9525350187004946,1.159318028197163,65,9.225335131999975,1.7399043221715018,2,"WY"
460343,6.870791044776119,"SM",12592,6052,"12592_20231231",0.12011203553659534,2.3694785292723437,67,9.91731500230914,0.35778515159958457,8,"WY"
624971,4.432418439716312,"NM",12594,13632,"12594_20231231",2.2937718955041984,3.4897003467702414,141,10.982417828988224,2.1916631677208134,4,"CO"
206491,8.977869565217391,"NM",12602,2309,"12602_20231231",0.17817066694077538,1.902921830536939,23,25.276685393258425,0.5340426689887885,2,"KS"
372723,5.176708333333334,"NM",12608,5528,"12608_20231231",0.008617578783521035,2.4597852147987167,72,10.653098982423682,1.6391359936856502,4,"LA"
349886,8.136883720930234,"NM",12609,4172,"12609_20231231",0.692651360125138,2.438652922971952,43,9.141505990432105,0.4480712527718888,8,"LA"
977636,5.7848284023668635,"NM",12611,14772,"12611_20231231",0.9234277619379779,2.511119449465768,169,13.336465458531796,1.3557573099341074,4,"LA"
9656714,10.542264192139738,"SM",12614,118251,"12614_20231231",0.393758833915358,2.1460837074026737,916,10.452218246374331,0.8122520245684791,4,"LA"
514016,5.587130434782608,"NM",12616,6745,"12616_20231231",0.4344133699842056,2.156496606241504,92,16.67949297881798,1.789203257815898,4,"MO"
1101979,9.418623931623932,"NM",12627,13864,"12627_20231231",1.9932837906712921,2.4130896431942954,117,11.837818436165513,2.2245300944820388,4,"MO"
19000390,6.669143559143559,"SM",12633,261609,"12633_20231231",0.179039732794366,2.4002989713769147,2849,8.158720657215321,1.289157708249348,4,"MO"
2042738,6.854825503355705,"NM",1265,22359,"1265_20231231",0.19204629063836687,2.1935662065659463,298,12.380959291076541,1.373254795447755,4,"WA"
130553,6.87121052631579,"NM",12661,1514,"12661_20231231",0.10948252748234873,2.172345636040426,19,9.633870724725027,0.9812848849495915,4,"WI"
126977,5.520739130434783,"NM",12694,1554,"12694_20231231",0.207874087695453,2.430183705412307,23,12.558559843998953,0.9917177311526104,2,"MO"
321877,6.568918367346939,"NM",12706,4047,"12706_20231231",1.7613728347094058,2.302158810972648,49,7.98666733939631,0.2163917194517163,4,"IL"
117356,6.176631578947369,"NM",12717,1799,"12717_20231231",0,2.4095876401930374,19,12.532474818529419,1.329456807444282,2,"IA"
79452,5.2968,"NM",12722,1494,"12722_20231231",0.4062081416341506,3.4747692159306363,15,12.634669453360207,2.157453494186297,4,"LA"
39878,6.646333333333334,"NM",12745,839,"12745_20231231",0.5476492064674763,3.3298582476231973,6,13.319751399025195,2.7152348794871397,2,"NE"
90348,3.226714285714286,"NM",12757,2157,"12757_20231231",0.10293221371978059,4.066053404880542,28,10.537000442731111,2.0069417827179423,4,"OK"
51157,4.263083333333333,"NM",12758,843,"12758_20231231",0.16321815990357574,3.0340445983065614,12,12.38824787957515,2.0806551817105525,4,"OK"
737969,6.708809090909091,"NM",12761,10759,"12761_20231231",1.0982931742834028,2.557793032682472,110,11.540856639710825,1.6514595921704505,4,"OK"
2195446,8.997729508196722,"NM",12769,24497,"12769_20231231",1.6768180330720317,2.0008642091497078,244,10.907755777780745,1.34304647222762,4,"TX"
501818,5.227270833333333,"SM",12788,9212,"12788_20231231",0.025765606595995288,2.5400074286020065,96,11.14776242120512,0.8650308003689119,4,"WI"
906530,6.475214285714285,"NM",12814,13758,"12814_20231231",0.07661360253549096,2.467524683858087,140,11.33916955797218,0.640906555548641,2,"WI"
724258,5.286554744525548,"N",12815,13726,"12815_20231231",0.08288229183751572,2.884829789153393,137,11.816465191097336,1.1514424550471671,4,"IL"
11435840,9.666813186813187,"NM",1281,153534,"1281_20231231",0.48341599427845355,2.3673324899711337,1183,8.022528016532625,0.5259327987475516,4,"WA"
954041,6.534527397260274,"NM",12828,14900,"12828_20231231",0.2390395038061655,2.6454240739955024,146,10.152192154394797,0.9250554363336319,4,"IN"
159372,5.495586206896553,"SM",12836,2343,"12836_20231231",0,2.5822826925306623,29,15.532833365991532,0.8765142082260008,8,"IN"
2998172,7.667959079283888,"SM",12839,32812,"12839_20231231",0.6737739267693265,2.0040346303095866,391,9.819058674412954,1.6082680292879834,2,"IN"
8718026,9.024871635610765,"NM",12854,90651,"12854_20231231",0.1967804586207583,1.9460853290508924,966,9.467289079913295,1.839656247981293,4,"IN"
1581424,14.119857142857143,"NM",12855,13646,"12855_20231231",0.1964970008352504,1.4686715904864598,112,9.774586088957065,0.43108075445978683,4,"IA"
237458,9.133,"NM",12857,2810,"12857_20231231",0,2.0946759755868896,26,10.47702381351107,0.33236088564251653,4,"IA"
598001,14.238119047619048,"NM",12858,4981,"12858_20231231",0.5964303894741153,1.618794810161753,42,8.868892881399029,0.9844141164106137,4,"IA"
66911,8.363875,"NM",12865,819,"12865_20231231",0,2.2471838584719785,8,10.006607995674766,1.2572770879552857,2,"KS"
691109,7.352223404255319,"NM",12869,8521,"12869_20231231",0.2043028388467764,2.46501060066012,94,8.62345006896903,1.2333686740996346,4,"KY"
1032673,6.183670658682635,"NM",12874,16118,"12874_20231231",0.08384505933602222,2.6784828807968357,167,10.798476517810162,1.0759427619203263,4,"ME"
319074,3.891146341463415,"NM",12885,8153,"12885_20231231",0.28576607700756,3.87796468370043,82,11.588758365855952,1.4284000627462559,8,"MD"
53011,4.077769230769231,"NM",12893,967,"12893_20231231",0.235464589748234,3.3016746182150682,13,21.642832886843,0.28205260557616163,8,"MI"
93898,3.7559199999999997,"NM",12899,1435,"12899_20231231",0.02315029169367534,2.7790276315895195,25,11.318613726987358,0.7793731268931937,8,"MI"
2800324,7.609576086956522,"SM",1291,36511,"1291_20231231",0.5904337459696282,2.4789699366327564,368,8.445221725948926,0.8976913105893575,4,"AR"
16310795,11.35849233983287,"N",12923,197620,"12923_20231231",0.4800154911235688,2.206941243478978,1436,9.05755484325044,0.8297678008558271,4,"MN"
2476261,12.569852791878173,"SM",12944,28109,"12944_20231231",0.2533396067226006,2.0554435182831026,197,9.421449679632616,1.256521429953808,4,"NY"
804401,6.1877,"SM",1294,12579,"1294_20231231",0.3013923450533006,3.110956936890962,130,8.549728187832178,0.5974397472854911,4,"AR"
177739,5.227617647058824,"NM",12956,2761,"12956_20231231",0.6988810401950366,2.5957011896407725,34,11.565669861149228,0.8557806621373497,8,"NY"
375381,5.602701492537314,"NM",12959,5942,"12959_20231231",0.45037183345607174,2.9869154958412882,67,10.44542075394001,0.9520845158100958,4,"NY"
1068193,6.803777070063695,"NM",12969,15696,"12969_20231231",0.09790823430823035,2.9233662585937106,157,10.038693663889692,0.8524452440605405,4,"OH"
276815,4.325234375,"NM",1296,3970,"1296_20231231",0.4336328658620646,3.0520354221844355,64,16.02006119107766,0.9718711687578695,8,"AR"
1181242,6.026744897959183,"SM",12978,16307,"12978_20231231",0.6213221787525862,2.6703200835792535,196,9.099394565997757,0.786832876627087,4,"OH"
89567,11.195875000000001,"SM",12980,627,"12980_20231231",0.10519395134779749,1.4674419880410337,8,11.935690435896264,0.645720189441732,5,"OH"
3842524,7.222789473684211,"SM",12982,57975,"12982_20231231",0.4379329564455769,2.925560889512707,532,9.803338070732622,1.280782309502329,4,"OH"
374833,7.208326923076924,"NM",12985,3958,"12985_20231231",2.5054298729505833,1.8598255900612795,52,12.510730950362753,1.3903333729694183,4,"PA"
1431947,3.059715811965812,"SM",1299,58669,"1299_20231231",0.4386053078708689,6.809615840995613,468,10.39297554030935,1.5588033626833937,4,"AR"
384836,6.0130625,"NM",13000,5434,"13000_20231231",0.02235931045352746,2.740201674016108,64,9.052414039217984,0.9116635336232153,4,"TX"
325003,5.6034999999999995,"NM",13006,3518,"13006_20231231",2.427428873280124,2.3419290850483514,58,10.756931569926257,1.670902553930077,4,"TX"
3241163,5.287378466557912,"SM",13012,49619,"13012_20231231",0.7565219892873999,3.016596908175675,613,10.068973692203972,1.5033607954655543,4,"VA"
67781,4.2363125,"NM",13018,796,"13018_20231231",0.6587310759274241,2.4446340577677654,16,13.524462449361172,-0.05462044694287883,7,"WV"
361414,5.314911764705882,"NM",13020,4621,"13020_20231231",1.6007267384659785,2.8367064465792313,68,9.512430206628302,1.13403606934106,4,"WV"
409667,7.729566037735849,"NM",13025,4815,"13025_20231231",0.06134766666509364,1.907172987517576,53,10.590440251572327,0.7923910872281342,8,"WI"
130575,8.1609375,"NM",13030,1592,"13030_20231231",0.05130070608426374,2.418122297452694,16,8.740988048579862,1.0227066984842084,2,"WI"
325247,6.50494,"NM",13032,4408,"13032_20231231",0.5787688721863584,2.4684398001911334,50,9.533749150867658,0.9689854886813235,4,"WI"
253242,6.176634146341464,"SM",13033,3713,"13033_20231231",0.06573930421520419,2.6340786263106644,41,11.24226828462156,1.2821759218677533,8,"WI"
70146,4.384125,"N",13054,1347,"13054_20231231",1.5905804585829373,4.3763185062166166,16,15.39145511937047,0.2214342355282254,8,"WI"
1058344,6.78425641025641,"NM",13055,14558,"13055_20231231",0.26313117639095707,2.1572972219579,156,13.728221541471914,1.1979391025248718,4,"WI"
727964,10.86513432835821,"N",13058,7061,"13058_20231231",0.9961575061130585,1.940257169226338,67,9.126823693005441,1.038399105581481,4,"WI"
1825832,5.796292063492064,"SI",13063,32332,"13063_20231231",0.07528253839479881,2.948656077206901,315,10.808615655494439,0.21976508473334969,4,"ME"
388447,3.1839918032786887,"SM",13068,7654,"13068_20231231",0.13400801903985934,3.3443509361146604,122,8.195620349828708,0.9725220223480981,2,"MO"
665557,4.558609589041096,"SM",13071,11700,"13071_20231231",0.4101961071405694,2.7378090759606137,146,11.360768114981628,1.5559919014155152,2,"MO"
138959,5.789958333333334,"NM",13080,2415,"13080_20231231",0.07797859361833251,2.938248678310915,24,12.69835889996814,0.9292255013495728,8,"IL"
646689,7.029228260869565,"SM",13083,11589,"13083_20231231",0.07232488337612555,2.921239489216813,92,9.135455907153755,0.8070696367078921,4,"AR"
6519107,10.531675282714055,"SM",13102,56285,"13102_20231231",0.31947913777438686,1.980933657007316,619,11.583413123697975,1.477907091869664,4,"IN"
799017,6.007646616541353,"NM",13107,11585,"13107_20231231",0.11048135739371782,2.583221822544372,133,9.822935167371591,0.8678030401820016,4,"IN"
952711,5.739222891566265,"NM",13109,16772,"13109_20231231",0.3124783279008605,3.2416032278553573,166,8.625712062879455,0.7734307924720458,4,"IN"
226556,4.820340425531915,"SM",13111,3739,"13111_20231231",0.74818401937046,3.340748237800207,47,9.838668783944275,0.24292268772176237,4,"IN"
343205,4.457207792207792,"NM",13112,5959,"13112_20231231",0.5948302850738887,3.046514506371969,77,8.950117053844767,0.39852834514169133,4,"IN"
257074,5.246408163265307,"NM",13113,4276,"13113_20231231",0.4239069147572915,2.7652252354361826,49,12.73224065230144,0.05162478331176479,5,"IN"
543802,5.130207547169811,"SM",13130,9405,"13130_20231231",0.1430249782908515,2.9052426724566205,106,8.119820901100324,0.722827603325117,8,"IN"
274229,6.232477272727272,"NM",13157,4737,"13157_20231231",0.04561272236202151,3.097271175269711,44,8.909006180889456,0.38683957179049056,4,"KS"
162466,8.1233,"NM",13167,1790,"13167_20231231",0,2.495870922741839,20,12.503556997325138,1.342361371577472,8,"KY"
418373,5.892577464788732,"SM",13179,7060,"13179_20231231",0.47634129744205667,2.920784748510656,71,9.117990142841256,1.8393729757642263,4,"MI"
222802,6.188944444444444,"NM",13195,2531,"13195_20231231",1.2814526122954795,2.527602483173429,36,9.229191824830824,0.2982160241410305,2,"ND"
74811,5.343642857142858,"NM",13196,986,"13196_20231231",0,1.8782870022539446,14,11.870000128407616,1.1887061098180558,2,"ND"
1498217,7.643964285714286,"NM",13198,21856,"13198_20231231",0.6161746302905973,2.3488669599007705,196,7.348924150640281,1.1155044099540925,4,"ND"
14571868,9.456111615833874,"N",131,204795,"131_20231231",0.6616252112898642,2.7195101423910204,1541,10.315031220859106,0.7465954092086909,4,"FL"
251792,5.357276595744681,"NM",13209,3621,"13209_20231231",0.7030787835637666,2.651449201567628,47,11.376398212564904,1.324287389663249,4,"OH"
552680,6.14088888888889,"NM",13216,7590,"13216_20231231",0.3068091844813935,2.5912681960775665,90,8.173381720572523,0.19536622401728618,8,"OH"
730808,10.440114285714285,"NM",13220,5728,"13220_20231231",0,1.298772766814309,70,11.008315149771274,1.2418447181749843,8,"OH"
606144,6.888,"NM",13232,6304,"13232_20231231",0.08157290192291582,2.3236693659747507,88,14.364466482637525,2.934267456883553,4,"WA"
230863,7.9607931034482755,"NM",13242,2726,"13242_20231231",0.14632160871334876,2.0963001198738977,29,10.709473160903752,0.9491794397068422,4,"WI"
159132,6.6305000000000005,"SM",13249,1931,"13249_20231231",0.1996788947503339,2.2580009315744736,24,10.572983354673497,0.6239791287142137,8,"MI"
75641,8.404555555555556,"NM",13251,1157,"13251_20231231",0.08083121432059681,2.8206287568487682,9,24.265896859815037,1.462843768285547,2,"NE"
1070453,6.567196319018405,"SM",13255,16204,"13255_20231231",0.11944678089005134,2.4644768838694397,163,9.561141398173568,0.7162503034499325,2,"NE"
657013,6.257266666666667,"NM",13264,9601,"13264_20231231",0.025603277219484095,2.648509515529618,105,8.845248556364549,0.6586582089918301,4,"WI"
191803,3.9143469387755103,"SM",13274,4378,"13274_20231231",0.009290586313417929,3.6321142063040863,49,11.367232582550434,1.7956054265805519,4,"OK"
1136431,7.427653594771242,"SM",13297,12944,"13297_20231231",0.06685056536682638,1.943003574240372,153,9.542607894628299,0.5723995478229674,4,"NY"
412782,0.6225972850678733,"NM",13303,82068,"13303_20231231",2.1439070734592907,25.49931889431578,663,13.378422322204264,-2.7466277791423055,8,"AR"
527217,5.118611650485437,"NM",13305,7881,"13305_20231231",0.6639008491025045,2.8394826137619114,103,10.914868114847879,1.9444241548380388,4,"IN"
5311380,14.051269841269841,"NM",1331,73827,"1331_20231231",0,1.934045845909634,378,10.416767875921067,1.7123600896256557,2,"CA"
1338566,5.5085020576131685,"SM",13339,21458,"13339_20231231",0.2810291370769978,3.0463660479369774,243,10.929053318342847,1.0000791635274664,4,"OH"
1117777,5.297521327014218,"SM",13341,17606,"13341_20231231",0.09985848705977064,2.6551149156814087,211,11.52967115700035,0.8996870911483409,4,"OH"
385299,5.137320000000001,"SM",13366,6439,"13366_20231231",0.8410324094442,2.8652824599580877,75,10.543140328966597,1.0666012632881512,4,"OK"
136392,9.0928,"NM",13381,1375,"13381_20231231",0.04409948844593403,1.6718646914172612,15,12.110554304016674,0.8629220896059497,2,"MO"
142523,5.938458333333333,"NM",13382,2241,"13382_20231231",0,2.280429277428675,24,8.071313488071032,1.2283626874662752,2,"MN"
1294984,30.115906976744185,"NM",13397,4714,"13397_20231231",0.1909748099567745,0.6625047908863273,43,24.540096418059015,1.3969099005332026,9,"NY"
367834,4.839921052631579,"NM",13407,6309,"13407_20231231",3.399084593759439,2.7536275236689107,76,13.977574725617412,1.6959781547330344,4,"TX"
76696,6.972363636363636,"NM",13413,885,"13413_20231231",1.7969870875179341,2.3369242280860054,11,7.890149952765545,0.7083672616034684,7,"KS"
66464,9.494857142857143,"NM",13415,692,"13415_20231231",0.03078276165347406,1.7848534589544724,7,13.272791812104359,1.513311650669091,2,"OK"
58554,3.253,"NM",13416,1300,"13416_20231231",0.09150758750413054,3.4110483857213514,18,10.55701822311703,2.897685603670288,2,"OK"
8356203,8.398193969849245,"NM",13421,111333,"13421_20231231",0.16949169226569263,2.6570454374177768,995,9.442100657596404,1.2553811269398019,4,"NE"
206621,5.903457142857143,"SM",13430,3373,"13430_20231231",0.4908706113350876,2.5245531635100336,35,10.242987542113923,1.4469080817729147,4,"MN"
72098,5.149857142857143,"NM",13450,959,"13450_20231231",0.04591854756101869,2.7125901035174245,14,11.821259696290053,0.15717305295105957,2,"KS"
736089,5.183725352112677,"NM",13454,11101,"13454_20231231",0.15462325566274657,2.420781661236174,142,10.436704593634664,1.1901295076292466,2,"WI"
125240,9.633846153846154,"NM",13551,1270,"13551_20231231",1.2978662366825273,1.9742598066052768,13,9.675154503669717,1.9047250207284077,2,"OK"
382828,6.60048275862069,"SM",13561,5248,"13561_20231231",0.5980815162955544,2.593540939821296,58,7.478027943542316,0.40792229991081164,8,"PA"
750094,8.242791208791209,"NM",13565,9971,"13565_20231231",0.01877004724299794,2.2089730026431376,91,9.187974644160608,0.33978725076099814,4,"WI"
37518,4.68975,"NM",13582,594,"13582_20231231",2.5504123563903325,3.4136000434853506,8,7.9274166254458365,0.152198728053487,8,"IL"
68548,5.272923076923077,"NM",13584,1138,"13584_20231231",3.640060715410831,2.508673837618803,13,9.051967754409972,0.22898351608536738,2,"KS"
383059,6.7203333333333335,"N",13599,5709,"13599_20231231",0,3.0218766620720943,57,9.084800430049725,0.39530363311989597,4,"TX"
136019,5.2315000000000005,"NM",13600,1584,"13600_20231231",0,2.586262398785771,26,10.492215380701925,1.7691514237456696,5,"TX"
34691,6.9382,"NM",13611,426,"13611_20231231",0,1.9991115059973346,5,10.391417802261525,0.646177456483987,2,"NE"
111285,12.365,"NM",13616,671,"13616_20231231",1.6205048744270127,1.0295331518705895,9,26.68197068691506,1.7303381745474116,2,"IA"
980434,9.707267326732673,"NM",13622,11892,"13622_20231231",1.5267881672881596,2.0853247437083318,101,10.257966789889785,0.22961246287733825,2,"NE"
528027,8.000409090909091,"SM",13632,5461,"13632_20231231",0.029947326291513428,2.047602937371888,66,11.17129082282854,1.0644987959959402,4,"AR"
251110,6.124634146341464,"NM",13652,3421,"13652_20231231",0.24688269451064557,2.5877165425368243,41,9.971418978126101,1.2223688259298462,2,"MN"
268797,7.466583333333334,"NM",13656,3532,"13656_20231231",0,2.0523244723482827,36,8.02685032726624,0.3792502606874307,2,"IA"
1135606,5.7353838383838385,"NM",1365,16927,"1365_20231231",0.49501944512715235,2.6610183747906744,198,9.292298247673044,0.876468730889317,2,"KS"
191793,8.338826086956521,"NM",13662,2359,"13662_20231231",0.014001061133054295,1.852395632009151,23,13.990597929431651,1.3275246244307501,2,"NE"
158021,9.876312500000001,"NM",13692,1767,"13692_20231231",0.6718685468169214,1.9078168284379033,16,9.517692619216362,2.094170948846455,2,"NE"
20914,5.2285,"NM",13696,413,"13696_20231231",0.14903129657228018,3.2065369401046873,4,14.824243611083912,0.9240020777560235,2,"NE"
569945,5.480240384615385,"N",13703,6755,"13703_20231231",0.3093690499638895,2.1248338582121713,104,11.881760603472816,1.6830695668754307,8,"OH"
391514,7.9900816326530615,"NM",13712,5585,"13712_20231231",0.1674602378398401,2.4399868333908383,49,10.014934826294677,0.7579723421890677,2,"IA"
85227,7.102250000000001,"NM",13715,1138,"13715_20231231",1.3231695432791215,2.2002619359447553,12,11.338039103276124,0.52268127157995,8,"IA"
1818653,7.10411328125,"NM",13716,23086,"13716_20231231",0.7358587194556391,2.5532587491506815,256,10.226600562606956,1.1732514186101304,4,"OH"
1339655,,"NC",13718,0,"13718_20231231",0,0.19245655147550023,0,96.57617742662676,2.839737695580846,9,"UT"
15203,3.0406000000000004,"NM",13729,272,"13729_20231231",0,3.0024124187119785,5,15.342465753424658,0.19010908328088946,2,"KS"
278443,13.259190476190476,"NM",13735,2800,"13735_20231231",0,1.426301845685409,21,13.098388921225165,1.2480601484709146,2,"IA"
111428,7.959142857142857,"NM",13736,980,"13736_20231231",0.1616510551606546,1.7721571882532383,14,15.342743523112057,0.5859705172305724,2,"IA"
233592,4.67184,"NM",13737,4755,"13737_20231231",0.44280382399161866,3.6624556874594587,50,8.588366976069183,0.020193578112469163,8,"IA"
983925,6.073611111111112,"NM",1373,13050,"1373_20231231",0.5957424551493279,3.1057621922667473,162,11.050025571882612,2.425042827664282,4,"LA"
326437,14.838045454545455,"N",13748,2525,"13748_20231231",0,1.6717602444917354,22,9.732961042744208,-0.5827479719026514,4,"NY"
75572,5.038133333333334,"NM",1374,940,"1374_20231231",0.024975024975024976,2.858661272211412,15,11.747206604512133,0.9628874050327295,4,"LA"
221977,12.332055555555556,"NM",13753,1809,"13753_20231231",0.8495555819455736,1.396865093374368,18,12.871406854615811,0.5668307870863191,8,"IA"
476513,6.031810126582279,"NM",1376,5929,"1376_20231231",0.6854153041203401,2.528695836203072,79,11.579205654884085,0.8894641773117715,4,"LA"
49341,7.0487142857142855,"NM",13774,737,"13774_20231231",0,2.225176850270059,7,14.81986522005494,1.0889163309832206,2,"IA"
206433,4.212918367346939,"NM",13775,3105,"13775_20231231",0.15727167827684943,2.7907460822504384,49,13.42214560777435,0.6913675696571412,4,"TN"
180293,5.63415625,"N",13784,2494,"13784_20231231",0.30913266207383855,2.4325111993765,32,9.916558033227476,0.5304386799638794,7,"MI"
108760,3.8842857142857143,"NM",13788,1910,"13788_20231231",0.0308433277578087,3.236150437675304,28,11.301661596068337,1.0910939692779928,4,"MO"
116292,8.945538461538462,"NM",13794,1350,"13794_20231231",0.03711070866609269,1.9672264135637219,13,10.69600085926032,1.6189276984773615,2,"ND"
99398,6.626533333333333,"N",13798,1178,"13798_20231231",1.357873737048716,2.245925051738588,15,18.39838699072958,1.1459455761369661,7,"KS"
247894,8.853357142857144,"NM",13801,2315,"13801_20231231",0.14746709683672693,1.976934924012869,28,9.479687871048915,0.8097331680737121,8,"IN"
126369,5.05476,"SM",13802,1927,"13802_20231231",0.002612534942654858,2.781551569199556,25,8.459107896129725,0.8309589706872903,8,"OH"
215548,8.290307692307692,"N",13809,2659,"13809_20231231",0.03335296294173133,2.2067451308689487,26,8.14341731432999,1.18209837965318,4,"MN"
148460,4.639375,"NM",1380,2438,"1380_20231231",0.3990673873748003,3.3556011323750976,32,12.683704985914538,2.9817433975180894,4,"LA"
135684,6.167454545454546,"N",13813,1862,"13813_20231231",1.4510844125448588,2.5968028312997316,22,11.68520322256703,1.5252013176065475,7,"IL"
167291,8.80478947368421,"SM",13816,2004,"13816_20231231",0.049648050486550896,2.0096302594799758,19,14.668709306779013,0.9095648240318638,2,"IA"
217506,9.886636363636363,"NM",13819,2413,"13819_20231231",0.23837639190844578,2.003373001734008,22,9.221827095384445,1.2047792109076225,4,"NE"
422252,4.967670588235294,"NM",13821,6117,"13821_20231231",0.8992613528405852,2.894273337458942,85,10.939851293411815,1.655839031099909,2,"AR"
47183,2.4833157894736844,"NM",13832,1182,"13832_20231231",1.6787712822955114,4.361929364750929,19,12.785807305565635,3.1497017502058697,7,"GA"
705304,5.734178861788617,"SM",13838,11322,"13838_20231231",0.3070703302261594,3.250794491525424,123,8.743776319683972,1.024326573849879,4,"KY"
360006,5.8065483870967745,"NM",13843,5094,"13843_20231231",0.49632943619151193,2.4736049646006766,62,13.162822049131218,1.3486410046360071,2,"IN"
993182,8.14083606557377,"SM",13868,10029,"13868_20231231",0.18095507930483312,1.7753068994079333,122,8.989702822604475,0.8797397488150754,2,"NE"
53357,7.622428571428571,"NM",1386,517,"1386_20231231",0,2.20744524443623,7,9.169764560099132,0.6784061027144646,2,"MN"
5730903,7.511013106159895,"NM",13876,69292,"13876_20231231",0.6506989412264979,2.518432204958034,763,9.859640489534549,1.0853243549938194,4,"PA"
2190782,6.53964776119403,"NM",13879,37950,"13879_20231231",0.21149417204338883,2.8111661477755696,335,11.978860329437081,1.2924760487277909,4,"PA"
157620,7.881,"NM",13883,1944,"13883_20231231",0.47441417985179246,2.221599998948355,20,10.149445310351151,1.084508875226268,2,"KS"
275163,7.643416666666667,"NM",13887,2777,"13887_20231231",1.067238016311763,2.0029456404297012,36,10.222418568297282,0.9876206727950565,7,"AL"
350501,8.15118604651163,"NM",13892,4655,"13892_20231231",0.14147706683731293,2.263055688475315,43,8.854931189225137,1.1570794096194676,2,"NE"
384880,5.831515151515151,"NM",13897,4113,"13897_20231231",0.23549865107757947,2.493901449198016,66,8.084180996469778,0.9334062713338093,5,"MO"
22590,4.518,"NM",13902,343,"13902_20231231",0.91929160470461,2.475008980121078,5,15.078578507716268,0.4336741398796226,2,"IL"
220798,3.619639344262295,"N",13905,5019,"13905_20231231",1.0009847876227744,3.4645165579812365,61,11.285364695906244,0.8400733873735623,4,"OK"
549291,5.181990566037737,"N",13919,10425,"13919_20231231",0.06081940323264343,2.8595477442047827,106,10.7549803976246,1.1162701816258025,4,"TX"
61162,6.1162,"NM",1391,746,"1391_20231231",5.260835457932928,2.078033054320173,10,10.078224486083318,0.8092029027726528,2,"MN"
33415,5.569166666666667,"NM",13926,442,"13926_20231231",0,2.0946271960945704,6,20.901235283883317,1.2573439673033804,2,"KS"
40941,10.23525,"NM",13931,256,"13931_20231231",3.9084765084276523,1.946857904656829,4,12.628388617612393,1.1262814324460995,2,"IA"
229478,4.499568627450981,"NM",13946,3411,"13946_20231231",0.24205524205524204,2.866023261043153,51,11.454064429112414,2.0931928959803967,2,"OK"
353685,11.409193548387098,"NM",13947,3131,"13947_20231231",0.000655307994757536,1.8534767449547067,31,9.91493893661092,1.9337064958413301,2,"CO"
810672,6.988551724137931,"NM",13951,7608,"13951_20231231",0.03763841527216338,1.8776111597894416,116,10.343705892731123,1.1583093222240157,7,"LA"
1057287,9.699880733944955,"SM",13953,11109,"13953_20231231",0.03730907314171606,1.91354850888781,109,11.340123955602358,1.3682285035192405,2,"IA"
188839,2.098211111111111,"NM",13955,5515,"13955_20231231",1.312651242144113,4.729346169603485,90,12.754283293170563,2.32649497576085,8,"TN"
54457,4.538083333333334,"NM",13957,948,"13957_20231231",3.556308213378493,3.364458775583322,12,7.466633755884272,-1.119620224819741,2,"KS"
91687,3.395814814814815,"NM",13959,2147,"13959_20231231",0,9.768142031711005,27,26.270889330372793,3.055406036213709,7,"KS"
60320,3.016,"NM",13960,2551,"13960_20231231",0.27047603782657476,6.471033301837954,20,13.274622145905235,0.7928147094279789,4,"MO"
135392,5.641333333333333,"SM",13962,2303,"13962_20231231",0,2.7178112480831182,24,8.76842405757471,1.0215938945090999,2,"NE"
113742,6.690705882352941,"N",13983,1180,"13983_20231231",0.43655973806415715,1.8493991033983046,17,10.413595451090988,0.5502120439519138,8,"IL"
7427,0.9283750000000001,"N",13986,884,"13986_20231231",0,17.03911080004666,8,12.091567207982783,-6.615674315519339,4,"CO"
44663,6.380428571428572,"NM",13990,498,"13990_20231231",0.21398002853067047,2.1832982178715987,7,12.517284370395556,0.8939842497046259,2,"IA"
34209,5.7015,"NM",13999,589,"13999_20231231",0.1688073394495413,2.865791773974973,6,11.054024120108293,0.7010483459365595,2,"SD"
3449037,7.580301098901099,"SM",1399,48225,"1399_20231231",0.15623687526249475,2.4793433677496477,455,7.363309180976649,1.2355198262607276,4,"MN"
403647,7.2079821428571424,"SM",14009,5748,"14009_20231231",0.07845605030994227,2.2497198693928695,56,11.475161040099827,2.073809896743256,4,"MI"
988590,6.1403105590062115,"NM",14017,13840,"14017_20231231",0.22379521326222956,2.4715037718643784,161,9.104668407187374,0.5582152035148802,4,"MD"
60839,10.139833333333334,"NM",1401,230,"1401_20231231",0.04092490280335584,0.6261161368325927,6,9.40004226199184,0.6292004527775807,2,"MN"
55605,7.943571428571429,"NM",14024,838,"14024_20231231",0.2739953503819329,2.672670300445006,7,6.466448717238323,1.0212948438716667,8,"KS"
482789,6.0348625,"NM",14025,5515,"14025_20231231",0,2.0690365756443523,80,9.467669006075065,1.342370907343453,4,"MO"
82982,6.383230769230769,"NM",14026,1676,"14026_20231231",0.3149420309824223,4.276535234015659,13,12.947388772082459,2.312652879697576,2,"NE"
3549811,7.229757637474542,"NM",14028,39983,"14028_20231231",1.4725099937861716,2.316762070850759,491,8.942880063520104,0.43770173005844726,4,"LA"
703790,8.479397590361446,"NM",14029,10477,"14029_20231231",0,2.552943584475815,83,9.886938949930107,1.042630741222896,4,"OK"
1617348,8.209888324873097,"NM",1402,15633,"1402_20231231",0.4114945028767329,2.6307668973164082,197,7.678438170635049,0.7255776951225148,2,"MN"
429704,6.510666666666666,"SM",14036,4355,"14036_20231231",0.08640055296353896,2.089377110942614,66,12.105031482651048,1.198486234564053,4,"MO"
335099,5.8789298245614034,"NM",14056,3955,"14056_20231231",0.20484853417985974,2.4611669715122813,57,11.008914549923231,0.8609495432644909,4,"MO"
325917,7.4072045454545465,"NM",14058,5128,"14058_20231231",0.9432399297540287,2.436115086821195,44,12.335395915540449,0.8299822811404546,2,"NE"
2120719,6.094020114942529,"NM",14065,32298,"14065_20231231",0.08685987479610512,2.9790363890834106,348,8.810046876884119,0.9970294823345872,4,"GA"
61799,8.82842857142857,"NM",14069,662,"14069_20231231",4.008497020525271,2.0909740732575774,7,19.501872049487222,0.609589086852249,2,"NE"
1248448,5.548657777777779,"N",14073,19658,"14073_20231231",0.6428871760382736,2.877837277884061,225,8.306979289414402,0.9192905656594348,4,"MI"
650960,6.199619047619048,"SM",14079,12036,"14079_20231231",0.2518068103638143,2.745911758261257,105,9.905898128796931,1.24429553171296,2,"IA"
67366,2.8069166666666665,"NM",14083,2293,"14083_20231231",0.005142533897869277,7.4702761292394575,24,8.893057564822028,-1.717862423808536,4,"KS"
74827,4.157055555555555,"N",14095,1076,"14095_20231231",0.20210769452865596,2.4945975148568342,18,10.466048475454958,1.5478119935170178,4,"TX"
51946,5.7717777777777775,"NM",14096,797,"14096_20231231",0.3649739100681475,2.7856774601273933,9,9.472976380600151,0.7712584609755693,2,"NE"
408850,6.38828125,"NM",1409,6168,"1409_20231231",0.41550712435649423,2.7578411032622747,64,8.90178674757599,0.9780898437520481,2,"MN"
452365,4.7121354166666665,"NM",14113,7252,"14113_20231231",0,2.682531606986371,96,9.667380966610036,0.8028096095099992,4,"IN"
854743,5.698286666666667,"SI",14134,14682,"14134_20231231",1.613154880967612,3.1588640357820568,150,12.18119063621947,0.845572388097908,5,"VT"
233858,4.251963636363636,"SI",14136,4321,"14136_20231231",0.3353204172876304,3.4773100054674684,55,10.347234779829515,0.5944231820667031,6,"VT"
143805,7.190250000000001,"NM",1413,1340,"1413_20231231",0.5772980904755469,1.720195825263611,20,8.993267402837162,0.8600979126318055,7,"MN"
1504702,8.177728260869566,"SI",14140,20672,"14140_20231231",0.4492763102209158,2.6014568158168574,184,10.222228920162447,0.2206814987487573,4,"VT"
1468468,7.45415228426396,"NM",14158,19589,"14158_20231231",0.19552953657563898,2.501214569027402,197,7.623319913771306,0.8798555569252189,4,"VT"
138607,4.620233333333333,"SB",1415,2225,"1415_20231231",0.00807852324595064,2.764696861189706,30,10.884777431764059,0.5895206029712401,4,"MN"
357709,4.309746987951807,"NM",14168,7133,"14168_20231231",0.465769103843535,3.4413990363303033,83,10.923646597467688,0.791084607348037,4,"VT"
88519,8.04718181818182,"NM",14178,1154,"14178_20231231",0,2.0606575330219252,11,14.393758545107316,0.9945689828576538,2,"MO"
327784,7.125739130434782,"N",1417,3931,"1417_20231231",1.240223138208777,2.2836160925433164,46,9.994056162020325,0.8442459493644989,4,"MN"
320603,5.725053571428572,"NM",14184,4396,"14184_20231231",1.98689351404226,2.8307378792197255,56,9.76886968184189,0.4884210418926252,4,"AL"
596048,7.358617283950617,"SM",14185,7149,"14185_20231231",1.5968034976221672,2.4864752681693685,81,11.614842765653254,1.8209973804291544,2,"MO"
198790,5.372702702702703,"NM",1418,3012,"1418_20231231",0.07037734677402663,2.6938861199763418,37,8.510175484745625,1.4690712804891588,4,"MO"
349572,8.323142857142857,"SM",14195,5029,"14195_20231231",1.2510987030561334,2.2363702422437695,42,11.452789571249177,1.4768311922198094,2,"IA"
1886929,5.915137931034483,"NM",14207,43372,"14207_20231231",1.4872073692840226,3.894586190288137,319,8.665224315159598,0.007084578814812222,4,"IA"
202134,5.614833333333333,"SM",14208,2858,"14208_20231231",0.05571292932304867,2.2583122245048566,36,10.082137749807691,1.436065181402956,2,"IA"
1029324,7.148083333333334,"NM",14209,13143,"14209_20231231",0.00025617083520658256,2.096142555133345,144,13.678521011003461,0.9000769279957835,4,"IA"
886169,6.9777086614173225,"SM",14222,10461,"14222_20231231",0.3863809202421299,2.1239247312465284,127,9.072355196992461,0.9862730236072509,2,"WI"
170928,6.83712,"N",14225,1964,"14225_20231231",0.11327525887907615,2.2934209206944707,25,9.22298790173293,0.7514301017151438,8,"IN"
207528,8.647,"NM",14230,2821,"14230_20231231",0,2.773486368283888,24,9.153842740285292,0.7433718981952951,4,"IA"
1284888,7.0598241758241755,"NM",14240,18892,"14240_20231231",0.3050293464510069,2.380048439811883,182,8.303369246732228,0.4769700807630321,4,"NH"
206986,8.624416666666667,"NM",14247,1868,"14247_20231231",0,1.3917556511819826,24,14.256287471585816,1.4153202769276345,2,"IA"
64818,4.986,"NM",14260,1204,"14260_20231231",0.4210212003583159,2.7710596067861952,13,20.736160549895665,1.3550377357929275,2,"OK"
986631,7.768748031496063,"SM",14264,13195,"14264_20231231",0.01025772210184525,2.3076121978797386,127,9.19141870159832,0.7402637149634013,4,"NE"
1381018,7.7151843575419,"N",14266,19659,"14266_20231231",0.5090401092060964,2.281019319194064,179,10.569801665231456,1.4269833212062921,4,"WI"
399900,10.80810810810811,"NM",14269,3638,"14269_20231231",0.09730675792168439,1.4378705442171906,37,10.162769001443708,2.160324259745567,2,"KS"
817675,5.016411042944786,"NM",1426,14186,"1426_20231231",0.1825119562908766,3.049217724534943,163,12.307775498742162,1.3717502952158747,2,"MO"
159732,10.6488,"NM",14275,1639,"14275_20231231",0,1.7292633602095182,15,12.680769230769231,2.288303843452824,2,"NE"
598352,5.070779661016949,"NM",14276,10305,"14276_20231231",0.6976593648183088,2.895623541863241,118,10.993385246587959,1.3238262331120043,4,"MI"
90342,6.9493846153846155,"NM",1427,1120,"1427_20231231",0,2.1461466753857494,13,11.997790970592296,0.9298809474118699,8,"MO"
75303,5.792538461538461,"SM",14281,1495,"14281_20231231",0.5770123977276788,2.7571873390160406,13,13.555069136725214,1.3449694336663613,2,"NE"
131800,4.251612903225807,"SM",14291,2571,"14291_20231231",1.3441022240974023,3.5739595904730836,31,12.615752659637671,0.500579322136855,4,"IA"
122542,6.449578947368421,"NM",14293,1565,"14293_20231231",0.10610288049671868,2.187592631801821,19,10.9960348511091,0.6766885454160492,2,"MO"
231458,16.532714285714285,"NM",14311,1988,"14311_20231231",0,1.3600389087854268,14,10.521723339135674,1.359596763496485,2,"NE"
532863,13.321575000000001,"SM",14312,3743,"14312_20231231",0,1.2920336310183804,40,9.807552671128397,0.12639865912712375,2,"NE"
83883,3.994428571428571,"NM",14316,1675,"14316_20231231",0.04950892498728825,3.8086714157507777,21,10.149878509394473,1.0920137073257339,2,"WI"
427029,15.815888888888889,"NM",14327,3543,"14327_20231231",0.695205738014345,1.5328364707781494,27,13.662986649517073,2.407990293313049,4,"NE"
588108,3.303977528089888,"SM",14331,12153,"14331_20231231",0.3235194954583317,4.141211836466275,178,10.468141899639786,1.4139146758968033,8,"OK"
390344,4.9410632911392405,"NM",14333,7747,"14333_20231231",0.02593199593386304,3.3216718523252453,79,13.5025480709473,0.7670974213725144,8,"PA"
560325,7.276948051948053,"NM",14334,6692,"14334_20231231",1.0340393085160864,2.4983021711189846,77,9.114221218961625,1.1463450148801277,4,"MO"
38808,7.7616,"SM",14344,560,"14344_20231231",0.7771156138259833,2.825968922098405,5,12.199830741563526,0.7549706543940844,2,"KS"
284313,5.80230612244898,"SM",14345,4519,"14345_20231231",0,2.850950155988562,49,8.38216869417613,1.4132194078381641,2,"KS"
144294,6.012250000000001,"NM",14349,1576,"14349_20231231",0.7484830128238036,2.188859762932366,24,8.445169740825836,0.4199727569335957,8,"MO"
220736,7.611586206896552,"SM",1434,2923,"1434_20231231",0,2.140237146533986,29,13.32815005588221,1.6236112299039402,2,"NE"
150354,5.782846153846155,"NM",14352,2153,"14352_20231231",1.3985913879981677,2.645450995704803,26,9.103793518187434,0.7575165950800469,2,"IA"
380414,5.283527777777778,"N",14355,6175,"14355_20231231",0.11515148767561735,3.001558856606903,72,11.76772192177182,0.6505186780548596,4,"OH"
1584746,6.743600000000001,"NM",14359,17276,"14359_20231231",0.17615704183786715,1.9327826096616911,235,8.344111048152882,0.7526324491301629,4,"PA"
1415211,11.143393700787401,"NM",1435,11830,"1435_20231231",0.47592457283616196,1.4319774031205774,127,9.976449686593188,1.6574030031299731,4,"NE"
1883414,7.134143939393939,"NM",14382,20434,"14382_20231231",0.3592270173095854,1.8186939547294063,264,9.199337821333723,0.7370901292211992,2,"IA"
108569,8.351461538461539,"NM",1438,1606,"1438_20231231",0,2.1585100235586965,13,14.711322078371705,0.6898697604124995,2,"NE"
172939,10.8086875,"NM",14392,2582,"14392_20231231",0.35092487489807994,2.370914910692622,16,21.372447809130534,2.103202747345042,2,"IA"
76446,3.3237391304347823,"N",14399,1252,"14399_20231231",0,3.090377347249098,23,12.09975213718448,0.47016218652616204,2,"TX"
113710,9.475833333333334,"NM",1439,835,"1439_20231231",0,1.551369076785488,12,23.9433586388844,3.9739376848193695,4,"NE"
27343,3.417875,"N",14400,394,"14400_20231231",0,2.7769565401022085,8,13.497023259253782,1.0629161915220116,8,"WI"
55099,6.122111111111112,"SM",14404,664,"14404_20231231",0.535212523973061,2.2686354792810057,9,10.87528209336591,0.6569968347997793,2,"TX"
731695,7.783989361702128,"NM",14410,12002,"14410_20231231",0.03497924879699746,2.490190700632306,94,8.735575399148447,0.9550650834223916,4,"IA"
245140,8.171333333333333,"SM",14413,3660,"14413_20231231",0,2.329096446558917,30,8.547775782964292,0.457625611692901,2,"IA"
159097,11.36407142857143,"NM",14415,1666,"14415_20231231",0.42963642230033794,1.528720596317138,14,14.167531207121584,1.9247688858271474,2,"IA"
258312,5.0649411764705885,"NM",14420,4863,"14420_20231231",0.17086282751189194,3.0102507709225694,51,10.385631549093949,1.1504241035381693,2,"KS"
381809,5.023802631578948,"N",14427,6468,"14427_20231231",0.9550644984278236,2.952310581771191,76,9.87126241260093,0.9076103644438078,4,"LA"
483458,10.286340425531915,"NM",14445,3858,"14445_20231231",0,1.5814071822896336,47,14.877759502772934,2.227475185412368,2,"WI"
195324,6.735310344827587,"N",14468,2607,"14468_20231231",0.10863337723312277,2.23656446473172,29,14.772512544878118,0.8165747997588494,2,"WI"
319752,5.419525423728814,"NM",14488,4640,"14488_20231231",0.032012916515881194,2.625326520773109,59,12.293678472056103,1.083962301094362,4,"MO"
183955,4.180795454545454,"SM",14491,2918,"14491_20231231",0.14133349879694168,2.9639572239581042,44,13.128544823499535,1.265237864718567,8,"VA"
582079,4.810570247933885,"NM",14492,10239,"14492_20231231",0.05223038423942911,2.989750670801826,121,9.609426989309151,1.6621220568932873,2,"MO"
611906,5.883711538461539,"NM",14507,8397,"14507_20231231",0.1846915996717556,2.878075015086752,104,7.877809809625752,0.5828241519350134,4,"WV"
610051,6.2250102040816335,"SM",14513,9388,"14513_20231231",0.06812388065682518,2.867677554742264,98,9.117928516817637,1.3788978875728992,2,"MI"
2073309,7.943712643678162,"SM",14521,28915,"14521_20231231",0.41099382332755974,2.2132002879200026,261,8.87939606956908,1.0403240851196154,2,"IA"
319686,6.949695652173912,"NM",14522,3524,"14522_20231231",0.23346434210084316,2.169407142843556,46,10.927659295444487,0.544016170848976,2,"IA"
153022,5.465071428571428,"NM",14523,2003,"14523_20231231",1.3981352191342733,2.8037554841824632,28,9.416868034885008,0.6133625123328506,2,"OH"
9164639,10.30893025871766,"N",14531,99661,"14531_20231231",1.575378561543491,1.9230313990928192,889,9.492738840934484,1.1684713625727352,4,"TX"
262183,5.140843137254902,"N",14534,3992,"14534_20231231",0.2672249634406792,2.8890940671865337,51,11.158829976602641,1.762379164196846,2,"AR"
411086,6.135611940298507,"NM",14546,3792,"14546_20231231",0.08616043151032547,1.8101693651067623,67,12.40639606396064,1.8661096228240075,4,"MO"
94540,5.561176470588236,"NM",14556,1328,"14556_20231231",0,2.221852932543725,17,10.176075397204446,0.8611163866779469,2,"KS"
115101,6.3945,"NM",14560,1551,"14560_20231231",0.2742270135372383,2.4682601350147206,18,10.941462383770077,0.3466257012710203,8,"WI"
101920,6.794666666666667,"NM",14561,1001,"14561_20231231",0.7388863233113774,1.8384494623868246,15,15.145545633630991,0.6032720845963211,5,"IN"
433249,6.466402985074628,"N",14567,5678,"14567_20231231",0.6448778627852424,2.1275441575743423,67,10.56184447423018,1.0265354589160558,2,"IL"
73263,6.660272727272727,"NM",14574,990,"14574_20231231",1.843710823234434,2.270478814214715,11,7.811093225656836,0.9470056236666774,2,"MN"
1164807,8.033151724137932,"NM",14578,13202,"14578_20231231",0.129821445194468,2.036804821885554,145,9.539305634870932,1.0760429534910612,9,"IN"
70384,8.798,"NM",14581,632,"14581_20231231",0.0453470670164869,1.492798430625742,8,11.16580921609141,0.982292915445373,2,"NE"
294306,4.59853125,"N",14584,4260,"14584_20231231",0.6698644994729687,2.662008182369717,64,9.90466252094159,0.5594936672378089,8,"CO"
909718,1.9031757322175733,"NM",14587,54328,"14587_20231231",0.6016137021201207,9.565713387603733,478,10.054785983399904,1.0207647459123428,5,"MI"
366175,6.538839285714286,"SM",14597,4471,"14597_20231231",0.31785824292412473,2.4132363212709222,56,10.603554900843559,1.885005075883755,8,"AR"
173128,6.412148148148149,"NM",14604,1854,"14604_20231231",0.6365275575155873,1.9158006800013425,27,8.95096263655135,1.1245438284363325,2,"MO"
179970,5.293235294117647,"N",14619,2419,"14619_20231231",0.5252546689303905,2.442166551408749,34,8.031403884673422,0.49691034421219354,8,"NY"
590627,7.03127380952381,"NM",14633,8369,"14633_20231231",0.14862468829112424,2.5571200497402695,84,9.66778674373346,0.6784051530465738,2,"IA"
54584,4.198769230769231,"SM",14636,1022,"14636_20231231",0.07164350193437455,3.0324638768999814,13,13.68682074429958,0.47288421842747236,2,"KS"
248191,4.354228070175439,"NM",14642,2958,"14642_20231231",0.4911072862880092,2.178363908126631,57,13.291233194381476,1.1602721533081175,7,"SC"
640708,5.1256639999999996,"N",14644,9048,"14644_20231231",0.1936117166704807,2.3007371743380176,125,9.372044017794428,0.5913429015080021,4,"AR"
890226,5.93484,"N",14646,11773,"14646_20231231",0.18868089726303255,2.1440238068264432,150,8.668321734350206,1.0237301108005812,4,"NJ"
126677,5.067080000000001,"NM",14649,1802,"14649_20231231",0.003929478951091085,2.6521279996899794,25,10.697313849374007,0.6264996431535538,2,"IA"
221366,5.982864864864865,"NM",1464,3028,"1464_20231231",0.2999661923348803,2.599050725700044,37,8.118165318351377,0.8622269461955725,5,"NY"
4340318,8.750641129032259,"NM",14650,44098,"14650_20231231",0.9135652848679306,1.9016281601177427,496,12.819601776772007,0.9179720437855489,4,"IA"
599945,12.243775510204083,"NM",14660,5206,"14660_20231231",0.11841706139020464,1.46593627034951,49,14.922748398442407,1.1354461736858927,4,"WI"
556561,5.51050495049505,"NM",14662,11241,"14662_20231231",0.3173154198259897,3.4191013904292347,101,9.332715528416268,1.2637721579919097,4,"IL"
278870,4.979821428571428,"N",14674,3767,"14674_20231231",0,2.476486284507542,56,10.687481127648041,1.035703144812171,2,"IL"
739181,5.205500000000001,"NM",14679,15543,"14679_20231231",4.809333864111806,4.045545632904121,142,15.91853405070066,0.29440226949351767,4,"DC"
282561,7.636783783783783,"SM",1468,2160,"1468_20231231",0.05056232528910815,1.6371294884898728,37,9.843849975197164,1.1646289491460686,2,"TN"
273380,8.284242424242423,"NM",14690,3094,"14690_20231231",0,1.9404959876025756,33,9.53457568283548,1.2672318611391795,2,"IA"
466952,6.485444444444444,"SM",14692,6521,"14692_20231231",0.1540455447391356,2.3320341239416384,72,8.468692569010006,0.5156334636103422,2,"IA"
116444,6.849647058823529,"NM",14694,1755,"14694_20231231",0.8348257592716962,2.5497827279247356,17,7.963266361990169,0.618768369685975,2,"IA"
354362,5.369121212121213,"SM",14695,4707,"14695_20231231",0.2788911059613693,2.455780249929896,66,10.040310454114326,1.0114387959594988,2,"MO"
115489,4.124607142857143,"NM",14701,1692,"14701_20231231",0.3276810994814367,2.4800187455210008,28,13.612458608887612,1.3571688790144234,2,"MO"
243108,4.586943396226415,"NM",14705,4644,"14705_20231231",1.4349984486503258,3.0081802194985343,53,8.946762589928058,0.648325464376638,2,"IA"
1658936,10.054157575757575,"N",14712,18602,"14712_20231231",0.6438334398752535,3.887727314256085,165,21.95550221819536,1.7471453725401844,4,"SD"
343385,3.732445652173913,"NM",14722,8433,"14722_20231231",0.33581058006602377,4.233305369884268,92,8.835131685810419,0.4916154755139411,4,"MI"
409845,7.3186607142857145,"NM",14730,4938,"14730_20231231",0.008748276075008748,1.7583207300712604,56,10.664454029382938,1.6986791977698485,2,"CO"
119890,5.9945,"N",14731,1572,"14731_20231231",0.3328847652100007,2.2881536888693335,20,12.12031973075305,1.4720536280460186,2,"GA"
443344,4.0304,"NM",14735,7418,"14735_20231231",0.7996811380228874,3.380948793762594,110,8.270955653875763,0.7834422493832276,2,"KY"
224955,4.1658333333333335,"NM",14744,3767,"14744_20231231",0.2618934005082508,3.393339668898637,54,10.147438752783964,0.7134318522814843,4,"WV"
143628,5.745120000000001,"NM",1475,1925,"1475_20231231",0.0009881715861142129,2.712078475484869,25,13.643713449250999,1.599195961765896,4,"TN"
295806,9.542129032258064,"SM",14761,2516,"14761_20231231",0.035518757578355604,1.7499362768302555,31,9.23117823970224,0.5174881586945013,2,"IL"
826883,18.37517777777778,"NM",14769,7183,"14769_20231231",0,1.3561870220651628,45,10.658916574214713,-0.04589240012166935,4,"WI"
172160,4.199024390243903,"NM",14772,2983,"14772_20231231",3.523447647480759,2.869681681503077,41,12.877815178540445,0.7743222392895908,8,"IA"
172932,6.65123076923077,"NM",14773,1445,"14773_20231231",0.22352348570708977,1.739761915926336,26,10.218686925820299,1.0502294634151033,2,"IA"
287763,6.851500000000001,"N",14779,3007,"14779_20231231",0.7126120038263404,2.2183257523304545,42,10.586788513067594,0.6435355163864465,7,"TX"
75504,5.393142857142857,"NM",14785,1194,"14785_20231231",0,2.3403609062375876,14,9.272768494192016,1.4330329675464764,2,"IA"
351865,7.330520833333334,"NM",147,4145,"147_20231231",0.0032559149120902973,2.2015948694147927,48,11.784481852932382,1.323432203985767,4,"GA"
510534,7.1906197183098595,"NM",14801,7128,"14801_20231231",0.14084282472243334,2.0114125108750396,71,14.17749797296914,1.23260339843257,7,"ND"
255507,8.5169,"NM",14807,2977,"14807_20231231",0.2529961978285698,1.9185216703744405,30,11.923612202724412,0.6675668069366641,2,"IA"
241579,7.54934375,"NM",14809,3838,"14809_20231231",0.9010891558405154,2.507404316524952,32,11.687846329071807,1.5726540927322747,2,"IA"
444471,4.779258064516129,"NM",14812,10906,"14812_20231231",0.2362604494980722,4.442598654428788,93,6.823760544943832,-0.3318052975252228,2,"IA"
27657,3.951,"N",14820,549,"14820_20231231",0.08120760485334862,3.3022009949120594,7,8.88888888888889,0.3720290820448136,6,"NY"
437016,12.139333333333333,"N",14836,2999,"14836_20231231",0.21773797841020606,1.400752901646389,36,9.74654919851977,1.2444655312215014,7,"OH"
6423445,8.763226466575716,"NM",14843,73550,"14843_20231231",0.638542904152915,2.0464884561012315,733,9.390077567822878,0.47051124246278814,4,"IA"
523718,4.7181801801801795,"NM",1484,8315,"1484_20231231",5.09183396015756,2.9222978570586364,111,9.619169812163996,-0.37164507952703785,4,"TN"
1215912,5.218506437768241,"NM",14851,26151,"14851_20231231",0.5586287791483635,3.3570365831577256,233,13.733787752084087,2.0893191933504593,4,"TN"
36710,2.823846153846154,"N",14853,760,"14853_20231231",0.06580570864522498,3.825061185052266,13,7.98776156914167,0.4432930034030038,2,"MN"
317075,4.732462686567164,"NM",14857,4643,"14857_20231231",0.19892709811019257,3.0636222740070465,67,9.025417360802459,1.5492088433679618,6,"IL"
2668008,7.62288,"NM",14863,20612,"14863_20231231",0.3279452053572265,2.695817043848055,350,14.125838998935139,-0.4092879763415033,4,"PA"
107517,7.1678,"N",14864,943,"14864_20231231",0,1.7672732667590234,15,11.108078859455135,2.1632306918128035,7,"TX"
418247,6.63884126984127,"NM",14867,6100,"14867_20231231",0.44685887100339866,2.6390964449459675,63,8.854640459497539,1.2272916730204235,2,"IA"
169066,5.829862068965517,"NM",14868,2690,"14868_20231231",0.5770322255155452,2.754567991919934,29,9.748248426552667,0.4949417830230566,2,"IA"
1869436,7.661622950819673,"SM",1487,21643,"1487_20231231",0.1380310319659072,2.0092182064861346,244,9.008540615501888,0.897042227923431,4,"TN"
486259,7.480907692307692,"SM",14883,6357,"14883_20231231",0.06053621759715646,2.3196218308065863,65,8.715391923591085,1.1342565195092122,4,"IN"
835500,6.188888888888889,"NM",14885,13489,"14885_20231231",0.3236586333669581,2.7631218082735978,135,8.740643066545505,1.00760222803396,7,"AK"
249479,7.79621875,"NM",14894,2544,"14894_20231231",0,1.9429383453304347,32,9.903561577644004,0.7299764005311995,8,"KY"
1139009,7.4445032679738565,"SM",14899,17032,"14899_20231231",0.9746941286565922,3.2570265569647496,153,9.19934252406153,2.090028969044651,4,"OK"
406703,6.667262295081968,"NM",148,5788,"148_20231231",0.06038817945530568,2.3433395699499533,61,9.938035993512234,1.1464519386251382,4,"GA"
120614,4.82456,"NM",14904,1905,"14904_20231231",0.3028953229398664,2.7390552946254467,25,8.880810868180854,0.7344523851362533,2,"IA"
97920,7.532307692307692,"NM",14907,1064,"14907_20231231",0,1.8065248535929426,13,13.4580541861543,1.2640437671227138,8,"WI"
326699,7.259977777777778,"NM",14911,3696,"14911_20231231",0.10962392769607843,1.9545186014930298,45,11.739300669203203,0.987808714199127,8,"WI"
123755,7.279705882352942,"NM",14912,1442,"14912_20231231",3.8740776710527878,2.0679989973338193,17,12.654793033696778,1.153228878088163,2,"NE"
225902,5.944789473684211,"NM",14914,3613,"14914_20231231",0,2.87494754432152,38,8.153797621035833,0.7075635913368624,4,"WI"
105334,13.16675,"SM",14920,771,"14920_20231231",0.20533605325316726,1.6246860313403468,8,16.1444804428114,1.3861560656541756,2,"OH"
346700,5.683606557377049,"NM",14922,5634,"14922_20231231",0,2.710517314345061,61,10.586907582240137,1.407947507253874,2,"NE"
55076,9.179333333333334,"NM",14926,565,"14926_20231231",0.5865102639296188,2.2522678484869467,6,16.376773809080415,-0.015580638459940446,7,"MI"
720850,5.908606557377049,"NM",14929,11560,"14929_20231231",0.16463767649802194,3.1683804754753067,122,8.388067907706324,0.7156418910971599,4,"MI"
350319,7.00638,"SM",14930,5431,"14930_20231231",0.6570184426229508,2.4259127634575495,50,10.14807055126266,1.7850563541681777,2,"IA"
191719,6.184483870967742,"NM",14952,2687,"14952_20231231",0.0017582108446444898,2.6828465134717794,31,7.842203879070239,1.0321099695322415,8,"KS"
147077,9.805133333333334,"NM",14960,1381,"14960_20231231",0,1.9590410750824274,15,10.457187485919405,0.8533109357827676,2,"WI"
374978,8.332844444444445,"N",14966,3938,"14966_20231231",0.036908903903977795,1.7163906694677358,45,9.287737928439661,1.1179690166718173,8,"OK"
1541944,6.533661016949153,"NM",14969,21823,"14969_20231231",0.056666593705387215,2.63779426217506,236,8.910573535839955,1.0697885277540884,4,"PA"
449909,4.590908163265306,"NM",14974,9072,"14974_20231231",0.06597363520895762,3.2866297762909045,98,8.433364939958619,0.673898330052542,4,"KS"
877558,11.250743589743589,"NM",1497,8814,"1497_20231231",0,1.6122192201801773,78,11.998404748220004,0.8382426483723375,2,"TX"
132279,5.5116249999999996,"NM",14982,1875,"14982_20231231",0,2.4701557712028674,24,7.620215600775193,0.5081811072262136,8,"IA"
232308,3.8718,"NM",14991,4090,"14991_20231231",0.09681906477685656,2.753625124102345,60,13.62731164879422,1.0391206208011112,2,"OH"
1072693,10.620722772277228,"NM",14995,7770,"14995_20231231",0.25404648195322216,1.2274722304358605,101,9.839346282854038,0.6866788228512375,4,"WI"
66626,9.518,"NM",14999,588,"14999_20231231",0,1.742216392060178,7,16.17954535344099,1.3381393128932797,8,"MI"
125202,4.4715,"NM",149,2039,"149_20231231",1.2746278354258633,2.8799318638894156,28,14.392222054304568,2.049989276022741,2,"GA"
293238000,7.306291266973963,"SM",14,4491000,"14_20231231",0.189948985129708,3.097914374502047,40135,6.327908911692615,0.7194666427534258,1,"MA"
222175,8.545192307692307,"NM",15010,2815,"15010_20231231",0.032977779799404125,2.303426023105465,26,9.525124887051541,1.2943664334791243,2,"NE"
12114629,8.525425052779733,"SM",15019,139851,"15019_20231231",0.3950559619682588,2.1961886832660165,1421,10.825599608254823,0.9467574388682558,4,"NC"
1150248,6.251347826086957,"SM",15032,17482,"15032_20231231",0.17992289438115183,2.82859118260246,184,9.512294778176928,1.3118531775523157,4,"MI"
131881,3.9963939393939394,"SM",15035,2151,"15035_20231231",0.1990426993981328,2.990164070354363,33,10.106863335340156,0.3035323765400566,4,"AR"
191275,5.169594594594595,"NM",15038,3046,"15038_20231231",0.5782875839373014,2.597100509631638,37,11.697079727262413,0.6362501552471429,8,"KS"
366140,6.908301886792453,"NM",15046,5288,"15046_20231231",0,2.4035946542733324,53,12.7148803212489,0.8961856356998508,4,"WI"
285820,5.954583333333333,"NM",15050,3791,"15050_20231231",0,2.2296654918708607,48,10.841964756888755,0.7974115164743504,4,"AR"
454542,5.681775,"N",15059,9261,"15059_20231231",1.606334784719445,3.36194591961837,80,9.283286061995856,1.4288709743357102,4,"LA"
87233,7.269416666666667,"N",15078,876,"15078_20231231",0.052803379416282645,2.0493824328818655,12,10.116861796345098,1.783318233425462,2,"TX"
746403,4.815503225806451,"NM",15085,12943,"15085_20231231",0.6371841644066681,3.148837476810394,155,8.042656491956663,0.7678819112381478,4,"SC"
3009469,8.177904891304348,"NM",15091,38585,"15091_20231231",0.3696073929751844,2.4824373982911343,368,9.151895066501362,0.667950545090538,4,"WI"
110859,4.105888888888889,"NM",15092,1411,"15092_20231231",0,2.291645726921355,27,18.472130599199087,0.5884449155252601,8,"WI"
36215,4.526875,"NM",15098,492,"15098_20231231",0,1.975673826184852,8,12.755560251466006,1.0209487649279263,2,"KS"
108603,6.0335,"NM",15101,1316,"15101_20231231",0.229982337356491,2.4002695869289754,18,14.719552823711684,1.9332220564674258,8,"MO"
305855,8.266351351351352,"NM",15104,3826,"15104_20231231",0.29034229828850855,2.1797741772047194,37,10.235998193315266,1.7917058720130699,7,"SC"
83722,4.406421052631579,"NM",15105,972,"15105_20231231",0,2.5667351129363447,19,13.953460677368646,1.7060546691031027,7,"TX"
315368,5.631571428571428,"NM",15111,4887,"15111_20231231",0.3322685267189094,2.426709146115564,56,10.553348359905975,1.1692121590359683,2,"KS"
130102,5.656608695652174,"NM",15113,1826,"15113_20231231",0.33963425636018213,3.2099526526116167,23,11.399112462760677,1.6922075524247935,4,"SC"
2113468,2.5742606577344698,"NM",15118,83375,"15118_20231231",11.555448555164931,7.197809656986295,821,11.46655055055461,-0.5088499684350265,4,"OK"
953434,10.59371111111111,"NM",15136,9914,"15136_20231231",0.16526281378024776,1.5822535649520755,90,10.669909388840782,1.0313202642044317,4,"WI"
627776,8.48345945945946,"NM",1513,7045,"1513_20231231",0.10974208774228594,1.8235122054991226,74,8.655207600003164,2.4738406105408712,4,"WI"
148985,6.477608695652174,"NM",15146,1979,"15146_20231231",1.237581468010838,2.846468599893257,23,10.331048735187172,0.8299970705985744,4,"WI"
102330,5.685,"NM",15152,1398,"15152_20231231",0.029049040061267066,2.332751391081137,18,8.697767183927615,0.8420226080579072,2,"WI"
226441,6.2900277777777776,"NM",15164,2967,"15164_20231231",1.5730245342840425,2.2749358293860995,36,14.573210798604364,0.47285973713848456,2,"KS"
197893,5.497027777777777,"NM",15165,2764,"15165_20231231",0,2.452825096778643,36,10.489736861466023,0.7991172228502548,4,"MI"
298134,6.6252,"NM",15194,4428,"15194_20231231",0.23251258916668244,2.5289089350748455,45,14.590742343390318,1.3539717929661805,2,"KS"
709223,6.276309734513275,"NM",15200,11756,"15200_20231231",1.0058511863625892,2.7528904688134674,113,11.012187314517881,0.9309149349639003,2,"IA"
435764,8.380076923076924,"NM",15205,6943,"15205_20231231",0.005473393832579829,2.4117213880307493,52,11.715754855824263,0.5790196853222215,4,"TN"
720738,6.006150000000001,"NM",15206,10916,"15206_20231231",0.9671216587180103,2.464879490271597,120,9.972489779820338,0.9954670845184298,4,"TX"
96811,4.4005,"N",15214,1240,"15214_20231231",0,2.569720162640517,22,18.409187407751876,1.0983018416646735,2,"OH"
153839,5.69774074074074,"NM",15216,2336,"15216_20231231",0.03529147550450768,2.7710493673703405,27,10.744440863680309,1.7597269820031471,4,"GA"
153538,4.040473684210527,"NM",15228,3662,"15228_20231231",0.16167476580255352,3.9554233785867794,38,8.227004764596623,0.9552330216813757,4,"WI"
3509031,10.53763063063063,"NM",15229,54829,"15229_20231231",0.7214734774342068,2.6543619722286813,333,9.869285194607343,1.261731677606102,4,"WI"
92947,5.467470588235294,"NM",15237,1297,"15237_20231231",9.509945140825646,2.394080845072175,17,16.35276564459629,0.8626571083153095,2,"KS"
322727,6.327980392156864,"NM",15242,3829,"15242_20231231",0.12105702224814807,1.9748084318518309,51,8.88138690763256,1.739885804142374,8,"WI"
607935,8.562464788732395,"SM",15243,6614,"15243_20231231",0.5266548518172224,1.8138003466517183,71,12.671398861096206,0.7301915605126321,4,"WV"
195327,4.43925,"NM",15249,2745,"15249_20231231",0.15656343265326092,2.6859135783210397,44,9.208905586007267,1.4151048514697036,8,"KY"
70176,3.5088,"NM",15254,1326,"15254_20231231",0,3.1354013723230634,20,8.279874030442642,1.5121292066147611,2,"KS"
126221,7.012277777777778,"NM",15255,1185,"15255_20231231",0.8527558866505377,2.1835963547454993,18,8.15130918674576,0.9344298733051789,4,"TN"
72770,5.5976923076923075,"NM",15258,941,"15258_20231231",0,2.63844147875441,13,12.812382940011775,0.8199807555536962,2,"KS"
132244,7.779058823529412,"NM",15259,1599,"15259_20231231",0.013419416404491031,2.1897775734020373,17,8.214911575870277,0.4118136177235762,2,"KS"
140912,5.636480000000001,"NM",15261,2287,"15261_20231231",0,2.449336327203479,25,12.895462816223514,0.36949663189608617,2,"KS"
632007,7.0223,"NM",15264,8280,"15264_20231231",0.12263162756145829,2.320880728519208,90,8.992632275261585,0.8781929942992839,4,"MO"
365421,9.135525,"NM",15270,4533,"15270_20231231",0.19167446815379152,2.3614983166607177,40,10.755094518456112,0.5041978976748374,4,"AL"
548409,5.960967391304348,"NM",15271,8198,"15271_20231231",0.12103439849353861,3.0733025556047493,92,8.881774798626807,-0.1102266443518949,4,"WI"
666542,11.693719298245615,"NM",15272,7266,"15272_20231231",0.7761295476513088,1.7870788116851892,57,9.31740280707729,1.3113233534145607,2,"IA"
805864,5.165794871794872,"SM",1527,11659,"1527_20231231",0.49187851053240517,2.5048420645091043,156,9.998754946645802,1.0150439239022049,2,"AR"
252871,6.483871794871795,"NM",15282,3311,"15282_20231231",0.13295640266796235,2.4384565994224685,39,7.839043876990213,0.8757097282778604,4,"MO"
469512,9.581877551020408,"NM",15286,4579,"15286_20231231",0.542508723561201,1.5005191716495467,49,9.540764184221805,1.5357811504098595,2,"MN"
2606845,5.488094736842106,"SM",1528,33809,"1528_20231231",0.638976197413095,2.6167545643386103,475,12.200681143915402,0.8668713630495462,4,"AR"
436092,6.413117647058823,"NM",15305,5719,"15305_20231231",0.6213563574643938,2.239701373150247,68,15.382213492128521,1.5609614624482817,2,"KS"
318653,6.248098039215686,"NM",15306,4973,"15306_20231231",0.024961808433097362,2.2903298024606267,51,10.542898615243297,1.2259741762484877,2,"ND"
2541433,4.629204007285974,"NM",15310,37574,"15310_20231231",1.7668859295921435,2.804903420130467,549,10.919861892701139,0.9028576113929121,4,"AL"
173634,5.787800000000001,"NM",15311,1823,"15311_20231231",0.6410181289770663,2.756674417125112,30,7.910905278802516,0.30729747475899355,8,"IA"
621452,4.85509375,"NM",15321,10823,"15321_20231231",0.7665093116148779,2.7810280826339575,128,11.966719599350387,1.0517538196686034,2,"IA"
421112,6.792129032258065,"NM",15323,7071,"15323_20231231",0,2.5537791930238782,62,11.23476567186298,1.1024055690061103,4,"KS"
734025,7.726578947368421,"NM",15324,7757,"15324_20231231",0.5532119352719996,1.8935389154217415,95,9.064974567495756,1.4146855833597416,4,"MN"
53757,5.973,"NM",15326,487,"15326_20231231",0.96045197740113,1.4703690644526919,9,10.411182866018148,0.7724435752687195,5,"OH"
448762,7.238096774193548,"SM",15334,5091,"15334_20231231",0,1.9451376539796867,62,10.723878212029655,1.4544947374188695,2,"IA"
273764,5.824765957446809,"NM",15336,3988,"15336_20231231",0.10096827440681137,2.6271802273085165,47,14.50963654158909,2.68460690535939,4,"GA"
634048,6.469877551020408,"SM",15345,8018,"15345_20231231",0.25238921809221687,2.3100633448281327,98,9.275107505242866,0.7145576033036202,8,"TX"
66755,8.344375,"NM",15346,806,"15346_20231231",0,2.7041169680646404,8,11.569707569838338,0.6202385532897269,4,"TX"
144990,4.999655172413793,"NM",15347,2165,"15347_20231231",0.44159208666980687,3.1495481115274053,29,8.607028940124382,0.5032478329305873,4,"MO"
60260,5.0216666666666665,"SM",15348,828,"15348_20231231",0.8686471181072131,2.6310533054346728,12,14.018613788855037,2.2954180051147546,7,"OK"
138773,9.251533333333333,"NM",15355,1779,"15355_20231231",0.4658012809535227,2.0927265236994486,15,13.590946609322732,1.566326413842034,4,"TX"
4758607,8.247152512998268,"NM",15359,60180,"15359_20231231",0.2405204519484341,2.06070103838106,577,8.83415641290572,1.0812962706382223,4,"NC"
81088,6.757333333333334,"SM",15362,1225,"15362_20231231",0.3248841466431387,2.5915722627071864,12,15.442501743168751,1.6610370340360665,4,"MT"
68540,6.854000000000001,"NM",15364,957,"15364_20231231",0,2.134879403098674,10,13.688841645259398,1.4919650116185874,2,"NE"
182978,4.69174358974359,"NM",15367,2611,"15367_20231231",0.05636699860565845,2.9975029855607427,39,8.486625410389983,1.2251655629139073,4,"TX"
4521881,10.58988524590164,"NM",1536,54086,"1536_20231231",0.2684818228597738,1.8229104554475646,427,15.431137931208823,0.9119465421336497,4,"CA"
3947125,5.152904699738904,"SM",15399,58821,"15399_20231231",0.7266792737219656,2.5598019008314963,766,9.218681464391661,1.1730583856330001,9,"OK"
232032,8.924307692307693,"NM",15405,2438,"15405_20231231",0.10302466992911455,1.8002827800556787,26,11.456806065578915,1.2885386324298043,2,"IA"
135481,5.210807692307692,"NM",15415,1679,"15415_20231231",0.14613658592716183,2.0479978448572753,26,10.297529530013678,0.7224626179167668,2,"MO"
880850,9.175520833333334,"NM",15423,9999,"15423_20231231",0.03359664944601118,2.3446648412717996,96,10.543043461168008,0.7098993370117677,4,"MO"
187371,8.146565217391304,"NM",15427,1716,"15427_20231231",0.447108863472713,1.7903032473760714,23,16.2391071021416,1.1865771753090868,2,"IA"
42389,3.260692307692308,"NM",15442,746,"15442_20231231",1.9993176390310472,3.268136236335712,13,13.44507361268403,0.5397958261812269,7,"TX"
501653,6.688706666666667,"NM",15443,8496,"15443_20231231",0.16041928480170975,2.347905399229487,75,10.313343349330923,1.8897205967293071,4,"MN"
618303,7.449433734939759,"NM",15444,8255,"15444_20231231",1.805851407727016,2.0054869175824317,83,12.60208249038087,2.0296224499451436,4,"ND"
1136231,9.62907627118644,"N",1545,10871,"1545_20231231",1.477716876301517,1.7230698497329364,118,8.757578213994684,0.48453626785256554,4,"IA"
83818,4.930470588235294,"NM",15460,1664,"15460_20231231",0,3.184611231534466,17,13.515610791148832,-0.6588390000614738,4,"TX"
424072,5.109301204819277,"NM",15463,7317,"15463_20231231",0.17363711676790403,2.786207398531939,83,10.886528590766503,1.799148577198218,4,"TX"
907255,5.891266233766234,"NM",15465,11323,"15465_20231231",0.3929589919607363,2.1908109192516707,154,8.34142923966211,1.0076222840694595,8,"FL"
49108,6.1385000000000005,"NM",15469,501,"15469_20231231",0.791986955508968,1.8554466878080211,8,20.543421465147873,0.48321103143591077,2,"KS"
72868,6.072333333333333,"NM",15471,1035,"15471_20231231",0,2.2454577089481282,12,10.512610977991384,0.8069399576390771,2,"ND"
687334,7.637044444444445,"NM",15472,9308,"15472_20231231",0.10606196736184005,2.0811961031202175,90,9.970675816618044,1.1761212574173294,2,"ND"
445265,10.11965909090909,"NM",15477,4633,"15477_20231231",0.11048851708625995,2.111839869392261,44,9.677817609832827,1.4447222417762953,4,"GA"
634009,8.805680555555556,"NM",15478,7905,"15478_20231231",1.5661692815175579,2.08689526226387,72,8.935562676480853,1.1895091193526828,2,"ND"
214221,7.934111111111111,"NM",1547,2343,"1547_20231231",0.015362556329373209,1.800459455391254,27,12.40521187932856,1.66382344297664,2,"IA"
198662,4.414711111111111,"NM",15480,3811,"15480_20231231",0.19696341424515965,3.6158823949070245,45,9.696671635903504,1.4336582888845057,4,"TX"
640018,6.095409523809524,"NM",15489,8001,"15489_20231231",0.5924923877036916,2.5378007417504045,105,8.110771430797648,1.0359146670047865,4,"MO"
597183,5.91270297029703,"NM",15496,10297,"15496_20231231",1.265176300446503,2.546173860862924,101,17.210160380403785,1.8883261596365795,2,"GA"
114293,4.57172,"NM",15501,1758,"15501_20231231",0.07315121728197509,3.150893439152728,25,13.38458650605163,0.7140121096453795,7,"TX"
468999,9.019211538461539,"SM",1550,4751,"1550_20231231",0.04474682716210912,1.7723768036360394,52,8.789590090129467,0.7340455484225235,4,"IA"
421049,4.087854368932039,"SM",15510,8964,"15510_20231231",1.820173508210831,3.7430390680491517,103,9.222320807654492,1.887547788176651,4,"OK"
1754236,6.176887323943662,"SM",15511,28085,"15511_20231231",0.5083163397553383,3.0227864114128353,284,8.216654587286627,0.3550745733652464,4,"TX"
230366,10.969809523809525,"NM",15519,2359,"15519_20231231",0,1.7660042160590572,21,9.927699637620757,2.330638888863854,2,"TX"
217562,13.597625,"NM",15523,1829,"15523_20231231",0,1.6208483176132504,16,13.36540910248481,1.5857795780798278,5,"TX"
1500658,5.749647509578544,"SM",1552,20422,"1552_20231231",0.269932795971819,2.9119871868613982,261,9.328329277496758,0.84451578215097,4,"IA"
103263,4.302625,"NM",15532,1870,"15532_20231231",0.20265493676851778,3.555048724066608,24,15.014210081078255,2.074097318023791,4,"IN"
366399,8.32725,"NM",15539,5395,"15539_20231231",0.01690014472669393,2.3057975797205486,44,9.516302001364883,0.8111258915013513,2,"ND"
555337,6.856012345679012,"NM",1553,6797,"1553_20231231",0.16125115078535807,2.181913443788263,81,9.576427601771723,0.7520070194732579,2,"IA"
1293191,10.345528,"NM",15545,13540,"15545_20231231",0.11658289357174637,1.7317244534360596,125,9.494822622622305,1.0129273819032134,4,"NE"
143674,5.986416666666667,"NM",15546,1687,"15546_20231231",0.8681037632444282,2.331989332254762,24,9.050752409400891,0.7253673532728603,8,"MO"
85755,5.3596875,"SM",15547,1284,"15547_20231231",0.22470073946970626,2.9347432689735475,16,13.863581806335091,2.119849025386485,2,"AR"
2135960,7.442369337979094,"SM",15555,33089,"15555_20231231",0.1268234842398815,2.5306844588798767,287,9.19776770638604,0.6923729504053183,4,"IA"
1035146,8.024387596899224,"NM",15562,11462,"15562_20231231",0.004403714973952026,1.9144394682452932,129,9.41562337884459,0.8033592568589327,4,"SD"
1018270,6.444746835443038,"NM",15565,10976,"15565_20231231",1.7070774386980292,1.928225967364952,158,9.695839415986445,1.2416339066411375,4,"IL"
326286,5.179142857142857,"NM",15566,4985,"15566_20231231",0.3874970086335438,3.2196637518478615,63,8.293311610149914,0.5595783952627931,2,"IN"
77845,4.8653125,"NM",1556,1871,"1556_20231231",0.45275412893715594,4.619371425049671,16,9.239051360395752,0.044021964025251,2,"IA"
1331950,7.3997222222222225,"N",15572,16423,"15572_20231231",0.07963295128875823,2.162089478597821,180,10.351034101409851,1.3151311919067339,4,"TN"
89508,6.393428571428571,"NM",15578,1525,"15578_20231231",3.8823299980498343,2.818560190267106,14,10.04256988267325,1.36068422978412,2,"MN"
196941,7.294111111111111,"NM",15580,1832,"15580_20231231",0,1.9076374116516845,27,9.095050253447958,0.24280941044819448,7,"GA"
915785,4.601934673366834,"NM",15584,16797,"15584_20231231",0.06761180749407443,3.012009367831393,199,9.052065805773038,1.224871956821569,4,"MO"
145155,4.53609375,"NM",15585,2328,"15585_20231231",0.24575313469783125,3.008897155416508,32,9.06755088565441,1.2207364687628042,2,"MI"
228111,4.7523125,"NM",15590,2931,"15590_20231231",0.2624941744112729,2.647413624970203,48,12.158794629396427,1.9051987546681883,4,"KY"
70905,10.129285714285714,"NM",15593,723,"15593_20231231",0,1.643742658044502,7,15.113071463463692,1.248845245834331,2,"SD"
72317,5.165500000000001,"NM",15597,1180,"15597_20231231",2.189681127685781,3.1387443890344895,14,13.757324567671859,3.714699739051188,2,"MN"
189564,6.3187999999999995,"NM",15598,2286,"15598_20231231",0.09600750992077603,2.2091630952040053,30,11.639168055033052,0.8017893902900759,2,"ND"
240975,5.127127659574468,"NM",155,3082,"155_20231231",0.25264085999626973,2.572182396124087,47,10.110921878171245,0.7775642068089743,8,"GA"
102953,6.863533333333334,"NM",15606,1419,"15606_20231231",0.860059480749136,2.2001059736908792,15,10.056533483285971,1.3208315095107548,2,"MO"
238186,7.4433125,"NM",15610,2884,"15610_20231231",0,2.0196824054875973,32,10.172375558663983,1.168577322612932,2,"IA"
3824435,21.129475138121546,"NM",15614,27060,"15614_20231231",0.010110895343693586,1.300541414029206,181,10.858087542439577,0.8151097343005336,4,"IA"
93293,7.176384615384616,"NM",15621,1073,"15621_20231231",0.06302397842527994,2.49334715557503,13,9.00189199057324,1.820047237867242,2,"MN"
217178,6.2050857142857145,"NM",15629,694,"15629_20231231",0.01987995074902524,0.6061589930830472,35,8.084404781414658,0.27388703133039793,2,"SD"
160702,7.65247619047619,"NM",1562,1396,"1562_20231231",0,2.3520618058351337,21,9.882775216099587,0.8816624315124335,4,"KY"
873383,7.7980625,"NM",15632,9964,"15632_20231231",0.16675554187304956,2.1335242102598984,112,11.167917880828707,1.6916521896102037,4,"IN"
201724,9.605904761904762,"NM",15651,1586,"15651_20231231",0.18338615481553233,1.627529591447117,21,9.646761317774843,0.6763077510500191,4,"IA"
891096,9.901066666666667,"NM",15657,9420,"15657_20231231",0.0026023470568105373,1.952867944833897,90,12.619390299120377,0.6531040785172381,4,"TX"
889206,4.967631284916202,"NM",15663,11750,"15663_20231231",1.2385883987039283,2.196588485560089,179,11.867593935912291,0.4643029124909284,4,"MS"
203851,3.846245283018868,"NM",15664,2699,"15664_20231231",0.6544728296790138,2.906468992865547,53,10.825496861275836,0.9467497643922278,8,"WV"
433930,5.563205128205128,"NM",15669,6251,"15669_20231231",0.26888215969441004,2.681346172808872,78,10.616823924161102,1.2691489179481221,8,"TX"
125392,4.478285714285714,"NM",1566,2146,"1566_20231231",0.7750831465806415,2.9236902311559327,28,11.492306889119263,1.849400494295705,8,"KY"
382016,6.821714285714286,"NM",15671,5424,"15671_20231231",0.0377453447408153,2.47125674544294,56,12.421664400311878,1.1801934729809263,4,"SC"
276902,4.32659375,"NM",15673,4965,"15673_20231231",1.0822363957117656,2.936937039590253,64,14.424295970664398,0.5123972356899096,7,"TN"
333281,8.128804878048781,"NM",15675,3552,"15675_20231231",0.1718637735306797,2.0149500191854552,41,14.058966899913516,0.8962757309403802,4,"KY"
327783,14.899227272727273,"NM",15687,1426,"15687_20231231",3.817794462396249,1.0286972963970922,22,12.651115599245738,3.4267065169789874,4,"IN"
576990,6.632068965517242,"SM",15690,8168,"15690_20231231",0.05099609188828519,2.391648540216985,87,8.094907626468146,1.466417493159655,4,"IA"
442525,4.097453703703704,"NM",15699,9338,"15699_20231231",0.19846004670003534,3.484070024432683,108,9.728862880385797,1.5627553033828325,4,"GA"
222777,4.739936170212767,"NM",15701,3255,"15701_20231231",0,2.9314162361336935,47,10.843430856761968,0.431457855862555,2,"MO"
434309,4.992057471264368,"NM",15703,6229,"15703_20231231",0.025938915680257198,2.7940151279887946,87,11.108651789583558,1.0195865040824683,4,"KY"
376100,6.838181818181819,"SM",15708,3614,"15708_20231231",0.4103401300513477,1.8846205254242374,55,8.499880803619378,1.2201342611409196,8,"KY"
1275032,7.3701271676300575,"N",15728,15507,"15728_20231231",0.06239916264349485,1.9483786645091605,173,7.7054655173493085,1.2383314516987272,2,"ND"
439385,6.657348484848485,"NM",15729,6367,"15729_20231231",0,2.7399274301065137,66,10.146449346739272,1.3815020045696385,4,"AR"
128956,7.164222222222222,"NM",15731,2000,"15731_20231231",1.8965269089822083,2.7750602195156917,18,10.645690495720675,1.2697692517341173,4,"TX"
500603,7.2551159420289855,"NM",15734,6487,"15734_20231231",0.0010792521861602096,2.124604601996501,69,9.307983665969862,0.31322236656988534,2,"SD"
139072,15.452444444444446,"NM",15741,1150,"15741_20231231",0,1.4308092233932326,9,11.655498591424978,1.4660621555175435,2,"ND"
59183,7.397875,"NM",15749,600,"15749_20231231",0,1.6198334773876222,8,15.676852991055098,1.784615001958724,2,"SD"
35248,4.406,"NM",15751,408,"15751_20231231",0.4866550072237853,2.4915715007064128,8,10.235431172279267,0.8186227755647477,7,"MO"
1550854,4.876899371069182,"NM",15752,31415,"15752_20231231",0.5701346677253287,2.969022941046566,318,9.671672594169415,0.692213817796659,4,"IL"
342259,6.457716981132076,"N",15760,3912,"15760_20231231",0.39706423607352404,2.0699186867919837,53,16.375299836795858,0.8071510120025965,2,"IL"
34140,3.414,"NM",15762,625,"15762_20231231",0.6063647388449797,3.2310740996867717,10,12.530381563149726,1.5981031967875217,2,"OK"
178916,4.160837209302326,"N",15763,2851,"15763_20231231",1.3238102430761596,2.568311798347808,43,10.523721036065076,1.2113429358186827,2,"IL"
50284,8.380666666666666,"NM",15767,467,"15767_20231231",0,1.706580518294824,6,13.191054075417306,1.4631177283048902,2,"MN"
640857,7.0423846153846155,"NM",15771,6758,"15771_20231231",0.11243058521999146,1.9575093012138345,91,12.061494146896678,2.44140625,4,"GA"
241106,7.091352941176471,"NM",15772,2873,"15772_20231231",0.5632804888849526,1.9682275983802306,34,9.300419096057485,0.9049942892742188,2,"IA"
58976,7.372,"SM",15778,767,"15778_20231231",0.6357349988846754,2.11731746205935,8,15.248804145628489,0.3308308534467734,2,"OK"
841650,13.15078125,"SM",15779,5916,"15779_20231231",0.1288528909283017,1.646035270044218,64,8.910640870616687,1.1179556953542642,4,"WI"
82090,5.863571428571428,"SM",15784,1391,"15784_20231231",0.4526122190930513,3.0226365866672116,14,8.078243628802166,0.6407785331532686,5,"KS"
70435,5.4180769230769235,"NM",15792,856,"15792_20231231",1.280724747648939,2.318184507959051,13,10.825427786151256,1.116929995857743,2,"MO"
5387135,8.275168970814132,"N",15797,85236,"15797_20231231",0.5130951952276356,2.54592409978538,651,9.697987801469884,1.090869341143408,4,"TX"
488350,5.086979166666667,"NM",15799,7990,"15799_20231231",0.09514608583640728,2.9020650945287376,96,9.099280301619425,0.6300231289239576,4,"WI"
499929,4.166075,"SM",15801,9537,"15801_20231231",1.050946332681717,3.352904096957464,120,12.761100041721418,1.406991069058442,4,"MS"
439551,4.994897727272727,"NM",15808,8913,"15808_20231231",0.00037699998492000063,3.049352473251999,88,15.327842476773403,1.4731948226448537,4,"IA"
1855950,6.334300341296928,"NM",15809,28689,"15809_20231231",0.7275132784457539,2.5447880515752437,293,10.926035303159749,2.1113588126612814,4,"TX"
221209,7.627896551724138,"NM",15813,3273,"15813_20231231",0.7726914857721291,3.1814913894800094,29,10.675169832247331,0.7813347385840179,4,"GA"
3441698,7.038237218813905,"NM",15815,57046,"15815_20231231",0.25247912098869424,3.332349581762903,489,11.30622726227668,0.9510833839801404,4,"KY"
51396,3.4264,"NM",15817,1167,"15817_20231231",2.9457549994012693,8.031042518577145,15,25.334431760229098,7.9958668601327885,6,"MS"
123772,6.1886,"NM",15820,1536,"15820_20231231",2.6085407918416315,2.2066918614757633,20,11.793210967887106,0.5263225665226656,2,"MN"
163628,4.812588235294118,"NM",15826,4466,"15826_20231231",0.20388055915950484,4.8293702395261695,34,10.287031873633294,0.11036038024511356,4,"GA"
247742,3.096775,"NM",15830,7994,"15830_20231231",0,5.613810646204238,80,9.01633640468111,2.438749190056507,4,"IA"
109079,7.7913571428571435,"NM",15839,1418,"15839_20231231",2.23604712114106,1.7877816741891643,14,21.38533607031949,1.9966777966073257,2,"IA"
57902,7.23775,"NM",15847,851,"15847_20231231",0,2.2608215249939985,8,12.435392777682697,0.1627791497995679,2,"SD"
28775,5.755000000000001,"NM",15853,335,"15853_20231231",0.6246667174525786,2.121645981854734,5,8.693190397101011,0.45622806952470674,2,"KS"
499846,6.0956829268292685,"NM",15871,6376,"15871_20231231",0.02835256413501896,2.074623027265512,82,10.772295620928613,0.9950106812078502,7,"MS"
178541,17.8541,"NM",15873,1388,"15873_20231231",0,1.541138168434229,10,12.01275854511057,1.2454279759067968,2,"IL"
546828,4.519239669421488,"SM",15883,7715,"15883_20231231",0.563680621215474,2.4636251137587224,121,12.448312445875679,0.8951871968139372,2,"IN"
696690,5.160666666666667,"SM",15898,9754,"15898_20231231",0.46067956129348636,2.472384775934376,135,14.583647335309452,1.177611681327651,7,"TX"
221819,9.644304347826088,"SM",15899,2550,"15899_20231231",0,1.9608360500660615,23,12.042836494240287,1.506907146375214,4,"KS"
87235,7.930454545454546,"NM",15904,1079,"15904_20231231",0.07684426229508197,2.4999315712161163,11,13.406900909439667,1.8259080499621363,4,"GA"
118512,4.389333333333333,"NM",15907,2134,"15907_20231231",0.7857864175713204,3.5741440977608967,27,12.301286574158762,0.5856038624282699,2,"NE"
195418,7.516076923076923,"SM",15908,2297,"15908_20231231",0,2.153104629663945,26,10.28691427488303,0.5476699320971641,2,"KS"
1562846,7.81423,"SI",15912,19416,"15912_20231231",1.5223359691558516,2.313513549053062,200,12.865613930034048,1.0073851626116486,4,"CT"
196742,7.566999999999999,"SM",15913,2647,"15913_20231231",3.3522409368910497,2.552867661593706,26,12.494045029930199,1.5383780251609818,4,"IL"
139826,6.079391304347825,"N",15928,1985,"15928_20231231",0.5624306563113425,2.6903674148364236,23,10.389816108175049,1.2943296607922083,2,"IL"
25822,6.4555,"NM",15930,485,"15930_20231231",0,4.039643152546379,4,9.745217810641375,-1.8462720075623302,2,"IA"
957961,5.206309782608696,"NM",15932,14839,"15932_20231231",0.08747652284497176,2.9336819472031035,184,9.372712534362817,1.2426708922234286,4,"SC"
120083,10.916636363636364,"NM",15939,885,"15939_20231231",0,1.497966860602181,11,11.312126017364184,1.193383133633099,2,"TX"
311185,6.350714285714286,"N",15945,6121,"15945_20231231",0.19934432000704086,3.0959964404685323,49,8.141423251208536,1.0702733453985096,4,"IL"
383524,11.985125,"NM",15947,2783,"15947_20231231",3.1823871877918415,1.277643903518928,32,10.526565539931351,0.7618533852092552,2,"IA"
2529713,5.451967672413794,"NM",15953,33020,"15953_20231231",0.7848375335924473,2.7296361811845413,464,9.359202065783428,1.0477845637825338,4,"MS"
462348,6.16464,"SI",15966,7232,"15966_20231231",1.1268088021234695,3.207332224657753,75,29.390717118182202,1.4995933852750851,8,"NY"
563998,8.545424242424243,"SI",15969,6951,"15969_20231231",0.1591739966553312,2.526560151349286,66,8.607689488964681,0.09098315043106688,4,"NY"
104104,0.8070077519379845,"N",1596,19987,"1596_20231231",0,73.20637367484278,129,105.01030974046348,31.477426382629886,7,"MI"
1317106,5.12492607003891,"SI",15970,23927,"15970_20231231",0.4182914208076438,3.2981716100992804,257,9.28177231803342,0.3952640505440112,4,"NY"
876012,6.347913043478261,"SB",15987,13564,"15987_20231231",0.4362236434528678,2.8437079218045844,138,9.218211118983811,0.780311394441852,4,"NY"
895558,7.462983333333333,"SI",15990,13050,"15990_20231231",0.43629614226411895,2.3736245701133694,120,15.043300563099466,1.0434258063361548,4,"NY"
2005065,12.226006097560976,"SM",15995,21600,"15995_20231231",0.2929137858092363,2.369343079970572,164,9.78363634731996,0.16469454983540122,4,"NY"
102614,8.551166666666667,"NM",1600,1132,"1600_20231231",0,2.369384386426899,12,10.214813268521555,2.060775623156215,2,"MN"
6973412,13.54060582524272,"SI",16026,58849,"16026_20231231",1.277426770821943,1.576176877334043,515,13.199109068138052,0.49938621700418184,4,"NY"
324962,4.513361111111111,"SI",16030,5976,"16030_20231231",0.28572374154687963,3.8543666465470734,72,14.010743772773335,-0.21712483106276992,5,"NY"
1313032,7.678549707602339,"SI",16032,19477,"16032_20231231",0.42085596991076474,2.625303424101619,171,10.097788406898754,0.4041645864630345,4,"NY"
290373,7.641394736842105,"SI",16039,4149,"16039_20231231",0.8251567797881597,2.9229247234463527,38,10.063459217106399,0.10353114405051483,4,"NY"
423009,5.716337837837838,"SB",16040,6082,"16040_20231231",1.0753295388684965,3.1752821888659253,74,9.368293543679597,-0.4247735125663834,6,"NY"
238055,4.577980769230769,"NM",1604,4152,"1604_20231231",0.06033836348298809,3.0848594670387572,52,9.187320658466598,1.3300120747163637,4,"MN"
16980857,12.615792719167905,"SI",16068,184084,"16068_20231231",0.18146448045866956,1.8291003230922716,1346,8.373573738328416,0.7150550380310541,4,"NY"
497263,6.6301733333333335,"NM",16075,7782,"16075_20231231",0.043740577550585975,2.54126333938435,75,12.857167863790458,1.8048814983193817,4,"LA"
191266,8.315913043478261,"NM",16079,1994,"16079_20231231",0.32444908980054,1.8332881691113956,23,11.33140854223709,1.5333425730367527,2,"NE"
665281,7.153559139784947,"NM",1607,10640,"1607_20231231",0.09243053469899233,2.762042574203105,93,8.476078184388022,0.9400078305411054,4,"MN"
55462,6.162444444444445,"NM",16094,865,"16094_20231231",0,2.67551845108575,9,8.977238694219826,0.8529834066047929,2,"IA"
228089,7.865137931034483,"NM",1609,2814,"1609_20231231",1.1222349189023246,1.8437566345655207,29,16.259377455477665,0.6756380494290359,7,"MN"
373736,5.6626666666666665,"NM",160,5381,"160_20231231",0.5016081379258761,2.545316412468241,66,11.952206914465174,1.1079866901106312,4,"GA"
586383,7.51773076923077,"SI",16101,10783,"16101_20231231",0.20947358280479525,3.180578201155843,78,9.622931183395673,0.3442713767185171,4,"CT"
77776,4.320888888888889,"NM",16103,1160,"16103_20231231",0.8360854479327786,2.8012717619459195,18,7.679908031039524,0.15048154093097915,2,"MO"
295680,6.72,"NM",1610,5115,"1610_20231231",0.039706682890902685,2.9631355023828765,44,9.351004919956358,0.8430764664171105,8,"MN"
56283,7.035375,"SM",16110,669,"16110_20231231",0,2.6571630528508994,8,10.82771896053898,0.4681492008156528,2,"NE"
783834,6.875736842105264,"NM",16111,14182,"16111_20231231",0.047236140734631,3.085667303054637,114,8.505467497862604,0.5865888845883173,4,"MN"
164256,3.910857142857143,"NM",16114,2687,"16114_20231231",0.1959051972496447,2.8898294042177857,42,9.814176032046289,1.9820984684467968,4,"LA"
432628,7.589964912280702,"NM",16116,6385,"16116_20231231",0.5869759973938034,2.468167112098126,57,9.060984142338596,1.014082432438174,2,"NE"
208040,9.045217391304348,"NM",1611,2553,"1611_20231231",0.46798641596951873,2.0885423747514933,23,9.107088575322853,0.4388894471470708,2,"MO"
112429,5.62145,"NM",16120,1580,"16120_20231231",0,2.2329299441722767,20,10.757044657895936,0.8654281587232832,2,"KS"
643039,8.351155844155844,"NM",16125,8796,"16125_20231231",0,2.3867374420105376,77,10.6745983671941,1.4135818711126094,2,"CO"
211092,6.208588235294118,"NM",16126,2450,"16126_20231231",0.24083255410323512,2.188761859426808,34,8.485712971057838,0.813540264600637,4,"MO"
507872,4.883384615384616,"SM",16127,10696,"16127_20231231",0.1452773844201011,2.9183121027761327,104,9.793924317008821,0.7613578758522823,4,"OK"
80126,4.217157894736842,"NM",1612,1322,"1612_20231231",0.6245043616177637,3.0865756556647037,19,7.579525437778469,0.4094165813715456,4,"MO"
5730835,9.472454545454546,"N",16130,63652,"16130_20231231",0.20280727737262144,1.7778598967799881,605,9.854675777843923,1.0868371864286364,4,"AK"
74328,5.717538461538462,"SM",16151,1319,"16151_20231231",0.11143900778009369,2.904548464320277,13,8.362845356996008,0.9104568838180613,2,"IA"
219104,5.344,"NM",16152,4797,"16152_20231231",0.044488108699278925,3.7072037065545396,41,11.004962950356697,0.9598388583574606,4,"GA"
86299,10.787375,"SM",16154,1198,"16154_20231231",0,2.1686621821676235,8,12.995079871379314,1.942705763187284,2,"NE"
1485333,4.91832119205298,"NM",16160,28729,"16160_20231231",0.41994329169371325,2.9075280198379048,302,11.528254207868821,1.3546012138755748,4,"WI"
187770,9.882631578947368,"NM",16161,2465,"16161_20231231",0.1605113935052464,2.6510199054467596,19,14.40276350348293,2.4218609366265906,2,"SD"
209148,4.449957446808511,"NM",16162,3612,"16162_20231231",0.9865523138311655,2.828902164870153,47,8.23109673429584,1.454714217508603,2,"MO"
100996,4.208166666666666,"SM",16167,1380,"16167_20231231",0.02807992433199338,3.326295620925648,24,8.442091438890257,0.564319003673727,8,"OH"
348798,5.8133,"SM",1616,4622,"1616_20231231",0.010225417567267381,3.1565808905147534,60,9.593435109557205,0.5755142225611228,2,"MO"
946400,6.18562091503268,"NM",16175,10221,"16175_20231231",0.21869347329715624,2.1841744621039916,153,10.661393397884677,0.9129425051479878,4,"AL"
136732,6.215090909090909,"NM",16176,1731,"16176_20231231",0.00541248552160123,2.3269346739332595,22,12.689264151079499,1.75700123426871,4,"TX"
128813,6.1339523809523815,"NM",16177,1562,"16177_20231231",0.15212143258705646,2.2643523649818476,21,9.60496341965931,0.3356836227218499,2,"IA"
2920304,5.397974121996303,"NM",1617,58276,"1617_20231231",0.28790589280215173,3.4545057676777597,541,10.629833619122497,0.7348987486408247,4,"MO"
111613,4.852739130434783,"NM",16185,1332,"16185_20231231",0.16483381307353556,2.860505209767459,23,14.22047047047047,1.6459743343756958,5,"AL"
6331965,8.086800766283526,"NM",16191,73961,"16191_20231231",0.25372247219265315,1.9504591959710091,783,9.41175402653564,1.1514696345059043,4,"MT"
82282,7.480181818181818,"N",16198,704,"16198_20231231",0.041041275797373364,1.5536829433451207,11,16.033246855442574,1.3605698091440324,2,"IL"
231633,8.272607142857144,"NM",16201,2377,"16201_20231231",0.33650931812176504,1.80146078936105,28,12.241379310344827,1.6178420149273816,2,"IN"
1803932,5.97328476821192,"SM",16216,25632,"16216_20231231",0.20815661834848992,2.7642191812914025,302,9.570276213372821,0.708089399897099,4,"AR"
810160,10.255189873417722,"NM",16221,8380,"16221_20231231",0.6304694212945583,1.9415207434382493,79,8.374568347716703,0.5187833671459595,4,"SD"
95420,3.67,"NM",16222,1812,"16222_20231231",1.5824460262368376,3.556901736515497,26,13.103132860736336,0.6648820594830434,8,"OH"
133008,6.045818181818182,"NM",16228,1885,"16228_20231231",0.21125969210023599,2.4705728127507487,22,16.02959762513594,2.363250553537961,4,"GA"
53503,6.687875,"NM",1622,680,"1622_20231231",0.17704812489940447,2.6711267712589035,8,7.867048369706659,0.8694925808362316,8,"MO"
359816,6.919538461538462,"NM",16231,5298,"16231_20231231",0.4390966739062534,2.2025685438379794,52,9.393217763893512,1.5540724484858717,2,"ND"
860734,5.738226666666667,"NM",16243,19372,"16243_20231231",0.6177364816866991,3.399763086960029,150,9.580325432653886,1.7550416708090495,2,"OR"
347902,5.271242424242424,"SB",16246,5841,"16246_20231231",0.007941030839226823,3.0520424515175653,66,10.26165437723156,1.6369718749100401,4,"GA"
68390,0.42478260869565215,"NM",16247,13080,"16247_20231231",0.5624644009872792,33.76648449566354,161,16.519109075158937,-6.663597481287869,2,"MO"
526610,4.281382113821138,"NM",16249,12842,"16249_20231231",0,4.23342393080968,123,5.858307877186706,-0.26488086898857727,4,"IL"
2092433,6.621623417721519,"SM",16250,27073,"16250_20231231",0.46286598604046064,2.5389119525060946,316,7.88213156842316,0.34901836233230543,4,"IL"
943335,7.092744360902256,"NM",16265,12131,"16265_20231231",0.01928042949333519,2.313083713712405,133,11.300799943647338,1.612200931099755,2,"IA"
167265,5.973750000000001,"NM",16275,2318,"16275_20231231",0.45361984073916484,2.6162826195796853,28,11.89789566856066,1.7834682687963268,4,"GA"
559109,5.947968085106384,"N",16276,6154,"16276_20231231",0.13249385507170178,1.9452812594298474,94,9.574394411065711,0.9178086413780102,4,"IL"
24702,2.245636363636364,"NM",16281,722,"16281_20231231",0,5.753477588871716,11,10.542029351162693,-0.3554868624420402,2,"GA"
62173,7.771625,"NM",16282,638,"16282_20231231",0.01061420888763091,1.7419901015889554,8,10.622847731696362,2.463749240253538,4,"AR"
215785,8.991041666666666,"NM",16283,2286,"16283_20231231",0.45792611715532605,2.3590611581117424,24,8.975575374772967,1.1139102874869344,4,"GA"
294523,4.908716666666667,"NM",16288,4457,"16288_20231231",0.945149789121266,2.8753892977089017,60,9.217766524615302,0.16339676277546136,4,"GA"
775412,6.801859649122807,"NM",16307,11715,"16307_20231231",0.25627371363908674,2.4276295323126593,114,8.548586052597974,1.0207093771181972,2,"IA"
74355,6.19625,"NM",16318,619,"16318_20231231",0.6830373504814581,1.9525543343896792,12,8.497094899935442,-0.10675836648461555,8,"IL"
36974,6.162333333333334,"SM",16330,604,"16330_20231231",0,2.7737233997546222,6,12.213097494209308,1.0100689596818546,4,"NE"
482475,5.187903225806452,"NM",16332,7118,"16332_20231231",0.8961674308404449,2.5717260065943557,93,8.253696941444591,2.143709548515182,7,"IL"
218321,9.923681818181818,"NM",16333,2431,"16333_20231231",0.3291063196249233,1.8878160438190323,22,9.7153585328598,1.2035005734354254,2,"NE"
189493,5.263694444444444,"NM",16334,2858,"16334_20231231",0.0228789702473913,2.8869596991135946,36,14.084224082421121,2.4092122311751747,4,"TX"
217008,6.0280000000000005,"NM",16339,3580,"16339_20231231",0.03373318400777213,3.023496308410091,36,9.012657506670593,0.34438806185517423,2,"NE"
77761,6.480083333333333,"NM",16344,837,"16344_20231231",0.054378857500203916,2.581147490714002,12,9.490911362358673,0.3759729299490437,8,"IL"
407398,6.905050847457628,"NM",1635,3679,"1635_20231231",0.12142647586139453,1.6948430213801804,59,15.150223631880863,1.3523000557233775,2,"MO"
214935,4.998488372093023,"NM",16363,5303,"16363_20231231",2.424456683536767,6.562497397156446,43,10.130194916088248,-2.6303295824622484,7,"IA"
246707,8.223566666666667,"NM",16369,2935,"16369_20231231",0.6018450903071906,2.3133439582226574,30,8.428831107247294,0.7499921875813793,4,"AL"
185669,4.641725,"NM",16370,2736,"16370_20231231",0,2.5878809276871815,40,10.06948817496345,0.6151113268751242,2,"OH"
109201,4.747869565217392,"NM",16386,1610,"16386_20231231",0.720640432691569,3.4325096590341735,23,11.149104992207057,0.5232776962723426,4,"AL"
1349036,8.379105590062112,"NM",16389,17354,"16389_20231231",0.05334994277364513,2.2982524543317426,161,9.566444257997917,1.3274272287851188,4,"SC"
47726,4.7726,"NM",16394,1212,"16394_20231231",0.24791720718383348,3.832877662448687,10,13.910728138038031,1.9718855096658685,2,"IL"
63513,3.9695625,"NM",16395,969,"16395_20231231",0.118151500714626,2.781980574942652,16,12.008907021286536,1.2537215091024452,5,"AR"
221132,4.807217391304348,"NM",16396,3556,"16396_20231231",0.3834424457707744,3.7262064912037975,46,7.378021272736575,0.6814615952971791,4,"FL"
199093,3.98186,"SM",1639,3902,"1639_20231231",0.3928278543297122,4.120111731843576,50,7.07447604597274,0.36044262999570265,4,"MO"
989889,8.249075,"NM",16402,9388,"16402_20231231",0.12776647853300313,1.6449952780293104,120,10.89931373752848,1.8934454511142391,4,"KS"
192583,8.024291666666667,"NM",16410,3004,"16410_20231231",0.205379313545752,2.8602414203400146,24,8.674098360655739,0.8013997356338721,4,"KS"
86086,4.782555555555556,"NM",16413,1101,"16413_20231231",0.670269146835706,2.3168079942504587,18,13.540821917808218,0.2468353413101331,2,"IL"
473128,0.7474375987361769,"N",16416,26798,"16416_20231231",0.23055236235895527,9.243846738353218,633,15.539257243876634,3.1450534246160347,7,"OK"
180451,5.012527777777778,"NM",16417,2765,"16417_20231231",0.20351252763967717,2.9207546998166922,36,9.942720737101011,0.8989124353533561,4,"LA"
1250432,4.099777049180328,"SB",16418,42014,"16418_20231231",0.2002886958990984,5.376746523332622,305,10.111750838151382,0.925511590638386,4,"GA"
319531,6.798531914893617,"NM",16436,4633,"16436_20231231",0.014095624718087505,2.283585760710772,47,9.058375206984556,0.7326232571082159,2,"KS"
165476,7.521636363636364,"NM",16440,1585,"16440_20231231",0.44666423031631947,1.9350138386634075,22,14.053677284034302,1.6502858643608964,7,"GA"
100727,7.194785714285715,"NM",16448,1187,"16448_20231231",0.07554011179936546,2.2094519326024673,14,9.515283798871444,0.6525590591639845,2,"SD"
12254786,8.636212825933756,"NM",16450,144831,"16450_20231231",0.1021243724858439,2.2540037849337704,1419,11.192382463979314,1.17085372516994,4,"IL"
132371,3.6769722222222225,"NM",16453,2317,"16453_20231231",0.7247912516424363,3.9763447352328756,36,9.148090843356632,0.4961722747292726,8,"WV"
327092,4.247948051948052,"NM",16464,5178,"16464_20231231",2.3468377928168813,3.4933197383288435,77,10.073521994291513,0.769008291808928,2,"AR"
2896209,7.240522500000001,"NM",16470,47794,"16470_20231231",0.21556393983867328,2.8203741686998245,400,8.376964785709417,0.32782179633937847,4,"TX"
136789,5.261115384615385,"NM",16471,2740,"16471_20231231",0,3.593759905876664,26,10.170771375464684,0.817534304741994,4,"KS"
143937,4.361727272727273,"NM",16473,2417,"16473_20231231",0.19063278168972134,2.8365039143754016,33,12.928552023906548,0.5551443375277572,2,"KS"
64948,5.904363636363637,"NM",16477,940,"16477_20231231",0.6306530578375239,2.14075778094489,11,8.856537144382013,1.6159173028817437,2,"ND"
1148004,7.4064774193548395,"N",16501,14656,"16501_20231231",1.7712725542094232,2.0670283194782044,155,9.47051533917372,0.5631098262532434,4,"IL"
17319,3.4638,"NM",16516,353,"16516_20231231",0,2.8321874864876553,5,14.400996533795492,0.9350542655770313,2,"NE"
591103,5.052162393162393,"NM",16539,9044,"16539_20231231",0.532686348506008,2.8580494665706153,117,11.198911649345332,1.0040821927206613,4,"LA"
1184491,4.6450627450980395,"NM",16546,20278,"16546_20231231",1.5522470965714328,3.2190643190782118,255,10.668264151957665,0.6307541514780611,4,"LA"
165402,6.61608,"NM",16547,2726,"16547_20231231",0.033680113763939826,2.748911638599454,25,8.806798230212797,0.017089710854751385,2,"IA"
373835,6.92287037037037,"NM",1654,4965,"1654_20231231",0,2.244574542676844,54,8.476219887037608,1.0776808058236376,4,"MO"
1244938,11.317618181818183,"NM",16553,12005,"16553_20231231",0.05062361682938815,1.918939470383878,110,10.413853451692766,0.6253513716106154,2,"NE"
725767,9.186924050632912,"NM",1655,6828,"1655_20231231",0.00425930658488798,1.7340649588885186,79,11.463557952613797,2.3307673330074756,4,"MO"
27761,6.94025,"NM",16561,300,"16561_20231231",0.9891598915989159,2.192982456140351,4,11.918090216331395,0.8974581668693185,2,"MN"
265689963,14.027240536402513,"N",16571,3280654,"16571_20231231",0.9690895539886051,2.8009734809091107,18941,9.135751454743748,0.11785531684750301,4,"IL"
78596,4.91225,"NM",16581,1380,"16581_20231231",0,3.1414164680155516,16,15.951177898812258,1.869031794353776,4,"TX"
11052,3.6839999999999997,"SM",16583,217,"16583_20231231",8.016627078384799,3.356147439597592,3,10.649913344887349,-0.22264368763915232,8,"KS"
81906,4.8180000000000005,"NM",16584,1563,"16584_20231231",1.7603702025141328,3.77954936693145,17,18.228089708923175,1.3215291058727463,4,"GA"
25446,1.6964000000000001,"NM",16585,909,"16585_20231231",7.9484495616904365,12.709621870976404,15,22.700861550791423,-1.9234263055206677,8,"IL"
641352,5.625894736842105,"NM",16595,9126,"16595_20231231",0.0010310766502381788,2.725353447795818,114,10.030432715168807,1.8411505517175006,2,"AL"
199648,7.67876923076923,"NM",16600,1393,"16600_20231231",0.18739960735320363,2.0544156484269567,26,11.466953649756931,0.8781577627639585,7,"NM"
210959,4.794522727272727,"NM",16601,2581,"16601_20231231",0.17840455356384335,2.1547266768486697,44,10.112510302263624,2.7125493190785286,2,"MO"
130079,5.419958333333334,"SM",16603,1585,"16603_20231231",1.2424913352577938,2.662854537796986,24,10.683092413898319,0.6370320946430432,2,"KY"
2672561,4.049334848484849,"SM",16604,56618,"16604_20231231",0.3909436482979006,3.778251590988572,660,8.404191055794966,1.0126302566714382,4,"AL"
61047,4.3605,"NM",16609,1495,"16609_20231231",0.795868059631412,6.3161129063440775,14,11.838385890079385,-3.883917474521502,2,"GA"
468047,6.592211267605634,"NM",1660,5061,"1660_20231231",0.7220742871581566,2.0870679129365315,71,14.495158374402536,1.695478767734299,7,"SC"
267135,3.8715217391304346,"SM",16612,4668,"16612_20231231",1.2947564013020043,2.8672014757233564,69,15.499307439804186,3.559323566512293,4,"MS"
363564,5.193771428571429,"NM",16620,3488,"16620_20231231",0.27347310847766637,1.7873933067206742,70,9.734319244451509,1.4068792844829396,8,"WV"
335139,5.4940819672131145,"NM",16629,4910,"16629_20231231",0.15187294090761935,2.8018872096956775,61,8.9270799207846,0.6036489082322173,4,"KS"
224345,0.34836180124223604,"NM",16635,78525,"16635_20231231",2.8656591242654517,54.9106554983654,644,12.799085747324773,2.05159327688112,4,"MN"
917201,7.0553923076923075,"SI",16636,14021,"16636_20231231",0.2563041069536948,2.6102456425242013,130,19.819694823486138,0.29558033260531164,5,"CT"
62928,6.292800000000001,"SM",16643,882,"16643_20231231",1.0172045711415296,2.7664074744738807,10,8.512306756713505,1.2508179009997413,7,"TX"
664203,5.58153781512605,"NM",16652,14673,"16652_20231231",0.6750873775991483,3.514696901295696,119,11.235033111106157,2.836464556455727,4,"TX"
110792,5.2758095238095235,"NM",16656,1731,"16656_20231231",0,2.6813334139198566,21,12.7334166550942,0.6446921869534082,4,"MN"
747866,10.83863768115942,"NM",16659,11854,"16659_20231231",0.022360098695531284,2.43516022495952,69,9.795825975531947,1.3139343772081185,4,"MN"
962464,6.503135135135135,"SM",16664,15963,"16664_20231231",0.020377713480974054,2.856055334355331,148,10.977304655513068,1.3044200513789117,4,"KY"
733545,7.191617647058823,"NM",16666,11634,"16666_20231231",0.24936172911942406,2.5668264975283637,102,9.697779847351125,0.8437959637350423,4,"IL"
78805,8.756111111111112,"NM",16667,622,"16667_20231231",1.2803778979426936,1.599380142033333,9,8.97603802871556,0.7944547841360337,5,"IL"
521697,5.065019417475728,"NM",16689,7686,"16689_20231231",1.1609458812863582,3.455582302118377,103,12.93986256769292,1.3821102301922072,4,"LA"
355012,9.102871794871795,"NM",16695,3477,"16695_20231231",0,1.8394313342996471,39,11.052550353354318,1.5793559276764748,2,"TX"
251293,8.106225806451613,"NM",16704,3339,"16704_20231231",0.5686837455830388,2.2563351741796778,31,7.587035099400742,0.9364986327614592,4,"MN"
197284,9.8642,"NM",16707,1805,"16707_20231231",0,2.2230379934386932,20,12.418612889893238,2.2445994164041516,2,"NE"
333416,14.496347826086957,"NM",16720,3366,"16720_20231231",0,1.6917952633374158,23,8.477645762260623,2.695947824123696,4,"NM"
750636,7.582181818181818,"NM",16723,8398,"16723_20231231",0.40225635156276124,2.0232886052654226,99,12.771423111572167,1.4825798849471405,4,"SC"
352077,6.287089285714286,"NM",16733,5657,"16733_20231231",0,2.523456590898612,56,10.452459671710653,0.9696735672460695,4,"MN"
1238460,4.100860927152318,"NM",1673,41616,"1673_20231231",1.2382824816442135,9.210748850794229,302,18.553641041320518,2.19363596802868,9,"SD"
18117,3.6234,"NM",16744,299,"16744_20231231",1.6973568833771764,3.4091560190225176,5,26.206115515288786,3.4549934108749216,2,"KS"
135590,4.6755172413793105,"N",16752,2113,"16752_20231231",0.6093262161345554,3.176835324366721,29,8.621423540974979,0.7827994517309769,4,"IL"
1054691,7.375461538461539,"NM",16753,13281,"16753_20231231",1.7419719014689699,2.3408639774240663,143,11.28139732367907,1.4212388434360403,4,"TX"
348613,5.533539682539683,"NM",16757,4252,"16757_20231231",0.09674694786414477,2.0821830153725482,63,9.903448512056807,0.2605953959759943,8,"IN"
47554,3.396714285714286,"NM",1675,1500,"1675_20231231",0.009743739647276624,4.2112294333074844,14,13.629626536960107,4.1670825431679805,2,"SD"
40894,6.815666666666666,"NM",16778,505,"16778_20231231",0.0704390702042733,2.016079158936302,6,13.958364534970796,0.7322201607915894,2,"MN"
352290,5.591904761904762,"NM",16780,6300,"16780_20231231",0.0424961281305481,3.154944883860786,63,9.821837549136132,1.3355475439662252,4,"GA"
68014,5.667833333333333,"NM",16788,1493,"16788_20231231",0.461037981773919,3.7233122148319273,12,8.578576696698434,1.3964318131452804,2,"KS"
1205205,2.9539338235294115,"NM",1678,57513,"1678_20231231",0.6989833619679054,8.708669933703641,408,10.958816066461996,0.8189428612162073,4,"SD"
81120,5.408,"SM",16795,1072,"16795_20231231",0.13248838731303972,3.407238986436757,15,11.759285607816036,1.2452686363158447,4,"OK"
860919,14.34865,"NM",16810,5669,"16810_20231231",0.07587071629942578,1.4896211267196986,60,10.758541564655701,1.0286995619358046,2,"NE"
478499,4.7849900000000005,"NM",16817,7760,"16817_20231231",0.5986345015930814,2.917371101345771,100,13.858087956514423,0.8752708321598265,4,"TX"
351803,4.188130952380952,"NM",16820,6710,"16820_20231231",0.2989104232957285,3.1486343800139793,84,10.762699134732838,0.43815947683042433,8,"MD"
398934,6.137446153846154,"NM",16825,6539,"16825_20231231",0.03895763534236678,2.6514731030988785,65,11.192788700689876,2.312825902085235,4,"GA"
38556810,10.014755844155843,"NM",16835,316314,"16835_20231231",0.33466099869606714,1.3970885111261635,3850,10.345957296900737,1.1183754684841545,4,"TX"
135195,6.145227272727272,"NM",16840,1908,"16840_20231231",0.11320398729599698,2.35707946703088,22,10.740923112572231,0.7859494992840323,4,"WI"
1032330,4.145903614457831,"NM",16849,21062,"16849_20231231",1.5689349187793837,6.634681247550992,249,9.857318385735649,0.2444770812706826,4,"AR"
299934,5.453345454545455,"NM",16852,3322,"16852_20231231",0.11452747949626839,2.147020080671774,55,14.50770533446232,1.2146447360167563,2,"KY"
198963,5.85185294117647,"NM",16854,2526,"16854_20231231",0.012844060264330761,2.5363758618289745,34,9.061571380608047,1.1214160150330363,4,"NM"
834002,7.794411214953271,"NM",16858,11889,"16858_20231231",0.017963154400356444,2.0943414155929476,107,10.939580764488287,1.4081913690938057,4,"GA"
344578,5.742966666666667,"NM",16863,6338,"16863_20231231",0.11577834624589857,2.868189113462637,60,11.57788542705291,0.6693007988538578,4,"MN"
281971,8.81159375,"NM",16866,3247,"16866_20231231",0.05732708222179337,2.26478478574101,32,10.994014614621966,2.5302701024526546,4,"TX"
39734,7.9468000000000005,"NM",16868,213,"16868_20231231",0.12824481492946535,2.756797384590317,5,6.9555773904949065,0.6254697593255438,2,"NE"
253590,7.2454285714285716,"NM",1686,3608,"1686_20231231",0.00238373340325618,2.0833829093591607,35,9.03271960540683,0.6080003807438784,2,"SD"
65973,8.246625,"NM",1687,845,"1687_20231231",0,2.4669079181024967,8,12.855536647623678,0.3823547292000627,2,"SD"
27241407,8.830277795786062,"NM",16889,301731,"16889_20231231",0.4996086751992166,2.0712811753809635,3085,9.170181267496929,0.7388588921426321,4,"SC"
684768,7.133,"NM",16891,7115,"16891_20231231",0,2.1430895326653614,96,10.38684928351914,0.9581756548099504,2,"TX"
200131,9.530047619047618,"NM",16895,1961,"16895_20231231",0.4505103567510058,2.1597758824036197,21,17.46289204275237,3.003484755309573,2,"TX"
370034,5.441676470588235,"NM",16897,5860,"16897_20231231",0.1442706844691247,2.8642628772426657,68,15.829659103129368,1.2771887238788777,4,"GA"
121099,7.5686875,"NM",16900,1450,"16900_20231231",1.1601086640810538,2.4279205479599546,16,9.742330848623853,1.012979415612265,4,"IL"
32256,8.064,"NM",16905,343,"16905_20231231",0,2.033397005360774,4,12.388148148148147,1.059831166430464,2,"NE"
48387,4.8387,"NM",16906,1085,"16906_20231231",0,4.096674464258426,10,13.244558991981673,0.546615100682975,2,"MN"
58545,2.6611363636363636,"NM",16908,1232,"16908_20231231",0.019157088122605366,3.0945680659916643,22,11.153050042615366,0.4948085397184588,7,"OK"
244282,3.5403188405797104,"NM",16910,6428,"16910_20231231",0.47179487179487184,4.684150070044958,69,11.386517635980265,0.8926045476390929,4,"AL"
75947,3.4521363636363636,"NM",16916,1506,"16916_20231231",0.7656528147311601,4.24666492283547,22,6.705031764174264,0.6774784200889353,4,"GA"
54866,3.6577333333333333,"NM",16934,748,"16934_20231231",1.5772532188841202,3.4484312237252066,15,9.58131634819533,0.05025352034574422,7,"TX"
141586,6.155913043478262,"NM",1693,2519,"1693_20231231",0.08014352977605348,3.534351789331533,23,14.057998021817347,0.7377676762805054,4,"TN"
76505,5.885,"NM",16941,1541,"16941_20231231",0.1110508509594277,3.3798147560128946,13,15.021314936593106,0.676770231797168,8,"KS"
44920,3.7433333333333336,"NM",16953,1017,"16953_20231231",2.504869630591532,3.324839699158118,12,10.083683841570277,0.15402963530183206,2,"NE"
3110211,8.016007731958764,"NM",16958,41458,"16958_20231231",0.5499960087692412,2.4283544937458057,388,8.525886818692411,0.6692621464075785,2,"MN"
83795,3.8088636363636366,"NM",16959,1575,"16959_20231231",1.6803513461905673,3.529674147807306,22,9.85984275040289,1.325241806742417,4,"MO"
402887,4.973913580246913,"NM",16968,6195,"16968_20231231",0.263303180872298,2.784422870026614,81,11.183153188161752,1.5504482096851298,4,"SC"
840680,5.530789473684211,"NM",1696,14427,"1696_20231231",0.7035704918574004,2.7909822563185394,152,13.947456157134297,1.7074175177672142,4,"TN"
484302,4.748058823529412,"NM",16970,6132,"16970_20231231",1.294709613218878,2.6661116053964418,102,10.531905810124973,1.3265647015651343,2,"KY"
310578,6.60804255319149,"NM",16971,4759,"16971_20231231",0.002876607903959651,2.4262895915126035,47,13.029993314820528,0.8499066737711299,2,"KS"
460598,4.112482142857143,"NM",16976,8464,"16976_20231231",0.5130930606637134,3.3016634727016068,112,9.171708649266739,0.39054273037887216,5,"PA"
7139049,10.406776967930028,"NM",16980,71072,"16980_20231231",0.0514695959203175,1.8031579246917604,686,8.785256305105316,0.6408437874325499,4,"CO"
1014387,8.314647540983607,"SM",16982,11321,"16982_20231231",0.1465502003688158,2.0388915229833557,122,10.101580479323365,1.2754592626196735,4,"IL"
374731,4.996413333333333,"N",169,5267,"169_20231231",1.5580487461752188,2.98913562129274,75,8.746490781187335,1.232925662879792,7,"GA"
119349,4.590346153846154,"NM",17001,2143,"17001_20231231",0.4057309496640041,3.9348095230128317,26,20.523153377004743,1.6876913553395458,4,"OK"
387790,9.233095238095238,"NM",17009,4741,"17009_20231231",0,2.009733452155605,42,13.090924008915996,3.8500692768537252,4,"MO"
624132,7.092409090909092,"NM",1700,8330,"1700_20231231",0.005301916734311811,2.415815192651792,88,8.74326050115488,1.4226057551844327,4,"TN"
582908,7.669842105263158,"NM",17011,5334,"17011_20231231",0.009253190422947912,1.993908679054365,76,15.7611040729605,2.6473458628461044,4,"GA"
739520,5.358840579710145,"NM",17040,10393,"17040_20231231",0.5499169255219244,2.2421468874384205,138,8.550286325985512,2.37609512010968,4,"KY"
231288,3.730451612903226,"NM",1705,3931,"1705_20231231",0.7575150514714917,4.022283638832181,62,9.77583978484797,0.6714495317613883,4,"TN"
54443,9.073833333333333,"NM",17062,588,"17062_20231231",2.9962932454695226,1.6803699110437431,6,13.071700920673301,0.7483196300889563,2,"MN"
504388,5.365829787234043,"NM",17068,7465,"17068_20231231",0.1610856662522333,2.6922970456944304,94,11.960150068043532,0.7666487340667646,2,"KS"
108308,4.165692307692308,"NM",17073,1716,"17073_20231231",0.8372385415476055,2.5754752407201416,26,12.097904712061457,1.1327485670154953,2,"GA"
1072824,7.011921568627452,"NM",17077,15596,"17077_20231231",0.29192337224428105,2.575414587217104,153,9.356887820231913,0.9420545111562713,4,"AL"
329678,8.24195,"NM",17094,4482,"17094_20231231",0.004825377028978246,2.312813871675191,40,11.349538924981173,2.1514916903198436,4,"TX"
126400,10.533333333333333,"NM",17096,1066,"17096_20231231",0.004074813577278839,1.4629790814868107,12,14.259633887600534,1.6324020157314414,2,"ND"
166288,4.619111111111112,"NM",170,3191,"170_20231231",0.8647215236393246,3.2929895583945767,36,9.587705615428249,1.3124100364087945,4,"GA"
627992,5.81474074074074,"NM",17108,10562,"17108_20231231",1.824743261621494,2.916968424883539,108,14.006335382126359,0.9305941158558959,4,"TX"
1091692,8.086607407407408,"SI",17115,14347,"17115_20231231",0.2672845490851841,2.356174382027226,135,9.105544692851373,0.666513914056445,4,"ME"
1549719,5.697496323529412,"NM",1711,20714,"1711_20231231",0.6248741526276931,2.303570531016293,272,9.695764298263809,1.0053278872837035,4,"TN"
865119,4.413872448979592,"NM",17120,15678,"17120_20231231",0.4444851380484272,2.80143699484287,196,8.953595576468285,1.0765357568151115,4,"MS"
31099,4.442714285714286,"NM",17122,343,"17122_20231231",0,2.6028142542720776,7,12.774300061910987,0.45131933625145293,7,"MN"
672693,5.296795275590551,"SI",17123,10497,"17123_20231231",0.4392577288886407,2.6932078379601263,127,9.835004339714589,0.7239773986796534,4,"DE"
169787,5.30584375,"NM",17126,2874,"17126_20231231",0.484914235931323,2.7952089618186604,32,10.39915786101274,1.1308269745406128,2,"GA"
264478,8.2649375,"NM",17128,2247,"17128_20231231",0.03133828293860923,1.5978588146140738,32,20.73851802712168,1.2669044029021077,4,"WI"
16700,3.34,"NM",17138,338,"17138_20231231",0,3.951460169749118,5,10.78335968860236,3.0512754565222475,4,"OK"
226318,6.656411764705883,"NM",1713,3038,"1713_20231231",0.22459782270945655,2.624956672124983,34,9.053938166933365,1.6531250775764343,6,"TN"
572358,7.531026315789474,"NM",17145,5046,"17145_20231231",0.10896363476270142,1.276206949274352,76,18.684017582689933,2.3198711096652262,2,"NE"
2912354,7.664089473684212,"NM",17159,38059,"17159_20231231",0.005459259078092736,2.305387475826571,380,13.659625875053338,1.5158425077657738,4,"UT"
737188,12.933122807017543,"SM",1715,4472,"1715_20231231",1.204523910698526,1.104858816478132,57,20.44688699762471,1.2347848658572724,4,"TX"
42419,8.4838,"SM",17160,589,"17160_20231231",0,2.4916985245728696,5,13.620370611691731,0.1406604005807265,2,"KS"
743112,7.822231578947368,"NM",17162,7803,"17162_20231231",0.07099603257465024,1.7582345133503825,95,10.270363872374185,-0.015918636327905876,4,"WI"
140633,4.536548387096775,"NM",17169,2391,"17169_20231231",0,2.949029609851353,31,11.212676904125313,0.7750478564567396,4,"LA"
34214,4.887714285714286,"NM",17174,512,"17174_20231231",0,2.7749409121414605,7,8.157784806349586,0.5894196259227918,2,"ND"
1636765,7.8690625,"SI",17180,21794,"17180_20231231",0.3311745856771551,2.346351763525465,208,9.023005384238864,0.4522726073140585,5,"NH"
170860,7.1191666666666675,"NM",17190,2052,"17190_20231231",0.5693548237777387,2.8480614688106445,24,23.819504376772286,3.3566438739554028,2,"GA"
185141,5.78565625,"NM",17193,2243,"17193_20231231",0,1.9450774698057318,32,14.836140300369463,0.24007515758512513,7,"FL"
50795,6.349375,"NM",17205,524,"17205_20231231",1.751405045092145,2.0791575067890857,8,16.45282529808191,0.9254170438380966,2,"NE"
181982,7.912260869565217,"NM",17208,2074,"17208_20231231",0.014223177457844082,2.261337932944603,23,12.977316767354383,1.1737340279286774,4,"WI"
708421,5.407793893129772,"NM",1720,12237,"1720_20231231",0.22249498590393452,3.210638329341474,131,8.91369142889662,1.5286131521466513,4,"TX"
1405463,6.7896763285024155,"SM",17211,19346,"17211_20231231",0.12731887463020444,2.3351556739103607,207,8.37788404997972,0.687410456885266,4,"AR"
400610,11.128055555555555,"NM",17214,3837,"17214_20231231",0.013836826083675062,1.5563309696262704,36,10.631237972292944,1.2853523209988438,5,"TX"
401831,12.17669696969697,"NM",17224,4624,"17224_20231231",0.11911252010023776,1.8226525086260068,33,9.331033469650803,1.5120725211561352,4,"IL"
337319,9.369972222222223,"NM",17229,3794,"17229_20231231",0.8454933745389874,1.8146124051573194,36,11.950899916213611,1.595081445322863,2,"NE"
742330,11.973064516129034,"N",17230,7528,"17230_20231231",0.06212133902895273,1.7076608161860987,62,15.389473401324894,0.9674873728515325,4,"IL"
127295,5.303958333333333,"NM",17232,1920,"17232_20231231",0.1515539855355093,2.951007746395334,24,8.305131626045362,0.9335649506079954,8,"MI"
153297,6.387375,"NM",17241,2160,"17241_20231231",0.12670037664566514,2.3519577900769475,24,12.209924306139614,1.1788857365807275,2,"IL"
275802,6.566714285714286,"NM",17244,4302,"17244_20231231",0.02001591742004356,3.1650713779428394,42,9.10182177658523,0.3587935165279332,4,"CO"
179000,10.529411764705882,"SM",17259,1785,"17259_20231231",0.030882683237253874,1.614429269356444,17,9.273737889417259,0.5633502279780476,2,"IA"
505605,3.9500390625,"SI",17262,23307,"17262_20231231",0.06102350311159446,6.1014725464087105,128,11.070177703891408,1.013550560037597,4,"CT"
52167342,10.460666131943054,"NM",17266,608627,"17266_20231231",0.30399224864331775,2.673775713081105,4987,8.29520505759511,0.7820672323788467,4,"OR"
391114,11.174685714285715,"NM",17280,4000,"17280_20231231",0,2.2683984479166845,35,6.870938265474584,-0.08610526036906038,2,"ND"
93373306,12.575529427609426,"N",17281,1277607,"17281_20231231",0.47085386970251053,2.8015019345103442,7425,9.880268247716854,-1.6539102715459382,4,"CA"
834128,6.319151515151516,"NM",17282,12837,"17282_20231231",1.241840902785971,2.540872147662502,132,10.903395397121228,0.8319395274414689,2,"IA"
2231281,5.4957660098522165,"NM",172,31275,"172_20231231",0.645244384441917,2.408985923824462,406,10.959374321486393,2.787652410724181,9,"GA"
7628818,10.595580555555555,"NM",17308,81917,"17308_20231231",0.1529198126732295,2.1478011024866603,720,9.228153128932458,0.8737500832524706,4,"HI"
107078,6.298705882352941,"NM",1730,1336,"1730_20231231",0.8884143085958356,2.4710575865476034,17,8.212200382248252,1.0905836953076937,2,"AL"
271946,5.22973076923077,"NM",17317,4127,"17317_20231231",3.6425738114293464,2.7211718199368735,52,9.32425943155557,0.5167315294333956,2,"KS"
569714,8.90178125,"NM",17320,6041,"17320_20231231",0.5356441826090851,1.8959984012624018,64,10.069663000813325,1.35081172040539,2,"IL"
3977265,5.72268345323741,"NM",17323,51317,"17323_20231231",0.24262605251106337,2.399418207483583,695,11.275869749975346,1.5034296885822604,4,"MO"
282717,5.889937499999999,"NM",17327,3451,"17327_20231231",1.4738184652448096,2.2396490121899957,48,10.908054101489807,0.3557028605561824,5,"TN"
496471,7.757359375,"NM",17348,7719,"17348_20231231",0.056439434385344045,2.588575579234538,64,11.281536519237536,0.14279547905601103,4,"IA"
73984,4.110222222222222,"NM",17350,1236,"17350_20231231",0.20228932307085062,2.570713372960997,18,9.128846443279928,1.1228115802135092,7,"TX"
298594,5.529518518518518,"NM",1735,4457,"1735_20231231",0.026754014909940203,3.091276750654119,54,12.132927048353439,0.16040599263280603,4,"AL"
187215,4.254886363636364,"NM",17369,3408,"17369_20231231",0,3.201302823704767,44,7.277898969160359,0.6525159402688454,4,"KS"
408297,8.332591836734695,"NM",17374,4601,"17374_20231231",0,2.0661708472557985,49,10.022592357508858,1.5298030580663042,4,"KS"
52268,8.711333333333334,"NM",17375,540,"17375_20231231",0.3884539532660013,2.1716582393361854,6,11.443946942464947,0.7973551147413457,2,"KS"
442448,4.514775510204082,"NM",17388,7391,"17388_20231231",0.6228482099256452,3.124782780236746,98,17.902573381120856,0.5259777704025039,4,"LA"
6144423,7.332247016706444,"NM",17393,82709,"17393_20231231",0.23114406630472287,2.3664789810850895,838,11.034936263139013,1.479243147609345,4,"IN"
168216,8.010285714285715,"SM",17399,1885,"17399_20231231",0.009660155721710233,2.225448812751623,21,10.061790089699347,1.0700384109769125,2,"KS"
49772,6.2215,"NM",17403,592,"17403_20231231",0,2.371775227358071,8,13.372758489126287,1.5150011006418254,2,"KS"
107482,8.267846153846154,"NM",17410,1015,"17410_20231231",0.010422405193335616,1.7626344487743943,13,8.630805709237993,1.206063462503784,2,"KS"
543928,10.072740740740741,"SM",17411,5259,"17411_20231231",0.31774440023679396,2.4511726562214817,54,9.085364401797145,0.2867856474365596,4,"CO"
747843,6.030991935483871,"SM",17431,9630,"17431_20231231",1.044026970982848,2.5952895912963654,124,8.788615436129248,0.9327956884110401,2,"AR"
4152838,6.76357980456026,"SM",17437,73940,"17437_20231231",0.3155931076252273,2.8775915142427904,614,9.934169009935852,0.6935126946197921,2,"SD"
5613739,15.902943342776206,"N",17438,36388,"17438_20231231",1.1620698700764314,1.3199722618372862,353,8.37310197615753,2.6326921465791804,5,"MI"
17236,2.872666666666667,"NM",17441,265,"17441_20231231",0.010726161106939826,2.4732115068249523,6,8.746054519368723,1.189364634742786,2,"IA"
351163,9.24113157894737,"SI",17443,4844,"17443_20231231",0.08436637439163554,2.160331047912694,38,14.624349563680674,0.011238874884458884,5,"NH"
562233,6.8565000000000005,"NM",17445,6689,"17445_20231231",0.9775066825911392,2.3326404031576256,82,8.775127230223786,1.1382650091671018,7,"OR"
175417,4.6162368421052635,"NM",17446,2578,"17446_20231231",0.20243875436903952,3.2910607209318354,38,12.594039443009262,1.5845602464252955,7,"TX"
43204,6.172,"NM",17450,834,"17450_20231231",0.13286388095396265,2.910290470717965,7,8.852028247659714,0.7165223541016252,2,"IA"
166116,6.644640000000001,"SM",17451,2588,"17451_20231231",0.02701356587511291,2.815463252681109,25,8.785765455758904,0.5839921656674708,2,"KS"
551317,8.4818,"NM",17453,6014,"17453_20231231",0.3798342541436464,1.9514281538350824,65,9.070094277837324,0.9064375427993581,2,"IL"
108818,13.60225,"NM",1745,792,"1745_20231231",1.853717509570824,1.1323928451418794,8,17.409568261376897,0.16995604451100246,2,"AL"
2009620,14.152253521126761,"NM",17470,24821,"17470_20231231",0.5018563872357581,1.7030994087956115,142,9.921199185349055,0.26628171406652423,4,"IL"
875290,8.41625,"SM",17477,8760,"17477_20231231",0.039889070394711845,1.8647106795121378,104,10.546293574471461,1.0303866500632504,2,"KS"
937215,8.598302752293579,"NM",17478,10920,"17478_20231231",1.75249552995228,1.9469322094179846,109,12.249787786088378,2.2560264613605887,4,"NE"
13407371,5.261919544740974,"SM",17491,374464,"17491_20231231",2.1158875158172155,4.295806505098334,2548,10.550123993898637,0.7702346856582575,4,"TX"
1176887,6.649079096045197,"NM",17509,17148,"17509_20231231",0.3419101299138314,2.4317770313796494,177,9.921429849729536,0.6731003740532687,4,"FL"
333741,6.1803888888888885,"N",17513,4247,"17513_20231231",0.2753817699723391,3.1234166591952097,54,8.742224977174946,1.295168434448214,4,"IL"
3081020,6.877276785714286,"NM",17514,37714,"17514_20231231",0.40354434666929706,2.187149848570991,448,9.314607238234377,0.4510795460049316,4,"IL"
185890386,10.409944895559164,"N",17534,2223222,"17534_20231231",0.6095517496827421,2.1797964859024774,17857,9.21957424790618,0.6819597770301494,4,"OH"
294365,5.164298245614035,"NM",1753,4791,"1753_20231231",0.46931100482758314,2.9519413735936166,57,10.604436128221588,2.878780866928184,4,"AR"
153597,4.654454545454546,"NM",17543,1927,"17543_20231231",1.608387370462396,2.35244553769213,33,9.458710976837866,2.173735781362543,8,"GA"
45473,9.0946,"NM",17551,465,"17551_20231231",5.814291528577243,1.7014177104368762,5,17.808340335205415,0.28494616995180694,2,"IA"
610887,6.787633333333334,"NM",17563,7134,"17563_20231231",0.4529089038747286,2.24176025623068,90,14.183391130499215,1.1757461292036233,7,"SC"
24788,6.197,"NM",17569,211,"17569_20231231",0.8910324532003596,1.7276588792680934,4,15.262069804207709,0.3880084953438981,2,"KS"
582492,17.651272727272726,"NM",1756,3578,"1756_20231231",1.287925196113465,1.3268576006408972,33,9.355384695600556,1.636815351015231,4,"AR"
193869,8.42908695652174,"N",17572,1702,"17572_20231231",0.04479856644587373,1.6346700476872373,23,12.791460374993319,1.108176378309633,2,"IL"
574702,7.183775,"NM",17580,8171,"17580_20231231",0.06253546091947834,2.492265591312704,80,10.866273917439418,1.996578775475484,4,"FL"
208071,8.00273076923077,"NM",17587,2297,"17587_20231231",2.6667664377687346,2.34728857193992,26,9.940727951424892,1.6427086549751309,4,"LA"
807235,5.109082278481012,"NM",17588,12773,"17588_20231231",0.08258406072936493,2.71709779361953,158,10.175052237571967,2.4489344895091527,2,"TX"
11957,2.98925,"NM",17589,315,"17589_20231231",0,3.5787468613812807,4,16.485349003414594,-0.36076077231666137,2,"NE"
402067,8.04134,"NM",175,5404,"175_20231231",0.4575720859064137,2.407737182377085,50,10.194084694314029,2.5728563158318725,4,"GA"
305801,5.560018181818181,"N",17603,6867,"17603_20231231",0.19329274185754325,3.639592289491599,55,9.909698210748934,3.097887111769454,4,"TX"
52623,5.8469999999999995,"NM",17607,657,"17607_20231231",0,2.659724335350667,9,8.888083751263325,1.0424766992370198,2,"KS"
1108981,7.295927631578947,"SM",17612,27381,"17612_20231231",0.02391889444591881,3.730090858663494,152,10.146039065193042,2.2830308342963836,4,"TX"
985167,8.209725,"NM",17614,11777,"17614_20231231",0.022544953646584313,1.8842439682683836,120,20.490714202560557,1.6053216896974216,8,"KS"
66224,3.895529411764706,"NM",17621,1576,"17621_20231231",1.7813809838958745,4.365770159180814,17,11.360791283517504,2.5148304631020526,6,"LA"
273624,6.514857142857143,"NM",17622,3822,"17622_20231231",0.19692669325697995,2.292856373235643,42,11.791350784341773,1.460690299177531,4,"MI"
49518,2.6062105263157895,"NM",17629,1361,"17629_20231231",0.0033415758871883985,3.5918930799663755,19,16.593987573804654,1.2416420523340557,2,"KS"
17178,3.4356,"NM",17632,281,"17632_20231231",3.711701984073424,2.7514556456216464,5,11.183985399794684,0.319671195341934,2,"KS"
455120,6.410140845070423,"NM",17636,6634,"17636_20231231",0.06259382961763972,2.6366080722972804,71,7.404459191036981,1.0183431072719396,2,"KS"
501102,6.037373493975904,"NM",17639,7558,"17639_20231231",0.105348120505671,2.851132450906965,83,9.06600891973671,1.5510580589280247,4,"NE"
477591,5.19120652173913,"N",17643,6105,"17643_20231231",1.0199974475521043,2.3100334259475095,92,10.494103729338775,1.2857815737004312,4,"NM"
181535,8.25159090909091,"NM",17650,2452,"17650_20231231",0,2.2414217638794343,22,12.741635404276085,0.7320529347296051,2,"KS"
1865564,6.017948387096775,"SI",17658,28792,"17658_20231231",0.6737017278116302,2.8019581435424623,310,13.198373063614088,0.7679763876697707,4,"ME"
103856,12.982000000000001,"NM",17661,1066,"17661_20231231",0.3377079327927777,1.638392096071427,8,16.238042966912342,1.3777162816329604,2,"KS"
143449,13.040818181818183,"NM",17671,1547,"17671_20231231",0.0500417014178482,2.2081459390557736,11,10.672404211966203,1.5903460881695086,4,"KS"
439774,5.113651162790697,"NM",17672,6672,"17672_20231231",0.12905418438674002,2.333251978966835,86,12.761769999608225,1.5273626226548291,2,"KS"
704244,6.520777777777778,"NM",17676,8700,"17676_20231231",0.1878296860882312,2.2403340255776274,108,10.22864979997776,1.08723431508184,4,"KS"
604507,7.11184705882353,"NM",17685,7649,"17685_20231231",1.6279199138249292,3.1524876477672263,85,10.219593936323603,0.763341352555972,2,"KS"
17505527,11.48656627296588,"NM",1768,202008,"1768_20231231",0.3693402858320224,2.0080091595107477,1524,9.317292463557687,1.1266371416321723,4,"CA"
239568,6.142769230769231,"NM",17734,3575,"17734_20231231",3.5758584854004405,4.065733225946348,39,13.29588507682593,0.4895183563269738,7,"FL"
6142217,6.404814389989573,"N",17735,73134,"17735_20231231",0.18982348283053993,2.33647340236553,959,8.942340470894324,1.8855810998185092,4,"WV"
454463,4.094261261261262,"SI",17736,7440,"17736_20231231",0.6472554737156813,3.244987895361731,111,8.711064521649838,-0.09916354988572793,8,"IN"
817341,9.73025,"NM",17739,10879,"17739_20231231",0.5342358513691968,2.335407706137693,84,15.042163763434838,2.2127333048583036,4,"TX"
1084657,6.952929487179487,"SI",17741,16192,"17741_20231231",0.7231317098488532,2.5388263364688837,156,13.65576966065257,0.623237286824956,4,"ME"
1380826,6.735736585365854,"SI",17743,22979,"17743_20231231",0.1614029045194645,2.585297960429417,205,10.213219249374191,0.046474050682776866,5,"ME"
1668860,8.428585858585858,"SI",17748,21801,"17748_20231231",0.5875610512654831,2.445387484014585,198,9.184766875514843,0.32220744405257234,4,"ME"
1355181,7.656389830508475,"SI",17749,17664,"17749_20231231",0.049192712451026896,2.371757340846978,177,15.08774860394953,1.2157431997048356,4,"ME"
1594063,7.775917073170732,"SI",17751,26030,"17751_20231231",0.06670088801320494,2.5290321536534353,205,9.46108368394789,0.596513557387332,4,"ME"
104751,4.988142857142857,"NM",17759,1553,"17759_20231231",0,3.096395004790725,21,7.775710008900397,1.078666310459046,8,"OH"
2544417,10.218542168674698,"SI",17764,32662,"17764_20231231",0.2025257678799729,2.225492200421666,249,13.922832145140434,0.5983445799953462,4,"RI"
302635,3.930324675324675,"NM",17767,5434,"17767_20231231",1.2146989384900968,2.9186704170825393,77,13.233497470260758,1.3706615194683427,4,"LA"
351400,10.981250000000001,"NM",17769,3250,"17769_20231231",0.568932236106878,1.634596835594031,32,9.966979239941168,0.8244326567791822,2,"KS"
168766,4.018238095238095,"NM",17773,3595,"17773_20231231",0.02993987075955789,3.7304607064942674,42,9.482805834636613,0.6705704231017214,4,"SC"
156079,12.006076923076924,"NM",17775,1573,"17775_20231231",0.7877124750755138,1.6416115986149018,13,12.936204572537427,2.6959851629158864,2,"TX"
110730,3.9546428571428573,"N",17782,2118,"17782_20231231",0.08755760368663594,3.6061728771979604,28,14.35888088945594,0.2657936184388935,4,"CO"
124011,4.769653846153846,"NM",1778,1843,"1778_20231231",0.4799122446181269,2.442528066966689,26,17.93697883258499,1.7971856243765696,2,"CO"
917185,8.735095238095239,"SB",17797,10750,"17797_20231231",0.060791018241899246,1.9888033320986827,105,9.78402244410542,-0.16443601318756948,4,"MA"
6187285,11.60841463414634,"SM",17798,78381,"17798_20231231",0.6305889194044882,1.9929840171989632,533,9.456055310983292,0.9089588991154489,4,"MA"
192464,6.0145,"NM",1779,2755,"1779_20231231",0.0014671361502347417,2.8273099488126534,32,8.495677878573572,0.2942216112214371,4,"CO"
1019726,5.482397849462366,"NM",17809,17427,"17809_20231231",0.12548965571543869,2.4715889702207607,186,10.542577898200117,0.609612064870827,4,"OR"
405889,7.958607843137255,"NM",1780,4783,"1780_20231231",0.18646431235204464,2.1989140121253503,51,8.865384175956981,0.7645559284799563,8,"CO"
361004,8.022311111111112,"N",17811,4143,"17811_20231231",0.007520882199481999,1.812290089942684,45,11.914562726684466,0.8955801251645011,8,"TX"
61720,7.715,"NM",17813,712,"17813_20231231",0,2.032173467859618,8,10.864222300245775,1.5759357227188984,2,"ND"
217703,5.582128205128205,"NM",1781,3137,"1781_20231231",0.3066436376063324,2.422604394073111,39,8.256033520323074,0.8704344527536502,2,"IL"
22223,5.55575,"NM",17825,195,"17825_20231231",0,1.7032393859106563,4,13.81135256650431,1.2831993205505756,2,"NE"
173663,7.893772727272728,"NM",17830,1923,"17830_20231231",0.44563665469649116,2.1726931892488737,22,17.910751884806086,2.1919255684299364,2,"MO"
246520,6.163,"SM",17832,3022,"17832_20231231",0.1676721516282281,2.0467385996536476,40,11.824000065348532,1.247147700332106,2,"KS"
20494574,9.572430639887903,"SB",17838,273459,"17838_20231231",0.669784404476866,2.692032010464998,2141,10.920679424233057,1.325608814683474,4,"DE"
162995,5.620517241379311,"NM",17841,1865,"17841_20231231",1.4994916977295831,2.423556387594874,29,10.753378736017503,1.5950352055537305,8,"LA"
4396707,8.052576923076924,"NM",17842,54930,"17842_20231231",0.22197616176606993,2.145466257774967,546,10.360215123395566,1.0624321532349394,4,"TX"
547451,9.438810344827587,"NM",17863,6622,"17863_20231231",0.10824918071681718,2.3703938914717315,58,6.704897648609023,0.07840848715310096,4,"MN"
587523,6.676397727272728,"NM",1786,6816,"1786_20231231",1.3693885766589977,2.0696026420064166,88,8.371173832356552,1.2104077568942713,2,"IL"
6868896,14.162672164948454,"NM",17870,86702,"17870_20231231",0.1915799478129818,2.0195028333994367,485,8.857004637628444,0.4063251037068263,4,"MA"
133997,7.052473684210527,"N",17872,1697,"17872_20231231",0.8833276331772669,2.738250797730967,19,10.775842501097104,1.1021938176041568,4,"CO"
87865,2.6625757575757576,"NM",17878,1957,"17878_20231231",2.4480121105887975,4.97894945473316,33,11.428928587663076,1.1347474479072512,8,"LA"
196865,4.578255813953489,"NM",17881,2327,"17881_20231231",0,2.8646986224316646,43,15.92570720821945,2.858827135195691,4,"TX"
1710496,8.727020408163266,"SI",17897,23020,"17897_20231231",0.20941943969558646,2.2598761234477744,196,12.647416791150654,0.6539936382025601,4,"ME"
57675,4.119642857142858,"NM",178,1111,"178_20231231",2.6738281823251446,4.27593672521563,14,10.301196032672113,-0.8939483884485107,5,"GA"
401180,7.4292592592592595,"SM",17903,4612,"17903_20231231",0.9585860855238524,2.1232818395293664,54,16.58697660798045,0.9670517240423819,2,"IA"
257322,5.14644,"NM",17906,3733,"17906_20231231",0.2730092030521674,2.6450122153880784,50,10.823187620794505,1.3907831752064037,4,"LA"
1423964,7.9997977528089885,"NM",17910,17413,"17910_20231231",0.24641703427086503,2.456854201903125,178,12.407804612986716,1.5341135966727986,4,"GA"
141885,5.6754,"N",17913,2504,"17913_20231231",0.8591901651592161,3.6209273431782463,25,13.303950983092742,1.3098027424305172,4,"TX"
92656,13.236571428571429,"NM",17922,892,"17922_20231231",0,1.5193410549970137,7,9.176346470594568,1.3104969237259465,2,"ND"
242122,3.905193548387097,"NM",17927,3465,"17927_20231231",0.4061010877219369,2.751543801812822,62,11.342017884360468,0.8220075125352906,2,"KS"
814400,6.621138211382114,"NM",17933,11063,"17933_20231231",0.1908393611425196,2.616640137184836,123,8.496911185745057,0.8043030862702484,4,"MO"
766574,9.827871794871795,"NM",17937,7947,"17937_20231231",1.1699155956118752,2.12940036602433,78,11.819821829916684,1.0145064054257724,4,"KY"
7667364,9.536522388059701,"SI",17943,110411,"17943_20231231",0.6018685746040567,2.832072852271572,804,13.502079458770428,1.3595730791007172,4,"CT"
357506,7.296040816326531,"NM",17950,4319,"17950_20231231",0.27301683603822235,2.5364610524856337,49,9.136187228037164,2.2208221090816287,4,"TX"
786047,6.95616814159292,"SI",17951,12163,"17951_20231231",0.030186309904732006,2.587237366015753,113,9.431697740672162,0.5892561932107743,4,"NH"
381588,7.0664444444444445,"NM",17959,4741,"17959_20231231",0.7453420780838109,2.155341202419864,54,14.566397840825113,1.8687082604097571,8,"CO"
1368285,7.396135135135135,"SI",17960,17247,"17960_20231231",0.7821377688518119,2.267370328541515,185,9.28420891150226,0.5176197095805973,4,"NH"
2377290,8.804777777777778,"NM",17964,26010,"17964_20231231",0.4972301360638585,1.9114900151725036,270,10.359077405155677,0.9669565361656262,4,"UT"
115145,5.006304347826087,"NM",17975,1670,"17975_20231231",1.2393046312644302,3.0429322673033563,23,8.103132296208274,0.265680931371073,4,"AL"
261980,8.450967741935484,"NM",17979,2587,"17979_20231231",0,1.8555176478271824,31,9.672738935704713,1.1250509266314406,4,"TX"
13388,3.347,"NM",17982,103,"17982_20231231",4.704875962360992,1.6961256918407428,4,16.150119203260786,0.4220025644771226,7,"KS"
24926221,11.932130684538057,"NM",17985,221351,"17985_20231231",0.15382807218800298,1.9852950761738923,2089,8.573548280709991,0.9779800583336008,4,"HI"
175482,5.8494,"NM",17993,2789,"17993_20231231",2.754668475738208,2.6972849616110226,30,12.107361664883788,0.823624193651689,4,"IA"
47077,6.725285714285714,"NM",17995,721,"17995_20231231",0,2.0052804992472013,7,12.461531793160246,1.337581007658906,2,"KS"
2515915,9.52998106060606,"SM",18012,33787,"18012_20231231",0.027840034672129668,2.3759154406058576,264,11.087100697028651,0.8779716644869638,4,"NH"
2931539,7.167577017114915,"SM",18013,43965,"18013_20231231",0.029899634087435793,2.6414780497279255,409,8.575215197357446,0.39451682989139664,4,"NH"
228583,5.315883720930232,"NM",18019,3551,"18019_20231231",0,3.1741937593261813,43,7.878824343431305,0.873697967516963,4,"KS"
392854,5.6122,"SI",18028,6768,"18028_20231231",0.3474580107745937,2.826354941992998,70,14.070804337695114,0.6103950458042935,5,"NH"
727730,6.997403846153846,"SI",18030,10327,"18030_20231231",0.07757146866946218,2.812423643273577,104,8.226305585831247,0.7032099154400824,4,"NH"
684364,5.849264957264958,"SI",18031,10198,"18031_20231231",0.1451291170236246,2.8227028713995406,117,8.169110331728788,0.25738386786073647,5,"NH"
143007,3.0427021276595747,"NM",18033,2331,"18033_20231231",0.24816095010192327,3.077393350441811,47,7.668643625203002,1.462988107001443,4,"MO"
552093,6.20329213483146,"SI",18038,8721,"18038_20231231",0.565934880429221,2.8818201554172735,89,13.282833807336106,0.31193830090661295,5,"NH"
23702788,12.481720905739863,"SM",18053,238005,"18053_20231231",0.11630029746244133,1.8174452119618785,1899,7.379848738977536,0.7283482021439552,5,"HI"
2064025,9.555671296296296,"NM",18059,21143,"18059_20231231",0.19897968717881637,1.6681014932403537,216,13.718887141127894,2.3696217380644455,4,"ID"
104272,7.448,"NM",18063,1383,"18063_20231231",1.6297614895178072,2.5116395598889283,14,11.024420612925253,1.4176253210013152,4,"OK"
79655,11.379285714285714,"NM",18071,720,"18071_20231231",0,1.3977914135308236,7,16.671345805364844,0.3535664590889391,2,"IA"
465381,5.890898734177216,"NM",1808,5849,"1808_20231231",0.9491116799623127,2.9881365131761135,79,8.178424017472983,0.669273458355949,8,"IL"
31401,5.2335,"NM",18094,449,"18094_20231231",0.5086645400465557,2.4260716741804846,6,17.65956761284918,0.38524235246173044,2,"KS"
1282506,5.256172131147541,"NM",18100,19652,"18100_20231231",1.0126794058246393,3.053791073353449,244,8.025310465373666,0.554541354076461,4,"KS"
61694,7.71175,"NM",18101,790,"18101_20231231",0,1.8992432097210243,8,9.525149373541437,1.280697164378208,2,"KS"
153054,10.2036,"NM",18109,1486,"18109_20231231",0,1.8986526486581299,15,12.425520337369065,1.644448342396071,4,"KS"
424462,5.814547945205479,"NM",18118,5990,"18118_20231231",0.8190962206937358,2.863538289822691,73,8.365074394249467,0.8722957941320962,4,"KS"
168414,7.655181818181819,"NM",18120,3887,"18120_20231231",0.6168418996777449,2.8095287471354227,22,17.31114688316536,0.976315608583655,2,"KS"
2678836,8.31936645962733,"SM",18129,39748,"18129_20231231",0.5301904112132139,2.603527302252674,322,10.89461968941086,0.5884888718241493,4,"RI"
196757,8.554652173913043,"NM",18132,1480,"18132_20231231",0,1.3687486736931458,23,11.63022885446142,1.1353186673268727,7,"TX"
90878,3.365851851851852,"N",18136,1958,"18136_20231231",0.6566861936790337,4.127194480188336,27,10.691774168041029,0.9057213092139335,4,"FL"
588936,6.199326315789474,"NM",18143,11437,"18143_20231231",1.4724967986072142,3.479131561727774,95,9.121000731181946,1.1722312569113558,4,"GA"
80624,4.0312,"NM",18145,1953,"18145_20231231",3.239853684027173,4.606956195353453,20,10.22841239594825,1.020625898189353,2,"SD"
218639,5.465975,"NM",18155,2769,"18155_20231231",0.2840559612610295,2.4847740986760467,40,11.937695639312851,1.0176433491848682,4,"TX"
94578,7.275230769230769,"NM",18164,1001,"18164_20231231",3.7009728622631846,2.323374774973842,13,16.330723961183264,1.2033889860120923,2,"MT"
109587,7.3058000000000005,"NM",18165,1420,"18165_20231231",0.0028557149996430355,2.1732434702259904,15,11.762833190233172,1.208101453739184,8,"KS"
335061,9.854735294117646,"NM",18171,3259,"18171_20231231",0.9533552026889309,1.6169413420436036,34,13.206970523429609,1.4177015819341783,4,"IL"
1231174,6.412364583333333,"N",18185,17998,"18185_20231231",0.0385364270647412,2.675215583170044,192,11.8710130395997,1.3741928549577929,4,"TX"
3011634,8.435949579831933,"SI",18190,43904,"18190_20231231",0.8486285938694943,2.3623979751819544,357,10.938835280154755,0.3790910810893055,4,"CT"
1119445,7.4629666666666665,"SI",18194,17489,"18194_20231231",0.22826742435173164,2.709256654794107,150,11.24509178956165,0.3894405369203388,4,"CT"
2211814,6.805581538461538,"SI",18198,38274,"18198_20231231",0.6987494802703176,3.072916686138084,325,8.809091556796526,0.6866711952508935,4,"CT"
1846562,7.694008333333334,"SI",18199,25001,"18199_20231231",0.6382021003029082,2.5075024733904767,240,8.030079118212678,0.34669700576806783,5,"CT"
1179621,7.3268385093167705,"SI",18200,15493,"18200_20231231",0.12292225167581505,2.2564982543004435,161,10.622593094781125,0.11887454137990135,4,"CT"
2220775,11.627094240837696,"SI",18204,28496,"18204_20231231",0.09165744224417519,2.118049739922281,191,9.38823894243514,0.48417778667732114,4,"CT"
1927648,7.009629090909091,"SI",18213,38134,"18213_20231231",0.16586590644207444,3.082038492852168,275,12.1241904978797,0.31543930914780166,4,"CT"
221754,14.7836,"NM",18216,2138,"18216_20231231",0.026021760697383184,1.8737270493096942,15,10.300264341067757,3.0400505046709303,4,"TX"
211120,6.032,"NM",1821,2916,"1821_20231231",0.2727844355673916,2.5267348471603777,35,13.639558635525217,1.1363958232203708,2,"IN"
74875514,18.12527572016461,"N",18221,707875,"18221_20231231",0.4115776304116297,1.883983472995758,4131,9.685366112799532,1.2381101626872342,4,"CT"
395028,12.74283870967742,"SI",18227,3360,"18227_20231231",0.23291108807044436,1.4554558662469137,31,47.063031243122005,4.5997263784319635,7,"CT"
1097028,7.032230769230769,"SI",18229,15965,"18229_20231231",0.1743934595476931,2.529479708290839,156,8.841271101681532,0.2347511247431501,5,"CT"
419899,4.939988235294118,"SI",18237,7936,"18237_20231231",0.5623878175538854,3.430845656957974,85,14.456014310082702,1.053095502258294,4,"CT"
1634586,7.532654377880184,"SI",18238,23330,"18238_20231231",0.4072506021940327,2.444748962208899,217,14.37997338258364,1.0525113195028144,5,"CT"
1785562,7.729705627705628,"SI",18258,22897,"18258_20231231",0.5428340692691441,2.426271672476953,231,9.463244177980702,0.6997960794809261,4,"CT"
3114603,11.797738636363636,"NM",18266,35600,"18266_20231231",1.3140526716782166,2.0836136539500885,264,14.634483050864292,2.044960854606934,4,"MA"
1407643,9.775298611111111,"SM",18272,16749,"18272_20231231",0.12872272488269404,2.1906044487623637,144,11.186691016664797,1.3542997495743725,4,"IA"
160938,8.941,"N",18282,1063,"18282_20231231",0,1.4548756642752352,18,11.211531160831283,0.5297114415230303,7,"TX"
188719,9.932578947368421,"NM",18284,2471,"18284_20231231",0.11876659781646502,1.8762072183518892,19,12.72362463626527,0.5892310697311023,2,"IA"
797347,5.575853146853147,"N",18296,14676,"18296_20231231",0.3999138442134621,3.5445018613227055,143,9.80829467507236,0.788639644077818,4,"HI"
8278923,10.145738970588235,"NM",18297,84800,"18297_20231231",0.2641881517060002,1.7386623864136697,816,10.491738941855356,1.2108784144948588,4,"TX"
59408,4.243428571428572,"SM",1829,893,"1829_20231231",1.5085012012566992,2.82807392550541,14,12.299391731674628,0.5031542566850116,2,"IN"
129757,3.6043611111111113,"NM",18301,2981,"18301_20231231",3.3473606119133805,3.7187813289642033,36,16.32146208005803,1.8361910673183854,4,"TX"
32604,3.2603999999999997,"NM",18302,599,"18302_20231231",1.1206362321834331,3.6600809817762605,10,10.59594536657071,0.24419469699981255,8,"TX"
826123,8.516731958762888,"NM",1833,10365,"1833_20231231",0.050797486790122,2.4078352880437337,97,8.717660781519985,0.7486097882605471,4,"IN"
78845,0.906264367816092,"NM",18342,37590,"18342_20231231",0,63.44849641348762,87,36.854646544876886,39.48203043646033,7,"MA"
631762,7.019577777777778,"NM",18344,9281,"18344_20231231",0.50950667320238,2.8014436268058853,90,10.091668913453761,1.0981908121695472,4,"TX"
1771144,10.120822857142857,"NM",18355,22520,"18355_20231231",0.09644805667247484,2.024673303906585,175,9.884488448844884,0.21965987256006314,4,"TX"
184155,8.006739130434783,"NM",18356,2119,"18356_20231231",0.018595096207485853,1.7845483732852658,23,11.255896323099375,1.0894959999370688,2,"IA"
564186,6.001978723404256,"NM",18361,11275,"18361_20231231",0.37592033430521793,3.2662775921580254,94,9.30320588843029,0.1839234878290631,4,"WI"
488048,13.944228571428571,"NM",18374,4230,"18374_20231231",0.25299248574557265,1.654632901664779,35,12.557956624328096,1.4202363600236931,2,"KS"
87068,10.8835,"NM",18378,930,"18378_20231231",0.2496743378202345,2.4435724554819056,8,12.258348487831999,1.8053967365259518,2,"MN"
128452,5.1380799999999995,"NM",18380,1567,"18380_20231231",0.10790947270181987,2.4416733202985017,25,11.397958456409322,0.5705358321650185,8,"MO"
444382,9.069020408163265,"NM",18384,3960,"18384_20231231",0.04683802261372601,1.5550217172788388,49,9.997849178871999,0.8011416556773855,2,"IA"
508157,5.238731958762886,"NM",18385,7097,"18385_20231231",0.20220723225244697,2.206319663248985,97,10.973455585875861,1.4185270800091618,2,"MO"
791385,8.15860824742268,"NM",18389,8547,"18389_20231231",0.7615677438697543,1.9622621488604057,97,9.034565356512262,2.984875107020659,4,"NM"
142705,6.48659090909091,"NM",18394,2813,"18394_20231231",0.7836478808855222,2.8513928639302,22,14.486662605326744,0.9778837998905112,2,"IA"
170576,6.092,"NM",1839,2071,"1839_20231231",0.5994066725026748,2.681931652703444,28,10.007866285344926,0.5921761824611835,2,"IN"
126311,6.31555,"NM",183,1705,"183_20231231",0.14926168772322618,2.624121328764581,20,14.674543728241376,0.40317109271063545,7,"GA"
545764,11.370083333333334,"NM",18400,6337,"18400_20231231",0.9159865630181528,2.204776153864474,48,9.55585722761669,0.8765418195014106,4,"IA"
1886157,8.896966981132076,"NM",18402,14754,"18402_20231231",0.39985635187358964,1.3806481259384804,212,9.624064317639455,0.6214618901139839,4,"IL"
7260613,6.928065839694657,"SI",18408,111124,"18408_20231231",0.07624171813465795,2.6481451028127156,1048,7.37203936894806,0.2457744383974511,4,"ME"
367174651,13.649107877030595,"N",18409,3145299,"18409_20231231",0.6057121987965529,1.7613961190788916,26901,11.012485656018656,0.6083688967849572,9,"DE"
5577863,10.16004189435337,"NM",18429,48038,"18429_20231231",1.3576771055201653,1.672299738876848,549,9.114131312450738,1.3202595980683791,4,"IL"
545787,4.586445378151261,"NM",18431,10503,"18431_20231231",0.49075350419719427,3.332538707227861,119,8.292597082632671,1.6851990864456594,8,"KS"
202339,7.494037037037037,"NM",1843,2444,"1843_20231231",0.0008781018949438892,2.437987910787182,27,8.489246888293682,0.4971190149025456,2,"IN"
741334,7.564632653061225,"SM",18443,8518,"18443_20231231",0.08228528182262791,2.0203088669407547,98,11.869538320923805,0.9738896017153476,2,"IA"
110813,5.54065,"NM",18448,1330,"18448_20231231",1.9925790779196817,1.9823696788905252,20,8.866310061278032,0.17025376867584227,2,"IA"
88752,4.671157894736842,"N",18454,1069,"18454_20231231",3.167515341428385,2.350226961531212,19,13.565464519398118,2.008478983067012,8,"TX"
41598,5.19975,"NM",18463,620,"18463_20231231",0.18442622950819673,3.2544504197086312,8,9.517327028253444,-0.29928689594713703,8,"IA"
271517,8.48490625,"NM",18474,2105,"18474_20231231",0,1.5629697333637245,32,9.010199066109609,1.5330582486409208,5,"KS"
348496,6.113964912280702,"NM",1847,4606,"1847_20231231",1.1093604295958068,2.57995491375862,57,12.243610860059745,2.0012342043729694,4,"IN"
28748,7.187,"NM",18483,301,"18483_20231231",0,2.2831223404658783,4,11.358647936786655,1.0353694334670842,2,"SD"
1433118,5.897604938271605,"SM",18489,24068,"18489_20231231",0.5080134238418703,3.0646174134897075,243,11.00002115999069,1.2676913528201108,4,"NE"
218436,4.9644545454545455,"SM",1849,3860,"1849_20231231",0.1742778171856273,3.234226578356028,44,10.419773337309872,0.6364301659603413,4,"IN"
23056487,18.284287866772402,"NM",18503,154386,"18503_20231231",0.37729973751616713,1.6686104143637133,1261,10.867902345942696,1.5445908152612773,4,"CA"
94764,4.987578947368421,"NM",18508,1505,"18508_20231231",0.7755084291243277,2.58130967501406,19,12.900178549184071,0.8804467108575088,4,"IA"
266958,8.089636363636364,"NM",18514,2844,"18514_20231231",4.083832658084569,2.3540880001177817,33,13.022400980209358,1.3486801067165897,4,"NM"
191169,6.827464285714286,"NM",18518,2791,"18518_20231231",0.013006861119240399,2.634708416857762,28,7.277980730201457,0.8541898476558144,2,"IA"
665696,5.412162601626016,"NM",18519,11373,"18519_20231231",0.6715823849684687,3.3557376244909976,123,9.441961907507569,0.6170174491815075,4,"AR"
580453,5.325256880733945,"NM",1852,8510,"1852_20231231",1.002232256782058,2.9305750006140547,109,8.564824819045084,-0.060723165136988735,2,"IA"
2319159,7.092229357798166,"N",18561,40828,"18561_20231231",0.4703713981301623,5.037293546523087,327,10.82448520052535,0.6611254680832832,4,"MN"
346670,9.36945945945946,"N",18564,4412,"18564_20231231",0,1.8273642866584383,37,11.072814296638251,1.6594195808077254,4,"IL"
332450,6.156481481481482,"NM",18566,4653,"18566_20231231",0,2.4620792829781095,54,7.9441757490226985,0.770581415418093,4,"IL"
39379,13.126333333333333,"NM",18568,242,"18568_20231231",0,1.1328576937909758,3,26.466141896470834,2.897223293482453,2,"IL"
1423721,7.227010152284264,"NM",18569,19620,"18569_20231231",0.5160374920027937,2.249335394304035,197,9.05365683110655,0.7517859037633746,4,"WI"
524193,19.414555555555555,"SM",18576,3884,"18576_20231231",0.17307478371000454,1.1871186314048732,27,12.895039983973023,3.742925778685168,4,"TX"
395555,8.072551020408163,"SM",1857,4843,"1857_20231231",1.1155461249684684,1.7103165339704078,49,9.956544377296472,1.0951787301886886,2,"IA"
578620,5.728910891089109,"NM",18584,7970,"18584_20231231",0.22496190740864966,2.152388861775246,101,9.628650911038397,1.1889370043708392,4,"MI"
522431,7.059878378378379,"NM",18592,6961,"18592_20231231",0,2.0664761335821606,74,15.626549523477342,3.7831520162905425,4,"OK"
112232,7.0145,"NM",18600,1470,"18600_20231231",0,2.9398922244103116,16,9.35919725357644,-0.3217836106050058,7,"AL"
1448670,9.406948051948053,"NM",18609,17873,"18609_20231231",0.3918727602530638,2.1434638278818476,154,8.738616446743922,0.5266213925729941,4,"TX"
52272,10.4544,"NM",1860,421,"1860_20231231",5.813056888279643,1.552622618325018,5,12.874495426434098,1.822804861799932,8,"IA"
411771,5.083592592592593,"SM",18610,7142,"18610_20231231",0.1397846486007695,2.935456532190882,81,9.185922257019252,0.8547210101108298,2,"KS"
4891391,6.295226512226513,"NM",18618,148421,"18618_20231231",1.6364092360041302,5.004818509107481,777,14.985579180606242,-1.6437300663186063,4,"CA"
202707,4.2230625,"NM",18620,3479,"18620_20231231",0.06399417989774404,3.5605989815711405,48,9.065541855937703,1.5572165408947756,4,"KY"
129572,8.09825,"NM",1862,1292,"1862_20231231",0.017186855492919016,1.5400616332819723,16,19.093643122971567,1.791217257318952,2,"IA"
215301,7.6893214285714295,"NM",18641,4111,"18641_20231231",0,3.7626630864824593,28,15.528522976907844,4.10288339117721,4,"IL"
86662,7.2218333333333335,"NM",1865,1112,"1865_20231231",1.1091309361568298,2.2890065757333193,12,12.63155537641632,1.1043653970096126,2,"KS"
302674,5.605074074074074,"NM",18660,7374,"18660_20231231",0.6451055651826539,3.1732093137104913,54,10.768500501394158,2.762904262154637,4,"TX"
122692,4.381857142857143,"NM",18677,2231,"18677_20231231",0.09977709372678059,4.384886631793345,28,22.13803092843926,0.04845178598666679,7,"TX"
272841,18.1894,"NM",1867,1876,"1867_20231231",0.03816583053366879,1.4059645249695492,15,12.482173149385254,1.3575923670320746,2,"KS"
446906,7.705275862068966,"NM",1868,5257,"1868_20231231",0.16215802608654706,2.1234859232586207,58,14.606798804119144,1.2766942568392867,2,"KS"
438696,6.451411764705883,"NM",18698,6088,"18698_20231231",0,2.4200683347915986,68,12.015805452576014,1.8139514422160417,8,"TX"
663491,5.529091666666667,"SM",1869,10699,"1869_20231231",0.341393111324808,2.862783047999045,120,9.260481569383785,0.7772043236375351,4,"KS"
258556,8.340516129032258,"NM",18710,3239,"18710_20231231",0,2.187772162321335,31,11.85374271949378,2.6602922776597486,4,"CO"
28121331,11.431435365853659,"SM",18714,251606,"18714_20231231",0.14563458720281222,1.5829697803661347,2460,8.001399694614598,1.0091056438485806,4,"CO"
60250,5.020833333333333,"NM",18719,892,"18719_20231231",1.6861088086044114,3.1043663289326258,12,11.456072803640183,1.5676022025239253,4,"MN"
32997,5.4995,"NM",18724,496,"18724_20231231",0.6184195076128224,2.773650997015088,6,9.888083428716774,1.0256375308372747,2,"NE"
661260,2.0925949367088608,"N",18734,35320,"18734_20231231",1.2936202587722043,10.389085613835205,316,16.616191801140747,5.935807741768031,4,"FL"
841826,7.134118644067796,"NM",18740,13453,"18740_20231231",0.004116889727237342,2.475925408569623,118,10.14030531530095,1.3787128241946516,2,"NE"
616723,7.171197674418604,"NM",18748,8695,"18748_20231231",0,2.3071988237234407,86,9.663307701688185,0.4708390754153168,2,"NE"
931495,7.961495726495727,"NM",1874,13471,"1874_20231231",0.12713798607302929,3.1626703404890204,117,7.313463510547235,0.5819410508608757,4,"KS"
171721,7.8055,"NM",18761,2123,"18761_20231231",0.15577307651826125,2.3514645347038807,22,10.220694333461722,0.4455469103195565,4,"NE"
276463,8.63946875,"NM",18780,3828,"18780_20231231",0,2.4500999236135947,32,9.16884288322628,1.7085384707903644,2,"TX"
146238,7.696736842105263,"NM",18820,1490,"18820_20231231",0.05943853445910934,2.6494127648804358,19,8.189481017067223,0.6497794319256672,2,"NE"
39022,4.87775,"SM",18838,581,"18838_20231231",0,2.2395462789462606,8,13.031650536228092,0.8918103750613745,2,"IA"
484081,4.7928811881188125,"NM",18841,9104,"18841_20231231",0.23626293667982093,2.962002358894614,101,9.264370753732457,1.650979138937575,4,"MO"
140735,6.118913043478261,"SM",18856,1877,"18856_20231231",3.4414438100961537,2.4467438691294374,23,12.343895213754646,0.5869825557043495,4,"OK"
331061,7.882404761904762,"SM",18858,3876,"18858_20231231",0.2587599975453597,2.080098473575678,42,10.994234276460285,0.750297691995606,4,"OH"
132121,6.606050000000001,"NM",18879,1741,"18879_20231231",0.3627538638395708,2.676043258891524,20,10.295748059808828,0.46652034780455376,5,"MO"
596135,8.516214285714286,"N",18880,6373,"18880_20231231",0.27771893901951095,1.671825838488046,70,13.244758799662353,0.9038026262280344,7,"WY"
304931,6.628934782608695,"N",18885,4084,"18885_20231231",0.055854106903676065,2.2894593331255844,46,10.236986197507179,1.006284408434611,4,"MN"
122877,6.46721052631579,"NM",18889,1797,"18889_20231231",1.5142160844841592,2.6299264700917604,19,9.708785262695384,0.6676097040573115,8,"IL"
56680,9.446666666666667,"N",18892,595,"18892_20231231",0,2.1228562065324255,6,10.666865582574966,1.421913119469832,2,"TX"
231703,8.581592592592592,"N",18895,1896,"18895_20231231",0,1.4823358063574092,27,10.693321542012665,-0.2148647599614075,5,"TX"
2081306,6.085690058479532,"N",18922,30606,"18922_20231231",0.5620822577254393,2.6542349486178356,342,9.846426343014713,0.32197090921523575,4,"WI"
99123,1.3216400000000001,"NM",18924,9223,"18924_20231231",3.5182119205298013,27.787191368697695,75,10.844959483809708,-20.01002835604122,7,"OK"
132308,8.820533333333334,"NM",18930,1519,"18930_20231231",0,2.2656070099744277,15,10.250449117615979,1.057434766273588,8,"FL"
29134,5.8268,"N",18937,442,"18937_20231231",0,2.258827259157497,5,12.634112102677229,0.8718280649379813,2,"MN"
44416,4.037818181818182,"NM",18942,940,"18942_20231231",0.5801870453758227,3.578723256941079,11,15.515941035310249,1.904036557501904,5,"TX"
799647,8.506882978723405,"NM",1895,9546,"1895_20231231",0.12414872828108031,2.061603414470288,94,9.415124103915813,0.9228116793428627,4,"MD"
4932029,34.25020138888889,"NM",18983,22422,"18983_20231231",0.00041694729536018274,0.8092652437333293,144,8.231519534259208,1.335502352473549,4,"CA"
527680,5.123106796116505,"NM",19001,7916,"19001_20231231",0.17126864112953757,2.510546844530712,103,9.602175324296693,1.1300400550791634,4,"MO"
3435859,11.414813953488371,"NM",19008,24690,"19008_20231231",1.3059482282785564,1.3340892313245039,301,10.79147994935592,1.2835342078902876,4,"IL"
505948,6.930794520547946,"NM",1900,5634,"1900_20231231",0.2708057912746758,2.0870057252962875,73,8.854867869369542,0.9837821354636426,2,"MN"
322414,5.862072727272727,"SM",19011,3288,"19011_20231231",0.7087913083937085,2.005001470106488,55,22.507465501524536,0.7406477295401892,4,"VA"
308776,5.513857142857143,"N",19024,4706,"19024_20231231",0.13650685667227613,2.7209481248669976,56,9.248589150858026,1.5335003028368446,4,"TX"
116841,10.621909090909092,"NM",1903,1435,"1903_20231231",0.012072390443056729,1.9291364470833696,11,11.061939162833005,1.5452640633247259,2,"MN"
529581,6.968171052631579,"SM",1905,6661,"1905_20231231",0.1547046931932356,2.4174848482957065,76,8.972505512550285,0.4856815614213578,2,"MN"
92986,4.894,"NM",1906,1351,"1906_20231231",0.5012618571055609,2.7570603242252,19,10.902388026851547,1.5133056283083663,2,"MN"
387256,8.067833333333335,"N",19070,6395,"19070_20231231",0,2.3146730771902435,48,12.50298213897563,0.9215470670774094,2,"MS"
4333346,19.259315555555556,"N",19080,26777,"19080_20231231",0.7471349600895522,1.101018740653181,225,9.277949411636586,0.8623873598257019,4,"TX"
95762,5.985125,"NM",19087,2168,"19087_20231231",0,3.7847242359218236,16,10.394725098179222,0.6054630864698718,2,"NE"
185320,13.237142857142857,"NM",1908,2001,"1908_20231231",0.09646216093103849,1.7865734038369865,14,15.48866983724719,0.7167163516776106,2,"MN"
665617,7.563829545454545,"NM",19101,9193,"19101_20231231",1.2839593668792817,2.3985530165884947,88,8.960629035763187,1.026430016640945,4,"MD"
27348,6.837,"NM",19105,277,"19105_20231231",0,1.8417795116095876,4,10.641649957032369,0.7614689223151656,7,"IL"
2203212,6.442140350877193,"SM",19123,35645,"19123_20231231",1.117226714704717,2.6784350681728406,342,8.928786254028356,0.5833738036687445,4,"ND"
273643,10.945720000000001,"NM",1913,1922,"1913_20231231",0.082131534093418,1.278881498337126,25,13.380748860831076,0.7355300776007936,8,"MN"
662930,4.984436090225564,"NM",19143,12119,"19143_20231231",0.9827989937239299,3.37957372848968,133,13.833731415078498,3.4486492714943333,4,"LA"
419413,9.98602380952381,"NM",19163,4277,"19163_20231231",0.14464040450694637,2.0775436977380846,42,8.818120869648501,1.18698307132969,4,"GA"
959232,7.322381679389313,"N",19184,12737,"19184_20231231",0.02751341278873451,2.5585718476370567,131,11.882230275654681,1.4433884126519148,4,"WY"
253490,8.449666666666667,"NM",19188,3791,"19188_20231231",0.21076819460401724,2.122623831958045,30,10.439887975345579,0.7186167323338122,8,"MN"
728040,6.222564102564102,"NM",19212,9111,"19212_20231231",1.0379151499532906,2.450652253288928,117,10.367851000415145,1.7165215370827294,4,"MO"
1617892,7.421522935779817,"N",19213,30465,"19213_20231231",0.058424045971325146,3.057716779923286,218,10.1923742323948,1.1555142202357327,4,"NE"
1128145,6.837242424242424,"NM",19215,26803,"19215_20231231",0.18115430050700596,3.92692750287687,165,9.60934563791264,1.7766905631517629,4,"TX"
3160382,6.4629488752556234,"SM",19220,42013,"19220_20231231",0.005135984863755575,2.3945691748529074,489,8.491033389477856,0.7882404571813563,4,"CO"
5606096,7.51487399463807,"NM",19222,108626,"19222_20231231",0.6586114259133684,3.3344038611731,746,7.967420796766546,1.3379847387666384,4,"CA"
56434,5.1303636363636365,"N",19230,741,"19230_20231231",1.9691602417170246,2.412727001978401,11,11.169967756794104,0.7055586677350504,2,"IL"
297286,4.18712676056338,"NM",19234,7495,"19234_20231231",0.7620020692112527,4.299410776927188,71,9.923067952519109,1.4200122934055284,4,"LA"
577771,6.280119565217391,"N",19254,10442,"19254_20231231",0.43378677791321363,3.2212712409524937,92,7.103559813410831,-1.3178992299861985,4,"MN"
330249,6.115722222222223,"NM",19274,4567,"19274_20231231",0.7756454608353666,2.5160754460967474,54,10.441781953749263,1.7353749607155509,2,"NE"
120361,10.94190909090909,"NM",19278,1049,"19278_20231231",0.04184639155346682,1.620615648347495,11,11.617518727481661,1.0764734863567953,7,"TX"
336819,6.873857142857143,"NM",19285,3361,"19285_20231231",0.12351446655189849,2.074013361785198,49,9.965131873044255,1.2971234009366008,8,"WV"
968760,4.748823529411765,"NM",19288,18183,"19288_20231231",0.1752457547889423,4.064094093052012,204,8.761192289714378,0.5401724727682963,4,"OK"
83917,7.628818181818182,"NM",1929,849,"1929_20231231",0.04251618513866074,2.233107259482542,11,15.308103474358328,1.13413715146948,2,"MN"
4889193,9.295043726235741,"N",19300,58420,"19300_20231231",0.37467347530628786,2.044418918358222,526,9.528851829988195,1.414995567432655,4,"NE"
187776,5.216,"NM",1931,3352,"1931_20231231",0,2.9227121341099243,36,8.235162541008052,0.4413720425186651,4,"MN"
2627232,8.728345514950165,"NM",19333,31264,"19333_20231231",0.3287415106271825,2.339720385691582,301,11.73345997530629,1.236943867753676,4,"IL"
120949,6.0474499999999995,"NM",1933,1800,"1933_20231231",1.7692692289082785,2.1844409926525614,20,8.485740078237319,1.3304551154336117,2,"MN"
217179,5.170928571428571,"NM",19349,3122,"19349_20231231",0.8056711650468144,2.7070635825765783,42,10.752678392782435,4.314427023045353,2,"MO"
148980,5.517777777777777,"NM",19351,2436,"19351_20231231",1.975452372400639,2.6307280797154697,27,11.04654694175052,0.7575534896895233,4,"CO"
97379,6.955642857142857,"NM",19354,1254,"19354_20231231",1.6841514332830427,2.167245828838586,14,16.78805723436128,2.8140553000392856,4,"LA"
879588,10.99485,"NM",19358,8634,"19358_20231231",0,1.6476299940916266,80,11.18150690666485,0.9899952626136108,4,"TX"
301949,7.189261904761905,"NM",1936,3537,"1936_20231231",1.3100024093084341,2.2216066367748764,42,11.833150083404407,1.1090848726597347,2,"MO"
1505048,7.879832460732985,"SM",19371,16112,"19371_20231231",0.014254047858692933,2.4533425222908884,191,11.01960926853924,1.0338356855349542,4,"AR"
144993,4.393727272727273,"NM",1937,2116,"1937_20231231",1.9504275849453516,2.4465230549627015,33,11.91152283621744,0.8935127678994215,7,"MO"
130169,4.199000000000001,"NM",19381,2597,"19381_20231231",2.302012451136528,4.123645527600154,31,12.504524352820837,1.1924068987844898,4,"CO"
586943,7.825906666666667,"NM",19396,8204,"19396_20231231",0.5000739828610551,2.1099323195765582,75,8.305553022396502,1.080792285177224,4,"ND"
591871,6.364204301075269,"NM",19401,11234,"19401_20231231",0,2.830504266017395,93,10.306983283861896,1.2665277998110123,4,"TX"
5277406,13.707548051948052,"NM",19416,62424,"19416_20231231",0.5013517053783939,1.798957117685109,385,13.394209125554662,0.7185063304657019,4,"CA"
166644,9.258000000000001,"N",1941,2048,"1941_20231231",0.21955106469551067,1.9788468944610862,18,11.314888728340815,0.9275070863275053,2,"MO"
310585,5.176416666666666,"NM",19420,5270,"19420_20231231",0.3095988732345233,3.069898399929831,60,12.807322158177723,1.369622708540123,4,"GA"
816593,7.703707547169811,"NM",19434,11877,"19434_20231231",0,2.5693359506687496,106,9.871328469330859,0.4323563916987573,4,"CA"
224191,3.2027285714285716,"NM",19440,4053,"19440_20231231",0.2167487684729064,3.698522950903004,70,10.373770310854379,1.166425817133479,4,"AL"
768160,7.386153846153846,"NM",19448,8003,"19448_20231231",0.642703850605063,1.7673277557904932,104,11.012981911637205,1.327990558845843,4,"MS"
3492867,6.444404059040591,"NM",19459,36817,"19459_20231231",0.192445551785283,2.0022934798341905,542,9.12285470385568,1.0675858669449647,4,"IL"
98558,6.570533333333334,"NM",1945,1397,"1945_20231231",0,2.1762685152123327,15,11.435940667589971,0.8608624631132236,2,"MO"
203635,3.5109482758620687,"NM",1946,4337,"1946_20231231",0.11391325536062379,3.6474096471250945,58,10.093828311673175,1.2388707306143347,2,"MO"
1080815,5.971353591160221,"N",19482,14172,"19482_20231231",0.15416168640660655,2.3463651254005504,181,7.847967606744717,0.9505226353658296,4,"OH"
1285683,8.628744966442953,"N",19502,16494,"19502_20231231",0.11356024212071862,2.1477463689738965,149,10.58235554894119,1.5755580483952674,4,"TN"
1569936,4.845481481481481,"NM",19506,31559,"19506_20231231",1.5371455273007335,3.4532037368660102,324,8.61732558528385,0.9689707190675692,4,"IL"
1043886,8.351087999999999,"NM",19512,11437,"19512_20231231",0.5292891729823036,2.1941378498918556,125,12.00950495049505,0.8779686302063139,4,"MO"
647555,7.529709302325582,"SI",19525,10521,"19525_20231231",1.528600672549673,2.6766620695153818,86,16.759398274897702,0.7284887015436368,4,"AK"
2483046,7.218156976744186,"SI",19531,38335,"19531_20231231",0.3507675262299278,2.689532468138163,344,10.853298559658587,0.48313097649763165,4,"ME"
876702,6.130783216783216,"SI",19532,12016,"19532_20231231",0.194712031153925,2.5929534408928836,143,13.290160605330021,0.7683237355749105,8,"ME"
264895,8.027121212121212,"NM",19540,3125,"19540_20231231",0,1.9740243841543266,33,9.17299610594903,0.8561354224218887,4,"IA"
261316,5.807022222222223,"NM",19544,3749,"19544_20231231",0.8296722756832927,2.489204070629978,45,8.811457347288384,1.0056430069980586,4,"MT"
2218905,7.758409090909091,"NM",19559,32530,"19559_20231231",0.7153069714218793,2.3957071575572195,286,10.84525396591928,1.858206260748923,4,"TX"
221393,6.708878787878788,"NM",1956,3092,"1956_20231231",1.0950696369952513,2.3114769404004862,33,10.733923021754721,1.146307719729413,2,"MO"
2642335,14.282891891891891,"NM",19573,31947,"19573_20231231",0.06894905463842682,1.88248099001284,185,10.700571453888385,1.6844884162858946,4,"IL"
14010713,7.516476931330472,"NM",19581,230453,"19581_20231231",0.3996524747075592,2.7029977422672777,1864,9.38927068479151,0.5044643496170735,4,"ND"
102327,6.3954375,"NM",19589,1654,"19589_20231231",0,3.04452385492075,16,8.763125919925715,0.1178856038100627,4,"MN"
291674,6.0765416666666665,"NM",19590,4359,"19590_20231231",0.6984698290861728,2.9731625022273573,48,10.031421253803673,1.484066493076512,4,"GA"
106110,11.79,"NM",19595,1017,"19595_20231231",0.13367298040303663,1.7441725482912334,9,9.734580721376446,1.3620604259534423,7,"TX"
2603349,5.104605882352941,"N",19600,46682,"19600_20231231",1.0751398542758508,3.43015173272355,510,15.861790619301436,1.002115019819767,4,"MO"
912951,7.9387043478260875,"N",19603,9540,"19603_20231231",0.17185198410927108,2.0434329232287696,115,10.69273870074019,0.5620487492431628,4,"TX"
1519175,9.207121212121212,"NM",19608,18423,"19608_20231231",0.06323283558325467,2.237776060765597,165,9.787679571139225,0.2517298805308839,4,"WI"
8979372,6.568670080468178,"NM",19629,91868,"19629_20231231",0.6936913953105455,2.097038833042209,1367,16.398690760719234,2.88813544370406,4,"TX"
396054,5.2807200000000005,"NM",19638,6368,"19638_20231231",1.6288280618675322,2.6627995017593262,75,8.493639801207282,1.8415324359254728,4,"LA"
545654,8.945147540983607,"SM",19644,6175,"19644_20231231",0.07699456760550782,2.0339673094848156,61,10.805540371265879,1.5775207359004926,4,"AR"
241569,6.901971428571429,"SM",1964,3399,"1964_20231231",0.13791525137915253,2.326203231397849,35,10.614893098330718,1.8986363135445168,4,"MO"
257797,7.161027777777779,"NM",19674,2890,"19674_20231231",0.43490948271024366,2.1310340385792035,36,10.795948241445984,1.552990049270602,4,"WV"
297576,4.376117647058824,"NM",19679,5446,"19679_20231231",0,3.253374086453494,68,8.381155252123428,1.3470897437013594,4,"OK"
55391,4.615916666666666,"NM",19680,1237,"19680_20231231",0,3.6932477376440556,12,15.678250132298466,2.0496558125145024,4,"GA"
311188,4.576294117647059,"NM",19681,4447,"19681_20231231",0.5313265236064598,3.1565326804278446,68,9.976083825530846,1.0155915787886822,4,"WV"
138674,7.704111111111112,"NM",19687,1531,"19687_20231231",0.008300994044036773,1.8843437949833948,18,15.730056268030049,1.885760594829247,7,"KS"
174666,3.797086956521739,"NM",19689,2271,"19689_20231231",0.5551863001915784,2.930943766210588,46,10.12556950772308,1.051153023310796,4,"IL"
2968976,16.04851891891892,"NM",19690,38629,"19690_20231231",1.1785260993819364,2.138831091511577,185,11.275904083026722,1.8702307898843133,4,"ME"
292011,3.244566666666667,"NM",19700,6089,"19700_20231231",0,3.4268984545227634,90,12.242404636372397,1.6554348046060752,4,"TX"
688693,7.738123595505618,"NM",19716,7919,"19716_20231231",0.06598920910271291,1.9099009393555566,89,13.228849651512121,1.0739257447852222,4,"IA"
142009,4.733633333333334,"NM",19720,2766,"19720_20231231",0.17183288409703504,3.051646033263547,30,13.502135997618206,1.9490464530581675,4,"GA"
147431,5.670423076923077,"SM",1972,1654,"1972_20231231",0.12418319978711452,2.0031783205085314,26,9.438125122573053,0.8343091334894615,2,"MT"
325466,6.924808510638298,"SM",19742,4013,"19742_20231231",0,2.147966354120781,47,13.226653928827323,1.2016385435301802,4,"NE"
168207,3.1737169811320753,"NM",19744,3754,"19744_20231231",3.48892452045846,4.306811888499169,53,10.339699747424582,0.10460894714171437,8,"LA"
180274,9.488105263157895,"NM",19749,1688,"19749_20231231",0,1.834517356280284,19,12.436961378870093,1.7287443909547884,4,"KS"
170969,3.7167173913043476,"NM",19755,2924,"19755_20231231",0.5322498425739902,3.427788753554179,46,11.454921309980039,0.9268654736336353,4,"LA"
1966039,7.959672064777328,"NM",19772,32279,"19772_20231231",1.1037455393676896,2.7190185578710406,247,8.119644867290392,0.5634415600456923,4,"WI"
61782,3.8613750000000002,"NM",19774,991,"19774_20231231",2.8209556706966032,2.972444154573618,16,9.447726605085355,0.19077123756725908,2,"MO"
1053797,7.636210144927537,"SM",19788,14778,"19788_20231231",0.017002155630446002,2.3884974390848974,138,9.72929312941181,1.2580103582184978,2,"TX"
1386430,13.592450980392158,"SM",1978,10828,"1978_20231231",0,1.465223550114422,102,12.64557332757034,1.945901680617706,4,"MT"
641226,6.477030303030303,"NM",19795,8917,"19795_20231231",1.5065447105098428,2.2807656537419585,99,8.71464617338918,0.15917101960904687,4,"WI"
71026,5.073285714285714,"NM",19796,1100,"19796_20231231",1.0654751675545626,2.5835601378256263,14,14.236991938666216,1.0417364956359687,4,"IL"
419068,6.984466666666666,"NM",197,5478,"197_20231231",0,2.260761549854283,60,11.64811391539188,1.7151593330466772,2,"IN"
200353,5.565361111111112,"NM",19800,2945,"19800_20231231",0.04333150884875023,2.6241277172548823,36,12.41566795172645,1.3735629298659573,4,"LA"
97090,6.068125,"NM",19809,1356,"19809_20231231",2.4818735964068015,2.403896204683244,16,12.759412127758063,1.7357266296807359,2,"NE"
191267,6.1699032258064515,"NM",1980,2711,"1980_20231231",0.455796353629171,2.5837246130007867,31,9.627335530679511,1.1471971729822013,4,"MT"
62433,3.2859473684210525,"N",19819,848,"19819_20231231",0.34965034965034963,2.7952946686136704,19,12.596918407073806,0.6748384453023114,7,"GA"
682336,9.6103661971831,"N",19827,6987,"19827_20231231",0.4731834351755715,1.5734281118209785,71,13.56595203127086,2.228999503531343,4,"OR"
172183,9.565722222222222,"SM",1982,1503,"1982_20231231",3.828790890408652,1.6253143008091104,18,16.239727548678463,1.0395162947236598,2,"MT"
659684,4.645661971830986,"SM",19836,10838,"19836_20231231",0.7079600735372054,3.042096111558441,142,20.506944761838717,0.7876827049328912,4,"ME"
171553,5.7184333333333335,"NM",1983,2715,"1983_20231231",0.7575697667982001,2.803281178430521,30,9.397853748090174,0.8664578557051674,2,"NE"
1250982,5.98555980861244,"NM",19850,20532,"19850_20231231",0.1459247485656582,3.048010769737515,209,11.815057257952809,0.8973952413103843,4,"NE"
72762,18.1905,"NM",1986,817,"1986_20231231",0,1.5426358600843693,4,29.310762824260923,0.6112874810053949,2,"NE"
2482103,12.927619791666666,"NM",19899,18425,"19899_20231231",1.098700086416331,1.2370138633016257,192,12.57704184827156,1.3616820810323833,4,"KS"
414563,7.677092592592593,"NM",19904,3900,"19904_20231231",0.22448893690457816,1.7000355973195067,54,8.331352422114174,2.046971391102076,7,"NM"
317345,7.555833333333334,"NM",1992,3686,"1992_20231231",0.4326949919044163,2.2869346247787687,42,11.18299712277753,1.1298045595759083,2,"NE"
65990,5.999090909090909,"NM",1993,1105,"1993_20231231",0.1960217230630804,2.434409499262526,11,13.672821152479441,0.3828906005572027,2,"NE"
11130342,13.017943859649124,"NM",19953,108874,"19953_20231231",0.3111381414759978,1.6641784730645677,855,10.085150855506097,0.8362494546328125,4,"NJ"
12219446,18.627204268292683,"NM",19977,147358,"19977_20231231",0.366712847312273,2.348198012007072,656,10.602531657625788,0.5139887043650424,4,"NY"
287327,8.97896875,"N",19978,2553,"19978_20231231",0.7379852402951941,1.930725318430391,32,7.947224583564588,0.5450031143035103,7,"NJ"
582363,3.6397687500000004,"NM",20015,32866,"20015_20231231",0,11.77592211651733,160,18.230218997898163,6.007255559918609,8,"NJ"
183984,3.2854285714285716,"N",20026,5732,"20026_20231231",0,5.189210803736959,56,8.512175847942272,-1.5817789775977624,4,"FL"
487472,9.558274509803923,"NM",20040,7935,"20040_20231231",0,2.7935758344219543,51,9.040195072434985,1.5708349271098183,4,"IL"
614029,5.433884955752212,"NM",20093,8847,"20093_20231231",1.6483738468789981,2.576116764686447,113,9.876150334140814,0.6692396858961651,2,"OK"
2722429,97.22960714285715,"NM",20099,5041,"20099_20231231",0,3.851858117988231,28,15.06719730053375,6.464364563201093,4,"TX"
393439,4.68379761904762,"NM",20100,8212,"20100_20231231",0.1070967536296556,3.7942469425416627,84,8.745750830504848,0.7010600089698265,4,"TN"
1065912,10.450117647058823,"NM",20130,9893,"20130_20231231",0.3862484549297862,1.5653098725258705,102,12.870852999780292,2.0260400505543954,2,"NE"
970616,8.295863247863247,"NM",20156,13043,"20156_20231231",0.033080830897204594,2.204303931345727,117,10.110068979993128,0.7590154209718456,4,"OK"
999314,7.628351145038168,"NM",20161,13675,"20161_20231231",0.00028618321735758453,2.264872997209422,131,10.223472542176419,1.7642064022132267,4,"NM"
93589,5.8493125,"NM",20162,1551,"20162_20231231",0.3056712683225045,2.9891667781195665,16,8.633314333318717,0.47813294101912535,4,"MT"
2974047,10.220092783505155,"NM",20164,46847,"20164_20231231",0.7139874157803886,2.7931165570089225,291,9.353407689015333,1.2277796092139917,4,"UT"
607167,6.599641304347826,"NM",20179,10796,"20179_20231231",0.22358874418972122,6.716954381620856,92,9.481665886329637,0.3307307527182324,4,"MI"
599253,4.993775,"NM",20198,10378,"20198_20231231",0.07929975909694395,2.913657214901102,120,11.503518524523852,1.9778708828774634,2,"GA"
213912,5.093142857142857,"NM",20215,2850,"20215_20231231",0.06480371137517109,2.8396441938463033,42,10.413445219686968,0.5074612356000583,4,"WV"
2625755,9.445161870503597,"NM",20231,26965,"20231_20231231",0.0729224858595445,2.0685373085220884,278,9.556907171820349,0.7055746729422951,4,"TX"
26139361,28.443265505984765,"N",20234,170961,"20234_20231231",0.46112835332482716,1.3866026301057943,919,9.895758510135076,0.6298835801515564,4,"FL"
135377,4.367,"SM",20239,1511,"20239_20231231",0.36216871537528966,2.5488087711294414,31,8.646061269146609,0.8493584336598253,8,"KY"
2464435,6.554348404255319,"N",20241,44059,"20241_20231231",0.08927183859090712,3.0513512756233077,376,9.403635796484153,1.3281184329586977,4,"TX"
564564,7.146379746835443,"NM",20268,12166,"20268_20231231",0.31091307991914413,3.2117436039422795,79,14.322683388076044,2.0406162778099746,4,"MN"
345353,3.2890761904761905,"SM",20279,7551,"20279_20231231",0.7370106312501972,3.7951185974561708,105,9.540424321469965,0.5524085671155484,2,"OK"
6274391,7.113821995464853,"SM",20296,126647,"20296_20231231",0.3114934135223962,3.1285662219886055,882,12.714196790319503,0.866852094989494,4,"WI"
622378,7.779725000000001,"NM",20311,9439,"20311_20231231",0.33384853168469864,2.541710114702815,80,8.968225228321712,1.3146500372777745,4,"MT"
492042,4.169847457627119,"NM",20353,10162,"20353_20231231",0.8949460455752561,3.6303718360349375,118,13.70246387679843,1.074486594386882,4,"LA"
5069451,6.006458530805687,"NM",20369,74637,"20369_20231231",0.2306313816601526,2.579502815416275,844,10.957894682394771,1.5051537827581045,4,"IL"
916547,7.27418253968254,"NM",2036,15193,"2036_20231231",0.13535755246734288,2.738472374790742,126,12.22677669503899,2.5733942269633654,4,"NC"
885240,8.764752475247525,"SM",20387,11935,"20387_20231231",0.029828961315022794,2.4913065296484893,101,14.800268684542415,1.2259455849448673,4,"CA"
189541,3.576245283018868,"NM",20429,3206,"20429_20231231",0.3423753489748738,2.886750161997939,53,11.73179088994373,1.289078683195768,4,"AL"
30645,6.129,"NM",20454,340,"20454_20231231",0,1.9363878743845402,5,9.480082350249992,0.9698157025812018,7,"IL"
314434,5.716981818181819,"NM",20468,5094,"20468_20231231",0.05936848499910257,2.6842145424501243,55,12.05060601160876,1.1850539145261363,2,"AL"
87204,8.720400000000001,"NM",20479,907,"20479_20231231",6.816175880606595,1.9888981020821817,10,11.12995379117252,1.6134604754007738,2,"MT"
1162310,5.331697247706422,"SM",20484,18579,"20484_20231231",0.23749561490517546,3.073816611617379,218,9.26846322389297,1.3770592090269727,4,"VA"
2067220,12.160117647058826,"SM",20488,17774,"20488_20231231",0.009742622334573722,1.578673274879918,170,9.503091300384702,1.1679656036084534,4,"NE"
25112290,9.08220253164557,"NM",20504,306894,"20504_20231231",0.8180039205601188,2.2191904511930005,2765,10.689467034937554,1.1718046236313757,4,"GA"
292045,7.488333333333334,"NM",20537,4149,"20537_20231231",0,2.2584963628783825,39,13.614876653345535,1.428156700985538,4,"OK"
519650,5.302551020408163,"NM",20568,6733,"20568_20231231",0.3923029047759945,2.6672024023858603,98,10.859881023247379,1.206417973501334,7,"NC"
160225,8.01125,"NM",2057,2279,"2057_20231231",0,2.1616510463149536,20,9.995599545505298,0.17128872326062938,2,"ND"
8870356,8.399958333333332,"NM",20624,125179,"20624_20231231",0.956490977515069,2.556893579928,1056,11.296844161833015,1.485379777292615,4,"IL"
82884,6.907,"NM",20657,1131,"20657_20231231",0,1.9753478456800355,12,9.818078856091173,2.601108156131867,4,"MT"
423479,7.699618181818182,"NM",20666,5221,"20666_20231231",2.063877142940209,2.697711276720182,55,9.220247965777823,1.333478222760318,4,"IL"
300656,6.681244444444444,"NM",2068,4271,"2068_20231231",3.1659989001492654,2.744206160494849,45,18.65914091254909,0.9890702739424941,4,"OH"
368076,3.5054857142857143,"NM",20698,6996,"20698_20231231",0.4023224259253416,3.084721224463792,105,10.73580950737257,1.2214760087612344,4,"LA"
977579,4.5681261682243,"SM",20720,14027,"20720_20231231",0.06526665754506152,2.7566409350896612,214,8.219466866922687,1.2413569214108764,4,"TN"
1070015,13.896298701298702,"N",20727,14236,"20727_20231231",0.12123523904281511,1.9848477683292776,77,11.075310140988366,0.7168774666173702,4,"TX"
1852699,7.071370229007634,"SI",20741,27805,"20741_20231231",0.9365451009960714,3.0187892697145813,262,11.297663921162455,0.8877975832182831,4,"NY"
937480,5.896100628930817,"NM",20776,15964,"20776_20231231",0.32527330222503764,2.9883636429161453,159,8.731406587380471,0.5010272156665058,4,"ND"
1329473,4.446397993311036,"NM",20818,18644,"20818_20231231",0.6140677123674534,2.4760888642859245,299,9.298702738247615,1.2958634759905252,4,"TN"
1215508,5.525036363636364,"NM",20845,23791,"20845_20231231",0.289670890596199,3.129214933311926,220,10.466847420828735,3.9653677376850416,4,"TX"
1048899,5.795022099447515,"NM",20856,16504,"20856_20231231",0.9762879190227749,3.181614921682819,181,11.113249601706126,1.1958428577524058,4,"LA"
277636,3.605662337662338,"NM",20872,6287,"20872_20231231",1.1582363473589974,4.057768216890623,77,7.6417348803512155,0.7575442012568315,4,"KY"
2550903,4.732658627087199,"NM",20884,42405,"20884_20231231",0.7977935324682025,4.702858359248434,539,9.285557519261646,1.1844510019155046,4,"GU"
702803,11.155603174603174,"N",2093,12577,"2093_20231231",0,2.614984048954214,63,10.895335877604783,0.733456627015593,4,"DC"
1809802,8.496723004694836,"N",20954,17229,"20954_20231231",0.0003481369884235748,1.8094396734854423,213,10.111137232385659,1.5727272496649847,4,"TN"
1196296,8.365706293706294,"NM",20989,12356,"20989_20231231",0.3975679560459448,1.7985350654046477,143,12.482160392798692,1.4702638379856272,2,"MT"
585635,6.365597826086956,"SM",20993,9574,"20993_20231231",0.7944965550713781,2.57344664092716,92,10.24147171288351,1.184823771745011,4,"TN"
1807197,7.346329268292683,"N",2102,18488,"2102_20231231",0.06969002967975381,1.6868474046025488,246,9.098912931950402,0.9653561636983459,9,"SC"
3052083,10.488257731958763,"NM",21031,39968,"21031_20231231",0.06554769809437909,2.0769564765645074,291,8.740823040841923,1.0222211873367324,4,"FL"
122821,3.2321315789473686,"NM",21050,1957,"21050_20231231",0.5970496765287965,2.8080684012862287,38,16.432193406293216,1.0018819244694637,8,"AL"
820747,4.716936781609196,"NM",21074,13576,"21074_20231231",0.6132533451643808,2.8412287885202128,174,10.2649896172668,1.097202201370766,4,"TX"
273746,5.06937037037037,"N",2107,3457,"2107_20231231",0.4450410284682439,2.673785260543123,54,11.573359782528838,1.3264706178312726,4,"SC"
444073,4.037027272727273,"NM",21083,8655,"21083_20231231",0.2919576209968697,3.6676173835812333,110,13.548004460738403,1.7115547790045755,4,"MS"
80614,5.7581428571428575,"NM",21085,1395,"21085_20231231",2.3476573015400746,2.796672702409344,14,11.229415800823368,2.2098877049655106,2,"WI"
293940,8.398285714285715,"NM",210,3100,"210_20231231",0.044932786110673625,2.360992937818065,35,9.406334109640621,0.414113272202674,4,"IN"
707268,5.9937966101694915,"NM",21121,8921,"21121_20231231",0.026104174757899695,2.0243723739708788,118,10.349283499060467,2.299986211798195,2,"KS"
351625,5.5813492063492065,"NM",21161,6379,"21161_20231231",0,3.0648127999131924,63,10.694072602700292,1.0438173284291612,4,"KY"
86029,3.44116,"NM",21219,1877,"21219_20231231",0.6702141991108715,4.026178574313227,25,10.03565102865707,0.7796584310804383,8,"KY"
475838,6.10048717948718,"NM",21227,5835,"21227_20231231",0.052960576467850524,2.2464895615181346,78,14.810351176726591,1.2197127849492468,4,"TN"
564980,5.2801869158878505,"NM",21247,7551,"21247_20231231",0.06968919760314858,2.544882834461431,107,8.718692859567883,1.0556590503795114,4,"KY"
51346,3.6675714285714287,"SM",21255,993,"21255_20231231",3.24572094748556,3.3928484590033925,14,11.192745693238724,1.5505354865015504,8,"OK"
4288111,17.867129166666665,"NM",21265,46914,"21265_20231231",0.13104511129625715,2.0619389490484403,240,12.74532388189307,0.6357790076815423,9,"FL"
147131,10.509357142857143,"NM",21284,1267,"21284_20231231",0,1.7386690188889882,14,8.799617407938785,0.37902019833093287,8,"FL"
1118142,5.56289552238806,"NM",21292,13206,"21292_20231231",0.5959761994021013,2.1453391583660935,201,8.972096763794678,1.3037274067815978,4,"GA"
447317,6.127630136986301,"NM",21329,9280,"21329_20231231",0.04935195223378263,3.2611655742672765,73,10.730966916930349,1.0035050416870086,4,"TX"
118067,2.623711111111111,"NM",21342,5476,"21342_20231231",0.1532228209452511,11.46088145421001,45,15.52601977384406,-8.497168068218944,4,"KY"
94630,4.980526315789473,"SM",21379,1491,"21379_20231231",0.13519400339487164,3.604930094341311,19,16.102776340748402,5.725148135550741,4,"AR"
2070889,6.072988269794722,"N",2138,33788,"2138_20231231",0.44646822116402834,2.7673276999702234,341,9.108924136058333,0.8760352103866961,4,"GA"
61857,6.1857,"NM",21448,1058,"21448_20231231",0.0655267738302447,3.61478113999779,10,18.3181107545462,0.566684030244195,4,"UT"
117371,4.514269230769231,"NM",21455,676,"21455_20231231",0,1.306476616699051,26,13.359124817207485,0.31390511998540954,4,"TX"
149871,6.244625,"NM",2145,2025,"2145_20231231",0.5093198798428715,2.5529046325385623,24,12.292170342657247,2.5611255292992756,4,"GA"
214634,8.943083333333334,"NM",21486,1587,"21486_20231231",0,1.4342229836346423,24,15.911501887513738,1.3022594412635438,4,"IL"
563315,11.735729166666667,"SM",214,4347,"214_20231231",0.3449666532235217,1.3747042691482292,48,12.130211574921843,1.3867936071580604,2,"IA"
228156,5.305953488372094,"NM",21525,3068,"21525_20231231",0.13003998355816299,2.371611775773912,43,10.17437510954553,0.6673927280102137,5,"MN"
145412,4.847066666666667,"NM",21526,2031,"21526_20231231",0.06186708345543942,2.4136901230981964,30,26.921670495863776,1.8641324284040872,8,"GA"
102410,6.024117647058823,"NM",21529,1880,"21529_20231231",0,4.279970509567246,17,13.957658491439147,3.4494804883067007,4,"LA"
217422,5.721631578947369,"NM",2154,3980,"2154_20231231",0.8712861108255372,3.5275399334268425,38,10.144035002251982,1.1941647301833205,8,"GA"
312938,5.795148148148148,"NM",21557,5012,"21557_20231231",1.8278857834516695,2.95101175665179,54,9.862739125735677,1.1078636597021998,4,"MT"
451309,8.679019230769232,"N",21567,6155,"21567_20231231",0.22427519478599492,2.5635198912241233,52,11.27005911066172,0.9509907581821359,4,"TX"
1850884,6.471622377622378,"NM",21573,26981,"21573_20231231",0.2738600303303788,2.436066211453087,286,9.446421497709345,1.3499231050113965,4,"TN"
88865,5.22735294117647,"NM",2157,1188,"2157_20231231",0.5574136008918618,2.633776212289891,17,9.619793089522632,0.3604475024181921,2,"GA"
2736935,13.549183168316832,"SB",21591,23396,"21591_20231231",0.3880131053055903,1.435953849707436,202,9.260214397892648,1.044255753551183,4,"NY"
903701,9.822836956521739,"NM",21606,9455,"21606_20231231",0,1.7428640930136554,92,11.18086328137865,2.320191863718327,4,"CA"
207054,5.915828571428571,"N",2160,2529,"2160_20231231",0.2602714259155977,2.7084791619149486,35,16.777725820279013,2.1284418822308036,8,"GA"
81766,9.085111111111111,"NM",21635,882,"21635_20231231",0,2.0036356472526684,9,10.545607499098667,0.5048266351457841,4,"IL"
116261,8.304357142857143,"NM",21692,1049,"21692_20231231",0,1.5485179331976766,14,10.364932922518308,0.9597540275238517,7,"FL"
351608,21.9755,"NM",21693,2987,"21693_20231231",0.4379165818496887,1.895713212554024,16,10.431327164725952,2.053943376162184,4,"TX"
1055425,10.246844660194174,"NM",21714,10695,"21714_20231231",0.181083357273167,1.7380825070143837,103,10.402583926345452,1.5372296847712579,4,"MN"
16027043,15.234831749049428,"NM",21716,131544,"21716_20231231",0.23921634244478607,1.3707752650512377,1052,10.167669440796931,1.3981301460214635,4,"CA"
138927,8.6829375,"NM",21721,1662,"21721_20231231",0,2.0565901283673838,16,10.091797278550134,0.7512751817579154,4,"IL"
145461,13.223727272727274,"NM",21728,1337,"21728_20231231",0.004215733115988871,1.6398260837618361,11,14.435847013223894,0.8471139484836024,2,"ND"
79550,5.303333333333333,"NM",21752,1184,"21752_20231231",0.4701720084724065,2.7729423590850026,15,13.33290537938118,1.6721014048593916,2,"OK"
65411,,"SM",21761,0,"21761_20231231",0,0,0,99.66512028019294,3.9659022856572514,7,"MI"
484628,5.983061728395062,"NM",21784,8128,"21784_20231231",0.234629260539395,3.007113769322341,81,9.889190000465055,0.812020474532085,4,"GA"
326206,5.261387096774194,"SM",21805,4628,"21805_20231231",0.965783785925264,2.5020997988816482,62,9.818268424892523,1.340789010667235,2,"AR"
50048,4.549818181818182,"NM",21807,917,"21807_20231231",0.8597883597883598,3.4633066314057723,11,11.990598733219137,1.74318485831578,8,"TX"
7601952,74.5289411764706,"SM",21843,26332,"21843_20231231",0,7.049843434661336,102,17.02031093990893,1.475340429754731,9,"NY"
783154,9.001770114942529,"NM",21848,11302,"21848_20231231",0.3047881900965134,2.331226144422454,87,9.903572148926596,1.8390153098992452,4,"OK"
2712768,4.160687116564417,"N",21868,262868,"21868_20231231",0,20.840147735802685,652,9.257109971976957,3.826383860660693,9,"NY"
208708,5.492315789473684,"NM",21874,2830,"21874_20231231",0.03343090204002793,2.5873709254174777,38,10.895905191474307,0.6310421798783774,4,"TN"
547452,4.524396694214876,"SM",21883,8260,"21883_20231231",0.03564910313559761,2.706750164823023,121,11.680134326791897,0.9078506895172558,4,"VA"
184584,5.954322580645162,"NM",21897,2251,"21897_20231231",0.0027080089364294904,2.5781416117371894,31,7.729686242960579,0.5475228577503721,4,"MO"
1078878,4.439827160493827,"SM",21906,19094,"21906_20231231",0.3235545846159666,3.2378840529873423,243,10.619610333219724,1.4440176439430095,4,"MS"
337967,6.499365384615384,"NM",21928,5128,"21928_20231231",0,2.439187773210233,52,9.390934372702047,1.042907949392231,4,"ND"
9907411,8.208294117647059,"NM",21943,135795,"21943_20231231",0.4693206462231829,2.3492631837062983,1207,11.121431840283737,1.244533999027376,4,"CA"
209961,6.9987,"SM",21955,3260,"21955_20231231",0,2.6498673315430765,30,10.642471101148356,0.9755033597336226,4,"KS"
2132719,7.616853571428572,"NM",21956,38785,"21956_20231231",0.25257530952458324,3.079845399733584,280,9.857862849707692,0.5721054790151971,4,"CA"
530334,12.9349756097561,"NM",21978,4369,"21978_20231231",0,1.6307083754169867,41,12.794566475578813,1.7633316234360015,4,"OK"
319235,5.911759259259259,"NM",21988,3970,"21988_20231231",1.9863393560816136,2.379707918920738,54,10.70089642129676,0.8075974541811094,2,"IL"
97823,4.6582380952380955,"NM",21998,1417,"21998_20231231",1.0326060147656084,3.569988248201455,21,13.728519627936308,4.996682610373672,2,"MS"
561599,5.789680412371134,"NM",22015,7757,"22015_20231231",0.043029898360412495,2.4608009884887214,97,10.115814993390549,1.0865560323491867,4,"TN"
497904,4.929742574257426,"SM",22020,10780,"22020_20231231",2.002237855774054,3.703903968854764,101,9.221069250147504,1.4218370577189654,4,"TN"
203677,6.789233333333333,"N",22046,2308,"22046_20231231",0.2057157325062506,2.5596694224568726,30,12.336891475055706,2.114488276244919,4,"LA"
240603,3.880693548387097,"NM",2205,5116,"2205_20231231",1.029515048734947,3.45199712001011,62,9.06691481958816,1.6599017943401215,2,"MT"
591730,10.566607142857142,"SM",22065,8671,"22065_20231231",0.035476643487185114,2.3611019073810238,56,10.406573790939426,1.199188507118165,4,"OK"
151889,6.904045454545455,"NM",22070,2432,"22070_20231231",0.6873058331034317,2.695819285681037,22,15.818294712923084,0.7195057886302125,5,"TN"
436626,4.8514,"NM",22081,6231,"22081_20231231",0.2748912073115758,3.09315073642844,90,11.447980878097875,1.4523642408485695,4,"MS"
249721,14.689470588235295,"NM",22086,2260,"22086_20231231",0.376947867693381,1.91221727568795,17,10.291255179661098,1.432547908391226,4,"NM"
769317,5.656742647058824,"SM",2208,14228,"2208_20231231",0.8437252412116476,3.2437399912651044,136,8.085490125349445,0.6813432899728533,4,"WY"
357849,5.2624852941176465,"NM",22090,4668,"22090_20231231",0.2656003735917343,2.2303880662296627,68,9.63780239656342,2.1944187063691665,4,"TN"
621343,5.753175925925926,"N",22092,10537,"22092_20231231",0.23174515029547507,2.9117607862219015,108,12.626733142913693,1.9501272937584562,4,"GA"
2825560,9.056282051282052,"NM",22134,32992,"22134_20231231",0.23590569852102936,1.7489369227385505,312,11.095610923291433,1.9407955012778058,4,"UT"
287393,6.386511111111112,"NM",22138,4441,"22138_20231231",0.11632281026650076,2.4992410849806252,45,11.302816776917068,1.6867555936501133,8,"GA"
805570,6.7130833333333335,"NM",22139,12456,"22139_20231231",0,2.8280545920354885,120,9.026847957153866,0.1993176773642033,4,"LA"
1166520,8.837272727272728,"SM",22180,17634,"22180_20231231",0.7793291769110565,2.7106396732896556,132,11.94395266121186,0.2718807765288376,4,"MN"
428348,8.237461538461538,"NM",22205,6273,"22205_20231231",0.049556233726236805,2.6539472942816067,52,8.521495913465568,0.6795118267107854,4,"GA"
66944,3.523368421052632,"N",22229,1475,"22229_20231231",1.498221385227035,4.316343029753077,19,15.226643346450954,3.3343178959997317,7,"AL"
182483,5.367147058823529,"NM",22242,4091,"22242_20231231",3.091689978265617,3.7962175278641825,34,9.750110019458862,1.1569940234602454,4,"MN"
733942,5.689472868217054,"N",2224,9558,"2224_20231231",0.510540961184738,1.8864428985686248,129,9.359299512309056,0.5585862032801269,2,"MT"
3043452,6.718437086092716,"NM",22257,48776,"22257_20231231",0.53410329868559,2.749655215336307,453,9.277424232711006,0.8119634232924984,4,"GA"
74679,5.334214285714286,"SM",22263,1319,"22263_20231231",0,2.841473372911655,14,10.627020947560805,1.1200370770894483,2,"MN"
370859,4.1206555555555555,"N",22271,4920,"22271_20231231",0.21286902414562425,2.26795488706581,90,16.142773285668202,2.5309023172941614,7,"AL"
139163,3.9760857142857144,"NM",22273,1991,"22273_20231231",0.6617316193013879,3.342166873071272,35,12.932302633476592,1.0774897735900257,4,"WV"
508221,13.374236842105264,"NM",22282,5289,"22282_20231231",0,1.558504548907442,38,12.167407584787169,1.0657508223459358,4,"IL"
255929,4.570160714285715,"SM",2228,4788,"2228_20231231",0,3.277840701291964,56,8.961685105797141,0.2537527207930618,4,"WY"
392496,8.920363636363636,"SM",2229,4511,"2229_20231231",0.12975554056158198,1.97930218378365,44,11.17770550039174,1.1229973557719586,4,"WY"
953657,10.715247191011237,"SM",22308,9325,"22308_20231231",0.10363015971938672,2.1335008128437885,89,9.402048632834736,1.4958167238540958,4,"MI"
1687753,10.681981012658227,"SM",22319,16803,"22319_20231231",0.9451702852516893,1.8228738776180857,158,11.149923603130901,1.0669192529374432,4,"MO"
1308219,8.550450980392156,"NM",2232,13428,"2232_20231231",0.3748358104079981,1.916872922348923,153,9.443922917873788,0.8430189755227677,2,"WY"
2167058,9.850263636363636,"SM",22334,19986,"22334_20231231",0.4004378747444319,1.7641789952237412,220,10.489682291155326,0.8016545112583919,4,"WI"
223945,6.586617647058823,"NM",22340,3429,"22340_20231231",0.31883487502460145,2.502925899603633,34,13.45777594310212,2.1603923357341617,4,"OK"
1928073,7.444297297297298,"SM",22354,17451,"22354_20231231",0.29340439725020256,1.7899909658199222,259,10.328621987205516,1.8045463971545932,4,"TN"
51201,2.8445,"NM",22355,837,"22355_20231231",0.9889252846669786,3.094047659723092,18,16.407015579065256,0.9642798841345588,4,"KY"
116079,8.929153846153847,"NM",22358,1054,"22358_20231231",0.7189577815017028,1.697520978797002,13,12.930645132151824,1.1370187688168598,2,"AL"
637400,7.411627906976744,"NM",22366,9442,"22366_20231231",0.39594384566003316,2.4651225788974673,86,15.253286217925123,0.9710209425772205,4,"CA"
2137864,7.198195286195286,"N",22373,32464,"22373_20231231",0.2938204834851344,2.580423072512455,297,9.848434484599206,0.7436180407266644,4,"TX"
254308,7.265942857142857,"N",22381,3177,"22381_20231231",0.36674412713796406,2.2656496338469276,35,13.183201460742545,1.111036317708204,7,"TX"
661354,5.750904347826087,"NM",22394,7321,"22394_20231231",1.1225266782171115,2.1426206139326687,115,17.905931488888022,2.317531493750966,4,"MO"
1186640,12.23340206185567,"N",22396,13209,"22396_20231231",0.0373391661327642,1.7509949497093606,97,9.979237240006148,1.7916170336389148,4,"TX"
947937,19.34565306122449,"N",22398,12589,"22398_20231231",2.10560216613711,2.390062389393873,49,9.351278328671446,0.32736257959375253,4,"NY"
1807137,7.1997490039840635,"NM",2240,17845,"2240_20231231",1.178260091787748,2.221398231771509,251,10.569275137532413,2.424745070921008,4,"NM"
800407,10.0050875,"NM",2241,8233,"2241_20231231",0.039944257162202346,2.1632861973513076,80,9.0869614844444,2.0769005252788775,4,"NM"
44850,5.60625,"NM",22430,475,"22430_20231231",0.6391154328732748,2.82912626692669,8,14.539659738743996,4.593896778092125,4,"OK"
215339,6.1525428571428575,"N",22434,4512,"22434_20231231",0.06922178104873768,3.547905288920578,35,13.45263397601336,1.7439663239341292,4,"IL"
246550,7.0442857142857145,"NM",22447,2919,"22447_20231231",2.1309172233850386,2.374221273755963,35,9.687636476190074,1.2934464159342332,2,"CO"
77799,3.536318181818182,"NM",22448,1287,"22448_20231231",2.7218058609702465,3.4111814498424327,22,11.233744801637071,0.2306542243070647,4,"OK"
388678,4.7984938271604936,"NM",2244,5608,"2244_20231231",0.5663684161977678,3.4521229492915735,81,9.863577554128167,1.2665454884414615,8,"NM"
1103398,7.405355704697986,"NM",22451,18094,"22451_20231231",0.5184355109485486,3.1406366242784833,149,8.191606782664795,0.914231569456575,4,"TN"
198889,5.682542857142858,"NM",22460,3215,"22460_20231231",5.588013430164623,3.4599795535566953,35,9.181851955889416,-0.03808076833320477,4,"CA"
180752,2.1777349397590364,"NM",2247,4783,"2247_20231231",0.13103737925241496,4.301148065911445,83,9.374631458192617,2.0997980597231227,4,"NM"
286840,6.5190909090909095,"SM",2249,2974,"2249_20231231",0.6204629502807835,2.050452223508836,44,13.107417789603995,1.9246185755913827,2,"NM"
80675,5.0421875,"SM",22502,1505,"22502_20231231",0,3.094744121715076,16,11.12300555640516,0.6965026674570244,8,"MT"
131706,5.487749999999999,"SM",22514,2198,"22514_20231231",0.40566446107228993,2.9742352930589173,24,14.043886246389514,3.000482957016825,4,"UT"
225133,4.894195652173913,"NM",22526,3341,"22526_20231231",0.9170649423671634,2.559648053794528,46,14.315446328030179,1.216945622064054,4,"TX"
361750,9.04375,"NM",22536,4768,"22536_20231231",2.172878612636456,2.1614123920977146,40,10.0417684784979,0.6071257030762532,4,"IL"
1270507,4.489424028268552,"NM",22537,26452,"22537_20231231",0.11457142321605969,3.3326558641315653,283,9.850101143890148,2.0366186140251377,4,"AL"
33211,5.535166666666666,"SM",22549,256,"22549_20231231",0.8215609658350868,2.22690555651743,6,25.985581998612496,0.4298584452258846,7,"AL"
394815,8.057448979591836,"NM",22551,4455,"22551_20231231",0,1.8476030797061485,49,10.699348020965209,1.3397220514365025,4,"TX"
2982606,6.687457399103139,"NM",22559,42468,"22559_20231231",0.45749281157617083,2.613188797544606,446,9.303331563874874,0.9611648585716562,2,"ND"
109322,9.110166666666666,"NM",22567,1061,"22567_20231231",0.17183175694169886,1.6415873901627063,12,12.26600640955243,1.1322939798270122,8,"MO"
293422,6.112958333333334,"NM",22578,5825,"22578_20231231",0,2.808075019153556,48,11.73173228184185,2.6794940388521624,4,"UT"
3727280,7.685113402061856,"NM",22597,49236,"22597_20231231",0.3826569663755559,2.4127733140071097,485,11.287547883630012,1.0897449010793168,4,"CA"
115630,6.801764705882353,"SM",22598,1222,"22598_20231231",0.21738743073002978,2.1157990347112148,17,9.475802828544216,0.36599048959019753,8,"IL"
323712,15.414857142857143,"NM",22600,2533,"22600_20231231",2.907927254293137,1.5594699827344396,21,10.96481278535895,3.6265271919920203,8,"NM"
190578,4.432046511627907,"NM",22601,3427,"22601_20231231",0.17901873230233065,3.033276784549132,43,9.052071407369716,2.1286702335899776,2,"MO"
124986,4.629111111111111,"NM",22621,2058,"22621_20231231",2.58597970747134,3.196685716821509,27,19.77626529000136,1.360612140749264,8,"AL"
227328,6.314666666666667,"NM",22636,2327,"22636_20231231",0.009217817016090212,2.0269573213124312,36,9.336311889555866,0.827558366413241,2,"MO"
198411,6.0124545454545455,"SM",22639,2675,"22639_20231231",0.06727650644147445,2.4708125774256007,33,9.99952294628375,1.0100015812362755,4,"WY"
3932353,46.81372619047619,"SM",22653,13026,"22653_20231231",3.642702722967147,2.5217115180239653,84,9.82594266483762,1.6530230936775878,9,"UT"
82478,3.1722307692307696,"NM",22657,1752,"22657_20231231",0.7042403353120146,4.399207129237463,26,10.429756822869201,0.002356928544997301,4,"TX"
197884,4.947100000000001,"NM",22669,3030,"22669_20231231",0.8128637394464331,2.5816031019219814,40,11.734613287678911,1.274899384722471,4,"NV"
266529,12.691857142857142,"NM",226,2535,"226_20231231",0.012395125616851174,1.9609176641276749,21,12.617456050622073,0.4772334996810626,2,"IA"
87202697,9.009473809277818,"N",2270,1274545,"2270_20231231",0.38953993290084743,2.3823591397606987,9679,8.337756842902515,0.7732778796257556,4,"UT"
315576,6.311520000000001,"SM",22717,4192,"22717_20231231",0,2.42250128265272,50,8.065437324219776,1.0005983558782972,4,"OK"
717616,6.769962264150943,"NM",22738,15080,"22738_20231231",0.4160694525929612,3.153131794812743,106,9.90865298637743,1.0486449322974172,4,"UT"
326058,6.7928749999999996,"NM",22739,4714,"22739_20231231",1.664790160806525,2.7997484122699112,48,10.86387243602836,1.4405763140171102,4,"LA"
117814,10.710363636363637,"N",2273,1147,"2273_20231231",0,1.7564205050834865,11,11.044303797468356,0.11661216723310691,7,"NV"
264593,4.810781818181819,"NM",22756,4290,"22756_20231231",0.9096428210057674,3.1401932464370645,55,10.908966268428207,1.4606786613295244,4,"TN"
165435,7.192826086956522,"NM",22811,2460,"22811_20231231",0.09167315680166147,2.524272551097874,23,13.498881431767337,3.365898854466562,4,"IL"
64732,3.596222222222222,"NM",22835,982,"22835_20231231",0.18716970052847914,2.6932158035573743,18,11.209817303483716,1.0247127341413504,8,"TN"
142198,10.157,"NM",22838,1146,"22838_20231231",0.55576384447434,1.5394329441546444,14,8.32511009322945,0.9608784181059328,2,"IL"
66959,11.159833333333333,"NM",22839,350,"22839_20231231",1.0505084460879066,1.3493657103049392,6,22.952363864716965,1.7415891488751385,7,"OK"
312197,3.761409638554217,"SM",2284,6303,"2284_20231231",1.4383919142548482,3.5224870958233874,83,10.432790578467419,0.5746655685029091,4,"OH"
105972,6.2336470588235295,"NM",22855,1520,"22855_20231231",1.6483109442907942,3.3835501582235685,17,8.755734742110386,-0.31103778432910506,4,"OK"
29851399,11.21389894815928,"SM",22858,242675,"22858_20231231",0.2124551343907838,1.8660497133297915,2662,11.529375998787138,1.3092142971733738,4,"VA"
600140,5.1294017094017095,"SM",2285,9948,"2285_20231231",0.025414383679658155,2.682793565833836,117,7.7632979039350225,0.43646585337229266,4,"OH"
334445,7.777790697674418,"NM",22867,4605,"22867_20231231",0.23744256978495037,2.596265754160491,43,9.098924458454867,1.5576424245154896,7,"MO"
429325,7.950462962962963,"NM",2286,5517,"2286_20231231",0.15289442826185137,2.8017022187725824,54,8.73626735083218,0.2877177956802184,4,"OH"
796641,5.532229166666666,"NM",22874,13494,"22874_20231231",0.08274171951188701,2.950697937522634,144,8.960253015932965,0.8024016395932849,4,"IL"
1134843,5.5629558823529415,"NM",22876,17143,"22876_20231231",0.26307581484809556,2.9888359538594194,204,8.604410367252802,0.5858876114561072,9,"MO"
175979,3.3842115384615385,"SM",22888,3245,"22888_20231231",0.5243893855141832,3.2865649431565043,52,12.620998192178313,1.2794592235271236,4,"VA"
267152,11.615304347826086,"NM",22895,1847,"22895_20231231",0.4588252809571718,1.3518621385888492,23,14.651784613487855,1.8538578389382256,2,"MO"
89314,5.5821250000000004,"NM",2289,1277,"2289_20231231",2.589512852640772,3.748109482113341,16,6.625712076158111,-0.8297425383536415,5,"OH"
1362188,9.394400000000001,"NM",228,15129,"228_20231231",1.4416796486226442,1.8905517002749477,145,10.359352077315144,1.1696652955420483,2,"IA"
289419,11.131499999999999,"NM",2290,2358,"2290_20231231",2.2973993955781773,1.538382700310031,26,28.289466569091502,1.5387289489484084,7,"OH"
3322636,7.466597752808989,"SM",22918,40360,"22918_20231231",0.5158473142093057,2.1005501326737903,445,10.247080588422422,1.6096946217354766,2,"VA"
178340,8.917,"NM",22925,2635,"22925_20231231",0.13110043550487138,2.1369244861271173,20,14.750533962191634,0.7220683307570172,4,"OH"
728272,5.165049645390071,"NM",22939,14002,"22939_20231231",0.00021196050751823918,2.981957087126138,141,9.464255131018716,0.8254768097095796,2,"WA"
127769,4.405827586206897,"N",22942,2053,"22942_20231231",0.07615546218487396,2.981565219578054,29,11.594743696679691,0.8762375381733081,4,"TX"
9698964,14.221354838709678,"N",22953,133506,"22953_20231231",0.473536362174793,2.7651579296685935,682,9.025490149697669,0.4813058678306704,4,"FL"
50499,5.611000000000001,"NM",22954,834,"22954_20231231",0.8198248555990311,2.8700906344410875,9,16.940561826227654,0.513595166163142,5,"WV"
2428790,11.676874999999999,"N",22957,20117,"22957_20231231",3.089556724267468,1.8104331058523044,208,9.700397539293206,1.6915331729926688,4,"TX"
716597,6.021823529411765,"NM",22964,11452,"22964_20231231",0,2.629369593193528,119,9.669517432437418,1.4746639165999085,4,"TX"
282380,6.887317073170731,"NM",22971,4198,"22971_20231231",1.2915978095330676,2.7201936119096204,41,12.347053937581245,0.2760128895545555,4,"IL"
132753,4.577689655172414,"NM",22993,2497,"22993_20231231",0,2.4371872968413935,29,11.515191228185135,2.969158554641968,4,"ID"
760913,5.636392592592593,"SM",23007,14358,"23007_20231231",0.08254730165355476,2.8974693250317993,135,10.702244560297194,1.315037828805696,4,"OR"
101558,5.345157894736842,"NM",2300,1394,"2300_20231231",0.060576905945445146,2.789732993965108,19,11.940087179020399,0.789602872143481,8,"OH"
136321,10.486230769230769,"NM",2301,1409,"2301_20231231",0.11050355326080745,2.0306604449252865,13,8.528759214638452,2.1199758005942,2,"OK"
2431720,10.260421940928271,"NM",23030,31367,"23030_20231231",0.005268063064912608,2.18706200966934,237,11.754667559436319,1.193433030599427,4,"CA"
1147923,4.947943965517242,"NM",23041,22595,"23041_20231231",0.09684142362726553,2.99136141167608,232,11.207781090056889,1.28890248876668,4,"WA"
538454,8.827114754098362,"N",23086,11169,"23086_20231231",0,2.733791069167151,61,24.51580449291542,1.4197377932563455,4,"CA"
55733,4.644416666666667,"NM",2308,1028,"2308_20231231",3.908421345191773,2.6480860454205835,12,13.584185885208946,0.8062414206529861,2,"OK"
6413583,7.518854630715124,"NM",23091,88179,"23091_20231231",0.6900692589563469,2.6021860446582967,853,9.443244521980525,0.9833588408570838,4,"CO"
92844,6.631714285714287,"NM",23099,1147,"23099_20231231",0.22757817399874564,2.1203161491469267,14,14.647256693486069,1.2724197834815523,2,"KS"
335468,9.318555555555555,"NM",230,3425,"230_20231231",1.5359726832063803,1.7304503588589135,36,9.422598220968894,1.4224247485566972,2,"IA"
567227,4.932408695652174,"SM",23123,12153,"23123_20231231",0.641873503540739,3.224388312960487,115,8.127815371362074,0.23841794099566396,5,"TN"
85929,7.16075,"SM",23126,957,"23126_20231231",1.1562057574327513,2.1401896352299263,12,13.287754057950792,1.31297027060173,8,"MI"
658299,4.635908450704226,"NM",23144,12456,"23144_20231231",0.7233944484277374,3.035645232672518,142,12.827736925380554,1.2752180133182576,4,"LA"
353197,5.886616666666667,"NM",23152,4572,"23152_20231231",0.6622798108581767,2.492051064070456,60,13.374011653005821,1.3043501314070898,4,"AL"
2536998,5.983485849056604,"NM",2315,34885,"2315_20231231",0.5358305472028213,2.5135629938262753,424,9.186963696882488,0.5986511720765204,4,"OK"
111598,7.439866666666666,"SM",2317,1528,"2317_20231231",0.07261709506579359,3.6870855375903435,15,10.217253332031442,0.6636055435511512,8,"OK"
274247,5.83504255319149,"NM",23189,4317,"23189_20231231",0.34332857369506586,2.514771623220141,47,8.993450309450816,0.9319404614793051,2,"IA"
289191,11.56764,"SM",231,2619,"231_20231231",0.24425707937635266,1.586246983395823,25,7.481779175104654,0.9553947348269094,8,"IA"
165817,3.188788461538462,"NM",2320,3493,"2320_20231231",0.77611014756751,3.915335518713767,52,11.483662554285319,1.1517880610782423,4,"OK"
383301,7.098166666666667,"SM",23210,7751,"23210_20231231",0,5.4397109842047815,54,13.660171174731964,0.5968487359205693,4,"CO"
9081050,1.9750000000000003,"N",23220,346479,"23220_20231231",0.9274851317482794,6.496286213431249,4598,8.978332797740704,1.6038830359007508,4,"TX"
117669,5.88345,"NM",23222,3545,"23222_20231231",0,4.2661343005780905,20,15.66666937852372,3.4261000316304293,7,"LA"
86502,9.611333333333333,"NM",23242,881,"23242_20231231",4.222944093007352,3.0290261608658486,9,46.49374731462427,4.288311281798153,4,"CA"
45088,4.5088,"NM",23244,920,"23244_20231231",0.11508460849921145,3.1022354537431003,10,13.074922979439336,0.7552505280167208,2,"IL"
349433,6.988659999999999,"NM",23257,4305,"23257_20231231",0.06547450247718818,2.1711416831579005,50,9.336394603933694,1.3283108294360735,4,"IL"
499939,6.023361445783133,"NM",2326,8914,"2326_20231231",0.05824020559053741,3.1526826977009157,83,10.488375715073476,0.6635795820766172,4,"OK"
78585,11.226428571428572,"SM",23270,543,"23270_20231231",0.03181066293421555,1.461705959318466,7,9.755374717526333,1.3434176157898041,8,"NE"
1610160,9.200914285714287,"SM",23275,20222,"23275_20231231",0.5013151722724867,2.324776172244906,175,10.803338295077262,1.8384728768988834,4,"CA"
338082,5.046,"SM",2327,6254,"2327_20231231",0.06318343026071235,3.084138312830078,67,14.333926033409256,0.43061553801778446,4,"OK"
1809208,8.005345132743363,"SM",23286,23656,"23286_20231231",0.10171091033012356,2.361758697120267,226,8.376289292496395,0.34418215911648953,4,"MA"
5545468,9.814987610619468,"NM",23287,80976,"23287_20231231",0.2449892045131333,2.3095335104403083,565,9.770010822719911,0.48103129117353804,5,"MA"
81711,5.4474,"NM",2328,1446,"2328_20231231",0,2.802583635424471,15,11.8785963303859,0.5677296862130103,7,"OK"
1909770,9.008349056603773,"SI",23293,21449,"23293_20231231",0.31980200635904843,2.055068215833391,212,11.176521128100328,0.69694591200762,9,"MA"
7291012,11.148336391437308,"NM",23296,87534,"23296_20231231",0.24253216707301883,1.92312908633583,654,10.733222910639288,0.9138437535158231,4,"MA"
1420975,13.931127450980393,"SM",23298,14024,"23298_20231231",0.05526840835087821,1.81764942502368,102,10.813748813640107,0.455148956756219,5,"MA"
123397,7.7123125,"NM",232,1644,"232_20231231",9.554898697124491,2.1145307171532877,16,22.48461930162864,1.9951161895230405,4,"IA"
44045,2.9363333333333332,"NM",2331,1259,"2331_20231231",6.7493356953055805,4.8998523392914946,15,16.318327974276528,0.7183493927287078,4,"OK"
98241,3.6385555555555555,"NM",23373,1906,"23373_20231231",0,4.568277785568489,27,13.187049165926462,0.4547827170881441,4,"NY"
411033,9.134066666666667,"NM",23376,3126,"23376_20231231",0.04320875350868074,1.4490621697281016,45,12.618429727373965,1.6067781851354015,4,"AL"
132591,3.583540540540541,"N",23404,2709,"23404_20231231",0,3.5000071574788496,37,11.123462111416105,1.2647265127331548,4,"CO"
271279,9.042633333333333,"N",23430,2688,"23430_20231231",0,1.9161446049378603,30,10.00223790532062,3.1205899629282685,4,"TX"
1318256,1.8725227272727274,"N",23472,97395,"23472_20231231",0,13.370937082643106,704,59.779820787139194,18.045474708602303,9,"CA"
2737647,8.028290322580645,"SM",23473,36151,"23473_20231231",0.30208706301286203,2.219818025307233,341,9.293537900170456,0.9125910387599632,4,"OK"
6125831,11.057456678700362,"N",23474,62538,"23474_20231231",0.1383737899824606,2.1468798221681262,554,8.054982560923097,0.5400721459032797,4,"TX"
5345317,3.643706203135651,"SI",23498,209967,"23498_20231231",1.7292072493670059,6.3365998808291355,1467,13.855995886273496,0.9488523716573377,4,"TX"
111112,13.889000000000001,"NM",234,606,"234_20231231",0.8846947803007963,0.8933568501579263,8,25.655420504714666,1.0866820973758966,2,"IA"
158324,5.654428571428572,"NM",23523,1883,"23523_20231231",0.17944246468016276,2.5033317021874706,28,9.660934665406137,0.5244828052932418,8,"AL"
1460759,10.433992857142858,"SM",23537,19285,"23537_20231231",0.09217965209737043,2.2329221892470454,140,10.707393223478977,0.6745992671228902,4,"WI"
350360,6.6105660377358495,"NM",23546,3928,"23546_20231231",0,1.7107768260312863,53,16.011244146103916,2.4369982693069265,4,"IL"
124299,6.9055,"NM",23551,1225,"23551_20231231",0.31485861492339445,1.6704862357456445,18,15.852032969199826,2.067602312206325,2,"MO"
375484,5.1436164383561644,"N",23597,5967,"23597_20231231",0.457065684243407,3.123836077087612,73,9.691684963008438,0.43949729171765756,4,"TX"
646647,7.432724137931035,"NM",2359,7545,"2359_20231231",0.8870326627335973,2.462469712176972,87,6.505554627345814,0.47887075843750315,8,"PA"
382547,12.751566666666667,"NM",235,3110,"235_20231231",0.1466064993593296,1.3427121204137906,30,10.449564823948313,1.636018757574161,2,"IA"
2332378,10.89896261682243,"SI",23620,28415,"23620_20231231",0.5526881708713066,2.1100984685733297,214,11.159748552457668,0.668997688216428,4,"MA"
12425425,9.272705223880598,"NM",23621,158379,"23621_20231231",0.29798970860512747,2.4580673625495066,1340,9.611151182207117,0.6280964232274452,4,"MA"
3107377,8.113255874673628,"NM",23622,43427,"23622_20231231",0.69005462345981,2.3493756666311283,383,13.318161730943071,0.6250113669102383,4,"MA"
7202606,10.830986466165413,"NM",23623,82577,"23623_20231231",0.787401852631371,1.9021998678844891,665,7.721459398298943,0.7175994442728442,4,"RI"
6586777,6.463961727183514,"NM",23627,115657,"23627_20231231",0.39145850044378205,3.1872149927705484,1019,13.247071244152616,1.4382502061713531,4,"KY"
2941343,12.463317796610168,"N",23647,41848,"23647_20231231",0.01677145131912211,4.030328390930442,236,11.426134886640687,1.4132370343230112,9,"TX"
753342,7.929915789473684,"N",23737,15788,"23737_20231231",0.3524661045739523,10.2869651697067,95,2.456227226949239,-7.862790090395418,4,"OK"
88692,4.927333333333333,"NC",23741,3186,"23741_20231231",0,326.9121831198175,18,52.048536601552996,5.914882974243431,7,"MA"
201297,5.1614615384615385,"N",23749,5117,"23749_20231231",0,4.335521197770759,39,20.440049677935416,0.6716630462044662,4,"CA"
293057,5.328309090909091,"SM",23764,6385,"23764_20231231",0.78026510103375,3.847839393269903,55,10.906543995572772,2.1640474750364898,4,"CO"
643245,15.315357142857144,"NM",23772,2323,"23772_20231231",0.13065595094304563,1.280687059676799,42,14.49632803575604,2.203994666846542,5,"TX"
355653,5.6452857142857145,"N",23798,4143,"23798_20231231",0.37573075193486544,2.0590251995346938,63,14.160200556066124,1.5399336608973402,8,"OK"
2179880,8.133880597014926,"SM",23799,27094,"23799_20231231",0.34505456256041683,2.318291617408001,268,9.56543132318804,1.1222047008334672,4,"TX"
127979,5.564304347826087,"NM",2379,1802,"2379_20231231",1.0755148741418763,2.452090536764612,23,23.752228892996776,0.5988682904423491,8,"TN"
151042,5.208344827586207,"NM",23805,3496,"23805_20231231",0,3.657814697968261,29,19.057251360486514,0.8958317128381452,4,"CA"
906628,5.180731428571429,"NM",23806,12225,"23806_20231231",0.2245623842250063,2.2368988050598024,175,8.849987816857317,1.7776217067694076,4,"MT"
500648,5.00648,"SM",2380,8232,"2380_20231231",0.6058781571974474,3.219933016806762,100,8.723934949615883,1.3620316661092604,4,"TN"
333371,6.061290909090909,"NM",23815,3975,"23815_20231231",2.0987570850658646,2.251632745601052,55,10.654200965967643,2.1456001786336896,8,"AL"
39666,4.9582500000000005,"SM",23826,1467,"23826_20231231",0,5.146857681279824,8,29.98192148760331,0.6078965765291131,7,"WY"
318459,9.650272727272727,"NM",23864,5511,"23864_20231231",0,2.5996378916212843,33,14.05525294975845,1.6389604308124563,4,"CA"
630302,7.594,"N",23886,8317,"23886_20231231",0.9003464724201821,2.4162958845845575,83,8.928654600329759,1.01565898846934,4,"TX"
215649,2.662333333333333,"SM",2391,4723,"2391_20231231",0.6302649249175926,3.5090558133077967,81,10.43668520375604,0.5986218434192714,7,"TN"
755706,6.194311475409836,"NM",23966,12964,"23966_20231231",0.3123126124325405,4.749579334220136,122,10.698171138699774,0.6033302619255758,4,"MA"
141257,6.420772727272728,"SM",23986,2465,"23986_20231231",0.3706160028088792,3.59303871636544,22,8.725539718445962,0.942978996709785,4,"MN"
91586,2.0352444444444444,"SM",23989,2347,"23989_20231231",1.059480624172281,4.692978590300604,45,13.04034582132565,0.6116135634175546,8,"VA"
1857406,8.802872037914693,"SI",23992,26018,"23992_20231231",1.412875890113198,2.686528738439189,211,16.207547038770556,0.7441879883277744,4,"MA"
1143704,12.707822222222221,"NM",23998,11750,"23998_20231231",0,1.751723599183609,90,15.260021921736286,1.2260445227948165,4,"CA"
379642,5.1302972972972976,"NM",24015,8153,"24015_20231231",2.6622685976938247,4.1660008674412765,74,11.783457619400012,1.1079442620063984,4,"MD"
28508,0.9830344827586207,"N",24038,2443,"24038_20231231",1.4401316691811823,14.68292033973071,29,51.04918274186423,0.7176916236635182,5,"TX"
38369415,16.755203056768558,"SM",24045,329313,"24045_20231231",0.6215456967253838,6.150910119237816,2290,9.617041292440977,-4.6883374799326925,4,"CA"
88518,7.3765,"NM",24064,733,"24064_20231231",0.4209513500511155,1.673735974964835,12,11.606253518686934,1.6432052861706883,7,"TX"
99434,7.102428571428571,"N",24085,1651,"24085_20231231",0,2.8727756976878833,14,12.1886751049802,1.6703979619407883,7,"TX"
6443509,9.631553064275037,"NM",24156,99199,"24156_20231231",0.05810627172407027,2.599958074437526,669,9.87360928779342,1.0147951379449267,4,"FL"
7534939,12.271887622149837,"NM",24170,78717,"24170_20231231",0.24980442157377752,1.7919723602639042,614,11.31573966872292,1.2164333685668407,4,"CA"
184117,6.348862068965517,"N",24199,3225,"24199_20231231",0.15098177266682314,3.126595821632891,29,13.186097146217293,2.0102629212294345,4,"MI"
175831,7.644826086956522,"N",24211,1408,"24211_20231231",0,1.517674392558824,23,13.086230804195603,0.6879819159039248,8,"CA"
93114,4.6557,"NM",24272,1816,"24272_20231231",0,3.0651922605355035,20,12.43947976329863,1.4401538239976335,4,"TX"
69551,4.636733333333334,"NM",24303,1274,"24303_20231231",0,3.3551403897062007,15,15.799277812804494,2.2091850019528705,4,"TX"
299450,6.238541666666666,"N",24305,4314,"24305_20231231",0.4210348529997225,2.4478870411884768,48,11.355431459945011,1.1175427443370027,8,"TX"
578104,25.13495652173913,"NM",24332,9052,"24332_20231231",2.1913972328665636,1.0306630982541096,23,38.82594918921957,5.700877039244292,4,"CA"
2942962,4.156725988700565,"N",24347,52810,"24347_20231231",0.7559805067871911,3.0292417405064205,708,12.842230191697412,1.4235188319772045,4,"TX"
675438,4.143791411042945,"NM",24353,12971,"24353_20231231",0.12469062707251095,3.7062579347626876,163,10.162940187196702,1.1475296730110323,4,"TX"
70419,5.029928571428571,"N",24367,1339,"24367_20231231",0,3.5203562641937927,14,10.812410303451745,0.23064912944738836,4,"TX"
2962268,10.285652777777777,"N",24387,36972,"24387_20231231",1.9192554140644011,2.11507952324825,288,15.207979623638352,0.8242858471475779,4,"NY"
951719,6.179993506493507,"SM",2443,13282,"2443_20231231",0.4161990062309649,2.8277747954974073,154,12.215187712582312,1.0015965052267757,4,"WV"
115531,3.7268064516129034,"N",24443,2012,"24443_20231231",0.10314532569653433,3.4929289487135797,31,10.487167402202322,1.3968341799250634,8,"LA"
124033,5.906333333333333,"NM",2444,1488,"2444_20231231",0.34036870562178356,2.631727321873352,21,14.557731042412481,1.386341550778905,8,"WV"
626174,5.692490909090909,"SM",24472,8851,"24472_20231231",1.5388615786724769,2.239568410056393,110,9.343398487418298,1.4774642431637168,4,"OK"
163220,3.9809756097560975,"NM",2448,2452,"2448_20231231",0.21179401993355482,3.5603156064327712,41,14.454843267053691,2.0870387631921576,4,"WV"
256171,5.336895833333333,"NM",24498,3666,"24498_20231231",0.13478964756902476,2.6847077325005544,48,10.592241462706783,1.68227861628098,2,"TX"
2284865,16.924925925925926,"NM",24516,27383,"24516_20231231",1.0814711421957113,1.708941713344105,135,10.543304202303991,1.3759859179003457,4,"NY"
260191,5.535978723404256,"NM",2452,3341,"2452_20231231",0.09072352007257882,2.3576810087525546,47,8.235023831317305,0.5667830289400324,8,"WV"
239415,5.7003571428571425,"NM",2453,3061,"2453_20231231",2.3441784195030535,2.754712647739519,42,8.524339031960706,0.5887497129127431,4,"WV"
1381838,14.245752577319587,"NM",24540,10536,"24540_20231231",0.03569916397539248,1.3318577932553686,97,17.630592344761787,2.387761886937314,4,"NH"
307382,7.8815897435897435,"SM",2455,3457,"2455_20231231",0.11291758421965047,2.1183442234045686,39,11.276205984123754,1.128358978598663,4,"WI"
1930559,8.580262222222222,"SM",24563,20154,"24563_20231231",0.05987921180650242,1.730809595120333,225,12.662564069934684,2.504205107953414,4,"TX"
448052,8.785333333333334,"NM",245,5292,"245_20231231",0.668315782034066,2.1324352590260656,51,8.94271600268385,1.2503102749715513,4,"IA"
492772,5.53676404494382,"N",24603,9127,"24603_20231231",0.22931077907092529,2.8636256760850993,89,9.681761140735286,1.7057367265841865,4,"TX"
202545,6.533709677419355,"N",24677,2848,"24677_20231231",7.4640652773306835,2.5592404738866468,31,10.49036550591895,2.3981271857083692,4,"OK"
227976,3.304,"NM",2467,5076,"2467_20231231",0.230040214854186,3.228972928290969,69,7.959276445780692,0.27479673058696935,4,"WI"
671330,8.83328947368421,"SM",2468,6811,"2468_20231231",0.04225706509316723,1.8639505283820519,76,9.786827292175575,1.5937533695824206,4,"WI"
204469,5.679694444444444,"NM",2469,2984,"2469_20231231",0.047219027744986784,2.5896478182346354,36,11.795540554362278,0.9448854714037752,4,"WI"
223980,7.9992857142857146,"NM",2477,2974,"2477_20231231",0.40674768871029543,2.2116018425857606,28,10.279363959833802,1.5097420821295855,4,"WI"
1049917,9.458711711711711,"NM",24823,15641,"24823_20231231",0.5542169226087096,2.621458255917202,111,9.776066513640162,1.6289257381308146,4,"FL"
894719,11.929586666666667,"SM",24829,11152,"24829_20231231",0,2.598422971745335,75,15.116263328655425,0.6509955216696616,4,"PA"
255093,9.110464285714286,"NM",2482,1885,"2482_20231231",0,1.2838349449330966,28,15.600001635048907,2.3355254952480804,8,"WI"
136011,5.037444444444445,"NM",24865,2236,"24865_20231231",0,2.89450482753066,27,12.018901166948021,1.4742198500466717,4,"NM"
196084,16.340333333333334,"NM",24867,2303,"24867_20231231",5.3313796212804325,2.295449261271163,12,32.365513965710086,4.699224281879479,7,"DE"
2128104,8.686138775510205,"N",24897,29016,"24897_20231231",0.11438066215303153,2.233778755969124,245,11.398412082736348,2.534771735082116,4,"TX"
222190,7.167419354838709,"NM",248,3698,"248_20231231",0.35567630345514123,2.598232308766315,31,9.439009163776879,1.012689199567738,4,"IA"
79615,6.634583333333333,"N",24902,863,"24902_20231231",2.1754269607030343,2.231098551549191,12,11.547794263892756,2.1276545723414313,7,"TX"
1070579,6.1883179190751445,"SM",24919,17540,"24919_20231231",0.18449442495048313,2.8291237544505248,173,9.147608566407174,0.9366054147052499,4,"NC"
3391054,12.700576779026218,"NM",24920,32282,"24920_20231231",0.29022286925997887,1.8400183404877404,267,13.826429679719832,0.8733815979483991,4,"NY"
578438,6.0253958333333335,"NM",24922,8257,"24922_20231231",1.088157636553284,2.223652742717219,96,9.769185105862908,1.1359104951386196,2,"UT"
38766,,"NC",24938,0,"24938_20231231",0,26.807129859025235,0,77.80985728034072,15.248514612703076,7,"NY"
464333,5.3371609195402305,"NM",24961,4237,"24961_20231231",0.1709924108474675,2.6234983684658446,87,13.261074165623803,1.6447917067600681,5,"TX"
169590,3.0283928571428573,"SM",24966,3610,"24966_20231231",0.36385894514911415,3.3921351386350884,56,9.355515534078684,1.2224396514098523,4,"MT"
300561,10.734321428571429,"N",2496,2259,"2496_20231231",0,2.000340570108935,28,8.495033456352688,0.40128928174306766,5,"CT"
31504301,6.974607261456719,"SM",24998,541829,"24998_20231231",0.1695327320894735,2.888911186615552,4517,9.564774085163872,1.4420750176321515,4,"MO"
109910,4.227307692307692,"N",25054,1645,"25054_20231231",0.3293461569546593,5.726011847896119,26,9.34390691297178,-1.339099067074119,8,"WY"
2281118,13.418341176470587,"NM",25093,22016,"25093_20231231",0.2931434023991276,1.7106716091683916,170,9.44752019088565,0.8198728929083675,4,"NY"
4202495,7.208396226415094,"NM",25103,79277,"25103_20231231",0.17100016773138677,3.153342224228426,583,10.597842128472733,1.7030113093471386,4,"TX"
172376,6.629846153846154,"N",25122,2221,"25122_20231231",0,2.117846439072106,26,15.125718154096848,2.1161403329181807,4,"FL"
674138,5.713033898305085,"NM",25158,10488,"25158_20231231",0.15388060590745387,2.703850133998461,118,11.388943570304786,0.4251739170473825,4,"HI"
140130,8.758125,"N",25161,1154,"25161_20231231",0.5539113741801311,1.5641962999889223,16,14.952893188463342,1.2717403345518998,2,"OK"
382470,7.968125000000001,"NM",25173,3889,"25173_20231231",0.01320578477791735,2.000768321415558,48,9.041809582169451,0.9845835593506309,4,"KY"
15440000,,"N",25178,0,"25178_20231231",0.731479118822829,0.5881478913350338,0,14.480254198819791,0.8481711696094698,5,"CA"
74438,7.4438,"NM",251,950,"251_20231231",0,2.3223065283065605,10,12.932295282977059,0.459076247044949,2,"IA"
1044044,8.220818897637796,"N",25247,23368,"25247_20231231",0.11143576770544503,4.063741051410333,127,16.329989701808294,0.3429504818356107,4,"LA"
885366,14.7561,"N",25249,8388,"25249_20231231",0,1.905295352536563,60,9.232607447842843,1.4223504962108602,4,"CA"
589927,6.209757894736843,"N",25258,10322,"25258_20231231",0.8534313036141189,2.8099528624853187,95,9.165704316450489,-0.19382604567227377,4,"FL"
22492,7.497333333333334,"NM",25260,322,"25260_20231231",0.5017485175611981,2.0201492472331792,3,10.562654113427483,0.19156587689280147,7,"IA"
437738,8.418038461538462,"NM",25267,5491,"25267_20231231",0.0014890646812470917,2.0767067728511646,52,9.310476033300326,0.8246299487767559,4,"IA"
495493,5.89872619047619,"NM",25291,8573,"25291_20231231",0.38500461461186536,2.9498349235295738,84,9.548878069694483,0.34737795420284157,2,"NE"
307140,11.813076923076922,"SM",252,2525,"252_20231231",1.6113454757500933,1.634400522058969,26,15.261584604518355,1.8964187545729598,4,"IA"
253544,9.055142857142858,"SM",25328,3250,"25328_20231231",0,1.7803152854216464,28,8.146323090926211,0.5725089320986093,4,"TX"
2080271,22.36850537634409,"NM",253,10589,"253_20231231",0.010878971442699963,1.2639033278011789,93,9.575510258909862,0.7177945970052039,2,"IA"
286711,14.335550000000001,"NM",254,2199,"254_20231231",0,1.2800260254862192,20,10.497738553261476,1.0704739686521847,2,"IA"
57814,5.2558181818181815,"NM",25591,886,"25591_20231231",0.28067650233897085,2.6852732847024,11,17.601995683096845,0.7682277901117102,2,"NE"
1578525,1.351476883561644,"N",25620,188467,"25620_20231231",3.6185732942845203,68.15739773793035,1168,41.34107290040861,33.85839507320738,3,"NV"
664325,7.3002747252747255,"NM",25621,9075,"25621_20231231",0.06119088171266793,2.280367126405945,91,10.604973323765249,1.3935921095146233,4,"TX"
165611,8.28055,"N",25644,2715,"25644_20231231",0.016726253946350543,3.2343637907157747,20,10.91158767864361,0.05785437019732604,4,"CA"
847829,7.502911504424779,"N",25665,10071,"25665_20231231",3.490871158311885,2.0882459184338154,113,8.7915831983026,1.413047983940214,4,"KS"
23903,,"NC",25677,0,"25677_20231231",0,43.01921302399157,0,89.46530238483895,6.40571447403111,7,"DE"
3917989,8.517367391304347,"NM",25679,21866,"25679_20231231",0.03495267885663846,1.6130119255247415,460,11.793324453157734,2.933325230333668,4,"TX"
161307,5.0408437500000005,"NM",25703,2540,"25703_20231231",0.5217047532315339,2.6108473084548924,32,13.036897929935323,2.5936383337287303,2,"OK"
368404,10.52582857142857,"NM",25726,4898,"25726_20231231",0.062409909553151385,2.207487067043218,35,12.990640624747718,1.672804417239053,4,"CA"
962893,6.01808125,"SM",25738,19954,"25738_20231231",0.07762093168960635,3.6406630533257323,160,10.292567991569875,0.5105936788702745,4,"OK"
95822,5.043263157894737,"SM",25744,2367,"25744_20231231",0.5354512265419843,5.386230954722152,19,6.898531115142942,-2.022454429953069,2,"KS"
159576,5.3191999999999995,"N",25749,1907,"25749_20231231",0,2.905881890452754,30,21.083951295431657,0.1432968158940263,4,"NY"
129120,9.222857142857142,"NM",25750,1149,"25750_20231231",0.44756756756756755,2.065550657799747,14,13.171146365576694,0.27602959037208785,2,"OK"
296748,8.020216216216216,"NM",25752,2340,"25752_20231231",0,1.6572547972163656,37,10.347243070149105,2.755402339254934,4,"TX"
531269,10.216711538461539,"NM",25795,5633,"25795_20231231",0.0561812231013066,1.915331332691618,52,9.426675074708697,1.0660023026253704,4,"GA"
135882,2.8308750000000003,"NM",25796,3118,"25796_20231231",3.436248546699393,6.6553389717253095,48,7.634363759578794,1.0987227705759943,4,"GA"
163064,10.1915,"NM",25803,2870,"25803_20231231",0.0958533027714107,3.7216221928727493,16,21.205716005969652,-0.46418099205111946,6,"CA"
17017,0.6545,"NC",25824,6187,"25824_20231231",0,115.41617819460728,26,46.04245919744754,19.310928748208937,7,"NY"
316931,9.90409375,"SM",25849,4089,"25849_20231231",0,3.478990634953938,32,13.986546516055338,0.9285573505756992,8,"MO"
5027770,7.051570827489481,"SM",25858,64227,"25858_20231231",0.7613900257906622,2.6395097110265158,713,10.600433601325838,0.29091237074685555,4,"KS"
222389,5.054295454545454,"NM",25869,3729,"25869_20231231",0.8605496203137578,2.6226987695484474,44,12.07699666514676,0.7875247498201029,4,"CA"
551085,12.246333333333334,"SM",25883,6106,"25883_20231231",0,1.6384700927934661,45,20.246883992657388,2.005885660836165,4,"IL"
802811,3.9161512195121952,"NM",25886,14242,"25886_20231231",0.23984327358458857,3.4346632586287043,205,10.340005941756058,0.8119061711318611,4,"TX"
440812,5.724831168831169,"N",25894,6422,"25894_20231231",0.9040092684205631,5.676713495670923,77,13.828615398003514,1.0358029397979351,4,"SD"
8165735,7.596032558139536,"NM",258,107391,"258_20231231",0.33185107213623066,2.362945380150956,1075,9.296755873314204,1.4253299886671582,4,"KY"
299379,,"NC",25927,,"25927_20231231",0,0,,0,0,7,""
152450,5.081666666666667,"NM",26021,1814,"26021_20231231",0.4010578988539429,2.2088211673922857,30,17.128165040124095,1.4630027448781586,8,"AL"
408930,,"NC",26028,,"26028_20231231",15.270885294798283,0,,0,0,4,"NY"
423181,10.850794871794871,"N",2608,4236,"2608_20231231",0.06006393903187264,1.8325160464396386,39,10.393790275063985,0.6439085535381344,5,"MA"
119423,5.428318181818182,"N",2616,2310,"2616_20231231",0.28360420428763256,3.621959971705858,22,9.930387357937704,0.2934398551560222,4,"MA"
807378,6.7846890756302525,"N",26181,11978,"26181_20231231",0.07099076967979666,2.2879649430554596,119,10.11755044004805,0.9883897371209267,4,"TX"
444148,3.2899851851851856,"SM",26185,14810,"26185_20231231",0.22191296498288637,4.91245947929882,135,9.167501082640406,1.1161933576035268,2,"NE"
174636,1.323,"SM",26189,36789,"26189_20231231",0,30.424289916300413,132,20.21882966230344,6.768650699010823,8,"PA"
459152,4.733525773195876,"SM",26217,5247,"26217_20231231",0.04631599171115289,2.333123917259333,97,8.816675884705008,1.3138664163705687,2,"KS"
271976,5.43952,"N",26219,4455,"26219_20231231",2.1570857700786132,2.6943605196009863,50,14.829439304508341,1.7128251267189711,2,"TX"
1768297,11.867765100671141,"N",26223,20598,"26223_20231231",0.18846020679027012,1.9240087124271648,149,13.137057079091383,1.7818296516126135,4,"TX"
133686,4.0510909090909095,"N",26228,2787,"26228_20231231",0.20744470083677133,3.3333181887709125,33,10.582682465977678,2.7487380793363045,2,"TX"
76397,2.8295185185185185,"N",26260,1313,"26260_20231231",0.08375928869034835,3.452680864828709,27,7.872632968947819,0.7675670044875256,4,"OK"
231506,8.904076923076923,"NM",26271,3822,"26271_20231231",0,2.391314925395672,26,12.252567202511585,1.5880579385279803,4,"CA"
1215350,11.46556603773585,"N",26299,13379,"26299_20231231",0.6100741782126935,1.6957693060115675,106,11.283085883136671,1.1185595700313582,4,"FL"
209817,4.3711875000000004,"NM",262,3207,"262_20231231",0.28668615829171457,2.946966363918745,48,8.117125569639642,1.0450339574794152,4,"KY"
8093126,42.82077248677249,"SB",26312,29453,"26312_20231231",0,0.7565372319021811,189,9.3786423349847,0.6326566064021668,9,"CA"
495075,4.460135135135135,"N",26323,13348,"26323_20231231",0.31591627623509694,4.300157359180921,111,11.23277147365899,0.47692127445618765,4,"FL"
1137920,7.437385620915033,"NM",26333,13484,"26333_20231231",0.11111097807593621,2.0812217749574193,153,9.514378849365132,0.49935354667602516,4,"NY"
1970779,13.78167132867133,"SI",26336,20196,"26336_20231231",0.17112184783842765,1.866833868255802,143,9.11400618696713,0.14168422695537483,4,"MA"
148446,6.747545454545454,"NM",26340,1705,"26340_20231231",0,1.8279626741388881,22,12.680470411610159,0.8174945147902404,2,"KS"
6400433,30.333805687203792,"N",26342,30646,"26342_20231231",0.6173878270373164,1.3354573927208253,211,10.351965592079443,2.0782345562206848,5,"GA"
209014,4.97652380952381,"N",26351,5563,"26351_20231231",4.711824795506804,22.914568262979582,42,19.41786953926744,2.4897186513418506,4,"TX"
156903,5.811222222222222,"NM",26358,3209,"26358_20231231",0,2.8912647971469796,27,6.949657375477103,0.5658264927443911,5,"MO"
378093,8.402066666666666,"NM",26363,4612,"26363_20231231",0.002482929857231533,2.2403416943471073,45,15.776985371855268,0.7659287843921735,4,"CA"
358799,4.541759493670886,"N",26379,5655,"26379_20231231",0.7214319348444067,3.216959738445376,79,11.916094567201622,1.0594561458451328,4,"MS"
1600952,8.126659898477158,"N",26381,22054,"26381_20231231",0.19172153252338708,2.3417904310971562,197,10.071823372867403,0.7815237313544993,4,"LA"
130336,21.72266666666667,"NM",26392,1256,"26392_20231231",0,6.605874563621043,6,94.67212796219582,5.082112105833382,7,"DE"
385445,6.882946428571429,"SI",26393,6284,"26393_20231231",0.4486072527967565,2.6150056798937906,56,15.385268987302231,0.7762777711451148,5,"MA"
1288699,13.423947916666668,"SI",26395,13348,"26395_20231231",0.27084184236242836,1.671813604948012,96,18.545086650597124,1.7498589575131527,4,"MA"
745810,7.384257425742575,"SM",26397,10205,"26397_20231231",0.6148830057109496,2.2378943814661554,101,12.556227563502183,0.9743615457577142,5,"MA"
451872,13.693090909090909,"N",26398,4820,"26398_20231231",0,1.7080425689444603,33,13.37593480929455,1.1683192809225116,4,"FL"
1137514,5.631257425742575,"NM",26403,22437,"26403_20231231",0.4226368066538205,3.568235521044695,202,12.31564005263335,0.9093428365765632,4,"ID"
591829,8.967106060606062,"SI",26411,7989,"26411_20231231",0.05500375025569925,2.240134477702932,66,9.850504443108171,0.6907719620395738,5,"MA"
62893,3.699588235294118,"NM",26416,1094,"26416_20231231",1.1111355585381417,3.3780888007249037,17,11.549065816428692,1.241336663972767,2,"OK"
761979,6.5687844827586215,"N",26442,11499,"26442_20231231",0.1894753789998449,2.595229632645463,116,8.441751986749553,0.4852448023287396,4,"FL"
1279619,18.817926470588233,"SI",26444,11679,"26444_20231231",0.11570188022709237,1.5892835142339963,68,11.307722886425664,0.354208326620355,4,"MA"
154969,9.115823529411765,"SM",26450,2189,"26450_20231231",1.5765219500363814,2.473186018824509,17,14.756888752135858,0.5078506638762686,5,"MA"
1510158,9.379863354037267,"SI",26451,18428,"26451_20231231",0.14120830184482402,2.2828680135274606,161,8.964816297657881,0.5378506246587346,4,"MA"
718151,8.160806818181818,"SI",26455,9367,"26455_20231231",0.5517444011983286,2.298687194826311,88,11.267126018034428,0.6444077263756026,4,"MA"
8734,,"NC",26474,0,"26474_20231231",0,1.7663765037290173,0,100.35710171639212,3.763651896834377,7,"CA"
4389594,12.835070175438597,"SM",26483,68344,"26483_20231231",0.2782226557729337,2.5267205109183433,342,13.61958584979057,0.5858564674450731,4,"MA"
1662477,8.938048387096774,"SI",26484,22173,"26484_20231231",0.26733020319803347,2.27888155516335,186,12.337357132906524,1.1139727637520838,4,"MA"
576924,13.416837209302326,"SM",26487,6300,"26487_20231231",0.4766800635573418,2.1474068784240266,43,19.252961139722405,0.29608054499610015,4,"MA"
457385,6.180878378378378,"N",26499,7730,"26499_20231231",0.21251630382781145,2.6312065206334885,74,9.834331262382086,0.9101643868331322,4,"MN"
134444,7.469111111111112,"SI",26512,1657,"26512_20231231",0.4908088612004836,2.3967433073373567,18,9.08261136299023,0.4531689677239588,5,"MA"
124168,6.8982222222222225,"SM",26513,1578,"26513_20231231",0.1582246588595731,2.296427268574358,18,9.800176550838618,0.29578311867147367,5,"MA"
319205,8.866805555555555,"SI",26516,4442,"26516_20231231",0.1842143089504702,2.490103886684037,36,6.769696055091362,-0.2552798561687702,5,"MA"
1558160,9.678012422360249,"SI",26517,20270,"26517_20231231",0.19565149955167813,2.361515410506096,161,9.665752122985676,0.2693321514627764,4,"MA"
51695,7.385,"NM",26519,535,"26519_20231231",0.323677347242921,1.5783624440380857,7,16.194364393211654,2.0315751308405323,2,"MN"
119204,3.6122424242424245,"NM",26520,1998,"26520_20231231",0.5766652216430925,2.624127624127624,33,11.411535859269282,2.4360024360024357,8,"MO"
470364,8.109724137931035,"NM",26522,5476,"26522_20231231",1.1012655588682942,1.7848398893628659,58,11.771581522471203,2.150321809367101,2,"KS"
1400623,9.659468965517242,"SM",26523,19131,"26523_20231231",0.370224282161042,2.4996617896588096,145,10.581194391961217,1.3045782332834932,4,"MA"
487752,6.0969,"NM",26530,10350,"26530_20231231",0.8423530630628038,3.164083510787004,80,11.32800846463192,1.6902386910637552,4,"AK"
376349,6.842709090909091,"SI",26536,5696,"26536_20231231",1.3107116035986328,2.78357634480525,55,8.145288731157851,0.29190963851284063,4,"MA"
216603,2.043424528301887,"NM",26539,2842,"26539_20231231",1.9168059854667043,2.757317076490707,106,13.715733803437638,1.717367966845043,7,"FM"
230000,5.75,"N",26542,4867,"26542_20231231",1.8886162994867026,3.6369646467271153,40,10.625689860404718,2.0199679497282714,4,"TX"
1476606,10.398633802816901,"N",26543,17573,"26543_20231231",0.2506144121781015,2.195201609724417,142,9.710128057616227,0.6439648473427159,4,"TX"
195619,10.867722222222222,"SM",26554,1537,"26554_20231231",0.005394955716405161,1.4889529799384824,18,11.477209207784949,0.7051289400968732,5,"MA"
925883,11.870294871794872,"SI",26555,12096,"26555_20231231",0.2391352622465365,2.255853474194356,78,13.253519849336042,0.8363613979046851,4,"MA"
773950,8.696067415730338,"SI",26559,11345,"26559_20231231",0.02439155346582498,2.4006640502194525,89,9.614481979981987,0.2854567818955744,4,"MA"
548394,6.854925,"NM",26564,8240,"26564_20231231",0.3955943117645961,2.597307725995574,80,9.981060402636507,2.2887490945857594,2,"LA"
84611,9.401222222222223,"SI",26567,1267,"26567_20231231",0,2.4900386849439684,9,26.313997981173266,0.7066325997813965,5,"MA"
161403,8.966833333333334,"SI",26576,1892,"26576_20231231",0,2.222264892439051,18,11.152319563077508,0.01472122480590385,5,"MA"
92455,4.866052631578947,"NM",26588,1713,"26588_20231231",0.50662176047494,3.3867335231377216,19,9.111891401131055,0.6915820337398547,4,"SC"
1392124,12.771779816513762,"SM",26590,13438,"26590_20231231",0.7244176621140961,1.9660788378104426,109,10.39385274355444,0.9070837585973477,4,"MA"
987708,8.740778761061947,"SM",26591,13109,"26591_20231231",0.9089338256469582,2.373985873387835,113,10.52280567731922,0.3131888311693165,4,"MA"
302806,6.442680851063829,"SM",26602,5365,"26602_20231231",0.12345971003524042,3.046419266348591,47,7.6398120237404274,0.19764385350148297,5,"MA"
19126316,15.325573717948718,"NM",26610,216696,"26610_20231231",0.4263757298012048,1.777891560545613,1248,9.939924588245292,0.7400272612624544,4,"CA"
907162,8.807398058252428,"SM",26620,12241,"26620_20231231",0.3309088573080465,2.5883240247671493,103,7.761173106990278,0.1347975635721003,4,"MA"
14996,1.8745,"NC",26622,2104,"26622_20231231",0,50.732115100771956,8,82.63178096212897,7.562794707349887,7,"NY"
1293700,19.3089552238806,"SM",26626,13481,"26626_20231231",0.9039469452677508,1.9490483931067053,67,11.900128257313355,1.2699905776437597,4,"TX"
786952,6.557933333333334,"NM",26627,12962,"26627_20231231",0.7413907344066187,2.7473446527876093,120,8.332869900351131,1.7981986968077488,4,"TX"
723214,7.455814432989691,"SI",26634,11585,"26634_20231231",0.029472936810693316,2.5394224619316006,97,13.344073811213628,1.2072615643611888,4,"MA"
5204108,9.210810619469028,"SI",26647,74748,"26647_20231231",0.6090488341934428,2.372577547674088,565,11.21325731647849,1.6910544414059279,4,"PA"
94363,5.8976875,"NM",26653,1236,"26653_20231231",0,2.418302536850814,16,10.554586307163627,2.3596458370208158,8,"TX"
43901,3.3770000000000002,"NM",26658,814,"26658_20231231",0,3.5819700409307162,13,13.109240142156034,2.4767129355543536,4,"TX"
238801,4.047474576271187,"SM",26677,7786,"26677_20231231",0.009716599190283401,6.29485733383465,59,14.422951878746689,1.2599740986756904,4,"OK"
155801,3.9948974358974363,"NM",26687,2497,"26687_20231231",2.0563814538012855,3.3210017377954517,39,9.23381072587708,1.2133916863012675,4,"FL"
306401,17.022277777777777,"NM",26689,997,"26689_20231231",0.4628105768175788,0.5557890125954655,18,47.80605845695186,2.779934598311325,4,"WI"
448280,6.313802816901409,"NM",26703,6141,"26703_20231231",0.011987532965715655,2.4645528350743606,71,11.611253312591012,0.26089784265437466,4,"KY"
405063,4.602988636363636,"NM",26704,6389,"26704_20231231",0.43063574595680887,3.5603722447137622,88,12.402605728882508,0.015669503020819025,4,"CA"
84128,3.824,"NM",26708,2004,"26708_20231231",1.1799294394355155,5.786422585415798,22,5.627793579845592,-1.028592013954723,4,"TX"
2794401,11.313364372469636,"NM",26725,25687,"26725_20231231",0.5133900524090745,1.8601492528276955,247,9.16176387401147,1.7630453401532207,5,"FL"
169830,2.784098360655738,"NM",26727,4283,"26727_20231231",0.32929018697727375,4.65432594689038,61,13.804029998654222,1.763686734072181,4,"TX"
416072,2.46196449704142,"NC",26732,33094,"26732_20231231",0,48.67244046106113,169,58.02835305951698,-1.45245156364622,7,"CA"
126990,6.047142857142857,"NM",26738,1352,"26738_20231231",0,2.3450122857362685,21,10.397652929368453,0.8577915795642617,7,"TX"
24741,3.092625,"NM",26755,613,"26755_20231231",0,4.573850055501989,8,16.657931868574885,0.1661008434681856,5,"MN"
678516,8.37674074074074,"NM",26760,8105,"26760_20231231",0.044996384531748715,2.0270699567134836,81,8.906822613252567,1.1787588118111176,2,"IA"
430106,7.964925925925926,"N",26790,6898,"26790_20231231",0.036270676901507676,2.8582485422311223,54,22.596765071824453,0.7813420308634704,4,"NJ"
118483,11.8483,"NM",26798,1915,"26798_20231231",0,2.3770359069640588,10,16.73273008165968,0.930700326426946,4,"UT"
415260,5.392987012987013,"NM",26799,7295,"26799_20231231",1.6279774459766976,2.62962964781027,77,29.08734310920244,2.1780225401034476,4,"AL"
275822,4.056205882352941,"NM",267,4513,"267_20231231",0.22986135539355418,2.848711484755798,68,17.758345786173415,2.2163069308648113,8,"KY"
12365,1.124090909090909,"NM",26816,1056,"26816_20231231",2.024393310700365,17.08178343075578,11,4.916720051249199,-5.425373262252087,6,"UT"
307136,5.687703703703704,"N",26829,7541,"26829_20231231",0.12678921158691536,3.830127030906964,54,9.21501134531658,0.08514408686189424,4,"FL"
74673,4.9782,"N",2682,917,"2682_20231231",0.6912985414648197,2.92752134761272,15,10.236830884918021,0.796730493337639,2,"KY"
120085,6.320263157894737,"NM",26847,1991,"26847_20231231",0.36253582581169524,2.516614079127911,19,9.870586899761607,1.7388665119602402,4,"MD"
1913349,5.102264,"NM",26856,28151,"26856_20231231",0.6530525510529336,2.2869302326636998,375,12.210454451184479,1.7511622662546542,4,"TX"
154139,8.112578947368421,"SM",26871,2587,"26871_20231231",0,4.066921543639513,19,13.03561789934383,0.08495899094859981,4,"VA"
10525457,32.38602153846154,"N",26876,116110,"26876_20231231",0.019110422037484275,2.2775745946607393,325,10.247666349672796,0.8065242476584815,9,"NY"
24063364,23.754554787759133,"N",26881,329889,"26881_20231231",0.13781443948985903,6.633683342337187,1013,14.957901360306753,2.04026473661933,6,"UT"
269999,5.744659574468086,"SM",26891,3785,"26891_20231231",0.0782822634757325,3.0314264917545626,47,14.189729822698482,1.1387084283748103,5,"MN"
2679468,5.876026315789473,"SM",26906,44124,"26906_20231231",0.3199371699614546,2.8421771081110063,456,8.466844357487009,0.5242399728833443,4,"TX"
633407,8.120602564102565,"NM",26912,8354,"26912_20231231",0.16498530599618472,2.103751193595596,78,9.733416400540918,0.8933268345221503,4,"SC"
725662,5.074559440559441,"N",2691,11524,"2691_20231231",0.47900890301368115,3.151997476493674,143,9.619516835989263,0.667780616597667,4,"KY"
586719,8.037246575342467,"SI",26922,10214,"26922_20231231",1.2382411025757252,2.7798874293802656,73,8.338418538451887,0.006314338283657615,4,"MA"
44965,4.996111111111111,"NM",26941,522,"26941_20231231",0.2866514967936405,3.0264510444583133,9,9.347070241675732,1.3789970263225522,2,"MT"
315032,8.750888888888888,"SM",26944,4079,"26944_20231231",0.05658443371504636,2.442418627600216,36,10.583964063749923,1.9985512799651466,2,"IA"
365188,6.0864666666666665,"NM",26955,5712,"26955_20231231",0,2.45887376576823,60,17.310559247169405,1.9932832663716906,4,"TN"
322199,3.7905764705882357,"N",2695,5285,"2695_20231231",0.6656157835858842,2.7722413037994094,85,12.372913078096797,1.5026360267371481,8,"KY"
972834,5.0146082474226805,"NM",26960,16664,"26960_20231231",1.115812284117106,3.4356750732595858,194,8.328754002776288,1.2801001342684053,4,"MO"
4844636,8.267296928327646,"NM",26962,59501,"26962_20231231",0.03916263667662919,2.2821291473287464,586,10.568489207294572,1.105843284242556,4,"TN"
1194312,5.580897196261683,"N",2700,16532,"2700_20231231",0.7096794488659599,2.9876093202296583,214,8.347591851834725,0.9133451041907225,4,"KY"
18998,1.357,"NM",27010,1028,"27010_20231231",21.052631578947366,9.529758017961749,14,8.004353418422875,-6.004599267524061,7,"CO"
234689,12.352052631578948,"SB",27015,3910,"27015_20231231",1.7427665958310703,3.5398750188594508,19,8.790438710063368,-1.2666533334736827,5,"MA"
288297,7.39223076923077,"N",27026,5030,"27026_20231231",3.3441025153732338,3.5440243626740426,39,13.773177497560262,2.733652938282112,4,"CO"
207323,6.9107666666666665,"SM",27043,2811,"27043_20231231",0,2.3036697346403274,30,14.992475454497065,1.47188408008223,4,"TX"
2143599,4.46583125,"N",27046,33330,"27046_20231231",0.6497691647962629,2.8045430159447595,480,8.668391117565196,0.5555013296081913,4,"KS"
2483432,27.290461538461543,"N",27052,16362,"27052_20231231",0.29877678144263625,1.5440533114002906,91,9.526048013685813,1.4387201113335892,4,"IL"
3202453,13.399384937238494,"NM",27054,48142,"27054_20231231",0,2.89395032218004,239,14.64505242163672,1.7781097103088936,9,"NJ"
2569549,28.871337078651685,"NM",27074,13129,"27074_20231231",0.6781347617360479,1.1861247406305206,89,15.28296900519953,4.996310128811334,4,"TX"
230881,5.130688888888889,"N",2708,3217,"2708_20231231",0.9973992546317398,3.0291461558212016,45,8.545271404588696,0.5880390077094174,4,"KY"
74787,0.2690179856115108,"NC",27102,42592,"27102_20231231",0,81.5489925446707,278,82.49591836734695,24.244475116039883,7,"WI"
401496,5.147384615384615,"NM",2710,5676,"2710_20231231",1.5218361601318409,3.027880347909389,78,9.05800777089061,1.0357081582205845,4,"KY"
339608,4.921855072463768,"NM",27118,5448,"27118_20231231",0.20065116983417883,3.2572231563385885,69,9.396791502243037,1.3652469972376398,8,"AL"
2345377,8.497742753623188,"NM",2711,23194,"2711_20231231",0.21039263414117898,1.7656570420820492,276,9.934965470420838,1.6568703745627826,4,"KY"
1210138,10.615245614035087,"SM",27132,13068,"27132_20231231",1.289506348623215,1.9920711747569337,114,11.828933933897748,1.6170485052994839,4,"CA"
127478,3.1092195121951223,"SB",27153,2208,"27153_20231231",0.5214224625486247,3.2821547626276546,41,11.47107621716454,1.5204099268054576,8,"GA"
659813,4.746856115107914,"SM",2718,8573,"2718_20231231",0.2593984123797414,2.5519765060972355,139,12.661983762266384,0.8610208023329676,4,"KY"
87235,5.1314705882352944,"NM",27201,1512,"27201_20231231",1.2432353371361708,3.1340290288589006,17,7.346827195790097,0.7772754569042682,5,"OK"
5733770,6.225591748099892,"SM",2720,64975,"2720_20231231",0.34479881551930386,2.0659347169325373,921,13.219853643016227,1.4046224849048687,4,"KY"
4550713,8.701172084130018,"SM",27210,47836,"27210_20231231",0.9466317361291934,1.976057761379388,523,10.696588562699143,4.210576076950896,4,"OK"
789751,1.4597985212569315,"NM",27211,58519,"27211_20231231",1.4180621838292395,10.96699948520873,541,11.391186454657694,-1.1116398695862115,4,"TN"
143039,4.4699687500000005,"SM",27219,2774,"27219_20231231",0,3.1384631452518343,32,13.43518376246607,0.5496227055536698,4,"KY"
462683,5.38003488372093,"NM",27233,6037,"27233_20231231",0.3475623736373679,2.221863060279463,86,9.281437817044985,1.3555102790793636,4,"AL"
2983044,6.470811279826464,"NM",27235,42190,"27235_20231231",0.2419623851383619,2.6335615787086435,461,9.725585484242696,0.8828441561401754,4,"IN"
14487768,12.043032418952619,"NM",27237,161088,"27237_20231231",0.49988621410105416,2.467448768131487,1203,10.580202698374638,1.4841722622241216,4,"MO"
775257,14.095581818181818,"SI",27238,8049,"27238_20231231",0.35834086840834145,1.678915737062902,55,13.251812326163966,0.23779753357701175,5,"MA"
135585,5.8950000000000005,"N",2723,1487,"2723_20231231",0,2.0903227296612177,23,13.462314396384764,1.3988416609404142,4,"KY"
228473,13.439588235294119,"NM",27254,1491,"27254_20231231",0.003206130120790952,2.022164322069748,17,10.732927045639284,1.1078568471121626,4,"GA"
628218,5.323881355932203,"N",2725,6938,"2725_20231231",0.410716292860159,2.3093338245827386,118,8.561507697496808,1.3484667350293462,8,"KY"
825595,10.192530864197531,"NM",27267,9512,"27267_20231231",0,1.8199028788074791,81,15.291299052263604,2.123904152528037,4,"NY"
461893,6.6941014492753625,"SI",27269,7658,"27269_20231231",0.06956037840845854,3.090971579690111,69,8.049391455303514,0.22919963310274058,5,"MA"
1062118,18.633649122807018,"N",27290,4677,"27290_20231231",0.1622467859006594,1.624359959891333,57,9.579919449671303,0.4635896846420138,4,"NY"
109577000,10.854581475978208,"SB",27314,1524000,"27314_20231231",2.339127596197005,4.610133688009154,10095,11.976270619083927,1.956910799683139,3,"UT"
269244,19.231714285714286,"SM",27330,54734,"27330_20231231",0,5.290192895610351,14,36.59103980937513,-17.701955935845483,7,"CA"
5866190,13.516566820276498,"NM",27332,55778,"27332_20231231",0.6682106631724626,2.2376205616883387,434,4.429643061758477,-0.7076572983021792,4,"PA"
103923,6.9282,"SM",2733,948,"2733_20231231",0.32742653981815883,1.7289066184481239,15,9.248600644791233,1.366443765741906,8,"KY"
212385,4.4246875,"SM",27351,5156,"27351_20231231",0.26464374049049233,7.298978443963853,48,16.25595716723215,0.6003353991374264,4,"KS"
211082,5.025761904761905,"N",2735,3382,"2735_20231231",0.23156286749996968,3.146274296007397,42,8.962001456539435,0.7254104335288397,4,"KY"
795479,6.072358778625954,"NM",27362,12004,"27362_20231231",0.2500922154694105,2.3560243059673756,131,12.057600315618169,1.1684991025610614,4,"IL"
979295,7.710984251968505,"NM",27381,9603,"27381_20231231",0.01853684940292808,1.7426795621726086,127,11.108985691253103,1.5084212474551175,4,"AL"
101460,10.146,"SI",27385,2467,"27385_20231231",0.6377907822447998,3.391972887806393,10,18.306791086514966,0.9976390846489392,4,"PA"
14793562,,"N",27389,0,"27389_20231231",0.7018574723962882,0.4235739061355213,0,9.201474114566981,-6.3287369912069025,9,"NV"
651306,5.519542372881356,"N",2738,8520,"2738_20231231",0.196404222465031,2.7087849405478126,118,10.631630146348071,0.8427400287467987,8,"KY"
856197,4.5785935828877005,"NM",27394,14247,"27394_20231231",2.372312936390126,2.8130614717349065,187,13.808026475205423,1.5496082447041017,4,"OK"
172988,5.087882352941176,"NM",27398,2547,"27398_20231231",0.23462326631225683,2.6808833299294097,34,9.376926109577935,1.3650907673852468,4,"TX"
4466034,7.835147368421052,"NM",27408,72283,"27408_20231231",0.3199142560283825,2.4632823930310974,570,10.010778920672477,0.9071479903072754,4,"MA"
286608,7.961333333333333,"NM",27409,3706,"27409_20231231",0.48146724129026336,2.635998655306579,36,7.347365005981709,0.17015331709413956,4,"MO"
958014,5.178454054054054,"N",2740,18346,"2740_20231231",0.506272602839529,3.1413153323395178,185,8.905419743404615,1.200697455801209,4,"KY"
416722,3.93133962264151,"SB",27417,13080,"27417_20231231",1.1822079343290588,5.358358947930279,106,12.608538127290608,1.636828984475816,4,"RI"
180420931,89.22894708209694,"N",27471,479343,"27471_20231231",0.6670686851352583,15.641940193868429,2022,9.548308745358499,3.5036820054887436,3,"UT"
10473539,5.624886680988185,"SM",27476,156238,"27476_20231231",0.5263405562557331,2.601572609308046,1862,10.431320629707603,1.749629561002986,4,"OK"
15034,1.5034,"NC",27479,1539,"27479_20231231",0,16.749951145975825,10,88.94527615664383,6.944250579269144,7,"MA"
353212,6.422036363636363,"NM",27496,4820,"27496_20231231",0.1510242310984436,2.829760433267764,55,8.384920936543729,0.5977213878140821,4,"SC"
8680849,13.521571651090342,"NM",27499,135225,"27499_20231231",4.089985074703202,10.563825990443892,642,17.885354619459907,5.204628850338787,3,"DE"
578533,6.727127906976745,"NM",27503,9516,"27503_20231231",0,2.4935484224113824,86,21.806373236146154,0.5244861379408495,4,"NY"
416993,3.971361904761905,"N",2750,6484,"2750_20231231",0.24314723704956026,2.408574709218073,105,13.079832815747075,1.3461880670301833,6,"KY"
1015887,6.15689090909091,"NM",27510,13459,"27510_20231231",0.3146942627277235,2.004793759121885,165,14.855218053467873,1.6440590473133299,4,"AL"
160027,5.926925925925927,"N",2753,1981,"2753_20231231",0.346966420304665,2.13426762705512,27,11.480911760592925,1.2964220797245216,7,"KY"
124734,5.19725,"N",2754,1847,"2754_20231231",0,2.833560510254127,24,11.298052331300413,0.8086514220291082,4,"KY"
216164,10.808200000000001,"NM",27556,3213,"27556_20231231",0.5651409972059798,2.4884103082228948,20,11.45713383603878,2.1397831596760364,4,"IL"
173231,4.124547619047619,"NM",27560,3040,"27560_20231231",0.04486248507752085,3.237346993212871,42,9.661895872225678,1.3905217296805998,4,"AL"
106940,21.387999999999998,"SI",27567,646,"27567_20231231",0.6979154670044915,0.9315019017012118,5,8.004806581319036,0.25613998879617894,5,"MD"
1087785,8.057666666666668,"N",27572,20907,"27572_20231231",0.576140704847272,3.031420651467526,135,10.881899960514177,0.771449875427043,4,"CA"
8066255,11.297275910364146,"N",27589,106827,"27589_20231231",0.296402339907123,2.364247090358514,714,9.927482216282552,2.116857097605214,4,"IL"
674770,5.530901639344262,"NM",2759,9362,"2759_20231231",0.8796577293158407,2.513375360430131,122,8.219330645173594,1.0559970515189254,4,"KY"
324882,5.601413793103449,"NM",275,4192,"275_20231231",0.11061946902654868,2.7560647439953225,58,7.4359596940633725,0.5275866763841391,8,"KY"
1172171,10.018555555555556,"SL",27619,12059,"27619_20231231",0.025907362673184314,1.8470652319365954,117,18.725391728722,0.031178083198929743,5,"NC"
279808,4.742508474576271,"SB",27643,3724,"27643_20231231",0.09582549306571886,2.7612317267699606,59,13.635967253028605,0.2735866080985984,5,"OH"
654574,7.79254761904762,"SB",27654,9115,"27654_20231231",0.4287525678956525,2.540651190342132,84,9.151727405823426,0.8674002212078815,4,"LA"
206210,5.426578947368421,"NM",2765,2862,"2765_20231231",0.08122193894817589,2.7841334352946676,38,9.730239540177669,0.9571569442878803,4,"KY"
511487,5.384073684210526,"SB",27664,9383,"27664_20231231",1.5854988867137882,3.1932607071482524,95,8.861540843475108,0.19593839466356017,4,"IL"
4672337,8.313766903914592,"SM",27677,65250,"27677_20231231",0.5031477317746252,2.776214487807394,562,11.077843078492782,1.182684155809844,4,"NC"
552138,6.573071428571429,"SI",27678,8862,"27678_20231231",0.27520645863726545,2.8252853624146548,84,11.83737778564671,0.7936687865296068,4,"TX"
343720,9.547777777777778,"N",2767,3303,"2767_20231231",0,2.0584485488902198,36,11.430587919635332,1.2639112910633388,4,"KY"
256879,5.584326086956522,"SB",27683,3669,"27683_20231231",0.16369425187634537,2.5841346153846154,46,24.721068284047256,-1.0918114143920596,5,"IL"
586806,30.884526315789476,"SI",27686,3254,"27686_20231231",1.6967081323516968,0.9230701277943145,19,15.66366892570928,1.0900854331597158,8,"PA"
480592,7.281696969696969,"SB",27697,5948,"27697_20231231",0.2998977683038239,2.1587265592027767,66,17.409636079848845,0.1673480272040281,5,"LA"
122285,17.469285714285714,"SB",27704,2361,"27704_20231231",0,3.2947601180445605,7,21.80985406498453,0.8001439071120321,8,"NC"
305206,6.9365000000000006,"SI",27711,3836,"27711_20231231",0.021263835123493814,2.4836011638547033,44,13.219298626440601,0.7817078436815644,4,"PA"
35769,5.109857142857143,"SB",27716,799,"27716_20231231",0.10566225371371744,3.332767708476949,7,38.419999451769414,0.22801752022992647,5,"LA"
202958,4.142,"SI",27723,4052,"27723_20231231",3.8111261475439813,3.534389225880436,49,8.494461754051192,0.3040646200061006,4,"IL"
168887,6.0316785714285714,"SB",27727,2289,"27727_20231231",0.15835909810723173,2.497670435943285,28,13.724596509849219,0.92175183217065,2,"KS"
312736,6.949688888888889,"SI",27742,4466,"27742_20231231",0,2.629270212934612,45,9.926170264973273,0.4823239685454909,4,"IN"
272236,7.7781714285714285,"SL",27752,3584,"27752_20231231",0.9851104750381492,2.2585853797359903,35,11.311513174043904,0.17513095190466235,4,"LA"
360073,14.40292,"SI",27760,2493,"27760_20231231",0,1.0361742510698608,25,9.383571653401681,0.35336621884946157,5,"PA"
541263,4.586974576271187,"SI",27763,9651,"27763_20231231",0.4968735126618634,3.0497652424235593,118,9.870413481942355,0.5601843658296328,5,"PA"
150859,4.71434375,"SB",27767,2389,"27767_20231231",0.3675691535314349,2.820391647608787,32,15.424288769274568,0.32988567890341813,4,"IL"
3495339,5.22472197309417,"SB",27774,60991,"27774_20231231",0.5245308771911452,4.023982109046686,669,9.675545623588528,0.4087608468555092,5,"ND"
634645,4.9581640625,"NM",2777,10043,"2777_20231231",0.06672428792234081,2.691551617597358,128,9.64261749215031,0.906905077268579,4,"AL"
823936,9.154844444444445,"SI",27799,12117,"27799_20231231",0.6473880398882789,2.429420909536193,90,16.01257247757841,0.16102278454654517,4,"PA"
214557,4.207000000000001,"N",2779,4676,"2779_20231231",1.2203618706947945,3.6104539243313116,51,12.286087895843993,1.8460903328006306,4,"AL"
277471,5.5494200000000005,"SB",27806,7697,"27806_20231231",0.37799549313065883,3.909591239423453,50,11.275998727183314,-0.6280970912841597,5,"OH"
5259523,6.566196004993758,"SM",27811,77604,"27811_20231231",0.1950165302978396,2.4419245531501854,801,8.800501660286148,1.2320348024556393,4,"MI"
540887,8.723983870967743,"SL",27824,7430,"27824_20231231",0.2598307791394263,2.251835327804894,62,13.59420962848826,-0.18999616492838728,5,"NH"
39951,7.9902,"SB",27841,532,"27841_20231231",0,2.1532679904524907,5,29.02558931047523,-0.033010004570616015,5,"KY"
50995,8.499166666666667,"NM",27847,689,"27847_20231231",0,2.4216335540838854,6,13.862533808440302,-0.004415011037527594,5,"OH"
242539,11.024500000000002,"NM",2784,1558,"2784_20231231",0.5708894361467363,1.3853687265043486,22,21.62337302450109,1.1685635768966607,7,"AL"
991436,6.2354465408805035,"SB",27872,13352,"27872_20231231",3.7197361621258174,2.864558375694087,159,10.584313534091464,1.9955680122358848,4,"NM"
157067,5.066677419354839,"NM",2787,2559,"2787_20231231",0.6650701955487964,3.142391729061283,31,11.374625834676491,1.0448237990136546,8,"AL"
574567,6.1124148936170215,"SB",27884,6209,"27884_20231231",0.37691343069375516,1.74289536902947,94,16.135841789497075,-0.2351777915833561,5,"WV"
46352,9.2704,"SI",27897,691,"27897_20231231",0,2.4349535366593322,5,11.737078946218709,0,5,"NC"
123267,9.482076923076923,"SL",27898,1566,"27898_20231231",0.5598312256178769,2.175126498178064,13,14.37192261144913,0.007409590644815509,8,"MO"
109038,4.956272727272727,"SB",27910,2634,"27910_20231231",0.634913848390269,3.744288650615975,22,26.444228793241237,0.44512522419910194,4,"IL"
621629,6.279080808080808,"SB",27932,9024,"27932_20231231",0.9451788033792673,2.704729143730349,99,8.473856624896635,1.008506504261218,4,"MN"
947811,7.1263984962406015,"SI",27943,15898,"27943_20231231",0.18143299324878281,2.823686425790691,133,10.880759395369948,-0.0542336432510947,4,"PA"
54620,10.924000000000001,"NM",2794,396,"2794_20231231",0.21561450132878704,1.8992313193405057,5,25.72803241326918,0.4494065879097904,7,"AL"
239023,4.878020408163265,"SB",27965,3510,"27965_20231231",0.5027598305592401,3.1133015583717407,49,8.509874919066492,0.20159836361133146,4,"OH"
142168,2.787607843137255,"SB",27969,4955,"27969_20231231",2.006193145433652,6.551657740746905,51,16.509809279634794,0.24803287088257275,5,"OH"
9588061,15.39014606741573,"SB",27981,49321,"27981_20231231",0.12978640647212245,1.169406702487938,623,8.887476534524687,-1.1547549579000222,5,"KS"
363859,7.909978260869565,"NM",27989,4712,"27989_20231231",1.5157019519638102,2.238573809015637,46,12.289030714892474,0.5692451781504223,4,"IL"
1129095,7.013012422360249,"SI",27998,11127,"27998_20231231",0.17543354207009523,1.8092095741985073,161,13.387960759864109,1.4889541765878926,5,"OH"
120085,9.237307692307693,"SI",28035,1791,"28035_20231231",0.38672667029325947,2.6056128563053083,13,16.574512245745122,-0.10745681525508527,5,"NC"
146685,2.529051724137931,"N",2804,3372,"2804_20231231",0.5916656542339934,4.753053159675715,58,14.571230061939183,0.7368859918249979,8,"AL"
230131,5.753275,"NM",2805,3386,"2805_20231231",0.02420895600512968,3.0889439016842757,40,9.695649061263937,1.4127727922431959,4,"AL"
176316,7.05264,"SB",28060,1952,"28060_20231231",0.05829841501184186,2.1754529694791587,25,10.892592991424896,-0.02602622538258552,5,"OH"
88213,5.189,"SB",28063,1177,"28063_20231231",0,2.465974997217117,17,15.158347735518651,0.9586747570940796,5,"OH"
261346,7.68664705882353,"SL",28080,2902,"28080_20231231",0.7962972179365948,1.9993271381834932,34,15.93712034753157,1.1452799844046981,8,"OH"
22637277,10.82087810707457,"NM",28088,197156,"28088_20231231",0.2548381021574559,1.6793889846887344,2092,9.116932423164545,1.0699926616915256,4,"WA"
3311915,7.01676906779661,"N",28094,48007,"28094_20231231",0.34136341648466945,2.5443061738859556,472,10.981963990389115,1.3179124525530768,4,"LA"
123705,7.7315625,"SB",28103,1615,"28103_20231231",0,2.018040150851635,16,27.299232858815753,0.14101212234211732,5,"IL"
483462,6.119772151898734,"N",28105,6227,"28105_20231231",0.6246227643826043,2.1504494164394985,79,8.112255492337722,0.4406623976263436,8,"IL"
2077283,16.2287734375,"SI",28116,12960,"28116_20231231",0.11870769881556684,1.1082883133592658,128,26.250036134694195,0.8413145905208647,5,"WA"
501285,10.665638297872341,"NM",28151,10238,"28151_20231231",4.073941717293136,3.7525024568347316,47,12.00950888756821,2.417858811644473,4,"IL"
300333,5.5617222222222225,"SM",28155,4661,"28155_20231231",0,2.576122909931705,54,9.432333478888852,-0.05552998351495429,8,"NH"
136255,6.193409090909091,"SL",28157,1922,"28157_20231231",0.28580584256428465,2.4864799993999447,22,18.999646257701265,0.8498286091463461,4,"OH"
273066,4.964836363636365,"SM",28167,4984,"28167_20231231",1.8796431414168215,3.2952510002791473,55,6.927833687900266,0.038164720387084766,5,"CT"
14473118,6.898530981887512,"SI",28178,209235,"28178_20231231",0.8503170624060131,2.5439981283557325,2098,9.696643701504842,1.0306392130408202,4,"PA"
193131,3.7868823529411766,"SI",28186,3407,"28186_20231231",0.7882061012990804,3.2282721574705193,51,11.849379808530076,0.6800246706624705,4,"PA"
145087,4.53396875,"NM",281,2299,"281_20231231",0.3566252914120093,2.956655184780524,32,8.853117370015076,0.777042899996386,8,"KY"
383160,6.081904761904762,"SB",28208,5832,"28208_20231231",0.33672172808132145,3.0535126756133577,63,16.011070685110774,1.1125498068993407,5,"CO"
446819,8.761156862745098,"SB",28213,6050,"28213_20231231",0.09591584158415842,2.2589002348211555,51,9.243632316450153,0.04080804594752785,5,"MA"
96974,4.617809523809524,"SB",28217,1213,"28217_20231231",0.26958612833818507,2.7923598445709636,21,7.388834876938034,-0.19185916150611754,5,"OH"
372273,12.4091,"SI",28222,3441,"28222_20231231",0.6608114198274868,1.5815453988398085,30,10.104318093962508,-0.012810357601132435,5,"NJ"
103463,7.390214285714286,"SB",28246,1616,"28246_20231231",0.02651921980455335,2.573635103131191,14,16.09737908567279,0.8604859007429513,8,"KS"
2217379,9.162723140495867,"SI",28262,25750,"28262_20231231",0.6397086779237721,2.126675690386848,242,9.092930788072199,0.8431520834980298,4,"PA"
2050150,19.160280373831778,"N",28263,14138,"28263_20231231",0.3340636962904451,1.4816198440528936,107,9.76020295664626,0.9756845751886218,4,"OH"
71849,3.2658636363636364,"SI",28266,1763,"28266_20231231",0.07595577685880664,4.000569227999048,22,8.138138138138139,-1.2401038550675814,5,"WA"
260069,4.483948275862069,"SB",28277,4030,"28277_20231231",1.2481990271180154,2.7672817730943775,58,15.160182844934026,0.11564514819392625,5,"MO"
105413,6.200764705882353,"SB",28288,1590,"28288_20231231",0.30258076669492323,2.868755180102182,17,7.872273469307475,-0.06614966166393638,5,"ME"
186076,3.959063829787234,"NM",2828,3122,"2828_20231231",0.20593955837405814,3.1191495200116846,47,12.279112411181087,1.7139278490592762,4,"AL"
783382,6.026015384615385,"NM",2829,8677,"2829_20231231",0.11744689212302004,2.188340554865847,130,9.687216575786326,1.1732276942168522,4,"AL"
99713,6.6475333333333335,"SB",28302,2702,"28302_20231231",0.7504624943278997,4.137390074682929,15,15.073754467723782,0.019333598479826773,5,"IL"
93651,5.8531875,"SI",28314,1342,"28314_20231231",0.013242026408384093,2.868161306737656,16,17.895072983301915,-1.7379291202482938,8,"NC"
137487,5.092111111111111,"SL",28315,2255,"28315_20231231",0.9179592234903913,3.4204389683967653,27,10.91492658993926,0.4255645606045912,5,"CO"
1125458,3.0750218579234976,"SI",28316,40868,"28316_20231231",1.1126239635831572,6.102865368456542,366,14.802567178417474,0.10493860997453688,4,"LA"
985057,7.351171641791045,"NM",2832,11309,"2832_20231231",0.41816183270037166,2.551484390464654,134,10.07987586436724,1.4149852280856494,4,"AL"
4593354,6.628216450216451,"SM",28332,51641,"28332_20231231",0.15868630675440412,2.4121632370048167,693,9.453058352832864,1.0810927726909068,4,"MO"
485838,7.96455737704918,"NM",28348,4849,"28348_20231231",0.7537248028045574,2.0688780218768485,61,17.498056012893304,0.41210164792202536,8,"OH"
156788,4.751151515151515,"SB",28349,3874,"28349_20231231",0.3828195492015103,3.904158030505578,33,8.7494760008384,0.5955033365902052,5,"OH"
13436358,14.863227876106194,"N",28359,129106,"28359_20231231",0.28987100040121366,1.7708838132508509,904,8.89681224551654,0.8637244965351657,4,"NJ"
1372563,8.0739,"NM",28362,22135,"28362_20231231",3.3953652216572046,2.895092087915551,170,9.324452017216133,0.8520984675651053,4,"NM"
642440,9.31072463768116,"SB",28368,10010,"28368_20231231",0,2.541359362402575,69,8.446025916112431,0.7453813316029388,4,"MA"
93947,5.219277777777778,"SB",28369,1621,"28369_20231231",0.22563634519825576,3.570882810322975,18,9.673122020500061,-0.19101638695874942,5,"ME"
963618,4.794119402985075,"SM",28380,18525,"28380_20231231",0.9552770414925069,3.4592936116870927,201,8.38401842362255,0.48586802226631887,4,"NY"
318211,6.36422,"NM",2838,4827,"2838_20231231",0.28649067368343395,2.790752782059851,50,9.652685650334174,1.0254438868090248,4,"AL"
126358,0.8313026315789473,"SB",28390,21824,"28390_20231231",0,41.84585804085563,152,97.78538470507887,6.784812046937147,7,"MO"
906987,5.153335227272727,"NM",28396,15059,"28396_20231231",0.10405705600374138,2.4027454882727226,176,9.191999844203393,1.0085037443513374,4,"SC"
853396,8.127580952380953,"NM",28400,11692,"28400_20231231",0.027095944542657072,2.3854914837774936,105,10.023807247677151,0.8286314496248491,4,"WI"
402877,8.571851063829788,"SI",28401,4356,"28401_20231231",0.896647730711698,1.8784743331465785,47,20.830557134178605,0.8577803208207672,8,"IL"
2181994,8.08145925925926,"NM",28405,30316,"28405_20231231",1.128903576691937,2.744920167846114,270,9.897318024670122,0.2546047018413724,4,"WA"
199157,4.3295,"SB",28425,2961,"28425_20231231",0.8287783851042084,2.574677694119076,46,10.129173360559335,0.09213974667851918,5,"IL"
191129,3.675557692307692,"SB",28445,4617,"28445_20231231",0.10575296108291032,3.913839787298331,52,10.62511400057326,1.286849009390282,8,"IL"
1894612,7.0170814814814815,"SI",28453,23573,"28453_20231231",0.24853012080217787,2.361587134122628,270,12.058831828136226,1.424057834626577,4,"WA"
57780,4.815,"SL",28463,971,"28463_20231231",1.043140028288543,2.6945411528389576,12,15.99866844207723,0.4650990357620715,8,"OH"
318597,9.102771428571428,"SI",28471,3309,"28471_20231231",0.3832209343828077,2.006181563375486,35,19.16751048517701,0.9018614367467781,5,"NC"
126854,5.515391304347826,"SI",28478,1627,"28478_20231231",1.1600556826727682,2.4862893174574405,23,8.822933016905363,0.06175621853039448,8,"IN"
27374,4.562333333333334,"SL",28480,380,"28480_20231231",2.5998239163084573,4.609565230707974,6,7.426721812623629,-0.10337064886139144,8,"WI"
358878,12.375103448275862,"SB",28481,4736,"28481_20231231",0.0532231124196699,2.1623374484474898,29,18.31522351167874,0.19110349347408545,5,"MA"
15667813,8.211642033542978,"NM",28489,228306,"28489_20231231",0.2735448696475806,2.4193881091002782,1908,10.463560331776698,1.25377267539341,4,"WA"
132718,5.770347826086956,"NM",284,1519,"284_20231231",0.15330705212439774,2.588129419608693,23,8.30113452686997,1.6487829551314264,8,"KY"
61572,4.736307692307692,"SB",28507,624,"28507_20231231",1.3440410462327812,2.0246673877067014,13,13.047926851054845,0.12542187357475143,5,"KS"
640223,7.11358888888889,"NM",2850,7635,"2850_20231231",2.6139494210418492,2.0843624101889553,90,13.352897909167039,0.8218739651418138,2,"ID"
2210278,3.1665873925501438,"SI",28513,84969,"28513_20231231",0.26284599673738585,5.541499471977747,698,15.616300777190627,0.4154108721237061,4,"WI"
439631,6.191985915492958,"SI",28515,6132,"28515_20231231",0.6144366901581532,2.6755883731508354,71,9.061883803549293,-0.48233552912600064,7,"TX"
990321,5.825417647058823,"SI",28530,18250,"28530_20231231",0.12287596169812366,3.188996406175179,170,8.130187899020665,0.5943091429603703,2,"WI"
1457261,8.279892045454545,"NM",28533,15373,"28533_20231231",0.7216988750014661,2.11441319126055,176,10.639423981803207,0.7429931735706466,4,"IN"
121096,5.76647619047619,"NM",28543,2017,"28543_20231231",0,2.5635126160393322,21,11.910117814603833,0.7571418547690962,2,"NE"
168199,5.606633333333334,"SL",28555,2896,"28555_20231231",0.05791398029529152,3.372830461381278,30,21.69596518658114,0.09843132857374251,4,"OH"
121423,4.497148148148148,"SB",28585,2044,"28585_20231231",0.3296573496408131,3.318464831458944,27,8.744995005498149,-0.03250880732029901,5,"NY"
918933,4.811167539267015,"NM",28593,15708,"28593_20231231",1.4820745319642143,2.998555668344417,191,8.048342182942763,0.9380177890781379,4,"MI"
960974,8.504194690265487,"SI",28599,13337,"28599_20231231",0.32787862159380543,2.267266356707288,113,12.545531903808833,0.21932301083029243,5,"WA"
49159,8.193166666666666,"SI",28611,768,"28611_20231231",0,3.430538535060897,6,10.561513435353657,0.5294530571452367,5,"IL"
346807,4.229353658536586,"SI",28614,7043,"28614_20231231",0.06542855704866879,3.4055033770564513,82,9.70478187336376,-0.30420793889832604,4,"WI"
107421,17.9035,"NM",28635,281,"28635_20231231",2.5551504665389606,0.7616496216195077,6,12.685597184140867,3.8522458397700383,5,"KS"
74487,5.7297692307692305,"SB",28637,1061,"28637_20231231",0.24766032433977092,2.7334248488789346,13,22.79078361974614,-0.17527100107838495,5,"PA"
53000,7.571428571428571,"SB",28652,781,"28652_20231231",0,2.5470628174345786,7,22.41779311667146,1.3162037195082632,2,"OK"
42160,5.2700000000000005,"NM",28663,552,"28663_20231231",0,2.939857721980059,8,21.960326186549388,0.3859718864549291,5,"OH"
73477,2.93908,"SB",28667,1570,"28667_20231231",0.5561521939245168,3.8856859659251173,25,7.908305557445072,0.5720446774801564,4,"MI"
79570,5.304666666666667,"SL",28677,1081,"28677_20231231",0.6146536445567329,3.035942973604612,15,14.102928281194039,-0.13205168453101718,5,"OH"
2576967,5.937711981566821,"SI",28679,44620,"28679_20231231",0.18044365730216871,2.8748537982594047,434,12.348986688485383,1.0126234637834126,4,"WI"
496293,8.411745762711865,"SI",28701,6162,"28701_20231231",0.6109139973014842,2.0199874129823,59,13.503358580548403,0.6120808862481409,5,"PA"
56849,8.121285714285715,"SL",28703,498,"28703_20231231",0,1.9793538171077076,7,20.616309525902228,1.2722000602264922,5,"OH"
1027190,7.723233082706767,"SB",28706,12569,"28706_20231231",0.5187313842969947,1.9568012481041956,133,14.818553357872357,0.6184334737604488,5,"PA"
151656,6.319,"SI",28708,1885,"28708_20231231",0.032886782415243995,2.342055138998383,24,8.447634058821556,0.262546107412288,4,"NJ"
5595320,13.953416458852868,"SB",28710,46038,"28710_20231231",0.3358268782349832,1.4818391679441658,401,12.799220335413192,0.7119649313022592,4,"NY"
168650,14.054166666666667,"SL",28712,2746,"28712_20231231",0,2.583078016443279,12,36.482475339549666,1.7262115568823848,4,"NY"
2897,1.4485000000000001,"SB",28722,99,"28722_20231231",8.495238095238095,4.913430042115114,2,11.80939226519337,-2.038906344006952,5,"IN"
382066,9.55165,"SI",28729,3997,"28729_20231231",0.018992232831676423,2.2659669842856425,40,9.601336871907442,0.11096936259198129,4,"NJ"
309505,5.95201923076923,"SB",28735,5023,"28735_20231231",0.9055296274118125,2.750236289297082,52,12.323678348507332,1.1518280498432196,8,"KS"
443915,5.5489375,"SI",28747,7867,"28747_20231231",0.9299931901001731,2.9222857172875165,80,20.381655055162344,0.29527102334063815,5,"IL"
7889500,14.885849056603774,"SI",28765,70308,"28765_20231231",0.6406802902741291,1.4408399827378913,530,8.099720382723618,0.22745561291832445,4,"NJ"
136881,6.221863636363636,"SB",28769,1484,"28769_20231231",0.006597684212841292,2.1957783397452673,22,20.866939653389586,0.7585161632517111,5,"IN"
1072786,8.939883333333334,"NM",28778,12200,"28778_20231231",0.020685650863304938,2.5605379154906758,120,16.290887505969152,-0.3035515287761545,4,"NJ"
456700,6.171621621621622,"SB",28780,5981,"28780_20231231",1.1000720683619891,2.1330910407929506,74,14.694055416051842,0.09032047592150477,5,"MD"
1202967,7.862529411764706,"SI",28788,17512,"28788_20231231",0.1869747899159664,2.394290342341009,153,7.664718082624668,0.18262024280845432,9,"NJ"
88662,6.333,"SI",28790,1161,"28790_20231231",0.34806925685726187,3.0170382324797553,14,17.719171371249942,0.750986636960444,5,"WI"
166374,4.15935,"SI",28793,3659,"28793_20231231",0.13422049808899475,3.5338115324193176,40,9.962710861201538,0.2533452823912007,4,"PA"
1392541,5.754301652892562,"SM",287,18509,"287_20231231",0.831362066026715,2.6479819272141634,242,9.633045005117289,0.6032506829512287,9,"KY"
89696,4.077090909090909,"SB",28805,2646,"28805_20231231",0.22081148219707425,5.143849449613682,22,15.716161653351005,-1.2305113309585058,8,"NY"
1479322,7.216204878048781,"N",28808,21511,"28808_20231231",2.109137329030333,2.714659304866837,205,10.850168004209706,0.7384851470087671,4,"IL"
433188,6.370411764705882,"SM",28812,5910,"28812_20231231",0.0015703616228745154,2.6632556146264057,68,7.965961524728344,0.2200678735652154,4,"AR"
573086,6.663790697674418,"SI",28818,8399,"28818_20231231",0.033584683672923686,2.4293595284442073,86,8.1543550470407,0.32899002628156415,5,"NJ"
10336879,14.277457182320443,"SB",28834,110506,"28834_20231231",0.16640508267331264,1.7400591179834528,724,9.477636692117738,0.3547970233055568,4,"NJ"
445566,10.608714285714287,"SI",28836,4981,"28836_20231231",0.11985666625478808,1.6073109434882233,42,15.682167479032188,0.8666937448870791,7,"PA"
285205,5.484711538461538,"SM",28837,5163,"28837_20231231",0.04482814199943587,3.1844873223499186,52,8.69045033239922,0.8434997798217486,4,"VT"
436590,7.399830508474577,"SI",28841,6720,"28841_20231231",0.19966510716117056,2.336125889958275,59,14.283368129297003,-0.18174793451288287,8,"IL"
1465572,5.7927747035573125,"SB",28845,23147,"28845_20231231",0.00606696362170329,2.6931599382839746,253,8.244692380219567,0.4104056689766876,4,"ID"
572794,6.58383908045977,"SB",28859,8926,"28859_20231231",0.45631605976766043,2.9149805832142435,87,25.35286910099072,1.654947639060986,5,"SC"
82997,5.928357142857143,"SL",28860,1004,"28860_20231231",0.9391455404158298,2.215497290450385,14,17.34675228150549,0.001190487528452652,5,"CO"
1052891,8.847823529411766,"SB",28865,14102,"28865_20231231",0.8802995909657203,2.3992253688041907,119,10.347689890919908,0.9205176212060802,4,"MN"
451333,6.943584615384616,"SI",28868,7206,"28868_20231231",0.3317692949107509,2.7056895166720065,65,10.757976904918296,-0.09820719628902169,5,"TX"
441631,5.888413333333333,"SB",28870,6755,"28870_20231231",0.43025802521934087,2.8756352760005264,75,8.802202613884628,0.23005971327669048,4,"NY"
381583,5.020828947368422,"SB",28894,6591,"28894_20231231",0.34468937875751504,3.2942802659482204,76,10.69223845828039,0.6092364433479918,4,"IN"
67558,4.825571428571429,"NM",288,815,"288_20231231",0.41472265422498705,2.587185552152214,14,8.800069235096425,1.225508945756312,8,"KY"
1657551,4.977630630630631,"SM",28905,31067,"28905_20231231",2.126474243452882,3.493523547301576,333,11.422909821193338,1.621236059774742,2,"AR"
210781,7.527892857142858,"SI",28908,3077,"28908_20231231",0,2.563812073431843,28,9.120715632669693,0.07949435875661302,4,"PA"
605071,7.035709302325582,"SB",28914,9278,"28914_20231231",0.19160709923420888,2.569460854051577,86,12.363908897864013,0.33337838884723686,4,"OR"
390598,4.0687291666666665,"SB",28924,6833,"28924_20231231",0.053039142887450944,2.8720568068424432,96,11.05688372524944,0.12310305238191366,5,"IL"
254625,6.881756756756757,"SI",28925,2995,"28925_20231231",0.29509095124675927,2.15871882547846,37,10.9134231597281,0.5032229377222767,2,"IL"
446105,6.863153846153846,"SM",28930,6378,"28930_20231231",0.008552856654122476,2.297394399877905,65,10.480671460217163,1.6989817242913332,2,"MO"
300852,9.401625000000001,"N",28942,3106,"28942_20231231",0.12846841702966286,2.030615946919541,32,12.426584560878139,0.20971179607453755,5,"NY"
76485,7.6485,"SB",28949,961,"28949_20231231",0.28987942696298785,3.9462889168282653,10,12.186430466717086,-1.8153195388582268,5,"MS"
85055,6.542692307692308,"SB",28983,1130,"28983_20231231",0.8880788667053268,2.5298344715938206,13,9.32210799805139,0.4666084128135373,5,"WI"
195206,7.229851851851852,"NM",28989,3397,"28989_20231231",0.23690068551434,3.1174591191577132,27,11.423499319842225,-0.1061621213551005,2,"IA"
261500,9.339285714285714,"NM",289,2174,"289_20231231",1.5881961166043341,1.5347382541722114,28,8.886763299242146,0.4957915017211375,4,"KY"
24733,6.18325,"SB",29005,385,"29005_20231231",3.447400165068885,2.5387461957924877,4,20.56891897336718,0.12908878961656717,5,"OH"
861166,8.878,"SI",29009,12329,"29009_20231231",0.1720962758969081,2.1123317701784887,97,23.46391977773682,0.140690883717074,5,"IL"
806594,5.720524822695036,"NM",29011,11605,"29011_20231231",0.20155087930733734,2.7311600721030342,141,8.569850595144063,0.7503929901075168,5,"OH"
7171501,8.953184769038701,"NM",29012,95758,"29012_20231231",0.13287582165163195,2.2604448773925685,801,9.750324751298685,0.9604828432817422,4,"WA"
223772,7.459066666666667,"SI",29024,2659,"29024_20231231",0.7101740015596445,2.7436328478005265,30,10.23032428969334,0.862395662271283,4,"IN"
460452,5.75565,"SB",29035,5960,"29035_20231231",0.3201559020044543,2.473842515456596,80,18.041244942016252,0.756102829984878,5,"WV"
1107107,6.833993827160493,"SB",29042,17663,"29042_20231231",0.444732805043256,2.5081351879449163,162,9.078815166828303,0.5931766805182901,4,"MN"
960134,6.957492753623188,"SI",29047,14463,"29047_20231231",0.6424214284570678,2.850798370207159,138,12.934890642883435,0.05994073519224716,5,"MO"
80412,8.0412,"SB",29049,997,"29049_20231231",0.140197152245345,2.6939245346166136,10,14.035731125897208,0.6731642013559632,8,"MN"
650196,5.201568,"NM",29056,9521,"29056_20231231",0.8889389229746099,2.7949528351709065,125,8.109080544094352,0.4722170313375962,4,"IN"
1504459,10.669921985815604,"NM",29058,19870,"29058_20231231",0.04507941784590898,2.250411791691436,141,10.176823666476768,0.49287935073281497,4,"WA"
40147,8.029399999999999,"SB",29059,598,"29059_20231231",1.0943109638221487,2.8963725670719267,5,14.051685505153614,0.2911302322572298,5,"NM"
52465,7.495,"SI",29061,528,"29061_20231231",0.20625217434521148,2.4152461214326757,7,13.212473888391523,-0.07661367554108409,5,"NC"
137117,4.897035714285714,"SL",29066,2643,"29066_20231231",1.6580573546249926,3.3860165190808145,28,9.576462318034034,0.5401520630618037,2,"CO"
579212,11.357098039215686,"SL",29087,6124,"29087_20231231",0.4912182431234916,2.50481935762906,51,11.655721723755695,-0.29087554578121383,4,"AZ"
262816,7.103135135135136,"SB",29089,2550,"29089_20231231",0.18768768768768768,1.8780135995157314,37,10.27384748871654,0.7471750350528952,8,"TN"
268770,5.071132075471698,"SB",29090,3623,"29090_20231231",0.6901828434275413,2.6673635764635297,53,14.718939067563264,0.22652119312385732,5,"OH"
90492,5.65575,"SM",29093,690,"29093_20231231",0.21686475525263335,1.7916174414445662,16,11.798551256189253,0.7749585424276254,7,"MO"
556106,6.466348837209302,"SB",29120,8921,"29120_20231231",0.2780282536819958,2.59797338808593,86,11.18132057986012,-0.9124624927021178,4,"WI"
186292,3.72584,"SI",29121,4042,"29121_20231231",0.3349191590008396,3.4864063497373157,50,9.247570937468911,-0.12544076284920963,8,"IL"
151436,6.309833333333334,"SB",29135,1999,"29135_20231231",0.2397353806937153,2.5359053517669845,24,17.195047892455904,-0.03355640352054611,5,"OH"
747609,5.8406953125,"SB",29140,14759,"29140_20231231",0,3.0439368156279936,128,8.40197693574959,0.9621261730194208,2,"ND"
64627,7.180777777777777,"NM",29143,1079,"29143_20231231",0.022612923285657754,2.938811268821141,9,16.660543155445332,0.7600373971089158,4,"MO"
1748132,12.667623188405798,"SI",29147,17491,"29147_20231231",0.2788115316703831,2.074587867700251,138,14.434055172309856,2.9347459502623194,4,"NY"
219507,5.353829268292683,"SB",29164,4656,"29164_20231231",1.734518273641704,3.8029480807063227,41,13.76149738022749,0.40723809885859286,5,"GA"
281369,11.254760000000001,"SI",29170,3121,"29170_20231231",0,2.375500988033565,25,8.72486117904307,0.3432870241273124,4,"NJ"
249922,8.062,"SB",29173,3051,"29173_20231231",0.22947391331090639,2.5638552390663674,31,8.36505033529402,0.8332314221688649,4,"OH"
579529,6.368450549450549,"SM",29177,7551,"29177_20231231",0.4809432798390114,2.3714024999225027,91,8.59734251135498,1.1881063234905846,4,"TN"
78277,5.591214285714286,"SI",29186,1228,"29186_20231231",0.32220718898637246,2.9072989965001557,14,21.534113134219126,0.5608724800329398,5,"TN"
373589,6.7925272727272725,"SI",29188,5340,"29188_20231231",0.437258213915981,2.57395889243204,55,16.639174639354586,0.1526010587356213,8,"WI"
164161,4.20925641025641,"NM",291,2346,"291_20231231",0.46873758639866525,2.333112004022986,39,26.26283442231462,1.6770577523032082,2,"KY"
157798,4.383277777777778,"SI",29206,2558,"29206_20231231",0.31586374376476767,2.9458859722117157,36,10.158612408607693,0.3813954661219961,2,"TX"
140612,4.8486896551724135,"SI",29208,2180,"29208_20231231",0,2.608725545677158,29,11.041832074413454,-0.41451366374545817,5,"TX"
15995379,153.80172115384616,"NM",29209,40817,"29209_20231231",0.8062221588388732,0.7586339686871897,104,8.132168122575717,0.7583339715880313,5,"TX"
586519,8.034506849315068,"SI",29227,5587,"29227_20231231",0.8129322983919156,2.0225113717343914,73,11.595107760220854,0.1793477188127249,4,"IL"
99325,5.8426470588235295,"SB",29231,1607,"29231_20231231",0,2.6638506338058923,17,6.810843434089422,0.27095053018964554,8,"PA"
95673,8.697545454545455,"SB",29238,883,"29238_20231231",0.7602488707065541,2.086092437679167,11,33.35914337819526,0.305946254044358,5,"SC"
109767,5.226999999999999,"SB",29241,1485,"29241_20231231",1.8614455679016757,2.155386779583949,21,24.899880939495617,1.271740366033875,5,"TX"
105337,8.778083333333333,"SB",29268,1427,"29268_20231231",0.05526579392767089,2.2829774111479453,12,18.334210400420993,0.29777966232364506,5,"LA"
260109,14.450499999999998,"SB",29293,1707,"29293_20231231",0.5201876361199531,1.463208039842566,18,10.041809370440093,0.9055490453323825,5,"WI"
958078,7.918,"SB",29294,11393,"29294_20231231",0.17708427287213255,3.374520167100016,121,12.702484813638979,-1.4365418658933506,4,"WI"
1198688,5.7907632850241555,"SM",292,15292,"292_20231231",0.12458583391282499,2.258793378790628,207,8.152215597801927,0.7518530786826076,4,"KY"
466511,7.177092307692308,"SL",29331,8643,"29331_20231231",0.3414733727653776,3.278429748031733,65,15.156707645101516,0.08531399427803146,4,"GA"
640589,7.363091954022989,"NM",29332,6557,"29332_20231231",0.0019616266592909506,1.9028505212786473,87,9.767945544554456,1.2811389115012382,2,"AL"
228640,6.351111111111112,"SB",29345,2622,"29345_20231231",0.23144304217867817,2.444568490789559,36,15.81905911802819,0.9055577623361465,5,"OH"
143566,4.350484848484848,"SB",29357,2531,"29357_20231231",1.5596425244125462,3.3609972745965515,33,12.805251074181498,1.1239071932920186,5,"GA"
14632,3.658,"SB",29379,288,"29379_20231231",2.105643123571171,4.797655632058713,4,5.3809844908968305,0.16208296054252408,5,"NE"
193892,8.43008695652174,"SB",29384,2126,"29384_20231231",0.3643565223099985,2.1207067737302268,23,15.706454573891463,0.5607020182059463,8,"IL"
63898,7.099777777777778,"SB",29399,1105,"29399_20231231",4.453513525568119,5.068500025091584,9,13.699860755513631,-0.2302521851817959,4,"IL"
103919,7.422785714285714,"SB",29426,1330,"29426_20231231",0.31346159376527766,2.034368819450512,14,14.205646277331857,0.1578646375269065,5,"MN"
61337,8.762428571428572,"SI",29430,410,"29430_20231231",0.44196282419700994,1.9904971944570273,7,7.07876370887338,-0.04463739555676058,5,"PA"
40542,5.06775,"SB",29449,811,"29449_20231231",2.611304541077117,3.593676273634141,8,9.8971463144096,0.12391987150462555,5,"IL"
224407,5.754025641025641,"NM",2945,4547,"2945_20231231",0,3.730311995385877,39,11.22037535367869,2.000460345828138,2,"WA"
92157,15.359499999999999,"SI",29471,500,"29471_20231231",1.1621686435831688,1.1105371900826446,6,13.065174328610244,-0.36479855371900827,5,"PA"
454308,6.681,"SB",29476,6370,"29476_20231231",0.194909485417686,2.763519562371507,68,13.770001746732616,0.8232526125899167,4,"NE"
35860,5.976666666666667,"SB",29486,372,"29486_20231231",4.894384337970119,2.3515595431573795,6,17.25578223560834,-0.15862591001179954,8,"SC"
2810395,10.486548507462686,"SB",29488,27763,"29488_20231231",0.26188915322787637,2.0832733132613743,268,8.294035539788771,0.264412580905498,5,"OH"
24324,6.081,"SB",29490,348,"29490_20231231",1.393125889770185,2.230560767146133,4,10.9699106337624,0.27100271002710025,5,"WV"
244221,7.400636363636364,"SB",29495,2865,"29495_20231231",0.5280495108804153,2.9083972737794164,33,15.394344199946888,-0.36274593853144155,5,"OH"
256748,4.351661016949152,"SB",29496,4008,"29496_20231231",0.20943251842603405,3.115959875768017,59,10.1911694673107,0.36292580788585355,4,"NY"
6936,3.468,"SB",29501,136,"29501_20231231",0,4.074956237265762,2,23.13561762165275,-1.2339656211438574,5,"IA"
843149,9.16466304347826,"N",29510,12363,"29510_20231231",1.125134467659581,2.4315772898031223,92,11.269445363846991,0.7800166865654076,4,"GA"
112669,5.63345,"SL",29517,1629,"29517_20231231",0,2.9137843985848395,20,16.519622215706658,0.2356737381208326,5,"MT"
1584505,9.545210843373495,"SI",29520,18478,"29520_20231231",0.423221773479132,1.9788027103541321,166,12.042268807315597,0.7362587708082591,4,"PA"
128972,6.448600000000001,"SB",29521,1677,"29521_20231231",0.1074780502573418,3.1731417913409263,20,18.43439948048959,-0.2896940354775983,5,"OH"
2109045,7.272568965517242,"NM",29523,27655,"29523_20231231",0.7568732298479446,2.6622864744228534,290,7.775500631927228,0.36443498648129696,4,"IN"
140457,6.384409090909091,"SI",29535,1872,"29535_20231231",0.28792743209499055,2.6241027239014425,22,12.767496185083132,0.26809500950263465,6,"IL"
617438,8.232506666666666,"SB",29537,8624,"29537_20231231",1.6924641474568638,2.69191517924412,75,10.736912524962824,0.4840687113875152,4,"WY"
5815659,5.624428433268859,"NM",29546,76242,"29546_20231231",0.25209548470549914,2.4037415459966485,1034,11.57282199261967,1.301088182527335,4,"MO"
341783,6.835660000000001,"NM",29548,4383,"29548_20231231",0,2.2998556708031503,50,11.558093652144008,1.3694297299084286,7,"AL"
6353355,22.214527972027973,"SB",29566,27869,"29566_20231231",0.1159347611365444,1.0514733183282836,286,8.429113826578007,0.7647783697068233,4,"IN"
215194,7.173133333333334,"NM",29571,2650,"29571_20231231",0.6639407074624596,2.8663412086145934,30,18.222750385864572,0.586125843780135,4,"OH"
174297,6.224892857142857,"SL",29577,2729,"29577_20231231",0.31345488975282254,2.5410290530051007,28,11.577092112844731,-0.5233976491461522,4,"LA"
157276,6.049076923076924,"SB",29578,1967,"29578_20231231",0.5262921952750257,2.6731170903906682,26,8.70759857439621,0.046517478778857216,5,"OH"
37260,6.21,"SB",29582,485,"29582_20231231",0.008177952240758915,2.821040258595357,6,18.149993267806654,1.7471215237891702,5,"SC"
1286171,8.297877419354839,"SL",29613,15766,"29613_20231231",0.22671861580497005,2.1790226108089397,155,19.67982196578385,0.38406826732765137,4,"MD"
116567,4.4833461538461545,"SB",29617,1625,"29617_20231231",0.5921188974746129,2.7721890446637354,26,8.733475554312093,0.028387215817356655,5,"OH"
630035,7.500416666666666,"SL",29624,9048,"29624_20231231",0,2.458853247676665,84,11.864614925438097,0.4115155227111129,8,"OR"
35978,11.992666666666667,"SB",29627,448,"29627_20231231",0,2.0222959537181517,3,17.992591773551524,0.842153886019119,5,"PA"
777583,7.698841584158416,"SL",29632,12040,"29632_20231231",0.899509614234555,2.7211533181307135,101,9.922006663726664,0.5434949682376654,4,"CT"
179139,5.428454545454546,"SB",29636,3021,"29636_20231231",1.0083124657351568,3.116609182052471,33,14.622050033456851,0.4117314850185885,5,"ME"
358328,6.760905660377359,"SB",29637,4704,"29637_20231231",0.29634155655693883,2.1789709882499406,53,10.325664808553412,0.6967491464964686,7,"WY"
199289,5.693971428571429,"SI",29645,3655,"29645_20231231",0.5687953505966504,2.9179538217384198,35,10.667150368141105,1.017481859131266,4,"IL"
969975,11.149137931034483,"SI",29657,12195,"29657_20231231",1.5966210207661602,1.8966022432431686,87,16.36329625588871,0.3342320556376321,5,"WI"
639909,7.900111111111111,"SB",29672,6153,"29672_20231231",0.17909639962114224,1.9143518466085134,81,12.44026030342173,0.19965434235251064,5,"PA"
910846,8.59288679245283,"SB",29675,11567,"29675_20231231",0.004384075224683855,2.2819771162362095,106,9.190470850567376,0.23223506470236446,4,"IL"
210761,4.790022727272727,"SL",29676,3554,"29676_20231231",0.5495642701525054,2.7896421136664307,44,14.408745099561388,0.5873710772355916,4,"WI"
91009,15.168166666666666,"SI",29677,750,"29677_20231231",0,1.5232763498175503,6,12.108144880783875,1.0914904972752824,4,"IL"
178221,4.950583333333333,"SB",29679,3930,"29679_20231231",0.6950082816407392,4.002309824280342,36,11.032920256771138,1.1796281587352586,4,"LA"
2816685,7.7594628099173555,"SB",29683,33865,"29683_20231231",4.931202868878517,1.935700489139413,363,16.186169284172973,0.024472690335366604,9,"TN"
32360,4.622857142857143,"SB",29685,430,"29685_20231231",2.2100851009780262,2.583399190554877,7,19.176327419458143,1.4877745048734343,5,"VA"
498492,5.418391304347827,"NM",29690,6173,"29690_20231231",1.7064147470830575,2.471748414430171,92,10.554940814751602,0.9494315721551014,4,"IN"
96955,5.703235294117647,"SI",29691,1452,"29691_20231231",0.7615732944126342,2.8229946559950605,17,12.801393964766184,0.00894768512201287,5,"WI"
380808,4.533428571428571,"SB",29692,7657,"29692_20231231",1.6518158097879432,3.0427011306279126,84,11.913335686920593,0.06129297668136806,4,"NE"
301836,6.03672,"SL",29695,4314,"29695_20231231",0.2678476031876444,2.3823630383503698,50,11.52648808429106,1.8535642698147268,4,"OH"
191300,5.626470588235295,"SM",29696,3306,"29696_20231231",0.8274045550195399,3.101686204289002,34,9.326025298635695,0.790561708006115,4,"WY"
271220,5.6504166666666675,"NM",296,3236,"296_20231231",0.1647737303595598,2.1507860707353292,48,10.544292027694325,1.3748695768624573,8,"KY"
765294,6.713105263157894,"SB",29700,12049,"29700_20231231",0.4129703015357439,2.795150657327234,114,10.273933168287003,1.0294408135481459,4,"LA"
295609,3.941453333333333,"SB",29705,5708,"29705_20231231",0.8237508695830095,3.4126081899677927,75,8.009380947282253,0.3447631750608899,4,"OH"
2750302,11.134825910931175,"SB",29708,31434,"29708_20231231",0.8251719655374874,1.9831995039017047,247,15.29621506815268,0.9608367650335585,5,"MO"
80963,5.3975333333333335,"SI",29710,1115,"29710_20231231",2.409449066574399,2.8628534780514565,15,11.784748713010629,0.13393466563983422,5,"IN"
110278,3.4461875,"NM",29731,3457,"29731_20231231",0.46001159084323384,5.363129922989078,32,16.07905527619156,1.9106321923223333,4,"AL"
188129,7.52516,"SB",29743,2015,"29743_20231231",0.32574263343494114,1.847587972826046,25,10.185185185185185,0.5307244846272722,6,"ME"
571301,7.517118421052632,"SB",29744,9590,"29744_20231231",0.03281611108137232,2.914504494474623,76,9.185263351723453,-1.925893581366835,5,"NH"
235495,7.35921875,"SI",29745,3224,"29745_20231231",0,2.507814845557459,32,12.354169428609307,0.5361274191961368,4,"WI"
178415,4.149186046511628,"SB",29749,3306,"29749_20231231",0.42380993821251417,3.59492842095586,43,14.993252438517473,0.3268116746323509,8,"OH"
152422,4.7631875,"NM",29764,2456,"29764_20231231",0.1873508588557793,2.8377009932587174,32,7.73229580045187,0.010139172820933337,4,"MO"
612953,6.810588888888889,"SI",29771,8799,"29771_20231231",0.18712802535878442,2.674638137193203,90,9.667293698009555,1.1640496997573375,4,"NC"
212511,7.589678571428571,"SB",29772,2707,"29772_20231231",0.3137808859968043,2.2242753355797173,28,13.883327095808385,-0.37834166774875494,8,"GA"
39302,3.9302,"SB",29774,561,"29774_20231231",0,2.8608643066474393,10,15.835073068893529,0.7158621616452943,5,"KY"
980500,5.87125748502994,"SI",29782,8952,"29782_20231231",0.0758505298382599,1.7679043145868025,167,10.312211388866507,1.4459141721892979,4,"TN"
459377,5.341593023255814,"SM",29783,8297,"29783_20231231",0.6441980553220856,3.352174974911168,86,9.576794314251076,0.9931701494585643,4,"CO"
753205,7.928473684210527,"N",29787,8395,"29787_20231231",0.09262559117680987,1.9444629899629806,95,8.72049906207739,1.4962308888431484,4,"OH"
182807,4.81071052631579,"SM",297,2819,"297_20231231",0.21200403363479725,2.8310303679168483,38,10.236043039828742,1.5167229861599028,8,"KY"
562752,10.231854545454548,"SI",29800,5395,"29800_20231231",1.9960475019708495,1.6804148248060635,55,24.089408444618478,0.4513003936040481,5,"IL"
261836,5.454916666666667,"SB",29804,4661,"29804_20231231",1.3738614407949215,3.230246132960696,48,31.670778219265976,0.30580132053055553,5,"LA"
792919,8.174422680412372,"SI",29809,7275,"29809_20231231",0.05959415625235736,1.6831231243182871,97,14.895395373244735,0.22113300192403126,5,"IL"
149146,6.214416666666668,"NM",29813,2243,"29813_20231231",2.4972737186477643,2.560051160886539,24,20.917477771171665,0.46157180585620894,8,"OH"
494006,7.8413650793650795,"SB",29835,7074,"29835_20231231",0.15194921275181628,2.402807315690855,63,11.554913177949826,0.4064137563657975,5,"MA"
530037,5.464298969072165,"SB",29838,8126,"29838_20231231",0.8267831640972011,2.6223641615739894,97,11.976634469273531,-0.5108013835205708,5,"OH"
554645,6.02875,"NM",29839,7345,"29839_20231231",0.8720944395453416,2.422584928244607,92,9.260887900490555,0.8517990834296514,8,"IN"
205876,12.86725,"SM",29842,3104,"29842_20231231",0.18972790785919957,2.3143045018472623,16,15.666534177386987,0.42523147796208166,5,"MA"
8603358,8.752144455747711,"NM",29845,86947,"29845_20231231",0.5381158871519557,1.8024508519234455,983,10.415253708514612,1.03070395301156,4,"OH"
448378,5.337833333333333,"SB",29846,6994,"29846_20231231",0.2957382694791218,2.871202785075654,84,14.576241896719122,0.8035249453088243,8,"MI"
811204,7.053947826086957,"NM",29847,7435,"29847_20231231",0.09459132416048355,1.8977985588414485,115,7.572940665127416,1.026703333658163,4,"OH"
30496,7.6240000000000006,"SB",29857,371,"29857_20231231",0,2.5473164839965565,4,21.320411871592974,0.6360260577948527,5,"KS"
231296,7.461161290322581,"NM",29858,2724,"29858_20231231",0.14529876121571625,2.4402920804173873,31,7.263462295616127,1.2960809116712368,4,"OH"
268965,6.560121951219513,"SB",29874,4052,"29874_20231231",0.041808968275556364,2.515575085215153,41,29.507605633802818,-0.09402282413346634,5,"MI"
665852,12.330592592592593,"SI",29875,7677,"29875_20231231",2.34339259921767,1.8436799304100346,54,18.830168564157614,0.8340664772816595,4,"NJ"
352299,8.193000000000001,"NM",29878,4495,"29878_20231231",0.7330298567411969,2.4580186915887854,43,9.215841368941593,0.757233644859813,4,"IN"
709376,3.855304347826087,"N",2987,20417,"2987_20231231",0.18423960266463565,4.210006165895793,184,8.344572754554177,0.44407510746780865,4,"WA"
437106,5.2036428571428575,"SB",29881,6494,"29881_20231231",0.407379043769457,3.1218961785809953,84,11.464024073510183,0.44991335967704854,8,"IN"
312820,10.786896551724137,"SB",29904,2371,"29904_20231231",0.18232447125903334,1.2905561072616285,29,41.086596573874445,0.5529174729397516,8,"TN"
247696,7.7405,"NM",29907,3450,"29907_20231231",0.33426476336038174,2.4451935256412303,32,11.316768362319314,0.7473972707636055,2,"IN"
78525,8.725000000000001,"SL",29910,886,"29910_20231231",0.05284926470588235,2.1337625085986476,9,18.113826841887676,0.14147208846548212,5,"IN"
1588481,6.997713656387665,"NM",29922,23474,"29922_20231231",0.018267548877969827,2.544904841839428,227,10.536908858036673,0.7145161946714554,4,"WA"
237042,4.472490566037736,"SB",29933,5339,"29933_20231231",0.8393081127955773,3.4015948743562805,53,9.17640764785557,0.2643771206145261,6,"IN"
278349,5.56698,"SB",29937,3994,"29937_20231231",1.5206677168925733,2.3474749163244297,50,10.703667726362887,-0.09193865184504159,5,"KY"
939560,13.817058823529413,"SI",29941,9820,"29941_20231231",1.7803542314070318,1.6763942206947462,68,13.958585344794422,0.03871874976731521,5,"NJ"
100487977,18.87807195190682,"N",29950,933237,"29950_20231231",1.4217314681668034,2.8918258295993136,5323,11.54848345544569,0.26006095276336333,4,"DE"
2307849,7.930752577319589,"SM",29961,42340,"29961_20231231",0.8828800897001924,3.217879030371434,291,9.04523346199149,0.4281256429752157,4,"IN"
10273,3.4243333333333332,"NM",29966,165,"29966_20231231",1.355549279864445,3.901241803729074,3,21.80941576857629,-0.018315689219385325,5,"OH"
150599,5.193068965517241,"SL",29975,2691,"29975_20231231",0.838879645036051,3.0631314763351214,29,10.191838394793926,0.4604795450138952,5,"OH"
116997,5.318045454545454,"SB",29980,1322,"29980_20231231",2.7693836155151716,2.6555871536811817,22,8.806208938965858,0.7622207431610227,7,"IL"
31675,4.525,"SI",29986,501,"29986_20231231",0.17939007374925253,2.9698820429914377,7,21.144113748644415,-0.6137357044488354,5,"IL"
352707,6.412854545454545,"SL",29988,4852,"29988_20231231",0.4098341633674165,2.443519647214848,55,23.733751615761115,1.1350843621734883,4,"KS"
660423,7.679337209302326,"SI",29995,8787,"29995_20231231",0.7381154051828114,2.5408710270735506,86,10.909271134358631,0.6849776791205449,4,"PA"
50445,4.585909090909091,"SB",29999,905,"29999_20231231",0.3378468963668052,3.695194862710363,11,23.68296436604712,-0.818518284195875,5,"SC"
17042877,17.461964139344264,"SB",30012,106801,"30012_20231231",0.21924511997149257,1.2117563308447754,976,9.772139054885146,0.4019725680080598,5,"OH"
16697,8.3485,"SI",30031,241,"30031_20231231",1.2005551700208188,2.3910142348754446,2,23.910533033489333,0.5622281534203242,5,"PA"
1087410,10.660882352941178,"SI",30039,13508,"30039_20231231",0.47924413233145674,2.371597222473242,102,9.395728300889266,-1.0888345882327426,4,"NJ"
65020,5.418333333333333,"SI",30043,955,"30043_20231231",1.6579856634521168,2.853942914971013,12,11.728789719327409,0.4319481168604777,5,"IL"
2042240,11.603636363636364,"SI",30052,26346,"30052_20231231",0.3919319805475643,2.3292313885453475,176,14.311429316791791,-0.22507953165617814,4,"NJ"
178942,4.970611111111111,"SB",30058,1759,"30058_20231231",1.7448601881996164,1.978217650048687,36,10.387803418019836,0.1240502743926202,5,"IN"
38227,6.371166666666667,"SL",30065,618,"30065_20231231",0.2279078601079849,3.2041648776298843,6,33.34271819810596,0.8506869901245169,5,"IN"
50665,7.237857142857143,"SM",30067,683,"30067_20231231",0.3009164273013268,2.6216982024403386,7,13.053074527114832,0.32282871982990835,8,"IA"
136473,8.5295625,"SI",30072,1784,"30072_20231231",0.8202693088995363,2.275283354646364,16,15.274856209823334,0.1548467017652524,5,"NJ"
3860319,12.294009554140127,"SL",30076,39211,"30076_20231231",0.31280097213513425,1.701218500020834,314,10.524147884176047,0.45095133062165793,4,"NJ"
166725,5.21015625,"NM",30084,2268,"30084_20231231",0.4379926525662517,3.019421391014428,32,12.364761375909982,0.7038038801683991,2,"OH"
434118,12.058833333333332,"SI",30085,4798,"30085_20231231",0.43633953475527243,2.2535958934806817,36,9.78349320941621,0.5440401090769295,4,"PA"
107506,6.323882352941176,"SI",30103,1423,"30103_20231231",0.3052317984633878,2.53816281914924,17,13.430551227291893,0.39099884507883714,5,"NJ"
614043,8.899173913043478,"SB",30111,6188,"30111_20231231",0.22543472534030853,1.9275522754812042,69,13.426595274947914,0.3013278355641841,5,"SC"
656656,6.985702127659575,"SI",30117,7664,"30117_20231231",0.12297455372695958,2.383244290813878,94,11.369955402809218,0.47396368838667197,8,"PA"
220331,4.789804347826087,"SI",30119,3378,"30119_20231231",0.609706251021854,2.846921271011418,46,14.04069189475777,0.34026403031128466,5,"PA"
103091,7.930076923076924,"SI",30121,944,"30121_20231231",0.23960983884648007,1.970773562139697,13,22.341894504280585,0.29207285541914846,5,"PA"
67757,6.159727272727273,"SI",30128,854,"30128_20231231",1.5413533834586466,2.6158468306950504,11,8.228243952815232,0.24781706817111004,8,"IN"
268615,5.83945652173913,"SB",30133,3698,"30133_20231231",0.4026653585152481,2.491723596982063,46,15.410467053484231,0.7974864007779333,8,"IN"
184500,6.589285714285714,"SB",30150,3007,"30150_20231231",0.18665235398258445,2.7582868793171644,28,20.0075023510889,0.11800157772479847,5,"KS"
28653,5.730600000000001,"SI",30152,371,"30152_20231231",6.916260290493419,2.0888378591486947,5,11.061589752588173,0,5,"IL"
284663,13.555380952380952,"SI",30154,2230,"30154_20231231",0,-0.6398910823689585,21,26.83131812518042,-7.026234487092213,7,"PA"
547551,14.039769230769233,"SB",30155,4799,"30155_20231231",0.5357795912730583,1.6013413537236614,39,24.63086011281784,0.9605858752825654,5,"PA"
109505,6.441470588235294,"NM",30166,1401,"30166_20231231",0.523566383264743,2.9570842760180995,17,12.165711992411252,0.5302601809954751,4,"AL"
410022,7.193368421052631,"SB",30167,7539,"30167_20231231",0.042554440335739865,2.6565506857467835,57,19.04331999595545,1.0011340577393553,4,"AL"
37159,5.308428571428571,"NM",30176,505,"30176_20231231",0,2.948939273889294,7,13.774641031881234,0.36205838060206635,5,"OH"
384809,4.372829545454546,"SM",3017,8302,"3017_20231231",0.07802552969214195,3.5793531038512407,88,10.311237153582638,1.1581260975234322,4,"CO"
2071461,5.21778589420655,"SM",30182,42895,"30182_20231231",0.5629307964792258,3.5240251386547663,397,9.745939656066124,0.6245754896627173,4,"MT"
157335,8.740833333333335,"SI",30183,1813,"30183_20231231",2.5572229520937033,2.4322755713492956,18,13.831232447260138,0.44483532819810506,7,"NJ"
28481,4.068714285714286,"N",3018,457,"3018_20231231",2.8470950958666537,3.057430779767146,7,12.469324607888465,1.4291305016283002,2,"CO"
142361,5.694439999999999,"NM",3019,1923,"3019_20231231",1.0062437788435434,2.7245334112087507,25,10.105649615139173,1.3821780338227097,4,"CO"
259885,4.331416666666667,"NM",30219,5435,"30219_20231231",0.8756105965097188,3.6509629165107533,60,7.882189009143141,0.08393443204860654,4,"OH"
64207,4.280466666666667,"N",30220,967,"30220_20231231",0,2.7567711375388746,15,10.15476209528992,0.473987272677233,5,"IL"
525915,7.513071428571428,"SI",30260,9754,"30260_20231231",0.6419889315590918,3.101973076111114,70,11.620989975054773,0.6586419713737288,5,"NY"
291725,3.740064102564103,"SI",30270,5670,"30270_20231231",0.6456688041648068,3.2560571751755267,78,14.257004455963576,0.5550852167663699,8,"LA"
55863,2.940157894736842,"SI",30291,1305,"30291_20231231",0.0048413255549369415,4.259550811005385,19,20.39668388448742,0.6908362390875143,2,"TX"
142626,7.923666666666667,"N",3029,1915,"3029_20231231",0,2.19084878380677,18,10.766801539524327,0.9511821738390883,2,"CO"
2128711,10.916466666666668,"SB",30303,21484,"30303_20231231",1.78114567018125,2.0786992703391407,195,34.46551471768339,1.0511215549087631,4,"NY"
262204,5.959181818181818,"SI",30313,3738,"30313_20231231",0.01025974248046374,2.7233560379591166,44,6.34189370856718,-0.3417309722920631,5,"WI"
443905,9.650108695652175,"SB",30315,5165,"30315_20231231",0.4173552299046268,2.0290038443800813,46,18.089613970588236,0.9817242956936157,5,"NC"
784339,5.0931103896103895,"NM",3031,11607,"3031_20231231",0.09086008012418319,2.3388458472373,154,9.505443289102455,1.2025345612889526,2,"CO"
56717,3.1509444444444443,"SI",30332,1611,"30332_20231231",1.4669494521032167,5.272877484570151,18,33.53873693994526,0.3662202597907511,5,"LA"
78616,5.615428571428572,"SB",30339,1321,"30339_20231231",4.925141127382803,5.162137767939531,14,10.082441915922873,-1.5782653200147236,8,"LA"
587464,7.4362531645569625,"N",3034,6816,"3034_20231231",0.009524659939875583,2.020140093286848,79,11.598861203366475,1.9177244302818661,2,"CO"
552031,9.85769642857143,"SB",30350,5273,"30350_20231231",0.5007672646951641,2.2952316688508816,56,11.463647813457978,0.6946381018571365,5,"VT"
162947,12.534384615384615,"SI",30357,1367,"30357_20231231",1.6599556249486398,1.4244447018620952,13,26.533470773708466,0.020512969023003483,7,"IL"
60641,10.106833333333332,"SB",30358,612,"30358_20231231",0.4137065251505036,2.1600387844012325,6,21.980028624541433,0.20089522898735523,5,"NC"
304021,6.609152173913044,"SI",30367,4977,"30367_20231231",0.22787249557276296,2.947441901199841,46,9.645267133040301,0.2430979501208084,5,"NJ"
18901836,6.054399743754003,"NM",30387,214357,"30387_20231231",1.1741142412057688,2.5365497882031676,3122,11.451519592668424,1.6498114303378633,4,"PR"
102467,7.882076923076923,"SL",30388,1290,"30388_20231231",0.2432225111788808,2.1689005530040304,13,12.856616077320188,-0.07592089230480832,5,"CO"
776913,7.260869158878505,"SB",30394,12912,"30394_20231231",4.308325769109471,4.147874391424457,107,9.77009634160814,-0.26230647747187763,4,"NY"
51925,5.769444444444445,"SB",30395,1076,"30395_20231231",0.287624937082045,3.305333072865794,9,22.25751716518033,-0.08790779449111154,2,"NE"
649942,15.11493023255814,"SB",30397,4354,"30397_20231231",0.1626803239620388,1.482381585395031,43,15.451803836672381,0.10715240718682391,5,"NY"
393950,4.329120879120879,"NM",303,5183,"303_20231231",2.5974990898351304,2.9523695215672876,91,11.879816150209619,1.9900846925955957,4,"KY"
2869234,9.438269736842106,"SI",30401,33736,"30401_20231231",0.05856259446423861,2.0671211823045597,304,12.274747208465927,0.641401316766155,4,"PA"
312780,4.8871875000000005,"SI",30402,6791,"30402_20231231",0.29835331918067587,3.331302602148961,64,9.669507298742127,0.4539885387913803,5,"NJ"
317669,6.10901923076923,"SB",30422,5522,"30422_20231231",0.040100847676334546,2.7932104913169917,52,20.203020777428506,0.5240142556392821,4,"WI"
636695,9.64689393939394,"SI",30428,6996,"30428_20231231",0.04871473186877719,1.962549355076864,66,12.618496369972764,0.5508744699132458,4,"NJ"
182724,8.305636363636365,"SB",30429,2385,"30429_20231231",1.5619123873300094,2.26669746010466,22,14.525729752329816,0.7131309603609591,5,"NY"
294832,9.2135,"SI",30431,3401,"30431_20231231",2.1283754672619173,2.422268680797396,32,7.9646259899762235,0.7044533952949331,4,"PA"
114676,11.467600000000001,"SI",30434,2061,"30434_20231231",0.10333896577245877,2.8681065522168643,10,24.090629254207602,0.9451714774351031,8,"NC"
174180,5.618709677419355,"NM",30439,3493,"30439_20231231",0.2244613975344209,3.241370806426569,31,13.612989293410715,0.16954687029036472,4,"OH"
1114253,5.5712649999999995,"SL",30441,14881,"30441_20231231",0.17412954678078196,2.5305413173150217,200,11.621146631617849,0.4794479836087355,4,"LA"
56027,5.6027000000000005,"SL",30447,853,"30447_20231231",2.2071875941990156,2.686649095829096,10,27.017838930737714,-1.933613199945106,8,"LA"
2920933,11.971036885245901,"SI",30470,29632,"30470_20231231",0.041037255161736785,1.8291682645003626,244,9.326750726828523,0.7785668851715272,4,"NJ"
82547,4.344578947368421,"N",3047,1477,"3047_20231231",0,3.4829036728355627,19,12.056857602166005,0.6437536241854797,4,"CO"
30328,7.582,"SB",30492,542,"30492_20231231",0,2.6328386787936813,4,25.18827057647451,-4.748085208233604,5,"MN"
75595,6.2995833333333335,"NM",304,947,"304_20231231",0.934740788240517,2.570200556008644,12,18.265588948063442,0.5833923670847645,2,"KY"
203717,5.223512820512821,"SI",30516,3294,"30516_20231231",0.7386888273314866,3.070892780999702,39,11.73320180748402,0.29377673768690105,4,"WI"
300272,13.055304347826086,"SB",30519,3409,"30519_20231231",0.07277498745734118,1.8466876269894448,23,15.267744484962769,0.25126616445082234,4,"NJ"
724707,6.194076923076923,"SB",30530,10932,"30530_20231231",0.6005722954239486,2.971931463661238,117,12.683318768611437,0.7156537174203742,4,"NY"
1252638,8.35092,"SI",30544,13982,"30544_20231231",0.5043273881460612,2.3558268298250615,150,14.674310942243485,0.21017704214485072,5,"PA"
165523,8.27615,"SB",30551,1758,"30551_20231231",1.477832512315271,1.6045111749838346,20,26.528390917825046,0.4900833382502219,5,"PA"
68724,5.727,"SI",30585,1076,"30585_20231231",0,2.5072226012978907,12,14.018321818790517,0.8841335056111264,8,"WI"
180174,5.459818181818182,"SM",30595,2605,"30595_20231231",0.05205215626057309,2.307046979865772,33,9.07408409545971,0.6082795738905725,4,"MO"
123264,7.250823529411765,"SI",30619,1479,"30619_20231231",0.6185509039277982,2.5174902869147737,17,9.694409854272541,0.8282214785436769,8,"SC"
326812,7.262488888888889,"SI",30637,3836,"30637_20231231",0.2733074967175333,1.997611015256785,45,12.578412586743685,0.36945926842743687,5,"PA"
242004,9.68016,"N",3063,2342,"3063_20231231",3.2224414753514083,1.7029543103665767,25,12.046408086487032,0.7728469191243872,2,"CO"
65329,5.939000000000001,"SI",30656,722,"30656_20231231",0,2.0750604150728016,11,8.093580111172196,-0.02125153314631984,8,"IL"
13046223,9.332062231759657,"N",3066,116382,"3066_20231231",0.4829930519752569,1.6561205525100848,1398,10.75389198099539,1.4308166165378864,4,"TX"
841993,8.863084210526317,"N",3067,10368,"3067_20231231",0.3182795143290374,2.400588259616263,95,10.858348219002385,1.7124817317415681,4,"TX"
345744,5.084470588235295,"SB",30680,5237,"30680_20231231",0.32003087442338013,2.3645432222122724,68,17.07281543295944,1.1635661801094401,5,"MD"
98649,6.5766,"NM",30688,1348,"30688_20231231",0,3.0272941345122075,15,9.271032965250104,0.3826280539094468,4,"OH"
188154,1.9805684210526315,"NM",30692,4126,"30692_20231231",4.00577296466655,4.416185502786639,95,10.864229637696472,0.9203435112908014,8,"GU"
401941,6.183707692307693,"NM",306,5945,"306_20231231",0.4746759086621773,2.914218362358911,65,11.496645902642255,0.7361510153930378,4,"LA"
916392,9.256484848484849,"SI",30704,10748,"30704_20231231",0.6656967168112441,2.15044006060017,99,10.798532370797298,0.9526930824325377,4,"NJ"
156454,3.12908,"SL",30707,3341,"30707_20231231",0,3.493074588942119,50,16.410804076002314,0.2543408775139887,5,"CO"
370662,7.267882352941177,"SB",30722,5231,"30722_20231231",0,3.1390202762675976,51,17.397354290866517,0.3882917361487208,4,"CA"
217342,4.624297872340426,"N",3075,3885,"3075_20231231",0.1495918900862695,2.9284633671925655,47,11.04416806529816,1.037859069168679,4,"TX"
19029731,12.720408422459894,"NM",3076,173062,"3076_20231231",0.3515049471846264,2.379812275145785,1496,10.409096913246348,0.3696259363017501,4,"TX"
7894745,6.4817282430213465,"N",30776,187953,"30776_20231231",0.880116936966334,6.729200288401166,1218,7.804549540079971,2.1026390025352546,4,"SD"
27724419,8.434566169759659,"NM",30788,300096,"30788_20231231",0.14881175405625824,1.885532618875372,3287,8.813017072430736,0.8492305557508428,4,"MT"
72932,4.862133333333333,"N",3078,1178,"3078_20231231",0.5791772006435303,3.122097291550997,15,9.23122749059005,2.7392358032065633,8,"TX"
108744,7.2496,"N",3079,1168,"3079_20231231",0.2543739918103983,2.2375714713905763,15,10.445529271022266,0.7730482192383721,2,"TX"
209414,4.362791666666667,"NM",307,4402,"307_20231231",2.042086129753915,4.361202275118304,48,9.948126267252649,1.7494058621600213,4,"LA"
360401,6.322824561403509,"SB",30812,5318,"30812_20231231",0.27406358811966214,2.583130081532357,57,9.624127803812096,0.2964761207139122,5,"MS"
247317,4.94634,"SI",30819,4078,"30819_20231231",0.7516162935125322,2.711796795915489,50,11.255234143103456,-0.12851722005569635,8,"IL"
2237215,9.479724576271186,"SM",30836,20219,"30836_20231231",0.17308626955913056,1.6888920260188733,236,10.85964378921461,0.2582702589218167,5,"HI"
311809,6.363448979591837,"SI",30864,4187,"30864_20231231",0.08977789728888098,2.2898618794682983,49,8.792016544987916,0.6232336263351558,8,"IL"
105203,10.5203,"SL",30878,1088,"30878_20231231",0.6740691151688636,1.8582752803874976,10,12.118173403270594,-0.28469668183112257,5,"ME"
1301087,8.13179375,"SB",30879,17558,"30879_20231231",0.16540985347697792,2.1462243313324794,160,9.480890476356144,0.681100057085142,4,"CA"
249932,5.554044444444445,"N",3087,4294,"3087_20231231",0.06482578887746616,2.5355588025395717,45,10.264512832606218,1.677914397646435,4,"TX"
95453,9.545300000000001,"SL",30889,1133,"30889_20231231",0,2.0271178184811003,10,9.30350472366801,0.25509561361517724,5,"OH"
3196919,6.904792656587473,"N",30895,47486,"30895_20231231",0.2349632641632325,2.7713160648329254,463,9.732674210724362,0.5801870740080769,4,"KS"
961354,6.324697368421053,"N",3091,14942,"3091_20231231",0.25938384102669315,2.681006245496287,152,11.44628882450107,0.7375921729509214,4,"TX"
123215,3.5204285714285715,"N",30943,2473,"30943_20231231",0.14249363867684478,3.3640204300397247,35,15.50430910414656,0.7803140172772558,6,"MN"
2445359,9.55218359375,"SB",30953,19720,"30953_20231231",0.2410146392075698,1.5316822093596585,256,11.722145858030483,0.8969310234988991,5,"CA"
177805,10.459117647058823,"SM",30969,1684,"30969_20231231",0.004278837582456766,1.6802161165041845,17,10.1454113386896,0.5612220840890089,4,"IL"
205377,4.563933333333334,"SL",30976,3538,"30976_20231231",1.0965051881087273,3.5417154909772672,45,12.302576065915522,0.250468713381767,5,"NY"
146635,8.146388888888888,"SL",30987,1500,"30987_20231231",0.4818350450165136,2.1390080943759546,18,20.87717022482266,0.38136834963850297,7,"SC"
184946,5.966,"N",3098,4604,"3098_20231231",0.38876744577097694,4.042235260509372,31,14.293513744737377,-0.17634649614345047,4,"TX"
954273,0.4006183879093199,"SB",30996,273432,"30996_20231231",3.0699837281312328,48.71443923768057,2382,10.053917251333518,0.44633522744743526,5,"NJ"
782395,12.619274193548387,"N",3099,6214,"3099_20231231",0.11967554629670671,4.247741398601362,62,11.063549145751155,-1.9549672765136559,7,"TX"
577937,4.897771186440678,"NM",31028,8279,"31028_20231231",0.167347569108088,2.5275258070106834,118,8.166582840820727,0.49773476967413055,4,"MN"
583398,17.158764705882355,"N",3103,3330,"3103_20231231",0,1.0789694275071904,34,10.95268840023236,1.4012771860729436,7,"TX"
276317,7.675472222222222,"NM",31043,3632,"31043_20231231",1.1807282872480134,2.32846766481821,36,9.695478738691099,1.3778650890356303,4,"TX"
255605,4.733425925925927,"SB",31077,4589,"31077_20231231",0.5971493035969974,3.0556639263225023,54,9.25174478471454,0.1958507836381555,5,"NC"
149466,10.676142857142858,"SL",31083,1909,"31083_20231231",0.21284499462867584,2.2158911047799936,14,13.205408468949884,0.379731185644395,8,"MD"
124645,6.560263157894736,"SB",31089,1613,"31089_20231231",0.0069516857838025714,2.4072559518484917,19,11.635196085926152,0.6461413619925115,5,"SC"
1092878,5.46439,"N",3108,20932,"3108_20231231",0.19168849596158044,3.136631080343356,200,9.641509416412191,1.4824980003538022,4,"TX"
51640,5.737777777777778,"SB",31090,640,"31090_20231231",0,2.6917954395930614,9,17.291788002329646,0.3008713233524286,5,"KY"
152316,7.6158,"N",3109,1562,"3109_20231231",0,2.18459630740807,20,9.560537882300695,1.3253217598275626,8,"TX"
1487193,5.878233201581027,"NM",31100,19804,"31100_20231231",1.0751096681142123,2.5596134474211483,253,9.832332497866581,0.6885195129802612,4,"SC"
292817,5.422537037037038,"N",3110,4678,"3110_20231231",2.177603114419875,3.0684960646670922,54,8.818843838347924,2.0147688941562585,4,"TX"
231207,7.458290322580645,"SM",31121,3061,"31121_20231231",1.437515514245525,2.867357235883149,31,9.67184270915146,0.25874783298689874,4,"MD"
175082,1.7164901960784313,"SB",31127,9035,"31127_20231231",0.2889996532004162,8.795932907463984,102,8.0697483375407,-1.3150426875656616,5,"AL"
476994,8.08464406779661,"N",3113,6228,"3113_20231231",0.20646727079077404,2.214853547591719,59,10.36690425666975,0.9577859966840965,4,"TX"
324312,6.618612244897959,"NM",31146,3779,"31146_20231231",0.09418809025237362,2.1976934592684567,49,10.693848241151743,1.0466574949805767,4,"TN"
247627,3.5375285714285716,"NM",31158,5320,"31158_20231231",0.13148962018079824,3.3708192816852676,70,11.235734357399695,1.4718272173362725,4,"MS"
1372476,15.959023255813955,"SM",3116,14954,"3116_20231231",0,1.5792020280278676,86,11.56365943893989,2.6265365309205975,4,"TX"
373490,5.335571428571429,"SB",31184,4795,"31184_20231231",0.3897717921713777,2.208285115779937,70,14.576021617171294,-0.14110531974938434,5,"PA"
2736531,11.546544303797468,"SB",31189,28811,"31189_20231231",0.88379002287761,2.423487078631549,237,17.49303226043716,0.2751332810754119,4,"NY"
88321,9.813444444444444,"SB",31197,837,"31197_20231231",1.797921962536094,1.6093659144082888,9,20.6660170413343,0.21748188032544447,5,"KY"
177206,4.922388888888889,"SB",31198,3487,"31198_20231231",0.11996665333703853,3.525562690904025,36,15.041550614127209,0.991785887595238,4,"TN"
422503,5.633373333333333,"SM",31217,6346,"31217_20231231",0.8458993648295334,2.5898451263040183,75,11.821836622472047,0.9751413165030103,4,"NC"
646767,3.7602732558139538,"NM",3121,21639,"3121_20231231",0.9155456242677538,4.7205721089709405,172,12.898687117673271,1.9951455871991584,4,"TX"
1155352,6.048963350785341,"NM",31223,14629,"31223_20231231",0.28176517215595287,2.2680980551341126,191,9.924220145746181,1.1164326471133876,4,"IN"
76495,5.463928571428572,"SB",31232,997,"31232_20231231",0.34294287857678707,2.6845009091405694,14,21.27358860941712,0.8597166186734092,8,"TN"
513330,5.1333,"NM",31236,8245,"31236_20231231",0.051699017718663344,3.0836666936723973,100,10.613453113779098,0.632094518986499,4,"KY"
211586,9.199391304347827,"NM",31249,1695,"31249_20231231",0.19407991979743713,1.6747706602622152,23,8.078940678945301,0.6791605968738926,4,"MN"
32708,6.5416,"SI",31266,345,"31266_20231231",1.188707280832095,2.3150271870431873,5,21.82957241043732,0.48318929399316196,8,"NC"
61020,10.17,"SB",31267,775,"31267_20231231",0.4608110274082385,2.572531555508709,6,27.641232575201762,0.377150913067538,4,"MD"
720038,7.500395833333333,"N",3126,8014,"3126_20231231",0,2.5695302815771424,96,8.757901323227223,0.8719387368261431,2,"TX"
295870,4.772096774193549,"SM",31272,5442,"31272_20231231",0.10620113875527615,3.512538321467171,62,8.544683189914293,1.1487678956170195,4,"TN"
612719,7.855371794871796,"N",3127,6284,"3127_20231231",0.05600846350115129,1.6008857236901164,78,10.68247375382528,0.8565897730744075,4,"TX"
3860802,6.247252427184466,"SB",31313,66291,"31313_20231231",2.7341427185424325,3.033324243899958,618,9.545822301503929,0.8062738186408439,9,"FL"
93085,5.8178125000000005,"SL",31329,1030,"31329_20231231",3.1171372658652503,2.1092109795968774,16,21.98851740735145,0.17549675331006376,5,"MO"
79034,6.586166666666667,"NM",3133,1161,"3133_20231231",0,2.6377362676483256,12,7.3811647763476484,1.403353085184048,7,"TX"
16582,4.1455,"SI",31345,240,"31345_20231231",0.36651395251978347,3.417458619170495,4,14.156827126854374,0.23286550443703194,5,"NC"
1078164,5.39082,"SB",31361,34956,"31361_20231231",5.960233567663259,5.901959792458557,200,9.620133767792831,-1.3945094015117574,5,"TX"
836693,5.8922042253521125,"N",31390,21881,"31390_20231231",0.503271622221707,4.6577699641526,142,10.718338421441802,0.19899158320805452,4,"FL"
228572,7.881793103448276,"SB",31406,3871,"31406_20231231",0,2.734640758798669,29,18.897974477088887,-0.019463635293940705,4,"CA"
38108,5.444000000000001,"SB",31409,658,"31409_20231231",2.1777349288266317,3.5151274543860516,7,26.83674008345217,0.06341014231441504,4,"KY"
236135,9.838958333333332,"NM",3140,3322,"3140_20231231",0.002578682035611599,2.1389359598955027,24,10.273505568603682,2.499029160488597,2,"TX"
157957,6.31828,"SL",31410,2673,"31410_20231231",0.0837995920060268,3.2112453978121853,25,7.931633835457706,0.41542459579054103,5,"SC"
279372,7.982057142857143,"N",3144,3127,"3144_20231231",0.5291060671875736,2.329756715328749,35,10.26616525415986,1.165264462522732,8,"TX"
853663,8.53663,"SI",31461,9019,"31461_20231231",0.35783461824083784,1.879746155990327,100,9.921354255178533,1.4313803780350913,4,"PA"
11232529,5.073409665763324,"NM",31469,144851,"31469_20231231",1.855059103042766,3.4885893767658285,2214,10.202417266929578,1.67401714185549,9,"PR"
152472,6.629217391304349,"NM",31479,1556,"31479_20231231",0,2.0018581521412195,23,9.956825685375536,1.4818429126200614,8,"AL"
497862,5.99833734939759,"SM",31485,8363,"31485_20231231",0.36604583082092446,3.0929953632757,83,9.211949161689207,0.578154892187136,4,"NE"
166348,3.1990000000000003,"SM",31488,3064,"31488_20231231",0.14397257155101986,3.8195171604318965,52,9.415981446341979,1.7301670019042794,2,"MO"
51347,5.1347000000000005,"N",3149,594,"3149_20231231",0.8079863777503256,2.326281713468343,10,10.928461523479346,0.9711661522246481,8,"TX"
52975,4.815909090909091,"NM",314,921,"314_20231231",0.108867775138559,3.3892175049292406,11,10.986075589656153,1.3455757391916434,2,"LA"
646879,5.093535433070866,"SB",31516,12336,"31516_20231231",0.938964512692133,3.254139435317776,127,8.88017899363684,0.6229019022752704,5,"IN"
210049,10.002333333333334,"NM",31539,1990,"31539_20231231",0.9337382661512976,1.8874667417820945,21,16.99018833008848,0.2184479274752881,5,"OH"
141735,3.9370833333333337,"NM",31545,2503,"31545_20231231",0.04457723910267223,3.423915884430704,36,12.162697697878013,1.5838878060801576,8,"TN"
70485,8.810625,"N",3158,497,"3158_20231231",0,1.3322108496905785,8,15.63651725494195,2.4473097316377923,2,"TX"
608552,8.452111111111112,"N",3161,5660,"3161_20231231",0.013107082911102677,1.8170646870104759,72,9.087683882315318,1.07163381424967,4,"TX"
69478848,21.671505926388022,"SM",31628,501261,"31628_20231231",0.19703357716620773,1.5008190132575687,3206,9.645460513047492,1.7411295789360606,4,"CA"
348318,4.707,"SI",31694,4551,"31694_20231231",0.0902464764422176,2.4180743761759333,74,11.313095920348964,0.7538613954350608,8,"TN"
154592,4.98683870967742,"NM",3170,2297,"3170_20231231",0.031449731155524,2.5497032408807856,31,10.332042677114629,1.4955303591359044,8,"TX"
106968,5.629894736842106,"NM",31711,991,"31711_20231231",0.665385013871781,2.30434021360621,19,14.221061319257386,1.1205571659241678,2,"AR"
28457,5.6914,"SB",31723,368,"31723_20231231",0.8212037765538945,3.218104035448889,5,11.588791956232441,-0.27168298040056016,5,"KY"
152423,3.3871777777777776,"NM",31762,3012,"31762_20231231",0.1343230823612584,3.641017184492524,45,9.090486345005349,1.1182876756938027,4,"TX"
39544,6.590666666666667,"SB",31774,571,"31774_20231231",0,3.504423372094756,6,13.485379245236143,0.3799977150464193,5,"SC"
660759,14.058702127659576,"NM",3178,8753,"3178_20231231",0.035871865695734834,1.900472624824774,47,11.294575281250092,1.0562393504857037,4,"TX"
157712,6.065846153846153,"N",3179,2986,"3179_20231231",0,3.958802317269633,26,9.992902404869845,1.3776125294726398,2,"TX"
249325,3.237987012987013,"SB",31823,5413,"31823_20231231",0.8674620583508273,3.4263793754590455,77,13.445766703369474,1.3044415113603804,4,"FL"
1166051,15.973301369863012,"NM",3182,16215,"3182_20231231",0.5552777287322391,2.2543432754865913,73,9.106012365712877,0.5577299946305286,4,"TX"
919952,11.4994,"N",3183,13682,"3183_20231231",0.10785637806962238,2.023953945756871,80,11.365006236952627,3.561228242414293,4,"TX"
978825,16.046311475409837,"SM",31840,10885,"31840_20231231",0.01645117397700232,1.643781486848993,61,10.463373359721922,0.5678066873284313,4,"TN"
89567,5.26864705882353,"N",3184,1540,"3184_20231231",0.07358351729212656,3.1381308890485355,17,15.028638375423068,2.972966105414402,4,"TX"
161125,3.6619318181818183,"SB",31864,4916,"31864_20231231",0.8475303776426792,5.651303201983279,44,11.558838341447037,0.7563857269417747,5,"MS"
149957,8.821,"SI",31900,1842,"31900_20231231",0.07808751446500645,2.4591118489650334,17,20.544783317258123,-0.12728882918651604,5,"SC"
234391,3.8424754098360654,"SI",31905,4305,"31905_20231231",0.11689306300133016,3.2389277885372545,61,11.105936317822135,0.64689878760792,8,"TX"
168123,5.7973448275862065,"N",3190,2133,"3190_20231231",0,2.8130521615953312,29,9.03995366292189,1.5291591376643658,8,"TX"
396832,4.509454545454545,"SM",31928,5939,"31928_20231231",0.11821347203714051,2.779314894189075,88,8.866791593624695,0.8792826929028991,6,"VA"
444299,12.008081081081082,"SI",31936,3965,"31936_20231231",0.010564388558211171,1.671358587344635,37,9.089330100528343,1.207406144803266,5,"TX"
577871,20.63825,"N",3193,2627,"3193_20231231",3.045296983646776,0.8442079605243602,28,13.286425544171502,2.1043999181670827,7,"TX"
6167505,8.201469414893618,"SB",31945,50276,"31945_20231231",0.3529790778656417,1.8176674148187373,752,10.391429203644599,0.9927148942072016,5,"NY"
626542,20.211032258064517,"NM",3195,2986,"3195_20231231",1.0631206810722331,1.1134389413800814,31,11.884842448649662,-0.05349409163554459,7,"TX"
65157,8.144625,"SB",31972,970,"31972_20231231",0.014858105096330048,2.4834708893631627,8,15.91655994939287,1.1521872154978134,5,"SD"
163589,8.17945,"N",3197,1443,"3197_20231231",0,1.8645412720314898,20,10.424875083542853,1.452153212913414,2,"TX"
169834,5.478516129032259,"SB",31994,1827,"31994_20231231",0.9187571921749137,2.3138649523548995,31,11.028543690484039,0.089387056754182,5,"PA"
609654,11.289888888888889,"SM",31999,5956,"31999_20231231",0.1794349985776494,1.608272215776356,54,14.173860804929106,0.5342627788511041,2,"NE"
72404,3.4478095238095237,"SI",32018,1450,"32018_20231231",1.0533569600315023,3.987715133852052,21,10.22485140742402,0.8448549012398415,8,"TX"
270442,4.829321428571428,"SM",32025,4550,"32025_20231231",0.42688544728644756,2.894490654691335,56,10.374744743087366,0.10249200962116481,4,"AR"
684847,6.400439252336448,"N",3206,12340,"3206_20231231",0.4422680298668784,2.8811246526079204,107,11.977324840027642,0.5499700069875773,4,"TX"
268593,7.259270270270271,"N",32082,3228,"32082_20231231",0.8256118121662683,2.2014706684374703,37,8.884523198412912,1.1994404915440022,4,"MN"
914255,5.441994047619048,"NM",32084,11944,"32084_20231231",0.16880833607295492,2.3621679125016772,168,10.488905197234685,1.91398647499006,4,"OK"
1700157,8.25318932038835,"N",3210,20693,"3210_20231231",0.8536358371939115,2.3021600999332885,206,13.556208191124345,0.9673948545366298,4,"TX"
406930,4.029009900990099,"SI",32135,7051,"32135_20231231",0.22653789045696127,3.4510970584523273,101,11.725480821904165,1.605846656867892,2,"TX"
19028211,14.1473687732342,"SM",32172,210046,"32172_20231231",0.1867221493610163,1.934800310426217,1345,12.425146570791044,0.23996297697442678,4,"CA"
8229363,37.0692027027027,"NM",32178,38499,"32178_20231231",0.2342717376507836,0.8178804083163858,222,10.882496011122571,0.2907208723680356,4,"CA"
306402,8.281135135135134,"N",3217,2856,"3217_20231231",0.5352293487384585,1.899721849483629,37,10.426129943053224,0.8919694903652355,8,"TX"
110371000,7.374290104897441,"SB",32188,2308000,"32188_20231231",1.050115065799763,5.028386638340451,14967,8.610943317976504,-0.2836851149604472,9,"TX"
544290,3.9441304347826085,"N",3218,9645,"3218_20231231",0.6326445642582007,3.1480452054336907,138,9.89873072399975,0.9226058322351272,4,"TX"
316531,6.734702127659575,"N",3219,4147,"3219_20231231",1.679383346847859,2.0497205296059775,47,10.730266835101142,0.4142990362248909,4,"TX"
150349,6.01396,"NM",321,2043,"321_20231231",0.9459644426870257,2.726679032072436,25,13.513150471482685,2.0669230748642344,4,"MS"
1122508,9.760939130434783,"NM",32203,15337,"32203_20231231",4.634495888753647,2.183691158457999,115,8.848597440371266,0.9507525634387056,4,"CA"
2416499,9.704815261044178,"SB",32232,33453,"32232_20231231",0.6651889631859089,2.660418821011732,249,13.3770567403479,0.426854282767221,5,"MI"
1224286,12.492714285714285,"SB",32242,8000,"32242_20231231",1.3545608197692784,1.2538502927791657,98,8.03473241726243,0.1962647261554212,5,"OH"
11506265,7.6913536096256685,"SB",32245,141300,"32245_20231231",0.7187240986527871,2.707877611047221,1496,10.547600071155065,0.3003111404948055,4,"PA"
322380,4.02975,"SB",32257,5901,"32257_20231231",0.609775226263862,3.979267292988098,80,15.0177171089939,0.5393915788430552,5,"NY"
478459,15.434161290322582,"N",3225,5203,"3225_20231231",0.3616479026315092,1.8158494604304207,31,11.173638503751643,3.063539800797279,4,"TX"
900724,7.506033333333334,"SM",3226,13037,"3226_20231231",0.12840367265035696,2.464260953878395,120,9.946419361303018,2.087079321823308,4,"TX"
115335,5.014565217391305,"NM",32277,2184,"32277_20231231",0.4458740017746229,2.863032524049473,23,19.700553016697192,0.6828862761066151,4,"CA"
1474039,21.0577,"SB",32282,8067,"32282_20231231",0,0.9196762011315621,70,13.755171972623662,1.5740992577266855,4,"CA"
88321,5.5200625,"NM",32286,1739,"32286_20231231",0.1351080195304662,3.380210196006045,16,18.02526224672263,0.3795526124525559,4,"OH"
915258,5.98207843137255,"N",3228,13171,"3228_20231231",0.6300769749210741,2.3286056058012323,153,10.65111804024636,1.0004363057417522,8,"TX"
102970,3.8137037037037036,"NM",32292,1218,"32292_20231231",2.0999430523917995,2.9708876634332753,27,9.176110740755265,0.6703692838959776,6,"OH"
137597,5.733208333333334,"NM",32293,1802,"32293_20231231",0.07297587955139039,2.305156468818242,24,19.493065449364696,1.4437939262378836,4,"OH"
3923651,7.459412547528518,"SL",32296,45058,"32296_20231231",0.25674309009206264,1.9477541509786762,526,10.414300893072587,1.2050755512971012,5,"OH"
22859,4.5718000000000005,"SL",32306,288,"32306_20231231",0,2.893845285149633,5,12.405576898174127,0.4193376955525293,5,"OH"
77103,4.8189375000000005,"NM",32307,1109,"32307_20231231",0.07725198519636377,2.7849512699272596,16,10.39431140424326,0.5193842075643379,5,"OH"
613449,9.437676923076925,"NM",3230,6486,"3230_20231231",0.17998903071143305,2.103810783369507,65,7.895678744353601,1.6186113811996847,4,"TX"
41636,6.939333333333334,"N",3232,471,"3232_20231231",0.7641365257259297,2.19425997126102,6,14.865183925957407,0.41021010524680573,2,"TX"
156659,5.221966666666666,"SI",32348,2422,"32348_20231231",0.6894160842742222,2.9098202322924287,30,9.636439885157586,0.672656183641988,5,"NC"
376497,4.1833,"SB",32360,9878,"32360_20231231",5.371319866558821,3.899376742429154,90,25.973138522673633,1.5833730327640108,4,"MD"
932000,3.138047138047138,"SB",32363,24667,"32363_20231231",0.9599400561449657,4.630090189858568,297,10.01948675412034,-0.4622112939100729,4,"MD"
45616,4.5616,"N",3237,462,"3237_20231231",2.0032855708679387,3.3174606216226574,10,22.606325754859068,-0.10539225079523244,2,"TX"
476615,2.8369940476190476,"N",32441,23126,"32441_20231231",1.1513583865246484,6.772344574989297,168,12.434911161025811,1.9009791996520815,4,"OH"
541599,6.017766666666668,"SB",32459,8376,"32459_20231231",0.8261555883463162,2.8934370561259297,90,9.17651416929061,1.6089862576684277,4,"LA"
9378379,10.892426248548201,"NM",32489,109876,"32489_20231231",0.6559205645207848,2.502929479449722,861,8.498128723777098,-0.1768768119771393,4,"WA"
85068,5.004,"N",3248,975,"3248_20231231",0.8851881024717753,2.800447522496242,17,19.373577963886333,0.9861052959116668,7,"TX"
449353,3.7136611570247933,"NM",324,10068,"324_20231231",1.0279927828042466,3.7202224341011876,121,13.572253923443592,2.866187983417311,4,"MS"
4071215,7.402209090909091,"N",3250,62770,"3250_20231231",0.436881190813303,2.5508597881207544,550,9.831832699969691,1.344432458425836,4,"TX"
9673192,9.992966942148762,"SB",32526,118896,"32526_20231231",0.4656407753545929,2.328750132178344,968,7.679618679421011,0.554613784492104,5,"HI"
876476,7.825678571428571,"NM",32527,11987,"32527_20231231",1.4980773869489337,2.1804774562346942,112,18.499289695738742,1.7443592268110388,4,"MD"
222978,5.438487804878049,"NM",32532,3652,"32532_20231231",0.051853132176103114,2.881995100333067,41,11.675378704565983,1.963078165285768,4,"GA"
113998085,13.004572781200093,"N",32541,1137023,"32541_20231231",1.4412641485796536,4.436615291911067,8766,8.480025080254656,0.0018330052741139667,4,"NY"
8610839,8.400818536585366,"N",32551,240143,"32551_20231231",0.9022882412971993,6.572744049714857,1025,11.3873491356692,0.42324219308411415,6,"UT"
212676,7.333655172413794,"N",3255,2536,"3255_20231231",0.08981791459132848,2.242575537152033,29,12.988383858037903,0.6047500712303127,5,"TX"
2405124,12.208751269035535,"SI",3256,25316,"3256_20231231",0,1.8347037444800267,197,8.518722899773373,1.3965023218566643,4,"TX"
5705827,36.8117870967742,"NM",32574,24878,"32574_20231231",6.62515229816102,1.4505406776674319,155,14.78859303094015,1.3249458841229504,9,"TX"
3453509,10.894350157728706,"N",32612,60905,"32612_20231231",1.2435450708642943,3.139053008317899,317,11.099626727016028,0.4716408320002448,4,"OH"
1377165,6.589306220095693,"SB",32629,19118,"32629_20231231",0.7889685643922932,4.705511409008622,209,15.979226366689236,1.3765086757067941,4,"SD"
2609983,7.933079027355624,"NM",32647,33487,"32647_20231231",1.2412215084044707,2.401800863297996,329,8.388661164965837,0.5963097263623814,4,"IA"
319074,2.927284403669725,"N",3268,6748,"3268_20231231",0.9141321850518355,3.425872612293855,109,10.07620607326952,2.866659218672694,4,"TX"
568946,6.252153846153846,"N",3269,6471,"3269_20231231",0.14435259063182546,2.232894266280252,91,11.594608850652067,1.0898525610922811,4,"TX"
1057089,8.456712,"NM",32718,18173,"32718_20231231",1.2838543946678689,2.9210726505595725,125,10.787887738965358,1.0540597108363794,5,"FL"
327669,6.182433962264151,"N",3275,4896,"3275_20231231",0.2845962290999644,2.8594583390815744,53,9.64109824239047,0.9137204015571234,8,"TX"
2763964,5.430184675834971,"N",3276,47912,"3276_20231231",0.4365901761393938,2.781012355907246,509,13.818435561892741,1.5000469330944277,4,"TX"
21118604,12.263997677119628,"NM",32773,252912,"32773_20231231",0.3767658142068605,1.9076168465253711,1722,13.394739770735695,1.0945295247869886,4,"MA"
3804953,11.565206686930091,"NM",32779,42495,"32779_20231231",0.3853943637520977,1.923436946262226,329,10.278730326211202,0.5217206791172988,4,"CA"
510853,12.459829268292683,"N",3279,5393,"3279_20231231",1.4514126468626825,1.810854626511742,41,11.235067589565565,1.1813903244437696,4,"TX"
200906,4.1855416666666665,"NM",327,4059,"327_20231231",0.01652414590820837,3.556284447991112,48,16.55187013362523,1.7612727322513386,4,"MS"
683579,5.649413223140496,"NM",32838,11273,"32838_20231231",0.09549846087009274,2.966008025496543,121,10.07735199603714,0.6909949595431235,4,"SC"
4302224,1.4133455978975034,"N",3285,171448,"3285_20231231",4.135589838375989,8.859814674700973,3044,9.12788922654918,1.1173208873657166,9,"TX"
717739,5.981158333333334,"N",3286,11155,"3286_20231231",0.25197303026311063,2.7092930649687776,120,8.846863646770958,1.1998197459182094,4,"TX"
233096,9.32384,"N",3289,2595,"3289_20231231",0.03371226969815758,2.225423813643546,25,11.935563941723148,0.28063577408998935,4,"TX"
75401,3.4273181818181815,"NM",32908,2369,"32908_20231231",0,4.962015453541977,22,15.27313568151987,1.1583663398480617,4,"CA"
1906901,5.867387692307693,"SM",32912,22758,"32912_20231231",0.16857322360522764,2.6202936212640244,325,12.814143464467456,1.2606531725626944,4,"KY"
406188,15.622615384615385,"N",3292,2592,"3292_20231231",1.7969624300559552,0.8890118728665827,26,10.837793731141145,1.1565351439136098,2,"TX"
207767,7.991038461538461,"NM",3293,2128,"3293_20231231",0.024440487413148984,1.8786101881429318,26,10.032112850961445,1.6166254814394285,8,"TX"
3052669,9.13972754491018,"SM",32941,34670,"32941_20231231",0.04984222604704532,2.085927200057336,334,10.555267800271904,1.6572620767934556,4,"TX"
4488738,8.888590099009901,"NC",32961,254393,"32961_20231231",0,16.176235715990156,505,65.85720962462395,14.715163059518465,9,"CA"
49246,3.7881538461538464,"NM",32968,866,"32968_20231231",2.9893647599885025,4.720713780297353,13,9.116462812428777,0.0837377167236781,7,"AL"
3130851,3.7227717003567182,"NM",32974,113676,"32974_20231231",2.000337326542067,6.085346524676442,841,9.212125068408938,0.8526166061244348,4,"LA"
209006000,676.3948220064725,"N",32992,112000,"32992_20231231",0.6694213838057799,0.6017773628410519,309,10.558479771541947,2.2014818828468603,9,"UT"
2214641,10.15890366972477,"NM",33005,26213,"33005_20231231",0.30456156243428356,1.9019046900882617,218,8.520434381075244,0.8257697708982517,4,"IL"
594632,6.681258426966293,"NM",33009,9037,"33009_20231231",0.08917639573110184,2.3999806062173232,89,12.113906781563541,1.706046819823678,4,"DE"
336498,6.867306122448979,"NM",33010,4543,"33010_20231231",0.12420295812960841,2.666092053094294,49,12.285441142670606,1.2711601448026202,4,"GA"
56953,5.177545454545455,"N",33013,857,"33013_20231231",0,2.4508248171578897,11,18.73481869812145,0.8357488944840573,4,"CA"
479425,5.846646341463415,"SM",3301,8662,"3301_20231231",0.29522816669440816,3.5824466978020824,82,9.437267534537726,0.4108999416801023,4,"TX"
206218,5.426789473684211,"NM",33026,3144,"33026_20231231",0.4791431792559188,3.3648717065559484,38,12.119626820123813,2.997740961625955,4,"FL"
280583,2.398145299145299,"N",3302,8693,"3302_20231231",0.17631525492585823,5.622738855731589,117,8.5546478841846,0.6879376365076045,4,"TX"
28694,4.782333333333333,"N",3303,336,"3303_20231231",0,2.8374443966641527,6,8.02745867189689,0.5040429176682905,7,"TX"
494630,4.8973267326732675,"N",3305,7751,"3305_20231231",0.044173560020824676,3.0439711968144,101,13.063033553749461,0.9621424670152725,7,"TX"
197665,8.594130434782608,"SB",33103,4090,"33103_20231231",0,3.9726735851809885,23,17.106693423638113,-1.5359573901921906,5,"CA"
2331251,33.30358571428572,"SB",33111,10064,"33111_20231231",0.03657839295076613,0.7534684108981626,70,9.895895406764712,0.9789677357878761,5,"CO"
1763862,8.775432835820896,"NM",33119,19066,"33119_20231231",0.10101604582481484,1.9994925841018405,201,7.810007746702574,0.9815141181810128,4,"KY"
521102000,107.00246406570842,"SM",33124,1791000,"33124_20231231",1.8806573512610951,1.400289185473973,4870,10.272449794287416,1.0723993971842218,9,"NY"
138827,9.255133333333333,"N",33131,1733,"33131_20231231",0.23182097743293748,2.5256429314701947,15,10.295341549728974,2.2952281849264162,4,"MN"
612402,5.888480769230769,"SM",33136,8402,"33136_20231231",0.46218257692412823,2.550403883631408,104,7.876706851716207,-0.6119001796022124,4,"PA"
44474,8.8948,"NM",33183,1313,"33183_20231231",0.2402957486136784,3.6574599571194355,5,12.000516428894196,2.02347302901486,4,"WA"
1751524,6.560014981273409,"NM",33188,30417,"33188_20231231",0.593374136465829,3.6909769555304126,267,10.54374204705248,-0.057560147384215284,4,"NY"
665991,8.538346153846154,"NM",33204,7601,"33204_20231231",0.04189312433731009,2.2798189979827037,78,10.0710457622725,1.4414600812776586,4,"MN"
157104,5.236800000000001,"N",3320,1982,"3320_20231231",0,2.4842231794049883,30,14.15681006520101,1.0017028949213662,7,"TX"
2788920,5.908728813559322,"NM",33216,60068,"33216_20231231",0.3700668294307794,3.406470676097293,472,7.4258121866149605,0.9939547654758176,4,"AK"
5054,0.17427586206896553,"NC",33239,5190,"33239_20231231",0,131.4203442041117,29,76.12771486912938,55.04587155963303,7,"OH"
1593986,14.623724770642204,"N",3325,13123,"3325_20231231",0.03770112263661088,1.9175648256226203,109,9.326728309156733,2.3668033904591517,4,"TX"
144885,8.522647058823528,"SM",3327,1755,"3327_20231231",0.5509273696559303,2.139650303296997,17,18.495154827980606,1.5937714104285148,8,"TX"
54847358,24.129941926968765,"NM",33306,467380,"33306_20231231",0.9599752958849643,1.2213423685726164,2273,12.864667715611253,1.6131329449762755,4,"IL"
864521,8.821642857142859,"N",3330,10930,"3330_20231231",1.646689285358065,2.560337950191755,98,10.425512660404337,0.9364276857716817,4,"TX"
37424,9.356,"NM",33316,2540,"33316_20231231",0,19.4574177270007,4,70.67433350757972,-18.490561498371534,7,"GU"
73862,8.206888888888889,"NM",3335,838,"3335_20231231",1.9173892923968372,2.2302862029780104,9,12.272707356613942,1.5654471116109607,4,"TX"
75000,7.5,"SM",3336,744,"3336_20231231",0,1.8107504003219108,10,10.181401972397088,2.064310578144766,2,"TX"
830269,5.68677397260274,"N",3337,14199,"3337_20231231",0.5973958124020415,3.0730798998116153,146,10.834966194915172,1.5897623715220042,4,"TX"
494965,13.377432432432434,"SM",33380,5105,"33380_20231231",0,1.8387158086935265,37,11.073317440844244,0.7820250796051947,4,"NE"
508908,16.9636,"N",3339,2801,"3339_20231231",0.08428765691552129,0.9216725359678468,30,10.859136842844821,1.9733970248636719,7,"TX"
854116,7.238271186440678,"N",33418,16501,"33418_20231231",0.4157314102870242,3.525273608792707,118,10.059868248838642,0.532293820018618,4,"VT"
258579,4.7885,"N",3342,3869,"3342_20231231",0.20022634282232088,3.1143465938004553,54,8.68654966562586,0.8557328810677852,4,"TX"
3726803,9.680007792207793,"NM",33440,34246,"33440_20231231",0.11290552169468276,1.6634976908681993,385,12.164693203572298,1.158294633199993,9,"FL"
582976,4.739642276422765,"NM",33450,12272,"33450_20231231",0.24957865373357582,3.244658358741147,123,9.680075235887243,0.8255921567686203,2,"NE"
1842269,8.29850900900901,"SM",33457,25429,"33457_20231231",0,2.1583593505319745,222,9.641060399782637,1.6596780009815921,4,"CA"
336966,4.433763157894737,"NM",33470,5654,"33470_20231231",0.1239375287861659,3.038705014455189,76,9.0125907324959,0.6268068986142957,4,"AR"
1370750,4.553986710963455,"NM",33492,38659,"33492_20231231",3.236399342080732,5.995088603295024,301,10.572262297584722,-1.8187029383456943,6,"LA"
27748000,204.02941176470588,"SM",33497,27000,"33497_20231231",0,0.3625572370452928,136,11.207071733387524,0.38269930577003125,5,"TX"
2567603,11.067254310344827,"NM",33503,29098,"33503_20231231",0.88283947975695,1.9256226652542034,232,10.747687934776936,1.5382042071223188,4,"NJ"
447570,7.716724137931035,"N",33506,6334,"33506_20231231",0,2.4139735826863395,58,8.904684403405632,1.1059614651955036,4,"GA"
56008,4.667333333333334,"N",3351,637,"3351_20231231",0,2.9194416567831403,12,17.378080939488765,2.003607194739391,7,"TX"
6659765,22.12546511627907,"NM",33539,51741,"33539_20231231",0.5436343257970851,1.1375199070550008,301,10.848842922426655,2.283746177837829,4,"CA"
149382,7.862210526315789,"NM",33552,1461,"33552_20231231",0.16352977476087627,1.7198688775023074,19,9.578421803438697,0.47102256452690877,2,"IA"
44886855,8.65872974537037,"N",33555,583641,"33555_20231231",0.5632074869995192,2.263141598034518,5184,10.028616171797669,1.1694396881638474,4,"FL"
343735,7.4725,"N",33565,4237,"33565_20231231",0.11058176612713873,2.664704882922888,46,15.92289001434468,1.5187257497986013,5,"FL"
55719,3.9799285714285717,"NM",33568,1256,"33568_20231231",11.394218788935959,6.866469090453729,14,16.271393204406014,5.979463204908795,4,"PA"
544312,6.890025316455696,"SI",33645,9925,"33645_20231231",0.3319373351946642,3.0559904104677256,79,8.634135533570277,0.3916498384981883,4,"MA"
3984479,,"OI",33646,,"33646_20231231",0,0,,0,0,4,"NY"
6385310,,"OI",33648,,"33648_20231231",0,0,,0,0,9,"NY"
402108,,"NC",33649,,"33649_20231231",0,0,,0,0,4,"NY"
51279996,,"OI",33653,,"33653_20231231",2.2471084429282864,0,,0,0,4,"NY"
40846,,"OI",33656,,"33656_20231231",0,0,,0,0,7,"NY"
8938415,,"OI",33661,,"33661_20231231",0.1565225346706364,0,,0,0,9,"CA"
3172686,,"OI",33664,,"33664_20231231",0,0,,0,0,9,"IL"
9713421,,"OI",33681,,"33681_20231231",1.1097747720759967,0,,0,0,4,"NY"
16769767,,"OI",33682,,"33682_20231231",0.1736021455852087,0,,0,0,4,"NY"
1523503,,"NC",33684,,"33684_20231231",0,0,,0,0,4,"NY"
9027692,,"OI",33686,,"33686_20231231",1.2898289902890647,0,,0,0,4,"NY"
140785,5.6314,"NM",3368,2451,"3368_20231231",0.27282792070856177,3.0685029511715256,25,16.455969279889544,0.9837238418887497,8,"TX"
19674602,,"NC",33690,,"33690_20231231",0,0,,0,0,4,"NY"
67099009,,"NC",33692,,"33692_20231231",0.0044680633185394045,0,,0,0,9,"NY"
5030936,,"NC",33693,,"33693_20231231",0,0,,0,0,9,"NY"
939301,7.893285714285715,"NM",33708,10875,"33708_20231231",1.5313638328884656,1.9060048151700593,119,11.224749534289101,1.219055711298639,4,"IL"
315286,7.332232558139535,"NM",33739,3610,"33739_20231231",0.564626079751025,1.8815747041639501,43,13.550135501355012,1.6887787718741343,4,"TN"
504020,11.200444444444445,"NM",33753,4458,"33753_20231231",0.4756104430112372,1.4289641573233094,45,10.275999779010757,0.4373385613632294,4,"IL"
1869961,7.6324938775510205,"NM",33758,24582,"33758_20231231",0.33490164660656113,2.2733518309544976,245,9.616696192943657,0.569082613673935,4,"ND"
410440,6.728524590163935,"NM",33761,8066,"33761_20231231",0.022964532972928206,3.070400045960662,61,8.266145174948017,0.4977420834245448,4,"MN"
338809,5.464661290322581,"NM",3376,6216,"3376_20231231",0.6470243902439025,3.1433949599451347,62,11.564215443245148,0.9274634836789191,4,"TX"
921235,20.471888888888888,"N",33785,5102,"33785_20231231",0,2.1612487355598335,45,10.208951949332729,3.3406769214629475,7,"MO"
209237,4.451851063829787,"NM",33794,3307,"33794_20231231",0.11893003285694129,2.6823489513310657,47,10.611087507578326,1.469282492618649,4,"TN"
72939,3.315409090909091,"SI",33802,2124,"33802_20231231",7.644542349072567,6.206928157742477,22,7.7155550603735215,-1.238807765677721,5,"PA"
3217211,31.235058252427187,"N",33803,18380,"33803_20231231",0.23022571105787612,1.3142880923369649,103,9.427686391116517,1.4127790482992808,4,"IL"
178094,5.936466666666666,"SM",33805,2769,"33805_20231231",0,2.7192426120557904,30,10.158293648132002,0.70534533044279,4,"IL"
374063,11.68946875,"N",33812,3876,"33812_20231231",0,1.8180810893237582,32,13.863288881338656,1.410528140351801,4,"WI"
112604,3.217257142857143,"SB",33818,3460,"33818_20231231",1.613235062750366,5.561435349320113,35,11.338679704657704,2.6841370318353945,5,"AR"
871058,6.91315873015873,"NM",33823,19018,"33823_20231231",1.8119577884241875,5.189048644261859,126,14.72156470316449,3.4115080729159932,4,"UT"
138405,0.2159204368174727,"SB",33831,37019,"33831_20231231",0,90.22122455202067,641,33.219239469079426,380.04545518184403,7,"OH"
174965,5.46765625,"NM",33832,2235,"33832_20231231",0.03071107961256792,2.4918088005634322,32,8.399383266279601,0.39680109420134524,4,"MO"
4881936,21.412,"N",33849,36406,"33849_20231231",0.32753520108048,1.5484592994350588,228,9.363860681587266,1.3731348070149478,4,"IL"
413559,7.953057692307693,"N",3384,4601,"3384_20231231",0.10621659247546533,2.0596128772457956,52,12.339613193966327,0.9092449313830688,4,"TX"
101841,7.274357142857143,"NM",33851,1044,"33851_20231231",0,2.1862321976790744,14,8.047874948712561,0.9495245298892929,4,"TN"
38650,0.2996124031007752,"N",33855,9559,"33855_20231231",0,126.91234935370397,129,97.23376310075858,25.41993630705826,7,"OH"
572282,6.894963855421687,"NM",33859,8337,"33859_20231231",0.15827185225548696,2.5913248698876123,83,7.387092190568147,0.09414488186464429,4,"NY"
2866675,8.73986280487805,"N",33860,41196,"33860_20231231",0.07124122195936153,2.1408573455126145,328,8.834003395193006,1.0923770153822976,4,"IN"
2430238,10.042305785123967,"SM",33867,27836,"33867_20231231",0.6490839747674078,1.989165469317965,242,11.231296831812218,0.8856921611401445,4,"IA"
61816,0.4205170068027211,"NC",33879,20423,"33879_20231231",0,106.27550393733026,147,87.13618802318094,18.21441731606458,7,"FL"
1760582,7.790185840707965,"NM",3387,23389,"3387_20231231",0.35780008888276865,2.3649812638101095,226,10.058696493303001,1.290841856686181,4,"TX"
169404,7.700181818181818,"NM",33880,2059,"33880_20231231",0,1.822252768159507,22,14.086067916428496,1.476827365777558,4,"WI"
185009,9.25045,"N",3388,1751,"3388_20231231",0,1.7173492801480776,20,16.416854117517968,1.4380609724709348,2,"TX"
41986004,122.4081749271137,"SM",33893,66045,"33893_20231231",0.42309177871449266,1.1141777264214472,343,7.934323221480763,1.557763163171866,4,"FL"
1091178,10.010807339449542,"SM",3389,12373,"3389_20231231",0.6957372754766408,2.1067864741542337,109,8.409515342242795,1.0423692378307576,4,"TX"
5190829,14.87343553008596,"SM",33905,55471,"33905_20231231",0.22988245182893308,1.8286697552086721,349,10.394276905281966,1.2904055318561818,4,"CA"
332194,8.517794871794873,"SB",33922,4338,"33922_20231231",0,2.2501690734773443,39,8.899956493563787,0.5488672077017942,4,"SD"
271334,6.957282051282052,"NM",33926,3120,"33926_20231231",0.15570737510606472,2.458480411802743,39,9.15129231651501,1.50054588448197,8,"MI"
1093390,9.345213675213676,"N",33928,17543,"33928_20231231",2.1236715553582806,2.9498815976062938,117,8.698397168161197,-0.19650798435825395,4,"CT"
9541485,15.876014975041599,"N",33935,115472,"33935_20231231",0.4367148129446993,2.3492023281527605,601,10.79329570477223,1.7513801523803236,4,"IL"
36398501,333.9312018348624,"N",33947,30559,"33947_20231231",2.240330749132795,3.8567801798161945,109,11.830472947654085,1.3982304552238227,9,"DE"
213923,4.861886363636364,"N",33959,4136,"33959_20231231",0.19480666999863694,3.6141872706191425,44,20.649644428135467,0.6586624923187363,5,"FL"
146587,1.0396241134751771,"NC",33962,33074,"33962_20231231",0,32.679613004395605,141,94.7822225810358,12.409160053333562,7,"GA"
96781,3.8712400000000002,"SM",3399,1830,"3399_20231231",0.5510736663619865,3.748282084547478,25,9.691399451730689,1.4965958670407022,2,"TX"
483601,6.280532467532468,"N",3400,8944,"3400_20231231",0.8941026458399745,2.8567109364231755,77,11.761652718860937,1.6019812457482803,4,"TX"
871052,9.467956521739131,"NM",34010,10181,"34010_20231231",4.268005961270124,1.7788622089584094,92,22.481585583194295,0.47815043408423724,4,"CA"
2592061,24.68629523809524,"N",34011,17569,"34011_20231231",0.22449718270012567,1.490089902154255,105,9.833009347261017,1.87572661644564,4,"IL"
169371,7.363956521739131,"N",34014,2058,"34014_20231231",0,2.3872593474107555,23,8.746568972166141,0.02509131446227521,2,"TX"
136584,8.03435294117647,"N",3401,1475,"3401_20231231",2.6426198386331277,2.028097022530927,17,9.47591868241162,1.7262735383119836,2,"TX"
163088,8.154399999999999,"SM",34020,1972,"34020_20231231",0.011502279916197674,2.1100647834394364,20,10.694359279473995,1.4479641319470271,4,"KS"
298263,6.346021276595746,"NM",34023,3677,"34023_20231231",0.4840720954523911,2.685118073257269,47,10.004610891951431,0.9623398023199311,4,"TN"
489077,15.776677419354838,"NM",34038,5131,"34038_20231231",0.3552884007116096,1.8022293904019777,31,15.321836164274918,2.5049565493627113,4,"IL"
295096,12.295666666666667,"SM",34040,3597,"34040_20231231",0,2.0916639521953524,24,9.152573999460943,0.40717069718855653,4,"CO"
1827624,6.819492537313433,"NM",34047,25250,"34047_20231231",0.02125693485540014,2.3550156440487804,268,8.4503042975124,0.7896986763412023,4,"SC"
249427,7.558393939393939,"NM",34052,2893,"34052_20231231",0.37622199046774335,2.6479138084867557,33,9.826694455754478,1.0108472015929346,4,"WI"
153854,6.689304347826088,"NC",34056,3847,"34056_20231231",0,16.659748220784575,23,91.6141821845244,6.38716145303028,7,"NY"
24355,0.640921052631579,"NC",34057,4378,"34057_20231231",0,29.94728891460161,38,90.21558164354322,26.14662681194356,7,"OH"
383171,10.355972972972973,"SI",34058,3636,"34058_20231231",0.2781869575603153,1.578932241519412,37,15.365834572345255,0.3825180873050503,5,"NJ"
3727414,7.797937238493724,"SM",3405,58187,"3405_20231231",0.32426892907127036,2.721465530462447,478,10.281136467991525,1.6877884498783784,4,"TX"
3047,,"NC",34065,0,"34065_20231231",0,133.79310344827587,0,100.0328299409061,0.13136288998357964,7,"MO"
1646429,11.676801418439718,"N",34068,19256,"34068_20231231",0.05556993384498104,2.1276227204516407,141,9.052483203484755,2.121237829354493,4,"GA"
682768,1.0115081481481483,"N",34069,159996,"34069_20231231",4.525369495657474,47.21918848269805,675,86.00087936213785,27.526019860189425,7,"DE"
2600302,29.216876404494382,"N",34073,15398,"34073_20231231",0.08847213634128469,1.2980257382394507,89,9.723323037752381,1.6887191854724295,4,"IL"
589869,10.9235,"NM",34074,6915,"34074_20231231",0.39497219322503646,1.9401062202839274,54,10.688379885985167,0.6204157724894072,4,"WI"
797363,5.820167883211679,"NM",340,11027,"340_20231231",0.08936850452506723,2.5203657324075666,137,12.590201178482186,1.1119869247261192,7,"MS"
4626874,9.40421544715447,"NM",34102,43730,"34102_20231231",0.33786830334103646,2.040932842923114,492,10.228820643004195,1.33437905582827,4,"WV"
491496,8.330440677966102,"NM",34108,6588,"34108_20231231",1.2266160411857967,2.571882204532603,59,8.73845137447999,1.052761019484235,4,"IL"
3087990,9.3292749244713,"NM",34120,41884,"34120_20231231",0.2750416211408443,2.264222140233842,331,11.234815012652142,1.5699639467343378,4,"MI"
427842,8.731469387755102,"NM",34146,4381,"34146_20231231",0.41224345871688506,1.9034020983512674,49,9.602760051630337,1.6506448130086404,4,"MO"
3308085,11.329058219178082,"SM",34147,35922,"34147_20231231",0.18066272640224168,1.8309373663136577,292,8.886205335676483,0.8372496699197651,4,"RI"
403490,12.226969696969697,"SM",34148,3369,"34148_20231231",0.04726391673590416,1.66370384656505,33,10.38108785889429,1.584567201162208,4,"WY"
557775,5.522524752475247,"NM",34150,8234,"34150_20231231",0.11545701278234985,2.586741685965794,101,9.065324206087514,0.8414320076709371,4,"KY"
253560,8.452,"NM",34160,3061,"34160_20231231",0.3854942035689754,2.366412213740458,30,10.958228594108945,1.6848418756815704,8,"GA"
347613,16.553,"NM",34162,4533,"34162_20231231",0,1.8710800785003405,21,17.780336291853903,1.4229642613805111,4,"WI"
241215,8.93388888888889,"NM",34171,3268,"34171_20231231",0,2.553021245714339,27,11.164311115560565,0.7559510794981416,4,"MN"
218859,8.417653846153847,"NM",34193,2495,"34193_20231231",0,2.7675842910597956,26,18.401481011902302,4.035627965913542,7,"DE"
1602092,4.487652661064426,"N",34207,36542,"34207_20231231",0.7226811251410065,3.9780734185722455,357,9.171505400962081,1.6263228994591956,4,"OK"
974642,10.25938947368421,"NM",34210,13692,"34210_20231231",1.0551183663331938,2.311308677014229,95,18.81313796588574,0.8536876514012396,4,"CA"
1087875,5.083528037383178,"SM",34211,17990,"34211_20231231",0.952040333652526,2.5943189148637154,214,9.086068355642707,0.9616206879673236,2,"NE"
7990362,7.412209647495362,"SM",34217,90277,"34217_20231231",0.22915331195548538,2.3091301829832576,1078,10.730091386199984,1.0729878969583864,4,"MS"
203313000,159.96302124311566,"N",34221,314000,"34221_20231231",0.2005567695393181,0.5505873263359957,1271,7.478543171236672,1.0897248258132863,9,"NY"
518557,9.097491228070176,"NM",34229,5274,"34229_20231231",0,1.8134364366929692,57,9.723610845868393,1.3564691780167348,4,"GA"
654321,9.087791666666668,"NM",34233,7927,"34233_20231231",0.3300846710178162,2.06457238864479,72,8.573562449572131,0.76996877820607,4,"FL"
293823,5.996387755102041,"NM",34240,4554,"34240_20231231",0.1374271549099765,2.6500054916956466,49,12.603223357870394,1.0626605971187137,4,"WI"
1045069,8.856516949152542,"SM",34252,24387,"34252_20231231",0,3.6145384007873496,118,10.197910103737872,0.686755148241265,4,"CA"
1774550,10.140285714285714,"NM",34254,15344,"34254_20231231",0.05680078908880651,1.68807489247292,175,11.465668837832983,0.982295474812047,4,"KY"
597663,8.300875,"NM",34259,5697,"34259_20231231",4.9046542160939754,2.1432763606172522,72,25.001151204514137,2.9858784963783673,4,"NJ"
5026379,18.211518115942027,"NM",34294,73734,"34294_20231231",2.3540363700122455,2.438870113069343,276,10.76995023653791,2.7327962460619473,4,"MD"
718321,5.130864285714286,"SM",342,12229,"342_20231231",0.4362511770143142,3.068469217059191,140,8.454934251671984,0.5854581642313874,4,"MT"
6320142,10.243341977309562,"SM",3430,42161,"3430_20231231",0.09127604136616348,1.6332822968023193,617,9.879973906165116,2.4124874835358403,9,"CA"
592462,5.984464646464646,"NM",34313,9417,"34313_20231231",0,3.2338461561278087,99,16.55339781247943,4.201182159491424,6,"NV"
1109185,7.9797482014388486,"N",34319,15359,"34319_20231231",0,2.450360318731908,139,11.80971717775357,0.8224634606702993,4,"TX"
4111,2.0555,"N",34331,269,"34331_20231231",0,12.97371116421987,2,84.9111706011195,1.219333756035702,7,"NM"
92548,5.444,"NM",34334,1823,"34334_20231231",0,3.4303099269736625,17,14.490786344088605,1.9878869384895352,4,"IL"
2569748,513.9496,"NM",34351,1910,"34351_20231231",0,34.30812741592176,5,33.22768986737504,13.318093122084147,9,"NV"
1375970,12.980849056603773,"N",34352,14963,"34352_20231231",0,2.1171759486246935,106,14.968873432592408,0.41269298688072403,4,"DC"
1075287,7.572443661971831,"NM",34363,17093,"34363_20231231",0.19130006088735418,2.8390102298395012,142,8.758510028007628,0.02447007358170394,4,"NE"
28309486,14.247350780070459,"NM",34383,458864,"34383_20231231",0.49508299450425053,2.615642956803548,1987,11.998823288920134,0.7249969864214526,4,"TX"
608281,11.477,"NM",34384,6003,"34384_20231231",0.07704798827514232,1.7161640337834108,53,12.958287129348598,1.8609091740831818,2,"IA"
93422,9.3422,"NM",34386,1263,"34386_20231231",0.3543449439556466,2.0816412888430853,10,37.44604316546762,3.520590048617131,4,"OH"
127815,9.831923076923077,"NM",34393,2003,"34393_20231231",0,3.1504585411920543,13,15.707720007581022,1.522338360780394,4,"IL"
218066,6.8145625,"N",34394,2812,"34394_20231231",0,2.344267225690026,32,13.432842475066986,1.7300881798533014,4,"SD"
4007008,5.137189743589744,"N",34395,110768,"34395_20231231",5.913891049511859,4.613722936256656,780,10.802018806889283,0.686711311486455,4,"IL"
1296853,16.415860759493672,"NM",34401,14437,"34401_20231231",0.5391224268365815,2.319690648365595,79,8.535429107041658,-0.1315265490842641,4,"CO"
3749496,7.484023952095809,"SM",34403,66461,"34403_20231231",1.7791593910561874,5.804543522777768,501,9.055418080185618,1.3423881366491168,4,"WA"
2517462,10.317467213114755,"NM",34404,53006,"34404_20231231",0.7960507378288085,8.969506848193529,244,13.174263614326426,2.4541029911427015,4,"UT"
207652,8.652166666666668,"NM",34407,2414,"34407_20231231",0.2549173404126946,1.898446346036048,24,11.574736368838389,0.9429584392924099,2,"IA"
424763,5.117626506024097,"NM",34409,6306,"34409_20231231",0.36882364836886217,2.895512410056203,83,10.945654831910756,1.3050129425340011,4,"LA"
1871608,9.219743842364531,"NM",3440,25779,"3440_20231231",0.7795626255190303,2.28972087071326,203,9.69336040428345,1.1504618757511744,4,"CA"
1052648,11.31879569892473,"SB",34415,10472,"34415_20231231",0.05400932298270543,3.3922092606568937,93,8.477180007715116,2.125399976158932,9,"TX"
255461,7.98315625,"SM",34416,3328,"34416_20231231",0.10273194705432918,2.136597461803844,32,19.1613942252387,0.6834493592902908,4,"IL"
918643,13.711089552238807,"SM",34422,6890,"34422_20231231",0.4339645831954542,1.4956448085802618,67,11.511860398173289,1.043312540881981,4,"PA"
60475,3.7796875,"NM",34441,1100,"34441_20231231",0,3.526868529710969,16,15.734289734701582,-0.3347346059481779,4,"WY"
21303502,29.836837535014006,"SM",34444,133275,"34444_20231231",0.5755682644928077,1.6320240486080408,714,8.708015400150124,1.192596931766224,4,"PA"
101318,5.628777777777778,"N",34455,1663,"34455_20231231",1.9672320295373253,2.6262927321201825,18,9.684822680305311,-0.03368350569761602,2,"TX"
850745,10.6343125,"SI",34456,10027,"34456_20231231",0.23124645032341096,2.12250326490833,80,10.082228753216329,0.8662206001825046,4,"TX"
224839,11.24195,"SM",34457,1655,"34457_20231231",0.0725163161711385,1.6566781668387536,20,9.597803825874767,0.41051573672314734,7,"TN"
155014,7.7507,"NM",34460,2822,"34460_20231231",0.14702974127924473,3.729503318577801,20,8.78874910669741,0.8686115251854833,4,"AL"
236590,118.295,"NC",34465,388,"34465_20231231",0,1.0151383824873286,2,96.68201327851229,4.879810137596438,7,"DE"
15403,0.8106842105263158,"N",34478,670,"34478_20231231",0,11.544353909353436,19,73.77334493607336,4.8265296438400735,7,"NC"
142240,7.112,"NM",34488,2058,"34488_20231231",0.004098948619679052,2.198005016820611,20,10.916318630239624,0.8137652161511423,2,"IA"
445036,9.674695652173913,"N",34489,5815,"34489_20231231",0,2.319279913265001,46,8.03427271806073,2.079827461205377,7,"FL"
862884,8.62884,"NM",34496,9412,"34496_20231231",0.2713522640738983,1.6881340737791324,100,21.853686800620764,1.550458505262084,4,"CA"
8207762,11.19749249658936,"SB",34507,65634,"34507_20231231",0.348920141096971,1.4475365992053846,733,8.368129464275595,1.3297410211522687,9,"IA"
357369,3.609787878787879,"NM",34517,7428,"34517_20231231",0.6053155106511389,3.2397176746795866,99,11.706892049905207,1.44262237422119,4,"TN"
6218750,12.122319688109162,"NM",34519,70557,"34519_20231231",5.852003196800476,6.75160221164907,513,20.965720889674035,3.8115918637380912,3,"UT"
164338,4.8334705882352935,"NM",34526,2976,"34526_20231231",1.0378429517502366,3.201450716987078,34,8.848477597655082,0.7078770091396155,4,"IL"
2757543,5.302967307692308,"NM",34533,41745,"34533_20231231",0.24483453626239993,2.705591622445956,520,9.009687508151298,0.8729173651001981,4,"AR"
343675,2.8170081967213116,"N",34535,16456,"34535_20231231",0.7996437359615391,18.228547802765398,122,18.675724578667907,0.6083558448234889,3,"FL"
146838,5.87352,"N",34548,3069,"34548_20231231",2.374298027948283,4.227572596917121,25,12.850406457025487,-0.23086800043011024,4,"CA"
3995766,12.071800604229608,"SM",34562,42514,"34562_20231231",0.03769857656635757,1.9861760450833168,331,7.859408853130498,-0.15536121904981476,4,"AR"
367405,5.566742424242425,"NM",34566,5684,"34566_20231231",0.16754045285884633,2.572402915389971,66,12.937214205525589,1.384815855172255,4,"MO"
306575,18.033823529411762,"SI",34585,3134,"34585_20231231",0.6784415489483014,1.660268681029772,17,11.446613509914325,0.8148410355457648,4,"WA"
1974448,1.062102205486821,"NC",34588,244076,"34588_20231231",0,21.279730197325183,1859,94.16735062927042,19.914032616008235,9,"OR"
21056427,11.672077050997782,"SM",34589,237431,"34589_20231231",0.32427951010350314,2.1001354010598003,1804,11.156100039708813,1.1011024790156454,4,"VA"
5313149,8.161519201228879,"NM",34598,64704,"34598_20231231",0.07898453740024268,2.1502039813912983,651,12.227104367983896,1.8205893978983825,4,"MI"
870647,41.459380952380954,"NM",34599,5024,"34599_20231231",0.4076489989397602,1.1878412928265472,21,10.328441552288204,6.105254070005866,4,"UT"
3273441,9.247008474576273,"NM",34603,46225,"34603_20231231",0.3566093512142706,3.072511030337597,354,10.549163894975385,1.30001326006868,4,"WV"
364074,3.8323578947368424,"NM",34606,10602,"34606_20231231",2.748076716160964,4.706894178791804,95,10.474439686380483,0.839924254499225,4,"OK"
5153458,18.01908391608392,"NM",34607,43410,"34607_20231231",0.25793108305163387,1.556472535098925,286,8.952965933003469,0.3055986014939115,4,"IN"
258646,5.878318181818182,"NM",34610,3280,"34610_20231231",0,2.3639226201641446,44,11.008353446266513,1.1081607990135331,8,"MO"
2748455,8.725253968253968,"NM",34618,28181,"34618_20231231",0.00007471686045729707,1.8664846252741767,315,11.015136419570979,1.605226478544234,4,"MI"
10183,,"NM",34619,0,"34619_20231231",0,3.1293321373236567,0,96.55760738659173,5.341270488461225,7,"IA"
604917,4.351920863309353,"NM",34627,16968,"34627_20231231",0.044003238638363786,4.087656613399355,139,9.651256546985845,0.7849091133189715,4,"WA"
1317320,0.7036965811965812,"NC",34629,252709,"34629_20231231",0,36.701413025113,1872,71.11949894100607,29.876165442602655,9,"MA"
470702,7.35471875,"NM",34643,7594,"34643_20231231",0.04965331980667355,2.613571444219935,64,11.92926412832104,0.7351788780791145,4,"FL"
103554,7.396714285714286,"NM",34644,1449,"34644_20231231",0.18647188075301382,2.4105356879059983,14,8.670233848592945,1.0181144520348315,4,"MN"
2588150,10.149607843137256,"N",34656,33094,"34656_20231231",0.8476993030751655,2.0538422649140546,255,12.338724436765707,1.7186246721407463,4,"TX"
230228,6.222378378378378,"N",34662,2780,"34662_20231231",0.5021639561375157,2.4821623631673133,37,9.334502672998516,1.0188951123713017,4,"GA"
165229,7.183869565217392,"NM",34666,1713,"34666_20231231",0.9887299470148431,2.5643933976733058,23,11.759299808175072,1.1108261785113696,4,"KS"
1632636,28.14889655172414,"N",34681,10567,"34681_20231231",0.2556214448417597,1.4802326669998396,58,10.006502145004283,1.8551449679447818,4,"IL"
764891,5.794628787878787,"NM",34685,15127,"34685_20231231",0.04851482344946058,2.987357386677188,132,12.49336635414824,0.17591785672370783,4,"OR"
213992,8.916333333333334,"NM",34686,2086,"34686_20231231",0.002112735570016057,1.859055519590263,24,10.84740173492475,1.0087787141484914,4,"IA"
7074303,86.27198780487805,"NM",34697,11632,"34697_20231231",0.8016873901233765,11.34953004511336,82,10.213711040068059,5.326940673875445,4,"UT"
7066749,24.28436082474227,"SM",34699,65118,"34699_20231231",0.9226466306250698,1.9232962474634068,291,10.170095722644918,1.2501501742478078,4,"NY"
158110,1.7185869565217393,"SB",34710,64341,"34710_20231231",0,133.5736356991506,92,30.631715192339808,18.968010407238626,5,"OH"
112767,22.5534,"SI",34711,713,"34711_20231231",2.740548497056089,1.1942661546510553,5,21.48627248625469,0.4753128002762969,8,"PA"
3764668,19.81404210526316,"N",34717,27056,"34717_20231231",0.23279202342540387,1.7714735424844692,190,9.124196137198046,0.9849722086092668,4,"WI"
511717,12.183738095238095,"NM",34719,4221,"34719_20231231",0.2911913879348637,1.9008260471993106,42,11.067885220698221,1.2620958165584335,2,"KS"
1462968,6.360730434782609,"NM",34728,29515,"34728_20231231",0.4403124149339364,3.3187556684148967,230,10.70405340282364,1.4094514537091756,9,"TN"
7398,0.3699,"NC",34732,3521,"34732_20231231",0,77.12506767731456,20,91.17805271651426,2.0709258256632377,7,"IN"
11610522,25.743951219512198,"SM",34742,86096,"34742_20231231",0.8239868635956075,1.3493165418385904,451,10.72334842743138,0.9397204994326452,4,"MD"
120649,4.160310344827586,"SB",34748,3255,"34748_20231231",0,4.858478088351998,29,17.428020323673316,2.3631073097610438,7,"IN"
148799,6.469521739130435,"NM",34752,1535,"34752_20231231",0.005460899956312801,1.7662913409926557,23,9.222850447912483,0.5042694362833994,2,"IL"
1644721,10.820532894736843,"N",34755,14924,"34755_20231231",0.2499393684249061,1.9957943324075789,152,11.046357278714638,1.2592951780130794,4,"VA"
512940,11.657727272727273,"SM",34759,3453,"34759_20231231",0.02779246851086335,1.5949372519214329,44,24.216080432948942,1.1737005278182377,4,"PA"
500602,6.257525,"SM",34760,7591,"34760_20231231",0.45401881489447804,2.4270780985895013,80,10.496176060820437,0.7183757990087725,4,"OH"
36153160,23.521899804814577,"N",34775,334482,"34775_20231231",2.5008315092185365,1.7794028437598426,1537,9.441342320998482,0.3283481127640657,9,"FL"
369918,9.02239024390244,"NM",34778,3473,"34778_20231231",1.1960611116563613,1.656637043329846,41,10.472699208952344,1.1404185832034524,4,"IL"
1476691,4.1133454038997215,"NM",34781,42401,"34781_20231231",1.469989262043174,5.849350262038714,359,11.358296460988694,1.2604108742183107,4,"UT"
283602,5.560823529411765,"NM",34784,4798,"34784_20231231",1.3632754565474674,3.3384942906909236,51,11.018046922704956,3.8802481951311063,2,"LA"
422422,6.705111111111112,"NM",34786,6446,"34786_20231231",2.6276407238406523,2.8919787440934335,63,8.442350756981263,0.7513706527395343,4,"PA"
3902724,16.749888412017167,"NM",34788,45631,"34788_20231231",0.3046936781876541,1.7178622310110383,233,9.640897675591582,1.133179259855536,4,"CA"
14020,0.6095652173913043,"SB",34799,3818,"34799_20231231",0,56.176513282043835,23,81.1868322263933,4.877340688053419,5,"WI"
985906,6.319910256410257,"NM",34803,15353,"34803_20231231",0.009762347028702637,2.4412192265840558,156,10.841609595757532,0.7897076629567906,4,"LA"
1643010,12.736511627906976,"SM",34805,18426,"34805_20231231",0.028997408408257073,2.053417598018993,129,11.333736160829279,1.9106054370866015,4,"CA"
939842,9.124679611650485,"SM",34811,9988,"34811_20231231",0,1.8802929207360917,103,9.860011148623776,0.4000922407847908,4,"NE"
149768,13.615272727272727,"NC",34813,1534,"34813_20231231",0,2.226115910144074,11,100.39707193214662,10.788316870451462,7,"SD"
1292949,14.86148275862069,"SM",34836,11189,"34836_20231231",1.0035194661258755,1.7495917323211052,87,8.312512492504498,0.5830088294345493,4,"MN"
402334,5.747628571428572,"SM",34847,6664,"34847_20231231",0.03732133308930923,2.807260945331239,70,10.320637732506643,0.5260339658664732,4,"TN"
375149,9.619205128205127,"SM",34849,4618,"34849_20231231",0,2.0260150861819453,39,8.524884725653662,0.3431069704391243,4,"IA"
106158,9.650727272727273,"NM",34857,969,"34857_20231231",0.19087336594754992,1.680803696416538,11,12.726435369972366,0.8235069230576146,4,"IA"
142581,6.199173913043478,"NM",34860,2641,"34860_20231231",0.02892478678926102,5.246214551289352,23,12.505789717461788,-2.4594784348721173,4,"NC"
547329,6.081433333333334,"N",34876,11251,"34876_20231231",0.042780883236499645,3.3058410694090177,90,11.89622697730191,1.1353805270277981,4,"CT"
2293736,9.324130081300812,"SM",34885,33463,"34885_20231231",0.4992147005508246,2.583477974593787,246,9.574603323521478,0.747264478249266,4,"TX"
2023097,19.45285576923077,"NM",34888,12180,"34888_20231231",0.4049033759665201,1.7605798576863354,104,16.48507574606121,1.5995116326883658,4,"NJ"
826584,4.516852459016394,"SM",34890,14256,"34890_20231231",0.5538221406620478,3.459178394182049,183,11.109671764375442,1.0348653474769516,4,"VA"
66572,4.438133333333334,"NM",34900,998,"34900_20231231",0.35734518673464943,2.9788030767153058,15,8.739297753646968,0.21485442078317507,4,"IL"
1762087,8.680231527093596,"NM",34908,27149,"34908_20231231",0.9189228740806198,2.50790456315296,203,8.105381943349956,1.0389226292384302,4,"FL"
280006,5.38473076923077,"N",34918,4330,"34918_20231231",1.0495279347869593,3.0318516599661756,52,9.960426734749705,1.9314945526062264,2,"TX"
141870,6.755714285714286,"NM",34930,1965,"34930_20231231",0.2733333984127139,2.3296355408777414,21,12.009749458363423,1.2739372681210674,4,"KS"
853635,7.621741071428572,"NM",34936,12570,"34936_20231231",0.2702266032942079,2.4520879691466915,112,9.377150439775942,0.8521448898553352,4,"TN"
154513,5.328034482758621,"SM",34938,2708,"34938_20231231",0.9348576872692629,3.2173114505847566,29,12.348130767236091,1.7662918359203135,4,"MS"
4758446,7.800731147540984,"NM",34953,104286,"34953_20231231",1.5048231075647094,3.2744404426382814,610,9.449626547186343,0.7542655615689648,5,"MI"
535840,6.782784810126583,"N",34955,7271,"34955_20231231",0.3251859955045417,2.700630874724117,79,8.589752883408432,0.5494690635515536,4,"IA"
788913,9.8614125,"NM",34966,8898,"34966_20231231",0.019437118712202536,2.090533174903073,80,10.022302376166744,0.621158075835953,4,"SC"
13811520,17.093465346534654,"SM",34967,102948,"34967_20231231",0.2747570837735277,2.280337870816772,808,11.229920835837229,0.4481538767636728,4,"NY"
56876000,7.837398373983739,"SM",34968,522000,"34968_20231231",2.4570630290081352,2.777503630493324,7257,7.73509293166586,0.7842570530263511,9,"PR"
963535,9.933350515463918,"SI",34969,14108,"34969_20231231",0.5248957390675649,2.706987427746121,97,9.225432148073644,0.7510929534111832,4,"NY"
506232,7.336695652173914,"NM",34973,6103,"34973_20231231",0.13236029335069363,2.1420949684886095,69,10.60820958541648,1.0947747646410013,4,"IA"
1168433,6.79321511627907,"NM",34978,11559,"34978_20231231",2.199539354586481,1.7074817987034991,172,10.003676000928124,0.999653601451731,4,"LA"
3128285,8.641671270718232,"NM",34980,37241,"34980_20231231",0.12702064624574508,2.156838536089135,362,11.368789454164027,1.1620669568931663,4,"LA"
124343,5.6519545454545455,"NM",34995,2086,"34995_20231231",8.116030986750202,2.7244806254308127,22,10.633548407452396,-0.4493538901831445,2,"NE"
1117970,3.665475409836066,"N",34997,36616,"34997_20231231",1.1418262668090673,6.2409574380542425,305,9.383478376222294,0.6349430776803763,4,"FL"
1155557,9.47177868852459,"NM",34998,15015,"34998_20231231",0.2116729994618483,2.3869118997966385,122,11.131924791365295,2.2118387233451764,4,"GA"
1106624,2.9989810298102983,"NM",35014,46803,"35014_20231231",0.7017076788498839,7.611884403414155,369,17.990658896406465,3.143662191669905,4,"KS"
493273,6.6658513513513515,"N",35015,7281,"35015_20231231",1.0518863852197187,2.6229786405683204,74,10.1647921464318,0.06509612388977833,4,"TX"
185710,8.843333333333334,"NM",35019,1866,"35019_20231231",0.019320249231215083,2.3171451165476293,21,16.02326841369871,0.933259693474086,4,"LA"
689524,5.843423728813559,"NM",35020,9488,"35020_20231231",0.2913692562615512,2.730295698531741,118,9.102787392647517,1.5438528524577382,4,"LA"
249525,7.79765625,"NM",35029,3484,"35029_20231231",0,2.364233814137031,32,11.076789363651313,1.7217704101287843,4,"GA"
272043,15.1135,"SM",35031,2289,"35031_20231231",0,1.5386718740738925,18,9.102097857675998,1.2510105683918704,4,"IA"
255065,6.221097560975609,"NM",35033,4705,"35033_20231231",0,3.5434264674030755,41,13.744678048572611,0.7864217220942367,4,"NY"
712901,11.498403225806452,"N",35052,5074,"35052_20231231",0.8969423597879482,1.3357014861350367,62,8.335309977585556,1.729453732200993,7,"FL"
179521,4.986694444444445,"NM",35056,2267,"35056_20231231",0.4356836113053031,2.5029494611941225,36,8.955404750363547,0.9150385829038503,4,"FL"
129477,6.4738500000000005,"SM",35060,1579,"35060_20231231",0.3732274979301644,2.3277481633089456,20,15.448984168967463,1.824471903590903,8,"OH"
123879,2.135844827586207,"NC",35063,8994,"35063_20231231",0,12.05974160037359,58,99.15617377546312,2.3718037998017354,7,"IL"
23656,1.3142222222222222,"NM",35075,3836,"35075_20231231",0,29.943965990821575,18,68.96493947136932,9.647484385696536,7,"PA"
237959,7.931966666666667,"SM",35084,2136,"35084_20231231",0.35587804899167885,1.5577269836771803,30,15.522926776528903,1.6627280716402606,4,"AR"
50634,5.626,"NM",35094,574,"35094_20231231",0,1.9196698012187763,9,13.757266161705125,0.8391254404921831,2,"MO"
16835042,6.3528460377358495,"NM",35095,330870,"35095_20231231",0.06662594887312157,3.304560541997619,2650,10.17139285098491,0.9224743915611804,4,"VA"
220234,5.505850000000001,"SM",35101,3822,"35101_20231231",0.06103456611070825,3.0074055135006805,40,13.077277258483422,0.9405276085944134,4,"OH"
189080,3.6361538461538463,"NM",35103,6316,"35103_20231231",0,4.728059586279389,52,10.32661000293787,1.0634541318683124,4,"ID"
2540116000,18.751640693631376,"N",3510,20594000,"3510_20231231",0.6894088740321705,1.9184628862345496,135461,7.592315623689906,1.1613182491345997,9,"NC"
734665,5.137517482517482,"NM",35111,13389,"35111_20231231",0.4343170842306174,3.1205577190163667,143,11.144340238738042,0.3929631545981863,4,"VA"
504799,7.5343134328358214,"SB",35115,10436,"35115_20231231",0.7455516848140222,5.3688352429291,67,10.657813807251653,-1.2455728594606885,6,"MI"
311943,7.798575,"NM",35117,4596,"35117_20231231",0.018430190125841336,2.4712751981211603,40,11.689452305148887,0.9388833859890432,4,"OH"
105456,4.793454545454545,"NM",35118,2160,"35118_20231231",0.010176045588684237,2.9727746865602254,22,8.907744234014627,0.8970987752967328,4,"KS"
1733244000,8.678586986455699,"N",3511,27222000,"3511_20231231",1.3285575739614217,2.6665897471266202,199715,8.44775201982643,1.2920837808883454,9,"SD"
655728,5.3311219512195125,"NM",35131,10358,"35131_20231231",1.2240356918447917,2.496536528395739,123,8.522180059365573,0.5595141840785905,2,"IL"
535384,6.609679012345679,"NM",35138,8625,"35138_20231231",0.8399301730736917,2.737747710177162,81,10.090620717560341,1.3101802511468421,4,"TN"
855974,10.070282352941177,"SI",35139,13816,"35139_20231231",3.6076854149077784,3.127328140458331,85,12.572511207786016,1.0558120811493634,5,"WA"
11959686,398.6562,"NM",35141,4821,"35141_20231231",0.16616979821158057,0.7292112157367927,30,15.142854241675527,2.05311635145619,6,"UT"
783832,10.737424657534246,"NM",35151,9292,"35151_20231231",0.328473303735385,2.002690324357194,73,13.134117819798844,1.0684994577047322,4,"NJ"
391029,15.039576923076924,"SB",35154,5154,"35154_20231231",0.15993424925308486,2.3041336184431214,26,11.735528007491945,0.4160279194889003,4,"NY"
1161375,6.243951612903226,"SB",35157,21035,"35157_20231231",0.467247251386519,3.5911070918871255,186,9.37907256731278,0.3380672119106546,6,"NV"
466748,6.764463768115942,"SB",35161,4921,"35161_20231231",0.05248601420579546,1.9363397920698868,69,8.876497090530314,1.090985881021352,4,"KY"
151113,0.8257540983606557,"SB",35164,24467,"35164_20231231",0,102.28678930365345,183,58.353415692143784,43.9598965868795,5,"CA"
385870,12.862333333333334,"NM",35169,3287,"35169_20231231",0.3757271455239683,1.6839492092620423,30,9.90731871488855,1.3634521923496612,2,"IL"
78004,1.5294901960784315,"SB",35206,11876,"35206_20231231",0,22.998626522366028,51,100.4997771264166,19.6375956732605,7,"NH"
959707,6.313861842105263,"SM",35207,16838,"35207_20231231",0.06403631891069472,3.1972370945326873,152,9.566273170210023,0.8206755019338428,4,"VA"
249597,13.136684210526317,"NM",35212,2580,"35212_20231231",0,1.639583266739069,19,9.208671095670546,1.100072272643284,7,"FL"
971957,5.890648484848485,"NM",35214,17933,"35214_20231231",0.04152812267631915,3.0335329618390907,165,10.319103919079447,0.6238433459132527,4,"SC"
221789,5.8365526315789475,"SM",35220,3351,"35220_20231231",0.1596766355284371,2.7971884578420236,38,9.571084585570622,0.9427973845953594,2,"WY"
587427,9.037338461538463,"NM",35221,4357,"35221_20231231",0.45851192993752543,1.469429589396401,65,11.522080654924908,1.4361364634682023,8,"IN"
498082,11.859095238095238,"NM",35223,5654,"35223_20231231",4.889293892871177,2.001442960761712,42,8.9196802344787,0.2682223430204417,4,"IL"
147820,5.279285714285714,"NM",35229,1698,"35229_20231231",0.038273954027513504,2.4435531788472966,28,14.495147353908736,1.222789391238589,4,"IL"
1503592,7.872209424083771,"NM",35230,18778,"35230_20231231",0.9744305982044726,2.5514631789483304,191,10.57952433602296,0.521242537743836,6,"IL"
313648,10.81544827586207,"NM",35236,3100,"35236_20231231",0,1.8124746861077359,29,10.630864444000798,1.4761834628177277,4,"GA"
3396957,30.603216216216214,"SB",35237,16645,"35237_20231231",0.28543585496418084,2.7499917702018375,111,17.045871927077997,3.945992912621741,2,"WI"
524934,11.411608695652173,"NM",35241,4690,"35241_20231231",1.2133707258907933,1.8879879310260972,46,14.357564699668698,1.4986733237032683,4,"SC"
7235,0.26796296296296296,"NC",35248,4138,"35248_20231231",0,77.43931730198649,27,88.62341991943326,2.274718132753115,7,"VA"
71879,5.134214285714286,"NM",35261,1605,"35261_20231231",0,4.024451529456349,14,10.33096926713948,0.6480863602536324,4,"WA"
3091511,6.026337231968811,"N",35274,56719,"35274_20231231",2.5456508014422248,4.610426684374973,513,7.4928563571546425,-1.2740429718394881,4,"VA"
633871,6.214421568627451,"NM",35276,8034,"35276_20231231",0.3472808053540296,2.2657622887549476,102,9.080237743806844,1.2007094877564093,2,"MO"
2176502,7.636849122807018,"N",35278,48770,"35278_20231231",0.8851062460100747,5.092132428848705,285,10.511010204400407,1.5558037491921992,4,"MD"
319519,4.500267605633803,"NM",35286,7602,"35286_20231231",0.14363006079979265,3.65044952108752,71,7.567723929227619,0.022509819104662297,4,"NJ"
413832,7.389857142857143,"NM",35292,5057,"35292_20231231",0.03018923288312817,2.2034474824174395,56,10.497664795772051,1.762257770841462,4,"KS"
4056256,13.843877133105801,"NM",35295,41364,"35295_20231231",0.10975613472246962,1.7102874421166843,293,8.474627503782031,0.38918588248184177,4,"SC"
142369,6.189956521739131,"NM",352,2126,"352_20231231",1.1218816663534976,2.6829008257882374,23,10.054955152564277,1.5823446771814427,2,"MT"
17282,2.16025,"NM",35314,547,"35314_20231231",3.685528292438658,8.694062314801972,8,20.48439802652656,-3.7449405474926554,4,"AL"
168726,0.39607042253521124,"NC",35317,125206,"35317_20231231",0,136.47213320558987,426,44.7659616137877,12.542397612518858,7,"PA"
379322,4.682987654320987,"NM",35320,6559,"35320_20231231",0.21919035562435255,2.7682237491310246,81,12.796230312140104,1.4794062587060273,8,"GA"
582263,3.5942160493827164,"NM",35323,21925,"35323_20231231",6.43313378970584,7.001893273480849,162,20.716665150047195,4.479973142976575,4,"UT"
559241,7.660835616438356,"N",35331,12057,"35331_20231231",0,4.713772674568183,73,12.328587892224776,-2.014499036099569,4,"CA"
470545,11.763625000000001,"NM",35333,6198,"35333_20231231",0,2.0216874304540395,40,10.711920108017221,0.9912072087797001,4,"WI"
3587717,18.98262962962963,"NM",35361,26188,"35361_20231231",0.06352679424398751,1.3235357311675477,189,10.523303139561445,1.5386877539035038,4,"CA"
617425,8.232333333333335,"SM",35365,9950,"35365_20231231",0.08954661136770665,2.9682022747293932,75,11.18191487981736,1.0936007148560427,4,"NC"
446831,7.573406779661017,"N",35366,5409,"35366_20231231",0.2751400865684663,1.9344400675295441,59,9.948178169427083,1.2614137636829015,4,"CA"
194769,10.251,"NM",35377,2797,"35377_20231231",0,2.1284182942981804,19,16.477132026591995,2.9645028268683875,4,"NY"
217936,0.27762547770700635,"SB",35388,67308,"35388_20231231",0,84.24937480756088,785,90.52512862656985,29.480733559128563,5,"PA"
159096,2.3396470588235294,"SB",35393,11078,"35393_20231231",0.4156989215497729,12.114774072408395,68,8.690458606007283,0.9108100137055221,5,"IL"
88793,2.77478125,"SB",35394,8442,"35394_20231231",0,50.09330005933159,32,31.036910389218548,4.273233299968749,7,"CT"
580746,8.296371428571428,"NM",35406,7944,"35406_20231231",1.177030010992544,2.4511939250869785,70,9.895080140460951,0.9783090452213513,4,"MN"
616712,8.114631578947368,"NM",35407,7850,"35407_20231231",0.08050689180755373,2.1371916080255033,76,8.285567967835513,1.3263542669709907,4,"CO"
952226,10.82075,"NM",35412,10478,"35412_20231231",0,1.7855846395528567,88,10.012362582583382,0.8013560763013883,4,"IL"
15078,,"NC",35413,0,"35413_20231231",0,13.773260692925552,0,98.18809880727368,2.757316212220106,7,"CA"
472545,5.9068125,"NM",35417,7593,"35417_20231231",0.10336815529007116,3.0194214374731176,80,10.161535887383625,0.7005393005635635,4,"TN"
351416,4.813917808219178,"NM",35420,6061,"35420_20231231",0.010378970821253363,3.0053146185082658,73,8.799322578891811,1.1183587025048776,4,"MO"
289233,8.50685294117647,"N",35427,4300,"35427_20231231",1.2256178734734038,2.6307074553959513,34,14.754189594362396,1.8855818189344702,2,"GA"
791052,13.1842,"NM",35430,7583,"35430_20231231",0.15100710691008523,1.9996095693825746,60,9.999986666506665,1.0859600072097924,4,"FL"
219614,7.3204666666666665,"NM",35439,3221,"35439_20231231",0,2.786014489747096,30,11.748078151401353,1.683879163242264,4,"MS"
494399,5.885702380952381,"NM",35441,7022,"35441_20231231",0.5880235572400401,2.4721497927255567,84,11.269171334159942,1.9427387003182182,4,"NM"
92838,4.219909090909091,"NM",35442,1493,"35442_20231231",0.9243230366076391,3.0767555507159097,22,11.784160330505868,1.7611619891241306,8,"KY"
7693130,10.162655217965654,"N",35444,109391,"35444_20231231",0.547603094888306,3.5721263045856584,757,12.372343419916557,2.7080388245100506,4,"SD"
185238,7.71825,"NM",35450,2072,"35450_20231231",0.02775464890369137,2.3011320873407968,24,9.566880240902947,1.2418362326361976,4,"KY"
278658,4.35403125,"NM",35455,4368,"35455_20231231",0.34555178392634744,3.151957889497334,64,8.430527514179287,0.5196918245462856,4,"KY"
825036,8.418734693877552,"NM",35456,10945,"35456_20231231",1.022701730726006,2.3005229955199558,98,10.015195451653744,1.081295602764412,4,"NJ"
314304,5.930264150943397,"NM",35477,3800,"35477_20231231",0.4326933165460078,2.3418609928008256,53,7.95844235801139,0.34393238900378587,4,"IA"
382495,14.166481481481481,"NM",35480,5534,"35480_20231231",0.6990362831605337,2.391250882183109,27,8.579156453385174,0.4063388866314506,4,"MN"
326906,5.188984126984127,"NM",35492,4859,"35492_20231231",0.0031650327185257275,3.04879544072352,63,11.93951609258774,1.4627842190963842,4,"NM"
752402,6.218198347107438,"SI",35497,20932,"35497_20231231",0.06741378641761349,3.866186477625765,121,9.112904507386945,0.4331646212667425,4,"PA"
146276,2.708814814814815,"NM",35506,7687,"35506_20231231",0,9.143730095770245,54,11.869021499069508,0.1839524482921165,4,"FL"
10391,0.38485185185185183,"SB",35510,3818,"35510_20231231",0,80.87850286046738,27,70.90861020534062,13.080577911373995,5,"MT"
547627,8.832693548387098,"NM",35513,5765,"35513_20231231",2.3726862450127544,2.042162318627565,62,12.177032788213031,2.1518350402283297,4,"GA"
1184665,1.1846649999999999,"SB",35518,109286,"35518_20231231",1.10227046415704,16.85091968308679,1000,13.500595971198631,-0.3536748267962321,5,"IL"
1376845,7.0607435897435895,"SM",35519,24597,"35519_20231231",0.16431592753433233,3.3475236531633925,195,7.866010690866595,1.010652584867236,4,"NC"
833885,14.890803571428572,"SM",35521,9057,"35521_20231231",1.0895624436951807,1.7211113046289324,56,11.367467353648767,1.242342645995622,4,"TN"
2725297,19.466407142857143,"NM",35530,22486,"35530_20231231",0,1.7330521913782075,140,12.469607649131527,0.9499321641615769,4,"NC"
269502,3.4114177215189874,"NM",35533,16936,"35533_20231231",0,12.19193085943487,79,35.43866169397184,14.54321846041127,7,"UT"
3830997,12.986430508474577,"NM",35541,30827,"35541_20231231",0.813702274450364,1.6131976563860568,295,9.092414973040231,0.8421811407739885,4,"NJ"
392373,6.130828125,"NM",35543,5396,"35543_20231231",0.030529641067830432,2.5344573757212676,64,9.119663156198218,0.39225914195460104,4,"MO"
20746963,16.908690301548493,"SB",35546,160672,"35546_20231231",0.8764880939700221,2.0307867665949217,1227,10.039494601464725,2.062059407140494,4,"CA"
105887,6.6179375,"SM",35558,2265,"35558_20231231",0.10330756383546548,3.331456995485301,16,9.094182448081902,0.8194618356710971,4,"FL"
748605,7.5616666666666665,"NM",35568,7889,"35568_20231231",0.17890258536053236,1.98563314132487,99,10.019322880759931,0.7953123372021264,4,"KY"
47830432,14.247969019958296,"NM",35583,483185,"35583_20231231",0.2692684031284565,1.8391560917950425,3357,9.665257532975549,1.316554504096383,4,"TN"
317668,4.741313432835821,"N",35585,7770,"35585_20231231",1.6336033557176117,3.4506494778856887,67,10.973297225613345,1.454947521372524,4,"KS"
146821,6.383521739130435,"SM",35597,2090,"35597_20231231",0,2.486539115253711,23,9.899784140045066,1.026090824775582,4,"MO"
33253,0.2725655737704918,"SB",35602,22387,"35602_20231231",0,186.46087274500246,122,101.27518995705319,17.756582155046317,7,"IL"
176098,7.656434782608696,"NM",35604,2122,"35604_20231231",0.46699818338624144,2.110948871803062,23,13.87554289207911,1.0112705619310534,4,"TN"
373192,4.784512820512821,"N",3579,9155,"3579_20231231",0.3003133704735376,3.87713062675639,78,11.04874932814032,0.291376655838902,7,"FL"
43925,5.4906250000000005,"SM",358,813,"358_20231231",0,2.526789377115989,8,10.88061917832876,0.6243716837298207,2,"MT"
130882,8.180125,"NM",3598,1191,"3598_20231231",0,1.7798350451441076,16,11.203629956797721,0.43695590586721345,2,"IL"
134822,6.128272727272727,"N",3599,2042,"3599_20231231",0,2.6098790887222645,22,8.083075856891224,0.9332891288847308,2,"IL"
977289,6.346032467532467,"SM",35,12101,"35_20231231",0.16364791295079437,2.2041531030013375,154,9.724376465522488,0.157383193485341,4,"AL"
22840,7.613333333333333,"N",3600,275,"3600_20231231",0.5062849162011173,2.108546475358702,3,10.172252310950034,1.0106051154086089,2,"IL"
68846,4.049764705882353,"N",3601,1109,"3601_20231231",0.6890798970006891,2.856849449881761,17,12.896321452013357,0.3537187536548561,2,"IL"
5718417,6.85661510791367,"N",3603,83959,"3603_20231231",1.700650920127835,2.398284548283209,834,10.407766792433208,1.7160244394117254,4,"IL"
172421,6.157892857142857,"N",3607,545,"3607_20231231",0.34998819058252634,0.652134162571781,28,8.193229737256031,0.26733450142694126,2,"IL"
613061,4.9842357723577235,"N",3612,10619,"3612_20231231",0.3798888848007653,2.7234928271823935,123,9.654305873256225,0.8909289501202813,4,"IL"
474320,6.241052631578947,"NM",3614,5150,"3614_20231231",0.8720181256524198,2.107943908121224,76,10.13056868954149,1.4853940397066556,2,"IL"
388834,6.943464285714286,"N",3639,6406,"3639_20231231",0.0007716585256692209,2.938953285802967,56,7.366345251533408,-0.7734367561190071,2,"IL"
574090,6.3787777777777785,"SM",363,7277,"363_20231231",0.27416785197880866,2.437670268477855,90,8.505958474733028,0.836758268789946,4,"MT"
6608794,7.535683010262257,"NM",3657,108403,"3657_20231231",0.570975485943587,2.637545684173667,877,7.291134119743909,1.375436476040197,9,"IL"
354550,14.182,"N",3661,3856,"3661_20231231",0.0049208400858194515,1.6234923941677457,25,10.571698923765053,1.6305158221624811,4,"IL"
2167826,7.527173611111111,"N",3664,28805,"3664_20231231",0.21039017610353802,2.3391102335294187,288,9.514878879467338,0.910562955386518,4,"IL"
352365,8.389642857142857,"N",3674,7239,"3674_20231231",0.34721273864474367,3.0260074883955412,42,13.048862143255366,1.7991244281387073,4,"IL"
301692,5.586888888888889,"N",3677,3805,"3677_20231231",0.5732740426617978,1.9465404952602947,54,11.764529618580866,1.2005708174543,2,"IL"
81390,6.260769230769231,"N",3688,1415,"3688_20231231",0.1083045744915192,2.6166190735799533,13,8.216671134993996,0.9714753696769995,2,"IL"
303364,6.894636363636365,"N",3691,4575,"3691_20231231",2.0816715744777827,2.5048265869311472,44,10.149292739987123,0.8186047236283989,4,"IL"
65358,6.5358,"N",3693,608,"3693_20231231",0,2.1259169342417836,10,5.6361763879786535,0.04568355653013809,5,"IL"
115721,5.51052380952381,"NM",3698,1458,"3698_20231231",0,2.410895350364005,21,9.623471969777968,1.3367521118130226,2,"IL"
793036,4.925689440993789,"N",3701,14303,"3701_20231231",0.49283616886278797,2.9271518413402817,161,8.35505294635725,0.992043430886678,4,"IL"
245674,5.227106382978723,"SM",3702,3549,"3702_20231231",0.05711263881544157,2.3650970887885605,47,8.834852044704089,0.5240083776797442,4,"IL"
7535918,7.373696673189825,"N",3705,80169,"3705_20231231",0.3374568704064911,1.9976093253098806,1022,10.233397707426603,0.8205367470169781,4,"IL"
669723,7.124712765957447,"SM",3711,9312,"3711_20231231",0.31397378098186274,2.239103796050537,94,9.130929114432002,0.6397653106893011,2,"IL"
347512,6.3184,"SM",3713,5121,"3713_20231231",0.14628041871712918,2.2840605734570194,55,10.742282037660114,2.6258166023052802,4,"IL"
1488662,9.991020134228188,"N",3719,19617,"3719_20231231",0.7108524704885729,2.1188485507272885,149,8.948029677114787,1.101069638644871,4,"IL"
299897,7.140404761904762,"N",3720,3194,"3720_20231231",0.16560979586232935,2.032953970508452,42,11.273631225836578,1.7579650276377434,4,"IL"
734786,8.34984090909091,"NM",3722,8345,"3722_20231231",0.2776840630109257,2.266734940215776,88,7.628310948929993,-0.7410189058028305,4,"IL"
870499,15.271912280701756,"N",3732,6936,"3732_20231231",0.17971027696793002,1.3600575868746527,57,13.752385349165813,1.3011146707855046,2,"IL"
111575,5.313095238095238,"NM",3745,1490,"3745_20231231",0.5278432032301481,2.3819512930463005,21,8.576189371881092,0.8863074578776932,2,"IL"
593684,4.711777777777778,"N",3747,10773,"3747_20231231",1.7829946960079592,3.070905022595306,126,10.532457838080665,1.4993914245307507,2,"IL"
156461,4.346138888888889,"N",3749,2890,"3749_20231231",0.25683191367491365,3.1862732292967344,36,10.811485151115226,0.2762438155344371,2,"IL"
248319,6.056560975609757,"N",3759,2428,"3759_20231231",4.7083106560828085,2.0762428197577796,41,12.657722408560934,0.8173109183375702,7,"IL"
71869,4.227588235294117,"N",3761,1102,"3761_20231231",0.958706497565667,2.679761564958584,17,13.37633242483483,0.8036513483329776,2,"IL"
169253,5.4597741935483874,"NM",3762,2722,"3762_20231231",0.04142833261863403,2.8132116131675313,31,10.833764701633582,1.1403778819397443,2,"IL"
53798,6.72475,"N",3770,524,"3770_20231231",1.4072473237171432,2.125070104422206,8,10.531565922998714,0.9003887695577031,2,"IL"
1669582,6.573157480314961,"N",3775,24488,"3775_20231231",0.7018087454975018,2.4684309675773526,254,8.787690239752257,0.9370753388703831,2,"IL"
640933,6.5401326530612245,"N",3777,9189,"3777_20231231",0.556753230959725,2.6516725065924938,98,9.693453089774918,1.4044527069217314,4,"IL"
1334375,7.372237569060774,"SM",3787,15869,"3787_20231231",0.14636713677604998,2.097225922800993,181,9.039603485538374,0.788223278120698,4,"IL"
641764,9.578567164179105,"N",3792,6135,"3792_20231231",1.3655159388885023,1.7401793662083573,67,11.083110640013137,-0.10276890993890228,2,"IL"
622419,8.766464788732394,"N",3799,6051,"3799_20231231",1.8454563795824879,2.093058140579837,71,8.171133217119095,1.064211832313428,8,"IL"
66284,7.364888888888889,"SM",3805,720,"3805_20231231",0.5803230014845473,1.8005069001553797,9,11.860418311581752,1.946079798465815,8,"IL"
132809,5.31236,"N",3807,1813,"3807_20231231",0.19182303304865977,2.2095890470955624,25,12.025466412919696,1.0314335393280571,2,"IL"
128617,4.593464285714285,"N",3808,2197,"3808_20231231",1.7452800404116942,2.808837862520433,28,8.423227688474277,0.28088378625204335,2,"IL"
1695930,6.167018181818182,"N",3809,27523,"3809_20231231",0.8907098838332869,2.722905631209893,275,9.128135855793731,1.1861964066374484,2,"IL"
441682,8.83364,"N",3814,5269,"3814_20231231",1.5110011878800773,1.9521397509166236,50,12.587978648939963,0.555208127470913,8,"IL"
90171,3.60684,"NM",3818,1509,"3818_20231231",6.1150198338203365,3.274883264806701,25,9.075006447706299,0.8715777919729372,4,"IL"
275135,5.731979166666666,"N",3821,3251,"3821_20231231",0,2.2875732871402263,48,10.443446841125589,1.3552064153503245,2,"IL"
77237,5.516928571428571,"N",3826,955,"3826_20231231",0,2.1359192407741814,14,11.405440053508723,0.35930112616375115,2,"IL"
86832,7.893818181818182,"N",3827,744,"3827_20231231",0.08703220191470844,1.5507194672374836,11,11.669510174813935,0.7741705315733144,2,"IL"
182472,5.068666666666667,"N",3830,2520,"3830_20231231",1.1665894215660784,2.3828439660437817,36,10.746260199456028,0.7977852331170497,2,"IL"
48802528,13.793817976257772,"N",3832,440645,"3832_20231231",0.8350973822530466,2.0402846029536534,3538,8.994925141420508,1.3180492816422815,4,"IN"
93795,4.263409090909091,"N",3834,1349,"3834_20231231",1.3534962915933162,2.7126782851973696,22,9.86027379371885,1.055371284378918,8,"IL"
106234,4.828818181818182,"N",3837,1799,"3837_20231231",0.6315591763904868,3.035045101401686,22,12.25498449927201,1.2274369655863775,8,"IL"
482892,5.5504827586206895,"SM",3840,5984,"3840_20231231",0.0854285598607231,2.207774894720104,87,12.123190933610136,0.8080130151318041,2,"IL"
939373,5.908006289308177,"N",3842,12032,"3842_20231231",0.6544561593223394,2.3641322749570324,159,8.275596983683927,0.42339833809296074,4,"IL"
98721,4.7010000000000005,"N",3845,1293,"3845_20231231",0.5733835362473958,2.445264472530182,21,10.479976987404713,0.5880760012448619,2,"IL"
261953,6.236976190476192,"SM",3846,4142,"3846_20231231",0.06664743506848769,2.654466346085783,42,9.563546012845155,1.911215769181764,4,"IL"
1337295,5.526012396694215,"SM",384,21501,"384_20231231",0.2523189161021365,3.1192675039779525,242,10.81539912414151,0.9309395864508766,4,"OH"
54809,4.567416666666667,"SM",3850,793,"3850_20231231",0.6271213835461451,2.1514677261515116,12,10.75256873090808,1.3762796101701749,8,"IL"
288336,3.2037333333333335,"SM",3854,6218,"3854_20231231",0.8932878186338169,3.8327291191775443,90,10.125475782416872,1.8473885082114185,8,"AR"
557243,4.931353982300886,"N",3863,7898,"3863_20231231",0.24325705445457918,2.3194080063636395,113,10.36329361095762,1.291519647372627,4,"AR"
2144789,5.704226063829788,"N",3864,30357,"3864_20231231",0.1629337471859725,2.3640869541149474,376,11.064199653559887,1.477238255036334,4,"AR"
988003,5.98789696969697,"SM",3869,13125,"3869_20231231",0.1574863429811946,2.3372981674942954,165,9.292423024598337,1.1720889650429147,2,"AR"
471019,2.94386875,"SM",3873,18630,"3873_20231231",0.49583011073738986,5.5220595561218175,160,16.34690259257467,0.34332261240904216,7,"AR"
2374092,7.683145631067961,"N",3887,29258,"3887_20231231",0.24168374923056796,2.397833635313222,309,10.559240688375578,1.0639177473097767,4,"AR"
27308895,9.13646537303446,"SM",3890,283044,"3890_20231231",0.5055254430482035,2.046386716774796,2989,10.047407229333665,0.7498469770819198,4,"AR"
282417,4.8692586206896555,"N",3896,3531,"3896_20231231",0.19520290828624492,2.5615207051690034,58,10.173086418036036,0.9174124220053299,2,"AR"
58617,3.085105263157895,"NM",389,1087,"389_20231231",0.76980014803849,3.3355648145372676,19,10.844461423585185,0.19317299974354618,8,"OH"
164599,7.481772727272727,"N",3902,2286,"3902_20231231",0.044993554977260014,2.125900555096256,22,13.790368824957602,2.265313850376051,2,"ND"
70101,6.3728181818181815,"SM",3919,1152,"3919_20231231",0,2.8202393648536557,11,10.733338399574436,1.027965398743927,2,"ND"
3885776,5.181034666666667,"N",3931,94421,"3931_20231231",0.3155819965782442,3.8148961885494335,750,9.918499569324224,0.4203087360605614,4,"ND"
62054,6.2054,"NM",3934,863,"3934_20231231",1.1527876676738322,2.6855221492279333,10,9.122245678849453,0.6228520886644295,4,"ND"
4701349,6.9035961820851695,"NM",3973,72536,"3973_20231231",0.3162856155293256,2.5021669385452827,681,9.147262348933895,0.8383396674154598,4,"SD"
108799,7.771357142857143,"N",3977,1531,"3977_20231231",0,2.4776259483134266,14,9.169449888211103,0.9357437347068749,2,"SD"
31239,7.80975,"N",3985,287,"3985_20231231",0.012086052695189751,1.7293572283209218,4,11.030647872753136,0.8074692540553263,2,"SD"
392769,13.543758620689655,"N",3999,4137,"3999_20231231",0.010147691188844305,1.6109519980971019,29,12.108107556143276,1.6897909717804909,2,"SD"
27796,2.316333333333333,"NM",399,697,"399_20231231",0.12135922330097086,4.711689477226834,12,14.679198722601248,0.7708063430486295,2,"OK"
473193,6.145363636363636,"NM",39,6376,"39_20231231",0.48524782755824575,2.379628795485956,77,9.396386711067992,1.5613704728276274,4,"AL"
1681576,4.322817480719794,"NM",4009,36345,"4009_20231231",0.5472070840881713,3.739504145878504,389,9.532484818741281,0.6049234019658567,2,"SD"
1928151,6.986054347826087,"N",4016,31783,"4016_20231231",0.18357723491318956,2.7997127458001243,276,10.037730890804383,0.7316410010054344,2,"SD"
2937063,8.367700854700855,"N",4028,47468,"4028_20231231",0.3323424166404991,2.5305144430148236,351,9.133292692534095,0.9839136065339948,2,"SD"
941522,4.358898148148149,"SM",4029,17253,"4029_20231231",0.9498854073464146,3.374073428623726,216,9.01884606280083,0.768000666397039,4,"OK"
304864,4.839111111111111,"NM",402,4566,"402_20231231",0.012709920922187654,2.6420726924082634,63,11.70174339805214,1.49615978178947,4,"OK"
392422,6.765896551724138,"SM",4031,5597,"4031_20231231",0.2948740439922213,2.4595260139873387,58,10.140193920459478,0.3280697582006221,4,"OK"
899024,6.969178294573643,"NM",4032,14470,"4032_20231231",0.48199607606786093,2.6664629500356134,129,8.776720461503071,1.0011016664256955,4,"OK"
317015,5.5616666666666665,"N",4033,5219,"4033_20231231",23.492589814225287,3.4057723691828126,57,8.358201087640897,-2.906919178211444,4,"OK"
678173,4.29223417721519,"N",4037,11574,"4037_20231231",0.03883988258404726,2.75088262034927,158,9.158398850270855,0.72557886906519,4,"OK"
142562,5.940083333333334,"NM",4041,2630,"4041_20231231",3.015163365123093,3.457204246750977,24,9.513628264907691,0.24820200412103446,2,"OK"
594453,3.83518064516129,"NM",4042,14676,"4042_20231231",7.590292093540256,4.033338328551805,155,9.53770178651461,0.03229949799693925,4,"OK"
769664,6.30872131147541,"NM",4048,13241,"4048_20231231",2.968050330082876,2.862450818384314,122,10.927176546468582,0.9004790297724972,4,"OK"
193685,3.074365079365079,"NM",4049,5404,"4049_20231231",0.151762570493714,4.37254137727599,63,12.014696815016224,1.997780716943438,4,"OK"
182027,4.333976190476191,"SM",404,3218,"404_20231231",0.5900513326391553,4.171459355571409,42,8.7271687577786,0.6339229414024481,8,"OK"
251018,6.78427027027027,"N",4050,3877,"4050_20231231",1.8357267973112261,2.5106135988071756,37,12.423899445999881,1.8103057862781646,4,"OK"
54330,4.9390909090909085,"SM",4051,1042,"4051_20231231",5.298191152766999,3.5468896506140766,11,9.784240319751143,0.9875954931829013,2,"OK"
80082,5.0051250000000005,"NM",4054,1356,"4054_20231231",0.17879002641582373,3.5168719678251303,16,12.326871580673679,0.6441157450229176,4,"OK"
163350,4.804411764705883,"N",4059,2094,"4059_20231231",0.27649959763118254,2.260594969487174,34,15.775048591907684,0.9560522209074718,7,"OK"
135670,6.166818181818183,"NM",4061,1973,"4061_20231231",2.4439007206984207,2.6050042310826886,22,11.45227722183397,0.14285758893860714,2,"OK"
996327,6.346031847133758,"N",4062,11733,"4062_20231231",1.8747357420363617,2.0312708753092927,157,11.511268463308637,1.6856483631954788,4,"OK"
36651207,11.59114705882353,"SB",4063,371646,"4063_20231231",9.547821403812176,1.6645183545088167,3162,8.926145767138308,1.3544089161593122,4,"OK"
194538,6.708206896551724,"NM",4067,2179,"4067_20231231",0.22050572792985568,1.6868527748366602,29,14.356519413315574,0.9389768354724582,2,"OK"
106061,5.892277777777778,"NM",406,1432,"406_20231231",0.05434069743474432,2.474904581420375,18,15.826851233554114,1.257380586802913,2,"OK"
112621,6.256722222222223,"SM",4071,1472,"4071_20231231",0.8061232798632033,2.694450092226759,18,9.061307781030964,1.1182608982355107,4,"OK"
78611,3.93055,"SM",4076,1437,"4076_20231231",1.7262474139656974,2.870337105562541,20,14.592912834866054,1.2112548150809332,4,"OK"
383726,5.903476923076923,"SM",4084,5628,"4084_20231231",0,3.226687026286943,65,9.133430869723654,0.8890450456598608,4,"OK"
312667,7.444452380952382,"N",4086,3889,"4086_20231231",0.25002778086454047,2.1090593894465037,42,11.611492910509217,2.2665392944900256,2,"OK"
380050,5.206164383561644,"SM",4087,4879,"4087_20231231",0.09594371302169394,2.7860237833690777,73,8.372589103190828,3.0557444508378233,2,"OK"
3694234,11.617088050314464,"N",4091,47888,"4091_20231231",0.7428781442454204,2.3691519933643006,318,7.21112963955626,1.6772566780155613,3,"OK"
96555,4.82775,"NM",4092,1591,"4092_20231231",0.013095480604138171,2.6137496646472087,20,13.486345088446003,4.439670533401138,4,"OK"
119184,5.9592,"SM",4094,1874,"4094_20231231",11.180331516297697,3.739028764052034,20,9.196998469118865,-1.533825676767712,7,"OK"
122426,8.161733333333334,"N",4097,1424,"4097_20231231",0.0715703929445445,2.132427232379549,15,11.230562189325639,1.2212689192478652,2,"OK"
21815,2.423888888888889,"N",4098,382,"4098_20231231",0,3.27873158175817,9,11.394163964798517,0.34144334229257317,7,"OK"
93678,3.0218709677419353,"N",4111,2370,"4111_20231231",0.7781517872960929,4.421091903992041,31,9.341149483879189,1.361770924014426,2,"OK"
43170,3.5975,"SM",4122,638,"4122_20231231",1.7151607963246556,2.779426355395077,12,8.46957618339864,0.33525273072410056,7,"OK"
91785,4.3707142857142856,"N",4123,1552,"4123_20231231",3.898010035157183,2.7282536203256487,21,14.099550231324939,1.0800443487236997,2,"OK"
436974,1.2171977715877438,"N",4132,20909,"4132_20231231",0.28649514654603714,8.853572883078956,359,12.883066720110776,1.7368134860783262,4,"OK"
100742,11.193555555555555,"N",4134,1006,"4134_20231231",1.6913785058841828,2.1399743906399653,9,10.672207284282571,1.2122039564185787,4,"OK"
23054,3.2934285714285716,"NM",4144,464,"4144_20231231",0.24721052983229772,3.562547619246967,7,8.283113219643544,3.3490459405376893,4,"OK"
565660,7.252051282051282,"N",4145,6865,"4145_20231231",1.1252933079530258,2.2227364035467496,78,10.296569763415427,1.1384046382668513,4,"OK"
463041,5.512392857142857,"N",4146,7734,"4146_20231231",0.9133708873809775,2.9886819604131745,84,10.022814659519835,0.9080140761593032,4,"OK"
1770655,14.395569105691056,"SM",4147,17385,"4147_20231231",2.127492369024851,1.9739775186287483,123,9.496450677241159,1.670084211227644,4,"OK"
214559,5.798891891891892,"N",4148,3233,"4148_20231231",0.05605381165919283,2.5121313923105637,37,9.857719879189258,2.138857782754759,2,"OK"
290417,7.446589743589745,"NM",414,3231,"414_20231231",0.2926332753721532,1.9835011995367307,39,17.151166840822015,1.4541797650562542,8,"OK"
1531004,7.579227722772278,"NM",4160,23192,"4160_20231231",0.5183975742025774,2.769385104583119,202,10.169755478824607,1.0409394302860984,4,"OK"
87396,6.722769230769231,"N",4161,835,"4161_20231231",0,2.270026890125696,13,18.22188135324982,1.6334187980739168,2,"OK"
284363,3.8953835616438357,"N",4170,5584,"4170_20231231",0.7151033268920698,3.1983882138135113,73,11.39815765407485,1.46627771131958,4,"OK"
317682,5.573368421052632,"N",4173,4809,"4173_20231231",0.6499316583686935,2.660261843240808,57,9.80589858225238,0.9081305722898361,4,"OK"
819535,13.218306451612902,"SM",4178,8241,"4178_20231231",1.0633914511003617,1.6317638494461848,62,11.022499907938183,2.1029983183646843,4,"OK"
417111,7.448410714285714,"SM",4185,5485,"4185_20231231",1.9821938518394084,2.473541886169987,56,9.6867629913492,1.478657062441807,4,"OK"
268573,5.37146,"NM",4187,5396,"4187_20231231",1.2155528427833044,3.166300362029464,50,10.139591506482228,1.3889455673252378,4,"OK"
177984,8.090181818181819,"NM",418,2506,"418_20231231",0.5114019221903039,2.4272721797265553,22,11.82105006768966,2.0872460070195418,2,"OK"
1479870,5.691807692307693,"SM",4190,18201,"4190_20231231",0.08762499746455446,2.150879779994457,260,9.162578824832273,0.8357169958049334,9,"OK"
188147,7.52588,"NM",4193,2367,"4193_20231231",0.18568963554029552,2.4146241327880906,25,9.967931739603447,0.7550049521830197,2,"OK"
146627,5.865080000000001,"N",4196,2134,"4196_20231231",6.256844113179554,3.4296332038612363,25,10.194690036374935,0.1712817204415736,2,"OK"
124672,6.926222222222222,"N",4199,1575,"4199_20231231",0.8034678888950245,1.9980173049136822,18,8.238451354349303,1.3529519020236054,2,"OK"
282344,7.630918918918919,"NM",41,3628,"41_20231231",0.13366771479128742,2.2516109498763,37,12.770275292209158,0.6393463191006779,7,"AL"
342930,6.724117647058824,"SM",4208,4415,"4208_20231231",0,2.450215031489514,51,9.767787736374501,1.9675922347506962,2,"OK"
48751,6.964428571428571,"SM",4209,656,"4209_20231231",0.7039628970143691,2.3649676646522075,7,16.307202546756862,1.1805579628923477,4,"OK"
33313,2.2208666666666668,"NM",420,904,"420_20231231",5.222437137330754,4.635010711518301,15,15.758838306476319,1.2078946168922922,4,"OK"
773133,11.204826086956523,"N",4211,9266,"4211_20231231",0.11898399436460422,2.005261086883534,69,9.615630204023253,1.5836811280492686,4,"OK"
49582657,10.53605121121972,"N",4214,698966,"4214_20231231",0.810597686576617,2.4908871369578547,4706,8.860908227427702,1.054868771498163,4,"OK"
74880,4.992,"NM",4217,986,"4217_20231231",0.09583899049596678,2.434563260958047,15,10.321382033054226,1.601686355893452,4,"OK"
258206,6.978540540540541,"NM",421,4227,"421_20231231",0.5812045028867133,2.6104559432201206,37,11.148821057086312,1.9221328902672679,2,"OK"
53926,4.902363636363637,"N",4222,665,"4222_20231231",0.22605000226050004,2.156916639943806,11,18.491817081513446,1.1490830241116559,2,"OK"
279767,6.994175,"SM",4228,3468,"4228_20231231",0,1.956479838549668,40,9.49960796502059,0.8032125668221837,4,"OK"
101813,8.484416666666666,"NM",4232,1282,"4232_20231231",0,2.017013402699695,12,15.116699585500875,0.8495208395985894,2,"OK"
247290,3.86390625,"NM",4235,4426,"4235_20231231",0.25367071802247476,3.374797859413929,64,8.98865858427845,0.9723993832209626,4,"OK"
429029,5.1690240963855425,"N",4236,7074,"4236_20231231",0.031105599417179292,2.6808349689237816,83,10.590305740570551,1.1193572129538765,4,"OK"
16260538,8.36017377892031,"NM",4239,253607,"4239_20231231",1.0425264048649852,2.956088048195914,1945,8.360460741503871,0.5150011412490049,4,"OK"
288118,9.0036875,"N",4241,2094,"4241_20231231",0.3299538064670946,1.509888693181585,32,12.469658600145008,1.5625791211784041,4,"OK"
5700364,9.564369127516779,"N",4255,60009,"4255_20231231",0.1326059155674185,1.8746625672122719,596,8.914959682558386,0.80297935806377,4,"ME"
2911223,10.742520295202953,"N",4256,21957,"4256_20231231",0.12242574857216922,1.5057439694418493,271,8.430060430999466,1.0760464862262444,4,"ME"
559511,7.361986842105263,"N",4288,8704,"4288_20231231",0,2.4282742471112897,76,11.996819099697992,2.031900430601905,4,"LA"
87324,2.9108,"NM",428,1684,"428_20231231",0.9447040832368621,3.7351637624674514,30,11.076469587891843,1.2112432009279437,6,"OK"
482235,5.740892857142858,"N",4290,6231,"4290_20231231",0.2514839020889341,2.732306157265734,84,9.686070995597337,2.336981456487557,4,"LA"
475628639,8.21948361732278,"N",4297,9590231,"4297_20231231",1.7531583407957352,4.307880495639589,57866,10.304200800886214,1.1238971053599591,9,"VA"
322828,5.292262295081968,"N",4318,4141,"4318_20231231",1.090509870501953,2.7988320746285837,61,8.570767236590333,0.6784061942453202,4,"IN"
791353,6.1824453125000005,"N",4319,9389,"4319_20231231",0.023872739614839295,2.1390189928062817,128,9.3015377111634,0.5591805268810267,4,"IN"
411326,5.484346666666667,"N",4324,5658,"4324_20231231",0.13967771421528855,2.5213039680853573,75,8.820537230964515,0.8861506503316574,8,"IN"
130626,4.665214285714286,"N",432,1941,"432_20231231",0.5656647574636322,3.0405237011314736,28,9.055895491572507,2.739945352137354,2,"OK"
7901144,9.241104093567252,"NM",4360,77307,"4360_20231231",0.44410017723274336,1.8267560250271389,855,8.413969137362745,0.4529353459152902,4,"IN"
388895,9.971666666666666,"N",4364,4251,"4364_20231231",0.3597039253441198,1.8431353043520629,39,13.561485464979414,0.6290971250845055,2,"IN"
18299229,8.479716867469879,"NM",4365,224339,"4365_20231231",0.42984540295647466,2.1026331794909012,2158,9.889412150194337,1.3071209433130135,4,"IN"
4840056,5.621435540069687,"N",4382,68509,"4382_20231231",0.7785793452344688,2.677162088446893,861,10.725325694860286,1.2491982915375095,4,"IN"
166980,4.7708571428571425,"NM",4398,2930,"4398_20231231",0.11886568177958906,3.1766047931408634,35,9.394189407919184,0.9255074148210328,6,"IN"
612999,5.066107438016529,"NM",4419,11241,"4419_20231231",0.7416635161461593,3.3035963057833566,121,11.289741593531454,0.931534356276168,4,"IN"
438684,2.9051920529801327,"SB",4432,14526,"4432_20231231",0.107846392680068,5.365514244237117,151,12.265526871529199,1.5779156534041,8,"IA"
1723539,8.448720588235295,"SM",4433,19704,"4433_20231231",0.639213051716849,1.8192286369253172,204,11.560978690879548,1.3385923272857638,2,"IA"
405889,4.560550561797753,"N",4439,6441,"4439_20231231",5.102447688696771,2.502060381004708,89,12.308162227952938,0.10515047886096454,2,"IA"
448331,6.593102941176471,"N",4444,7016,"4444_20231231",0.3179487901749246,3.1145625742509475,68,9.226847956163702,0.5776505263610751,2,"IA"
531698,6.996026315789473,"NM",444,6038,"444_20231231",0.2020230283867538,2.135692622295971,76,10.806102676975751,1.3686586545061463,4,"PA"
63286,7.031777777777778,"SM",4457,872,"4457_20231231",0,2.315119984308631,9,9.030205182061852,0.6430888845301753,2,"IA"
560933,5.342219047619047,"NM",445,8516,"445_20231231",0.8481931732828888,2.579513038446289,105,9.938762201352393,0.9859872914788403,4,"PA"
229579,7.916517241379311,"SM",4464,2901,"4464_20231231",0.14952853874909336,2.224844976822123,29,11.164386885043427,1.393251911329944,2,"IA"
652522,6.27425,"N",4465,9660,"4465_20231231",0.6065075032107785,2.531497718459454,104,9.687530699069772,0.7738549469717027,2,"IA"
76286,5.868153846153846,"SM",4476,1303,"4476_20231231",0,2.818895919122442,13,9.030291737649062,1.341570862358556,2,"IA"
82853,9.20588888888889,"N",4477,849,"4477_20231231",0,1.5378931217230052,9,15.167177762389949,0.13413910931631415,2,"IA"
115667,7.2291875,"SM",4482,1573,"4482_20231231",0,2.4019988029847466,16,7.298362378491988,0.544500281546487,4,"IA"
40393,5.770428571428572,"N",4494,570,"4494_20231231",0,2.4680394060182986,7,13.269853058193199,0.06970404180177203,2,"IA"
1589347,6.706105485232068,"N",4506,24700,"4506_20231231",0.055939457066466705,2.3929493422865495,237,12.005792840438568,1.5495218418770262,2,"IA"
250704,6.428307692307692,"N",4511,3636,"4511_20231231",0.06906444243744356,9.482322225214432,39,12.042816380791804,-5.305030361279083,2,"IA"
129674,5.18696,"NM",4514,2670,"4514_20231231",3.4557678499827493,3.5036065364483595,25,10.197193843704392,0.7635963232477978,2,"IA"
710597,8.772802469135803,"SM",4519,7048,"4519_20231231",0.13331766565895034,1.8059362033499937,81,10.827801498876955,0.8355053796681552,2,"IA"
383817,11.288735294117647,"NM",4526,5012,"4526_20231231",0.18840305647189012,2.1063677487603605,34,9.405229356747908,2.522884344865548,4,"MO"
510084,5.605318681318681,"SM",4539,7099,"4539_20231231",0.3404969672014317,2.2547058667930924,91,12.361542042331566,1.1384423179051848,2,"MO"
872446,5.975657534246576,"N",4540,9102,"4540_20231231",0.16019942006784113,2.1501925888559237,146,10.841682963678073,1.986673748920562,2,"MO"
765984,9.011576470588235,"NM",4549,7642,"4549_20231231",0.6779829877286282,1.9793786047822046,85,8.641636942904642,0.9476685273199069,4,"MO"
112162,8.011571428571429,"SM",4556,1158,"4556_20231231",0,1.9700581313183654,14,14.922916605798541,0.5530483611113728,2,"MO"
110842,9.236833333333333,"N",4598,1269,"4598_20231231",1.1752658893620982,2.156468777887307,12,15.878514763178893,0.729895552215812,2,"MO"
165905,6.6362,"N",4611,2105,"4611_20231231",0.6911287242169596,1.9846168111976707,25,17.550545146607387,0.8911507526008957,2,"KS"
579470,6.8984523809523814,"NM",4619,6989,"4619_20231231",0.06781246346311236,2.244962399592805,84,11.253079220296964,1.0937759266377234,2,"KS"
154405,7.018409090909091,"NM",4621,1651,"4621_20231231",0.002901662652699997,1.9134121813538592,22,9.076990961116756,0.8623469142310272,2,"KS"
141185,4.868448275862069,"SM",4624,2105,"4624_20231231",0.06452321462892287,2.773293811730847,29,11.160112888052682,0.829389340750564,2,"KS"
114681,7.1675625,"SM",4630,1471,"4630_20231231",0,2.293300697661875,16,12.115945332459564,0.5049725380496343,2,"KS"
247862,8.262066666666666,"NM",4636,3095,"4636_20231231",0.0738170303477679,2.136234721893161,30,9.955724732044475,1.1693761933298956,2,"KS"
150496,7.920842105263159,"N",4638,2150,"4638_20231231",0.015393562070263059,2.3941793155738305,19,8.213705701525434,1.086275024422962,2,"KS"
103470,3.5679310344827586,"NM",4649,2258,"4649_20231231",5.234319255778887,3.9848658742972747,29,8.937305041013595,0.3929425953663898,2,"KS"
37970,6.328333333333333,"NM",4652,584,"4652_20231231",0,2.633969118982743,6,13.145604020429902,0.8174386920980926,2,"KS"
76284,6.934909090909091,"N",4654,890,"4654_20231231",0.4119893530841338,2.1912717502004377,11,17.187728365863705,0.8979067802119224,2,"KS"
234971,5.594547619047619,"SM",4660,3934,"4660_20231231",0,3.1282195615070196,42,9.808368247297636,1.8823541562844548,4,"KS"
155882,5.028451612903226,"NM",4664,2367,"4664_20231231",0.01799829016243457,2.93086317560508,31,7.701434860695969,1.3252247017570349,4,"KS"
1322011,4.86033455882353,"N",4666,25308,"4666_20231231",0.8724418642363702,4.779992354779733,272,14.326246346920938,1.2053565602106697,4,"KS"
59473,7.434125,"N",4668,693,"4668_20231231",1.1792098542887186,2.212527375045047,8,10.50031096676111,0.8697640894852106,2,"KS"
979813,6.575926174496645,"N",4673,14781,"4673_20231231",0.5881933672967203,2.282907892065925,149,10.59186181145554,0.9891078788653664,2,"KS"
208728,4.3485000000000005,"N",4678,3207,"4678_20231231",0,2.615578232323998,48,10.648544619096292,0.7434496823399189,2,"KS"
15779,5.259666666666667,"N",4683,290,"4683_20231231",0.3461490913586352,3.546409807355517,3,9.707329380597956,0,8,"KS"
82394,4.577444444444445,"N",4690,1564,"4690_20231231",2.937579323872159,3.2668694378731558,18,13.787846865046413,0.8669203755675391,2,"KS"
79400,4.411111111111111,"NM",4693,1091,"4693_20231231",0.24255206960189823,2.4757429862727953,18,10.504512907739157,1.2023156098229053,2,"KS"
1107115,6.362729885057472,"N",4697,16437,"4697_20231231",0,2.882946558291122,174,11.126613151831402,1.019063886598343,4,"KS"
1294588,4.885237735849056,"N",4702,23653,"4702_20231231",0.0774005306616037,3.0704821138076492,265,11.007539971931836,0.689185484361581,2,"KS"
3712239,8.417775510204082,"NM",4705,38041,"4705_20231231",0.0727784145675651,1.734215455053244,441,11.579733490617327,1.3547849958422145,4,"KS"
486017,5.062677083333333,"SM",4707,8175,"4707_20231231",0.08060296078729258,2.9047408711854112,96,8.562842188663886,0.8063299707510608,8,"KS"
186164,6.419448275862069,"N",4722,1923,"4722_20231231",0,1.8837433277288977,29,10.410845548725444,0.9511217033131465,8,"KS"
30734,5.122333333333334,"N",4728,284,"4728_20231231",0,1.8775993647118996,6,13.014176967665339,0.871502214086706,2,"KS"
177312,9.33221052631579,"NM",4735,1886,"4735_20231231",0.39651173337825407,1.9344729940368752,19,9.919979606991255,0.7851718666880382,2,"KS"
706016,6.598280373831775,"SM",4746,10154,"4746_20231231",0.07355764560018875,2.7345612095826373,107,7.852644437146002,0.6971205337105033,4,"KS"
90513,3.6205200000000004,"NM",4752,1672,"4752_20231231",0.1075159457770933,3.3295770039941295,25,7.6438230575292225,0.504378092723778,4,"KS"
291208,4.622349206349207,"N",4756,5448,"4756_20231231",0.45969255424583005,3.1070137014210766,63,14.338745149677113,0.8000984736582963,2,"KS"
237689,7.202696969696969,"NM",4766,2945,"4766_20231231",1.438197803535031,2.289893449341151,33,9.88496567661252,0.5165710442805204,2,"KS"
7865286,7.137283121597096,"N",4767,130530,"4767_20231231",1.0135085966385438,2.8548376189943143,1102,11.053634720850553,1.4318518882480864,4,"TX"
158706,7.557428571428572,"N",4769,1850,"4769_20231231",1.010327077405122,2.1328540345259355,21,12.301243042319165,1.0859915429932057,2,"KS"
52874,2.9374444444444445,"N",4770,1415,"4770_20231231",0.06760787432889243,4.826866831652793,18,10.892176016373616,0.7414149264720922,2,"KS"
171141,10.067117647058822,"NM",4773,1842,"4773_20231231",0.014900803224249994,1.7428441512843977,17,19.362621429607074,2.0801316917905597,5,"KS"
75218,12.536333333333333,"N",4774,513,"4774_20231231",0,1.6618328499516617,6,10.549593604486205,1.051771843851052,2,"KS"
120168,5.007000000000001,"NM",4775,1848,"4775_20231231",0,2.5414382431311937,24,9.51761713895359,0.48542516965730437,2,"KS"
244189,5.8140238095238095,"N",4778,3780,"4778_20231231",0.0005503425882611926,2.4937738861850587,42,8.943263535246677,0.8320900521137999,2,"NE"
644236,7.002565217391305,"N",4779,7821,"4779_20231231",0.8067287361990968,2.8074446866009297,92,8.933609297882503,2.1408751747233916,2,"KS"
2470582,5.5643738738738735,"NM",4789,39583,"4789_20231231",0.10911886940758664,2.8599885922708546,444,7.931367531377799,1.4133652544830035,4,"KS"
439080,5.933513513513513,"SM",4791,5968,"4791_20231231",0.8436455444136263,2.530661728064499,74,8.971166175224852,1.0635845029044038,2,"KS"
87757,8.7757,"SM",4792,834,"4792_20231231",0.5595502680088901,1.7060421657442335,10,25.646703219457333,1.2081119035162597,2,"KS"
94615,7.278076923076923,"N",4794,1275,"4794_20231231",1.1509924535481006,2.576310557979494,13,9.200137315482321,0.0793882105244842,2,"KS"
109637,5.220809523809524,"NM",4796,1676,"4796_20231231",0.4358206692689582,2.6882232759540763,21,8.862136978847854,0.5555597908122036,2,"KS"
7437119,9.759998687664043,"N",4799,84900,"4799_20231231",0.10608796838518095,2.2923621337291307,762,8.820270079238501,0.8744818722562855,4,"KS"
566823,5.060919642857143,"N",4801,8660,"4801_20231231",0.13206052909281304,3.071781558395418,112,9.210616604059082,1.0647701273657695,4,"KS"
6004356,9.73153322528363,"N",4832,61211,"4832_20231231",0.29078544326608696,2.573915177731291,617,8.329598418403771,0.25855569994989774,4,"MD"
1882186,5.88183125,"NM",4857,27429,"4857_20231231",0.3197333541798438,2.655273739921374,320,9.92100788035193,0.833124725374069,4,"MD"
318353,9.363323529411765,"NM",485,4580,"485_20231231",0.8073882989598786,2.5500431313926883,34,9.674621548233002,0.9637589142676503,2,"SD"
14022860,12.77127504553734,"SM",4865,159962,"4865_20231231",0.8072544620786486,1.9499182700767306,1098,11.298015234936699,0.9639634223605389,4,"MD"
72830,12.138333333333334,"NM",492,610,"492_20231231",0,1.848178867652362,6,9.228384187160877,1.4570222072286916,2,"SD"
1737060,15.37221238938053,"NM",4931,13269,"4931_20231231",0.11060858121608869,1.4181921876737258,113,9.29788106598979,0.5115430020704862,4,"TN"
213698,6.893483870967742,"NM",4945,2957,"4945_20231231",0.39418225667919937,2.5427635800210076,31,11.36938274854076,2.12546518315027,4,"TN"
866257,6.369536764705883,"N",4952,13398,"4952_20231231",0.014450720874210808,2.419453944067472,136,10.143688324651139,0.8060110809948791,4,"TN"
312341,6.006557692307693,"N",4958,3984,"4958_20231231",0.050511298037275276,2.613617478482343,52,10.961162617515358,1.5659159803303946,4,"TN"
211018,4.795863636363636,"NM",4960,2886,"4960_20231231",0.36288633214090044,2.492620247405665,44,8.812404546557492,0.6309700491214031,4,"TN"
297864,7.637538461538463,"NM",496,3902,"496_20231231",0.18827969388824822,2.509931077255789,39,7.937227834331939,0.7347487159391488,4,"SD"
2386526,7.723385113268608,"N",4972,29672,"4972_20231231",0.13131195949470875,2.1980884612071043,309,9.614885394310118,0.7946814177136903,4,"TN"
81367479,11.607343651925822,"SM",4977,1066130,"4977_20231231",0.7947175697900691,2.4257125932336656,7010,10.19584834185096,1.0443824635553065,4,"TN"
18719930,6.789963728690606,"N",4988,304665,"4988_20231231",1.1955613468890327,2.9008590654649677,2757,8.749963003182655,0.9391008793886559,4,"MS"
1644447,5.12288785046729,"N",4993,28377,"4993_20231231",0.43324605687844203,2.8637638564597094,321,11.279469220872187,1.5801414503894446,4,"MS"
74129,5.70223076923077,"NM",49,1129,"49_20231231",0.38126156052999133,2.467294475588266,13,13.779626828038325,0.47505230989110336,7,"AL"
681781,7.747511363636364,"SM",5005,7709,"5005_20231231",0.006687824511484818,1.8763235077003084,88,12.72298098716428,0.8390806660137862,4,"MS"
465683,5.543845238095238,"SM",5006,6636,"5006_20231231",0.14674545972432046,2.6273566338769263,84,10.712281430484179,0.8468084280164295,4,"MS"
474280,4.889484536082475,"NM",5015,7853,"5015_20231231",0.5552117085957695,2.8939423596681007,97,11.934453661913214,1.7311803007107496,8,"MI"
486368,5.931317073170732,"N",5018,6756,"5018_20231231",0.21792923811591058,2.4586526362071823,82,7.202981176014781,0.7317101181072005,4,"MI"
1409265,6.100714285714286,"NM",5019,19516,"5019_20231231",0.08576221773956262,2.39579675858408,231,8.993977603411077,0.9263046108037554,4,"MI"
151570,10.104666666666667,"NM",501,1701,"501_20231231",0.6195472404770864,2.069179251626698,15,10.753114615100584,2.167271569292271,2,"SD"
1163471,4.56263137254902,"NM",5033,28047,"5033_20231231",0.5951704430138255,4.241156950229264,255,8.58538318726451,0.5168680710904574,4,"MI"
1020059,5.231071794871795,"N",5058,20062,"5058_20231231",0.48099926217962574,3.104231894010665,195,10.366027422411864,0.7287868787041107,4,"MI"
148370,7.4185,"NM",505,1500,"505_20231231",1.782373025211705,1.7570454075656308,20,15.256281407035177,1.7336181354647557,2,"SD"
425039,6.071985714285714,"N",5062,6938,"5062_20231231",0.8756522321405577,3.085657077120386,70,8.039711894101616,0.4183692992289772,4,"MI"
569052,5.471653846153846,"NM",5072,8836,"5072_20231231",0.13963320233416696,2.5495977861639605,104,8.166647981579377,0.3800631394630352,4,"MI"
329390,6.099814814814814,"N",5074,3964,"5074_20231231",0.9421564915250462,2.1419697042098726,54,6.172102552411578,0.09586897309695609,7,"MI"
55187,4.245153846153846,"N",5076,882,"5076_20231231",0.11386030216772498,2.999306890367205,13,9.208607184658323,0.5537731602226525,8,"MI"
113233,4.718041666666667,"N",5087,1523,"5087_20231231",1.0143224065125593,2.5343745336265378,24,7.905833679576375,0.8136250276452702,8,"MN"
939414,8.168817391304348,"N",5093,10000,"5093_20231231",0.11334844645952792,1.601464007415573,115,10.416321825202864,0.9394033856818659,4,"MN"
379687,5.062493333333333,"NM",5095,7325,"5095_20231231",1.3436403464967475,2.8991871973762606,75,9.742193144735484,1.616471440390757,2,"MN"
305577,9.857322580645162,"SM",5097,3130,"5097_20231231",0.0978852703060954,1.643386451570595,31,9.684265847347994,0.40428880582333265,2,"MN"
203154,4.837,"NM",50,3321,"50_20231231",0.02542525794334268,3.2994046593385082,42,9.102218038251314,0.8860267765652544,4,"AL"
71926,3.2693636363636362,"N",5105,1852,"5105_20231231",0.903398499115721,8.56860242722308,22,12.865146058423369,1.001255460214362,7,"MN"
82987,8.2987,"NM",5107,919,"5107_20231231",0.007863077608575996,2.1093084068942605,10,13.219182409806027,1.6277311450462555,2,"MN"
42070,6.01,"N",5110,964,"5110_20231231",0,4.422346320063573,7,8.662861801875255,1.0368701218118286,7,"MN"
80854,4.255473684210526,"N",5113,1269,"5113_20231231",1.2020606754436176,3.4718140048226305,19,9.872158180209523,0.5242511126839978,8,"MN"
127958,11.632545454545454,"N",5115,1281,"5115_20231231",1.517165135780399,2.063124955273208,11,7.534280197663383,1.1409398156280293,4,"MN"
292035,4.424772727272727,"NM",5116,6102,"5116_20231231",0.35291201592628585,3.8161206504704857,66,8.541603438662367,0.5457523656179025,4,"MN"
102001,5.666722222222223,"N",5117,1304,"5117_20231231",0,2.221984519040025,18,7.917770413867429,0.30728538644054615,7,"MN"
1059667,6.2702189349112425,"NM",5123,15662,"5123_20231231",0.23606674465534652,2.528414153670826,169,9.702761538884447,1.170656699058367,4,"MN"
121555,4.051833333333334,"N",5131,1816,"5131_20231231",0.8206737369318268,3.2262094792199227,30,9.731333556293038,0.23343783238177276,4,"MN"
356668,7.58868085106383,"NM",5136,5558,"5136_20231231",0.05544687447530467,2.584403587372612,47,9.54570681043368,0.922636057571581,4,"MN"
91372,5.71075,"N",5141,1579,"5141_20231231",0.10064504323162084,2.9171372625022554,16,8.636935704514363,0.8621092940728315,5,"MN"
36726,5.246571428571428,"N",5142,629,"5142_20231231",2.3856858846918487,2.754858844445423,7,35.186603918135056,1.5054023855261203,2,"MN"
3927712,1309.2373333333333,"N",5146,474,"5146_20231231",1.5549507564766507,0.4537133465959217,3,19.81412776725962,0.3637394131088564,5,"TX"
79499,6.624916666666667,"N",5150,1029,"5150_20231231",0.1944138422655693,2.3283833529253393,12,7.394654212512204,0.42249428899675595,5,"MN"
329741,7.668395348837209,"N",5162,4083,"5162_20231231",0.6365422056100702,2.313282564095424,43,10.532417145795353,1.0527001902264366,4,"MN"
1361726,7.565144444444445,"SM",5170,19848,"5170_20231231",0.2642921075839813,2.6140473031793308,180,9.045004945227573,0.6249105024816857,2,"IA"
58882,2.9440999999999997,"NM",5175,1731,"5175_20231231",0.10647281271799391,5.681379700643474,20,14.492243900633076,0.920559906216811,2,"MN"
166005,7.904999999999999,"N",5180,2506,"5180_20231231",0.12741240397226905,2.575009535824374,21,9.602153558664218,0.6739098497315817,2,"MN"
234159,8.672555555555554,"N",5186,2144,"5186_20231231",0.31357887878806334,2.0439337530458013,27,11.310550007093815,2.5930173179984557,2,"MN"
802977,6.691475,"SM",5193,10677,"5193_20231231",1.213111806973421,2.3378098159647798,120,9.706448433686448,0.9484527180568981,2,"MN"
34391,4.912999999999999,"N",5196,439,"5196_20231231",0.04957243772462511,2.2456900026487627,7,22.344061520934208,1.810947450853938,2,"MN"
120668,5.246434782608696,"NM",5197,1648,"5197_20231231",0.18565894305971786,2.4893109546621854,23,11.704988570660213,0.806336859080776,4,"MN"
275117,5.094759259259259,"N",5198,4338,"5198_20231231",0.4171681170153675,2.810162126411608,54,9.782361990265553,0.7886584032187416,4,"MN"
327287,6.54574,"NM",51,3397,"51_20231231",0.00047120468188971925,2.601219282423175,50,18.655460112106656,2.8667103222652774,4,"AL"
135790,4.8496428571428565,"N",5214,2081,"5214_20231231",0.09713989248380082,2.6400175845281093,28,14.127287381712886,1.2260843402606187,4,"MN"
390950,7.376415094339622,"SM",5219,5621,"5219_20231231",0.49583690185649065,2.4871289603642155,53,9.830859018692657,0.9517218841224822,4,"MN"
91950,7.073076923076924,"N",5221,1131,"5221_20231231",1.0338527970769784,2.587733137007432,13,8.131191606511889,0.47876349740569346,4,"MN"
343980,7.0200000000000005,"N",5223,5350,"5223_20231231",0.14956309979201932,2.2283337595173855,49,11.247822671539328,1.2475305968258275,4,"MN"
362269,8.233386363636363,"NM",5229,4331,"5229_20231231",0.3656300991801022,2.1474105715932246,44,9.681984897518877,1.0999946530100584,4,"MN"
30940,5.156666666666667,"N",5232,622,"5232_20231231",0.09211132311336272,3.037587269061271,6,8.69094843130184,0.3874976191883567,8,"MN"
451478,7.2819032258064516,"N",5247,5962,"5247_20231231",0.47909356206949516,2.440487460394516,62,8.480806751563835,1.1324184851614594,4,"MN"
322800,6.456,"N",5249,3916,"5249_20231231",0.02423899650554467,2.441981391012184,50,8.346819988642816,0.6537696579157161,4,"MN"
235881,7.609064516129032,"NM",5252,2127,"5252_20231231",0.05164536846984043,2.0386905753129017,31,11.705203597768744,-1.1427824441972463,2,"MN"
774756,6.621846153846153,"N",5269,11358,"5269_20231231",0.1315328114411745,2.295158691808025,117,10.21106256290806,2.2325289118979814,4,"MN"
30407,6.0814,"SM",526,476,"526_20231231",0,3.1287306675966784,5,9.89906441769223,1.0026693136242304,8,"WY"
175834,4.884277777777778,"N",5270,3214,"5270_20231231",0.4194071855818,3.099473753513229,36,8.666221699812759,1.0255903813584333,4,"MN"
58987,6.554111111111111,"NM",5278,877,"5278_20231231",0.10009197641075583,2.413276756783673,9,13.573606195465535,1.2110843562046287,2,"MN"
577241,5.394775700934579,"N",5280,8922,"5280_20231231",0.055602611306056364,2.8164429845677867,107,9.535342876108455,0.668055005569499,4,"MN"
197086,5.474611111111112,"NM",5283,3035,"5283_20231231",0.12779430838483252,3.078804830354159,36,10.04115446285409,1.198875461434702,4,"WI"
1572278,6.747974248927039,"N",5285,25725,"5285_20231231",0.14310806679758134,2.8961734760615596,233,8.10657397831912,0.2283637876376578,4,"WI"
638920,6.725473684210526,"NM",5286,9307,"5286_20231231",0.5875790256600967,2.6525448704140064,95,12.604170610185058,1.167271722883812,4,"WI"
536917,5.017915887850467,"NM",5295,8950,"5295_20231231",0.2398845092105141,2.7899236501623004,107,9.79175176628996,0.17245005257623555,4,"WI"
40967266,10.026252080274107,"N",5296,468355,"5296_20231231",0.5960899444476483,1.9889193369016618,4086,7.815524347130292,0.4725640283777645,4,"WI"
369472,7.105230769230769,"NM",5297,5567,"5297_20231231",0.08618919200999256,2.366188395720949,52,10.355014152795281,0.7768376815778572,4,"WI"
209670,5.824166666666667,"NM",529,3034,"529_20231231",0,2.3155374696888296,36,7.921428331646868,1.0931079295474015,4,"WY"
339273,9.42425,"NM",52,2263,"52_20231231",0.31481189988981584,1.4492247738274369,36,15.532045181625149,0.19665824350217476,7,"AL"
4219635,11.133601583113457,"N",5304,38213,"5304_20231231",0.19593626512483914,1.8734845997577882,379,10.397342090122658,1.949543603939698,4,"WI"
659777,5.591330508474576,"N",5306,12087,"5306_20231231",0.9827871199092233,3.0490709430940584,118,9.31729155008394,0.5622699667642674,4,"WI"
277636,5.6660408163265314,"N",5317,4191,"5317_20231231",0.1318091258078624,2.5754078826212816,49,8.886680486988238,0.39456738263030877,2,"WI"
637110,7.676024096385542,"SM",5335,8706,"5335_20231231",0.1912331298019512,2.3732744983019254,83,9.949745495677465,3.1321146259597845,4,"WI"
259117,6.169452380952381,"SM",5336,3870,"5336_20231231",2.095511413230354,4.143720843411792,42,9.353524711786301,0.45182216716873463,2,"WI"
348434,15.149304347826089,"N",5337,1627,"5337_20231231",0.04052370257874664,0.8711738941599694,23,26.19310285978984,2.361856258839946,4,"WI"
329860,6.108518518518519,"N",5357,5039,"5357_20231231",0.7580556285115434,2.6166044776119404,54,8.351420184622484,0.7574626865671642,4,"WI"
315459,5.633196428571429,"N",5364,5359,"5364_20231231",0.03812836549717382,2.553698118123334,56,9.910098964130825,0.6751407900274566,4,"WI"
121079,7.5674375000000005,"SM",5369,1834,"5369_20231231",0,2.267287147310888,16,17.128279883381925,1.1666623185191949,2,"NE"
124543,6.22715,"SM",5377,2247,"5377_20231231",0,3.073250534188034,20,8.707423439197186,0.6769163995726496,4,"NE"
30521,7.63025,"SM",5380,309,"5380_20231231",0,2.025160455020667,4,13.330249157359065,0.19039970089937897,2,"NE"
253486,9.05307142857143,"SM",5384,3276,"5384_20231231",0,2.5071114330641886,28,8.795119251457134,0.7539885863707839,2,"NE"
375742,6.958185185185186,"NM",5394,4775,"5394_20231231",0.2077968280663171,2.001925970700387,54,10.864860068883374,1.2869903494314243,2,"NE"
304788,7.256857142857143,"NM",5396,4700,"5396_20231231",0.18106175804646632,2.5255465660195537,42,10.28879301722356,0.9064262913814217,4,"NE"
130571,7.2539444444444445,"NM",5401,1354,"5401_20231231",0,1.861070171744819,18,11.036396052995604,1.136192739194514,2,"NE"
102401,7.877,"SM",5405,1201,"5405_20231231",0,2.115279713922056,13,13.7336203390503,0.9273289290260016,2,"NE"
74858,8.317555555555556,"NM",5408,1059,"5408_20231231",0,2.704534985122885,9,11.765456789072806,1.1385990885412896,2,"NE"
322304,8.0576,"N",5410,3824,"5410_20231231",0.7341486858241357,1.8355531780027776,40,12.052872826743226,2.9497056476857257,2,"NE"
1831015,6.8577340823970045,"NM",5415,22320,"5415_20231231",0.45182546409293967,2.227537113985778,267,8.243184442201466,0.8703028077238538,4,"NE"
94569,8.597181818181818,"N",5422,982,"5422_20231231",0,1.8111704649619118,11,16.26298318877824,0.06953883111546606,2,"NE"
295304,7.031047619047619,"SM",5424,5060,"5424_20231231",0.01060344187723335,3.146749107166897,42,12.65279224506282,1.35210796980833,2,"NE"
37254,4.65675,"NM",5425,466,"5425_20231231",1.3873867153992465,3.0673376467768994,8,39.490704486789056,-0.7668344116942248,2,"NE"
440033,9.362404255319149,"SM",5432,4549,"5432_20231231",0.24179381402601505,1.5705433779954165,47,13.085571813868388,1.5374817750844947,2,"NE"
562132,7.206820512820514,"SM",5434,7762,"5434_20231231",0.22784987366424606,2.431239207705014,78,10.44102343019794,0.5035803753916936,2,"NE"
96681,7.436999999999999,"SM",5438,1387,"5438_20231231",0.061841685285668684,2.561159642075283,13,9.006142158645494,0.2741822355416693,2,"NE"
191332,8.318782608695653,"NM",5439,1908,"5439_20231231",0.06371918841875802,1.7442132822544125,23,18.355630864166308,1.5859796690627264,2,"NE"
682724,9.615830985915494,"SM",5442,7383,"5442_20231231",1.2661451762704323,2.82665636985812,71,9.165693096596184,1.2523392048451754,4,"WY"
31111148,6.9460031256977,"N",5452,526590,"5452_20231231",0.7733291540374446,3.9792068639134306,4479,9.491372003894078,0.8086612854283408,9,"NE"
151608,6.317,"N",5460,2159,"5460_20231231",0.6370261626382845,2.3799991698455782,24,10.232821308074353,1.647588736143451,2,"NE"
245078,7.426606060606061,"NM",5469,2728,"5469_20231231",0.385519244013092,2.0519274209224543,33,11.490359562272017,0.3586055272171541,2,"NE"
391358,8.8945,"NM",5472,4934,"5472_20231231",0.10347861201649888,2.0691368577964506,44,11.592076677316294,1.3701254746487308,2,"NE"
440198,7.860678571428572,"SM",5473,5207,"5473_20231231",0.028238348520226247,1.9444039194208402,56,9.650851877223609,1.1891237745830774,2,"NE"
58904,5.354909090909091,"SM",5478,759,"5478_20231231",0.06867682647655177,2.523711986694704,11,8.990990059779143,0.12439633695389156,2,"NE"
435743,10.374833333333333,"SM",5486,3863,"5486_20231231",0.07497125257713681,1.3438800553605612,42,11.771860570130078,1.40809441456693,2,"NE"
240023,9.231653846153845,"NM",5490,2278,"5490_20231231",1.3016302596816804,1.8792831679421338,26,10.2277030762333,0.08256171599840768,2,"NE"
539095,6.823987341772153,"SM",5495,7039,"5495_20231231",0.018297145645279338,2.3195716576941154,79,11.023343929615002,1.3128779431501914,2,"NE"
2687176,5.428638383838384,"SM",5496,37181,"5496_20231231",0.07541866354529693,2.4287459334310353,495,8.514603135528628,1.207373291968416,2,"NE"
371110,5.301571428571429,"NM",54,5753,"54_20231231",0.006124073733847755,2.519480917904037,70,13.929523558136466,1.235088003786617,4,"AL"
50957079,9.273353776160144,"SM",5510,669250,"5510_20231231",0.40336600806923234,2.418702845232248,5495,8.101452814132477,1.2100579385409753,4,"TX"
660885,1.0214605873261204,"SI",55130,45446,"55130_20231231",1.1074387828770889,14.276838214016536,647,16.257217039764875,6.096502286063627,7,"IL"
91525,9.1525,"N",5518,615,"5518_20231231",0,1.8382559996756018,10,10.622746111200817,0.23879305878138946,2,"TX"
58947,4.210500000000001,"N",5520,984,"5520_20231231",0.5120434714457391,2.859249801132775,14,10.388945752302968,1.456083630069407,2,"TX"
905198,16.16425,"N",5529,4713,"5529_20231231",0.030907366954262338,1.3344124807161402,56,11.329114418074598,0.3383113430960321,2,"TX"
629150,6.108252427184466,"N",5531,10761,"5531_20231231",0.7948651157144555,3.308096775267064,103,9.098526028608177,1.1709208293121236,4,"TX"
393685,16.403541666666666,"N",5536,2932,"5536_20231231",0.020944114122150727,1.3746186979461366,24,14.152684907904991,2.170107171714852,7,"TX"
235301,11.76505,"N",5538,1495,"5538_20231231",0,1.3303048869240848,20,9.731076275190874,1.2795298912399593,2,"TX"
1232121,4.9883441295546564,"N",5544,19846,"5544_20231231",1.177292863915284,2.8665264189865405,247,9.205897667094218,1.447601151937256,4,"TX"
254209,6.68971052631579,"N",5548,3843,"5548_20231231",0.691375218497307,2.8700686450971147,38,12.26482562436824,2.189986337699912,8,"TX"
2332023,7.547000000000001,"N",5551,33920,"5551_20231231",0.19783498587066417,2.588276247974617,309,8.219421739996353,0.7781340145639686,9,"TX"
134232,3.627891891891892,"N",5557,2685,"5557_20231231",0.9758966394971652,3.9841527302190247,37,11.149018771644743,0.6107545167337496,8,"TX"
334140,6.819183673469388,"NM",5558,5462,"5558_20231231",0.028174238047346988,3.19093434555829,49,12.116844228803362,0.7073019402197298,4,"TX"
88910,4.041363636363636,"N",5559,1635,"5559_20231231",0.043899170536725124,3.455956672718536,22,10.13068005998429,0.9515716318033228,8,"TX"
175760,5.669677419354838,"N",5564,2331,"5564_20231231",1.066010660106601,2.5642502193331596,31,10.460501978544285,1.8574159448714433,8,"TX"
493111,3.0819437499999998,"NM",5568,14010,"5568_20231231",0.18776691683981425,6.54499069425753,160,12.885894399511045,0.8007026692429003,4,"TX"
345750,5.668032786885246,"N",5569,4322,"5569_20231231",1.387224090045315,2.0170070175555237,61,13.330269029463828,2.3064964191961668,4,"TX"
1677031,10.681726114649681,"N",5574,21953,"5574_20231231",0.09879922029483656,2.3599557606092305,157,12.181070543451947,2.2670690205076607,4,"TX"
989499,4.922880597014926,"N",5575,20505,"5575_20231231",0.8499971703569352,3.638195118044906,201,9.41635344317743,0.9237232398732136,4,"TX"
144044,5.144428571428572,"NM",5589,2104,"5589_20231231",0.23167362513473,3.0065084074046657,28,7.958540675032453,0.46122572159048847,8,"TX"
160795,5.544655172413794,"N",5590,2843,"5590_20231231",1.5622820477053982,3.2473300214045513,29,20.54660993120513,1.7429242616796423,4,"TX"
313752,8.044923076923077,"N",5595,4561,"5595_20231231",0.11976174271801122,2.7256142838798287,39,10.906075533661742,0.7348794881386403,4,"TX"
1533267,8.862815028901734,"NM",5598,18293,"5598_20231231",0.45544517007488844,2.253422326934799,173,10.573735086615478,0.7883816185908464,4,"AL"
226123,3.0557162162162164,"NM",5602,4354,"5602_20231231",0.09476775226908703,3.376516218369055,74,8.329835957885518,0.5936316307770904,7,"AL"
50673,3.1670625,"NM",5605,1073,"5605_20231231",0.4556280418349384,3.4738784670362755,16,20.948129001938554,-0.12120453852349414,7,"AL"
1315763,5.505284518828452,"SM",5615,19870,"5615_20231231",0.3195448396251275,2.6643855972091908,239,12.20420547526103,1.4113533774920994,4,"AR"
39163,4.351444444444445,"NM",5619,569,"5619_20231231",0,3.25275809226325,9,15.255932111777742,1.0832741300046385,4,"AR"
223432,7.207483870967742,"NM",5623,2186,"5623_20231231",0.19819457132681978,1.8204748197338045,31,11.522308769158979,0.45600934819163796,8,"AR"
238688,6.281263157894737,"NM",5624,3573,"5624_20231231",0.5486416503746763,2.6442224453755325,38,9.722807893219509,1.2041621939817861,4,"AR"
125033,5.683318181818182,"SM",5628,1450,"5628_20231231",0.11440712592955789,2.854145306278166,22,10.351887500407845,2.5203271418011877,8,"AR"
107557,7.6826428571428576,"NM",5632,886,"5632_20231231",0.2958129785831403,1.7096946231259302,14,17.738425471900772,0.48422094337406696,8,"AR"
7663791,8.901034843205576,"SM",5633,63696,"5633_20231231",0.1288836657662847,1.5841857645287492,861,17.37360120295018,1.6829343771542722,4,"AR"
117689,3.922966666666667,"SM",5634,1732,"5634_20231231",0.16308665895373636,3.530602715409539,30,14.83854323429505,4.479641557386106,4,"AR"
554850,5.185514018691589,"SM",5635,8254,"5635_20231231",0.493646343642263,2.7757510389239606,107,10.737343226860666,2.129445358122526,4,"AR"
149498941,10.742953506754814,"NM",5649,1433941,"5649_20231231",1.7596818236609513,3.8781098556310996,13916,9.22912318923959,1.8944858841988887,3,"DE"
1332697,6.869572164948454,"NM",5673,18335,"5673_20231231",1.9664969247881932,2.406864033166915,194,7.328081954573245,0.7413104726869288,4,"FL"
923435,8.711650943396227,"NM",5676,7432,"5676_20231231",0.4233219542417353,1.7623390773981766,106,5.298374666415216,2.3479828656045307,8,"FL"
616015,5.703842592592593,"NM",5685,9651,"5685_20231231",0.24746435164052788,2.586954026472147,108,11.82295163496208,1.6885247381609811,4,"GA"
74676,5.744307692307692,"NM",5686,1621,"5686_20231231",0.3900652762298997,3.8282172533697563,13,8.652642790573825,0.8284947787143502,2,"GA"
1215092,7.7890512820512825,"NM",5694,14903,"5694_20231231",0.20116831974546803,2.5627857415518482,156,10.452514201556912,1.6339024292327173,4,"GA"
86754,8.6754,"NM",5699,855,"5699_20231231",0.03319738214929337,2.2309457397752404,10,10.450333979745745,1.7950419618608684,4,"GA"
305566,9.548937500000001,"NM",57022,4703,"57022_20231231",0,2.5432346646164077,32,10.597136501770105,1.1685307746654476,8,"NM"
128363,6.41815,"NM",57025,1506,"57025_20231231",0.4925409149621722,2.417135828768513,20,11.509447127871548,1.9043860316494219,2,"NM"
48358,3.223866666666667,"NM",57031,1327,"57031_20231231",0,4.944904459793575,15,34.36063203967314,0.6303064865290747,7,"CO"
395937,2.890051094890511,"NM",57033,18095,"57033_20231231",0.3436949854746101,6.851937942536801,137,18.555234763708846,0.9593724849037314,4,"OR"
227147,6.489914285714286,"NM",57034,3334,"57034_20231231",0.10675176842732172,2.7042581263602585,35,12.484585712216893,0.6289593929205542,4,"MS"
8453024,8.954474576271187,"N",57038,92494,"57038_20231231",0.4187570441619212,2.117300740449897,944,9.436055486597745,0.7648632201779503,4,"WI"
2359231,11.564857843137256,"N",57044,38997,"57044_20231231",0.6618515658917411,2.5601854632065417,204,11.650384602621823,1.1656687420100862,4,"CA"
774548,110.64971428571428,"NC",57047,767,"57047_20231231",0,1.9275530207564926,7,99.02650968396625,7.538374404858135,7,"DE"
249167,6.229175,"NM",5704,3112,"5704_20231231",0,2.6324002392697072,40,9.08487265574097,1.597732139296582,4,"GA"
2961119,9.582909385113268,"NM",57056,74003,"57056_20231231",1.3114677701972188,3.7774009265847863,309,19.35394820315375,5.211078537495096,4,"UT"
226171,6.462028571428571,"SM",57058,2527,"57058_20231231",0.051559462429211396,2.099882339032478,35,14.730604620797214,1.6312088679213417,4,"AR"
958275,9.679545454545455,"N",57061,17743,"57061_20231231",0.215490684148265,2.4543217138801965,99,9.604624430257056,1.2281950393578802,4,"IL"
850923,8.424980198019801,"NM",57069,14726,"57069_20231231",0.03695897286193681,2.832007025487351,101,10.606431432477121,0.5597960023532342,4,"MS"
1749770,9.209315789473685,"NM",57071,32196,"57071_20231231",0.25232641918410403,3.089750296064727,190,9.6190587853645,1.0175446497280856,4,"GA"
391681,6.638661016949152,"NM",57073,6252,"57073_20231231",0,2.5639469840150717,59,9.916491421302851,1.0397700119998534,4,"CA"
239133,7.47290625,"NM",57074,3095,"57074_20231231",0.05234983197392641,2.3779401727897724,32,12.005468539022415,1.0071080185773975,4,"ID"
2082931,10.905397905759163,"SB",57077,24163,"57077_20231231",0.3155058106990813,1.9330776674961672,191,11.03469787964817,0.8254153830061506,4,"OH"
6879,0.24567857142857144,"NC",57081,2806,"57081_20231231",0,78.97932629752783,28,98.05183804844994,20.630331068382247,7,"WV"
4724876,48.710061855670105,"N",57082,22754,"57082_20231231",0.78523801644825,1.2646687850447291,97,9.915264094619666,1.387629449702611,4,"IL"
6241996,13.22456779661017,"NM",57083,147710,"57083_20231231",5.467235800772925,17.726598342104563,472,21.395215850528416,2.8943043669141684,4,"FL"
282521,6.420931818181819,"NM",57092,4250,"57092_20231231",0.0005080165003759322,2.7134121340627675,44,9.517259851525823,0.5106867143844523,4,"TN"
400070,1.6131854838709676,"SB",57093,34038,"57093_20231231",0,366.9030369301805,248,45.630974027057235,31.08916813454613,5,"WI"
1431688,9.419,"NM",57095,24139,"57095_20231231",0.1503674097097729,2.771151941145637,152,11.045652314005434,0.8194998949359109,4,"NC"
962300,6.72937062937063,"SM",57097,13484,"57097_20231231",0.07717422813057828,2.4953326672276654,143,9.142489841735642,1.4329389893779858,4,"MI"
158167,10.544466666666667,"NM",5709,1617,"5709_20231231",0,2.121311219218559,15,11.436498370290067,0.07813833958922385,8,"GA"
653401,6.951074468085107,"NM",57101,13652,"57101_20231231",0.34463948743550055,3.6779186036041303,94,10.531007631920756,1.4896919298530207,4,"CA"
656299,15.262767441860465,"N",57102,3651,"57102_20231231",1.3423658807515997,2.675682850933518,43,11.16556456924116,-1.2394423589844907,7,"TX"
2029996,29.85288235294118,"N",57103,13604,"57103_20231231",0.22041014406169204,1.4113702725279056,68,9.362339463038245,1.5555238663711708,4,"IL"
13804,0.46013333333333334,"SB",57109,5049,"57109_20231231",0,231.0029130253849,30,76.47251308900523,0.2330420307948398,7,"IN"
607666,8.324191780821918,"N",57123,9714,"57123_20231231",1.2894232444676774,3.1392446434356054,73,18.169899605793603,1.861745973899764,7,"GA"
590841,6.492758241758242,"NM",57124,7528,"57124_20231231",0.15359478952757713,2.4110684913899396,91,8.659479428363838,2.1774012712335047,4,"AL"
555242,11.567541666666665,"NM",57127,4488,"57127_20231231",1.4900932449290636,1.900335567109899,48,10.475970612440545,1.0420417491616385,4,"GA"
689033,4.751951724137931,"SB",57129,20123,"57129_20231231",0.7010235565676269,4.683478853725195,145,8.86222143540589,2.235886747213602,4,"NY"
4434341,12.115685792349728,"N",57134,46074,"57134_20231231",0.028289382924738017,1.6579843567672032,366,11.685336986884606,0.4243247355071196,4,"MA"
191811,5.184081081081081,"NM",57137,3328,"57137_20231231",0,2.5987467858809556,37,7.29091172633715,0.8164294479899872,4,"AZ"
75378,3.967263157894737,"NM",57141,1503,"57141_20231231",0.5555672467854963,3.4595850029350963,19,14.145833333333332,1.8708047267808379,2,"MO"
3928,0.6546666666666666,"NC",57150,799,"57150_20231231",0,31.081919735208942,6,94.22585590189065,2.947869259412495,7,"IL"
25583,0.36032394366197185,"N",57160,9034,"57160_20231231",0,66.81054665883414,71,80.53154798133497,21.16483198392631,7,"MO"
603772,7.841194805194806,"NM",57162,6737,"57162_20231231",1.4681800874133633,1.9982909288323363,77,10.257442681453735,0.9753068453881989,4,"WV"
104843,8.064846153846155,"NM",57167,1746,"57167_20231231",0,2.836315857798689,13,15.231433741268946,1.5450250390435991,4,"WA"
647012,5.176096,"NM",5716,9948,"5716_20231231",1.4367476988435215,2.9766823454697047,125,9.752159472517757,1.3552601362873609,4,"GA"
1301979,18.599700000000002,"SM",57176,10242,"57176_20231231",0.5720248908128165,1.5218171524801463,70,12.085568004193226,1.5808986002191328,4,"CA"
14456,0.6883809523809523,"NC",57179,3797,"57179_20231231",0,42.75982026380635,21,89.67529411764707,7.667777938831715,7,"IA"
1083814,12.177685393258427,"SM",57184,13396,"57184_20231231",1.7014250239564765,2.1280015094726936,89,10.259232957749784,0.3681076047211151,4,"VA"
147919,4.350558823529412,"NM",57192,1923,"57192_20231231",1.9871049571926858,2.6539030378521256,34,9.727999585325714,0.8421807881425214,4,"MI"
966807,6.955446043165468,"N",57197,16538,"57197_20231231",0.5010406574084042,3.624581818338335,139,12.540853183040749,0.7485034772699638,4,"AZ"
41575000,8.205052299190843,"NM",57203,589000,"57203_20231231",1.570468963801468,7.840020844189683,5067,13.039297864996795,0.539343408025013,3,"DE"
1656711,15.06100909090909,"NM",57228,13772,"57228_20231231",0.029185695181728796,1.5500896391739123,110,8.941842894421463,0.7903785482699164,4,"PA"
135160,5.8765217391304345,"NM",5722,1736,"5722_20231231",0.04338341018394566,2.3367887610607756,23,10.063504310280873,0.7654490560932244,2,"IL"
277551,8.67346875,"N",57230,3552,"57230_20231231",0.2509656606816928,2.58824052231427,32,10.279140014852072,3.0059734324831777,4,"GA"
2504868,13.61341304347826,"SM",57244,50662,"57244_20231231",0.6415861077796363,3.053028334317561,184,14.759673191512038,3.0683322657322085,4,"IA"
425855,13.30796875,"NM",57250,3934,"57250_20231231",0,1.5655910246272855,32,9.165102483348429,0.7002869397095113,4,"KS"
575287,5.326731481481482,"NM",57252,12899,"57252_20231231",2.291681796395009,3.902734710348115,108,11.865823211465523,2.0764992614628595,4,"GA"
1849561,8.369054298642535,"N",57265,20709,"57265_20231231",0.9254959718798689,2.0875279476074318,221,11.519247495551818,0.9151143122353698,4,"WI"
1232515,9.6290234375,"N",57269,14878,"57269_20231231",1.5602159209459594,1.8469761653303982,128,11.280668496004942,0.6786294527826948,4,"OH"
149592,10.685142857142859,"NM",57273,1812,"57273_20231231",0.3299953302547605,2.0062116524048217,14,10.540774053479254,1.6114032368441062,2,"KS"
433758,7.478586206896551,"NM",57279,7807,"57279_20231231",0.5322999485566601,3.198820396897449,58,10.183075256174174,0.8299161807506159,4,"AZ"
319234,9.9760625,"SM",57280,4460,"57280_20231231",0.27630551382122204,2.34811565695058,32,8.641593003396956,0.5496329982195433,4,"CO"
63811,3.19055,"NC",57288,6730,"57288_20231231",0,25.914522086514303,20,103.37747035573122,-14.572098264049988,7,"AZ"
693997,4.887302816901409,"N",57295,26108,"57295_20231231",0.025787905049779115,5.243237658805248,142,12.525146173988766,2.0742576520721494,7,"CO"
589167,7.184963414634146,"NM",57298,8192,"57298_20231231",0.48277976761330643,2.6018662044213325,82,10.064199557185479,1.665013806245868,4,"AZ"
451651,7.4041147540983605,"NM",57301,4302,"57301_20231231",0.13212363172276126,1.7661769164743288,61,10.488943915895565,1.3047433076657207,8,"KY"
123700,0.3061881188118812,"NC",57304,82878,"57304_20231231",0,134.52258161063438,404,69.89100324093354,2.8674550290687852,7,"PA"
82264,8.2264,"NM",5730,910,"5730_20231231",2.196674624115257,1.6157228999742146,10,14.74034886039719,1.4560431111773486,8,"IL"
16773574,53.24944126984127,"SM",57311,39397,"57311_20231231",0.36974104400124325,0.8318657874707172,315,7.260945089450057,2.6899313951161576,4,"MO"
199154,7.9661599999999995,"SM",57312,2526,"57312_20231231",0,1.9858578284060568,25,14.12861832288869,2.12528238182356,4,"NV"
302182,9.4431875,"SM",57335,3896,"57335_20231231",1.9799064815141987,1.9188118395483664,32,11.184634870002698,1.989317737923391,2,"CO"
235588,6.0407179487179485,"NM",57336,4685,"57336_20231231",0.018599664111948095,3.1329385006203108,39,9.629043233074347,0.28892449932061204,4,"MN"
111926,2.23852,"NC",57337,14566,"57337_20231231",0,58.472050629949166,50,79.40504686900432,55.74645793398697,7,"DE"
2910763,10.861055970149254,"NM",57348,31821,"57348_20231231",3.317535162303394,2.4502886445706893,268,9.141252821409944,1.1580507220610532,4,"TN"
11965308,234.6138823529412,"SM",57358,24850,"57358_20231231",0.0007743550409988183,0.5621609493674895,51,7.1581238172994235,0.9739751692285442,4,"MO"
439742,15.70507142857143,"NM",57359,4218,"57359_20231231",0.02865751809517571,1.7323731732316958,28,9.142129334799977,0.6837205641783829,4,"IL"
48660,4.055000000000001,"NM",57363,1085,"57363_20231231",0.8696688110555159,4.0675884557562405,12,15.158240679485264,0.7411014885552756,4,"WY"
3211883,25.092835937500002,"NM",57368,20340,"57368_20231231",1.8144680524847165,1.3871658111552312,128,9.806447203915354,1.3451930973050248,4,"CT"
2338378,11.9305,"NM",57369,23876,"57369_20231231",0.02627992500113711,1.8653669504505803,196,9.169274039748757,0.8432945266834829,4,"FL"
439071,7.317850000000001,"NM",57373,6090,"57373_20231231",0.7575855348915246,2.2454064621925522,60,9.599809275312412,1.0382718203599781,4,"OR"
840071,6.043676258992806,"NM",57377,15612,"57377_20231231",0.5872555197581157,3.0360413210864112,139,8.69413111572145,0.6121678448507033,4,"PA"
22019,2.2019,"NM",57379,1640,"57379_20231231",0,9.753456074409122,10,77.9791450228943,-5.252596037459387,7,"RI"
34808,1.08775,"NC",57380,8206,"57380_20231231",0,43.8778710887796,32,87.04684557438794,10.368765868295366,7,"TX"
118524,6.972,"NM",57391,1535,"57391_20231231",2.9270523667962496,2.1386349009166037,17,9.508878604824691,0.7968722163640479,4,"IA"
214436,5.3609,"NM",57396,3243,"57396_20231231",0.26908735091106234,2.789554867260287,40,13.326528357282289,1.5110303670190168,4,"TN"
18003,1.6366363636363637,"NC",57405,839,"57405_20231231",0,14.798784072855554,11,89.24414528116674,0.4065600020015262,7,"MN"
16395000,30.304990757855823,"NM",57408,56000,"57408_20231231",0.24159452385745925,1.376689628389543,541,11.455254758245657,2.6657717349724783,9,"UT"
174479,10.9049375,"NM",5740,1270,"5740_20231231",0.810364405904821,1.7780672245284255,16,10.943203913074788,0.9206593138862599,4,"IL"
568232,7.678810810810811,"SM",57414,9713,"57414_20231231",0.026987072475813136,2.6841193399281353,74,8.616219595259905,0.5996375779002854,4,"TX"
1536361,6.00141015625,"N",57415,22186,"57415_20231231",0.1979504656971451,3.0244375985173892,256,8.485318148024632,0.3878585345792733,4,"KY"
453199,4.8731075268817206,"SM",57416,8629,"57416_20231231",0.8393421168535367,3.3620622252160683,93,9.10990594416599,0.16775942997021143,4,"TN"
2425518,10.78008,"NM",57417,39058,"57417_20231231",0.1378249952783787,2.5316852478685954,225,8.179879143094425,0.6714930935754307,4,"CA"
16869,0.44392105263157894,"NC",57418,6965,"57418_20231231",0,77.50668531194034,38,79.67139744420234,14.155688035131622,7,"MI"
199419,6.432870967741936,"SM",57420,2394,"57420_20231231",1.3181657388616856,2.847187835895702,31,11.59902462173801,0.5062338216527176,8,"VA"
883516,8.180703703703703,"NM",57425,11197,"57425_20231231",0.3219192672276068,2.493687268293775,108,8.025875206037549,2.1780506829825503,4,"FL"
167183,8.35915,"SM",57429,2657,"57429_20231231",0,2.631882606251212,20,9.233789360447801,0.4511272657636756,4,"FL"
350626,7.791688888888889,"NM",57444,5462,"57444_20231231",0.007463067635032425,2.4676303768875667,45,14.646318551438597,1.4244537671163737,4,"CA"
2266338,17.705765625,"NM",57449,19001,"57449_20231231",0.670797114939174,2.2004831628867314,128,16.23783598827669,3.7073377821510523,6,"UT"
1945853,22.892388235294117,"N",5744,12319,"5744_20231231",0.2437974659634722,1.5112812896768102,85,9.900289111864053,1.5446878460057971,4,"IL"
304549000,304.24475524475525,"SM",57450,180000,"57450_20231231",0.039890301670406386,0.4314666679741414,1001,10.060756495942707,0.2776340917504064,5,"TX"
995375,7.21286231884058,"NM",57451,16499,"57451_20231231",0.3965013144091192,2.930806887241717,138,10.994574555623133,0.8513680586795195,4,"WA"
2789471,10.331374074074073,"NM",57463,34729,"57463_20231231",0.16816921017586908,2.1444016868789406,270,13.156741421420307,1.2240811911003453,4,"CA"
629808,8.747333333333334,"NM",57465,8156,"57465_20231231",0.02863971440960842,2.1413589078903548,72,9.62381640186166,1.6165616131282665,4,"TN"
92382,9.2382,"NM",57468,974,"57468_20231231",0,2.1410997028677965,10,7.920398009950248,0.3955040267463799,4,"MN"
40783,0.7031551724137931,"SB",57470,12154,"57470_20231231",0,77.2296125770402,58,88.58564094379273,-2.2219631955473313,5,"FL"
1068593,7.076774834437087,"NM",57483,12499,"57483_20231231",0.25561360907999564,2.269708038606651,151,9.404286703891238,0.5992913183885606,4,"AL"
251219,4.831134615384615,"NM",57488,7521,"57488_20231231",0.1912914564453265,5.454258225792457,52,11.126751206225034,0.8623187575406848,4,"IL"
332760,5.455081967213115,"NM",57491,6999,"57491_20231231",1.4612488919757942,3.4002339558128885,61,9.697300861453176,0.9629938649716692,4,"OK"
183455,7.055961538461539,"NM",57495,2559,"57495_20231231",0,2.7989705689503364,26,14.819636090138562,0.5719711871709849,4,"TX"
1457153,8.831230303030303,"NM",57497,16133,"57497_20231231",1.92004832721627,2.023321207599853,165,10.110257318951145,0.812805955476714,4,"NY"
332516,7.3892444444444445,"NM",5749,4087,"5749_20231231",2.499969928188514,2.596517853787679,45,9.372422672766218,0.7348921329872925,2,"IL"
606494,9.942524590163934,"N",57505,6014,"57505_20231231",0.04833144964606508,2.2128888925465238,61,8.792496848954567,1.171297888228805,4,"IA"
2225639,15.563909090909092,"NM",57510,30572,"57510_20231231",0.07916596529911005,2.000663744664294,143,10.220100526597477,0.813842509412586,4,"CA"
731684,3.62219801980198,"NM",57511,20209,"57511_20231231",0.4765663296250447,4.727880136221929,202,9.730863860809484,1.2628608045157714,4,"IN"
70852671,21.412109700815957,"SM",57512,549478,"57512_20231231",1.6666762681984109,2.4099171690060364,3309,8.855161996432956,0.992152406779267,4,"AZ"
922361,15.120672131147542,"NM",57522,8854,"57522_20231231",0.03858736244259312,2.099200821898863,61,7.758669055090027,1.4844161005918117,4,"TX"
174911,2.964593220338983,"NM",5753,4116,"5753_20231231",0.15817748671405563,4.846892176887693,59,9.232968080038113,-0.7728734563288441,4,"IL"
598542,10.500736842105264,"NM",57540,6996,"57540_20231231",1.0969938234035055,2.7890276684621575,57,11.388132008949643,1.2997768848170943,8,"AL"
5600155,49.55889380530973,"NM",57542,22109,"57542_20231231",0.015943098388672635,0.591157261686317,113,15.91905095138359,0.1860711532911549,9,"NV"
485614,17.985703703703706,"N",57543,4699,"57543_20231231",0,1.5371447536201506,27,11.093220901666555,1.750030568219532,4,"TX"
113887,7.592466666666667,"SM",57548,1339,"57548_20231231",0.05258141904104638,2.471034695183111,15,11.41101453749168,1.650647227465506,4,"KS"
724172,8.831365853658538,"NM",57554,11634,"57554_20231231",0.32976203294928397,3.4320565495428306,82,9.126072128211867,1.5372377052046189,4,"AL"
114334131,163.5681416309013,"NM",57565,170262,"57565_20231231",0.04063847441132852,0.4543004514357501,699,9.20283824772525,1.3153815739813062,6,"UT"
181375,5.496212121212121,"NM",57569,2150,"57569_20231231",0.26741775717201766,2.307148461517006,33,10.171324589713658,1.2812101706137802,4,"AL"
12950513,107.92094166666668,"NM",57570,25068,"57570_20231231",4.379002376009319,10.158959554414055,120,15.17623122921689,4.185101161764169,3,"UT"
180845,5.3189705882352944,"NM",57571,5507,"57571_20231231",4.1566604989304885,5.1436843222057185,34,14.029373319588945,-1.0548441174804168,4,"UT"
315978,5.4478965517241384,"NM",57576,5229,"57576_20231231",0.4510139583882012,2.996777535047432,58,8.976265304027315,0.8564634781674453,2,"MO"
193443,10.18121052631579,"NM",57579,2069,"57579_20231231",0.879363909220157,2.0713663113329615,19,10.650558506835022,1.7784731658987922,2,"GA"
729515,12.798508771929825,"NM",57585,8654,"57585_20231231",1.1087205407493788,2.1581677075677006,57,9.991676240137032,1.1893205767263402,4,"CA"
346874,5.781233333333334,"NM",57587,5909,"57587_20231231",0.6211386572602592,2.859191314404873,60,9.280549887487604,1.136280265764323,4,"CO"
1794295,11.961966666666667,"NM",57591,19636,"57591_20231231",0.6749130053078984,1.9700543991564567,150,12.067016400609303,2.0076719268983876,4,"CA"
774020,7.663564356435644,"NM",57598,9969,"57598_20231231",0,2.2566371108414667,101,8.849725958269524,0.8634945630145129,4,"FL"
919122,6.859119402985075,"N",57603,15287,"57603_20231231",0.6185928327346009,2.896224353750326,134,8.959811665395351,0.5543405301413259,4,"MN"
2970107,9.580990322580645,"NM",57607,48128,"57607_20231231",2.021030983074353,2.709064232547463,310,8.709203338997161,0.29603677640344306,4,"CO"
521363,6.517037500000001,"NM",57610,7676,"57610_20231231",0.08907791485593063,2.526636178577331,80,12.094322775148099,1.5260660127077588,4,"CA"
6817552,14.536358208955225,"NM",57614,103291,"57614_20231231",2.8141462425852954,3.2543064617713537,469,11.47376713310754,1.151142293502773,4,"MD"
225607,4.51214,"NM",57624,3762,"57624_20231231",0.3192312478695372,3.2233878225114885,50,8.806085047194982,0.20079969861623218,4,"PA"
482694,6.995565217391305,"NM",57626,6225,"57626_20231231",1.1823520360145003,2.4144141885228088,69,9.679292898307096,1.1201795296123565,4,"MI"
223057,6.028567567567568,"NM",57632,2784,"57632_20231231",0.6235441963964109,2.607992165378638,37,7.891831970351025,0.46659995883985156,4,"TN"
2972308,5.2145754385964915,"SI",57633,53625,"57633_20231231",0.44513783004560376,3.2927650494866367,570,10.38711925104011,1.3303124002001854,4,"WA"
89255,4.057045454545454,"NM",57640,1898,"57640_20231231",0.04239332232081512,3.8080390724650317,22,10.318975959492345,1.0749288650015807,4,"AL"
271713,9.0571,"NM",57644,3316,"57644_20231231",0,2.162032356894141,30,10.43023363476436,1.5012607336656558,4,"MN"
154606,4.547235294117647,"NM",57656,2571,"57656_20231231",0.01474960603025998,3.1709806677659227,34,10.009242084445507,0.7137441770960846,4,"TN"
12384382,15.10290487804878,"SM",57665,121300,"57665_20231231",0.9986120844273224,1.8485780051817409,820,11.430262098038948,0.9659472804160286,4,"TX"
638884,11.015241379310345,"SM",57672,7412,"57672_20231231",0.2657265476989698,2.4076507229672086,58,9.454530275688901,0.3447958072829835,4,"NY"
306168,8.504666666666667,"NM",57684,3385,"57684_20231231",0,2.3994800541024786,36,9.863014604282776,1.0855627184738885,4,"TN"
497904,9.220444444444444,"N",57686,7001,"57686_20231231",2.642565501760904,2.2372607484149096,54,13.18780000644309,1.3370787676097977,4,"GA"
685850,4.969927536231884,"NM",5768,9892,"5768_20231231",0.7589172780166962,2.4846881006624693,138,9.71278866679604,0.859189878965799,2,"IN"
307034,6.14068,"N",57694,4847,"57694_20231231",0.29575960336974483,2.880938114776422,50,8.574422584809653,0.02596866279121322,4,"GA"
2263321,12.300657608695651,"N",57701,41402,"57701_20231231",0.19178488084140952,3.174367597001035,184,10.003007024517634,1.3022519638582497,4,"IL"
668545,4.258248407643312,"N",57703,18946,"57703_20231231",0.4870486745453581,5.449892970499225,157,14.264123011104715,2.0412134675353433,4,"TX"
1075242,8.271092307692307,"NM",57706,16781,"57706_20231231",0.1784422370079496,2.46467182031011,130,10.655756732739738,0.9278787105541062,4,"OR"
1134539,,"NM",57710,0,"57710_20231231",0,0.20379822328864972,0,8.909587543476341,0.37448248600891826,9,"NY"
2535924,7.083586592178771,"SM",57716,41001,"57716_20231231",0.672518153840408,2.536738088064432,358,13.08198981502881,1.2302635362715915,4,"CA"
263456,7.318222222222222,"NM",57733,3768,"57733_20231231",0.29229482329233286,2.655195059379964,36,9.057029147208356,1.6187550750377695,4,"NC"
293425,6.243085106382979,"N",57734,6391,"57734_20231231",0.3203591857603937,3.403034449612146,47,9.32178686414448,-3.6158639118566467,4,"CA"
586276,12.214083333333335,"NM",57740,7537,"57740_20231231",0.02342375787789593,2.2867207442200352,48,13.022599457068965,1.0004516531738603,4,"CA"
547734,6.2242500000000005,"NM",57741,7357,"57741_20231231",0,2.8050236516967404,88,19.433156391133405,0.9224715364458347,4,"CO"
2031131,10.920059139784946,"SM",57742,27857,"57742_20231231",0.05831635343892234,2.2595777042301557,186,14.658863284039644,1.4516655181394782,4,"VA"
1599919,8.332911458333333,"NM",57754,22010,"57754_20231231",0.5708202506583844,2.231096205989684,192,9.601062133444136,1.0702508613483925,4,"IL"
2024175,11.633189655172414,"SM",57756,24573,"57756_20231231",0.2890939988670821,2.024794699207346,174,9.937660505472254,1.3387811804454985,4,"SC"
57356,0.8560597014925373,"NC",57757,9685,"57757_20231231",0,28.696098755065396,67,102.07723407221525,40.53066227821908,7,"TX"
2245657,7.017678125000001,"NM",57777,46406,"57777_20231231",1.7579200904706913,3.459550432427863,320,9.456692638585256,0.7301865838053068,4,"PA"
278445,5.253679245283019,"NM",57784,4059,"57784_20231231",0.31807789274793585,2.69090230729142,53,6.467980676755729,0.3105456720519259,4,"NC"
159952,7.270545454545455,"NM",57785,2603,"57785_20231231",0.2838284377783142,2.8061564972400954,22,9.33452434122376,1.061146064178854,4,"MN"
42485,0.21676020408163266,"NC",57793,41153,"57793_20231231",0,122.38628408050562,196,91.01151571739807,40.44619820913643,7,"PA"
161167,9.480411764705883,"NM",57799,2716,"57799_20231231",1.0006404098623118,3.1055900621118013,17,9.408506355071241,0.05620157146845642,4,"WA"
287213,6.6793720930232565,"NM",5779,3629,"5779_20231231",0.7944493538536919,2.240727953407961,43,8.390124294581037,0.8887397974631707,7,"IN"
186114000,18.91210242861498,"SM",57803,1846000,"57803_20231231",0.9812163126328951,2.597961309299181,9841,9.072609330291039,0.905701390251634,6,"UT"
623237,3.2630209424083767,"SB",57807,21683,"57807_20231231",5.380717744168301,7.321225460507852,191,12.54461719564791,0.010071615903484377,5,"NY"
1383381,9.410755102040817,"NM",57813,13112,"57813_20231231",0.3646857938892055,2.1269415472870747,147,11.899918235272391,1.6361651448697339,4,"MO"
3803816,11.154885630498535,"NM",57815,49174,"57815_20231231",0.2533494181292679,2.091885315577366,341,13.223548268607873,0.6443990734635372,4,"FL"
953645,14.671461538461537,"SM",57825,14464,"57825_20231231",0,2.3067339255949704,65,10.533964521924116,1.8580659593137983,4,"TN"
21981385,226.61221649484537,"NM",57833,24049,"57833_20231231",13.884812649329167,1.5681251137619983,97,14.257716815333765,0.8457426364123969,9,"NV"
3433,,"NM",57834,0,"57834_20231231",0,2.403423412861246,0,85.28896672504378,1.6413623307345095,7,"NY"
621957,6.910633333333333,"NM",57841,10986,"57841_20231231",0.11449154416752938,3.0585026744445036,90,9.49523451314313,0.7883033679361391,4,"OK"
462839,231.4195,"NM",57849,276,"57849_20231231",0,0.1634041946351927,2,9.723128737939508,1.3411027901513817,7,"NY"
728621,8.186752808988764,"NM",57857,10562,"57857_20231231",0,2.732386761092005,89,8.191972105447539,0.68047417317557,4,"CO"
231294,4.13025,"NM",57867,2922,"57867_20231231",0.2771576340400429,2.804149294952972,56,12.186085721891917,1.2786991285282094,8,"KY"
288808,5.89404081632653,"NM",57869,3303,"57869_20231231",0.28854569323900514,2.6344273450665954,49,10.641964019180701,0.4544215905821316,4,"KY"
123205,3.005,"NM",5786,1948,"5786_20231231",0.7890143986037718,2.8782966722529655,41,13.480730480587685,1.0766755315339402,5,"IN"
320232,8.0058,"NM",57872,6156,"57872_20231231",0,3.221276233903584,40,11.448237743900872,-0.07706084618123649,4,"OR"
1760375,10.416420118343195,"SM",57873,22237,"57873_20231231",0.21212613384125487,2.164205145772341,169,12.957094777838044,1.6231400819544388,4,"CA"
751954,6.774360360360361,"NM",57874,13281,"57874_20231231",0.12294312517790414,3.0167560377306146,111,8.623950885498575,0.5838744265289202,4,"TN"
158194,8.788555555555556,"NM",57882,1913,"57882_20231231",0,2.300322084402362,18,12.093547729473524,0.6990725331977558,4,"GA"
94563,1.0869310344827587,"NM",57884,5843,"57884_20231231",0.07762098056930536,11.458414097892183,87,6.253531738557166,-3.548840867051383,5,"MO"
165171605,86.56792714884696,"N",57890,492565,"57890_20231231",1.4255863734088494,1.6692423871447335,1908,10.152921360637789,0.5170664634782878,9,"VA"
264749,5.091326923076924,"NM",57892,4649,"57892_20231231",0.7987989419250292,2.9908727609801877,52,9.371142048584073,0.6273294075564154,4,"ND"
274028,8.563375,"NM",57897,2897,"57897_20231231",0.8038438535848599,2.0329058659634804,32,9.120875386549768,1.0553230260211952,4,"IL"
152151,7.245285714285715,"NM",57899,2690,"57899_20231231",0,2.8938765572049543,21,10.523459249610502,1.184160982028694,4,"MO"
219005,6.083472222222222,"NM",57901,4224,"57901_20231231",0.0464727880042116,4.046608206575943,36,16.504085474868283,1.8350073847193535,4,"TX"
5898431,28.913877450980394,"NM",57903,27383,"57903_20231231",1.2836919128951916,1.053683224320751,204,10.250072298789634,0.9566839160471775,4,"CA"
64943,8.117875,"NM",57910,745,"57910_20231231",0,1.944394560266436,8,10.641467274927846,1.258713858913033,2,"IA"
240564,6.682333333333333,"NM",57915,2757,"57915_20231231",0,2.117313839693188,36,8.415426145406592,1.406358081033403,8,"OK"
9848491,19.895941414141415,"NM",57919,88223,"57919_20231231",0.6293958942594766,1.4725093165000374,495,11.200735896660822,0.9462196734321674,4,"NJ"
138015,12.546818181818184,"NM",5791,999,"5791_20231231",0.2843944982591609,1.4309900932600514,11,11.356644002092114,0.27547676092935436,2,"IA"
740161,23.87616129032258,"NM",57920,4222,"57920_20231231",3.0010964763851478,1.2247881459465857,31,10.376348491422446,1.4566162110668683,4,"UT"
717076,6.578678899082569,"NM",57922,9808,"57922_20231231",0.016857235660043008,2.4487786904413182,109,10.47316500791263,0.7589374429856259,4,"TX"
712635,9.762123287671233,"NM",57923,7797,"57923_20231231",0,2.0069604927247684,73,9.458951434830892,0.7848517471549126,4,"GA"
99307,12.413375,"NM",5792,1056,"5792_20231231",0,1.673946562557713,8,9.426044488221292,1.1123852718472038,2,"IA"
319832,7.107377777777778,"SM",57931,4538,"57931_20231231",0.2895613695531723,2.8117269665969773,45,8.503818204212342,0.523468296653314,4,"FL"
221930,8.21962962962963,"NM",57933,3372,"57933_20231231",0,2.6949920941373215,27,8.563268086890444,1.0194280704630156,4,"NV"
2147667,9.674175675675675,"NM",57944,29367,"57944_20231231",0.5585979045507004,2.184561621711844,222,9.491763004984946,1.1495603462906352,4,"CA"
109135,5.45675,"NM",57952,1980,"57952_20231231",0.7247472837732234,3.132560410411869,20,9.135615311376306,0.4964365872853937,4,"MT"
984547,7.347365671641791,"N",57953,12544,"57953_20231231",0.5743755165088879,2.4321211192960446,134,9.011659572543998,0.4132214065263595,2,"AR"
221750244,12.881970721505752,"N",57957,2415907,"57957_20231231",1.3410334352707913,2.3654257907188874,17214,8.864500777469694,0.7656354853611289,4,"RI"
602565,9.415078125,"NM",57967,7404,"57967_20231231",0,2.12921227884388,64,8.162815173482182,1.0832427658679729,4,"PA"
3852352,7.538849315068493,"SM",57968,55185,"57968_20231231",0.32998484249474525,3.054198878839566,511,9.796011512274747,-0.02063298049124512,4,"VA"
360337,6.212706896551724,"NM",5796,5264,"5796_20231231",0.12465388654904998,2.6161957642387916,58,8.395186700297842,0.3420186677412165,2,"IA"
56042,3.296588235294118,"N",57974,2168,"57974_20231231",0,6.575246132208158,17,19.60271284469997,0.19590114526823388,4,"CA"
592611,4.031367346938776,"NM",57978,13152,"57978_20231231",0.0632228944627793,3.8337222231477277,147,8.106982296614259,0.34842353414887356,4,"WA"
237943,6.998323529411765,"NM",5797,2662,"5797_20231231",0.1409551455606107,2.1245886784658654,34,11.890421353522202,0.489713109736546,2,"IA"
232285,6.112763157894737,"NM",57990,3932,"57990_20231231",0,2.658031272150261,38,10.111875530553549,1.1029666758580556,4,"MI"
16129111,27.245119932432434,"NM",57993,80964,"57993_20231231",0.18461230344593915,1.1590978323357564,592,9.502503453668757,1.3718691502856943,4,"AL"
2514731,8.731704861111112,"NM",57997,26636,"57997_20231231",0.7311346547056075,2.0050397184586353,288,9.714684623623931,1.926551769794119,4,"AL"
550204,11.706468085106385,"N",5800,4515,"5800_20231231",0.1882410930731102,1.755998052662968,47,9.076513749643254,1.4394786321423254,2,"IA"
130985,4.6780357142857145,"NM",58010,2542,"58010_20231231",0.6026248065281301,3.002708610185246,28,10.832479266156406,1.9395972667000705,4,"MT"
30279,1.6821666666666666,"NC",58011,6427,"58011_20231231",0,103.96529416241724,18,61.26768881854048,66.2753380521095,7,"DE"
1197002,7.624216560509554,"NM",58013,14705,"58013_20231231",0.5767444663633888,2.661517138325665,157,10.108699781756167,0.720443588944658,4,"IA"
950089,12.839040540540541,"NM",58018,12126,"58018_20231231",0.5225348926521572,2.8521577743516824,74,8.631170937605763,0.21446380277052174,4,"MO"
192999,16.08325,"SM",58025,3512,"58025_20231231",0,2.6038794495055937,12,18.194319880418536,1.4277721740839295,4,"CO"
494572,8.676701754385965,"SM",58029,6605,"58029_20231231",0,2.4016097367300726,57,9.259184749152038,0.9727532059085,4,"FL"
327341,6.819604166666667,"SM",58030,7797,"58030_20231231",0,3.862787646053123,48,10.048322124192811,3.281364592062428,4,"FL"
100589,8.382416666666666,"NM",58037,1416,"58037_20231231",1.2706528790017935,4.547631347735423,12,15.070152701865103,0.4798392114422327,4,"CA"
554508,9.901928571428572,"NM",58039,7009,"58039_20231231",0.013605105625092762,2.1675810374964457,56,8.486296785867234,0.4806259342857426,4,"MN"
510860,9.82423076923077,"NM",58049,6357,"58049_20231231",0.5424674519528828,2.1905894952740352,52,9.061890833314932,-0.1715509213652675,4,"KY"
1436138,8.9758625,"NM",58054,17209,"58054_20231231",1.4674395613266018,1.9815516500536,160,12.015394882083093,0.9980617331043381,4,"NJ"
2441150,17.562230215827338,"NM",58057,21004,"58057_20231231",0.04042305830443374,1.4232308017840933,139,8.291780780981748,0.24813878510137147,4,"MN"
1149802,16.425742857142858,"NM",58060,11975,"58060_20231231",0.32225394638257104,1.5046450070007256,70,21.866915055063956,3.8433302332553203,4,"CA"
240312,24.031200000000002,"NM",58063,1413,"58063_20231231",0.24919916871620584,1.3051436989848169,10,9.419122194253065,2.498234244362211,4,"MN"
611976,13.020765957446809,"NM",58069,8194,"58069_20231231",0.8048754734122138,2.063604790174353,47,11.21352726268263,1.1424174145956434,4,"CA"
307262,7.494195121951219,"NM",58074,5061,"58074_20231231",0.6053226648112715,2.4725513494515976,41,8.57041720969896,1.5130301394334986,4,"GA"
149184,5.96736,"NM",58079,1575,"58079_20231231",0.3590788247073853,2.4054423981244324,25,12.371056908357756,1.0712688539252755,4,"TN"
288577,3.8476933333333334,"SI",58082,9148,"58082_20231231",0.05275463607741849,9.384508934351937,75,11.07188475730911,-0.6130227890716042,6,"TX"
1659022,10.567019108280254,"NM",58088,19062,"58088_20231231",1.1605071486377123,2.194313447740091,157,8.365242293072647,1.1342849910589874,4,"AL"
1362433,9.801676258992806,"NM",58090,20094,"58090_20231231",0.7949493518529533,3.091980614742853,139,13.584827720092862,2.673459608060733,4,"CA"
629694,7.871174999999999,"NM",58095,9246,"58095_20231231",0,2.4918613526359166,80,11.017343355805293,1.018736416296608,4,"ID"
225896,6.644,"NM",58103,5652,"58103_20231231",0,4.668738684600339,34,14.363503857066245,1.1492427055144512,4,"GA"
206411,7.117620689655173,"NM",58106,4566,"58106_20231231",0,3.1440522732864915,29,11.97880216804784,0.18551861239889236,4,"MN"
409247,6.296107692307692,"SM",58111,6025,"58111_20231231",0.11169367529765789,2.714218888684541,65,10.342023246063778,1.378349419074197,4,"AL"
633182,8.794194444444445,"NM",58113,8087,"58113_20231231",0.010311319353933975,2.23140267727425,72,9.587748645193123,0.8393959212106114,4,"FL"
451253,7.520883333333333,"NM",58114,6483,"58114_20231231",0.0752680872165271,2.112540940803603,60,7.984217838288414,0.33010573338678983,4,"IL"
2291282,6.126422459893049,"SM",58115,40882,"58115_20231231",0.6212989733507969,2.937168456826573,374,9.188348912269692,0.6307590210716293,4,"MO"
833840,14.628771929824563,"NM",58121,9257,"58121_20231231",0.1926610225411883,1.9586922753257765,57,10.191158215889887,1.5164409405308386,4,"MO"
1594795,11.391392857142858,"N",58140,29343,"58140_20231231",0.9177738336502622,3.351886346591488,140,12.067048781218881,2.790984487802547,4,"NY"
315994,6.076807692307693,"NM",58148,7393,"58148_20231231",0.7404173517492932,4.479188480063069,52,14.296055974151473,0.10316453357312672,4,"UT"
137967,8.6229375,"NM",5814,1403,"5814_20231231",0.039721587780195175,1.8236542927935169,16,9.943125381677985,1.4896872072591418,2,"IA"
154977,5.739888888888889,"N",58158,3439,"58158_20231231",2.3003164706438053,4.979004602837071,27,12.073693173056938,0.20928104223304891,4,"IL"
345335,8.222261904761904,"NM",58164,3910,"58164_20231231",0.16124964654994536,2.072438646314112,42,10.889855515967563,1.5259355632383345,4,"KY"
912757,16.013280701754386,"NM",58165,8716,"58165_20231231",0.4849792989399335,1.8632908363120986,57,12.161191636420545,1.5112326613898355,4,"IL"
29141841,16.85473742047426,"NM",58177,296011,"58177_20231231",0.9483109036384446,1.9538155025142574,1729,10.200780170749075,2.4761076347089377,6,"UT"
343302,11.838000000000001,"NM",5817,2757,"5817_20231231",2.3140256066156466,1.3322141797693092,29,9.947744898727505,1.1984659635666348,2,"IA"
3482906,15.831390909090908,"NM",58181,29304,"58181_20231231",0.4635171995756933,1.3675048806625036,220,10.147690241086627,1.5001788742642,5,"GA"
501702,13.559513513513513,"NM",58184,3718,"58184_20231231",0,1.5796424796804236,37,10.184569968472827,2.228395132095567,7,"VI"
57500,57.5,"N",58188,129,"58188_20231231",0,1.1778873160319066,1,97.46276697426272,4.757190203347939,7,"DE"
461158,7.559967213114755,"SM",58201,6067,"58201_20231231",0.3362952761022935,2.5830870925167906,61,9.89830063644118,1.3630440666426704,4,"TN"
645114,12.171962264150944,"NM",58203,8828,"58203_20231231",0.09776543713602907,2.5501853849643417,53,11.447576137560166,1.7286566843582536,4,"NY"
670592,9.579885714285714,"NM",58208,7804,"58208_20231231",0.11573032021848083,2.1391375170580815,70,10.963000567743176,1.6867633048334445,4,"TN"
49752,2.163130434782609,"NM",5820,967,"5820_20231231",9.62636222106902,3.9579365736523973,23,11.080471800652148,0.7452181833236731,7,"IA"
4607566,18.068886274509804,"NM",58210,35385,"58210_20231231",0.024719524847157216,1.3041233791735365,255,10.94966566578315,0.9536243809077836,4,"MN"
147597,5.676807692307692,"NM",58214,2381,"58214_20231231",0.018356033628253606,3.1190219366988283,26,11.63384364656422,0.7918605967783268,4,"IL"
8126,,"N",58216,0,"58216_20231231",0,-0.307995564863866,0,87.37529252370982,0.2956757422693113,7,"IL"
420113,9.335844444444444,"SM",58218,8559,"58218_20231231",0.022165858763508458,3.227234488081788,45,8.719836872329541,-0.01735072305420316,4,"CA"
330413,7.684023255813954,"NM",5821,4018,"5821_20231231",0.07961188108360127,1.7677181062261644,43,10.089365206214543,0.9068891833702541,2,"IA"
360874,5.7281587301587304,"NM",58220,6438,"58220_20231231",0.1691627165372752,3.0364441070617656,63,8.528452939685536,0.7008837605078649,4,"TN"
448178,5.272682352941176,"N",58224,11638,"58224_20231231",0.5999737237785207,4.791991717775471,85,9.960922259971362,0.06906295121313183,4,"CA"
6580794,8.647561103810775,"NM",58228,85823,"58228_20231231",0.34183618296946905,2.508450301124271,761,10.633158592432846,1.2511002656843078,4,"LA"
201972,5.315052631578948,"NM",58230,2911,"58230_20231231",0.0785701433455287,2.4084966242055414,38,9.22237981121925,1.1297638793492162,4,"MO"
394118,12.713483870967742,"NM",58234,4437,"58234_20231231",0.11362601867243001,1.8275554178405287,31,14.189558131720432,0.9005271676866187,4,"CA"
982913,16.946775862068964,"NM",58239,7355,"58239_20231231",0.08468198351540161,1.4043838180311294,58,11.877255606552755,1.7181644254608528,4,"NC"
2239475,16.7125,"SM",58243,18847,"58243_20231231",0,1.2887407516843203,134,11.56774473798523,0.29172278767033916,4,"VA"
3233417,9.34513583815029,"NM",58255,36682,"58255_20231231",0.26138287445424574,1.974053101137311,346,8.652213137507255,0.9208787818391424,4,"AL"
616099,9.937080645161291,"NM",58257,9989,"58257_20231231",0.032239832512079986,3.230403040274256,62,10.062796805636061,-0.22328688717983453,6,"CT"
980659,11.674511904761905,"N",58259,11587,"58259_20231231",0.0378758653583127,2.066085263315377,84,8.482910887187685,0.38802645800941593,4,"MI"
247575,7.502272727272728,"NM",58263,3837,"58263_20231231",2.458981959063645,2.794020569744264,33,14.065651709620273,0.5066081252833006,4,"NY"
1794346,18.12470707070707,"NM",58264,21332,"58264_20231231",0.6503289986780797,1.869576890407186,99,9.4218997210197,1.8562107840754702,4,"IL"
1557491,5.7684851851851855,"N",5826,22681,"5826_20231231",0.25192818308256415,2.733421238597529,270,8.679196066075063,0.8648687594941732,4,"KS"
272044,7.556777777777778,"NM",58271,4030,"58271_20231231",0.10355300774417947,2.6281668878364726,36,10.68102115464384,1.0964645296387832,4,"AZ"
581204,9.37425806451613,"NM",58276,6891,"58276_20231231",0,1.8605078342236872,62,9.716163256941377,1.0384740189028947,4,"CA"
488561,7.880016129032259,"NM",58278,6081,"58278_20231231",0,2.1573174023740544,62,9.586121939020758,0.8350707564005682,4,"CA"
1264563,9.367133333333333,"NM",58281,18844,"58281_20231231",0.0628690917582319,2.449825759092082,135,10.620073178200599,0.9042902341185932,4,"CA"
133437,7.413166666666667,"NM",58282,1636,"58282_20231231",0,2.2117192725620605,18,10.113001142032818,2.124954251170539,4,"MT"
278399,5.252811320754717,"NM",58289,6135,"58289_20231231",0.03636881914376004,3.6488625972942152,53,10.266377421237516,0.842074183873451,4,"GA"
2152083,10.706880597014926,"NM",58291,30443,"58291_20231231",0.2720197793220605,2.1713043230141795,201,10.072934391079368,2.09677750842592,4,"CA"
817420,8.695957446808512,"NM",58297,18247,"58297_20231231",0,3.061169183703273,94,10.716457679138083,1.476823741193132,4,"CA"
165568,5.174,"NM",58300,2108,"58300_20231231",0,2.6025218071674106,32,8.763602311989409,1.4536051509042387,4,"MO"
22594103,152.6628581081081,"SB",58303,20776,"58303_20231231",0.1626043570409576,0.40816026454512255,148,7.441701074779093,3.050854305475861,5,"MN"
739509,13.205517857142857,"NM",58307,7659,"58307_20231231",0,1.8382582159784073,56,8.813359463686414,0.5543256101832675,4,"CT"
2584392,7.426413793103449,"NM",58309,36124,"58309_20231231",0.4289047488333791,2.5191929999195324,348,15.800275114029647,2.1327997639618643,4,"TX"
99470,4.324782608695652,"NM",5830,1778,"5830_20231231",0,2.675741526027236,23,16.74611151469315,1.482197488335172,2,"KS"
1225106,8.113284768211921,"NM",58310,21432,"58310_20231231",0.09509538919575351,2.610682077946725,151,10.299732800796178,1.0290629788941033,4,"CA"
346772,9.372216216216216,"NM",58311,4277,"58311_20231231",0.04345558838866678,2.2316623285124373,37,9.144856968959221,0.7455183278861773,4,"DE"
2630890,17.083701298701296,"N",58314,22216,"58314_20231231",0.5420275850713026,1.883855057888237,154,8.949294183011826,1.0286811259982844,4,"IL"
2812776,8.628147239263804,"N",58316,37143,"58316_20231231",0.26096762942868035,2.2285205726446664,326,9.80837318133087,0.7166324943814092,4,"LA"
241072,6.51545945945946,"NM",58322,4820,"58322_20231231",0,3.105261912168468,37,10.319211164034428,0.5177549805915848,4,"WA"
158699,6.103807692307693,"NM",58324,2606,"58324_20231231",0,3.079990887082439,26,13.301719027860107,0.6615627652196989,4,"TX"
9946977,,"NC",58339,,"58339_20231231",6.8608814014573305,0,,0,0,4,"CA"
671997,8.195085365853657,"NM",58341,10558,"58341_20231231",1.144714376223731,2.7854035275942404,82,11.236631096280114,1.5458865709031775,4,"WA"
485451,11.289558139534885,"NM",58348,6256,"58348_20231231",3.1175994113537007,2.9098496761054227,43,16.06765871994233,2.2911690213542353,4,"IL"
354273,8.05165909090909,"NM",58357,4133,"58357_20231231",0.12896430187099517,2.4026554080263276,44,14.064842414732459,1.5504049886907816,8,"AL"
202913,9.66252380952381,"NM",58359,2527,"58359_20231231",0,2.2844271451209273,21,12.340065278391576,0.562853406994969,4,"NE"
485998,7.147029411764706,"NM",5835,7576,"5835_20231231",0.23081047569578259,2.1860534089626085,68,10.488494611475778,1.313569961292236,2,"KS"
413623,9.400522727272728,"NM",58371,6125,"58371_20231231",0.656541190550822,3.0191123255221455,44,10.43422538067,0.7044246657971874,4,"PA"
2052593,10.061730392156862,"NM",58374,26326,"58374_20231231",0,2.2679151290919597,204,10.555880260280576,1.516144702995702,4,"GA"
297999,5.843117647058824,"NM",58377,5528,"58377_20231231",0.5941758840105084,2.711837980209708,51,9.544369880822666,0.5933885724149837,4,"FL"
62136,3.452,"NM",5838,980,"5838_20231231",2.5662314136915994,3.1461738150826952,18,11.19687627202967,1.3012457346242388,8,"KY"
519279,6.038127906976744,"SM",58396,8642,"58396_20231231",0,2.560601924637171,86,9.307282548939035,1.4780077533712663,4,"WY"
492376,8.792428571428571,"NM",58401,7959,"58401_20231231",0.494761039238747,2.498919134290147,56,12.951354371205337,1.3818126329888694,4,"CA"
433560,2.5206976744186047,"N",58405,11161,"58405_20231231",1.8082980335521666,4.718348453486844,172,11.97300596852957,0.75819681412402,4,"AZ"
609906,10.700105263157896,"SM",58407,8206,"58407_20231231",3.0093592806072116,2.0842759428312885,57,10.15963035717782,-1.7788704654938388,4,"WA"
8712298,8.59200986193294,"NM",58410,173294,"58410_20231231",13.808896316770586,4.6004607728814095,1014,12.66083516144563,-0.20550531911305986,4,"NJ"
642930,10.045781250000001,"SM",58411,6963,"58411_20231231",0,2.0060332897459285,64,9.924625445015822,1.2717481867488687,4,"CA"
142856,5.71424,"N",58413,4095,"58413_20231231",0,5.208081589250327,25,15.856995966147275,1.3559655579569543,4,"GA"
136159,8.00935294117647,"NM",58423,1445,"58423_20231231",0.0539542808462303,2.6418166185966814,17,8.81752569803893,0.6966590852271687,7,"MO"
1443421,8.295522988505747,"NM",58424,23079,"58424_20231231",0.8329401311106464,2.580749468380846,174,10.294817234807779,0.197227778756706,4,"NY"
74818,3.5627619047619046,"N",58426,1985,"58426_20231231",0,5.393865308321014,21,14.433168879440588,-0.18815809215073306,4,"AZ"
390670,8.681555555555557,"NM",58428,5479,"58428_20231231",0.012111476580228972,2.5100072359600336,45,10.93461732347301,-0.5131295580903517,4,"OR"
1686991,16.53912745098039,"N",58433,15521,"58433_20231231",0.02257720780093309,1.7368087734004871,102,9.094668490397822,0.7862990275341961,4,"OH"
256095,10.670625000000001,"NM",58443,2857,"58443_20231231",0,1.9060853427515487,24,25.27284525986667,2.2922140286369963,4,"NV"
585965,7.710065789473685,"SM",58446,9609,"58446_20231231",0.1252581333152781,2.7065318950140154,76,10.171128346259694,0.5245901639344263,4,"WA"
187849,6.708892857142858,"N",58450,2509,"58450_20231231",1.0464728172304794,2.5024640293830243,28,10.375095059070508,1.0066718334063416,4,"TX"
19449826,45.443518691588785,"SM",58457,112986,"58457_20231231",0.235880432630442,1.180121955588807,428,7.10331462759855,0.8472858293906078,4,"PA"
19334969,9.814705076142133,"NM",58458,248352,"58458_20231231",0.8113633452630111,2.1757233366504365,1970,9.258813551406858,0.5357690326006086,4,"CO"
4821495,8.341686851211072,"SM",58463,65233,"58463_20231231",0.23488784764909187,2.3605218606827516,578,9.17689364557224,0.6750543097906494,4,"TN"
673257,14.961266666666669,"N",58469,5861,"58469_20231231",0.38579659821125956,1.3502177428635458,45,17.890115053929236,1.7420943289946276,4,"CA"
371595,6.0917213114754105,"NM",58470,3916,"58470_20231231",0.011513415431660972,2.1036687506837914,61,8.336486384225376,0.84889354733198,8,"PA"
1109820,11.210303030303029,"NM",58479,14045,"58479_20231231",0,1.9631522937174566,99,8.112465237415577,0.9282239367564896,4,"FL"
109397,4.9725909090909095,"NM",5847,2038,"5847_20231231",0,3.4249154562971973,22,10.753975645016807,1.4860587847382314,4,"KY"
3609326,12.620020979020978,"NM",58481,34339,"58481_20231231",0.2634121252979893,2.203057792908078,286,9.123302541180177,0.6701207961921413,4,"NJ"
303849,27.622636363636364,"NM",58482,5485,"58482_20231231",0,2.577923685280826,11,9.660097728615154,7.8407433883431565,4,"MT"
1211851,17.068323943661973,"SM",58483,14469,"58483_20231231",0,1.6590914236237708,71,10.562828039078394,2.041428919501571,4,"TX"
345031,7.1881458333333335,"NM",58484,5119,"58484_20231231",0.10821137523616163,2.5977826428909814,48,10.726532943108003,1.6310521982697164,4,"TX"
988433,9.984171717171717,"NM",58485,14756,"58485_20231231",0.28752387978441346,2.5058123499287275,99,10.130323091656088,0.42179397238398697,4,"CA"
4099078,15.46821886792453,"N",58486,46759,"58486_20231231",0.10026434774858795,2.000693814814358,265,8.977298021304247,0.18532803009245988,9,"FL"
1812569,6.763317164179104,"NM",58490,34645,"58490_20231231",1.6435878095563388,3.4912924635294837,268,11.957076514955798,0.39429716333543186,4,"CA"
297041,7.616435897435897,"NM",58500,3302,"58500_20231231",0.178937927941912,2.4188141284575098,39,11.798954980905023,1.3756533065141046,4,"CA"
1243582,13.972831460674158,"N",58504,14515,"58504_20231231",0.015815216922473806,2.0449056184582544,89,12.243598622846529,0.5886836212931316,4,"VA"
358745,5.881065573770492,"NM",58508,5687,"58508_20231231",0.08652982935596569,2.7097738740422352,61,11.195633054295575,1.2654840101423295,2,"CO"
861317,10.633543209876544,"NM",58509,8597,"58509_20231231",0.011945637112022772,2.3260571944289357,81,9.761339413230662,1.3973278818743724,4,"TX"
540766,7.510638888888888,"NM",58511,9058,"58511_20231231",1.1998280541460866,2.5651140435838293,72,9.180024792061898,1.516080917651609,4,"MN"
1916497,9.303383495145631,"NM",58513,23438,"58513_20231231",0.43323957670659125,2.7478508537840196,206,12.289007521433163,1.4539445773143564,4,"NJ"
162323,4.918878787878788,"NM",58517,2799,"58517_20231231",0.3457596683763623,3.058994360250171,33,10.18592985779732,1.3647153859115282,4,"TX"
341395,8.12845238095238,"NM",58523,5827,"58523_20231231",1.7723814338657722,2.870144731192684,42,10.710195800191693,0.6666999099194197,4,"GA"
1227867,19.185421875,"N",58534,8119,"58534_20231231",0.657834569657555,1.3904982618771726,64,7.59458899900068,1.4720916504514747,4,"CO"
2020406,7.831031007751938,"SB",58536,31606,"58536_20231231",0.08664615153205438,2.6293854489140283,258,16.44388346100376,0.5289336206087841,5,"MN"
321476,7.143911111111111,"NM",58537,4755,"58537_20231231",0.006532932102420043,2.361561455061303,45,12.442301046603475,0.4835216333975073,4,"FL"
1853741,6.765478102189781,"NM",5854,21357,"5854_20231231",0.748843198573632,2.303273081229728,274,9.627297166493793,1.1408306417853047,4,"KY"
460009,13.939666666666668,"NM",58556,7323,"58556_20231231",0.6955901762986707,2.1579811155311166,33,12.146617055682274,1.4656498173847607,4,"IL"
2447691,13.523154696132599,"NM",58558,24497,"58558_20231231",0.0624417095765529,1.7834918089587968,181,12.014917119584817,1.6278181021185625,4,"AL"
470396,8.875396226415095,"SM",58563,4941,"58563_20231231",0.5731675731675732,2.0097970744066367,53,8.608473400748357,0.7467282322131532,4,"VA"
8536052,15.352611510791366,"NM",58564,86696,"58564_20231231",0.36444450879186907,1.7305086336206026,556,9.46671698118403,0.4216037048500583,4,"NY"
2206019,9.387314893617022,"NM",58581,30942,"58581_20231231",0.011082701141180673,2.366217879856397,235,9.222904556368524,0.5426081043923957,4,"TX"
1982482,11.730662721893491,"NM",58583,32394,"58583_20231231",0.24227224582719536,2.31847463431271,169,12.137401990101653,1.1787609484902601,4,"CA"
330735,7.189891304347826,"NM",58584,5105,"58584_20231231",0.3861658302196871,2.7964554300947095,46,10.574129582660825,0.8360920872976312,4,"GA"
160393,13.366083333333334,"NM",58586,977,"58586_20231231",0.9215302987992181,1.0944956664943681,12,12.038579570363876,4.057627811369292,7,"ND"
487602,11.339581395348837,"NM",58588,7449,"58588_20231231",0,2.3118396269950057,43,10.771032623072525,0.967806442129875,4,"CA"
925159,11.861012820512821,"SM",58590,20282,"58590_20231231",4.472995002538817,4.184705745840485,78,12.662118965519111,0.6106187199980654,4,"CA"
1205202,16.97467605633803,"N",58595,12359,"58595_20231231",0,1.738921966012374,71,9.21467282725349,0.8335724396236276,9,"VA"
4509201,6.660562776957164,"NM",58596,54295,"58596_20231231",8.828948832114914,2.3453394305810082,677,9.410844703725761,0.5810197475465428,4,"VA"
251227,8.374233333333333,"NM",58597,5771,"58597_20231231",0,3.453997384899691,30,10.785038023271689,1.2405997146136678,4,"IL"
262144,6.5536,"NM",58602,4870,"58602_20231231",0.19084053771088544,3.0321522863830395,40,9.213997865845316,0.7325444107538636,4,"MN"
442292,7.898071428571429,"SM",58615,6803,"58615_20231231",0.5906335788643963,2.559447593364402,56,9.610470320333551,0.6817330456058177,4,"PA"
733191,10.183208333333333,"NM",58619,8121,"58619_20231231",0.05916002463384633,1.9679742446002222,72,11.24159716040529,2.2745324775625018,4,"MO"
916726,5.624085889570552,"NM",58626,19280,"58626_20231231",0.9211346131907413,4.041872920818712,163,14.06373786814423,1.727241738846031,4,"NV"
10636734,10.377301463414634,"NM",58629,162721,"58629_20231231",0.49451536018386066,2.672607400250417,1025,10.437856498958796,1.2806763184072298,4,"TX"
185454,4.880368421052632,"NM",58636,2737,"58636_20231231",0.03194727018983404,2.9941687721503296,38,9.291463565043461,0.9148700585260332,4,"AL"
282827,14.885631578947368,"NM",58644,2911,"58644_20231231",0,1.719743629155928,19,9.563915813299745,1.7236756973165421,4,"FL"
13298671,25.872900778210116,"NM",58647,67114,"58647_20231231",0.1332507614855583,3.240612730441119,514,8.347690976823099,-1.483611746516915,4,"CA"
7375011,16.388913333333335,"NM",58648,84898,"58648_20231231",0.4054219453007577,2.0795035124024897,450,9.8615901341848,0.9647009680179098,4,"KS"
715272,8.317116279069769,"NM",58657,8334,"58657_20231231",0.13606805224138874,1.973502129040015,86,10.983825741143434,1.7394154838036426,4,"GA"
313151,8.698638888888889,"SM",58658,4599,"58658_20231231",1.3675127415855073,2.432829168359793,36,22.767061301060615,0.5789437422754774,4,"VA"
11206067,12.10158423326134,"NM",58665,163582,"58665_20231231",2.0328493268675967,2.8665404656875624,926,7.4107058087176885,0.7391133750598275,4,"NC"
410724,9.551720930232557,"NM",58668,5262,"58668_20231231",2.394153608106673,2.2926864138241583,43,17.725939646523116,1.814217264648748,4,"NY"
2269227,12.967011428571428,"NM",58675,21563,"58675_20231231",0.735221169241289,1.9790309841935219,175,9.083557888158776,0.6999835092550648,4,"NY"
196449,12.2780625,"NM",58678,2071,"58678_20231231",0,1.6930685929849272,16,12.998645607286532,0.9344474264665935,4,"AZ"
621927,8.884671428571428,"NM",5867,4948,"5867_20231231",0.05817631787540087,1.4824783116235298,70,9.738752970847026,1.0701163227209847,4,"MD"
87333,5.137235294117647,"NM",58680,1636,"58680_20231231",0,3.614267168774877,17,11.776129530405484,0.2829723089467529,4,"OK"
528314,25.157809523809522,"N",58687,3829,"58687_20231231",4.717545149376013,1.621903132207425,21,10.381929825955023,1.8716055353024328,4,"GA"
1617504,9.923337423312883,"NM",58689,19069,"58689_20231231",0,2.1842122958179613,163,8.839577507653644,0.7533247016391633,4,"SC"
430129,11.625108108108108,"NM",58691,4439,"58691_20231231",0.012331942252877688,1.8875179970159057,37,12.37331670590863,1.7016656835348636,4,"NC"
503031,10.702787234042553,"NM",58692,6326,"58692_20231231",0.00969679507070349,1.995816558513667,47,10.102086018041238,1.648138651203547,4,"FL"
854494,7.7681272727272725,"NM",58694,10716,"58694_20231231",0.5243339664913307,2.184817907678033,110,10.145842977095212,1.115122168097116,4,"FL"
2183294,18.50249152542373,"SM",58696,19491,"58696_20231231",0.09996915612469676,1.5178688394766557,118,10.771387724990127,0.18941848698354236,4,"VA"
707349,13.099055555555557,"NM",58712,7324,"58712_20231231",0.31275513408277333,1.9886368666744183,54,10.551765995158775,0.7721701211921964,4,"NJ"
4389086,12.024893150684932,"SM",58716,62217,"58716_20231231",0.47595518068104,2.4372340806140276,365,11.91138340064467,1.008673836837598,4,"TX"
1209800,7.467901234567901,"NM",58722,21251,"58722_20231231",0.14082145543601052,2.5653084783445212,162,14.170288089579252,2.166036056386962,4,"NV"
483896,9.13011320754717,"N",58723,6754,"58723_20231231",0,2.2530576450705184,53,10.83663819718123,1.1415350165813123,4,"SD"
184493,7.37972,"NM",58724,2360,"58724_20231231",0,2.2841095629601593,25,10.502333241833654,0.706419653906611,4,"NE"
944766,7.323767441860466,"NM",58727,15202,"58727_20231231",0.0068137604587746635,2.5431359535378903,129,10.670668374677584,1.0324391925092815,4,"NE"
168037,8.001761904761905,"NM",58732,2005,"58732_20231231",0.01456329283715939,2.10754358604033,21,14.138267390111563,2.2501501920637907,2,"CO"
1193209,12.83020430107527,"NM",58739,13637,"58739_20231231",0.05597407326158098,1.879919188835083,93,8.83127092919703,0.8676872014003519,4,"TX"
412082,6.755442622950819,"NM",5873,5832,"5873_20231231",0.012146804854434834,2.59797261476475,61,7.574144804124142,0.9047040170436471,4,"MD"
1225404,14.943951219512195,"SM",58741,15703,"58741_20231231",0.8128769760283576,2.271317305030971,82,6.068841069815006,-2.7420612643657183,4,"CT"
156416,7.109818181818182,"SM",58743,2151,"58743_20231231",0,2.7612797013909294,22,10.836574738468931,0.3222679379640691,4,"VA"
154119,4.532911764705882,"NM",58745,3092,"58745_20231231",0,3.202419971076546,34,12.679939142533907,1.426595684216509,4,"NM"
851405,7.601830357142857,"NM",5874,8978,"5874_20231231",0.06933306457358428,1.8284941581677931,112,12.916633299533839,1.5228418371748196,4,"MD"
1319832,10.818295081967214,"NM",58752,21023,"58752_20231231",0.38545440593706665,2.358298303966745,122,12.234922831392762,1.511837384916474,4,"ID"
409248,9.744,"N",58764,7187,"58764_20231231",0.5218863842493966,3.6058479308305786,42,14.136353892952535,1.0076126254541937,4,"TX"
253296,10.554,"NM",58768,3351,"58768_20231231",0.025751524069791882,2.6322398927375525,24,8.256160667910663,1.7156224841394077,4,"TX"
182734,7.613916666666667,"NM",58772,3558,"58772_20231231",0.23079786574016625,2.8889121534875777,24,11.629587457300516,1.0579270140561032,4,"CO"
184903,9.731736842105263,"NM",58778,2854,"58778_20231231",0,2.5892712533351516,19,9.564714672949698,0.18593738012633088,4,"WA"
365399,10.747029411764705,"NM",58780,4392,"58780_20231231",0.6390236028157745,1.6610254985084505,34,12.582760376878024,0.8987850739027834,4,"WI"
1604236,10.218063694267517,"NM",58783,27568,"58783_20231231",0.4295360705005012,2.866170439604989,157,9.307612827914754,0.45719859609513763,4,"AL"
548652,5.963608695652175,"SM",58789,9422,"58789_20231231",0.09267473544135353,2.6640304545972215,92,8.145770433910645,-1.1874156346792577,4,"MI"
951302,8.808351851851851,"NM",58796,22308,"58796_20231231",0,3.2768984960760585,108,9.79433250477553,0.7157175662601485,4,"MO"
167658,6.98575,"NM",58806,3220,"58806_20231231",0,3.3487252530764566,24,18.706410070901462,1.85038314087653,4,"NV"
1578215,9.682300613496933,"NM",58811,20696,"58811_20231231",0.010167895417720608,1.9405356771737599,163,9.167354001512544,0.8464752679483092,4,"FL"
4019691,10.69066755319149,"NM",58816,37795,"58816_20231231",1.0426953640550443,1.725800574893566,376,13.615449024883953,1.2517604003294422,4,"CA"
3140973,8.558509536784742,"SM",58823,39884,"58823_20231231",0.6846196885501701,2.2717862350516627,367,11.824487676079727,1.0455634889367786,4,"TN"
250815,8.957678571428572,"NM",58826,3704,"58826_20231231",1.116603068097421,2.600919228987779,28,11.128767664789011,0.7005661701526497,4,"CO"
599874,9.9979,"N",58827,6757,"58827_20231231",0,2.0198746757943065,60,8.21643624492659,0.8667640795719964,8,"VA"
409459,13.648633333333333,"NM",58852,4344,"58852_20231231",0,1.5977884518593226,30,11.929655258805273,1.6716238468858082,4,"TX"
148509,5.711884615384616,"N",58857,2782,"58857_20231231",0.7469524893788354,3.767381276092548,26,12.393634115329261,0.21834454318720004,4,"VA"
214192,5.949777777777778,"SM",58859,3095,"58859_20231231",0.5791611269965578,2.8790513653898726,36,10.107681330854879,1.0593542115974606,4,"VA"
557404,7.432053333333333,"NM",5885,7004,"5885_20231231",0.0722615763572781,2.692803830488045,75,9.68481488885407,1.0226188131561804,4,"MD"
935860,9.549591836734693,"N",58864,11713,"58864_20231231",0,2.122810931976352,98,9.186196746840533,1.0152867103609575,4,"SC"
2279684,10.855638095238096,"SM",58892,29111,"58892_20231231",0.43319427000834837,2.2041630505409424,210,11.413774897873727,1.1487238673385465,4,"MO"
217262,5.717421052631579,"SM",58899,3440,"58899_20231231",0,2.99182197081611,38,11.719022972173434,1.1674703184296806,4,"NC"
207770947,9.796819454922671,"SM",588,2806751,"588_20231231",1.949789220650386,2.419829369683953,21208,8.831931747919748,1.2913542417935562,4,"NY"
13812,0.7269473684210527,"NC",58927,5475,"58927_20231231",0,70.91855435818488,19,96.52416220576373,2.9909830657576424,7,"NY"
121194,3.2755135135135136,"NM",5892,2128,"5892_20231231",0.5196497794412512,3.031170671704222,37,10.93169336008156,0.46947155258321327,8,"MI"
998144,5.8714352941176475,"NM",58935,16719,"58935_20231231",0.2439921120358301,3.049669100392083,170,9.184518725880938,0.6289134017676277,4,"TX"
189724,8.248869565217392,"SM",58952,2878,"58952_20231231",0.15211494758448793,2.9190173044263896,23,9.56429676683769,-0.14875022367422933,4,"CT"
358324,7.465083333333333,"NM",58961,4727,"58961_20231231",0.2633051377415002,2.3551915331075044,48,9.283180452610788,0.7128772940998028,4,"LA"
35721140,22.311767645221735,"N",58979,251484,"58979_20231231",1.6426450871091796,1.721962802743435,1601,9.106316954771195,0.6229016731206183,4,"FL"
5008,1.252,"NC",58999,551,"58999_20231231",0,41.811101125518896,4,92.1102863202545,8.794453716780074,7,"FL"
1182794,5.686509615384616,"NM",58,16813,"58_20231231",0.09228791705507265,2.705830609622532,208,12.479364369321873,2.204524090826772,4,"AL"
15849,0.660375,"NC",59025,5314,"59025_20231231",0,136.57538833326052,24,46.78690714762859,29.079500953545583,7,"DE"
320735,5.257950819672131,"SM",5902,4885,"5902_20231231",0.28144239226033424,3.2678713384833116,61,8.915702239114843,2.137823106456247,8,"MS"
7638543,6.7657599645704165,"NM",5903,126527,"5903_20231231",0.14109309778939363,3.010732192339409,1129,10.0118515051332,0.9331670545188747,4,"MS"
326364,81.59100000000001,"N",59043,732,"59043_20231231",0,1.2433403688481326,4,12.372583176667414,2.4276234966793853,7,"DE"
25701,0.9178928571428572,"NC",59046,9199,"59046_20231231",0,183.68892963699653,28,76.45277641715278,6.728617603182496,7,"NY"
7998,1.1425714285714286,"NC",59047,2031,"59047_20231231",0,162.5203613208944,7,101.94377990430623,4.750974875364036,7,"DE"
9914570,7.995620967741935,"SM",59052,128914,"59052_20231231",0.37342602014471343,2.3533202883582236,1240,8.88800956808071,1.5797727832066506,4,"CO"
7409,7.409,"NC",59069,205,"59069_20231231",0,6.293826876652489,1,99.64285714285714,12.673870559834462,7,"DE"
5671127,10.720466918714557,"NM",59070,76259,"59070_20231231",0.36714907787153744,2.506990362231604,529,8.996323936202973,0.32649135185425826,4,"MA"
1363451,8.911444444444445,"NM",59074,13064,"59074_20231231",0.01463569730686347,1.831497700477949,153,10.773091106001152,0.6191454664793066,2,"PA"
553944,4.578049586776859,"NM",5907,8373,"5907_20231231",0.06825449174780251,2.846692654639402,121,12.654688625616078,2.4270060089418233,4,"MS"
693138,11.179645161290322,"NM",59086,9217,"59086_20231231",0.6381568887303125,1.982098936920535,62,12.693139589732969,1.4561794951988738,4,"NH"
1535782,6.192669354838709,"NM",59093,12898,"59093_20231231",2.0121080415304764,2.410559238626352,248,14.722787663610228,1.5966172961967955,4,"OK"
304871,9.52721875,"NM",59098,6239,"59098_20231231",0.7061827016120731,2.792581869460841,32,13.26198248210328,1.347864659537458,4,"CA"
570132,9.663254237288136,"NM",59099,8558,"59099_20231231",0.42359769221776766,2.5955025778894356,59,10.14235191668592,0.8405590935902404,4,"CA"
562178,13.073906976744185,"NM",59101,13382,"59101_20231231",0.14914987067858204,4.226329629019012,43,10.056474580832282,-1.7145781115974392,4,"TN"
770425,25.680833333333336,"N",59105,5036,"59105_20231231",0.05009156646438559,1.1210585382231335,30,6.702144409106654,1.3171534931253068,4,"FL"
652485,9.886136363636364,"NM",59106,6742,"59106_20231231",0,2.165296216486503,66,8.443417970106653,0.25331914143414447,4,"SC"
10224000,40.09411764705882,"SM",59108,33000,"59108_20231231",0,0.8831044120925287,255,11.623583569405099,1.6118798977999553,5,"TX"
989815,12.529303797468355,"NM",59112,12682,"59112_20231231",0.7871437170366168,2.1390846456845747,79,9.7522531164092,0.45408133046938964,4,"TN"
730746,7.533463917525773,"N",59113,16889,"59113_20231231",0.032184705519580636,4.00452886162136,97,9.289539539192972,-1.1419438167075737,4,"NY"
629210,17.97742857142857,"NM",59114,5249,"59114_20231231",0.6058055225925124,1.4088511916609658,35,11.125196076346691,1.2648382656227264,4,"AL"
273605,9.771607142857144,"NM",59117,4107,"59117_20231231",0,2.8611976369706764,28,10.98890448240302,0.40029975201903156,4,"NV"
236195,11.80975,"NM",59138,3911,"59138_20231231",0.17326877078350156,2.9546803175358427,20,9.097580152004891,0.20645845809713664,4,"MI"
268693,9.265275862068965,"NM",59140,4296,"59140_20231231",0,2.3315412094604824,29,9.851157093098765,0.9817785701587598,4,"FL"
333217,10.097484848484848,"NM",59143,4558,"59143_20231231",0.7398928818244643,2.607644141306725,33,9.3079305032262,0.03087135381395871,4,"MA"
441201,17.64804,"NM",59144,2776,"59144_20231231",0,1.4487776348565455,25,11.152145390932503,0.03618908090421211,4,"OH"
313859,10.124483870967742,"NM",59148,4464,"59148_20231231",0,2.4872654477146363,31,13.998689047849751,1.004367111604725,4,"OK"
18379,,"NM",59149,0,"59149_20231231",0,0.5116019963846793,0,56.2514377731769,0.6821359951795722,7,"NY"
578346,12.048875,"NM",59154,9826,"59154_20231231",2.265912766148594,3.3309176102505744,48,13.070408292251296,0.03021198433425205,4,"NY"
160727,5.5423103448275866,"NM",59157,3155,"59157_20231231",0,3.0554772759734874,29,13.886150734849881,1.3208875231782626,4,"NC"
238058,8.816962962962963,"NM",59176,3041,"59176_20231231",0,2.387265066662517,27,10.432109127212009,-0.19160367412202722,4,"NH"
677682,5.465177419354839,"NM",59177,35424,"59177_20231231",0.5110085168086135,22.054958427637505,124,64.74587311600493,24.690083988583993,4,"UT"
216993,5.710342105263158,"NM",59178,5908,"59178_20231231",0.012931059817907167,4.405703073682062,38,10.770449464008662,1.3610380665500315,4,"GA"
145205,5.8082,"NM",59181,2373,"59181_20231231",0.9299057318330732,3.0778689515154447,25,9.0009780634344,0.9041004012181565,4,"FL"
198110,6.603666666666667,"NM",59182,3229,"59182_20231231",0,4.110847927102344,30,13.665865384615383,-0.7028307381664273,4,"GA"
803319,15.156962264150943,"NM",59183,9951,"59183_20231231",0.09838448392641434,2.3000009194431295,53,9.186677973779437,0.2593944101758393,4,"VA"
580214,12.613347826086958,"NM",59185,7446,"59185_20231231",4.233218378632238,2.2723584752574637,46,13.724609121226559,-1.3234511621237108,4,"TX"
511152,8.379540983606557,"NM",59188,8605,"59188_20231231",0,2.627239789706651,61,10.52405638229573,-0.8807073711129614,4,"NC"
486350,1.1258101851851852,"N",59190,95501,"59190_20231231",0,41.46495199587987,432,23.405428392531633,-20.23302560475967,7,"UT"
285861,9.857275862068965,"NM",59193,4653,"59193_20231231",0,2.7799442170641795,29,17.489704629366656,0.510359414194817,4,"DC"
30016,3.3351111111111114,"NC",59194,2724,"59194_20231231",0,17.927486132325747,9,55.92961801228892,63.49920947557413,7,"DE"
126933,4.2311000000000005,"NM",59195,4011,"59195_20231231",0.010375596596804317,5.315667152082138,30,18.502003194860887,-0.6913493079152141,4,"IL"
184540,14.195384615384615,"NM",59199,1478,"59199_20231231",0,1.8724053322817742,13,13.798823522210457,0.16909839746749478,4,"OH"
51129,4.648090909090909,"NM",59203,1535,"59203_20231231",0,6.3035193263574065,11,31.822719105609902,-3.293131468651099,5,"AZ"
62155,2.005,"NM",59204,4186,"59204_20231231",0,12.701121967758839,31,24.042013297786916,-8.975356779582652,4,"CA"
991252,19.062538461538463,"NM",59205,8864,"59205_20231231",0.28621928274131936,1.5088202651823541,52,12.544623960022925,0.09410147575488463,8,"UT"
225795,8.684423076923078,"N",59206,3292,"59206_20231231",0,2.712358089913449,26,17.4467255256533,-1.259902550594031,4,"TN"
214447,10.72235,"NM",59209,3182,"59209_20231231",0,3.873182191834146,20,13.859564981369143,1.3853238108540693,4,"GA"
206038,13.735866666666668,"NM",59219,2082,"59219_20231231",0,1.836140980036017,15,10.822222439922804,1.0203469760010524,4,"GA"
76638,3.1932500000000004,"N",59239,3199,"59239_20231231",0.0389992785133475,7.966699343058218,24,46.441161326098154,-4.219643876102828,4,"TX"
198670,4.620232558139535,"NM",59245,10432,"59245_20231231",0,8.263636021958245,43,27.14194991302427,-5.490114146619708,4,"CA"
150231,5.365392857142857,"NM",59249,4601,"59249_20231231",0,4.583366557690774,28,16.56285895707141,-1.3818674746830395,4,"OH"
27025,3.3781250000000003,"NC",59255,2377,"59255_20231231",0,44.0783917476021,8,71.37221648724376,19.06632683839054,7,"FL"
542273,7.531569444444445,"NM",59257,8825,"59257_20231231",0,3.088679973044608,72,9.72201337099429,-0.3099573041240661,4,"FL"
101017,8.418083333333334,"SM",59262,1909,"59262_20231231",0,3.220221953147672,12,24.60640859418411,-0.1791235952807437,4,"VA"
186843,6.920111111111112,"NM",59265,3390,"59265_20231231",0,3.5936893814150097,27,23.654731399804984,-0.04933972631997286,4,"FL"
39785,3.0603846153846157,"NM",59273,2571,"59273_20231231",0,12.058735508047832,13,28.888444622151138,-10.230570049314926,4,"AZ"
34333,0.3691720430107527,"NC",59276,17617,"59276_20231231",0,78.73046612962499,93,86.35169837749504,18.625352178402057,7,"SD"
192120,6.1974193548387095,"NM",59278,4223,"59278_20231231",0,4.781485821873089,31,18.784658846507085,-1.5756541760011924,4,"FL"
83540,3.2130769230769234,"NM",59281,3506,"59281_20231231",0,7.297983359187703,26,23.799558487628723,-3.458021905702063,4,"FL"
52975,1.7088709677419356,"NM",59283,3989,"59283_20231231",0,15.260472718921815,31,40.2370022419131,-11.980078981614485,4,"AZ"
83409,5.5606,"NM",59285,1647,"59285_20231231",0,3.743977344275674,15,25.805540613232917,-0.3323776350385477,2,"GA"
210189,11.677166666666666,"NM",59287,3363,"59287_20231231",0,3.1064523748498605,18,16.921436884468307,0.05716626210542715,4,"MN"
75597,5.815153846153847,"SI",59289,1851,"59289_20231231",0,8.078984065305612,13,27.495313461455908,-4.455682120865519,4,"NH"
47957,1.91828,"NM",59290,2319,"59290_20231231",0,11.958843896569507,25,45.331680968971405,-10.706480367359969,4,"CA"
44549,2.22745,"NM",59292,3719,"59292_20231231",0,18.223533267781058,20,49.26284402584187,-11.939453532373886,4,"OH"
199420,8.309166666666668,"NM",59296,2932,"59296_20231231",0,3.8013692783117925,24,15.509641128268925,0.20829420703078316,8,"CA"
159178,7.235363636363636,"NM",59298,3766,"59298_20231231",0,4.558598373732695,22,18.457669281867638,-2.1060097267253357,4,"VT"
224204,6.594235294117647,"NM",59304,5068,"59304_20231231",0,4.697651719427775,34,21.25278364643408,-0.05725518636563162,4,"TX"
32201,2.6834166666666666,"NM",59305,1624,"59305_20231231",0,9.911276343399326,12,82.34840354172258,-6.650853024359092,7,"MI"
99105,4.308913043478261,"NM",59306,3137,"59306_20231231",0,6.075135646846263,23,27.700148833424347,-2.9712453818636746,4,"FL"
33896,,"NM",59312,0,"59312_20231231",0,0.42066149019332894,0,39.15315794135885,2.506441379068585,7,"NY"
36054,1.638818181818182,"NM",59314,1674,"59314_20231231",0,12.837172671785785,22,62.797281993204976,-11.704302785224227,7,"CA"
43288,4.809777777777779,"NM",59318,295,"59318_20231231",0,1.2636296433191647,9,78.06479235050664,-0.5082239881722417,7,"AZ"
17486,1.092875,"NC",59321,3887,"59321_20231231",0,49.574663436542444,16,82.26962172971172,-1.8860828106505603,7,"TX"
106245,2.004622641509434,"SM",59324,9234,"59324_20231231",0,18.387156266076506,53,93.29660918385689,-17.219455849664637,7,"PR"
14441,0.32820454545454547,"NC",59337,6574,"59337_20231231",0,121.33072407045009,44,81.15011701771982,22.729578893962454,7,"MN"
206201,,"NC",59344,36231,"59344_20231231",0,45.26686859177701,0,88.99958984689349,19.167877535149294,7,"NC"
13020,4.34,"NC",59346,1253,"59346_20231231",0,20.922782339728247,3,73.36840608559648,-21.73288654858784,7,"NV"
8779,0.7980909090909091,"NC",59349,2663,"59349_20231231",0,38.591614547139216,11,90.99738903394255,-34.60736622654621,7,"NV"
1635448,5.73841403508772,"NM",5956,26258,"5956_20231231",0.31597656507142385,3.436952470576581,285,10.346638530512422,1.0443843215433286,4,"NC"
2245830,12.009786096256684,"NM",5962,21611,"5962_20231231",0.17481466639951915,2.543145022511186,187,9.255978215631949,4.52963491142614,9,"OH"
3274450,7.1808114035087725,"NM",5969,34167,"5969_20231231",0.8654671520892129,2.1161625967042834,456,8.661653899775992,0.749136527950608,4,"OH"
2708426,8.13341141141141,"SM",597,32808,"597_20231231",0.5280169354740594,2.389259189836572,333,8.262282845247372,0.9017666506640034,4,"NY"
619312,4.553764705882353,"NM",5981,9983,"5981_20231231",0.3560804110700442,3.065727841129633,136,9.759149049709267,1.0139866558962687,4,"OH"
303067,4.968311475409836,"NM",5994,5935,"5994_20231231",0.5041309102818532,3.5553047404063203,61,10.775483150770949,0.5299675869653296,4,"OK"
25802,3.22525,"SM",5999,412,"5999_20231231",0,2.4723154170073904,8,20.778097982708935,0.7145641158893076,2,"OK"
199070,5.238684210526316,"SM",6051,3702,"6051_20231231",0.10939836717117936,3.2354868572973983,38,10.49146608980237,0.8971571819382755,5,"PA"
1607380,5.102793650793651,"N",6063,29125,"6063_20231231",0.08650901755314092,3.4406288639783984,315,9.028164582994497,0.1993109677037998,4,"SD"
50115,6.264375,"NM",6064,1067,"6064_20231231",0.4940806570631076,5.232713018989991,8,10.891660653540871,0.8055206708020957,2,"SD"
438970,8.44173076923077,"NM",6078,8925,"6078_20231231",0.4287600915484962,4.029344042741336,52,7.565955566776067,-3.5808868303441455,5,"SD"
35819,7.1638,"NM",6084,544,"6084_20231231",0,2.823084846782234,5,11.253428414701041,0.07436418620792225,2,"SD"
3000634,7.855062827225131,"SM",6085,51325,"6085_20231231",0.08728907174000446,3.052231895119573,382,13.019167581939373,1.6062572539436069,9,"SD"
223828,5.5957,"NM",6088,3288,"6088_20231231",1.91776178556529,2.9029335579119295,40,11.769604764231048,0.19732656680939803,7,"TN"
670989,6.27092523364486,"NM",6091,8309,"6091_20231231",0.06002186117328972,2.1239240481986053,107,9.764890419226273,0.7399212915425452,4,"TN"
7773612,9.445458080194411,"NM",609,102092,"609_20231231",1.1107156968462888,2.2725832726830175,823,8.650982855459498,0.16391529790030543,4,"NY"
288031,4.571920634920635,"NM",6100,9472,"6100_20231231",0.17330781277188098,7.288971071028542,63,9.69901303705397,-0.652173213343118,4,"TN"
276848,5.0336,"SM",6101,4941,"6101_20231231",0.14849893832313912,3.324189402554792,55,8.35387281656363,1.30023090177886,4,"TN"
109109,3.4096562500000003,"NM",6110,1716,"6110_20231231",1.522192591027909,3.411810300713404,32,10.009354536950422,0.3151244694620873,4,"TN"
1824691,7.571331950207469,"SM",6123,30208,"6123_20231231",0.39785651898081537,3.000234374626316,241,8.475372824700834,0.6197033669088082,4,"VA"
791015,6.131899224806202,"NM",6137,8407,"6137_20231231",0.09820272371079797,2.5461378836153674,129,10.36031303492174,1.1014441815904514,4,"VA"
657800,5.770175438596492,"SM",6139,11548,"6139_20231231",0.08372476956034669,3.305317408665845,114,9.679694048462038,0.39649559843421406,4,"VA"
55511,9.251833333333334,"NM",6156,455,"6156_20231231",1.8734177215189873,1.4274918129146026,6,8.632202477113623,0.22671928793349566,7,"WA"
2411907,5.70190780141844,"NM",6158,47096,"6158_20231231",0.07716680514359268,2.9013579616015712,423,12.056744104084308,1.038502708720044,4,"WA"
1647932,6.149,"NM",6161,29227,"6161_20231231",0,2.8319079510436413,268,11.027311279143781,0.9885709325399243,4,"WA"
734263,5.1347062937062935,"NM",6176,11478,"6176_20231231",0.4326479683176911,2.847749096383262,143,7.418979469002876,0.8208325190431742,4,"WV"
221960,5.691282051282052,"SM",6180,2473,"6180_20231231",0.02850514280284735,2.692505411893432,39,12.610478808664583,1.1663278829238846,8,"WV"
286936,7.9704444444444436,"NM",6186,3351,"6186_20231231",0.08106933698253442,2.12430875088163,36,11.077650883627877,0.626085153421893,2,"WI"
285871,7.146775,"SM",618,3247,"618_20231231",0.644667929326611,2.1775100055374477,40,9.312063261075492,0.9592715769788086,7,"NY"
409799,7.4508909090909095,"NM",6194,5506,"6194_20231231",0.3049144686544342,2.3942675688419364,55,9.776546155627372,1.0250356874266964,4,"WI"
345426,6.773058823529412,"NM",6195,3773,"6195_20231231",0,1.9197855292852493,51,8.515603052384748,1.0695573454006122,4,"WI"
42977,5.3721250000000005,"NM",6198,673,"6198_20231231",0,2.3893992434743794,8,11.275305576776166,0.7800202053426685,8,"WI"
8006087,19.91563930348259,"NM",622,85260,"622_20231231",0.7743246525826533,1.896163236736536,402,8.501610343968585,1.143055101695649,4,"NY"
38725000,100.84635416666667,"SM",623,122000,"623_20231231",0.1712852511164128,2.711826739405356,384,26.649200220628792,1.6694269976241751,9,"NY"
1098634,8.789072,"N",6271,12227,"6271_20231231",0.8794295055691292,2.206915738758555,125,9.499712457702438,1.3825664132055948,4,"VT"
560588,6.298741573033707,"N",6275,8090,"6275_20231231",0.39319140854516216,2.8550145327586507,89,8.006518252654486,0.433314521647085,5,"VT"
78840,5.256,"N",6280,1302,"6280_20231231",1.4075797284961276,2.7292218561136754,15,11.467749629973946,1.8453813261978587,5,"VT"
3395126000,14.968239412402678,"N",628,37835000,"628_20231231",0.7130439486301833,2.364243149096842,226822,7.850341627914083,1.4277806506141748,1,"OH"
640798,6.40798,"N",6354,12935,"6354_20231231",0,3.324351935012947,100,9.051972098688541,0.42252695191093914,4,"NJ"
557463343,9.943693464378724,"N",6384,7079396,"6384_20231231",1.00348514483244,2.420376259846584,56062,8.555390413453468,1.0523283565800154,4,"DE"
332529000,7.515459024544592,"SM",639,5012000,"639_20231231",0.677456930905524,2.911577324189425,44246,6.6516382732879755,0.828298693579611,1,"NY"
2638667,11.727408888888888,"SM",6423,24385,"6423_20231231",0.2852246429974434,1.650990651160886,225,12.58269517183748,2.3605044795842667,4,"NJ"
186032,5.027891891891892,"N",6442,3067,"6442_20231231",0.12772532802186515,2.7460465277634736,37,9.77236266789695,0.8537353496303733,8,"NJ"
364578,4.797078947368422,"N",6464,6661,"6464_20231231",0.002415967474175033,3.1406359431019077,76,9.595841607288868,0.8941097433262858,4,"NJ"
299191,5.2489649122807025,"N",6528,4670,"6528_20231231",0.18174954158127493,2.6755361424459183,57,11.765889321189512,0.5700374681921097,4,"OH"
78624,4.914,"N",6530,1021,"6530_20231231",0.08676886110307695,2.588986385311234,16,9.8717367200887,0.7869334510855488,5,"OH"
1007407,6.416605095541401,"N",6531,11432,"6531_20231231",0.5267483698927874,2.1222495479057204,157,11.338063414490534,2.142387830781467,4,"OH"
5066362,8.132202247191012,"N",6540,52351,"6540_20231231",0.47044853612206494,2.1345560359141365,623,8.06522552900443,1.0494460213699142,4,"OH"
9140701,6.184506765899865,"SM",6544,138683,"6544_20231231",0.5185145028568127,2.900323398332385,1478,9.124090140362378,1.4046318102202622,4,"OH"
650658504,8.968662182279317,"N",6548,10046739,"6548_20231231",1.106142422892119,2.733530089516114,72548,9.234316343096092,0.872920179030775,9,"OH"
188730743,10.149542511427804,"N",6560,2280099,"6560_20231231",0.7010204703963469,2.2363002964497376,18595,8.509095463711985,1.173130378877103,4,"OH"
283016,4.162,"N",6574,4736,"6574_20231231",0.15833278564130754,3.5965303642777045,68,9.763376459623924,0.843718147777996,8,"OH"
60743,5.061916666666667,"N",6584,609,"6584_20231231",0.019438864770297413,2.3900251361945153,12,8.459731872003132,0.1364352831272893,2,"OH"
92110,6.579285714285715,"N",6592,1034,"6592_20231231",0.11205613828829658,2.709581871992495,14,8.351857732613528,0.4369141243502837,8,"OH"
6117748,10.78967901234568,"SM",659,61805,"659_20231231",0.5972879185412194,2.0290813040325637,567,9.062940797268244,0.8789024182459403,4,"NY"
17459008,8.200567402536404,"SM",6600,276284,"6600_20231231",0.6194350594339993,2.679213222330562,2129,10.237063844740993,1.6679366177396262,4,"OH"
1336528,7.46663687150838,"N",6605,14648,"6605_20231231",0.388480669284846,2.14951657985047,179,8.15853229896312,0.7837700367939666,4,"OH"
1612110,5.840978260869566,"SM",660,30982,"660_20231231",0.17634170164462395,3.0806857377328845,276,10.19242190208597,0.8418660774020108,4,"NY"
531370,6.560123456790124,"N",6616,6255,"6616_20231231",0.05122364712367521,2.321466017962178,81,9.196863466230893,0.6181758655708054,2,"OH"
2288432,6.356755555555556,"N",6623,28545,"6623_20231231",0.010211950186571169,2.669835264552152,360,8.053187633405377,0.7663282444122915,4,"OH"
1397663,5.872533613445378,"N",6636,16633,"6636_20231231",0.19992113203048337,2.45875917947611,238,10.085234204866222,0.7294535912279226,9,"OH"
187191,3.6704117647058823,"N",6637,2736,"6637_20231231",0.5825789798960265,2.6884507234930304,51,7.558944372459772,0.8309562462794,8,"OH"
110194,4.08125925925926,"N",6638,1857,"6638_20231231",1.3051891386004628,3.156808078571033,27,10.4078560676654,0.126808132151934,5,"OH"
290421,4.84035,"N",6646,5736,"6646_20231231",0.6351440227014546,3.6799790385304907,60,6.731333014746503,0.14652342995835288,4,"OH"
9798573,5.523434611048478,"N",6653,177626,"6653_20231231",0.8170108398397922,3.0216872786308713,1774,9.110048103132398,1.4233553899492648,4,"OH"
214374,4.872136363636364,"NM",6659,2964,"6659_20231231",0.18894374352410556,2.7581293233998188,44,7.103500970514396,0.4142663632835389,8,"OH"
333803,4.7686142857142855,"NM",6662,6815,"6662_20231231",0.2514019642991506,3.4706446796835,70,9.104854887493556,1.1839616423405774,4,"OH"
259215,4.628839285714286,"N",6671,4076,"6671_20231231",0.25239544648581214,2.882033143381149,56,8.027268463975659,0.3171195005327927,4,"OH"
213768000,11.429610222958884,"N",6672,2696000,"6672_20231231",0.7023092881678741,2.4731958640491793,18703,9.375450809945507,1.2836722880842697,4,"OH"
83524,3.977333333333333,"N",6680,1303,"6680_20231231",2.324298621017594,3.5600693942460606,21,11.786431056800502,0.9083899571105006,8,"OH"
263766,5.072423076923077,"NM",6700,3429,"6700_20231231",0.5867423662813092,2.34062437571231,52,9.609307776755777,0.6919308161033121,4,"OH"
209664,6.9888,"N",6706,2313,"6706_20231231",0.03912745769343637,2.245022886774721,30,9.148084619782733,0.6155787028407853,8,"OH"
226392,5.957684210526316,"N",6725,2528,"6725_20231231",0.691952080330069,2.1414051503222264,38,6.5108580508474585,0.28081106713503834,8,"OH"
109603,7.306866666666667,"N",6728,1044,"6728_20231231",3.4733955019199128,1.7321955239417068,15,10.026086797891164,1.9617091718713855,8,"OH"
144389,4.657709677419355,"N",6732,1302,"6732_20231231",0.024592582877004297,1.8348347995016465,31,7.82990782990783,0.663468942463189,8,"OH"
651855,6.720154639175258,"NM",6760,7062,"6760_20231231",0.23942067049206847,2.103637324293643,97,9.336747864730075,1.1570986152743556,6,"WV"
144193,5.340481481481482,"N",6762,1474,"6762_20231231",0.5924593487230002,2.1565685368000844,27,9.578397829968784,0.6090437459512433,8,"WV"
187629,4.576317073170731,"N",6786,2847,"6786_20231231",0.19909754040636765,2.7202508734267794,41,12.46307475782712,1.0528475817653744,4,"WV"
83586,6.429692307692307,"N",6787,1030,"6787_20231231",0.8772989825265244,2.5482032086336845,13,12.377052133498264,1.104342215595632,8,"WV"
262278,4.035046153846154,"NM",6794,3723,"6794_20231231",0.13706921995607782,2.7308570401502146,65,9.717062126288758,0.65164268259571,8,"WV"
151889,3.894589743589744,"NM",6800,1999,"6800_20231231",0,2.7946988194426963,39,11.39948908377446,0.3354142019281597,8,"WV"
360724,5.304764705882353,"NM",6803,4959,"6803_20231231",0.274279461939104,2.675788736854386,68,11.618361975967364,0.39777114825864013,4,"WV"
116410,3.880333333333333,"N",6805,1609,"6805_20231231",0.2242417089578662,3.1855329445761944,30,8.083454548640928,0.3011289207074832,4,"WV"
1014461,5.573961538461538,"N",6811,15604,"6811_20231231",0.24297790726889398,2.860082598453095,182,8.821814798865752,1.04792235334972,4,"VA"
345269,5.153268656716418,"SM",6813,4406,"6813_20231231",0.6917156350264969,2.4961614145264672,67,12.598966574292861,0.8943317402534515,8,"VA"
1652052,7.441675675675676,"N",6821,16862,"6821_20231231",0.3286848405931029,1.7539486743472246,222,11.04903907871038,1.0271261193146728,4,"VA"
3088572,8.774352272727272,"N",6837,35847,"6837_20231231",0.2539309285163035,2.0772880770144653,352,10.456744150116895,0.9975341873414352,4,"VA"
1045560,4.545913043478261,"N",6861,16442,"6861_20231231",0.21169029379824486,2.970055999241755,230,9.256908866002835,0.979760594294362,4,"VA"
1467111,5.41369372693727,"SM",6862,24631,"6862_20231231",0.14750218071851495,4.177921796720999,271,10.030628498425582,0.7352061928145585,4,"VA"
491989,5.590784090909091,"N",6863,6935,"6863_20231231",0.4587021169058617,2.666737908698568,88,9.238902201032584,0.37780715342925203,4,"VA"
1635304,6.0566814814814816,"NM",686,11618,"686_20231231",0.4040999443298294,2.1967724760197855,270,8.027376418287188,0.33058717616020467,9,"PA"
1437603,5.34424907063197,"N",6892,25526,"6892_20231231",0.18210048467598514,3.111372312387922,269,9.464576982274291,0.6581055165105875,4,"VA"
321562,5.544172413793103,"SM",6913,4662,"6913_20231231",0.04879228664842864,3.021751128263941,58,10.973654138756132,0.6494285941681247,4,"VA"
1419592,6.572185185185186,"SM",6917,21039,"6917_20231231",0.751678821575565,2.6833849186871492,216,9.308139038897599,0.7730559294954449,4,"VA"
2108527,7.0284233333333335,"N",6947,31725,"6947_20231231",1.5877313988933994,2.3987733437117935,300,10.839487283146351,0.5062488900406671,4,"NY"
289732,8.278057142857143,"N",6954,3411,"6954_20231231",0.21006275224857782,2.3022145999552603,35,9.140363222699047,0.48989635373946755,8,"NY"
821261,6.90135294117647,"N",6959,11639,"6959_20231231",0.1774657941030007,2.450043246975496,119,7.9756655821758295,0.6010030328565649,4,"NY"
13623362,16.008650998824912,"SM",6976,126530,"6976_20231231",0.2698452750462346,1.5559741710374446,851,9.787166270687308,0.7295194975054476,4,"NY"
4873001,7.759555732484077,"N",6985,62003,"6985_20231231",0.387750453652918,2.4086101077523745,628,8.256629732484353,0.964358361085836,4,"NY"
15313982,7.5512731755424065,"N",6989,197427,"6989_20231231",0.5622853191004218,2.301635376486905,2028,7.701384422870591,0.691012397414739,9,"NY"
2202203,8.373395437262356,"NM",698,23565,"698_20231231",0.4752079385478379,2.0192076844221236,263,8.975485359249197,0.8121963159209581,4,"PA"
170626,4.611513513513514,"N",6990,2790,"6990_20231231",0.9102301400484326,2.7738385551962397,37,23.6017955857544,1.303809044160526,4,"NY"
545564,6.653219512195122,"N",7018,6735,"7018_20231231",0.17945811395977557,2.351764791204546,82,8.134629672646543,0.2295962750540829,8,"NY"
371450,7.903191489361702,"N",7025,3893,"7025_20231231",0.45104781576281067,1.9278614548051278,47,9.910540726961102,0.5163583272322823,2,"NY"
211643,5.42674358974359,"N",7031,2703,"7031_20231231",1.8376537918211124,1.887265040956924,39,11.665532846283535,1.111850017192657,7,"NY"
4234793,14.70414236111111,"N",7072,36594,"7072_20231231",0.0324193119347402,1.4660977337351526,288,10.125916045812332,0.6515175809767928,4,"NY"
3274507,6.821889583333333,"N",7074,42904,"7074_20231231",0.8325357801757823,2.408818089714929,480,9.161242509307678,0.8953480481784707,6,"NY"
201630,5.760857142857143,"N",7085,3170,"7085_20231231",2.2341394949357407,2.688601191301264,35,14.43105896705203,0.9779338733159797,8,"NY"
98099,3.6332962962962965,"NM",70,1862,"70_20231231",0.9482899838008044,3.1141594890822333,27,12.39924771628157,0.6440577092355171,4,"AL"
680314,6.020477876106194,"NM",7123,9881,"7123_20231231",0.687153247581965,2.31484379754347,113,11.947933870879659,1.6489258396841098,8,"NY"
3063581,7.346717026378897,"SM",713,51105,"713_20231231",1.1107451015112435,2.6632747395841982,417,9.508324340086622,1.3225539858552948,4,"PA"
1848189,8.40085909090909,"N",7151,21517,"7151_20231231",0.2554747172877028,2.1199940005611957,220,8.901854349839917,0.9990175810114715,4,"NY"
1684710000,9.028456591639872,"N",7213,21390000,"7213_20231231",0.8176867604823495,2.3133134963901925,186600,8.954589828808077,0.6547246393123194,1,"SD"
13217864,7.905421052631579,"N",7230,152973,"7230_20231231",0.392310653190919,2.4170905488509393,1672,9.163293264911935,0.9462256815633608,4,"NY"
149223,,"NM",7274,0,"7274_20231231",0,0.06545861945253935,0,11.286749838545155,0.6010863613189912,7,"NY"
575625,7.0198170731707314,"SM",72,7376,"72_20231231",0.10064423071748034,2.6291357131451134,82,10.249752550108603,1.8777017354698036,4,"AL"
473377,6.667281690140845,"N",7356,6740,"7356_20231231",0.002812007898617742,2.5376238048278523,71,10.13157564133703,0.6928782746644943,4,"NY"
234878,4.793428571428572,"SM",737,3878,"737_20231231",0,2.8605381098914235,49,8.340911494131332,0.8785090922834468,4,"OH"
1414064,6.577041860465116,"NM",7404,15964,"7404_20231231",0.6062049572045423,2.1767538512000617,215,10.377835492355615,0.5012212867256974,4,"PA"
11410200,7.735728813559323,"NM",7468,148220,"7468_20231231",0.5435082173001595,2.4024934324263985,1475,9.235423644350709,1.4995453232273992,4,"PA"
1859437,8.77092924528302,"NM",7472,20234,"7472_20231231",0.4405600422858969,1.97736715346624,212,8.757042588730126,0.8841890147696723,4,"PA"
1997990,6.819078498293515,"N",7493,30152,"7493_20231231",0.24110024036517866,2.6702217958673717,293,9.35496148220769,0.7475406196376554,9,"PA"
2397993,6.624290055248618,"NM",7506,35114,"7506_20231231",0.25628459197134623,2.3980710466815998,362,11.12249233632695,1.3290960872034316,4,"PA"
3741927,9.71929090909091,"NM",7514,35156,"7514_20231231",0.17360508072039793,1.7513813864773908,385,9.342781971786295,0.8501901300347445,4,"PA"
963310,6.296143790849674,"N",7526,13870,"7526_20231231",0.16506031878171132,2.515913464588576,153,13.559423398365396,1.3303867870662127,4,"PA"
1378660,5.8417796610169495,"SM",7542,19483,"7542_20231231",1.1920250462008415,2.671503845313871,236,8.779770659960937,-0.018533062167452,4,"PA"
27432801,8.023632933606317,"N",7551,370579,"7551_20231231",0.7216046972007683,2.4835730365010362,3419,9.624854484339211,1.1377461492764953,4,"PA"
644872,9.770787878787878,"NM",7586,6542,"7586_20231231",0.15752400388394527,2.0181372419968495,66,8.315640424629809,1.1686934127613855,4,"PA"
200349,8.01396,"N",7590,2757,"7590_20231231",0.7603831133662097,2.268566504243262,25,14.535686285826973,1.3785140442633563,4,"PA"
2970565,7.407892768079801,"SM",7593,35469,"7593_20231231",0.5625239403688311,2.332082524159783,401,8.537905006285609,0.780020663477404,4,"PA"
248234,5.772883720930233,"SM",7599,3350,"7599_20231231",0.048395564013386703,2.24966372278417,43,9.098639124109228,0.6079727522901816,8,"PA"
706281,5.695814516129032,"NM",7613,9531,"7613_20231231",1.546288125514495,2.5560870528269364,124,8.115579642246974,0.22135978314987154,4,"PA"
870922,6.311028985507247,"NM",7614,10808,"7614_20231231",0.9425307483526648,2.3375335711491276,138,8.171294767918958,0.7860993380389965,4,"PA"
162429,6.015888888888889,"NM",7631,2089,"7631_20231231",0.03673155908772164,2.490907653879882,27,9.673007349140919,0.22268250242441656,5,"PA"
722596,8.211318181818182,"SM",763,8358,"763_20231231",1.050206614545088,2.0935806512830966,88,9.500771792996995,1.3530325500973481,4,"OH"
455437,8.930137254901961,"N",7646,4375,"7646_20231231",0.06899684585847504,1.6446169703994973,51,17.0424515909688,0.652684313364823,8,"PA"
1136963,8.952464566929134,"N",7658,13292,"7658_20231231",0.5720367167753093,1.874463795613231,127,11.6822916012763,1.349767372355003,9,"PA"
631440,9.86625,"SM",7659,7007,"7659_20231231",0.5439224651180158,1.9923901544649556,64,10.354908306364617,0.5130856670668787,4,"PA"
667962,6.301528301886792,"N",7666,10230,"7666_20231231",0.5995812005583993,2.6073658269847177,106,9.715552271887699,0.30511885409272704,8,"PA"
916227,6.498063829787234,"SM",7675,12374,"7675_20231231",0.551597161931563,2.498900801641017,141,12.82484518749804,1.0748188389666984,4,"PA"
425258,4.888022988505747,"NM",769,5670,"769_20231231",1.5064056427234778,2.7978322554357673,87,9.250446302734192,0.5509471884063082,8,"OH"
1694357,8.514356783919597,"NM",7714,18921,"7714_20231231",0.17731760507896116,2.037943537395641,199,8.179421458580066,0.5678414951608058,4,"PA"
7762404,8.871318857142859,"SM",7759,104006,"7759_20231231",0.32013188929191433,2.6113656365889577,875,9.450098555958917,1.0621360389089316,4,"PA"
191573,10.642944444444446,"N",7789,1472,"7789_20231231",1.694742512703289,1.5686075599653793,18,17.49461540101934,1.5146478915799173,2,"PA"
2501822,6.192628712871287,"SM",7799,43842,"7799_20231231",0.9934971293682879,2.964470557224079,404,10.318525787527468,1.050310970034877,4,"PA"
208587,9.069,"NM",77,2913,"77_20231231",0,2.0042625520191217,23,19.035452240230626,1.2083442447210953,4,"AL"
1454202,7.818290322580645,"NM",7848,21903,"7848_20231231",0.20181989128202912,2.736184624428085,186,10.190973453838623,1.6269167903713502,4,"PA"
350917,5.4830781250000005,"N",7886,4072,"7886_20231231",0.7562369217091497,2.167247736251698,64,8.57855636169769,0.3662795186072813,5,"PA"
46035934,11.426143956316704,"N",7888,446202,"7888_20231231",0.36075324266431946,1.975324633125311,4029,8.710457575544702,1.1250131433798662,4,"PA"
2246265,8.444605263157895,"N",7900,23574,"7900_20231231",0.5897082416658238,1.8717049385918985,266,8.880622487986118,1.0280149476769225,4,"PA"
401364,5.281105263157895,"NM",7909,5702,"7909_20231231",1.0682291510966289,2.6368889061786587,76,6.979943627403983,0.3360414572272715,4,"PA"
529562,7.355027777777778,"NM",7910,8077,"7910_20231231",0,2.671218571834625,72,7.196975943505993,0.018269673457472237,8,"PA"
30681000,19.90979883192732,"N",7946,398000,"7946_20231231",0.05305321237200913,2.6785259836107294,1541,8.097236796082546,0.674403216776098,9,"PA"
1297558,7.168828729281768,"NM",8011,18169,"8011_20231231",0.10822295067027031,2.2273009458192843,181,16.17591031109201,1.0412228700807051,4,"CA"
1052155,9.149173913043478,"SM",8018,18412,"8018_20231231",0.039302120734534915,2.7198256322433823,115,12.183549540814639,-0.18288466909963413,4,"FL"
2127636,5.845153846153846,"NM",8021,32258,"8021_20231231",0.0834614083961312,2.398058766418864,364,10.037360504157022,1.6276120000507537,4,"FL"
168675,6.024107142857143,"NM",8028,2353,"8028_20231231",0.5199203779078404,2.6594350833358726,28,9.563478042149013,1.2035711021054878,4,"GA"
741413,8.237922222222222,"SM",8033,9857,"8033_20231231",0.49413980239773153,2.595584640811173,90,11.882734358832863,2.0755260649430207,4,"GA"
316917,7.922925000000001,"NM",8035,3646,"8035_20231231",0.03130459796858541,2.03798165577029,40,8.02179702598774,0.4936725750002566,2,"IN"
17686314,7.600478727975935,"NM",803,221143,"803_20231231",0.3126092000734905,2.1634605205550184,2327,9.92964552674346,1.0079708626285493,4,"WV"
16635872,28.583972508591064,"NM",8056,104535,"8056_20231231",0.6136635033882689,1.1256060268043337,582,10.053913161775489,1.8412873008294712,4,"IN"
605463,6.510354838709677,"NM",8063,8970,"8063_20231231",0.004153620671581125,2.5867890966555533,93,8.527646175789897,1.4633186221747407,4,"IN"
125772,10.481,"NM",8067,1032,"8067_20231231",0.5387022701068684,1.7487077753142184,12,10.044145704774602,1.1489301821127273,8,"IN"
350376,9.732666666666667,"SM",8074,3295,"8074_20231231",0.33755050972772943,1.848807807793427,36,10.007901969100978,1.4100264825181859,5,"IN"
267719,9.915518518518518,"NM",8083,2942,"8083_20231231",0.8565032826938563,1.939384158646817,27,9.72742510658882,0.6515212281674477,4,"IA"
437590,8.256415094339623,"NM",8094,4767,"8094_20231231",0.08314711843267682,1.796081815670454,53,9.001300383747896,1.307279074174275,2,"IA"
721449,8.798158536585367,"SM",8101,6738,"8101_20231231",0.5130881894671236,1.6578711864086189,82,9.76830641444981,1.4279355802002391,2,"IA"
52536,2.7650526315789477,"SM",8108,1578,"8108_20231231",2.046875702910612,4.962552744580297,19,16.727245047479496,2.994290736692352,4,"KS"
59026,8.432285714285715,"NM",8110,717,"8110_20231231",0,1.862483713174338,7,7.800413167061236,0.9795871785036093,7,"KS"
325993,5.620568965517242,"SM",8117,3868,"8117_20231231",1.6312137222019074,2.8374801619601246,58,8.433585706101846,0.6414326583265287,4,"KY"
237741,7.204272727272728,"NM",8118,2695,"8118_20231231",0,1.9510645490637097,33,12.522490857205023,1.0456075141042345,4,"KY"
478230,1.8322988505747126,"NM",8120,23973,"8120_20231231",0.018203120345793092,8.877023600546128,261,10.647167448474944,-0.14473287586219125,4,"KY"
71125,5.927083333333333,"NM",8121,599,"8121_20231231",0.21481508001861732,1.7197211850208425,12,15.122583188993566,1.2422591103766518,7,"KY"
226113,4.52226,"NM",8122,3453,"8122_20231231",24.070945945945947,3.049769083971116,50,9.902177847744282,-3.907976006523237,8,"KY"
155896,5.5677142857142865,"NM",8126,1504,"8126_20231231",0.5613660618996799,2.553261256409812,28,15.728983223653723,-0.2792525362661737,7,"KY"
3721922,8.990149758454105,"SM",8136,43113,"8136_20231231",0.12290577637301431,1.9401460414704284,414,7.402101254336192,0.5418737042736209,9,"KY"
142835,3.8604054054054058,"NM",8140,2454,"8140_20231231",0.38516936123383666,2.8724828490368406,37,11.215792484665908,0.9447770201372077,8,"LA"
1289822,3.5828388888888894,"NM",8141,22573,"8141_20231231",0.29939881513664923,3.026154824227879,360,10.23465238552048,2.753791538518247,4,"LA"
73727,8.19188888888889,"SM",8144,618,"8144_20231231",4.401632509764339,1.5935084020190404,9,20.924985155373754,0.9290141205034822,2,"LA"
1446858,6.606657534246575,"NM",8149,20114,"8149_20231231",0.7300385633807822,2.3422996758534262,219,11.843053445173298,0.8135777426798947,4,"LA"
5417297,13.310312039312041,"NM",8152,69972,"8152_20231231",0.41195620388587073,2.096202474824765,407,8.501501472619486,0.6235010924431412,4,"MA"
351592,3.2859065420560745,"NM",8162,9046,"8162_20231231",0.3379350820726187,3.8557138932995665,107,9.514208127515102,1.0018937998155333,4,"MI"
377223,4.96346052631579,"NM",8165,5626,"8165_20231231",0.008897466959598655,2.695323992496117,76,9.12782160657239,1.3468711147948613,4,"MI"
442755,5.676346153846154,"NM",8172,6230,"8172_20231231",0.3205945849213934,2.826620894010221,78,11.126453256161076,1.0807262517186582,4,"MI"
230931,6.997909090909091,"SM",8183,3980,"8183_20231231",0.37633957301547327,3.268819438686158,33,10.698752355520625,1.627416523722418,4,"MI"
326584,7.099652173913044,"NM",8188,4953,"8188_20231231",0.006468261263285468,2.419374083903454,46,9.924521163972736,1.3878823427453946,4,"MN"
81434,6.264153846153846,"NM",8191,920,"8191_20231231",0,2.3067637918309214,13,10.213090770307232,0.7010389693739771,8,"MN"
138319,10.639923076923079,"NM",8193,1744,"8193_20231231",0.016557490712282553,1.9530677874359221,13,12.667081876107892,1.1889069315757634,4,"MN"
64717,4.314466666666666,"NM",8197,1435,"8197_20231231",0.8918302317250222,3.6979905922650125,15,10.609686780147785,1.0586634447324894,4,"WA"
155755,4.209594594594594,"SM",81,2283,"81_20231231",1.3963569671960319,2.46274578121236,37,13.734231068032997,0.051718341909958374,8,"AR"
594391,6.256747368421053,"NM",8200,9347,"8200_20231231",0.06155566555780975,2.319790094446512,95,8.63257765635011,0.42059392669236695,2,"MN"
170018,5.484451612903226,"NM",8205,3095,"8205_20231231",0.049284970468763664,2.9393892629101646,31,10.912267195688864,0.8355195894982542,4,"MN"
122082,7.6301250000000005,"NM",8207,1372,"8207_20231231",0.1226378281955516,1.8247007928358612,16,7.801977596005387,0.8921507566448399,2,"MN"
159790,7.263181818181818,"NM",8210,2807,"8210_20231231",0.006394407025321852,2.7998090742060557,22,9.550843212556353,0.6813173879782136,2,"MN"
187219,8.13995652173913,"NM",8214,2063,"8214_20231231",0,1.6880527936964362,23,9.393514316362737,0.4893721861099299,7,"MN"
24882,4.9764,"NM",8218,475,"8218_20231231",0,4.203517372196679,5,16.06580886746604,0.5659331652446783,4,"MN"
306375,4.941532258064516,"SM",8231,4334,"8231_20231231",0.14533613078066265,3.1390497000449136,62,10.928715312227535,1.4262777995427829,4,"MS"
525852,6.3355662650602405,"NM",8232,7108,"8232_20231231",1.7442548889232985,2.6389201385858447,83,13.485243880213888,2.0762254173869668,4,"MS"
395098,7.454679245283019,"NM",8234,4347,"8234_20231231",3.7888131412384967,2.1465438601954197,53,11.515911306968556,0.9260001337442311,7,"MS"
2032400,8.001574803149607,"NM",8235,23528,"8235_20231231",0.5214762706555253,2.1124045345382942,254,9.968221922769109,0.9133445146687955,4,"MS"
554133,6.757719512195123,"SM",823,7663,"823_20231231",0.030525514572959943,2.212257643778919,82,12.858354507893829,1.6111026131702872,8,"VA"
203466,6.56341935483871,"NM",8243,2878,"8243_20231231",0.8311170212765957,3.7631433314886555,31,11.81323345817728,0.8347599418667797,2,"MS"
190748,4.541619047619047,"NM",8250,2867,"8250_20231231",0.13479251580602716,2.7985698055202834,42,16.11795094375576,0.5189885049789481,4,"MS"
177039,5.710935483870968,"SM",8251,2520,"8251_20231231",0.2060826733451007,2.2518945148844876,31,11.49283597930394,1.8202766037770597,2,"MO"
1511465,7.595301507537688,"SM",8252,17030,"8252_20231231",0.5029425619253286,2.0618993246360384,199,8.597807548746959,1.1525983794533645,4,"MO"
1322032,6.51247290640394,"SM",8255,16970,"8255_20231231",0.021787351074149253,2.561708384318718,203,7.433641446643992,0.7578428263317942,4,"MO"
74497,8.277444444444445,"NM",8268,543,"8268_20231231",0,1.5902813162058513,9,17.124652076625008,0.8246399742551422,7,"MO"
43729953,15.701957989228008,"N",8273,416256,"8273_20231231",0.0704278707803251,2.151722435252206,2785,8.516582598398738,0.8531110990650435,4,"MO"
222229,4.629770833333334,"SM",8274,3218,"8274_20231231",3.087958558721209,2.6466137807496746,48,10.37708033766222,1.2781072330577776,2,"MO"
115694,5.7847,"NM",8276,1620,"8276_20231231",0.7420003091667955,2.7701615927595777,20,8.29039365707247,-0.1883443200853383,2,"MO"
257634,9.909,"NM",8282,2855,"8282_20231231",0.45242387573160797,2.0833802000144974,26,8.530219294627813,1.4093331766944701,4,"MO"
935184,5.956585987261146,"NM",8283,18105,"8283_20231231",2.262539002434533,12.859739325667965,157,10.011464600004023,1.7679590230058218,4,"MO"
278904,5.070981818181818,"NM",8295,4118,"8295_20231231",0.26494382340856604,2.630605389093632,55,9.32723657762641,0.9125982476029408,4,"MO"
262778,4.171079365079366,"SM",8296,4189,"8296_20231231",1.5424103989073612,2.909722565165008,63,9.491739988520118,3.2424750514022245,2,"MO"
153487,8.527055555555556,"NM",8317,1334,"8317_20231231",1.6010385114668975,1.5798005690165133,18,10.420002463357557,1.2135174839562766,2,"MT"
541445,5.256747572815534,"NM",8321,7284,"8321_20231231",0.3839250804358374,2.410194741686916,103,9.892312063570317,1.4390662671601808,2,"CO"
281379,6.862902439024391,"NM",8322,3618,"8322_20231231",0.146769466447124,2.3348408120258917,41,11.551013208088024,1.6951736017592514,2,"NE"
44364,7.394000000000001,"NM",8323,590,"8323_20231231",0,1.947683188699001,6,9.897391064280127,1.0803208575129994,2,"NE"
75729,9.466125,"NM",8333,1256,"8333_20231231",0,2.628009036567834,8,9.199169229109348,0.29049971355377086,2,"NE"
88313,5.5195625,"NM",8383,1248,"8383_20231231",1.258836060811465,2.2333717449498383,16,11.0797873564541,0.8358427189183526,2,"ND"
464330,7.143538461538461,"NM",8386,5252,"8386_20231231",0.019100793417572728,1.921319370317652,65,11.06177202241183,1.4474049122304773,2,"ND"
581600,6.7627906976744185,"NM",8387,9877,"8387_20231231",0.2042545122521791,2.7522079860679187,86,9.41602279716564,1.9484625545702794,2,"ND"
110361,7.882928571428572,"NM",8390,1347,"8390_20231231",0.2136576546963596,2.41707766344933,14,9.690827208594015,0.9617596397838848,2,"ND"
57735,4.123928571428571,"NM",8397,724,"8397_20231231",0.002907822041291073,3.157177071132633,14,12.801474551809283,0.4300473751376676,8,"OH"
85049,9.44988888888889,"SM",8403,824,"8403_20231231",0.0914036026395577,1.9170676977570074,9,22.052916725047872,1.2587276419371887,2,"OH"
1835344,6.200486486486486,"NM",8405,30282,"8405_20231231",0.012090378762931536,2.8925668150467962,296,9.170009888326975,0.8865233131395139,4,"PA"
583400,6.014432989690722,"NM",8421,7940,"8421_20231231",0.20807324178110698,2.457853799317214,97,8.439359267734554,0.39400978425368666,4,"PA"
1361865,6.3937323943661974,"NM",8426,16499,"8426_20231231",0.9934274295622701,2.1878967546408727,213,9.025129594347286,0.28837990990952156,5,"PA"
1532829,7.096430555555555,"NM",8432,19914,"8432_20231231",0.008942925418081763,2.268565517159927,216,7.48079054206648,1.3178831625008522,4,"TN"
707851,4.480069620253165,"NM",8439,12101,"8439_20231231",0.27474730569821726,3.0926434911719705,158,11.398784114414719,2.2314553089048426,4,"TN"
358407,5.194304347826087,"SM",845,4832,"845_20231231",2.767005163382576,2.6016018175261286,69,14.094543960292185,1.1537902008096597,8,"WV"
3367559,8.93251724137931,"NM",8468,41198,"8468_20231231",0.2633133460171897,2.5804440452306285,377,10.52243588917129,0.6028608934760266,4,"CA"
75369,4.7105625,"SM",847,1059,"847_20231231",0.34284508676617964,2.717966819625838,16,9.881756756756758,0.43534533474526416,8,"WV"
165670,5.0203030303030305,"NM",8487,1844,"8487_20231231",3.7311335445009077,2.5112071163803136,33,16.668601986249048,1.9500813663134837,2,"IL"
213203,4.634847826086957,"NM",8491,2817,"8491_20231231",0.33177205308352853,2.4835785502151646,46,12.484504453623444,0.9692822292260137,2,"IL"
96471,6.4314,"NM",8499,1455,"8499_20231231",0.00730823199251637,2.6083874676382743,15,10.417931201924668,0.616979802825789,2,"IA"
78189,8.687666666666667,"NM",8503,947,"8503_20231231",0.18274682535963638,2.0227502432930216,9,12.610421200870567,0.7037401442868365,2,"IA"
315063,24.235615384615382,"NM",8506,1289,"8506_20231231",0.010542128982948106,0.6705726852315657,13,15.956960853023627,0.9992340928848199,2,"IA"
67730,6.773000000000001,"NM",8507,762,"8507_20231231",1.9119351100811124,1.7048534824664021,10,11.987532965715655,1.5807344423203127,2,"IA"
137957,7.6642777777777775,"NM",8510,1691,"8510_20231231",0.061016392288466725,1.9823426946785467,18,8.832730939954507,1.189841456168362,2,"IA"
269304,7.694400000000001,"NM",8511,2952,"8511_20231231",0.35740663268204753,1.7610525817932439,35,8.488132662108788,1.659069679448524,2,"IA"
82822,11.831714285714286,"NM",8513,788,"8513_20231231",0.40062883513362746,1.3664176583205074,7,13.23878255412614,1.534091620055808,2,"IA"
99838,9.9838,"NM",8519,800,"8519_20231231",0.005383869925702595,1.5383791885237128,10,10.509840323106244,1.373514612996467,2,"IA"
124946,8.924714285714286,"NM",8522,876,"8522_20231231",0,1.211127422056038,14,15.181215398480752,1.4846847649235868,2,"IA"
686464,5.817491525423729,"NM",8527,10133,"8527_20231231",2.9568016446211693,2.499517694302312,118,10.379650123497832,1.3072045026692536,4,"LA"
291771,7.116365853658537,"NM",8531,3420,"8531_20231231",0.7065446640059704,2.3099680360464303,41,10.014283281610014,0.7560398453058088,4,"LA"
114571,4.2433703703703705,"NM",8532,2101,"8532_20231231",2.014673343426109,3.2297130112042374,27,13.12073544798476,0.8477234313195908,4,"LA"
176174,7.04696,"NM",8533,2178,"8533_20231231",1.8966267572135578,2.862517887210137,25,13.27951530299142,2.3354940932707975,2,"LA"
283512,5.452153846153847,"NM",8534,3073,"8534_20231231",0.1051419416211886,2.1231317918050068,52,10.78484112771364,0.47149429914131746,7,"LA"
85165,6.551153846153847,"NM",8535,1194,"8535_20231231",0,2.2594197781574414,13,9.279998105881239,0.8909720362739361,4,"MN"
414561,14.295206896551726,"NM",8536,3032,"8536_20231231",0.018382111579417285,1.5035473353914492,29,7.361862556335982,0.7625196002866367,2,"MN"
375627,6.157819672131148,"NM",8537,7497,"8537_20231231",0.0976746577103004,3.0712472130146917,61,9.004263401950837,0.42943946625522433,4,"MN"
138710,8.159411764705883,"NM",8541,2707,"8541_20231231",1.3358360408944956,2.870934996889697,17,10.48644984453057,0.5792107662278752,2,"MN"
326994,6.41164705882353,"NM",8544,5219,"8544_20231231",0.14926569293342148,2.637820631912706,51,10.119194918749484,0.7601654714574122,4,"MN"
319317,8.40307894736842,"NM",8546,3722,"8546_20231231",0,2.0306148095251397,38,9.047604741446936,0.7712878778811925,4,"MN"
363073,3.076889830508475,"SM",8552,8009,"8552_20231231",0.5380761253131482,3.6193334896457756,118,9.193980897844064,1.2597160717208673,8,"MS"
117292,5.099652173913044,"NM",855,1775,"855_20231231",1.0535331905781586,3.4691640363643237,23,11.588540466822089,2.425863274679166,4,"AL"
167534,5.076787878787878,"NM",8560,2963,"8560_20231231",2.713007772400645,2.8926991690508044,33,10.449091490251039,1.7209729233593392,4,"MO"
111590,7.970714285714286,"NM",8564,1723,"8564_20231231",0,2.100090713977586,14,20.3285475674331,1.9962400742753978,4,"MO"
257801,7.812151515151514,"NM",8569,3329,"8569_20231231",0,2.0354308076764367,33,9.6992002656557,1.2626031728867897,2,"MO"
125227,5.00908,"NM",8572,1949,"8572_20231231",0.16969820140229652,3.004006969491393,25,10.714402994877185,0.6377312385814384,4,"MO"
584848,4.03343448275862,"NM",8576,9935,"8576_20231231",0.2830155075659695,2.890340482108792,145,15.04979108512533,0.52008716988307,2,"MO"
66327,3.490894736842105,"SM",8584,1315,"8584_20231231",0.697729735444142,3.9833290303544424,19,8.67117117117117,0.5931963756623514,8,"MO"
54001,7.714428571428571,"NM",8594,585,"8594_20231231",0.021403346056433487,1.7878962795265259,7,14.196106705118961,1.6267232396530655,2,"MO"
189493,4.511738095238095,"SM",8595,4125,"8595_20231231",2.8647983098039767,3.566908174979291,42,9.982254488967039,0.7306222168024188,4,"NE"
47077,7.846166666666666,"NM",8604,766,"8604_20231231",0,2.4198914665244904,6,11.974598050251684,0.6137555640971594,2,"NE"
371675,6.5206140350877195,"NM",861,4021,"861_20231231",0.3784195419131861,1.9208224168694599,57,9.120027438636477,0.4858260523398063,8,"AL"
70499,6.409,"NM",8632,1493,"8632_20231231",0.6896277600015899,2.867706710914246,11,12.139429861699124,0.8791096964951508,2,"ND"
399567,11.4162,"SM",8637,3980,"8637_20231231",2.0038261954808196,1.7474981683213926,35,10.11382105444814,1.2580451272961792,2,"ND"
119752,7.044235294117648,"NM",8640,1718,"8640_20231231",0.27584831666057363,2.457594207777965,17,10.600916149462757,0.6433579953898233,2,"ND"
177094,5.208647058823529,"NM",8647,2761,"8647_20231231",0,3.2917167900210917,34,8.406488981401873,0.8133009825310199,4,"OH"
1051512,5.364857142857143,"NM",8660,16167,"8660_20231231",0.028840784175410753,3.7365408654159347,196,11.758041485411349,0.30771400301812635,9,"TN"
54489,2.4767727272727273,"SM",8661,1050,"8661_20231231",0.2840497376887627,3.79256196704367,22,11.021761430246189,-0.17094356874515496,8,"TN"
12589424,7.912900062853552,"NM",8663,202209,"8663_20231231",0.8668904452321132,2.529449234629161,1591,11.06170827784289,0.961943931180223,4,"TN"
1292744,8.561218543046357,"SM",8668,21711,"8668_20231231",0.7858252622960576,2.9346090091929447,151,8.126017475290286,0.24772775751320084,4,"VA"
59089,5.9089,"NM",8672,719,"8672_20231231",0.38175383843731714,2.477403804768873,10,9.550721964144964,0.43040371868812943,8,"VA"
67276,13.4552,"NM",8681,691,"8681_20231231",2.602293711730975,1.6857180472001052,5,9.130476702064653,-2.8362420794147787,2,"WA"
141366,6.1463478260869575,"NM",8693,2462,"8693_20231231",0.04621948328987912,3.21241203668702,23,16.29245263253462,1.0124953488958166,2,"WI"
321019,8.447868421052632,"NM",8695,3942,"8695_20231231",0.03790398999979838,2.916925511357681,38,13.24465552431816,1.9584352179595679,4,"WI"
972018,8.601929203539823,"NM",8698,10800,"8698_20231231",0.14039959351634332,2.0508566087067734,113,8.800393261468976,0.36770354703558195,4,"WI"
128488,8.0305,"NM",8700,1897,"8700_20231231",0.15926102882624624,2.6845235035045327,16,10.820317205380446,0.2510582146590578,4,"WI"
614880,4.423597122302159,"NM",8714,10824,"8714_20231231",4.488978887008909,3.047288742890489,139,9.515507343015598,0.9447259000290121,2,"WI"
332905,8.119634146341465,"SM",8718,7012,"8718_20231231",0,7.647066207624668,41,10.052743721401376,1.4984272460056804,4,"WY"
46186,2.886625,"SM",8725,1194,"8725_20231231",0.4143690434450005,4.627960595263048,16,11.698735098345567,0.8404946552085516,4,"WY"
27645540,4.355,"SM",8728,634366,"8728_20231231",0.7029959649599632,4.477342052145201,6348,8.100265026600908,0.0007959692999063078,4,"AR"
264373,5.395367346938776,"NM",872,3370,"872_20231231",1.265979662529357,2.450042525240163,49,17.9125417432371,4.583275884238396,4,"GA"
157649,6.568708333333333,"SM",8730,2177,"8730_20231231",1.1790142224924833,2.7247859755457373,24,8.739642726285139,1.0094690036973664,4,"AR"
236498,5.6309047619047625,"SM",8735,4125,"8735_20231231",0.31479814490190194,2.9834488806072397,42,10.415592704421043,1.2005727125750143,4,"AR"
521498,5.926113636363637,"SM",8738,6335,"8738_20231231",0.42702210152048453,1.8759373953671838,88,11.71025440585745,1.4520550458435069,4,"AR"
59685757,12.935794755093195,"SM",873,666752,"873_20231231",0.6747549511752444,2.003930214253874,4614,9.205439517687122,0.9082019323811061,4,"GA"
781475,7.372405660377359,"NM",8745,10212,"8745_20231231",0.24246605048416373,2.5801178047919393,106,11.607148434327975,1.2393863184820382,4,"IN"
254682,7.276628571428572,"NM",8751,2664,"8751_20231231",0.012237300580305675,2.256024530427983,35,9.622547850863992,0.7866556739607523,2,"IA"
249281,6.232025,"NM",8752,3857,"8752_20231231",1.1722933488572584,2.4126616483304377,40,10.776244091386554,1.143580911766582,2,"IA"
147218,8.178777777777777,"NM",8760,1774,"8760_20231231",0.08687325389695646,2.1455808101801814,18,11.862396204033216,1.2110026658685686,2,"IA"
370970,6.287627118644068,"NM",8761,4822,"8761_20231231",0.06578894905144297,2.312592291212807,59,9.02348713306467,0.40083105272710423,2,"IA"
136108,6.805400000000001,"NM",8762,1770,"8762_20231231",1.4431764146457442,2.2974534879385553,20,9.667445223000778,1.5010626002013348,8,"KY"
149322,6.7873636363636365,"NM",876,2048,"876_20231231",2.900883622165902,2.6718237459553684,22,18.20870151581136,1.56355292689311,2,"GA"
413801,10.09270731707317,"SM",8772,4164,"8772_20231231",0.11689616408785512,1.7393038633704936,41,15.53244617835696,1.0255615911491909,8,"KY"
1485066,6.086336065573771,"NM",8774,17825,"8774_20231231",0.34991735775344823,2.244036927189941,244,10.418323354812692,1.0308840525223832,4,"KY"
196960,5.968484848484849,"NM",8775,2460,"8775_20231231",0.40839195667060946,2.5459098497495827,33,9.561114619596136,1.9557167929455075,2,"KY"
207971,4.621577777777778,"NM",877,1614,"877_20231231",1.816084339413599,3.0445779620697113,45,12.151092876847988,2.4681955375024685,8,"GA"
544878,5.735557894736843,"NM",8785,8509,"8785_20231231",0.31407943066507293,3.0253686356952874,95,9.312506902813814,0.7684729731102166,4,"KY"
485978,3.65396992481203,"NM",8798,7897,"8798_20231231",0.86923370186809,3.073386066347876,133,13.34536710309974,2.0127430996243736,4,"LA"
68011,4.534066666666666,"NM",8799,1002,"8799_20231231",2.6665489382367227,2.639051696578009,15,21.052266980707284,0.7992377465883518,7,"LA"
170761,4.615162162162162,"NM",879,3835,"879_20231231",0.10252575205654597,3.2422134145304233,37,15.079378829617053,2.779526085699219,8,"GA"
723838,5.567984615384615,"NM",8811,11832,"8811_20231231",0.21976021429871784,2.518075246973937,130,11.581114594544008,1.727316118210324,4,"MD"
679215,7.07515625,"NM",8816,8288,"8816_20231231",0.3961530305050951,2.0286599523766484,96,11.370770087631307,0.9149788332426998,4,"MD"
198976,9.9488,"NM",8821,2255,"8821_20231231",0,1.8022225851517666,20,10.544002160634895,1.6877957543484794,2,"MN"
60881,5.534636363636364,"NM",8822,908,"8822_20231231",0.04967956679417755,2.4016619039466924,11,10.282064045130248,1.3152349974320818,2,"MN"
227679,6.505114285714286,"NM",8824,2946,"8824_20231231",0,2.2701020125682945,35,12.437363600627155,1.372431087638111,2,"MN"
161895,10.793000000000001,"NM",8831,1469,"8831_20231231",0.30339069440062133,1.843686538515036,15,10.563089318124806,0.4965643864578407,4,"MN"
94300,5.238888888888889,"NM",8833,1721,"8833_20231231",1.677380134865866,2.8948719411328505,18,11.15663410022061,1.2790529304133778,2,"MN"
64185,7.131666666666667,"NM",8840,795,"8840_20231231",0.22891480077258747,2.022339912721747,9,10.69446074896443,1.5211443858120166,2,"MN"
125459,10.454916666666668,"SM",8842,1192,"8842_20231231",0,1.9258026506371995,12,7.626638520461619,1.0416876893007343,4,"MN"
549685,9.477327586206897,"N",8843,6387,"8843_20231231",0,1.9358101824900844,58,10.805374453078722,0.9949330990653978,4,"MN"
65676,8.2095,"NM",8845,546,"8845_20231231",1.8492234906921732,1.795866167408449,8,11.104683027830218,2.1808082511222175,2,"MN"
81032,7.366545454545454,"NM",8848,1033,"8848_20231231",0,2.7259089412252564,11,7.858814599278892,0.8915612689197595,2,"MN"
484736,3.877888,"SM",8850,12531,"8850_20231231",0.23077164596175784,4.550821853007117,125,9.034025235224888,0.9440570847553472,4,"MN"
1213096,7.928732026143791,"NM",8851,15375,"8851_20231231",0.34575847131506804,2.223925312993674,153,9.865741302970726,1.3648890342605415,4,"MN"
545027,8.257984848484849,"NM",8853,7118,"8853_20231231",3.409800998630751,2.2069735436496094,66,8.49241604886063,1.1031018121974459,4,"MN"
47599,4.7599,"NM",8857,914,"8857_20231231",0.3624963260507495,3.705127383774318,10,10.444865648344297,0.09823392487240266,4,"MN"
69885,6.9885,"NM",8858,886,"8858_20231231",1.0782018514143346,2.165060666186201,10,11.242638837122623,0.8586096751519249,2,"MN"
147475,4.468939393939394,"NM",8863,2680,"8863_20231231",0.35327645703775873,3.548275914154792,33,9.152611673310846,0.5952699724404421,4,"MN"
100362,6.272625000000001,"NM",8865,1400,"8865_20231231",0.7792505443294243,3.1260017512494325,16,7.944892997568809,0.4679321272517216,6,"MN"
2600240,6.650230179028133,"N",8866,40453,"8866_20231231",0.44313918317144263,2.8290623117935922,391,11.157758282403734,1.122000117075529,4,"MN"
269335,5.496632653061224,"NM",8867,4458,"8867_20231231",0.45401224311675,2.928890205387451,49,9.319293400080557,2.09235747968567,2,"MN"
2723191,5.843757510729614,"SM",8870,41956,"8870_20231231",0.5591318620227138,2.9449274296458534,466,10.450323200816095,1.1700619140193482,4,"MS"
4795332,5.4992339449541285,"NM",8879,72013,"8879_20231231",0.30656263105038467,2.620957230728791,872,8.212450413674873,0.49757620851804796,4,"MS"
2197073,5.2063341232227485,"SM",8888,52102,"8888_20231231",0.8922717076631069,3.8238198159226737,422,9.833013261872638,1.1718881178269556,4,"MO"
1008901,8.62308547008547,"NM",8889,14945,"8889_20231231",0.38445932116357595,2.4830406598811408,117,9.388609425830943,0.9676745293362411,4,"MO"
989522,7.118863309352518,"NM",8892,10991,"8892_20231231",0.29774743723733077,1.8253410088453115,139,8.70035021369789,1.1865303609705775,4,"MO"
42246,5.28075,"NM",8893,606,"8893_20231231",0,2.4428764061547557,8,10.19995506627724,1.1498605390029,4,"MO"
131417,5.25668,"NM",8896,1947,"8896_20231231",0,2.7020984926932337,25,8.574874588041883,1.6813402284325034,4,"MO"
337874,4.7587887323943665,"NM",8898,6030,"8898_20231231",0.37488733439152594,2.862142551292867,71,9.208545091814594,1.148222199271961,4,"MO"
192016,5.0530526315789475,"NM",889,3244,"889_20231231",0.11125777861587781,3.4823108342614697,38,9.506511452619238,1.8205125085578464,4,"GA"
895690,6.684253731343284,"NM",88,13334,"88_20231231",0.20625970102776722,2.585778968856498,134,11.046289399687053,1.3564394863935916,4,"AR"
805690,6.6585950413223145,"SM",8903,10231,"8903_20231231",0.06005357080039601,2.3362522413075033,121,9.968382112440004,1.4361388927156375,4,"MO"
1399000,8.377245508982035,"NM",8904,18873,"8904_20231231",0,2.5730856017595856,167,10.826177137920626,2.1919152113247815,2,"MO"
760885,10.869785714285713,"NM",893,4832,"893_20231231",0.3050481281252853,1.1145861194598932,70,18.459484167358312,1.6908485515122789,4,"TN"
991131,4.444533632286995,"NM",8941,24812,"8941_20231231",0.017963153082240054,3.7801528842854744,223,10.48926698019812,1.8466276360454712,2,"ND"
323706,10.1158125,"NM",8942,3280,"8942_20231231",0.017780330850925605,1.5984710493594905,32,10.321614837942409,1.1041659918120408,2,"ND"
234001,7.090939393939394,"NM",8943,3229,"8943_20231231",1.2384392975249552,2.204259695677642,33,9.207290209715433,1.1072382132980971,2,"ND"
42702,7.117,"NM",8946,678,"8946_20231231",0.4153791601236006,2.7252085397885253,6,8.361753809161616,1.1112500841856123,2,"ND"
106781,3.6821034482758623,"NM",8975,2046,"8975_20231231",0.5513685534901506,3.3683905314367824,29,9.254275940706956,2.179222967083181,4,"OK"
370782,7.566979591836734,"NM",8980,3485,"8980_20231231",4.425835045271247,1.959615086987792,49,14.525552801973546,1.3872071957248073,8,"OK"
253135,4.86798076923077,"NM",898,3914,"898_20231231",0.7235850349458682,2.968754557032169,52,11.936889677992092,0.8170252342112,4,"MS"
92680,5.148888888888889,"NM",899,1146,"899_20231231",0.9447042511691304,2.1190434475983064,18,12.0288225248865,0.9469717970952138,2,"IL"
1132908,5.608455445544555,"SM",89,18538,"89_20231231",0.12109802538861028,2.916796610271142,202,9.554860134240792,0.3617180143817583,4,"AR"
196754,7.870159999999999,"NM",90040,2445,"90040_20231231",0.2838279755661134,2.208448742374998,25,8.758756130604187,0.9501232808722523,4,"CO"
145931,13.266454545454547,"NM",9005,1086,"9005_20231231",1.37291280148423,1.5526277746755142,11,12.114523685580426,1.5320772473064637,2,"SD"
153250,6.965909090909091,"NM",9007,1900,"9007_20231231",0,2.422328186311564,22,9.208803417672968,1.7767372049724124,2,"SD"
994672,8.15304918032787,"SI",90140,9857,"90140_20231231",0.3459500278371329,1.9585891794894468,122,9.463322481288202,0.5164783448893641,5,"MA"
1670354,8.699760416666667,"SI",90141,31265,"90141_20231231",1.2301067452926093,2.989243549096087,192,11.593315888690588,0.6242744434247425,4,"MA"
623949,7.799362500000001,"SI",90146,8279,"90146_20231231",0.1493162498460022,2.5921953298073914,80,12.031794373001889,0.6683773207870524,5,"MA"
1515040,9.528553459119497,"SM",90169,20294,"90169_20231231",0.021907384952421307,2.2591144101483884,159,9.34111824548351,0.2994692647727887,4,"MA"
1608517,10.05323125,"SM",90173,21957,"90173_20231231",0.1592519334273238,2.2388113504043683,160,9.234387255103336,0.584594402362542,4,"MA"
762121,7.0566759259259255,"SI",90175,14507,"90175_20231231",0.45449459943765924,2.894292720376015,108,13.17492262033652,0.81231064254021,4,"MA"
714079,6.8661442307692315,"SI",90181,11311,"90181_20231231",0.2803463283924229,2.540839474545555,104,10.99776948419151,0.45313432074485194,4,"MA"
6301831,12.808599593495936,"NM",90183,69829,"90183_20231231",0.7183655746445687,1.9082236206635974,492,11.905853920642326,0.1114613980143591,4,"MA"
1907524,8.04862447257384,"SM",90188,21472,"90188_20231231",0.16882733327749838,2.0580695488693443,237,9.80495258007085,1.0531224652689986,4,"MA"
1331717,12.217587155963304,"SM",90190,13877,"90190_20231231",0.01450660477181964,2.117739744421241,109,10.613442916017842,0.6595941419219428,4,"MA"
614735,8.537986111111111,"SI",90191,9921,"90191_20231231",0.05626331230157135,2.664462699525813,72,11.431072966411614,0.28918720363320644,4,"MA"
2879323,5.4636110056925995,"SI",90196,64690,"90196_20231231",0.17183856889485255,3.6268485381449516,527,8.060022283873026,0.3613101533846305,4,"MA"
954306,12.234692307692308,"SI",90203,8634,"90203_20231231",0.5032508502686007,1.8345364778241786,78,20.42810250540915,0.6229132945824619,5,"MA"
1157002,6.357153846153846,"SI",90206,16744,"90206_20231231",0.35299748713653223,2.8038032430181286,182,11.910411787995589,0.5492418391020544,5,"MA"
1016504,9.412074074074074,"SI",90208,11532,"90208_20231231",0.255388057579747,2.2294599887206488,108,11.656496148397595,0.562939931699088,4,"MA"
4484145,50.38365168539326,"SI",90211,16413,"90211_20231231",0.03752764142960269,0.6582621433984199,89,9.518429844371033,0.6117935780489087,4,"MA"
4087757,13.717305369127518,"SI",90213,33716,"90213_20231231",0.49248551448925654,1.9211822685427586,298,8.881848078730643,0.8704553748035639,4,"MA"
2599521,9.998157692307693,"SI",90215,33991,"90215_20231231",0.24570946262777832,2.8382661353674803,260,8.172818827156373,0.5147974732166547,4,"MA"
1620024,8.350639175257733,"SI",90227,24320,"90227_20231231",1.5686974172878196,2.3665926486618605,194,12.646245655380598,0.9292906295768457,4,"MA"
287386,7.18465,"SM",90229,4028,"90229_20231231",0.3294121652678708,2.6046417206889965,40,10.050590815821128,0.21968568266882257,4,"MA"
260270,5.311632653061224,"SM",90234,5615,"90234_20231231",0.13666118725014345,3.2831329373992455,49,9.524558389325072,0.5987088321947599,5,"MA"
1727511,10.161829411764705,"SI",90235,21212,"90235_20231231",0.5519769394404273,2.278979776261101,170,9.492928104076025,0.3878009040800286,4,"MA"
829546,6.689887096774194,"NM",9023,12363,"9023_20231231",0.41331946911069595,2.791441055984977,124,9.769449910423214,0.9811911539909358,4,"WV"
657467,7.305188888888889,"SI",90245,8636,"90245_20231231",0.08403052986936738,2.531454501912617,90,9.591392131208963,0.8366450211858871,4,"MA"
181827,4.3292142857142855,"NM",9024,3528,"9024_20231231",0.5629072136092926,3.584724913457142,42,10.546387043874951,0.6536979382116653,5,"WV"
5041251,27.398103260869565,"SI",90250,34625,"90250_20231231",0.014113252618494596,1.164136601689432,184,11.469754865159203,0.8249653066444904,5,"MA"
1574497,9.154052325581397,"SI",90251,26489,"90251_20231231",0.0669592869619743,2.6950292042882453,172,9.79450079270174,0.22417075576719048,4,"MA"
995167,5.528705555555556,"SI",90253,22787,"90253_20231231",0.2596805334750013,3.716640739838891,180,14.596350330227986,1.0968909224634318,4,"MA"
408649,7.429981818181818,"SM",90258,5593,"90258_20231231",0.24087119920483485,2.6959237511615135,55,10.96291975794388,0.2738619947764109,5,"MA"
1566165,8.949514285714285,"SI",90259,19751,"90259_20231231",0.2992622424886445,2.5096975809526563,175,8.640357992818172,0.4744993738302906,4,"MA"
454610,6.314027777777778,"SI",90268,8083,"90268_20231231",0.41155722520553617,2.7854422073557186,72,11.027429161001427,0.5036117068382361,4,"MA"
1595411,8.486228723404256,"SM",90282,23447,"90282_20231231",0.20564946489794855,2.729453615990353,188,8.613594464347207,0.26586974363475985,4,"MA"
2509564,9.689436293436293,"NM",90290,29142,"90290_20231231",0.3660810774006599,2.094541740047217,259,8.571689362853157,0.850534381644433,6,"MA"
784264,7.4691809523809525,"SI",90291,12066,"90291_20231231",0.23635923117013508,2.8437132971589074,105,10.166498196237592,0.09238163834203282,5,"MA"
1248016,9.109605839416059,"SI",90297,14444,"90297_20231231",0.11292978369522905,2.4964984299206083,137,11.516704162711159,0.776843176376357,4,"MA"
344771,5.2238030303030305,"NM",902,5353,"902_20231231",1.0832380485049926,2.62870631262712,66,9.995327142992291,0.4959438151928495,4,"IL"
2561767,8.158493630573249,"SB",90300,30619,"90300_20231231",0.3159841307501491,2.1971843255574983,314,9.61676242492118,0.6912183036792485,4,"MA"
2158010,9.342034632034633,"SM",90303,27457,"90303_20231231",0.17480347538270583,2.1417513582100187,231,10.21608009585508,0.7208374582605372,4,"MA"
804901,10.877040540540541,"SI",90308,9678,"90308_20231231",0.21718416146265887,2.053788550450742,74,10.632116674465761,0.12353312793659436,4,"MA"
150252,5.181103448275862,"NM",9030,1742,"9030_20231231",0.23557837511325883,2.827118073754845,29,10.741410488245931,0.8606241790098292,5,"WV"
520858,6.677666666666667,"SI",90311,8617,"90311_20231231",0.9619987895977671,2.952651933343477,78,8.451497901213271,-0.6029244696953229,4,"MA"
95495,6.821071428571429,"NM",9035,1262,"9035_20231231",7.484205168128874,2.6644738938927452,14,11.94405658433859,0.8690349462536945,4,"WI"
120868,8.057866666666667,"NM",9036,2677,"9036_20231231",1.14759638401532,3.0290198032133517,15,20.66840385490342,1.533607340058953,4,"WI"
470975,6.279666666666667,"NM",9037,7110,"9037_20231231",0.003981314364582228,2.3183660139144933,75,12.547781643259029,0.8175516851663251,2,"WI"
382895,7.6579,"SM",90384,3405,"90384_20231231",0.6810844111148717,1.8624587999098159,50,16.13709444696376,1.003296007214713,8,"PA"
1346586,8.4161625,"NM",903,20847,"903_20231231",0.044929647427847455,3.475780795261036,160,10.20976723087968,1.1054211278338377,4,"IL"
521769,7.147520547945206,"NM",9047,7210,"9047_20231231",0.03312380306947242,2.270412844499204,73,10.672445056004937,0.2790879631216715,2,"IA"
7353390,4.799862924281984,"NC",90544,250917,"90544_20231231",0,10.71932489960562,1532,15.070803025804757,1.8376237532945903,9,"NY"
117329,9.025307692307694,"NM",9057,1210,"9057_20231231",0.03527044129546256,2.0627541664612394,13,17.65459514861633,0.0763393986045794,8,"AL"
413313,5.51084,"NM",9064,7633,"9064_20231231",0.1411208716675236,3.2321560436520076,75,9.891734163673876,1.7092360119320162,4,"GA"
383025,5.107,"NM",9068,6513,"9068_20231231",0.026986552334906915,3.1021732100695902,75,10.644792270950463,1.190758320081152,4,"GA"
276999,9.233300000000002,"NM",9069,2629,"9069_20231231",0.5783385909568874,1.9863519631969935,30,10.499095441300355,0.5828928786028942,4,"GA"
71316,3.100695652173913,"NM",9070,1940,"9070_20231231",1.0641079798040753,5.063803368108294,23,9.560670033391284,1.0823290723843946,4,"GA"
310343,5.968134615384615,"NM",9079,3804,"9079_20231231",0.27744291078566524,2.4048260887431048,52,8.613539860612695,0.3942819014497442,4,"IL"
314686,6.2937199999999995,"NM",9080,4104,"9080_20231231",0,2.237374813552099,50,7.978971819042117,0.9630467319951016,4,"IL"
8725747,7.451534585824081,"SM",9087,115263,"9087_20231231",0.3846657035709033,2.34748839653818,1171,12.342215084438275,1.556780958124985,4,"IN"
146434,13.312181818181818,"NM",9096,1256,"9096_20231231",0.37028489908949774,1.3443410917845982,11,12.55908702918666,1.0538880865013958,2,"IA"
547396,7.397243243243243,"NM",9099,6023,"9099_20231231",0.5256913034622559,1.9917202248214045,74,11.816202074810581,1.041656128464419,8,"IA"
253319,6.178512195121952,"SM",90,3221,"90_20231231",1.2118738120447499,2.560786550247805,41,10.24266605221989,1.5747873374406591,4,"AR"
364696,6.512428571428572,"NM",91005,5520,"91005_20231231",0.05988615260138439,3.521526910448543,56,15.563316539073915,1.0116416783001745,4,"CO"
845937,7.4205000000000005,"NM",9100,7349,"9100_20231231",0.0550392304079783,1.6426995044709298,114,10.474453771903914,1.6066455765350838,2,"IA"
178343,9.907944444444446,"NM",9105,1567,"9105_20231231",0.36575329939955503,1.6640832919018511,18,14.06087131791874,1.3219079928640365,2,"IA"
63300,12.66,"NM",9106,533,"9106_20231231",0,1.6143373334426374,5,11.624998020805295,1.1366574388790445,2,"IA"
47153,4.7153,"NM",9120,846,"9120_20231231",0.0757002271006813,3.582979539530464,10,9.071126850706149,0.8804888892763427,2,"ND"
102043,7.288785714285715,"NM",9121,1414,"9121_20231231",0,2.8262562039770334,14,8.634695886488153,1.4871297888214876,2,"ND"
2165597,7.625341549295776,"NM",9123,32937,"9123_20231231",0.5065743105032174,2.61924178717004,284,11.17729022263653,1.5810760401910775,4,"ND"
300440,4.6221538461538465,"SM",91280,6345,"91280_20231231",0.9782204335621766,3.9883801869445192,65,7.149744627640183,-0.23281648300033006,4,"AR"
47806,6.829428571428572,"NM",9128,350,"9128_20231231",0.0040844667728628025,1.3899339520107015,7,6.2388787592539705,0.18602123568263523,2,"ND"
339622,1.0322857142857143,"N",91325,104928,"91325_20231231",0,25.147949220201347,329,66.40656776986624,12.709811463203668,7,"GA"
402348,7.058736842105263,"NM",9137,5501,"9137_20231231",0.24703377342433186,2.507039311590568,57,9.994746585280433,1.15988510732217,4,"OH"
1178273,7.013529761904762,"SM",9139,13464,"9139_20231231",0.056458189574054324,2.0431999226538036,168,9.53772371274835,1.2990880745285853,4,"OH"
150251927,6.550635523390156,"SM",913,2612949,"913_20231231",0.17589733376838823,3.4071102230815677,22937,7.988044686115094,0.7372548754650172,1,"IL"
708149,4.046565714285714,"NM",9155,18299,"9155_20231231",0.09458827006921693,4.146190598556878,175,8.526352858955132,0.8685510334492349,4,"SC"
469330,5.273370786516853,"NM",9168,6305,"9168_20231231",1.1850111776590277,2.5890787541641935,89,13.375189564971182,1.9174527803065315,4,"TN"
1178335,10.158060344827586,"NM",9172,10889,"9172_20231231",0.6455475737736943,1.5389481623864039,116,10.682171172864912,1.385625844882899,4,"TN"
1304190,5.955205479452055,"NM",9176,15076,"9176_20231231",1.5667159728581157,2.185201064688354,219,12.90580832981171,3.0803631477112825,5,"TN"
99313,6.2070625,"NM",9179,1473,"9179_20231231",2.8130954984224172,2.687225467371992,16,13.59670781893004,1.7173694769015317,5,"TN"
59677,0.7459625,"NM",9189,4919,"9189_20231231",0.1513671875,16.523287630491033,80,9.672798973195187,1.751033518722303,5,"TN"
149176,5.737538461538462,"NM",9196,2069,"9196_20231231",0.621053873841978,2.829605247109771,26,7.52353081868959,0.1183785156625538,8,"TN"
1964740,7.067410071942446,"NM",9204,30479,"9204_20231231",0.39267321641436376,2.236394440500568,278,13.100440569163721,1.4158174967589325,4,"UT"
366987,5.318652173913044,"NM",9244,4220,"9244_20231231",0.44034104656001705,2.270833509571867,69,10.525472899355465,1.492035428175043,8,"GA"
390922,7.107672727272727,"NM",9245,3918,"9245_20231231",0.8773894370743147,1.9218629883563227,55,9.239303779972923,0.6445272217048643,7,"GA"
222073,5.844026315789474,"NM",9259,2160,"9259_20231231",0.26072812514950006,1.84456040873274,38,11.805441805441804,0.25173408539098224,2,"IL"
106848,4.27392,"SM",925,2345,"925_20231231",0.15589179275561668,3.85782059867973,25,12.071468453378001,1.164005680272683,4,"IL"
579972,5.523542857142857,"N",9263,8357,"9263_20231231",0,2.3873832092687786,105,9.51938607282435,0.4566761589779868,7,"IL"
121475,8.676785714285716,"SM",9265,1338,"9265_20231231",0.5927338681026907,2.0157432517138765,14,13.725596236006707,1.5142817553791643,2,"IL"
540035,6.136761363636364,"N",926,6351,"926_20231231",2.750965250965251,1.9671402136382263,88,10.058008097223784,0.9055644066145894,7,"IL"
83208,4.6226666666666665,"NM",9273,1106,"9273_20231231",0,2.131783848766827,18,11.222715173025733,1.18704248190896,8,"IL"
55710,9.285,"NM",9274,557,"9274_20231231",0.08263743910925539,1.9222233358628886,6,14.051894117852346,1.8738992855199668,2,"IL"
1067427,9.883583333333334,"SM",9288,9461,"9288_20231231",0.6208849453157561,1.9072635079077052,108,8.980874752591996,1.3054265079874288,2,"IN"
37181,5.311571428571428,"SM",9295,467,"9295_20231231",0,1.8778647017644263,7,13.020362300967413,0.7843598142063659,7,"IA"
597080,7.193734939759037,"SM",9298,6310,"9298_20231231",1.28113611601608,2.0690439172355206,83,12.534333377302321,1.5130670725564246,4,"IA"
313261,9.492757575757576,"NM",9299,2329,"9299_20231231",0.6358728845282424,1.4033991386306799,33,8.323946148044739,0.5659935205326562,2,"IA"
140179,10.783,"NM",9300,1430,"9300_20231231",0.0028307227778826194,1.442813714594836,13,19.55219382392073,1.7618056413060734,2,"IA"
189409,6.313633333333333,"NM",9306,2353,"9306_20231231",1.993222450447511,2.5040019973271064,30,12.826993420140557,1.2388882944462978,2,"KY"
321644,4.948369230769231,"SM",9309,4486,"9309_20231231",0.23192117224068923,2.516911910014284,65,11.454484272597625,1.1390474743657995,4,"KY"
205931,6.056794117647059,"NM",9310,2194,"9310_20231231",1.823992015004065,2.5123148198083154,34,10.087721493016808,1.018561010379961,8,"KY"
150501,3.5000232558139537,"NM",9313,2455,"9313_20231231",0.5289653777791969,3.4801008763466266,43,14.212142020438664,1.8864409148073968,8,"KY"
158594,6.099769230769231,"NM",9315,1937,"9315_20231231",0.2206035923141186,2.2045636819581658,26,15.058082926620168,0.9183034074458202,8,"KY"
471557,6.045602564102564,"NM",9319,7257,"9319_20231231",0.4901423877327492,2.9322975176584807,78,11.194654162750586,0.5449857455379292,4,"LA"
56998,5.181636363636364,"NM",931,826,"931_20231231",0,2.9420382275383052,11,8.491183389045117,0.923803450474828,2,"IL"
216574,3.9377090909090913,"NM",9320,4930,"9320_20231231",0.48776711056054506,3.590248840761798,55,11.811367808846333,0.5604114504713783,4,"LA"
579744,6.588,"NM",9322,9025,"9322_20231231",0.8499759581642192,2.6944802739847886,88,12.124291147757074,1.206600542632211,4,"LA"
161637,4.754029411764706,"NM",9323,2711,"9323_20231231",0.2297445018805699,2.867899348366978,34,13.148212646043758,0.9067215583053355,7,"LA"
753210,39.64263157894737,"NM",9325,2357,"9325_20231231",1.1353810293620061,1.0019852417874668,19,8.783540600721668,0.7520291821898744,7,"LA"
285246,4.754099999999999,"NM",9326,4856,"9326_20231231",1.5173260400588517,2.878605765128976,60,10.191234154220204,1.9107662927038693,4,"LA"
445301,5.0602386363636365,"NM",9327,7064,"9327_20231231",0.765214224354635,2.974532593959404,88,12.023106737571608,2.8079923417989083,4,"LA"
82741,6.364692307692308,"NM",9328,1188,"9328_20231231",2.4311953872674317,3.107237234277239,13,10.80276550797004,-0.042243406508300836,4,"LA"
109915,5.785,"NM",9330,1969,"9330_20231231",0.17094017094017094,2.874162097437316,19,10.203786020152274,1.079942251509077,2,"MN"
94521,7.87675,"NM",9332,1385,"9332_20231231",1.3107260302726405,2.187700748484512,12,13.361380338694218,0.5974065649854886,8,"MN"
63443,15.86075,"N",9336,267,"9336_20231231",0.5382198952879581,1.1820254827946046,4,27.40150787779579,1.4348565465531233,4,"MN"
116030,6.825294117647059,"NM",9337,1371,"9337_20231231",0,2.226678856873212,17,9.405454135677259,0.537803229942108,2,"MN"
80842,6.218615384615385,"NM",9340,1155,"9340_20231231",0,2.321187515987448,13,14.043747209999363,0.6281009317674711,8,"MN"
38276,7.655200000000001,"NM",9349,346,"9349_20231231",0,2.349640991327174,5,8.797928738749846,-0.1389710991584528,2,"MN"
43924,4.880444444444445,"NM",9351,597,"9351_20231231",0.6884242733299337,2.4671576704933407,9,10.465038024093143,0.7192083246087598,8,"MN"
33116,4.730857142857142,"NM",9354,449,"9354_20231231",0.019522353094292965,2.2483047057259244,7,13.41325422795804,0.821960860157865,2,"MN"
248822,4.44325,"NM",9356,3749,"9356_20231231",0.3331454567414147,2.5271110545192164,56,11.163006631687217,2.34417775514102,7,"MS"
899422,9.27239175257732,"NM",9359,10398,"9359_20231231",0.6960147542298132,2.3910145042687256,97,15.016936220390514,1.0964922905194658,8,"MS"
462846,3.259478873239437,"NM",9366,15233,"9366_20231231",4.241570866445491,5.836975157787926,142,13.902547040187137,6.251401054606006,4,"MS"
489778,5.629632183908046,"SM",9369,7496,"9369_20231231",0.5614714935088932,2.457892399879662,87,11.342665713478196,2.011312782148406,8,"MO"
367752,6.3405517241379314,"NM",9378,5583,"9378_20231231",0.06797640931372549,2.79002758607046,58,10.623866765160164,2.377778463081738,2,"MO"
107461,6.321235294117647,"N",9385,992,"9385_20231231",0,1.6814393341096177,17,11.43205858421481,0.6115994519481187,2,"MO"
179557,3.453019230769231,"NM",9388,4060,"9388_20231231",1.607604618130167,4.120090296521908,52,12.444367699566081,0.8687585587442759,8,"MO"
214559,5.9599722222222224,"NM",9392,2491,"9392_20231231",0.6090343101376201,2.1339126112892037,36,14.473397451082578,0.6059198804087824,4,"MO"
60943806,16.36954230459307,"N",9396,560100,"9396_20231231",0.6071065357362477,1.891630009073493,3723,9.140231838311077,0.8767534082388617,4,"NJ"
61538,5.128166666666667,"NM",93,958,"93_20231231",0.06094182825484765,2.7779050211696648,12,9.231912784935579,1.4805677527435495,5,"AR"
31503,3.937875,"SM",9406,649,"9406_20231231",1.1330435402266086,4.31773485956331,8,8.698592241962256,1.0715546366799455,4,"NY"
561024,5.394461538461538,"N",9410,8970,"9410_20231231",2.4176559284224948,3.0812045438277216,104,11.7884400709679,0.8020242028020417,4,"NY"
43603,6.229,"NM",9417,739,"9417_20231231",0,2.5872923962095937,7,14.440910884653777,3.2812198417293956,2,"ND"
278617,6.795536585365854,"NM",9420,4476,"9420_20231231",2.214399964578456,2.767554958659198,41,9.751236167134898,0.929722531666304,2,"ND"
63945,4.918846153846154,"NM",9422,1019,"9422_20231231",0.12649298207205237,3.2975472653888263,13,10.774972988900894,1.0294622285406148,2,"ND"
4973249,10.426098532494759,"NM",9423,59242,"9423_20231231",0.5701488675791953,2.0389675223829546,477,9.354465003247466,1.2774503208600443,4,"ND"
978514,5.9303878787878785,"NM",9437,11835,"9437_20231231",0.37722188186807304,2.360733791149022,165,9.810211200557475,0.9942720414810945,8,"OH"
22183,5.54575,"NM",9438,327,"9438_20231231",0,3.0831353919239906,4,9.449691809675846,0.6128266033254157,8,"OH"
67431,4.4954,"NM",9439,825,"9439_20231231",1.104337557052121,2.6078752757899015,15,13.471760280998415,0.7523578357172926,8,"OH"
38446,2.746142857142857,"NM",9440,689,"9440_20231231",1.030198523234735,3.715437352126602,14,9.540719696969697,1.0266008162359315,8,"OH"
1880652,6.575706293706294,"SM",9443,28370,"9443_20231231",0.13492977650440893,2.5160656857348247,286,9.75750448668077,1.1634071251795652,4,"OH"
313678,5.918452830188679,"NM",9450,2923,"9450_20231231",0.38145919917115034,1.9151557961971872,53,28.584506495523005,1.619313424140868,6,"OH"
1042359,9.306776785714286,"SM",9457,10074,"9457_20231231",0.16322359296299,1.662714677959904,112,10.957957318271703,1.1783477196998313,4,"OH"
291520,7.110243902439024,"NM",9462,3528,"9462_20231231",0.10198102616171151,2.4007191169266826,41,10.615393095085537,1.4008034770551085,4,"OH"
813438,6.559983870967742,"NM",9463,8499,"9463_20231231",0.1326361486269779,2.2149043210188784,124,9.645523034935039,1.5232787640851162,4,"OH"
485992,9.169660377358491,"NM",9465,4728,"9465_20231231",0.12924008383140573,1.716714700787186,53,13.601939364183135,2.1644683072567372,2,"OK"
243174,6.235230769230769,"NM",9467,5023,"9467_20231231",0.4834699107990855,3.2774627988477274,39,8.024924872591566,1.4807067760224584,4,"OK"
416809,4.297000000000001,"NM",9472,7825,"9472_20231231",0.37339547904815795,3.184532628840349,97,10.132818350214794,1.5321215652200117,2,"OK"
289151,5.354648148148148,"NM",9486,4538,"9486_20231231",0,2.5448022082876163,54,11.414234609355974,0.7212486387198143,4,"OR"
354124,5.285432835820896,"SM",9489,4868,"9489_20231231",0.32477693318775164,2.9272487289498765,67,11.796753550893506,1.8941728628167853,4,"TN"
682474,12.187035714285715,"NM",9499,8092,"9499_20231231",0.256402939869638,2.4250805890173384,56,9.813586011669079,-0.05150901534281871,7,"TN"
117573,4.522038461538462,"SM",94,1596,"94_20231231",0.186232703855191,2.695192350364764,26,11.370054094512298,0.39941419251764076,4,"AR"
150611,2.953156862745098,"NM",9502,5238,"9502_20231231",0.10471204188481677,6.112713873575367,51,11.203233495699036,-1.2316560775528471,4,"VA"
554162,4.736427350427351,"SM",9507,8529,"9507_20231231",0.7400573146012441,3.077300792012585,117,11.01369912856805,1.100997517572495,8,"VA"
471428,9.243686274509804,"NM",950,5277,"950_20231231",0.33941015540667285,2.0384801178840943,51,10.619395247918426,0.8258561999880023,2,"IA"
200011,6.25034375,"NM",9517,3088,"9517_20231231",0.15660097928757183,2.7306288073711724,32,9.169607649604954,0.22170468529121623,4,"WI"
256586,9.163785714285714,"NM",951,3058,"951_20231231",0,2.0703909285606827,28,13.099096572584685,0.7423790946046959,2,"IA"
167962,5.418129032258065,"SM",9523,2736,"9523_20231231",2.7742719762138894,2.855131737608964,31,10.760088345474735,-0.1736109060717757,4,"WI"
133973,11.164416666666668,"NM",9526,1138,"9526_20231231",0,1.6884278094337604,12,9.939863750342104,1.049761638039251,8,"WI"
268115,10.7246,"NM",9529,2744,"9529_20231231",0,1.5038993341676938,25,17.117347230535213,1.1983088821540695,2,"WI"
598086,6.9544883720930235,"NM",9536,9976,"9536_20231231",0.9654983325499675,2.858082964936238,86,9.459271746885635,0.7570502673472709,4,"WI"
6598911,11.476366956521739,"NM",953,73772,"953_20231231",0.28336567882866404,2.0047769858069207,575,10.042697062927248,0.9891996905111996,4,"IA"
266625,5.925,"SM",954,4604,"954_20231231",0.0245850667412253,2.598268337867901,45,12.80980119625818,0.9708624979652583,2,"IA"
482867,7.664555555555556,"SM",955,5263,"955_20231231",0.08181256574224033,2.2788361398999477,63,8.880464127750013,1.098129422608517,4,"IA"
301354,8.144702702702702,"SM",956,4001,"956_20231231",1.84631700732742,1.982053383995162,37,10.698723112067714,1.8939909010734561,8,"IA"
2420570,8.46353146853147,"NM",958,25537,"958_20231231",0.4267995634446583,1.6312866629213667,286,9.137554439887598,0.9745337909017626,2,"IA"
52189,2.174541666666667,"NM",9614,2042,"9614_20231231",0.7166638451554652,8.422183017565391,24,33.1072488342518,-2.799723862851883,4,"AL"
122338,4.218551724137932,"NM",9615,2477,"9615_20231231",1.4978024520009252,3.4519809462121827,29,11.71813417644766,1.7213518473537903,2,"AL"
704456,6.90643137254902,"NM",9620,9288,"9620_20231231",0.09808132875143184,2.470978838927794,102,8.9768285560248,1.0715288546606707,4,"FL"
4298014,5.475177070063695,"SM",9622,87184,"9622_20231231",0.22598510062346835,3.569173377623045,785,9.308112763869042,1.2701348828472598,4,"FL"
397022,6.40358064516129,"NM",9631,4636,"9631_20231231",0.17472591797124284,2.280407382838413,62,8.518728069264789,0.5309504298851472,2,"IL"
726449,5.858459677419355,"NM",9632,11320,"9632_20231231",0.5584181450079226,2.6967775317065237,124,9.163717905337593,0.7941330314982781,4,"IL"
285284,20.37742857142857,"SM",963,1801,"963_20231231",0.6602970291857555,1.0445283779745296,14,10.052399005143313,0.5732124018391764,2,"IA"
647988,4.695565217391305,"NM",9647,10249,"9647_20231231",0.032202791068772184,2.7626814599521783,138,9.812934010939985,0.8765501967182137,4,"IN"
76210,6.350833333333334,"NM",9658,998,"9658_20231231",0.5671524222134698,2.3219774720954223,12,10.733697389791926,1.8777508859001462,4,"KS"
128019,8.534600000000001,"NM",9659,1573,"9659_20231231",1.0216790368472748,2.0060551252309993,15,12.856556380002433,1.9132622970156883,4,"KS"
68388,7.598666666666667,"SM",9661,799,"9661_20231231",1.3241106719367588,1.9309310935482678,9,15.86826786316515,1.1400331179620768,2,"KS"
311740,4.212702702702702,"NM",9665,5353,"9665_20231231",0.09811228593204567,3.039333834825015,74,10.864525211820624,1.161298658765614,4,"KS"
99699,4.5317727272727275,"NM",9669,1502,"9669_20231231",1.051258681919608,2.919790338917181,22,13.987924239216989,0.8749302774203552,8,"KY"
59946,11.9892,"NM",966,533,"966_20231231",0,1.739901746724891,5,25.96594062153163,1.1994369110549299,2,"IA"
90858,3.63432,"NM",9672,1745,"9672_20231231",0.7293106095501305,3.625465268042732,25,9.085731858719546,0.6433762174082182,2,"KY"
968018,4.888979797979798,"NM",9678,12237,"9678_20231231",0.14388231118809888,3.0115676714878847,198,10.358990793495613,1.7206962144937314,4,"KY"
264200,12.58095238095238,"SM",968,2290,"968_20231231",0.004721379587115355,1.3697223502783966,21,9.657262450397198,0.5974359084831591,2,"IA"
164788,10.29925,"SM",969,2455,"969_20231231",0.0177367860943597,2.037587237207112,16,13.430405742936966,0.9322922736277824,2,"IA"
19352632,11.24499244625218,"NM",9712,223680,"9712_20231231",0.3807220137047044,2.023911756097313,1721,11.101759799533509,1.2725612119841359,4,"MA"
816631,6.09426119402985,"SM",9719,15956,"9719_20231231",1.8035004681544393,3.3795166803800023,134,10.897139061830776,1.5661898911855494,4,"MI"
74399,5.314214285714286,"NM",9727,1482,"9727_20231231",0.5485826865266055,3.1204799914287245,14,10.334785012202193,1.4423849574114749,4,"MN"
129214,11.746727272727272,"NM",9728,1271,"9728_20231231",0.6498945435096324,2.1168603319829273,11,8.069604970863784,1.1165383694924182,4,"MN"
65570,7.285555555555557,"NM",9733,946,"9733_20231231",0,2.7612029889779004,9,8.116189662537378,1.419537376824714,4,"MN"
118770,9.897499999999999,"NM",9735,1260,"9735_20231231",0.06548788474132286,1.694976564881946,12,9.290802368227133,1.462434048358508,2,"MN"
737670,7.764947368421052,"NM",9737,8631,"9737_20231231",0.00270479983635961,1.8654045215965334,95,10.148266296809986,2.4243596115467674,4,"MN"
204667,5.385973684210526,"NM",9745,3325,"9745_20231231",0.0009733875834679852,2.833261801301817,38,11.456322424230205,0.8672846770477116,4,"MN"
166420,4.2671794871794875,"N",9746,3667,"9746_20231231",0.1837988451725527,4.052926378270678,39,9.932441968202932,1.1242811646450028,4,"MN"
54249,6.781125,"NM",9747,709,"9747_20231231",0,2.127730929606016,8,14.962187105161965,0.5235485036946501,7,"MN"
728079,12.553086206896554,"NM",9751,8074,"9751_20231231",0.09583880116835287,1.8139627019837563,58,11.60175508400255,0.7066247842205055,4,"MN"
39164,7.832800000000001,"NM",9752,318,"9752_20231231",0,1.6647010322190101,5,16.69697127123487,1.7194952668218304,7,"MN"
536762,8.946033333333334,"NM",9760,6369,"9760_20231231",0.06852360931435963,2.112134867950373,60,8.303828649762723,0.6191710302716555,4,"MN"
114299,9.524916666666668,"NM",9769,1368,"9769_20231231",1.4273272063124782,2.5971665271229014,12,8.33097711580733,0.47463241234448217,4,"MN"
114659,4.985173913043479,"SM",976,1635,"976_20231231",0,2.663429387725201,23,10.036818605890977,1.0194986752622004,2,"MI"
410950,8.219,"SM",9770,5034,"9770_20231231",0,2.210552324168435,50,9.102807047766708,0.6893419581665884,2,"MN"
151348,10.089866666666667,"NM",9773,1732,"9773_20231231",0.2328420933072096,1.999554270353026,15,14.158350778069087,0.7689528537079308,4,"MN"
297004,6.319234042553192,"SM",9775,3975,"9775_20231231",0.14119691539046378,2.56442899253671,47,9.495963178148344,1.8097300597358625,8,"MS"
108966,4.035777777777778,"NM",9777,2176,"9777_20231231",4.317270913782691,4.371240362619673,27,12.46468728368038,2.066035471207885,2,"MS"
547734,6.762148148148149,"SM",977,6022,"977_20231231",0.037264523391957634,1.9229719589176848,81,11.91959536797006,1.5466575970016638,4,"MI"
325644,6.645795918367347,"NM",9788,3448,"9788_20231231",0.4235096655834968,1.929861422528012,49,8.619528003634025,1.4839298426068495,4,"MO"
151649,6.593434782608695,"NM",9791,2214,"9791_20231231",0.711440736162615,2.270637512270889,23,10.251842048332293,1.1424929662847996,8,"MO"
291069,8.316257142857143,"NM",9794,3173,"9794_20231231",0.18230862245372523,2.0951903553656868,35,9.939191035802132,1.4862052554358078,4,"MO"
963804,25.363263157894735,"NM",9797,5510,"9797_20231231",0,1.3828264906422594,38,9.302481908836905,2.197883979348897,4,"MO"
556082,9.587620689655171,"NM",9803,3828,"9803_20231231",0.8564791527578355,1.2981463412479652,58,13.931043043788598,1.447026464592111,4,"MO"
70061,8.757625,"NM",9812,820,"9812_20231231",0.0066141940604537335,1.891349724063252,8,15.166400232524344,0.7794741380061138,2,"NE"
99450,11.05,"NM",9818,1317,"9818_20231231",0.013104156201541924,2.0770851115478886,9,14.17177407705483,1.036584888373805,2,"NE"
65495,7.277222222222223,"NM",9819,774,"9819_20231231",0.8481604342581424,2.1976182653383836,9,17.49182517385898,4.576563284586916,2,"NE"
131053,4.680464285714286,"NM",9822,2558,"9822_20231231",0,2.8961592079296663,28,9.112971243972693,1.140377693091952,2,"NE"
539863,6.664975308641976,"SM",982,6481,"982_20231231",0.9840990314393743,2.100701129478876,81,9.04282483402641,1.1938269977919906,7,"MI"
415691,6.024507246376812,"SM",9831,6418,"9831_20231231",2.3783070742555226,2.5671496368666618,69,14.399585547162083,1.3625842051774864,4,"NY"
85902000,11.40796812749004,"SM",983,1262000,"983_20231231",0.3782596236507785,2.7278065567502114,7530,9.158916989808175,0.996895512604583,4,"TX"
527548000,10.88558281575635,"NM",9846,7744000,"9846_20231231",0.6273645898184953,3.7164516372207785,48463,9.21571129551718,-0.11840869016821755,4,"NC"
59425,4.571153846153846,"SM",9860,828,"9860_20231231",0,2.7949531519071447,13,8.377638901843735,0.055932961802871904,7,"OH"
62051,8.864428571428572,"NM",9865,548,"9865_20231231",1.2831072001387143,1.9921209064150125,7,16.28702504835435,1.5802882190311396,2,"OH"
422634,15.653111111111112,"SM",9871,3340,"9871_20231231",1.015975155493234,1.4661574910436248,27,14.211461618267919,2.194480860612923,2,"OH"
56129,4.317615384615385,"NM",9875,1039,"9875_20231231",3.821782967361415,3.3100444605752655,13,9.078097684541012,1.4445150167861356,4,"OK"
47428,3.9523333333333337,"NM",9879,844,"9879_20231231",2.166497097372673,3.9072136235228587,12,11.204003415612526,0.6943062905343572,7,"OK"
139434,5.362846153846154,"NM",9881,1671,"9881_20231231",0.061995715002051324,2.7582226474988416,26,8.759583432461264,0.3424995633320423,4,"OK"
988665,6.25737341772152,"NM",9888,15850,"9888_20231231",1.161609310592072,2.742439583595085,158,11.05694171640006,1.1124961712394181,4,"PA"
5285154,8.336205047318613,"NM",9889,56028,"9889_20231231",0.33397178577410813,2.192065627524137,634,8.917361677291876,0.9359965319686,4,"PA"
1752391,4.316233990147784,"NM",9923,33391,"9923_20231231",0.6207535383309055,4.26396280142841,406,9.231111590645483,1.4366787861610884,4,"SC"
249129,9.227,"NM",9932,2656,"9932_20231231",1.9813878298438496,1.8944888136355833,27,10.73139020095127,1.3033068133091221,2,"SD"
296385,8.981363636363636,"NM",9935,3740,"9935_20231231",0.1260830821151622,2.35504315670271,33,8.007295240624149,0.7609151597492344,2,"SD"
1794518,7.802252173913043,"NM",9963,25400,"9963_20231231",0.011671810618997634,2.917212270438437,230,8.043051292938802,0.6584630963360707,4,"TN"
953312,7.277190839694657,"SM",9967,19066,"9967_20231231",0.7329432226523036,3.4368394515138485,131,7.771573545859257,0.23724857518366652,4,"TX"
1922243,15.886305785123966,"NM",9978,9894,"9978_20231231",1.8155316850085448,1.0201487410052803,121,12.051743778630893,1.2660591114164679,4,"TX"
87381,5.8254,"SM",9986,893,"9986_20231231",0.05133140840551813,2.0201110194803844,15,17.067491444498017,1.1307539668789575,8,"VA"
500613,7.255260869565217,"NM",9997,5333,"9997_20231231",0.014500541637878827,2.174866425769789,69,7.653148234906683,0.6360089358328957,5,"WV"
212917,4.628630434782608,"NM",9998,3465,"9998_20231231",0.2848925178228214,3.3753741898143708,46,9.839415231722452,0.5198411633709854,8,"WV"
126917,6.34585,"SM",999,2275,"999_20231231",0,3.129479880280435,20,7.968052580808658,1.010195124582559,7,"MI"
173773,6.2061785714285715,"NM",99,2319,"99_20231231",0.2864444382038249,2.0954238416896582,28,13.3337199860805,2.0080154124250784,2,"AR"