"ASSET","ASTEMPM","BKCLASS","CERT","ESAL","ID","NCLNLSR","NONIXAY","NUMEMP","RBC1AAJ","ROA","SPECGRP","STALP"
86784,4.567578947368421,"NM",10004,1406,"10004_20181231",2.8121661534594358,3.1538708130165563,19,12.69270596995823,0.8508340825333164,4,"WI"
306508,4.865206349206349,"NM",10007,4540,"10007_20181231",0.1907370092882244,2.782789653296946,63,9.297684238305735,1.1138008556949746,4,"WI"
229846,4.104392857142857,"NM",10011,3766,"10011_20181231",0.5000874505256748,2.5595710757773853,56,9.252035798497586,1.7935713057109983,2,"WI"
166862,3.550255319148936,"NM",10012,3126,"10012_20181231",0.29686860709630153,2.9727509175004396,47,10.891796823565556,0.952146443711379,4,"WI"
103139,4.911380952380952,"NM",10015,1262,"10015_20181231",1.2750913775540775,2.5575063261466706,21,13.58658075894065,1.3473740731168318,2,"WI"
21460393,6.884951235162014,"SM",1003,214824,"1003_20181231",0.7316470038800222,2.0059000228460357,3117,8.627911241666586,1.4541707812494138,4,"MI"
1945433,6.175977777777778,"N",10044,23081,"10044_20181231",0.7131252594905861,2.048562872108651,315,19.364397358883146,1.7638137975034403,4,"WI"
173397,5.7799,"NM",10045,1772,"10045_20181231",0.6908958181249348,1.8987797847809378,30,10.773286778453427,0.7770465026902383,7,"WV"
101399,2.6683947368421053,"NM",10055,2280,"10055_20181231",1.6106514614898526,4.691891649776602,38,4.323651211954475,0.003732610699901832,4,"GA"
74967,3.407590909090909,"NM",10057,1462,"10057_20181231",1.1271319807749562,3.2973544541103275,22,18.56199363619348,1.0842191834003363,7,"GA"
1784227,5.374177710843374,"SM",1005,18917,"1005_20181231",0.6530182053291883,2.2047294573254943,332,8.070894720316197,0.9514625435268719,4,"MI"
110234,5.249238095238096,"NM",10072,1566,"10072_20181231",0,2.8059624537790553,21,11.278899619549312,0.6733540341602121,2,"GA"
49802,4.9802,"NM",10074,661,"10074_20181231",0.27919779787652377,2.6150543188752042,10,16.69129457115323,1.4810569984987652,8,"GA"
32988,4.712571428571429,"NM",10075,544,"10075_20181231",0,2.42845930043848,7,12.052505966587113,1.493074612420256,2,"IL"
34184,5.697333333333333,"NM",10077,404,"10077_20181231",0,1.738687076427757,6,27.164729967417315,0.7533355866565076,2,"IL"
100670,16.778333333333332,"NM",10080,539,"10080_20181231",0.549717057396928,0.8966577329339429,6,23.668167784311027,1.4435204162068422,2,"IL"
102449,3.5327241379310346,"SM",1008,1953,"1008_20181231",1.6133446276145176,4.019390873643166,29,9.869358431498465,0.07166192433343872,4,"MI"
246407,3.850109375,"NM",10101,3361,"10101_20181231",0.434977202159501,2.496592676661482,64,11.59218557236543,1.435973565588652,2,"IN"
280131,6.225133333333334,"NM",10111,3518,"10111_20181231",0.17974121079782213,2.1786670512101973,45,12.312675416419342,1.1079164926062093,2,"IA"
117148,4.881166666666666,"NM",10114,1530,"10114_20181231",0.020509665179715943,2.131022491072856,24,8.23544325192259,1.1458721952779407,2,"IA"
184575,4.501829268292683,"NM",10118,3646,"10118_20181231",0.3852727325396136,3.1373527267145103,41,11.489332517960118,1.4030327178651327,2,"IA"
34162,6.8324,"NM",10120,581,"10120_20181231",0.21803117845851958,2.5503278167691996,5,18.34219288509843,0.07509459030124484,2,"IA"
151735,6.597173913043479,"NM",10121,1893,"10121_20181231",0.004873531848530631,1.9915224480223241,23,19.85653408146577,1.152777464923102,2,"IA"
157471,6.056576923076923,"NM",10122,2414,"10122_20181231",0.007853784963367704,2.389941695393389,26,9.862628976127969,1.4992613128568042,2,"IA"
54635,5.4635,"NM",10123,759,"10123_20181231",3.630184598748745,2.468866069477824,10,11.030607451306327,0.3805258174932634,2,"IA"
120063,4.287964285714286,"NM",10125,1722,"10125_20181231",0.3744876595995636,2.053038464183156,28,10.376882732651964,1.5897131967478824,2,"IA"
194109,6.06590625,"NM",10127,3051,"10127_20181231",0.578877433007702,2.847441440963472,32,11.299408603826926,1.5598058200917844,2,"IA"
112203,5.61015,"NM",10132,2077,"10132_20181231",0,2.433857664398071,20,10.010906685261672,0.9735430657592284,2,"IA"
176009,3.0878771929824564,"NM",10137,3199,"10137_20181231",1.694872790589886,3.2728449230035705,57,14.537811347900368,0.7906820981172343,8,"KY"
25379,3.625571428571429,"NM",10145,300,"10145_20181231",0,2.27198715569928,7,24.200157604412922,1.5108714585400211,4,"KY"
996244,3.596548736462094,"NM",10146,29336,"10146_20181231",0.2167720870986009,4.773947867258548,277,9.535011917794394,0.8916839312281226,4,"KY"
666767,4.115845679012346,"SM",1014,10997,"1014_20181231",0.35582477255782735,3.172812566074236,162,9.769394071477176,1.1322996316864005,4,"MI"
245537,2.5846,"NM",10157,5972,"10157_20181231",0.1550121620214076,4.1448532507770075,95,8.866533621146091,0.7269110418274024,4,"MI"
256017,3.6573857142857142,"NM",10159,6630,"10159_20181231",0.07277625104547972,4.093586932699198,70,8.937853645374537,1.2903787163030156,4,"MN"
86077,21.51925,"N",10160,269,"10160_20181231",0.6324241091069072,1.1072652400185656,4,18.180538448002814,1.127015790565162,4,"MN"
68654,4.290875,"NM",10162,955,"10162_20181231",0.22490863086870957,2.3673755069271465,16,10.961005250427704,1.5277659327312454,2,"MN"
143319,5.971625,"NM",10163,2476,"10163_20181231",0.2471658638641561,2.5747165777801473,24,10.485980257052057,2.00450557866948,4,"MN"
224796,4.886869565217391,"NM",10165,3227,"10165_20181231",0.13373702100785706,2.400435163443384,46,11.088617161983425,2.126653851115287,2,"MN"
211868,5.044476190476191,"NM",10167,3160,"10167_20181231",2.3352695127940257,2.1872627026313185,42,13.33578198021429,1.381301307211121,8,"MN"
323576,5.676771929824562,"NM",10168,4087,"10168_20181231",1.8330055394958573,2.77524445310936,57,13.09752460860006,2.103022936001895,2,"MN"
121043,4.483074074074074,"NM",10169,1869,"10169_20181231",1.3663682644020272,3.151994620220296,27,7.952533654006748,1.1759466106155587,4,"MN"
71498,4.766533333333333,"NM",10174,1130,"10174_20181231",1.0536600318013754,3.260598045698332,15,9.142936906756002,1.5928293292190139,2,"MN"
138702,6.304636363636363,"NM",10175,1719,"10175_20181231",1.9150939028718692,2.6567540187158127,22,10.715039180229054,0.8423854205684286,4,"MN"
96519,4.825950000000001,"NM",10176,1595,"10176_20181231",1.063572344699078,2.9771629414414016,20,9.925587082086091,1.3743299451592677,4,"MN"
63874,5.806727272727273,"NM",10178,873,"10178_20181231",0,2.1791026504254147,11,9.921212504746235,1.6251453755279428,2,"MN"
132691,5.7691739130434785,"NM",10184,1606,"10184_20181231",1.034753702024781,2.4309493628661016,23,8.396230104415157,1.4802521849356194,2,"MN"
48636,4.421454545454545,"NM",10185,901,"10185_20181231",1.0674080175727623,2.8335084257906917,11,11.061028533092937,1.7445187519751282,8,"MN"
39501,7.9002,"NM",10187,315,"10187_20181231",3.530827872141233,1.2943075454631772,5,17.986437419906025,0.842049503515619,7,"MN"
138847,4.628233333333333,"NM",10191,3631,"10191_20181231",0.41388190569624134,4.0014607447125945,30,16.44572409654114,3.5702144652323464,4,"MN"
115625,2.890625,"NM",10194,2335,"10194_20181231",1.4051186464979568,3.1755596602921514,40,8.902898638217868,0.9492441140873306,4,"MN"
73683,5.667923076923078,"NM",10196,828,"10196_20181231",0,1.9700453497798915,13,9.04499604567591,1.2976843666387208,2,"MN"
62321,4.793923076923077,"NM",10197,611,"10197_20181231",0.09635845344682219,2.641121548696571,13,10.030779469262125,1.082961808770563,2,"MN"
72967,3.8403684210526317,"NM",101,1334,"101_20181231",0.8893409488042147,3.0339364871738974,19,14.5778276467896,-1.60990089047643,8,"AR"
27940,4.656666666666667,"NM",10200,389,"10200_20181231",0,2.362428634968319,6,12.439722997715819,0.8822650149110078,2,"MN"
50913,4.24275,"NM",10202,748,"10202_20181231",0.7229722191230614,2.6270725466889617,12,10.583605787114077,2.5384289945000704,2,"MN"
47933,3.687153846153846,"NM",10208,796,"10208_20181231",0.19172211570993572,2.6677821553118743,13,8.642832349878514,0.35641569594966643,2,"MN"
211931,11.773944444444446,"NM",10212,2228,"10212_20181231",0.5211378744614057,2.1590604247714538,18,13.211579854722528,1.5248052607277378,2,"MN"
556823,13.920575,"NM",10214,4384,"10214_20181231",0.9676099445162768,1.1535638772229142,40,15.959209454325757,2.3752328146701607,4,"MN"
206702,6.667806451612903,"NM",10218,2642,"10218_20181231",0.6464578326798488,2.217234310610317,31,8.951732732588793,1.6222964123470944,4,"MN"
271459,6.960487179487179,"N",1022,2477,"1022_20181231",0.6380363179625597,1.578210663099222,39,12.244628024216405,1.1571086590666726,2,"WI"
121618,4.343500000000001,"NM",10236,2106,"10236_20181231",0.5892475929072452,2.94328679233347,28,9.636173617688364,1.4192036145159974,2,"ND"
78531,7.8531,"NM",10243,1046,"10243_20181231",0.11021801661334982,1.9527266794469145,10,10.051575931232092,2.0623444956560757,2,"ND"
2939331,4.7794,"NM",10248,54045,"10248_20181231",0.5170955236031098,3.708299853693852,615,7.800975452322194,1.4520417707169833,4,"ND"
386558,8.590177777777777,"NM",10249,4341,"10249_20181231",2.1382363955443617,1.889583151393046,45,11.707139975796691,0.9506322065736579,2,"ND"
116765,5.3075,"NM",10250,2103,"10250_20181231",0.6381607666243998,3.0404080031384857,22,9.2009622597584,0.7828700330661884,2,"ND"
67439,6.130818181818182,"NM",10253,629,"10253_20181231",0.7867265116748198,1.9450430563129328,11,12.652213954712238,1.4799240645859273,4,"ND"
532827,5.32827,"NM",10255,7439,"10255_20181231",0.013275724733882062,2.1934187621492183,100,8.27340244525373,1.5890016471404578,4,"OH"
216592,4.086641509433963,"NM",10266,2510,"10266_20181231",0.09448597713183986,2.6981958205584107,53,12.791434481987437,1.195421140446876,4,"OH"
266601,5.440836734693877,"SM",1027,2947,"1027_20181231",0.7150361895867383,2.6682231943675463,49,9.745350436717851,2.2558614279652893,2,"AR"
111071,3.2667941176470587,"NM",10280,2001,"10280_20181231",4.151537902937955,3.0610567836305367,34,13.724063905472416,1.209416657436751,6,"OH"
161857,3.5186304347826085,"SM",1028,2778,"1028_20181231",3.7679444790687358,3.843111792436866,46,11.707305173023675,0.9375889173981655,8,"AR"
48228,4.8228,"SM",10306,442,"10306_20181231",0,1.9316314326768371,10,10.361202748418819,0.8173941474579043,2,"TN"
986526,3.667382899628253,"NM",10307,18900,"10307_20181231",0.8954093398043449,3.3165742712034616,269,11.469666959098706,1.9455547016686745,4,"TN"
617322,4.938576,"SM",10308,9225,"10308_20181231",0.5348934235611292,2.5616177289171023,125,8.676236248587498,1.0381113497560923,4,"TN"
89298,5.581125,"SM",10315,802,"10315_20181231",2.6314586191129403,1.9510810336158515,16,9.532137659045025,1.206494621896855,2,"TN"
207823,4.15646,"NM",10317,2886,"10317_20181231",3.7630104083266613,2.4258638541487745,50,16.398887724285803,1.228765294793317,7,"TN"
304393,4.476367647058824,"NM",10318,4856,"10318_20181231",0.08638577929769252,2.9483978386608474,68,5.388467967644214,-0.1959926745374636,4,"TN"
103080,3.6814285714285715,"NM",10319,1907,"10319_20181231",4.05962046715398,4.506141504572478,28,6.224745138895651,0.019228254766684355,4,"TN"
64993,3.24965,"NM",10327,1448,"10327_20181231",0.09973404255319149,3.793540348113115,20,15.626850488149286,1.0034236214906382,4,"TX"
83190,3.7813636363636363,"NM",10330,1496,"10330_20181231",3.058103975535168,3.425618453445503,22,7.675089474881198,1.168711708832191,4,"TX"
264622,6.615550000000001,"NM",10334,5403,"10334_20181231",0,4.41010843562835,40,13.626400237147879,-0.47091358326494265,4,"TX"
408416,6.695344262295082,"NM",10344,4371,"10344_20181231",0.07915047213102637,2.0203507521098603,61,12.713631953304658,1.5527846018325493,4,"TX"
123336,4.1112,"NM",10345,1530,"10345_20181231",0.605621287939017,2.77332360349634,30,8.97791155065055,0.8001510685217369,7,"TX"
39756,3.9756,"SM",10352,697,"10352_20181231",1.142378263937897,3.146182442388927,10,10.224662741888647,1.8173921585862083,2,"TX"
3444514,4.885835460992908,"SM",10359,63783,"10359_20181231",0.9334347122345078,3.2568336028835465,705,13.705139852134158,1.126863778805621,4,"TX"
1517593,2.393679810725552,"NM",10363,40658,"10363_20181231",0.2300274183253061,4.7922224234223725,634,11.157927339425923,1.2894040668592206,4,"VA"
96619,3.5784814814814814,"NM",10374,1256,"10374_20181231",2.8738305680467255,1.9241613223585654,27,12.351404659096966,0.8773923142958138,2,"WI"
150898,5.588814814814815,"NM",10375,2274,"10375_20181231",0.02062213732172705,2.3461280645267633,27,12.569677273381737,1.104383468313535,4,"WI"
286745,4.779083333333333,"NM",10378,4249,"10378_20181231",0.33112582781456956,2.8923535918158048,60,11.324935811158737,1.4341694671995093,4,"WI"
227403,4.838361702127659,"NM",10380,3740,"10380_20181231",0.4630423598010633,2.8139941712059016,47,13.719487597823457,1.3626750944782033,4,"WI"
141783,3.4581219512195127,"NM",10382,2395,"10382_20181231",1.6847548814990028,3.2084855546403945,41,11.754709269391004,0.47926394241945064,4,"WI"
345972,5.671672131147541,"SM",10383,4703,"10383_20181231",1.1320520319479888,2.5879543033701355,61,11.105776873430196,0.9890023890187579,4,"WI"
185983,3.4441296296296295,"NM",10384,2852,"10384_20181231",0.2862628489045074,2.8015287490737952,54,10.03666361136572,0.8718198452478365,2,"WI"
1755606,5.209513353115727,"NM",1039,28804,"1039_20181231",0.37411749838990915,2.7436127750263015,337,11.249344722231275,0.9194513816321201,4,"IL"
107940,4.4975,"NM",10407,1648,"10407_20181231",0.5666018836896397,2.597777186759015,24,18.313300016720234,1.4815009046332956,2,"CO"
5629526,5.183725598526704,"SM",1040,96295,"1040_20181231",1.0358084738020015,3.3422369507180862,1086,10.224858666511247,0.8242282071136429,4,"IL"
201168,4.678325581395349,"NM",10434,3009,"10434_20181231",0.24439976412580902,2.1663752885421306,43,12.102515186505347,0.9514354667138576,2,"IL"
51772,2.8762222222222222,"NM",10437,788,"10437_20181231",2.230589309144846,2.8044823468390767,18,12.217405672297495,0.8966301983442497,8,"IL"
173272,5.41475,"NM",10438,2321,"10438_20181231",2.728256018879199,2.215510338655739,32,11.890952294555223,1.1045169798878998,2,"IL"
89144,5.5715,"NM",10439,1202,"10439_20181231",0.20346107409560435,2.3950281482303852,16,9.4381787073571,0.9945553874834048,8,"IL"
144869,5.1738928571428575,"NM",10446,2005,"10446_20181231",0.14252968143881511,2.228849822066029,28,9.564790442028887,1.0479334309465203,2,"IL"
91743,4.82857894736842,"NM",10458,1282,"10458_20181231",0.20276770517279655,2.5853623940034662,19,8.931813707260517,1.070492958682961,2,"IL"
167003,3.3400600000000003,"NM",10460,3063,"10460_20181231",0.37352566274585736,2.7173562707815933,50,11.57076388479887,2.2491294732067617,4,"IL"
38255,5.465000000000001,"NM",10463,227,"10463_20181231",0,1.2583303630256095,7,9.475168249408135,1.8928961040363783,4,"IL"
90491,3.2318214285714286,"NM",10464,1400,"10464_20181231",0.9056510142050741,3.150661627447194,28,9.140173410404625,0.5057610784665324,7,"IL"
153651,3.747585365853659,"NM",10467,2356,"10467_20181231",5.064657630056485,2.7351081539188273,41,10.164225477141589,0.661831758325313,2,"IL"
42285,6.040714285714286,"NM",10469,562,"10469_20181231",0,1.8707139264781225,7,18.038055756107784,1.283178145549064,8,"IL"
19342,3.8684,"SM",10471,397,"10471_20181231",4.201490851592501,3.259029655521115,5,14.103625227611321,-0.2967750445162567,2,"IL"
138611,4.33159375,"NM",10473,2488,"10473_20181231",0.029094234146240093,3.0924945310072083,32,8.735875288410341,1.4137117856032955,2,"IL"
258059,5.266510204081634,"NM",10474,3701,"10474_20181231",0.915777729537618,2.5139612030487144,49,12.516976185964248,1.3921842453708004,2,"IL"
320783,3.604303370786517,"NM",1047,5589,"1047_20181231",0.2322959723977727,2.8345882987777937,89,10.819280128817024,0.9202066163637763,4,"IL"
25203,3.6004285714285715,"NM",10489,500,"10489_20181231",0.05300353356890459,3.3129376349715334,7,7.457157976146863,0.11452130096197893,2,"IA"
87187,5.8124666666666664,"NM",10492,1373,"10492_20181231",0,2.4533342035579753,15,12.552822170347758,0.7400794390780591,4,"IA"
129766,5.6419999999999995,"NM",10494,1747,"10494_20181231",0.3054305088609037,2.1738205571264007,23,13.934034416826005,1.0071408000837785,8,"IA"
127609,6.076619047619048,"NM",10497,1442,"10497_20181231",0.04681858697903068,1.9790141376421915,21,12.29953347422146,1.8767064600904142,2,"IA"
195912,4.3536,"N",1049,3017,"1049_20181231",1.0864616530772733,2.5097040561759245,45,14.829642860809134,1.0884683133672877,8,"IL"
123094,4.396214285714286,"NM",10500,1881,"10500_20181231",5.263751936711849,2.5548104565799026,28,13.382905598561013,1.0519807762387832,2,"IA"
119215,3.6125757575757578,"SM",10502,2782,"10502_20181231",0,3.7922273805723714,33,11.637147044800367,1.0640263878544187,2,"KS"
66120,6.612,"SM",10503,1066,"10503_20181231",2.8495920946799957,2.346167709588276,10,18.195001140548115,0.9709399933105807,2,"KS"
153890,4.8090625000000005,"NM",10505,1710,"10505_20181231",0.21613224591797106,2.2306486522670474,32,8.763373520953307,0.9992246072831131,7,"KS"
44619,2.6246470588235296,"NM",10514,943,"10514_20181231",0.519684124956451,4.20589430367162,17,9.876486523715505,1.197361482134675,4,"KY"
100825,3.3608333333333333,"SM",1051,1553,"1051_20181231",0.0806431602193494,3.28087204821746,30,8.350040198243489,1.222809745058646,4,"KY"
138623,3.150522727272727,"NM",10520,2917,"10520_20181231",0.2771289808326845,3.9884576893787984,44,8.456530635021018,0.7812066908055401,8,"KY"
324228,4.768058823529412,"NM",10523,4261,"10523_20181231",3.1406179009541115,2.024050966184934,68,12.863012165683502,0.5753520435316359,2,"LA"
137600,5.292307692307692,"NM",10528,1721,"10528_20181231",1.8062868996329984,2.124948681286012,26,10.48513863667358,1.7788128034882569,5,"LA"
160433,3.487673913043478,"NM",10531,2925,"10531_20181231",2.036029500664974,3.411127479205458,46,9.742310567973805,1.1871022740018995,2,"LA"
180484,2.864825396825397,"NM",10532,3019,"10532_20181231",4.683674712809208,3.1540110149454126,63,10.697889232833178,0.9697488728243621,4,"LA"
193425,3.947448979591837,"NM",10533,3814,"10533_20181231",1.6400920466769244,3.248856010489618,49,9.381442766275171,0.9550470686626903,2,"LA"
152424,6.09696,"NM",10561,2383,"10561_20181231",0.16942242355605888,2.5297779454565053,25,10.661272136366652,1.812277675972836,2,"MN"
30705,3.8381250000000002,"NM",10567,828,"10567_20181231",0.32887889763123934,4.344517239097347,8,7.652500161718093,0.509562570313017,4,"MN"
169521,4.708916666666667,"SB",10568,2618,"10568_20181231",1.162769116555308,2.901913898119993,36,9.759296910867711,0.6619329147171518,4,"MN"
48207,6.025875,"NM",10571,680,"10571_20181231",1.9230769230769231,1.7235914745120848,8,11.13551285250811,0.4345737746163171,2,"MN"
101477,4.41204347826087,"NM",10576,1766,"10576_20181231",2.692945210145092,2.82830780643865,23,9.405833136001263,1.2982396488570853,2,"MN"
23383,4.6766,"NM",10582,303,"10582_20181231",2.1493463328163083,2.13358724784878,5,9.546055531070955,0.3747002398081535,7,"MN"
117623,3.360657142857143,"NM",10588,2358,"10588_20181231",2.0952011691371646,3.2661483103092523,35,10.883474056982513,0.7381126124992661,4,"MS"
1946316,7.051869565217391,"SM",1058,25867,"1058_20181231",0.40454855180338084,2.2840449225477846,276,9.378253051954196,0.8183034927780509,4,"MO"
138625,2.7725,"NM",10594,3053,"10594_20181231",1.0937292854302,4.0370592802440415,50,11.163306771186074,0.9962252229025994,4,"MS"
180413,4.625974358974359,"NM",10595,2482,"10595_20181231",0.6039135831741028,2.3745401276502904,39,8.666293111334737,1.778884947354933,2,"MO"
32209,3.5787777777777783,"NM",10597,581,"10597_20181231",1.627906976744186,3.610430928166723,9,9.777764210269249,0.2472489827044868,2,"MO"
114213,2.9285384615384618,"SM",105,1847,"105_20181231",1.7533421105934779,3.4196248420012507,39,9.059199689952525,1.1413775507444197,2,"AR"
300878,2.387920634920635,"NM",10608,5377,"10608_20181231",2.9167887420883503,3.6534237543041423,126,8.586040313176744,0.5992278461940391,4,"MO"
713950,4.51867088607595,"NM",1060,10944,"1060_20181231",0.11967825682428682,2.671069642562835,158,11.53516089913311,2.385499720275493,4,"MO"
499948,5.049979797979798,"NM",10618,6487,"10618_20181231",0.957139951073718,2.3586149794206728,99,14.156446753547113,1.2917732066571264,2,"MO"
1473877,5.117628472222222,"NM",10619,21069,"10619_20181231",0.48629589221255043,2.663805496120801,288,10.434050802175745,0.9353276843295701,4,"MO"
100279,3.714037037037037,"NM",10623,1404,"10623_20181231",0.7443784922951993,2.544064230872271,27,9.097954438847307,1.3530268133985996,8,"MO"
31275,3.475,"NM",10626,518,"10626_20181231",0,2.913323934172604,9,13.039537427723083,0.7829168174275413,2,"MO"
105996,3.925777777777778,"NM",10628,1118,"10628_20181231",0.15327872778655938,2.3933373914005864,27,7.951911402185511,1.12334679873831,2,"MO"
4729390,5.986569620253165,"NM",10634,55417,"10634_20181231",0.27636364015307335,2.1978241178750455,790,10.292546206801537,1.7709740679103607,2,"NE"
12769,3.19225,"NM",10635,345,"10635_20181231",0,4.304172496090857,4,9.546115328702957,0.3538803390667435,2,"NE"
104749,4.18996,"NM",10637,1740,"10637_20181231",1.6815190734040746,2.5636247732064925,25,10.530911463580797,1.5377825724513314,2,"NE"
196320,5.305945945945946,"NM",10639,3086,"10639_20181231",0.7095175551433253,2.9621200639480594,37,11.743931870159079,1.695259141199075,2,"NE"
47467,11.86675,"NM",10641,420,"10641_20181231",0,1.5280465031973056,4,8.78094150971315,1.8884547129169462,2,"NE"
282963,5.240055555555556,"NM",10643,4649,"10643_20181231",1.001418011260184,2.8014225947190305,54,8.634013526157153,1.4381026556479906,4,"NE"
26272,2.6272,"NM",10644,590,"10644_20181231",1.7542467058263216,3.5353229155614834,10,10.198947205449759,0.40165512223956834,2,"NE"
44031,4.4031,"SM",10647,866,"10647_20181231",0,2.737776645002336,10,10.968833556149733,1.4379168259632131,2,"NE"
396389,4.453808988764045,"SM",10663,4485,"10663_20181231",0.40333225778064596,2.8017989249554867,89,9.53904322438515,0.9550239102000705,5,"OH"
1153104,5.057473684210526,"SM",10667,19647,"10667_20181231",0.15863884797248212,3.0264370709340715,228,7.940476843346405,0.8357221889221086,4,"OK"
98205,3.06890625,"NM",10672,1931,"10672_20181231",0.7029945999018165,3.4471824244551517,32,11.650155448701929,1.0520038929129838,4,"OK"
126267,6.012714285714286,"NM",10674,1755,"10674_20181231",0.1826873826190883,2.3066701676493286,21,11.058250638730707,2.7562281685882284,4,"OK"
588729,3.8988675496688745,"NM",10677,8718,"10677_20181231",0.9471545271952453,2.8578892840180847,151,9.410425404433791,0.8349296660074543,4,"PA"
459663,4.78815625,"NM",10678,7065,"10678_20181231",0.29161173213609626,2.6909715214483887,96,10.116722946555031,1.0573275603024295,5,"PA"
435652,5.967835616438356,"NM",10685,5057,"10685_20181231",0.30604638638684656,2.0310130791807226,73,9.407865067195816,1.1457410215357857,4,"PA"
886291,17.044057692307693,"SM",1068,6554,"1068_20181231",0,1.6187572984757697,52,15.351043396856765,1.8245746107262855,4,"MO"
338593,4.285987341772152,"NM",10693,5111,"10693_20181231",1.2426366561777253,3.482391632028502,79,9.948573289785479,1.4531280926932506,4,"TN"
38890,3.8890000000000002,"SM",10704,539,"10704_20181231",0,2.5013086807510345,10,7.4680710994075055,0.5950793603761099,2,"TX"
202352,4.705860465116279,"NM",10709,2978,"10709_20181231",0.6808059986572993,2.6129584940620556,43,11.277332011211056,1.5707081638391223,8,"TX"
36485,4.560625,"NM",10716,567,"10716_20181231",0,2.8578888516792578,8,9.093218903506294,1.2146737125310054,2,"TX"
274037,9.787035714285713,"NM",10719,2208,"10719_20181231",5.273747604708459,1.2744573917794377,28,11.342718318335951,0.8525756449760455,2,"TX"
619880,7.7485,"NM",1071,6011,"1071_20181231",0.005699694496374994,1.6024107523707734,80,11.583591612319626,0.9745836245947345,4,"MO"
160637,3.6508409090909093,"NM",10734,3125,"10734_20181231",0,3.345427915182584,44,10.96595854956709,0.8894510835191904,2,"WI"
536050,4.430165289256198,"SM",1073,6412,"1073_20181231",0.5637770501399382,2.495413601251552,121,17.63399912266755,1.9080919455709833,4,"MO"
70150,4.126470588235295,"NM",10741,1236,"10741_20181231",4.436701039282024,3.2894638338648576,17,8.338814028540401,0.3129257811915136,2,"WI"
121672,6.0836,"SM",10788,1368,"10788_20181231",0,1.9508259374071086,20,12.847753512310476,0.8696759947343835,2,"IL"
211557,10.577850000000002,"NM",10791,1796,"10791_20181231",0.4475660453265388,1.478497628668662,20,13.81596455433803,1.4041353219013033,2,"IL"
110997,3.6999,"NM",10799,1801,"10799_20181231",1.8043461206558407,2.4902991042437055,30,10.730250735520134,1.0742992903005355,8,"IL"
44977,4.4977,"NM",107,673,"107_20181231",6.058110810492883,2.487321478053951,10,11.924311165209692,0.677360756180917,7,"AR"
58548,3.444,"NM",10802,1060,"10802_20181231",0.6891548784911136,2.8101525462868633,17,12.68259958071279,0.9916187837048509,2,"IL"
22628,2.514222222222222,"NM",10803,426,"10803_20181231",1.4467052454732126,4.099394550958627,9,8.636836628511967,-0.6577050598241314,2,"IL"
104414,5.495473684210526,"SM",10804,1603,"10804_20181231",0.5055818575018997,2.533740110657221,19,9.542838253023762,1.284106382611993,7,"IL"
40941,5.848714285714286,"NM",10809,604,"10809_20181231",3.7779491133384733,2.0603595557971577,7,9.3120662364544,0.3713015453910072,2,"IL"
36212,2.785538461538462,"NM",10816,866,"10816_20181231",3.3904880130343704,5.50037021722616,13,5.1656814360865555,-2.4665121690883045,2,"IL"
55023,6.877875,"NM",10820,588,"10820_20181231",0.08266225801290597,1.8479917640682013,8,13.633727252954397,1.0385859225225815,2,"IL"
76214,4.011263157894737,"NM",10821,1155,"10821_20181231",1.9838620452854665,2.307576824318728,19,14.977841891171845,1.3032696927027252,2,"IL"
236137,4.372907407407407,"NM",10828,2856,"10828_20181231",0.7352381742853388,2.095403741126629,54,12.392837447149851,1.2424697801980389,4,"IL"
187415,4.164777777777777,"NM",10829,3406,"10829_20181231",0.41873526904367886,3.1295417658668443,45,12.04172943067214,1.4878612912894231,2,"IL"
247902,7.7469375000000005,"SM",10831,2276,"10831_20181231",0.24256921223963818,1.5401253779486563,32,15.492182382936658,1.465397886936485,2,"IL"
20825,5.20625,"NM",10840,594,"10840_20181231",0.6803665648430992,3.5623458142436677,4,11.027958203897203,0.41909950755807857,2,"IL"
31804,2.4464615384615387,"NM",10843,262,"10843_20181231",3.9631385500452776,2.309965944869241,13,12.742255952574835,-0.43693375313242944,2,"IL"
200387,3.1807460317460317,"N",10844,3390,"10844_20181231",0.8405458645678275,3.0671698083975087,63,11.930806667170991,1.2176688347466038,8,"IL"
143322,4.094914285714286,"NM",10845,1963,"10845_20181231",1.164299491495704,3.0650768935435018,35,9.847238210928506,0.4813400735163421,2,"IL"
210107,4.47036170212766,"NM",10849,2944,"10849_20181231",0.895317787836815,2.4192229996835555,47,9.383137981660209,1.0478041524019668,2,"IL"
187053,3.597173076923077,"NM",10853,4218,"10853_20181231",1.0470565577453939,4.132482559949029,52,9.477217810596192,0.8482933009455405,4,"IL"
107524,2.757025641025641,"NM",10855,1954,"10855_20181231",0.946722290112792,3.612346730345479,39,11.847407190594664,0.4306953325968672,2,"IL"
84797,12.113857142857142,"NM",10858,751,"10858_20181231",0,1.4456796142279973,7,15.164835164835164,0.9183323759828931,2,"IL"
121873,2.8342558139534884,"NM",10860,2219,"10860_20181231",1.8629669272562224,3.3678799574128298,43,11.733476697691609,0.8683790258184723,4,"IL"
267549,6.688725,"SM",1086,3063,"1086_20181231",1.179262274413746,1.8496126217565312,40,12.742882433348084,1.1174742923112375,5,"MO"
72895,4.859666666666667,"NM",10871,1125,"10871_20181231",1.5017866082063145,2.6823641938841534,15,18.265662062229666,2.320870959574648,4,"IL"
18302,3.6604,"NM",10872,349,"10872_20181231",1.6205756671772957,3.1569143463616967,5,10.794157918758557,0.2165978968344217,2,"IL"
33608,4.801142857142858,"NM",10878,576,"10878_20181231",0.9027899120507893,3.156605585294473,7,10.466633798323715,1.129823310583541,2,"IL"
168528,5.106909090909091,"NM",10879,2741,"10879_20181231",0,2.4804836532253334,33,12.054669216788035,1.4867641016610906,2,"IL"
57177,3.5735625,"NM",10883,1082,"10883_20181231",1.3961112367171604,3.121789298980479,16,15.241549759072562,0.6915356042045364,2,"IL"
18262,3.6524,"NM",10885,319,"10885_20181231",3.790301092459366,3.298365834937092,5,9.606316482070403,0.3671031114769782,2,"IL"
474752,3.1440529801324506,"NM",10886,9763,"10886_20181231",0.14555113558550092,4.000100921939018,151,9.175478961107915,1.2309483112894446,2,"IL"
20796,3.4659999999999997,"NM",10896,399,"10896_20181231",3.3276673640167362,2.9919859246154887,6,10.480370176024424,0.3238498496756668,2,"IA"
289055,10.70574074074074,"NM",10903,2750,"10903_20181231",0.9034652892523732,1.4243186367602525,27,12.561446691660324,1.4925099537325581,4,"IA"
78949,4.9343125,"NM",10906,946,"10906_20181231",1.2122362640342788,2.418887337820168,16,10.907675338999546,0.8214598589480635,8,"KS"
278428,5.156074074074074,"NM",10907,4241,"10907_20181231",3.541416027724408,2.3008716453828577,54,12.689734205759493,0.6091490535091426,2,"KS"
202413,4.400282608695653,"NM",1090,3357,"1090_20181231",0.6993607685094381,2.696483492804973,46,16.621343542792648,1.3695859429154547,4,"MI"
111820,13.977500000000001,"NM",10916,1096,"10916_20181231",0.30804349426867284,2.8101546483443625,8,18.55316634737615,1.2056354021988922,4,"KS"
235229,4.276890909090909,"NM",10918,3243,"10918_20181231",4.663154744921747,2.4275258192135305,55,14.502708462836338,1.4063751597458742,2,"KS"
93963,6.7116428571428575,"NM",10919,1176,"10919_20181231",0.2737039911761101,1.788420218180891,14,16.112334210385008,1.0807031264943352,2,"KS"
172502,5.227333333333334,"SM",10920,2175,"10920_20181231",0.6652690426275332,1.9406941433675522,33,18.225329421241717,1.0653885085947503,2,"KS"
125544,3.5869714285714287,"NM",10928,2051,"10928_20181231",0,3.128114946068381,35,10.204804534037484,0.8290314999554285,4,"MI"
99166,3.4195172413793102,"NM",1092,1656,"1092_20181231",1.355124276472591,3.3819688656830125,29,8.931945621865648,0.9807078353505189,4,"MI"
317263,2.884209090909091,"NM",10956,6470,"10956_20181231",1.1262543816357262,3.325238031438957,110,11.672660029177651,1.820971172044979,4,"MN"
94730,3.3832142857142857,"NM",10957,1786,"10957_20181231",5.3248629166841965,2.88603401119902,28,8.142289101100715,0.8228863791273738,2,"MN"
599378,4.105328767123288,"NM",10958,10852,"10958_20181231",2.205144634892799,3.4353443508884087,146,9.615581096128103,1.193997976027821,2,"MN"
250470,3.9757142857142855,"SM",1095,3658,"1095_20181231",2.477985113743579,2.7383844482583206,63,13.000753175363675,1.2638087948414416,4,"MI"
69988,6.9988,"NM",10960,953,"10960_20181231",0,2.130830067026927,10,13.831443831589366,1.5800032469791498,2,"MN"
230522,5.011347826086956,"SM",10962,4016,"10962_20181231",0.13985412139337738,3.245052140551321,46,9.794477982954545,0.9985117948927789,4,"MN"
113409,3.15025,"NM",10965,2745,"10965_20181231",4.274210200289077,4.332955286259031,36,9.816166848664794,1.000187535162843,4,"MN"
132031,4.259064516129032,"N",10967,2596,"10967_20181231",0.055621771950735,3.5843877894065637,31,11.323047578027658,1.0669511869831956,2,"MN"
46018,3.8348333333333335,"NM",10969,838,"10969_20181231",2.76922199406799,2.990570800129809,12,11.346839405269108,2.0215086719792303,4,"MN"
80237,5.0148125,"NM",10971,1320,"10971_20181231",0,3.030709400563229,16,9.398539957361587,1.3557730991015153,4,"MN"
593865,5.0327542372881355,"NM",10973,11044,"10973_20181231",1.1179689281177736,2.9584607749374223,118,11.296141024687433,1.710798872368044,4,"MN"
197133,5.4759166666666665,"N",10976,2570,"10976_20181231",0.0027065796952391264,2.242798980638218,36,11.36509586862787,1.4041607017757607,4,"MN"
111593,5.8733157894736845,"NM",10980,1457,"10980_20181231",0,2.271425952836731,19,9.442949039645969,1.6629407974179062,2,"MN"
33465,6.6930000000000005,"NM",10982,459,"10982_20181231",1.8552565602540532,2.181806991629739,5,17.523371940908074,1.2801575578532742,2,"MN"
130961,4.677178571428572,"NM",10984,2151,"10984_20181231",0.03528843653653282,2.766798418972332,28,10.745414538188209,1.4985187688100645,4,"MN"
79378,5.2918666666666665,"NM",10987,1246,"10987_20181231",0.2724035862897345,2.6816777460222223,15,11.281181323977329,0.02236924518271726,4,"MN"
2069844,5.240111392405064,"N",10988,32984,"10988_20181231",2.43174663201145,3.9098515859796783,395,20.181644207159827,2.5628215395878504,4,"MN"
151667,4.460794117647059,"NM",10989,2468,"10989_20181231",2.03213547569838,2.7622392089811814,34,12.481430372977147,1.7938871693021057,8,"MN"
68687,6.8687,"SM",1098,1018,"1098_20181231",0,2.5807342387201206,10,12.414809625965004,0.4083347287217948,2,"MN"
78544,3.9272,"NM",10991,1393,"10991_20181231",4.374483960735145,3.0868053386636682,20,10.658739779732274,0.8107418743623378,4,"MN"
63364,5.760363636363636,"NM",10993,896,"10993_20181231",0.45478463504472677,2.560230669326324,11,9.123660693398213,1.3205073233782618,2,"MN"
139471,8.204176470588235,"NM",10998,1669,"10998_20181231",0.2661894973454992,1.8105727246711076,17,10.460862146255405,1.7624041232322836,2,"MN"
208873,5.355717948717948,"NM",109,2720,"109_20181231",1.045989640558782,2.0555275937048036,39,11.585034541644026,1.6874921668135492,8,"AR"
756683,5.2914895104895106,"SM",11000,8402,"11000_20181231",0.36406677872452925,2.587733883501076,143,8.69958493806424,1.733707049250419,4,"MO"
140790,4.266363636363636,"NM",11002,1792,"11002_20181231",1.4040476558311143,2.157958202843733,33,13.722680042995341,1.4617726921775642,2,"MO"
67871,2.3403793103448276,"NM",11003,1381,"11003_20181231",2.5219079412885317,3.7134835723499506,29,16.247347237467984,0.46134001062296076,4,"MO"
268350,5.963333333333334,"SM",1100,3963,"1100_20181231",0.2920519755345739,2.652385547564337,45,8.928652889922905,1.411686033714429,2,"MN"
131892,6.941684210526316,"NM",11013,1350,"11013_20181231",1.123946300343428,1.6821711221950464,19,21.664244577210827,1.306829538467172,2,"MT"
4614125,11.281479217603913,"SM",11035,62802,"11035_20181231",0.6538184497574274,2.2284469798066255,409,11.31621954682545,1.1052508892121258,4,"NJ"
13239925,5.682371244635194,"SM",1105,163298,"1105_20181231",0.6842362003836099,2.427181022715057,2330,8.966653015330609,1.4167193661437019,4,"MT"
35267496,5.4074664213431465,"NM",11063,645894,"11063_20181231",0.49170320742777274,3.4550031286913745,6522,9.39347616513169,1.1996556639652132,4,"NC"
22388030,8.735087787748732,"NM",110,170478,"110_20181231",0.4233307004050691,1.7305803891863494,2563,14.252232115584091,1.8958202704968903,4,"AR"
1580962,12.351265625,"SM",11106,8907,"11106_20181231",0.9624900821186557,2.6923113744937917,128,10.865948987909164,1.023299155281961,4,"PA"
1230098,3.2371,"NM",11112,25921,"11112_20181231",0.909716607778849,3.875044171117945,380,8.933594092446043,0.9098032072726454,4,"PA"
398936,4.585471264367817,"NM",11113,5021,"11113_20181231",1.8602461953364513,2.2897445056241112,87,18.779836679435856,0.39377925062556984,6,"PA"
7233529,6.955316346153847,"NM",11124,76102,"11124_20181231",0.7744638233631461,2.045869816414423,1040,9.631190317622838,1.5444625478382816,4,"PA"
47801,3.677,"NM",11133,800,"11133_20181231",0.07750551481547727,3.0984010150151664,13,11.816971159848515,0.6049759269995715,2,"SD"
106950,3.565,"NM",1114,2514,"1114_20181231",1.6922372837030901,3.999905735282921,30,11.234303908362143,0.7368962979345149,2,"MT"
319671,3.165059405940594,"NM",11159,6614,"11159_20181231",0.3565439197282938,3.9869299887072494,101,11.48727380375015,0.5032230086343794,4,"TX"
41842,3.2186153846153847,"NM",11175,764,"11175_20181231",0,4.745773057437589,13,10.001244555071562,1.0071415491668194,2,"TX"
224081,4.3092500000000005,"SM",11178,4177,"11178_20181231",0.7104021533826307,4.588341346153846,52,8.653434773712307,0.5058092948717949,4,"TX"
907505,6.528812949640288,"NM",1117,13006,"1117_20181231",0.10090713756664196,2.8026907251779893,139,8.985738751466785,1.540065423602987,2,"SD"
103360,4.306666666666667,"NM",11181,1746,"11181_20181231",0.9191775418860287,3.22655642517476,24,10.637330486695925,0.9788100327051497,8,"TX"
105878,5.0418095238095235,"SM",1118,1611,"1118_20181231",1.391509118398694,2.4197263140734617,21,12.955941707200044,0.9743355467557848,2,"SD"
1076167,6.080039548022598,"SM",11200,16025,"11200_20181231",0.5891667340749351,3.0268080777853754,177,9.423545508351461,0.553945764711065,4,"VA"
102820,4.673636363636364,"NM",11225,1627,"11225_20181231",0.224256100466733,2.470812907290375,22,10.253991648243675,1.6636150650680213,4,"WI"
318345,4.081346153846154,"NM",11228,4657,"11228_20181231",0,2.3455857589298077,78,19.561509718913147,1.2003217171297627,4,"WI"
362483,4.898418918918919,"NM",1122,6044,"1122_20181231",0.08490010544045352,2.3769233188426346,74,10.224241907115902,1.9893215009487277,2,"SD"
117648,5.602285714285714,"NM",11232,1799,"11232_20181231",0.5133552578808053,2.5616372383341073,21,9.186044524936356,1.3170682027283853,4,"WI"
60496,6.721777777777778,"NM",11235,609,"11235_20181231",1.0109763142692085,1.8513282897269163,9,22.19159318551494,1.0201891863352557,8,"WI"
755829,4.553186746987953,"NM",11236,12624,"11236_20181231",0.7029523374295995,2.8483657649088565,166,10.530083823046864,1.2345466255030677,4,"WI"
15291497,8.425067217630854,"SM",11241,131465,"11241_20181231",0.5802267167117704,1.6445453252499835,1815,11.92724539596911,2.2288961018956743,4,"AR"
123363,4.253896551724138,"NM",11242,1982,"11242_20181231",0.04757163403031309,2.4681642581199026,29,13.493742009817074,1.4896424540150395,2,"AR"
134899,3.6459189189189187,"SM",11243,2375,"11243_20181231",1.2547587247072078,2.9634439705426585,37,11.652316100377853,1.51714163432164,2,"AR"
163841,3.9961219512195125,"N",11252,2952,"11252_20181231",1.145079545762528,2.8462741305853596,41,34.34064603612766,1.2130651794930472,2,"AR"
98127,2.7257499999999997,"SM",11259,2119,"11259_20181231",0,3.868889031720329,36,9.929313239775295,1.4793420815286464,4,"CO"
176495,6.303392857142858,"SM",1125,2796,"1125_20181231",1.5593934538116858,2.39882193601453,28,12.25183257629442,1.7734880125235633,2,"SD"
42174,4.686,"NM",11261,639,"11261_20181231",0.1836298503868268,2.8283155918575966,9,13.011824605648211,1.857694689352166,2,"CO"
210969,3.7012105263157893,"NM",11295,4022,"11295_20181231",0.33363544416860413,3.4683528699274726,57,10.307493465281595,1.1505734767375764,4,"GA"
228258,4.4756470588235295,"NM",11299,5052,"11299_20181231",1.8031911085164154,4.486023161700481,51,9.013057255244755,0.8657407005261041,4,"IL"
21142,4.2284,"NM",11300,351,"11300_20181231",0.8896685671323852,2.76720028391379,5,11.718943560774985,1.2421228310808865,2,"IL"
463223,4.7267653061224495,"NM",11301,5310,"11301_20181231",0.19940416540694417,2.684712558972914,98,8.422881352088144,1.59895167291617,4,"IL"
30620,6.1240000000000006,"SM",11302,281,"11302_20181231",0.32864331929752494,2.0284185223194915,5,16.590994435530675,1.3878653047449152,2,"IL"
526962,5.166294117647059,"NM",11306,9600,"11306_20181231",0.35727315455432884,3.0714540071113157,102,10.026707958743431,1.2455859286535091,4,"IL"
257126,4.675018181818182,"NM",11307,4147,"11307_20181231",0.26112529827939884,2.7213871939080034,55,12.864468462680545,1.4472276385392266,2,"IL"
247938,3.9355238095238096,"NM",11310,3807,"11310_20181231",1.3678375461005667,2.840434155865867,63,10.427006641105859,1.2865542269003782,4,"IL"
29727,4.246714285714286,"NM",11311,440,"11311_20181231",0.02160293799956794,2.8868998287198187,7,12.448403962575675,0.5559699430907785,8,"IL"
94430,3.4974074074074077,"SM",11317,1370,"11317_20181231",1.3577111028018103,2.7787570911188744,27,9.429833833664539,0.08760402978537013,2,"IL"
46791,3.8992500000000003,"NM",11319,662,"11319_20181231",0.47273421831725715,2.7036777842013064,12,14.568724456872445,0.29992567059467873,8,"IL"
70539,3.206318181818182,"NM",11324,1261,"11324_20181231",0.06753288851670763,2.974541878158243,22,8.879105016239624,0.9552448026769464,2,"IL"
173321,4.9520285714285714,"NM",11329,1074,"11329_20181231",1.2430730624905608,2.899921503798606,35,10.878041221137455,1.040144011405526,2,"IL"
49188,7.026857142857144,"NM",11343,553,"11343_20181231",2.0870620354921887,1.7413608017634863,7,13.018806080222886,1.632781834124116,2,"IA"
312008,6.638468085106383,"NM",11347,5547,"11347_20181231",0.9033376224363856,2.498471378913173,47,12.262442857876623,0.9010138668231699,4,"IA"
132637,3.7896285714285716,"SM",11348,3251,"11348_20181231",1.8798756205335225,3.709515182174327,35,10.376856755481315,0.8588134257244032,2,"IA"
168340,4.54972972972973,"SM",11349,2644,"11349_20181231",2.112390687703429,2.671570570976785,37,9.158915472721032,1.4611426998838548,2,"IA"
29219,5.8438,"NM",11351,378,"11351_20181231",2.5800105924188546,2.6597517565027267,5,11.359644762567518,0.6599384057487968,8,"IA"
65650,5.968181818181819,"NM",11352,916,"11352_20181231",0.8637391023571198,2.147582503621569,11,9.889990027424583,0.6070288552672036,2,"IA"
94097,3.3606071428571433,"NM",11355,1628,"11355_20181231",2.6001195457262405,3.3978190543522504,28,13.724064171122997,0.8216037877327163,8,"KY"
204761,3.530362068965517,"NM",11358,2862,"11358_20181231",0.2956024572714555,2.7380233318524216,58,13.150915757929708,2.9566658513330704,4,"KY"
926250,5.089285714285714,"NM",11406,13311,"11406_20181231",0.14266682187989083,2.9297012881272972,182,9.904505065021556,1.306952687089077,4,"MI"
318732,4.086307692307693,"NM",11407,5629,"11407_20181231",0.03971191700699616,3.18592772901045,78,9.734021337336571,0.687902464792662,8,"MI"
112604,4.170518518518518,"NM",11409,1943,"11409_20181231",0.7001889890634198,2.475047940907354,27,10.135068959069743,1.2164895686895918,4,"MN"
53739,4.47825,"NM",11411,1147,"11411_20181231",0.8820465331635605,4.005495825575109,12,8.490460990275405,0.5105411736440627,2,"MN"
144717,4.52240625,"NM",11415,2487,"11415_20181231",1.0929229562830818,2.486107461995045,32,9.403161419772506,1.4344557543499818,2,"MN"
30559,5.093166666666667,"SM",11417,565,"11417_20181231",0,3.268016919894053,6,10.890415397576307,2.474073293185921,2,"MN"
134365,3.4452564102564103,"SM",1141,3499,"1141_20181231",2.7171984067515873,4.194548743367417,39,9.100178058205085,1.5851930170176685,4,"CO"
221634,3.6939,"NM",11423,3923,"11423_20181231",0.38657211379959017,3.429109110662735,60,9.878698519235465,0.9713677987385887,4,"MS"
249316,4.794538461538462,"NM",11431,3492,"11431_20181231",0.07755110833458995,2.5837286186574673,52,11.145894814082215,0.9626595116030217,8,"MS"
73132,3.047166666666667,"NM",11432,1403,"11432_20181231",1.1967581488120786,3.5479867585277964,24,12.111215194341494,0.7590220428691306,4,"MS"
571012,8.157314285714287,"NM",1143,6551,"1143_20181231",1.6566657290787676,2.892307712353662,70,11.30969514153133,0.42933456074807147,4,"KS"
130081,4.817814814814814,"NM",11445,2142,"11445_20181231",0.009837570775856414,3.9900809402863744,27,15.963714214276784,1.5126882359825278,2,"MS"
101277,2.737216216216216,"NM",11446,2221,"11446_20181231",3.573844419391206,3.622313209814682,37,10.799047544695137,0.7905406619380624,8,"MS"
312996,2.7946071428571426,"NM",11448,5282,"11448_20181231",0.7907797248030106,3.5479545062137885,112,10.6363421736051,1.1135228604847702,4,"MS"
468640,6.694857142857143,"NM",11459,6756,"11459_20181231",0.4847082873819835,2.231313971612754,70,10.867614766846765,1.7399297769012994,4,"MO"
121689,3.925451612903226,"NM",11462,1951,"11462_20181231",0.9462167233866607,2.587505583475291,31,9.385149225667497,1.3578672228345883,2,"MO"
131710,5.065769230769231,"SM",11463,1658,"11463_20181231",0.7579014049455894,2.1439817244466397,26,15.946948220114319,1.3042941376223258,2,"MO"
57840,4.82,"NM",11465,856,"11465_20181231",1.5700141442715703,2.664026928176128,12,12.352410056952355,1.0521040303404054,2,"MO"
96700,2.4794871794871796,"NM",11466,1782,"11466_20181231",2.5176610117052545,3.784275822568603,39,8.18151774280167,-0.8509506714532642,5,"MO"
63541,4.887769230769231,"NM",11475,828,"11475_20181231",4.867099523181495,2.6814896265140296,13,11.78109383434034,0.5784597118832152,4,"NE"
167868,6.4564615384615385,"SM",11477,1817,"11477_20181231",0,1.6237801035402764,26,18.119255188098172,1.2397740725253108,2,"NE"
360468,4.450222222222222,"SM",1147,6949,"1147_20181231",3.542158810837548,3.120456651644639,81,12.001290871484942,1.7081725335747648,2,"KS"
260723,4.345383333333333,"NM",11482,4300,"11482_20181231",1.3082704211951135,2.6258686771489814,60,14.983820523936334,1.2262311275365527,2,"NE"
352815,5.783852459016393,"NM",11491,3629,"11491_20181231",1.548242410525991,1.807087391642852,61,11.750164257555848,1.7548807532283,4,"NM"
356496,4.005573033707865,"NM",11492,4757,"11492_20181231",1.8552614421697744,2.4132131348390766,89,13.782745049809373,-0.010874411422481758,4,"NM"
474407,3.413,"N",11501,9138,"11501_20181231",0.5922913081671701,3.194068225179389,139,8.216694989443328,0.5903478546834754,4,"NY"
1929369,4.4973636363636365,"NM",11507,32661,"11507_20181231",0.1478265373213726,2.742404448296793,429,9.747476500420584,1.2745118855219697,4,"NC"
136362,4.2613125,"NM",1150,1773,"1150_20181231",1.004175554849544,2.442654975739515,32,9.216332250081988,0.7910699674212025,4,"KS"
182978,4.81521052631579,"NM",11519,4124,"11519_20181231",0.5151644265406515,3.136270888532136,38,13.950830929817332,1.3215082814518972,2,"ND"
192527,2.1878068181818184,"SM",11521,8240,"11521_20181231",0.015573687239733215,7.193776444096291,88,8.159470434674512,0.677140759330791,4,"OK"
551401,4.753456896551724,"N",11522,8446,"11522_20181231",0.6744182216439665,3.0642386776498656,116,11.209151580239338,1.9762062102270341,4,"OK"
310844,5.977769230769231,"SM",11526,4987,"11526_20181231",0.7883669729608584,2.338660840646528,52,10.640103165330524,1.5962447597603124,2,"OK"
48529,3.466357142857143,"NM",11527,1082,"11527_20181231",0,3.328166493364927,14,11.12766814337495,1.0707341680163587,2,"OK"
328504,3.128609523809524,"NM",11539,4782,"11539_20181231",4.804129520650261,3.0523721187146977,105,7.247394953929278,1.8016052831609022,4,"SC"
246255,5.472333333333333,"NM",11557,2945,"11557_20181231",0.10074386458150296,2.100997607694436,45,12.966201049139922,1.2380588149136653,7,"TX"
490345,7.9087903225806455,"NM",11559,5607,"11559_20181231",0.7280714468886932,1.884790386754728,62,15.935155379851413,1.2769888119410564,5,"TX"
745762,4.053054347826087,"NM",11569,12248,"11569_20181231",0.002546219673944997,3.2208012479629526,184,9.908612110376321,1.1988881765034598,4,"TX"
31320,3.915,"NM",11570,513,"11570_20181231",0,4.02811228010873,8,9.634574123897421,0.5281615751890818,4,"TX"
3006721,6.397278723404256,"NM",11578,46807,"11578_20181231",0.7570969745804744,2.4836835836941002,470,11.828854733691943,1.1287471563042373,4,"VA"
555626,6.313931818181818,"NM",11580,6788,"11580_20181231",0.060271349308803034,2.4479024870717963,88,17.835326095634848,1.5330552025415574,8,"VA"
151145,3.1488541666666667,"NM",11582,2791,"11582_20181231",1.0536079317766351,3.1635816819122566,48,15.822973447341754,0.8601382066085181,4,"VA"
417448,4.348416666666667,"SM",11595,6912,"11595_20181231",0.7129673434303725,2.738380983815307,96,10.38938357908831,1.3798100490794432,2,"WI"
186469,4.336488372093023,"NM",11601,2405,"11601_20181231",2.041183023682035,2.185592171871822,43,12.14149511616142,0.71916657583443,8,"WI"
185286,5.614727272727273,"NM",11603,589,"11603_20181231",0.3021573143546942,0.8725974167083922,33,8.083327990300939,0.17250321203221106,4,"WI"
254553,8.4851,"NM",11608,2743,"11608_20181231",0.018798520505629395,1.6910888394855594,30,12.319187161132925,1.5743461781056276,4,"WI"
179378,3.737041666666667,"NM",11623,4736,"11623_20181231",1.5439518395373562,4.13119957383999,48,10.321626994240276,0.7191450164804066,4,"WI"
105799,5.568368421052632,"NM",11634,1377,"11634_20181231",1.4307522411329088,2.2355878554977378,19,12.361350520872367,-0.042921825657023564,2,"IA"
79836,4.98975,"SM",1163,1293,"1163_20181231",0,3.092396922158436,16,8.625373539798968,0.6451230914594583,2,"NE"
679648,5.35155905511811,"NM",1164,6637,"1164_20181231",0.9494104991083483,2.10769269934837,127,10.298056828809274,1.7045179881138548,4,"NM"
102698,11.41088888888889,"NM",1165,977,"1165_20181231",0.4853782811330322,1.5858396776888006,9,11.241538521735727,2.0493314753791165,2,"OK"
1573696,4.0875220779220784,"NM",11666,29747,"11666_20181231",0.7661511441783259,3.1337670107474547,385,9.372995956609667,1.351763443534557,2,"ID"
126845,6.040238095238095,"NM",11667,1284,"11667_20181231",0.09520722764655835,1.6533779597879172,21,15.985903195593162,1.8561279577765082,2,"IL"
213026,4.733911111111111,"NM",11669,2206,"11669_20181231",2.996091315923639,2.2840205477896114,45,9.024078820738087,0.7995306522965148,8,"IL"
890510,5.53111801242236,"NM",11670,12629,"11670_20181231",0.5509700765916428,2.172961737591845,161,10.048379057016012,1.4419302009515214,2,"IL"
145687,5.023689655172414,"NM",11671,1948,"11671_20181231",2.958505069916808,2.691231984622342,29,12.257304816934578,1.0645853149599045,4,"IL"
172613,5.23069696969697,"NM",11674,2644,"11674_20181231",0.36829254350506707,2.509373762779757,33,12.743468840098885,1.1708470155336639,2,"IL"
192278,9.6139,"SM",1167,1750,"1167_20181231",3.100018032097133,1.5295298196138818,20,8.422032500864384,0.739624175762386,4,"WY"
138396,3.3755121951219516,"SM",11680,2253,"11680_20181231",0.31839921132915017,2.541124262949721,41,12.585231394167998,1.2212305560509014,2,"IL"
15536,5.1786666666666665,"NM",11681,260,"11681_20181231",0.24913987424368253,2.743990923722329,3,12.494975211041135,0.6266325426769742,2,"IL"
77038,4.054631578947368,"NM",11682,813,"11682_20181231",0.2358959783998863,2.0862061069867552,19,16.18453223523356,0.9349765174605275,8,"IL"
85432,7.1193333333333335,"NM",11686,889,"11686_20181231",0.01549266680437926,1.8104460640855964,12,14.207701945580483,1.590256677913024,2,"IL"
141650,5.448076923076924,"SM",1168,1593,"1168_20181231",1.0667174627363207,2.157017646102331,26,14.086061051857302,0.751142902778797,7,"WY"
122073,4.695115384615385,"NM",11699,2009,"11699_20181231",0.4427694715597842,2.8646436700148556,26,13.856743900043556,2.943010371662601,4,"IL"
190698,7.062888888888889,"SM",1169,2500,"1169_20181231",3.179397362118883,2.1768535421294564,27,10.595252769396495,1.1557833153715882,2,"WY"
251542,4.837346153846154,"SM",11702,3616,"11702_20181231",0,2.514727050947792,52,9.752221339305065,1.2883330704363074,2,"IL"
62612,3.4784444444444444,"NM",11706,1071,"11706_20181231",0,2.7672877133052323,18,10.095614381667325,0.4794960590438284,2,"IL"
235862,5.752731707317073,"SM",11708,2140,"11708_20181231",0,1.6748169467505316,41,13.352238236467384,1.3135218832833235,2,"IL"
229975,6.388194444444444,"NM",11711,2511,"11711_20181231",2.269141053787047,1.7661561489038153,36,10.62581258780311,1.9629854717844057,2,"IL"
67897,4.526466666666667,"NM",11715,1005,"11715_20181231",2.3802182894493433,3.1450616353717717,15,9.742872941754731,0.36318153048615087,2,"IL"
16528,5.509333333333333,"SM",11716,241,"11716_20181231",0,2.6791211958444143,3,13.206383998904034,0.7467477171791278,2,"IL"
96919,3.3420344827586206,"NM",11719,1605,"11719_20181231",1.3027549824150058,2.6422869359816548,29,12.233649399193293,1.049587061845894,2,"IL"
456261,5.013857142857143,"NM",11722,5401,"11722_20181231",0.8018885957869787,2.2906575302905,91,9.28941046429224,1.143219072372776,2,"IL"
105858,4.811727272727273,"NM",11726,1869,"11726_20181231",1.5936822898848215,3.1533700651018335,22,11.843268649076272,0.20717613330944276,2,"IL"
716388,3.914688524590164,"NM",11729,17317,"11729_20181231",1.3197658232700014,3.5937707585902956,183,9.494520273557102,0.6213950005247336,4,"IL"
28602,5.7204,"NM",11731,414,"11731_20181231",1.5383005441607367,2.6710422181589935,5,12.987193763919821,0.20808885735338262,2,"IL"
175758,4.62521052631579,"NM",11732,2636,"11732_20181231",0.4220344688852214,2.484093088119934,38,11.665516844889043,0.7169900982533143,2,"IL"
187387,1.1496134969325154,"NM",11734,11630,"11734_20181231",1.8203410259137156,9.331184080708143,163,9.441194813014773,0.671285136913307,2,"IL"
452428,5.1412272727272725,"NM",11739,5912,"11739_20181231",0.5926577678584203,2.1037356868616994,88,10.96056392713933,0.9498375517709258,4,"IL"
216163,6.75509375,"NM",11741,2279,"11741_20181231",0.011330160888284613,2.0506480008275494,32,11.751503006012024,1.068425537784039,2,"IL"
107983,3.9993703703703707,"NM",11746,1519,"11746_20181231",1.0770983668818839,2.2612362651515707,27,9.533338228814804,0.9788264386172788,2,"IL"
197620,3.6596296296296296,"NM",11747,3362,"11747_20181231",2.988995960086737,2.9785777692217192,54,11.592715703266542,0.48419511312956304,4,"IL"
106807,4.450291666666667,"NM",11750,1367,"11750_20181231",0.7542683402198488,2.190518251834128,24,17.267566240958722,0.8339063527824521,2,"IL"
95517,4.77585,"NM",11759,1381,"11759_20181231",3.6788326156790374,2.2175082648692808,20,22.714775178714945,1.1312072055119087,2,"IA"
30583,5.097166666666667,"NM",11761,275,"11761_20181231",0,1.6942931487635264,6,14.048034348584462,1.1306211534302062,2,"IA"
500482,5.560911111111111,"SM",11763,7339,"11763_20181231",0.03179318412379441,2.441574743819067,90,10.401736936821132,1.0260573558560284,4,"IA"
80166,7.2878181818181815,"NM",11764,1168,"11764_20181231",0.12213453588876362,2.4453984014575694,11,11.543342505685603,1.1234582666425774,2,"IA"
264905,6.160581395348838,"NM",11767,3834,"11767_20181231",1.2061429927573595,2.0439803544544635,43,11.196163778339665,1.236634290556332,2,"IA"
895039,6.780598484848484,"NM",11771,11515,"11771_20181231",0.5073709211132853,2.162704638656553,132,10.421780329854277,1.1467248798046579,2,"IA"
313259,4.539985507246377,"NM",11772,3222,"11772_20181231",0.1352441512836331,1.7936156813801403,69,10.37028200936055,1.1114380254150098,4,"KS"
330867,4.660098591549296,"NM",11777,4343,"11777_20181231",0.3155582740213523,2.4920874147585486,71,9.157326949682112,1.3428163326344371,8,"KS"
191458,3.754078431372549,"SM",11778,3083,"11778_20181231",0.44133342307433443,2.5262762762762763,51,9.131057335183975,1.1400686400686402,2,"KS"
175299,4.737810810810811,"NM",11782,2904,"11782_20181231",0.7659217290945337,2.7525079799361607,37,16.9971168010822,0.8384632922936617,4,"LA"
158283,3.2975625,"NM",11785,3158,"11785_20181231",2.8210911415784614,3.81920016646684,48,10.844084818654137,0.7066170569058967,2,"LA"
136057,4.388935483870968,"NM",11788,2647,"11788_20181231",0.01701339332129793,2.9830058602045706,31,9.895551822365057,0.9205222036303943,4,"LA"
168446,3.5092916666666665,"NM",11792,2984,"11792_20181231",0.3039867916282232,3.1535570403851825,48,9.37425749812661,1.8055419082244277,2,"LA"
661164,4.528520547945205,"NM",11807,12310,"11807_20181231",0.22868395281002207,3.340705389360959,146,10.091896900400274,1.056416677415397,4,"MI"
214038,3.34434375,"SM",11810,3690,"11810_20181231",0.21452086799532724,3.005445462892951,64,11.675009880121197,1.038842903496786,4,"MI"
18008424,4.051388976377953,"NM",11813,364379,"11813_20181231",0.6733664049985333,3.446709351836419,4445,9.058354416033449,1.3019482296905471,4,"MS"
56602,3.7734666666666667,"NM",11817,1217,"11817_20181231",1.1536309241961173,3.8567146659959333,15,15.648586817502208,0.8401629322210344,8,"MS"
95405,3.669423076923077,"NM",11821,1934,"11821_20181231",0.8567659515378739,3.6783720053647038,26,9.470681458003169,1.1943477765408181,2,"MT"
173033,4.43674358974359,"NM",11823,3077,"11823_20181231",0.04873061524790506,2.8267495438734347,39,9.265671437454008,1.3827898829892729,2,"MT"
412654,3.4387833333333333,"SM",1184,9227,"1184_20181231",0.03671333656505746,4.04133794835725,120,9.18154366989191,0.8759703544244524,8,"TX"
520719,4.2681885245901645,"SM",11860,6629,"11860_20181231",0.0005496181527883503,2.2142979069853586,122,11.26336354781983,1.4096888373952663,4,"OH"
137920,5.516800000000001,"NM",11862,2090,"11862_20181231",0,2.978799247338219,25,10.489341943898998,0.9992637004312613,2,"OK"
4637481,7.201057453416149,"SM",11866,73776,"11866_20181231",0.3738805093057459,3.088410672727865,644,9.48265117680281,1.3709856927247523,4,"PA"
983134,5.43167955801105,"NM",11868,12929,"11868_20181231",0.5941628578418026,2.542620650224798,181,9.800822168277074,1.2990852153122483,4,"PA"
42941,4.2941,"NM",11891,700,"11891_20181231",4.273192111029949,2.547549360298364,10,17.886562654896498,0.35974039958103704,2,"TX"
138330,9.222000000000001,"NM",11902,922,"11902_20181231",0,1.2445572780007659,15,17.66740813496649,1.3112173259392683,2,"TX"
147556,4.339882352941177,"NM",11903,2727,"11903_20181231",0.14965605363112844,3.205423914676677,34,9.230148857935673,1.4656379083554543,4,"TX"
145753,4.164371428571429,"NM",11904,1844,"11904_20181231",0.3416124105779278,2.4232787493317915,35,13.428808776783812,1.615291884402649,5,"TX"
125703,4.054935483870968,"NM",11905,1909,"11905_20181231",0.1595559250221233,2.6453073284752255,31,12.130338662650988,1.983980496356419,8,"TX"
158719,11.337071428571429,"NM",11907,2113,"11907_20181231",0.17453747568942302,2.231087223826454,14,12.33981869551827,1.893781331196831,2,"TX"
80897,5.778357142857144,"NM",11916,1051,"11916_20181231",0.6967755060522836,2.1976924229558965,14,15.979293127080476,2.133286365106112,8,"TX"
164091,4.207461538461539,"NM",11922,2600,"11922_20181231",0.023535134032588317,3.3316823010600634,39,12.066267603884652,0.6736463740936652,4,"TX"
114651,4.094678571428571,"NM",11932,1668,"11932_20181231",0.14734674928849686,2.9721880147226787,28,7.381088230717362,1.1954018250488208,5,"TX"
34242,3.4242,"NM",11934,706,"11934_20181231",0.15892566252135562,4.104070401931874,10,12.524062299480837,0.6965890356885783,8,"TX"
667645,5.856535087719298,"NM",11935,7804,"11935_20181231",0,1.9029097419278103,114,8.377158770978319,1.029075793548427,4,"TX"
372430,3.513490566037736,"NM",11952,7686,"11952_20181231",0.8831496110520081,4.1682518105436035,106,9.418828670444908,0.7675382638267074,4,"WV"
259912,3.465493333333333,"NM",11953,4581,"11953_20181231",2.1342918790933916,3.1228007414113215,75,13.781772157778011,1.1138353820041382,4,"WV"
3604567,8.155128959276018,"NM",11971,37807,"11971_20181231",0.7421010213125149,2.025017249365357,442,8.735212252766786,1.0421368470472987,4,"ME"
183896,4.5974,"NM",1198,2522,"1198_20181231",0.0017477628635346756,2.748410584743407,40,10.298027919344117,1.5059093069342444,4,"TX"
9725812,9.706399201596806,"SI",12010,111496,"12010_20181231",0.3543160913294205,1.961075660190204,1002,9.855570826507677,1.191657924744192,4,"NJ"
1759208,46.294947368421056,"SI",12013,4912,"12013_20181231",6.26016334020731,0.43326201429674005,38,14.092027862224679,0.5118360746824067,9,"NJ"
546883,7.5955972222222226,"SI",12017,6737,"12017_20181231",1.442153125430579,2.1723955618858035,72,15.708094156779886,0.5285171603444675,5,"NJ"
5788058,11.860774590163935,"SI",12054,123290,"12054_20181231",4.989989560414232,3.723545555076374,488,18.89591873668023,1.712643203768802,4,"NY"
132695,3.4919736842105262,"NM",12079,2996,"12079_20181231",0.9886551534080471,3.7234769297218513,38,12.450236330833347,1.4441419695863407,4,"GA"
19452,4.863,"NM",12086,204,"12086_20181231",0.23105674481821273,2.1605149962276724,4,20.05404077622206,-1.7685848381818363,2,"IL"
182712,5.7097500000000005,"NM",12087,1875,"12087_20181231",1.3593177972194264,1.877187710122869,32,14.652363713798977,1.0129138407055156,8,"IL"
2266909,4.993191629955947,"N",1208,31759,"1208_20181231",0.3544759280096757,2.5272728562420594,454,10.176956312065114,1.0909702495240945,4,"TX"
24429,2.7143333333333337,"SM",12098,438,"12098_20181231",0.8968320536808827,3.59866578150553,9,10.705360741636436,0.8055506080085494,8,"IL"
727918,3.5682254901960784,"N",1209,13177,"1209_20181231",0.898432734008452,3.4511758935937125,204,9.68165108226429,1.0630137708797576,4,"TX"
52173,4.013307692307692,"NM",12107,852,"12107_20181231",1.0635926503837214,2.7822276305047673,13,8.932836533868347,0.10397252044792901,2,"IL"
802720,6.035488721804511,"SM",1210,11924,"1210_20181231",0.3135997321201467,4.881533023181903,133,9.357756508756584,-0.3345121956939107,4,"TX"
376370,8.961190476190476,"NM",12113,3043,"12113_20181231",0.32602365700210983,1.1189128142706521,42,13.374187371394417,1.8670869800015428,2,"IL"
42690,6.098571428571428,"NM",12121,524,"12121_20181231",0,2.1249870139682483,7,11.865291118226017,0.8429115155407384,2,"IL"
161437,4.248342105263158,"NM",12126,2873,"12126_20181231",1.349337269201829,3.1520074215852936,38,9.657373615761818,1.2896023895873525,2,"IA"
113928,7.1205,"NM",12128,1295,"12128_20181231",0.2121610726863835,1.7121503386572283,16,15.489967567372235,1.3582220944647059,2,"IA"
69632,2.9013333333333335,"NM",12135,1873,"12135_20181231",0.27332914903524935,4.2766674891027225,24,10.937813584105049,0.5204035041447942,2,"KS"
87197,3.3537307692307694,"NM",12136,1611,"12136_20181231",2.2921124807860394,2.860256682102249,26,8.951336217283044,1.139998677601534,2,"KS"
39093,6.5155,"NM",12139,559,"12139_20181231",3.207733714160167,2.1129893238434163,6,14.274627483443709,1.319354577806535,2,"KS"
161034,4.02585,"NM",1213,2960,"1213_20181231",0.18756041609556925,3.1366643909473164,40,10.469019727748158,1.292055612625776,8,"TX"
203115,2.7823972602739726,"NM",12149,3136,"12149_20181231",0.19733835565218594,2.8198660947155894,73,11.250517639170988,1.4518679439422484,4,"KY"
141628,4.720933333333334,"NM",12162,2068,"12162_20181231",0.04482455668513439,2.6360459607607853,30,13.59123146357189,1.5058876643444712,7,"KY"
240787,4.914020408163266,"NM",12163,3362,"12163_20181231",3.777238442265296,2.5463421679301117,49,15.161486132914703,1.1423902784728497,8,"KY"
444842,4.493353535353535,"NM",12165,4789,"12165_20181231",0.46253003208217636,2.5466091933285777,99,8.973836554156033,1.305917847914001,4,"KY"
259065,6.024767441860465,"NM",12166,2548,"12166_20181231",0.3026568675652724,1.9922113789853362,43,9.126772074309244,0.8641846018459209,8,"KY"
1335288,4.945511111111111,"NM",12181,22344,"12181_20181231",0.723657865586337,2.764115602996866,270,10.149405128904345,1.4068806965169354,4,"MI"
147494,5.462740740740741,"NM",1218,2607,"1218_20181231",0.1786210879842557,2.5934857782196468,27,8.553768756347397,1.1630468494111577,2,"TX"
104129,6.1252352941176476,"NM",12193,1170,"12193_20181231",0.25010016147243436,1.96282605300151,17,10.257619887598967,1.906596553339928,4,"MN"
134435,4.8012500000000005,"NM",12195,1999,"12195_20181231",0.09408479771768491,2.5186853229268764,28,9.60998047683843,1.411546116519449,4,"MN"
397725,3.752122641509434,"SM",1219,7909,"1219_20181231",0.6077957736688447,3.3364594688724867,106,11.558477339170098,1.0067768376506756,2,"TX"
226828,3.6585161290322583,"NM",12201,4351,"12201_20181231",0.2081959266705339,2.9712837260423814,62,11.171402497942239,1.2169992488524621,4,"MS"
558741,3.8269931506849315,"NM",12203,8704,"12203_20181231",1.7966271826379616,2.9987397270000176,146,13.528510557677839,0.772671601256723,4,"MS"
958362,3.9116816326530612,"NM",12204,14276,"12204_20181231",2.3087656687872866,2.8047604778448756,245,9.737566122191007,0.7224429887273751,4,"MS"
222861,3.2773676470588238,"NM",12206,4843,"12206_20181231",1.90579338387581,3.4081926270318155,68,10.52388399203867,0.8818715303599691,4,"MS"
116894,6.494111111111112,"NM",12207,2279,"12207_20181231",2.307829216682817,3.04207442798674,18,11.006167582772058,0.8743274735034026,8,"MS"
266722,2.7783541666666665,"SM",12208,5266,"12208_20181231",0.31319338982168793,3.7688529380245925,96,9.218279479261648,1.0454259146898532,4,"MO"
170327,3.8710681818181816,"NM",12214,2365,"12214_20181231",0.9328692638623327,2.255711821588049,44,9.421279946273287,1.554472158827905,2,"MO"
353041,1.705512077294686,"NM",12219,24218,"12219_20181231",0.8891135070380354,8.352415590303853,207,13.395598988819327,1.1977953590061896,4,"MO"
92749,4.416619047619047,"NM",12220,1757,"12220_20181231",0.0014496955639315744,3.7212484002637636,21,7.974212530287296,0.8011520155135898,2,"MO"
368874,5.76365625,"SM",12223,3821,"12223_20181231",0.23155966752906684,3.3163656311259184,64,9.497809306907959,0.7031781501171067,4,"MO"
36519,3.04325,"NM",12225,702,"12225_20181231",1.852588509405012,3.5931751188760033,12,9.860865724381625,0.13985412139337738,4,"MO"
61197,4.371214285714286,"SM",12226,901,"12226_20181231",0.5515892013404659,2.6786122859888475,14,9.711758666982547,1.3940550823358675,8,"MO"
6346426,5.785256153144941,"SM",12229,105496,"12229_20181231",0.6037400938236235,2.7172681311998916,1097,12.00738476734189,1.2191709631021441,4,"MO"
214052,4.038716981132075,"NM",12230,3521,"12230_20181231",0.5902132153338818,2.8897794624908197,53,10.126905111626435,1.899474804720823,8,"MO"
108480,4.5200000000000005,"NM",12231,1669,"12231_20181231",0.3294714953144832,2.4438351618097953,24,21.47213040009119,1.5207971126540125,2,"MO"
113588,3.916827586206897,"NM",12232,1537,"12232_20181231",0.5896363051174767,2.4184709010962644,29,11.224850943344858,1.583230480913075,2,"MO"
140064,4.119529411764706,"NM",12236,2791,"12236_20181231",0.03871695381740748,3.246894323853361,34,10.54197321122591,2.1366272754106563,5,"MO"
432110,5.761466666666667,"NM",12241,5286,"12241_20181231",0.255212403121573,2.309755586819977,75,8.403973789520697,1.3445513444461166,2,"NE"
152235,5.0745000000000005,"NM",12244,1971,"12244_20181231",0.768494799543224,2.2295568850397216,30,11.590597412979209,1.5704015130956335,2,"NE"
51530,6.44125,"NM",12246,904,"12246_20181231",0,2.522574632860953,8,12.437048390628421,1.4781966001478197,2,"NE"
282419,3.402638554216867,"SM",12248,5230,"12248_20181231",0.39529028509566916,3.262312536252823,83,9.957371539754135,1.0703635067510617,2,"NE"
382091,4.064797872340425,"NM",12258,5227,"12258_20181231",1.3166893379728095,3.377224715767816,94,9.969600626216376,1.2093340419129086,4,"NM"
334758,5.872947368421053,"SM",12259,3936,"12259_20181231",0.8531077496594738,2.450508447574361,57,9.321858150145168,1.3334479036455313,7,"NM"
7308236,9.822897849462365,"SM",1225,88768,"1225_20181231",0.3328079333064785,2.150322536574151,744,14.036286868367705,1.1894674267798182,4,"CA"
256968,3.8353432835820898,"NM",12266,5111,"12266_20181231",0.7429105354573543,3.7791329253354538,67,7.906605208643872,0.2328375735988668,4,"NC"
100773,4.580590909090909,"SM",12283,1437,"12283_20181231",0,2.3246279365339673,22,15.664638984395662,1.2996597105489731,2,"OK"
19683,4.92075,"NM",12284,293,"12284_20181231",0,2.49607388378696,4,10.1144072086666,0.7748229347588689,2,"OK"
246240,4.104,"NM",12285,4662,"12285_20181231",0.7205105005000237,3.327756088492285,60,9.619052719610114,1.4765239305116604,2,"OK"
19477,3.246166666666667,"NM",12293,438,"12293_20181231",0.3429532807040248,3.2761866001933155,6,14.64441437377838,1.5617846059927762,2,"SD"
81937,4.819823529411765,"NM",12298,1208,"12298_20181231",0.4117326800054444,2.8882914436524185,17,10.809788708339433,2.18903386527884,4,"TX"
677479,4.181969135802469,"SI",12299,14428,"12299_20181231",0.47085546151918584,3.611027944389474,162,12.02791703528949,0.9482861286441401,4,"TX"
144198,2.8274117647058823,"NM",12303,2996,"12303_20181231",0.4696527723028754,4.421514517843064,51,9.55660246639878,0.6801275239107333,8,"TX"
109086,8.39123076923077,"NM",12305,835,"12305_20181231",0,1.3064073379753616,13,13.004202505793176,0.8511314943760043,2,"TX"
95886,5.64035294117647,"NM",12308,1283,"12308_20181231",3.788236627808113,2.921413254910913,17,21.35483202706902,-0.14084951686187278,4,"TX"
104289,4.534304347826087,"N",12309,1382,"12309_20181231",0.0431490451533879,2.4603041384786284,23,9.777328957334007,1.8963862102263405,4,"TX"
142317,8.371588235294118,"NM",12315,1523,"12315_20181231",0.7949908540875193,1.9990033297845835,17,14.63820269824657,0.4855935850680681,2,"TX"
423270,4.809886363636363,"NM",12322,6082,"12322_20181231",0.7172172664702375,2.5459734699834593,88,8.34836454900489,1.54829116655731,4,"WI"
88683,7.390250000000001,"NM",12325,1279,"12325_20181231",0.28636598238516225,2.3728671543515754,12,11.068383404864091,1.5082078626972248,2,"WI"
291045,4.477615384615385,"NM",12327,3675,"12327_20181231",0.3901243681625706,2.0296805052200146,65,12.76396267690522,2.683860820727738,4,"WI"
291633,5.502509433962264,"NM",12331,3402,"12331_20181231",1.8266976752805137,2.2644446159289355,53,11.386727721894882,1.4421683922698028,4,"WI"
119166,3.7239375,"NM",12349,2003,"12349_20181231",0.6209350037103322,2.7623700609603117,32,9.182607809674215,1.4748462430410991,8,"WI"
53520,4.865454545454546,"NM",12354,985,"12354_20181231",0.8637745500168894,2.779757396206844,11,19.32122883628285,1.119365394445709,5,"WI"
75269,5.017933333333334,"NM",12355,1379,"12355_20181231",1.4837855133719287,2.7116327391073107,15,14.817129503831314,2.768125087838713,2,"WI"
231936,5.7984,"N",12365,2733,"12365_20181231",0.874385788081139,2.274063439675025,40,10.725878099627913,0.9510364745765116,2,"IL"
124716588,6.265276198131217,"SM",12368,1880615,"12368_20181231",0.8784180432653705,2.7921961975652225,19906,10.118495911835684,1.4058151609614022,4,"AL"
85274,7.106166666666667,"NM",12372,1238,"12372_20181231",3.328933861269981,2.5064462308509023,12,14.232932678074487,0.989686030638556,2,"CO"
237766,3.6579384615384614,"SM",12373,4440,"12373_20181231",0.6249301065012466,3.116660370823697,65,10.77189827896224,1.0451390130851754,4,"CO"
234196,2.34196,"NM",1237,5315,"1237_20181231",0.12051469043175161,4.1224769671303845,100,10.772107797930115,1.0062394718751475,2,"ID"
1637595,6.8233125,"NM",12383,25344,"12383_20181231",0.11246012730321028,2.5193665042932363,240,8.525585538872612,1.2991601535947543,4,"IL"
145607,4.55021875,"NM",12384,2292,"12384_20181231",1.1087383616639617,2.4639073213817064,32,13.690104095887804,0.9944886809469824,8,"IL"
226556,5.394190476190476,"NM",12386,3147,"12386_20181231",0.5969571944301186,2.2752796894173706,42,10.182587143864117,0.840951984556982,2,"IL"
96416,3.2138666666666666,"NM",12388,1515,"12388_20181231",2.755502933103708,2.7527527527527527,30,13.359494445010704,0.30901346690820375,7,"IL"
36136,5.162285714285715,"NM",12391,465,"12391_20181231",0,1.9974441604622737,7,11.39476433876479,1.080675630625625,2,"IL"
87740,7.976363636363636,"NM",12395,637,"12395_20181231",0,1.7131271942656523,11,11.732738722183628,1.9748390871854884,2,"IL"
394321,4.694297619047619,"NM",12396,4848,"12396_20181231",0.17952929889084326,2.833312551089682,84,10.205763386073121,1.362760990343184,2,"IL"
87305,5.820333333333334,"NM",12402,1258,"12402_20181231",1.111995505197116,2.468931081815586,15,11.569521443054889,0.9788206247869626,2,"IL"
1249716,8.387355704697987,"NM",12406,15565,"12406_20181231",0.026843026648511962,1.9826831156403542,149,10.864090867657724,1.1731100291370011,9,"IL"
142535,4.45421875,"NM",12410,2048,"12410_20181231",0.44034901736932236,2.5230926529058753,32,8.941120120428343,0.9409808391021077,4,"IL"
58037,3.2242777777777776,"NM",12417,1330,"12417_20181231",0.8687485325193707,3.701299574880267,18,12.171800968133692,0.21693214228057905,2,"IA"
55932,3.49575,"NM",12422,872,"12422_20181231",4.956672443674177,2.91923013320464,16,12.100456621004566,0.087745645622336,2,"KS"
14996,2.9992,"NM",12425,271,"12425_20181231",6.573671901102572,4.0706357805956594,5,9.800732004880032,0.431955955135151,8,"KS"
190450,5.9515625000000005,"NM",12426,3069,"12426_20181231",0,2.7705936837419474,32,9.496082708698957,1.7191591769829742,4,"KS"
26488,2.943111111111111,"NM",12432,622,"12432_20181231",4.238537520271266,3.9524286821209476,9,20.58126195028681,0.721531495027475,8,"KS"
12915178,5.474852903772785,"NM",12437,214294,"12437_20181231",0.27355413719691646,3.0352363944476846,2359,10.875477024675874,1.3970288062534784,4,"MS"
71664,11.944,"NM",12438,429,"12438_20181231",0,1.1161744589071563,6,15.190085881332699,1.242058796377888,7,"MS"
28215417,7.336301872074883,"NM",12441,386730,"12441_20181231",1.0331904748536482,2.508844149832006,3846,8.53876987003916,1.2062439742194464,4,"MS"
64622,4.308133333333333,"NM",12444,978,"12444_20181231",2.1171889787199523,2.611449723445343,15,9.391381467462743,0.9442530073474688,8,"MN"
71620,4.774666666666667,"NM",12457,735,"12457_20181231",0.2848954821308159,1.867507068338074,15,11.963927570658434,1.992947165758518,2,"MO"
641357,5.481683760683761,"NM",12484,16024,"12484_20181231",0.7919860280344231,3.5643534886182118,117,9.119665553538098,0.5855428301181669,4,"OK"
165448,5.5149333333333335,"SM",12485,3305,"12485_20181231",0.5322816124584313,2.9275406216107944,30,18.629671919936985,1.6353679150341485,8,"OK"
270732,5.525142857142858,"NM",12493,4300,"12493_20181231",0,2.837325640278055,49,10.752320958599517,1.4190464498902817,4,"NE"
912998,8.695219047619048,"NM",12501,7070,"12501_20181231",2.385073712966888,1.5060254140968354,105,11.63506118229365,1.0974189546149344,7,"TX"
120974,2.468857142857143,"NM",12504,668,"12504_20181231",0.7471711151420921,0.9811494711137135,49,8.579684193390852,0.2997956717291903,4,"TX"
782439,8.066381443298969,"NM",12506,9287,"12506_20181231",0.023962922823050153,1.894739568829857,97,11.105396668264992,1.628836203267775,2,"TX"
68058,6.8058000000000005,"NM",1250,1177,"1250_20181231",17.223953187932214,3.9750478870374444,10,5.0273652425126665,-7.632261454748868,8,"UT"
175044,3.6467500000000004,"NM",12511,3002,"12511_20181231",1.1292404486044876,2.7724160049414097,48,9.940803652861932,1.2888052122371163,2,"WI"
81710,3.142692307692308,"NM",12512,1641,"12512_20181231",0.2557808535654614,3.4484889119754323,26,10.15436594890377,0.8581176788260034,4,"WI"
216513,6.0142500000000005,"NM",12513,2778,"12513_20181231",0.45217609746906995,2.281113127399122,36,12.872238691785407,0.6989832885791805,4,"WI"
363962,4.232116279069768,"NM",12514,6862,"12514_20181231",0.04723820214208877,3.343124371956404,86,10.583775457322748,0.5214619963016036,4,"WI"
1175023,3.8274364820846905,"NM",12517,27407,"12517_20181231",2.4044113833226715,3.774901875283835,307,8.954370409980637,0.7760080225383316,4,"WI"
219637,3.2299558823529413,"NM",12531,3305,"12531_20181231",1.8553459119496856,2.5919496757452922,68,9.265630397236615,0.9642698171209144,6,"AR"
67216,4.801142857142858,"NM",12549,704,"12549_20181231",0.7106231189388028,2.4680907869068314,14,8.586610609909199,0.5112148710433941,8,"IL"
27596,4.599333333333333,"NM",12585,446,"12585_20181231",2.023381294964029,3.4606248858030333,6,9.37799043062201,0.2594555088616846,2,"OK"
601384,9.396625,"NM",12591,4840,"12591_20181231",0,1.48643836335387,64,8.769091498002608,1.47393396479959,5,"WY"
344383,4.9910579710144924,"SM",12592,5273,"12592_20181231",3.049429842690073,2.63055409530883,69,11.645913009854212,0.6537953286037415,4,"WY"
423693,3.444658536585366,"NM",12594,7305,"12594_20181231",0.13785695103392714,3.2032386695815083,123,11.80136547490414,1.4022898268197792,4,"CO"
183411,7.33644,"NM",12602,2363,"12602_20181231",0.6005279597825058,2.04053193183628,25,25.890058732779387,0.975473801560758,2,"KS"
246541,3.9764677419354837,"NM",12608,3808,"12608_20181231",0.347575881034834,2.5967981829268685,62,10.491517515208606,0.9989546667354952,7,"LA"
272071,5.91458695652174,"NM",12609,4130,"12609_20181231",1.821550830689991,2.9713352047867128,46,10.43145389899487,0.901368638140152,8,"LA"
544537,3.6062052980132453,"NM",12611,10643,"12611_20181231",2.425931909927029,3.0120948998318418,151,19.38918124255646,1.020199517704194,4,"LA"
4790262,7.075719350073855,"SM",12614,70562,"12614_20181231",1.651673971022944,2.699272051171307,677,10.8128910786519,1.1604266820521805,4,"LA"
375768,4.52732530120482,"NM",12616,5422,"12616_20181231",0.4975667471882021,2.3326455975977702,83,13.549188853318206,1.448334981283013,4,"MO"
687333,6.082592920353982,"NM",12627,9702,"12627_20181231",5.826829174516514,2.825527821560149,113,12.616174307161533,1.4636470358762377,4,"MO"
2581302,3.875828828828829,"SM",12633,47482,"12633_20181231",0.4756392913755515,3.4638785982500466,666,7.889151454391784,1.1507396178301306,9,"MO"
1520772,6.612052173913043,"NM",1265,17023,"1265_20181231",0.025887252318853183,2.210877948791961,230,11.970221254722265,1.4345456609273428,4,"WA"
94767,5.264833333333333,"NM",12661,1320,"12661_20181231",0,2.447779622126719,18,9.648351176811346,1.1278349669851946,4,"WI"
99736,4.336347826086957,"NM",12694,1563,"12694_20181231",0.3850838932767496,2.8308653491890534,23,12.35421901434535,0.791740810711234,2,"MO"
317343,6.751978723404256,"NM",12699,3785,"12699_20181231",2.3146974165965983,2.107124591172535,47,14.957238142447496,2.0800738798961,4,"CO"
163479,4.302078947368422,"NM",12706,2745,"12706_20181231",0.15384745433182023,2.740992841784778,38,9.492782800736972,0.6884297741029202,4,"IL"
123832,4.2700689655172415,"NM",12716,2206,"12716_20181231",1.0491299897645854,2.707680707735021,29,15.880090408025696,0.6861055244673697,2,"IA"
92675,4.63375,"NM",12717,1708,"12717_20181231",0.11908177905308466,2.8376160519228955,20,11.485798973632985,0.9893310018866311,2,"IA"
59184,3.4814117647058826,"NM",12722,1376,"12722_20181231",2.8861535726981873,3.9747133157048515,17,11.545686300818463,1.0231606362198866,4,"LA"
27850,3.9785714285714286,"NM",12745,676,"12745_20181231",0.16532237863834476,3.6924185341398617,7,14.861126082426072,2.3565435360160905,2,"NE"
67629,2.332034482758621,"NM",12757,1425,"12757_20181231",0.9300729610633534,4.222381889947465,29,7.3214495823038,0.4354574324807699,4,"OK"
43405,3.6170833333333334,"NM",12758,850,"12758_20181231",0.6410063498751092,3.550784850590057,12,12.322457684802831,1.3917078730253867,4,"OK"
478360,4.555809523809524,"NM",12761,8816,"12761_20181231",0.12850977159206634,3.286581027755315,105,9.506212475620757,1.5329276753321932,4,"OK"
1315753,6.3562946859903375,"NM",12769,18442,"12769_20181231",0.06277689679412775,2.486486756841961,207,10.127264027590181,1.7444560262195132,2,"TX"
2183774,4.810074889867841,"NM",12773,39887,"12773_20181231",0.2673503953719255,2.8400470522003096,454,12.12349610380225,1.904970345197652,4,"UT"
315235,5.167786885245902,"NM",12781,4894,"12781_20181231",0.8387516010652484,2.593416568451357,61,12.673825773433418,1.7648808672140102,4,"WI"
394825,4.028826530612244,"SM",12788,7328,"12788_20181231",0.35735389290638453,2.7930768425739916,98,10.008205529459884,1.1386232072904718,4,"WI"
786355,4.94562893081761,"NM",12814,10326,"12814_20181231",3.2801801191041147,2.0084990173808737,159,9.705728189764592,0.8936729537275719,2,"WI"
585157,3.65723125,"N",12815,12136,"12815_20181231",1.5515150295155227,3.732855940121043,160,13.173650620459131,0.8778360759153734,4,"IL"
6542924,6.6291023302938195,"NM",1281,105672,"1281_20181231",0.2968573883764335,2.822167116702564,987,9.546780711944239,1.3096782138837546,4,"WA"
562795,4.613073770491803,"NM",12828,8859,"12828_20181231",1.544563290903908,2.8394811155546633,122,11.060221399853964,1.4515223765986165,4,"IN"
140672,4.262787878787878,"SM",12836,2033,"12836_20181231",0.9830525830730633,2.5469548773028516,33,15.708316752884999,1.1749241034101559,4,"IN"
1743398,5.127641176470589,"SM",12839,25100,"12839_20181231",2.0136163007178376,2.6316673691284267,340,10.29525119487479,1.630733045864367,2,"IN"
4426972,5.398746341463414,"NM",12854,63303,"12854_20181231",0.4529980630155435,2.7073072600359325,820,9.7602897344745,1.3822314206507107,4,"IN"
1056124,10.354156862745098,"NM",12855,10704,"12855_20181231",0.01911148555047298,1.7139665661203511,102,8.708565710499423,1.3246873885527362,4,"IA"
179866,6.423785714285715,"NM",12857,2347,"12857_20181231",0.037061439631032776,1.9659825107823798,28,8.87637010756832,0.6398769989090437,4,"IA"
436231,11.185410256410256,"NM",12858,4504,"12858_20181231",0.18371602908561277,1.7577554588796638,39,8.839350995532879,1.3334287870799877,4,"IA"
34874,8.7185,"NM",12859,157,"12859_20181231",8.676077832888211,1.024719384537773,4,11.005547031747904,0.3198025331964038,2,"IA"
42021,4.6690000000000005,"SM",12865,667,"12865_20181231",1.112377068841449,3.0007638307932925,9,11.27674457872012,1.566307787436802,2,"KS"
203870,4.2472916666666665,"NM",12869,3732,"12869_20181231",0.36176052379220264,3.359910693712806,48,11.95924981719729,1.0473029342359308,8,"KY"
802900,4.641040462427745,"NM",12874,13060,"12874_20181231",0.589335049010332,2.694496324968054,173,9.416309706211239,0.9319669170569523,4,"ME"
246541,3.5730579710144927,"NM",12885,5489,"12885_20181231",1.283549051557168,3.6212445260020503,69,11.069140602570728,0.8621623095854701,4,"MD"
54152,3.610133333333333,"NM",12893,892,"12893_20181231",3.290852826672878,2.8623297359305915,15,20.0969888350062,0.7424979859742131,8,"MI"
88790,2.9596666666666667,"NM",12899,1397,"12899_20181231",0.11632940157991559,2.833890912028218,30,10.672249886826618,0.770737552083684,8,"MI"
1537103,6.00430859375,"SM",1291,17986,"1291_20181231",1.52505354442516,2.289738505384227,256,10.071934615285187,1.4853299831232072,4,"AR"
12122519,7.524841092489138,"N",12923,188753,"12923_20181231",0.8889561139512201,2.426079434927572,1611,9.169454361639906,1.2418183138234873,4,"MN"
551277,4.593975,"NM",12936,8562,"12936_20181231",0.8760048806403212,2.615808579088078,120,11.437096689812185,1.2753949426476345,4,"NY"
1056216,7.088697986577182,"SM",12944,16058,"12944_20181231",0.26170978298031683,2.885533120017524,149,9.668436914187,0.7453666398066076,4,"NY"
464018,4.687050505050506,"SM",1294,7315,"1294_20181231",3.461630436684534,3.0311679160887812,99,9.519179337033565,1.2315095189464718,4,"AR"
140972,4.271878787878788,"NM",12956,2375,"12956_20181231",1.2131591238428283,2.8267127879528795,33,11.422467781891058,0.6485805873703543,8,"NY"
246643,3.914968253968254,"NM",12959,4257,"12959_20181231",0.6288097863399006,3.546961893306646,63,8.790741851629674,0.9254590891529798,4,"NY"
829051,4.024519417475728,"NM",12969,15844,"12969_20181231",0.3051013579381682,3.3556344738844968,206,8.787744384018708,1.191580956129741,4,"OH"
206560,3.2275,"NM",1296,3463,"1296_20181231",0.6378993199115717,3.8127657914244466,64,19.418861714466992,1.0802348718348875,8,"AR"
706505,5.233370370370371,"SM",12978,8323,"12978_20181231",0.44122472781387884,2.8361422391586117,135,8.937215133657379,0.7117019565024829,4,"OH"
65113,8.139125,"SM",12980,414,"12980_20181231",0,1.440981393437812,8,14.251639833035181,1.2135352468157539,5,"OH"
2133513,4.973223776223776,"SM",12982,32286,"12982_20181231",0.4412370500955651,3.132094646742223,429,10.610999781750362,1.3989587100713985,4,"OH"
278330,5.4574509803921565,"NM",12985,3164,"12985_20181231",2.4983521507091067,1.8812286165291185,51,11.852962968343672,1.4101831466132717,2,"PA"
473202,1.4650216718266253,"SM",1299,34437,"1299_20181231",0.95045959474965,10.92824290821364,323,8.581567631974304,0.9065959637990664,4,"AR"
231356,3.7927213114754097,"NM",13000,3873,"13000_20181231",0.6723793787576359,3.082816506477632,61,9.657783006803417,1.6644376802845786,4,"TX"
257403,4.3627627118644074,"NM",13006,3390,"13006_20181231",0.1496069151640787,2.7073459183031297,59,8.54296989300034,1.3685889027014613,7,"TX"
2236658,4.309552986512524,"SM",13012,36135,"13012_20181231",1.1247394219392641,2.9403964301715395,519,9.976081374267448,1.6192200141104012,4,"VA"
121077,4.0359,"NM",13017,1858,"13017_20181231",0.09678492574781478,2.7019933239187597,30,13.480292728836387,1.0015732106540336,8,"WV"
55453,2.77265,"NM",13018,700,"13018_20181231",3.2911241189822005,2.5698534508191186,20,15.820794167053862,0.5242785394133056,7,"WV"
269091,4.48485,"NM",13020,3272,"13020_20181231",2.5558365842157156,2.8601484657218847,60,8.698742877127358,1.2714858481203604,4,"WV"
1114419,7.960135714285715,"NM",13023,12298,"13023_20181231",1.2926404432371605,3.3538969272435484,140,10.47437870910904,1.1377607214900352,4,"WI"
295380,5.573207547169811,"NM",13025,3549,"13025_20181231",0.18805212979970262,2.08758396580904,53,8.322852525558813,1.1205794572626802,4,"WI"
46847,2.129409090909091,"NM",13029,844,"13029_20181231",0.3623626041792487,3.7817285804035476,22,17.374923701879567,0.9362531922358298,7,"WI"
84816,4.464,"NM",13030,413,"13030_20181231",0.012678891230961851,0.8505088175199857,19,8.570890131289653,0.3657435877090317,2,"WI"
211073,4.3076122448979595,"NM",13032,3628,"13032_20181231",1.522609192830686,2.877935725599608,49,11.276321234694125,1.3698712743119488,4,"WI"
201585,4.916707317073171,"SM",13033,3213,"13033_20181231",0.3886103009544396,2.9798904445891985,41,12.886110687604818,1.2301196870383129,4,"WI"
197286,4.93215,"NM",13046,2997,"13046_20181231",0.3801815998225309,2.679382921556578,40,12.071064269095055,0.7865622159774552,4,"WI"
55599,3.0888333333333335,"NM",13054,1462,"13054_20181231",2.701759488148902,4.896184704347123,18,15.829850368199171,0.6032296528703531,4,"WI"
751153,4.7844140127388535,"NM",13055,10955,"13055_20181231",1.3145714869624803,2.390541932555237,157,12.88215787770948,1.1117943222787707,4,"WI"
210352,4.475574468085107,"N",13058,3702,"13058_20181231",1.5389851485148514,3.117613071898025,47,10.447217105167226,0.8860584520131229,4,"WI"
1249639,4.250472789115647,"SI",13063,21738,"13063_20181231",0.37804661977747206,3.2915385931603773,294,11.730890079917351,0.8797953656193701,4,"ME"
308220,2.4657600000000004,"SM",13068,7315,"13068_20181231",0.33362905946594357,3.9856154623022855,125,8.803274236976499,0.9947427969737546,8,"MO"
502415,3.200095541401274,"SM",13071,10259,"13071_20181231",0.5055140980501599,3.0261635709789676,157,11.744499530478508,1.5070973473830933,8,"MO"
147353,5.89412,"NM",13080,2243,"13080_20181231",0,3.0808692301174956,25,9.91994004020032,0.22001328278949514,8,"IL"
424675,4.083413461538462,"SM",13083,8483,"13083_20181231",0.41895377383276317,3.560203771334726,104,8.568988154903927,0.7193706583937803,4,"AR"
4859101,8.786801084990957,"SM",13102,42744,"13102_20181231",0.18534412992674568,1.7196258436715426,553,11.06325974504577,1.771042247594766,4,"IN"
81006,5.062875,"SM",13104,1242,"13104_20181231",0.014433882508196383,2.736751496641978,16,11.245165527474398,0.9787138848497521,2,"IN"
541068,3.7836923076923075,"NM",13107,8998,"13107_20181231",0.22035417552488537,2.996996882113277,143,9.651250390459916,0.9824212398859963,8,"IN"
567813,4.506452380952381,"NM",13109,8925,"13109_20181231",0.9230842207622797,3.2610325815128856,126,9.265001533376495,0.7489514679448772,4,"IN"
159379,3.4647608695652172,"SM",13111,3082,"13111_20181231",0.04795331183936661,3.504495278543919,46,12.166170250043802,0.3493186401703871,4,"IN"
221865,3.2154347826086958,"NM",13112,4405,"13112_20181231",1.2263587982414477,3.460651715477095,69,9.866089745980828,0.8497052262960816,4,"IN"
189116,4.612585365853659,"NM",13113,3187,"13113_20181231",0.24662655712467996,2.6862646805304045,41,15.82029695879816,0.8415710327815531,4,"IN"
373107,3.1619237288135595,"SM",13130,8061,"13130_20181231",0.13893204472968967,3.6256232356905524,118,9.9537011700579,1.216888497018871,5,"IN"
1248390,4.589669117647059,"SM",13150,23930,"13150_20181231",0.3122953458723287,3.7098132897466525,272,10.713306905496012,0.9870706816705435,4,"IA"
227912,4.468862745098039,"NM",13157,3894,"13157_20181231",0.33779354008878787,3.2133320137395143,51,9.506629147076207,0.595179184799732,4,"KS"
119371,4.77484,"NM",13167,1656,"13167_20181231",0.07765670881160969,2.8388350622563325,25,13.55393151982677,1.5759184885951498,4,"KY"
312256,4.52544927536232,"SM",13179,5529,"13179_20181231",0,3.3869932000341065,69,9.578017090015218,1.4165485376875853,4,"MI"
143994,4.114114285714286,"NM",13195,2007,"13195_20181231",3.289729767984996,2.7429550902601205,35,10.03806431750119,0.9846688275667342,2,"ND"
67881,4.848642857142857,"NM",13196,1112,"13196_20181231",0,2.283222944643617,14,13.037668334545888,1.3033967308744,2,"ND"
940029,6.025826923076923,"NM",13198,15011,"13198_20181231",1.3073446121463206,2.7746899839859576,156,8.549816181912476,1.2460044555271204,4,"ND"
6748096,7.481259423503326,"N",131,84056,"131_20181231",0.5579184331396149,2.6700350585232124,902,10.485583440259465,1.157353975919923,4,"FL"
61844,6.871555555555556,"NM",13206,642,"13206_20181231",0,1.695703667536512,9,19.03236035314341,1.0045559664686146,2,"OH"
176421,4.768135135135135,"NM",13209,2673,"13209_20181231",1.0332431784723886,2.7206164296017676,37,11.17912261376154,1.1149506089433419,4,"OH"
341225,4.611148648648649,"NM",13216,4742,"13216_20181231",0.8420621229305859,2.738083628290662,74,11.697233438102659,0.779031545614649,8,"OH"
517332,6.990972972972973,"NM",13220,4491,"13220_20181231",0.037074700224566756,1.5745514030935728,74,10.850366228334897,1.6286390467112908,8,"OH"
454068,4.324457142857143,"NM",13232,6083,"13232_20181231",0.2788573334383294,2.5113519130703255,105,12.488765294771968,1.8912103347479943,4,"WA"
493628,5.141958333333333,"NM",13240,8768,"13240_20181231",0.1639552867015133,2.8908427332137014,96,10.349669010109304,0.8823708009389062,2,"WI"
166758,5.379290322580646,"NM",13242,2434,"13242_20181231",0.7955590127996605,2.3570074417158406,31,11.34704114142402,1.2107001060450309,4,"WI"
123570,4.261034482758621,"SM",13249,1805,"13249_20181231",1.6735276820969505,2.4902485928855524,29,11.830812578942254,0.804751071134875,8,"MI"
57630,5.763,"NM",13251,982,"13251_20181231",0.19600070472163494,2.2315511848592484,10,29.705643137729936,1.4529104596299633,2,"NE"
760302,5.590455882352941,"N",13255,11106,"13255_20181231",0.2114591214721124,2.3024087983701267,136,9.673957573241266,1.4564009337492512,2,"NE"
356290,3.7903191489361703,"NM",13264,7252,"13264_20181231",0.32672519453866544,3.437995369290814,94,9.48305355186858,0.8444095845787493,4,"WI"
140306,2.125848484848485,"SM",13274,3457,"13274_20181231",0.2734081675876543,3.9944108415413244,66,13.249688063219187,0.9468385465445536,4,"OK"
349552,4.723675675675676,"NM",13290,5896,"13290_20181231",1.172009060333585,2.8777963379914553,74,9.83021890630258,1.1266660847501604,4,"NY"
1521214,11.4376992481203,"NM",13292,11615,"13292_20181231",0.19019305756630306,2.0305200997850203,133,8.579483900464153,1.4494959563359717,4,"NY"
908130,5.6758125,"SM",13297,11464,"13297_20181231",0.2471804187121325,2.106723903357818,160,9.539597119888397,0.959174375407753,8,"NY"
312093,0.25209450726979,"NM",13303,92971,"13303_20181231",0.3778458006504687,37.13686199835357,1238,15.496333074226442,1.4323616366744496,5,"AR"
330114,3.929928571428572,"NM",13305,5899,"13305_20181231",0.29678219611215323,3.409165654176322,84,10.238681656067842,1.5832701431799934,4,"IN"
3438760,9.145638297872342,"NM",1331,52279,"1331_20181231",0,2.3580103500961287,376,9.15300862591239,1.4713291331201495,2,"CA"
984997,3.9399880000000005,"SM",13339,20307,"13339_20181231",0.37432535133255185,3.549562420418581,250,11.231490886446812,1.3753199462624175,4,"OH"
844680,4.160985221674877,"SM",13341,14279,"13341_20181231",0.16517751696164593,2.8958048753280936,203,11.17083701770118,1.3698307400788243,4,"OH"
282069,3.8117432432432437,"SM",13366,5440,"13366_20181231",0.8157547347719497,3.2057403115243166,74,11.744723303392306,1.6446464172967468,4,"OK"
86289,4.109,"NM",13380,1366,"13380_20181231",5.245885336383074,3.0093003826744966,21,13.369081049675607,0.548564130387812,2,"IL"
103544,6.902933333333333,"NM",13381,1186,"13381_20181231",0.119280205655527,1.8706899836171753,15,13.56788813041065,1.5173162647159675,2,"MO"
125439,5.226625,"NM",13382,2186,"13382_20181231",1.4389634007729029,2.6186966601192156,24,8.328852389565105,0.7438221907520944,2,"MN"
1072677,26.162853658536587,"NM",13397,3539,"13397_20181231",0.5220862301408972,0.7975274961514662,41,20.945641378613793,0.5842352588086323,9,"NY"
334125,4.074695121951219,"NM",13407,6153,"13407_20181231",2.9641818998695455,3.17766770972883,82,12.516680943806344,0.3571654320320933,2,"TX"
871904,4.764502732240437,"NM",13408,15396,"13408_20181231",0.08611534902592362,3.4374725119961855,183,11.485305988220873,2.2761869650504,4,"TX"
218328,9.097,"NM",13411,2141,"13411_20181231",1.2445221536080007,1.875995764825171,24,13.519805997123152,2.012348627731976,2,"IA"
49037,4.086416666666667,"NM",13413,860,"13413_20181231",0.9170637940010412,3.0220351632755436,12,9.258104110912127,1.42741202044054,8,"KS"
53719,6.714875,"NM",13415,561,"13415_20181231",0.0903150401105031,1.7718426059149737,8,13.207409435167442,1.1407501720324857,2,"OK"
56628,3.331058823529412,"NM",13416,1080,"13416_20181231",0.01346112427309929,2.991957852100791,17,10.164136693337321,3.010302167564315,2,"OK"
4149669,5.14847270471464,"NM",13421,69306,"13421_20181231",0.6690716045963873,3.1099232287692913,806,10.696773706983063,1.7053639253284059,4,"NE"
14673422,5.6392859338970025,"NM",13425,233130,"13425_20181231",0.41143001025291737,2.969475401046457,2602,10.510109444666059,1.309353432577108,4,"SC"
168252,5.257875,"SM",13430,2464,"13430_20181231",1.2976922721176525,2.3720962626056346,32,10.480463820421997,1.7860072880429585,4,"MN"
87415,4.8563888888888895,"NM",13450,1324,"13450_20181231",3.478323233047657,2.7541225269166936,18,9.904343618565527,0.4798381411960831,2,"KS"
442832,3.8175172413793104,"NM",13454,7694,"13454_20181231",0.5464322700578272,2.870855086695538,116,10.28662666065096,1.251627822638568,2,"WI"
65002,5.000153846153846,"NM",13551,1048,"13551_20181231",1.3821027427926262,2.737817472751111,13,10.783987412629733,0.3133279996592938,2,"OK"
259231,4.249688524590164,"SM",13561,4173,"13561_20181231",0.2958962014912229,2.933937140338571,61,9.384647850996148,0.7208747959202677,8,"PA"
412495,5.499933333333334,"NM",13565,6251,"13565_20181231",0.1817413971369905,2.5299918900450176,75,12.735683592037184,0.8928042258893469,4,"WI"
108485,6.3814705882352944,"NM",13580,1382,"13580_20181231",3.2484511554498128,2.3541112839236535,17,13.354836910549455,1.1085740759125056,4,"WI"
30535,3.816875,"NM",13582,460,"13582_20181231",3.02986019776901,2.6449086334308527,8,9.212515611647932,0.5613414078442509,8,"IL"
57075,4.390384615384615,"NM",13584,1090,"13584_20181231",1.4143502148724365,3.0613071394910465,13,9.76699199859316,0.5982710885956646,2,"KS"
272887,4.473557377049181,"N",13599,4673,"13599_20181231",0,3.2267397929388397,61,9.599687503454781,1.1121582552974654,4,"TX"
102497,3.105969696969697,"NM",13600,1400,"13600_20181231",0,3.232379456697844,33,9.54669792887847,0.9512260578289781,7,"TX"
43702,3.972909090909091,"NM",13603,627,"13603_20181231",0.6821170282708744,2.627991246008682,11,9.573501717071009,0.3520431959243712,2,"KS"
26923,5.384600000000001,"NM",13611,397,"13611_20181231",0,2.2317192321480035,5,10.899486110611996,1.0473265057954408,2,"NE"
116246,12.916222222222224,"NM",13616,641,"13616_20181231",9.104565989736392,0.9330308206082546,9,19.408454501036175,0.6993482380333274,2,"IA"
505901,6.022630952380952,"NM",13622,5900,"13622_20181231",1.7635400565401465,2.1276036931531204,84,11.575980792375008,1.515243348081702,2,"NE"
224410,3.937017543859649,"NM",13625,6216,"13625_20181231",0,4.688840419626687,57,10.639403205446616,2.037204208228436,4,"NM"
267517,5.047490566037736,"SM",13632,3643,"13632_20181231",0.1558340050316309,2.6501240541211732,53,11.936960266399653,1.368966432277745,4,"AR"
173051,4.677054054054055,"NM",13652,3120,"13652_20181231",0.9953748625396209,2.973188551977759,37,9.991947117473595,1.075309955920987,2,"MN"
160946,3.9255121951219514,"NM",13654,3051,"13654_20181231",0.7290361426176954,2.7769668934647718,41,13.179042309980895,1.6036796682609902,2,"MN"
226815,6.130135135135135,"NM",13656,3866,"13656_20181231",0.02665572005096574,2.6143929748179304,37,8.889916031122409,1.5550533227137575,2,"IA"
487797,3.8109140625,"NM",1365,8180,"1365_20181231",0.28173818132205475,2.7071252130034478,128,14.105373319815548,1.0326126441488448,2,"KS"
135402,6.154636363636365,"NM",13662,1881,"13662_20181231",0.09955201592832255,2.3904562843797867,22,11.487025130195722,1.4374429361564058,2,"NE"
66224,7.358222222222222,"NM",13669,476,"13669_20181231",0.04406149025751493,1.3505569061124616,9,10.590909090909092,1.1058677725344392,7,"TX"
133745,8.916333333333334,"NM",13692,1219,"13692_20181231",0.25162546376225986,1.7571053602589655,15,9.425029058504455,2.4225657121956483,2,"NE"
18140,3.628,"NM",13696,393,"13696_20181231",1.3564213564213565,3.38453234983246,5,14.788497835017209,0.6465468774596892,2,"NE"
42043,3.822090909090909,"NM",13697,578,"13697_20181231",0.014037714660053343,2.088729601531121,11,13.869855031930268,1.0627677047438084,2,"KS"
450772,4.50772,"N",13703,5597,"13703_20181231",0.7250866732181918,2.308876931278163,100,10.474529967683544,1.2219847912556554,8,"OH"
43871,5.483875,"NM",13710,797,"13710_20181231",0.27586758355989127,2.371256946163018,8,10.44290203703285,0.6614322031991721,2,"KS"
344630,7.332553191489362,"NM",13712,4732,"13712_20181231",1.1242652766995673,2.3348541062601114,47,10.940924777316607,1.1636741966288955,2,"IA"
75444,5.388857142857143,"NM",13715,1124,"13715_20181231",0,2.3977007906223258,14,11.72444714042699,0.5247493312809803,2,"IA"
1248384,6.24192,"NM",13716,15034,"13716_20181231",0.7595400853827821,2.2901872123011264,200,9.599706784160468,1.23109352280867,4,"OH"
1300965,17.3462,"NC",13718,8966,"13718_20181231",0,3.126733182344187,75,87.69676047756506,-4.628986932535858,9,"UT"
13222,3.3055,"NM",13729,242,"13729_20181231",0,3.0521184851893515,4,15.732396517488926,0.7274090738657668,2,"KS"
208319,10.41595,"NM",13735,2167,"13735_20181231",0,1.5043607989439018,20,11.691949105802571,1.7480143236317955,2,"IA"
60949,6.772111111111111,"NM",13736,636,"13736_20181231",0.5267470443638066,1.920756035955234,9,15.280607215614117,1.4558176650201473,2,"IA"
187557,2.9770952380952385,"NM",13737,4235,"13737_20181231",3.084414366423325,4.224753043402629,63,9.628518542158677,0.022804968725371962,8,"IA"
426010,3.6102542372881357,"NM",1373,8690,"1373_20181231",0.5426968509486623,4.239619033275912,118,9.373443546224284,1.6370733548708556,4,"LA"
139794,6.6568571428571435,"N",13748,1827,"13748_20181231",0,3.390734590383672,21,9.793552178056768,0.9063356376369246,4,"NY"
67841,4.522733333333334,"NM",1374,915,"1374_20181231",0.005670541536716756,2.878527915443616,15,12.308463990421178,0.7622270181081227,4,"LA"
194354,9.254952380952382,"NM",13753,1741,"13753_20181231",3.6172268552827833,1.4562350635988375,21,15.855745026180717,0.9504982557972709,4,"IA"
321248,4.794746268656716,"NM",1376,4842,"1376_20181231",1.4717526167874637,2.8157775035814,67,11.61051225978751,1.024424100467412,4,"LA"
44926,5.61575,"NM",13774,718,"13774_20181231",0,2.4601112161081633,8,13.783924019220791,1.13805698916915,2,"IA"
141875,3.2244318181818183,"NM",13775,3013,"13775_20181231",1.4610495970647972,3.379989733447282,44,16.499166060813412,0.7098467989755827,4,"TN"
157160,3.022307692307692,"N",13784,2741,"13784_20181231",0.5376344086021506,2.9925245587215747,52,11.34681638382034,0.8211986658147785,8,"MI"
96274,4.011416666666666,"SM",13787,1218,"13787_20181231",0.2885777240742057,2.521313872932544,24,11.19348054679285,1.3388535947215143,4,"MO"
74151,3.5309999999999997,"NM",13788,1248,"13788_20181231",1.9163697731108196,3.2809706432285624,21,9.986721257054331,0.9430743404621201,4,"MO"
86228,6.632923076923078,"NM",13794,1252,"13794_20181231",3.028402620764775,2.211456037914522,13,11.804437600615945,1.8703689574852904,2,"ND"
94895,5.9309375,"N",13798,1032,"13798_20181231",1.831905937001016,2.164931772827787,16,17.491635065804147,1.4875141578124158,7,"KS"
158635,5.287833333333333,"NM",13801,2091,"13801_20181231",0,2.571797658994597,30,10.418708954028512,1.3600726772426759,8,"IN"
67225,3.201190476190476,"SM",13802,1293,"13802_20181231",1.0752462355881303,3.455036986423458,21,10.657480773712422,0.5213748848816137,8,"OH"
143065,5.7226,"N",13809,2406,"13809_20181231",0.3619605744196384,3.102069763988107,25,9.337154190319282,0.9069803389090777,4,"MN"
130896,4.0905000000000005,"NM",1380,1986,"1380_20181231",0.9491558696505692,2.7741264940543515,32,10.481556607317257,1.4634854644942379,4,"LA"
101412,4.0564800000000005,"N",13813,1637,"13813_20181231",1.294893720987051,2.48495090659853,25,14.000613179527468,1.1314457319406073,8,"IL"
120701,6.03505,"SM",13816,1686,"13816_20181231",0.09730100286374542,2.2469500375316547,20,13.997134198563804,1.6645907399922462,2,"IA"
124309,5.919476190476191,"NM",13819,1943,"13819_20181231",0.7095548797890033,2.8753064436125912,21,10.34891900366971,1.154404758931025,2,"NE"
240671,2.704168539325843,"NM",13821,4704,"13821_20181231",0.7607647446004072,3.203370778102922,89,12.864960152778288,1.4232118742714412,2,"AR"
38911,1.6917826086956522,"NM",13832,1302,"13832_20181231",4.299911837781518,5.946253750629668,23,10.217694813589121,1.6727260781007032,4,"GA"
443520,3.6959999999999997,"SM",13838,9633,"13838_20181231",1.5230296366494473,4.1267223082564275,120,8.912893234699363,1.0051088694347956,4,"KY"
125726,5.714818181818182,"NM",1383,1813,"1383_20181231",0.892789301724793,2.3274304539646486,22,10.095174459347142,0.823196282723292,2,"MN"
308173,4.970532258064516,"NM",13843,4634,"13843_20181231",0.19249816735029632,2.6446069205250313,62,13.8405928664565,1.6690201577004966,2,"IN"
147598,4.341117647058824,"N",13853,2176,"13853_20181231",1.3830954994511526,2.678785886755243,34,9.349428773103972,-0.4734333716799616,2,"IA"
563681,5.420009615384616,"SM",13868,7386,"13868_20181231",0.2871619289550343,2.3817625042531474,104,8.820570234085723,1.1732691001914102,2,"NE"
39822,4.424666666666667,"NM",1386,459,"1386_20181231",0.07148563979647618,2.672890622502158,9,7.532474757308559,1.0422994532723726,2,"MN"
3203027,6.280445098039216,"NM",13876,40146,"13876_20181231",0.5923497878993832,2.559029569453976,510,9.111567596559313,1.2068734591119865,4,"PA"
1803725,5.183117816091954,"NM",13879,29427,"13879_20181231",1.5515025419889594,2.796762743149226,348,10.25009406942963,1.1466704529319893,4,"PA"
115040,5.752000000000001,"NM",13883,1652,"13883_20181231",0.032628024209993965,2.540251215544655,20,9.943731473099383,1.379734897629397,8,"KS"
165268,4.590777777777777,"NM",13887,2053,"13887_20181231",0.7128041352517038,2.5055986824266645,36,13.75124604105942,1.1605340590698654,7,"AL"
26614,6.6535,"NM",1388,254,"1388_20181231",0,2.048624826699507,4,15.30810563621813,1.1966447475428121,2,"MN"
241698,5.620883720930233,"NM",13892,3588,"13892_20181231",0.37307834645275506,2.618711563665692,43,9.418917358940703,1.2623080283630743,2,"NE"
238260,3.4037142857142855,"NM",13897,4307,"13897_20181231",0.2532975984024384,3.597362280894038,70,9.218463263780329,0.8356589402510356,5,"MO"
19885,3.9770000000000003,"NM",13902,349,"13902_20181231",3.596912771224698,2.8933741731435014,5,16.725228390723824,0.2993145696355346,2,"IL"
176609,2.759515625,"N",13905,3896,"13905_20181231",0.20208333333333334,3.8047594122662907,64,10.974474053295932,1.0990770250891582,4,"OK"
334839,3.48790625,"NM",1390,10003,"1390_20181231",0.4005671142086024,4.512982383092968,96,10.29345038012427,1.5622903483368966,4,"MN"
377005,4.236011235955056,"N",13919,7487,"13919_20181231",3.1853234919430906,2.956943475907933,89,11.032410388495386,0.8250485051520118,4,"TX"
54171,4.167,"NM",1391,789,"1391_20181231",0.7784120394395433,2.4740394795131513,13,10.938772418233812,0.9535751559883769,2,"MN"
28731,5.7462,"NM",13926,398,"13926_20181231",0.8822977285526563,2.2322490333716134,5,20.30555084026481,0.5402246519118516,2,"KS"
31296,5.216,"NM",13931,410,"13931_20181231",5.00628201411037,2.088206300783369,6,12.693525430621314,1.1607627202678503,2,"IA"
145908,3.5587317073170737,"NM",13946,2344,"13946_20181231",0.9002906277997509,2.877418870071355,41,13.51698417360537,1.930131519980249,2,"OK"
245654,7.225117647058823,"NM",13947,2774,"13947_20181231",0,1.8661805260968083,34,9.960197999797959,2.0188458178259325,2,"CO"
534839,5.571239583333334,"NM",13951,5443,"13951_20181231",0.011718438728971261,2.0475962563296104,96,9.128163605906568,1.5231284664545734,7,"LA"
619537,7.464301204819278,"SM",13953,7268,"13953_20181231",0.013004705144959824,2.085413683284485,83,13.968044487700244,1.40164105430954,2,"IA"
128798,1.4310888888888889,"NM",13955,4033,"13955_20181231",5.447470817120623,5.180120997545935,90,13.662456946039036,2.2012825063733468,8,"TN"
36994,5.284857142857143,"SM",13956,343,"13956_20181231",0,2.270377197320505,7,10.236373209188905,1.7955086993660927,2,"KS"
53403,4.107923076923077,"NM",13957,914,"13957_20181231",6.040807583141434,2.960424376105146,13,9.88500663423264,0.11848989190076016,2,"KS"
51951,2.8861666666666665,"NM",13959,1420,"13959_20181231",0.5616224648985959,11.726909877648463,18,21.964686372061262,9.122743210981795,7,"KS"
30399,2.3383846153846153,"NM",13960,571,"13960_20181231",0,5.354113350777813,13,7.044153352717244,-1.4291054432527246,2,"MO"
93313,3.8880416666666666,"SM",13962,1887,"13962_20181231",0,3.18823542217723,24,9.53879319730854,1.216950222599571,2,"NE"
86949,5.114647058823529,"N",13983,1025,"13983_20181231",0.988846431890943,2.0598037945613643,17,10.895826703909298,0.9268528223669489,8,"IL"
53654,2.4388181818181818,"N",13986,1821,"13986_20181231",4.643201966119547,7.111463018559452,22,10.722430728895434,-2.2049201060121186,4,"CO"
32833,4.690428571428571,"NM",13990,414,"13990_20181231",0.08667514156939789,2.2847596703067232,7,12.266209476309227,1.5845913842449852,2,"IA"
28332,4.047428571428571,"NM",13999,551,"13999_20181231",1.034959985558698,3.455979640086472,7,11.712594851686454,0.6796277953308124,2,"SD"
1706892,4.491821052631579,"SM",1399,32215,"1399_20181231",0.35430208021984394,3.231207122324118,380,8.83230453622465,1.5099622689436083,4,"MN"
299878,5.879960784313726,"SM",14009,4454,"14009_20181231",0.3906183658565582,2.4106905712735163,51,11.399708025295565,1.7777744737132002,4,"MI"
435574,3.9597636363636366,"NM",14017,6483,"14017_20181231",0.6856896869811204,2.875214919491472,110,10.639191813564386,0.522332802048167,4,"MD"
50695,8.449166666666667,"NM",1401,516,"1401_20181231",0.43373938722775934,1.8639986715376953,6,12.058733557662894,1.6751079375622715,2,"MN"
39670,5.667142857142857,"NM",14024,752,"14024_20181231",0.8482114492661541,3.258203005213125,7,7.447107882012842,1.3007257487478279,8,"KS"
230288,5.355534883720931,"NM",14025,2781,"14025_20181231",0,2.224710572287616,43,9.632794086136705,2.089227089159796,4,"MO"
65065,3.8273529411764704,"NM",14026,1447,"14026_20181231",0.2255517963589496,4.485585646125932,17,15.232366352964005,1.7853761049782824,2,"NE"
1812878,5.239531791907514,"NM",14028,22755,"14028_20181231",0.7632105429777124,2.415220673708322,346,9.787293281368784,0.9205739242349601,4,"LA"
422989,6.6092031250000005,"NM",14029,7321,"14029_20181231",0,2.8948016134136356,64,9.002332248547557,0.8433753095473703,4,"OK"
790105,5.564119718309859,"NM",1402,8767,"1402_20181231",0.8991775925892157,2.163906684460288,142,7.747332605506922,1.5280987940168722,2,"MN"
231019,4.27812962962963,"SM",14036,2749,"14036_20181231",0.6641629373093155,2.156951904159482,54,11.909602317032416,1.597792174465039,4,"MO"
90327,6.0218,"NM",14051,1122,"14051_20181231",0.4484554231603135,1.9999912759377279,15,10.645865054655363,0.9880000523443736,2,"IA"
191723,2.8194558823529414,"NM",14056,3668,"14056_20181231",0.15430805753386398,3.596225024633805,68,13.247968609841948,1.1033460573491543,4,"MO"
195526,7.82104,"NM",14058,2201,"14058_20181231",0.3497396823954897,1.9628694986589024,25,10.943639876313412,0.4277361714718198,2,"NE"
36785,3.065416666666667,"NM",14061,783,"14061_20181231",1.6736053288925894,4.633225604953695,12,10.865702648771288,0.019010890524428992,8,"IN"
947125,4.0303191489361705,"NM",14065,17413,"14065_20181231",0.38944754792554953,3.6137510029797064,235,9.944253892635237,1.4815651097912772,4,"GA"
42129,8.425799999999999,"NM",14069,693,"14069_20181231",0.914929180962435,2.4772502284495888,5,23.320285516923786,1.3040664026804751,2,"NE"
661748,3.446604166666667,"N",14073,12818,"14073_20181231",0.4545589020975491,3.33211433652011,192,9.388676877720147,1.3811502942356146,4,"MI"
815070,4.289842105263158,"NM",14078,15664,"14078_20181231",0.42001721204554515,3.5990703164733144,190,9.378564258235533,1.0888515415542583,4,"WI"
561866,4.802273504273504,"SM",14079,11620,"14079_20181231",0.023895702287662086,3.053160201603422,117,11.690852852114967,1.7599779630262897,2,"IA"
9703,1.9405999999999999,"NM",14083,280,"14083_20181231",0,6.814977283409054,5,12.482510493703778,-0.07833307222309259,2,"KS"
19189,3.198166666666667,"NM",14084,324,"14084_20181231",11.538461538461538,2.9758876793163087,6,9.24481239717667,0.14752263709431274,2,"KS"
78643,3.744904761904762,"N",14095,1077,"14095_20181231",1.9188271438581361,2.636474002594791,21,10.247466539828503,0.47024066943513804,7,"TX"
37873,4.734125,"NM",14096,724,"14096_20181231",0,3.1389299713514465,8,10.37074958236784,0.8299806596407037,2,"NE"
282377,3.5743924050632914,"NM",1409,4094,"1409_20181231",0.7691096553797121,3.7389239542116086,79,8.769369510958438,0.5520593518027914,2,"MN"
287279,3.191988888888889,"NM",14113,5011,"14113_20181231",0.10220376876397318,3.0500985557371165,90,10.338903419888226,1.04747528779008,4,"IN"
650505,4.117120253164557,"SI",14134,13258,"14134_20181231",1.1060710583211615,3.5897419916765476,158,9.897026781164717,0.638359865441157,6,"VT"
184805,3.300089285714286,"SI",14136,3983,"14136_20181231",0.9786942029932685,3.94642844757631,56,10.757228236294,0.12715498805899067,5,"VT"
108121,4.505041666666667,"NM",1413,1424,"1413_20181231",0.7577424933186606,2.138874107162933,24,8.920222982152058,1.014630161216582,7,"MN"
1033301,6.458131249999999,"SI",14140,14275,"14140_20181231",0.592140902761531,2.719373094706749,160,11.525365602723953,0.6131174932863989,4,"VT"
804593,4.1261179487179485,"NM",14158,14401,"14158_20181231",0.3026467666618185,3.842813467670996,195,8.00302898901096,0.9510482234270543,4,"VT"
120476,4.154344827586207,"SB",1415,1959,"1415_20181231",1.779073894057924,3.0594045115262487,29,10.49062691683962,0.9613798507154934,4,"MN"
266945,2.99938202247191,"NM",14168,6102,"14168_20181231",1.6524771282984723,3.8791586037719776,89,12.271530831109093,0.6932407716760133,4,"VT"
73277,7.3277,"NM",14178,918,"14178_20181231",0,2.0308384577526106,10,15.775470740705186,1.1479240017523078,2,"MO"
183379,3.820395833333333,"N",1417,3008,"1417_20181231",1.904655153088059,2.976697527108265,48,11.991432510671205,1.2026365942262862,4,"MN"
266627,5.441367346938776,"NM",14184,3286,"14184_20181231",1.0775950277438329,2.760013891758056,49,11.684351069804114,0.779914433955768,4,"AL"
376995,4.54210843373494,"SM",14185,6378,"14185_20181231",0.2235211149759147,3.1310841430757885,83,12.50044513352636,1.5606969064035918,2,"MO"
141956,3.943222222222222,"NM",1418,2487,"1418_20181231",0.12151119108794256,3.1751668098037915,36,8.290722401536058,1.2792880579595252,4,"MO"
254790,6.36975,"SM",14195,4197,"14195_20181231",1.421147139839612,2.3284487478859877,40,12.321367088407213,1.6265849705585378,2,"IA"
1250198,4.513350180505416,"NM",14207,24952,"14207_20181231",0.5960417788908866,3.4852729141000625,277,10.120325094708033,1.1063371509872115,4,"IA"
128399,4.755518518518518,"SM",14208,1833,"14208_20181231",0.10453268850518255,2.1979378311148245,27,10.637044715638694,1.2168568697820734,2,"IA"
796065,5.810693430656935,"NM",14209,11216,"14209_20181231",0.1426409420539639,2.3885704214972896,137,14.147930778719983,1.5050411078974109,4,"IA"
36545,3.0454166666666667,"NM",1421,557,"1421_20181231",0,2.760265519196771,12,8.925736961451246,0.2835318055972514,7,"MO"
491884,5.019224489795919,"SM",14222,6860,"14222_20181231",0.34907351379739465,2.5032168769801366,98,9.190366909527741,1.422138961876854,2,"WI"
107611,4.678739130434783,"N",14225,1586,"14225_20181231",2.9710881882899898,2.90586739490198,23,9.71081033832338,0.7436861141981687,2,"IN"
144326,6.8726666666666665,"NM",14230,1808,"14230_20181231",0.630618871249327,2.3911336187747656,21,9.491712475640336,0.9696572914789817,4,"IA"
922168,4.391276190476191,"NM",14240,18549,"14240_20181231",0.3475784372344778,3.133377417647651,210,9.656672656767237,0.39935626799944157,4,"NH"
161035,5.964259259259259,"NM",14247,1889,"14247_20181231",0.03700414446417999,1.7582233969027927,27,15.114869236906415,1.5436669780582835,2,"IA"
84253,1.7552708333333333,"NM",14251,5809,"14251_20181231",0.6436520876160771,9.011204829724555,48,9.532374100719425,-0.2906084262381911,4,"IA"
55174,3.941,"NM",14260,1181,"14260_20181231",0.3702743733106232,3.2152523089751472,14,21.798103895181622,0.7137153477065712,2,"OK"
609929,4.452036496350365,"SM",14264,11195,"14264_20181231",0.21584607941647127,3.029633982481849,137,8.86425442348872,1.0332639306360727,4,"NE"
611215,4.7751171875,"N",14266,10708,"14266_20181231",1.034644248232378,2.7921999467873255,128,11.207943262411348,1.7339711472672166,4,"WI"
347756,9.151473684210528,"NM",14269,3273,"14269_20181231",0.028528533882983088,1.4069667264302512,38,9.388966953952513,2.173318276014623,2,"KS"
738397,4.36921301775148,"NM",1426,11130,"1426_20181231",0.520142768021112,2.6009231445527146,169,11.159654778449328,1.3245551356579224,2,"MO"
116761,6.868294117647059,"NM",14275,1276,"14275_20181231",0.005792735909169901,2.026144500284022,17,10.798738370453904,1.9420233223704442,2,"NE"
473516,3.9791260504201684,"NM",14276,8978,"14276_20181231",1.522026489563789,3.2182114485718296,119,10.115160922001,1.624042936041024,4,"MI"
63468,4.533428571428572,"NM",1427,1229,"1427_20181231",0,2.7267237800505715,14,13.37591583693406,1.209256393805588,8,"MO"
67540,4.502666666666667,"SM",14281,1324,"14281_20181231",1.1241878975475357,2.9503243579489915,15,12.709724395420533,0.7198080511863503,2,"NE"
90214,2.8191875,"SM",14291,2095,"14291_20181231",0.8163601880102251,4.104403487473789,32,13.082639548527686,0.975609756097561,4,"IA"
90658,4.120818181818182,"NM",14293,1317,"14293_20181231",0.5182402462206934,2.505113496298961,22,12.57227935320799,1.0959871546307955,2,"MO"
166724,11.114933333333333,"NM",14311,1701,"14311_20181231",0.6190424556665057,1.5027896058455987,15,9.637995325518743,0.9956432336567117,2,"NE"
324313,8.534552631578947,"SM",14312,3084,"14312_20181231",0,1.7075940345852838,38,13.024426005531675,1.1727564816119953,2,"NE"
66239,2.8799565217391305,"NM",14316,1422,"14316_20181231",1.1481286049600612,3.8978018352659425,23,8.987824712337929,0.5299910802653927,8,"WI"
298219,11.045148148148147,"NM",14327,2920,"14327_20181231",0,1.8245714634468293,27,14.97557200377756,2.2663434338846553,4,"NE"
335689,2.5239774436090228,"SM",14331,8770,"14331_20181231",0.4114888251493969,5.135119187379451,133,8.551587660711808,1.7413121859891059,8,"OK"
419362,4.368354166666667,"NM",14333,7273,"14333_20181231",0.1729989857166066,3.140881746419074,96,13.7536905985086,1.075005637796379,4,"PA"
372601,5.104123287671233,"NM",14334,4699,"14334_20181231",2.6231674127187836,2.4914469920890077,73,10.760630920494808,1.43697445589966,4,"MO"
36608,5.229714285714286,"SM",14344,581,"14344_20181231",1.5075175943698016,3.1772940756259964,7,10.280424573119419,0.8689579435017407,2,"KS"
141181,4.41190625,"SM",14345,2530,"14345_20181231",0.07480674923115285,2.9591466660427135,32,9.605762159512034,1.7446315654010165,2,"KS"
106103,4.080884615384615,"NM",14349,1548,"14349_20181231",0.7828334480001488,2.563006852570097,26,9.285973463043415,0.5700893746838159,8,"MO"
165375,5.702586206896552,"SM",1434,2244,"1434_20181231",0.30639636301190337,2.0668152002091085,29,12.242925480504544,1.4606489837069492,2,"NE"
121734,4.0578,"NM",14352,2205,"14352_20181231",1.4304246893349721,2.9889477663356976,30,9.466599360592294,1.0351515679822172,2,"IA"
284218,4.119101449275362,"N",14355,4723,"14355_20181231",2.407987899778601,3.1004395968890064,69,14.382164108151994,0.6651747797887378,4,"OH"
1255174,5.363991452991453,"NM",14359,15012,"14359_20181231",1.3601465335301215,2.2427820182591462,234,7.724414748662048,1.0100660693901553,4,"PA"
938232,7.690426229508197,"NM",1435,8144,"1435_20181231",0.4092750828782043,1.5166483169849312,122,9.567697453160008,1.790840238024754,4,"NE"
155145,2.2484782608695655,"NM",14361,4623,"14361_20181231",16.95241009361165,8.972784062773778,69,2.7477496877557175,-4.279272845008189,4,"WV"
22089,3.6815,"NM",1436,473,"1436_20181231",2.7877857185045185,3.6184606272615376,6,10.278214252703577,-0.37017500023135935,2,"NE"
408234,4.041920792079208,"N",14370,7799,"14370_20181231",0.36519627383281306,3.334267330159095,101,11.34856432592244,0.8345168745189621,4,"MI"
819071,4.525254143646409,"NM",14382,9504,"14382_20181231",0.29181276155698105,1.950547804018703,181,8.912460089172809,1.130266429944851,2,"IA"
75940,4.4670588235294115,"NM",1438,1411,"1438_20181231",0.14336046652897583,2.7704205954020553,17,17.096986445584943,1.0673800190698168,2,"NE"
136218,9.729857142857142,"NM",14392,1489,"14392_20181231",0.852375998094689,2.0560830400814467,14,25.477051171886572,2.067149149016223,2,"IA"
69714,2.78856,"N",14399,1303,"14399_20181231",0.5149020934340587,3.205064709761227,25,12.558764271323037,0.8759095167073728,7,"TX"
117422,7.828133333333333,"NM",1439,1032,"1439_20181231",0,1.728238953491532,15,16.300227445034114,2.6476113527545846,4,"NE"
23273,2.585888888888889,"N",14400,376,"14400_20181231",0.18627177051317872,3.055864228709971,9,15.61725798158276,0.3367343502710712,8,"WI"
47055,5.2283333333333335,"SM",14404,511,"14404_20181231",0.8368200836820083,2.3709914732942154,9,9.755772350496677,1.3406073283579443,2,"TX"
403484,4.920536585365854,"NM",14410,8345,"14410_20181231",0.17993368736016388,3.049184910359198,82,8.716337151835868,1.282797352070442,4,"IA"
132935,4.747678571428572,"SM",14413,1841,"14413_20181231",0,2.419117369474121,28,10.261638563049853,0.8675299180792027,2,"IA"
117943,9.07253846153846,"NM",14415,1333,"14415_20181231",0.05951141131311929,1.8962686850189356,13,14.783744320397595,2.206895555326799,2,"IA"
187112,3.74224,"NM",14420,3913,"14420_20181231",0.9034374479207783,3.355406285233354,50,12.809065037466386,1.002546064715566,2,"KS"
252354,3.320447368421053,"N",14427,4703,"14427_20181231",0.7950535631703315,3.2785799971924092,76,11.56903223649569,0.9324072537934378,8,"LA"
403201,7.607566037735849,"NM",14445,3765,"14445_20181231",1.8049576707108907,1.6526077188780681,53,10.66947237160003,1.0787611354162212,2,"WI"
150548,5.376714285714286,"N",14468,2300,"14468_20181231",2.91039011201236,2.4991851971549,28,14.775268641248024,1.0537660324442168,2,"WI"
216271,3.604516666666667,"NM",14488,3961,"14488_20181231",1.8239784852953935,3.393751266601751,60,11.846485216369688,0.7374711461942633,4,"MO"
135384,4.367225806451613,"SM",14491,2171,"14491_20181231",0.19460661662496526,2.727229118285274,31,15.169291918151037,1.4651978475629885,8,"VA"
399620,4.0365656565656565,"NM",14492,6386,"14492_20181231",0.6951562011339252,2.8908713211645733,99,9.675850597934197,1.2456107051342888,2,"MO"
391118,3.8724554455445546,"NM",14507,5947,"14507_20181231",0.37841119808332924,3.179012100036876,101,9.53903536977492,0.7709429327136077,4,"WV"
262070,3.3598717948717947,"SM",14513,5534,"14513_20181231",0.2608649041410815,3.639607706002035,78,9.161506606192074,0.718066505595117,2,"MI"
1273574,5.114755020080321,"SM",14521,21849,"14521_20181231",0.614846644596935,2.567626784682036,249,9.37521694127044,1.0706538291802117,2,"IA"
243250,4.964285714285714,"NM",14522,3271,"14522_20181231",1.3491404860699467,2.675731144176501,49,11.074087505599762,0.7230203523174278,2,"IA"
106709,3.9521851851851855,"NM",14523,1569,"14523_20181231",1.9553205677812708,2.8842654608243192,27,10.980088558237899,0.8304361628816328,2,"OH"
4367991,6.568407518796993,"N",14531,61487,"14531_20181231",0.7596218523077665,2.4063324135456856,665,13.310251610510845,2.0519073777068484,4,"TX"
168235,3.433367346938776,"N",14534,3213,"14534_20181231",0.20570212031416324,3.599214949208237,49,11.719207557739807,2.042538501371282,2,"AR"
341252,4.611513513513514,"NM",14546,3589,"14546_20181231",0.16439088849735717,2.0429656702749526,74,10.093870497507758,2.0641943509301406,4,"MO"
71152,4.185411764705883,"NM",14556,1229,"14556_20181231",0,2.716939364221851,17,10.30368296360112,0.6064724807735319,2,"KS"
88566,5.209764705882353,"NM",14560,1240,"14560_20181231",0.9860411657063352,2.636724536351247,17,11.307141713736879,0.5143094151804231,8,"WI"
87694,5.158470588235295,"NM",14561,962,"14561_20181231",2.0184696569920844,1.8929683208203627,17,14.884164121874498,0.8400476103277787,5,"IN"
803576,5.184361290322581,"SM",14562,13330,"14562_20181231",0.15726205529002785,3.304340849706997,155,10.363312339775828,1.0980606875519172,4,"TX"
333845,4.838333333333334,"N",14567,4771,"14567_20181231",0.8507577338584704,2.261632353252343,69,11.17821853936656,1.0978680442411803,2,"IL"
47788,4.7788,"NM",14574,825,"14574_20181231",6.212984054669704,2.5735759183085936,10,10.439796884413461,0.6215840141677536,2,"MN"
758911,4.773025157232705,"NM",14578,13889,"14578_20181231",0.1710694897924345,2.973876805641047,159,8.898787462511985,1.2026026462980355,8,"IN"
55901,5.5901000000000005,"NM",14581,674,"14581_20181231",1.2705981770990522,1.8887387322627487,10,14.309042661767707,1.5077562287045159,2,"NE"
214621,3.353453125,"N",14584,3602,"14584_20181231",3.64731967621816,3.0460631762820243,64,11.64356863426524,0.49457939105088944,8,"CO"
246378,0.6317384615384616,"NM",14587,25757,"14587_20181231",0.41793411290253085,15.086521130824043,390,9.412377015543834,0.9139938389757685,8,"MI"
259013,4.316883333333334,"SM",14597,4430,"14597_20181231",0.48989694484524615,2.8356718310371267,60,10.280485409598047,2.1839044002231094,8,"AR"
129272,5.8759999999999994,"NM",14604,1340,"14604_20181231",0.24943137292379441,1.957294542464883,22,9.213071126858628,0.9856542922675188,2,"MO"
143106,3.6693846153846152,"N",14619,1841,"14619_20181231",0.5344735435595939,2.457546716374868,39,8.691361092131327,0.9710374497240832,8,"NY"
427673,4.805314606741573,"NM",14633,6967,"14633_20181231",0.9224565071984726,2.873208135693497,89,9.322172119351434,0.3323251244346962,2,"IA"
51704,3.9772307692307693,"SM",14636,851,"14636_20181231",0.2861503243037009,2.688847079548923,13,12.34305853140832,0.7823154218515184,2,"KS"
40014,6.6690000000000005,"NM",14639,625,"14639_20181231",0,2.501407827521017,6,12.256458455051185,0.8421825348940106,2,"NE"
184230,4.005,"NM",14642,2177,"14642_20181231",2.0832712868928134,2.087344680980094,46,14.464739834457289,1.3244215537424926,7,"SC"
530615,4.019810606060606,"N",14644,8988,"14644_20181231",0.524676444084575,2.830929922857443,132,9.984976677276146,0.568870584872315,4,"AR"
667283,4.223310126582279,"N",14646,9894,"14646_20181231",1.0322844004754415,2.547198037190021,158,9.400283406080213,0.6435073956132972,4,"NJ"
91080,3.2528571428571427,"NM",14649,1692,"14649_20181231",1.240370028852732,3.4471455886369844,28,12.717945278969959,0.97131931166348,2,"IA"
135325,4.510833333333333,"NM",1464,1796,"1464_20181231",0.8557525588679455,2.9947622219913335,30,8.041217113608214,0.8640500186408668,8,"NY"
3041233,6.270583505154639,"NM",14650,34320,"14650_20181231",0.42647343340381677,2.0355492032439,485,12.733379413419202,1.2293424566035287,4,"IA"
452800,9.433333333333334,"NM",14660,4735,"14660_20181231",0.40919747782906907,1.6896052495510996,48,15.276639083974402,1.776565041223642,4,"WI"
234233,3.6035846153846154,"NM",14662,5748,"14662_20181231",0.3770355910901944,3.856858359416462,65,9.988075220479736,1.5899469463034939,2,"IL"
200213,3.5125087719298245,"N",14674,3229,"14674_20181231",0.4730465876393299,2.791298321393171,57,11.71922540000716,0.9932227155877542,2,"IL"
432771,3.898837837837838,"NM",14679,9923,"14679_20181231",5.0576430812263835,4.656125553997889,111,8.671059022071342,0.23816620578415867,4,"DC"
169195,4.699861111111111,"SM",1468,1432,"1468_20181231",0.40028299076556445,1.7569040116692372,36,10.481286769307799,1.3522687860205294,2,"TN"
195743,5.437305555555556,"NM",14690,2917,"14690_20181231",0.007863602244701003,2.3491371071105918,36,9.28218897839151,1.3938884205146571,2,"IA"
332872,4.267589743589744,"NM",14692,5607,"14692_20181231",0.6752672128828122,2.8758288469657476,78,8.818513244981302,0.8361336942447506,2,"IA"
73351,5.642384615384615,"NM",14694,899,"14694_20181231",0.5037673033117225,2.58252415266201,13,8.119596333458636,0.7288763948392482,2,"IA"
276982,4.775551724137932,"SM",14695,3909,"14695_20181231",1.4384612458633939,2.413519985526715,58,9.875221274033695,1.203020585968606,2,"MO"
97354,3.4769285714285716,"NM",14701,1501,"14701_20181231",0.15559056343232783,2.6874320750523517,28,12.160864472420672,1.5353841824843861,2,"MO"
164704,3.504340425531915,"NM",14705,3650,"14705_20181231",0.49278962480240024,3.285915611712699,47,10.32072072072072,1.284614736030643,2,"IA"
997633,7.615519083969466,"N",14712,10614,"14712_20181231",1.5724426701884981,4.281803312563418,131,25.186606386561483,2.578642796855419,4,"SD"
187228,2.971873015873016,"NM",14722,4625,"14722_20181231",0.5823552574314195,4.350144347235984,63,9.648524530532441,0.475708969819535,2,"MI"
308063,5.404614035087719,"NM",14730,4101,"14730_20181231",0.06563226813648963,1.9658011549040824,57,10.372289667174526,1.8301382647340059,2,"CO"
103830,4.944285714285714,"N",14731,1440,"14731_20181231",1.1301437849181817,2.55636484918446,21,12.683640166958812,1.2082818232473422,2,"GA"
236246,3.6345538461538465,"NM",14735,3698,"14735_20181231",0.747137901964696,3.372484150555005,65,7.915803616413816,0.9022296013929405,2,"KY"
162223,4.634942857142858,"NM",14744,2905,"14744_20181231",0.25154373047419293,3.0905595421724454,35,12.469721686687429,1.069928489283328,4,"WV"
132730,2.7087755102040814,"NM",14749,2487,"14749_20181231",1.7300554091129163,3.8698633187734024,49,12.71144934634367,0.8217799144220519,4,"AR"
100966,3.739481481481482,"NM",1475,1591,"1475_20181231",0.043353740245408445,3.206764164133064,27,11.357756086087264,1.130790383137202,4,"TN"
188605,5.89390625,"N",14761,2185,"14761_20181231",0,2.1993102779431806,32,11.285523860303918,0.9036047206437963,2,"IL"
485173,10.107770833333333,"NM",14769,5618,"14769_20181231",0,1.6947882174219622,48,11.896349609347029,1.109201726485677,4,"WI"
142927,4.331121212121212,"NM",14772,2109,"14772_20181231",1.5892272230983866,2.1405821186595118,33,12.947479446505033,1.4320412776038536,8,"IA"
118297,4.38137037037037,"NM",14773,1741,"14773_20181231",0.0292614233853638,2.329278984650069,27,10.007587893095018,1.9091737756933913,2,"IA"
111644,4.46576,"NM",14776,1706,"14776_20181231",0.21013133208255158,2.6112307826399404,25,10.872996762715038,0.43135113405325987,2,"TX"
1109929,6.3064147727272735,"NM",14778,11315,"14778_20181231",1.3897162276758266,2.5449732656300244,176,10.127431119534688,0.8758977451565456,4,"TX"
205629,4.375085106382978,"N",14779,2542,"14779_20181231",0.38664604554423765,3.5239280076636135,47,12.273617229564367,0.7728378664454969,8,"TX"
61122,4.0748,"NM",14785,1105,"14785_20181231",0,2.869143999187019,15,8.476168501549212,1.0771992818671454,2,"IA"
263683,5.170254901960784,"NM",147,4164,"147_20181231",0.6800227285224627,2.8208119861182332,51,10.752210680773835,1.2749521304873517,4,"GA"
452425,7.181349206349206,"N",14801,5310,"14801_20181231",1.8555200027087886,1.771720581969997,63,12.818676662921142,2.0084095831929667,4,"ND"
205253,6.036852941176471,"NM",14807,2538,"14807_20181231",0.3435759607658419,2.1395017521478024,34,11.975907812538889,1.3723397084079954,2,"IA"
955962,5.623305882352941,"SM",14808,16179,"14808_20181231",0.19751415881884352,2.730326614286778,170,10.892700415348495,0.9783299024768161,4,"IA"
152888,6.11552,"NM",14809,2442,"14809_20181231",0.9064624521372198,2.5034112862913576,25,12.774618892853123,1.9609829908536998,2,"IA"
98287,2.9783939393939396,"NM",1480,1699,"1480_20181231",2.2585999284017313,3.1582857294466518,33,9.474480769820737,0.3091956626889614,7,"TN"
389928,4.06175,"NM",14812,6082,"14812_20181231",7.874766286615096,3.052452836853486,96,8.577431035204487,0.431955633715752,2,"IA"
1314951,4.565802083333334,"NM",14816,19164,"14816_20181231",0.48870689522401395,3.288300411847393,288,9.020411995043833,0.7789984364893138,4,"MI"
23329,3.3327142857142857,"N",14820,408,"14820_20181231",1.2035546847666363,3.239140629070636,7,8.565638183472577,0.6209076540979905,5,"NY"
285602,7.323128205128206,"N",14836,2636,"14836_20181231",0.3112955825674474,1.6992092936694292,39,9.888742697035184,1.409352567745542,8,"OH"
3284241,5.614087179487179,"NM",14843,47492,"14843_20181231",0.8455288618826436,2.502327091603344,585,9.4735318874492,1.0373867082728683,4,"IA"
276645,4.6107499999999995,"NM",1484,4093,"1484_20181231",0.4287489360927409,2.867021799503551,60,11.552627407027801,1.3352042321020423,4,"TN"
840984,4.426231578947369,"NM",14851,17670,"14851_20181231",0.4546140430295438,3.495200528902218,190,11.837612150722848,1.8559297789742184,4,"TN"
30982,2.383230769230769,"N",14853,723,"14853_20181231",1.3006156247290384,4.813477737665464,13,8.120108608848426,0.42837335844713026,2,"MN"
221489,3.5156984126984128,"NM",14857,3737,"14857_20181231",0.12326080866560836,3.251941532934967,63,9.00709638997868,1.4232404198444573,6,"IL"
334521,6.433096153846154,"NM",14863,3725,"14863_20181231",0.4349968564680294,2.1424251969668853,52,8.63224221000896,1.1237638135723298,8,"PA"
98237,6.139812500000001,"N",14864,853,"14864_20181231",0,1.4849198786341076,16,11.77502807636772,1.3426637747754595,7,"TX"
254647,5.922023255813953,"NM",14867,3980,"14867_20181231",0.44514417985699156,2.6908979328629954,43,8.549510878862812,1.4778962811670706,2,"IA"
98964,4.498363636363636,"NM",14868,1933,"14868_20181231",6.0162365903160335,3.0169116145941812,22,9.143026791290016,-0.028869967603772067,2,"IA"
554681,3.081561111111111,"NM",14869,14306,"14869_20181231",0.13507559176833453,3.5333149118387004,180,10.23655552555876,1.8482899615496449,4,"MO"
1365071,4.806588028169014,"SM",1487,22893,"1487_20181231",0.1869991990536098,2.816890292835871,284,9.29156715939794,1.0622163872746244,4,"TN"
265388,5.416081632653062,"SM",14883,3550,"14883_20181231",0.024297728162416814,2.5830919344479795,49,10.740954136897903,1.5923330201601642,4,"IN"
566710,4.166985294117647,"NM",14885,11194,"14885_20181231",0,3.3438420347333007,136,9.146485198344761,0.9541698433165996,4,"AK"
140967,4.547322580645162,"NM",14894,2121,"14894_20181231",0.17464372679733345,2.8508601509905334,31,11.253425226272523,0.9577220749541645,4,"KY"
222002,5.285761904761905,"SM",14899,3458,"14899_20181231",3.3947999573122436,3.318257106368265,42,10.784406373892422,1.6070774613195324,4,"OK"
225674,3.9591929824561403,"NM",148,4190,"148_20181231",1.2652422378335093,2.750848801906316,57,13.193287679684126,1.0475232237659253,4,"GA"
95087,4.322136363636364,"NM",14904,1421,"14904_20181231",0.508161661213373,2.273389869749016,22,10.060413005272407,1.0321897428421982,2,"IA"
73119,5.624538461538462,"NM",14907,989,"14907_20181231",0.07728181212524984,2.380842708921107,13,13.853233228384596,1.4480820829350867,8,"WI"
125466,6.273300000000001,"NM",1490,1428,"1490_20181231",0.3863169044800299,1.705259236024756,20,17.728341904875812,0.8789011188474931,2,"TX"
213507,5.618605263157895,"NM",14911,2574,"14911_20181231",0.6673289781336865,2.0154145357631634,38,15.717304944203706,1.3839467934404186,8,"WI"
94180,5.232222222222223,"NM",14912,1300,"14912_20181231",1.1832044133524617,2.2354024366743035,18,11.647770383056212,1.2611609532578207,2,"NE"
616168,4.497576642335766,"SM",14913,9588,"14913_20181231",0.42158956304742745,2.9250474281471295,137,10.287274266683621,1.1318357758327693,4,"MI"
91706,3.5271538461538463,"NM",14914,1544,"14914_20181231",0,3.6564742989877304,26,8.728254349130173,1.3003700413743307,4,"WI"
81424,10.178,"SM",14920,751,"14920_20181231",0.033556454319068896,1.8173404882563235,8,16.386934427831527,1.3409261097469656,2,"OH"
293391,4.314573529411765,"NM",14922,4755,"14922_20181231",0,2.7925264076626983,68,9.854504617804496,1.5669059394861697,2,"NE"
540720,4.291428571428572,"N",14924,7546,"14924_20181231",0.3231031518868486,2.464729650675023,126,11.51558196077547,1.273368070829422,4,"IL"
50566,5.0566,"NM",14926,664,"14926_20181231",2.102294577618254,2.32660073652861,10,18.41299454504897,-0.0450057333390732,7,"MI"
449936,3.7809747899159665,"NM",14929,8493,"14929_20181231",0.6426223436270198,3.6708600463519607,119,8.687761096753462,0.766681302687967,4,"MI"
143788,5.75152,"SM",14930,2084,"14930_20181231",0.980380562684043,2.4356352278901214,25,11.870155381104132,1.6989000173516788,2,"IA"
16965,2.4235714285714285,"SM",14944,368,"14944_20181231",0.6845238095238095,3.827515977245594,7,11.198626080776975,0.4623452021443454,8,"KS"
136450,4.2640625,"NM",14952,2165,"14952_20181231",0.08967910476858892,3.041519469693963,32,8.642921615542216,1.1149639072077844,7,"KS"
88800,5.92,"NM",14960,1026,"14960_20181231",0.09748851028271668,2.329214633868796,15,10.786882178194663,0.6815768012593169,2,"WI"
326532,6.402588235294117,"N",14966,4010,"14966_20181231",0.5821959687581414,1.9032407969741525,51,8.463205280060187,1.9141181852407139,4,"OK"
848479,4.351174358974359,"NM",14969,15130,"14969_20181231",0.22063415843603962,3.005242297735461,195,8.550282181059346,0.8216133897472564,4,"PA"
278664,3.2402790697674417,"NM",14974,6677,"14974_20181231",0.20424836601307192,3.978121213828858,86,8.434564831135617,0.6519258403538926,4,"KS"
621789,7.676407407407408,"NM",1497,6955,"1497_20181231",0,1.765617695544128,81,12.458339790699762,1.3591516374283394,4,"TX"
90088,3.9168695652173917,"NM",14982,1614,"14982_20181231",0.7047890853403871,3.309636937361721,23,8.342750781094196,0.7185992528381271,8,"IA"
180769,3.410735849056604,"NM",14991,3198,"14991_20181231",0.1612866757610244,3.066823448368676,53,12.14587066482183,0.9363562852773085,2,"OH"
180518,5.470242424242424,"NM",14994,2022,"14994_20181231",0.3398566646816026,1.886225450107645,33,10.814103074943931,0.8361558851495733,2,"WI"
490877,6.293294871794872,"NM",14995,4848,"14995_20181231",0.49436999545539484,1.5413887048325368,78,10.867306146818748,1.834041749354241,4,"WI"
52931,6.616375000000001,"NM",14999,608,"14999_20181231",0.5939764381130774,2.1364613667909533,8,17.917996846032537,1.411347545305034,8,"MI"
136764,4.884428571428572,"NM",149,1504,"149_20181231",11.88322429697629,2.597988515448287,28,10.74662017495565,0.4964260394255882,2,"GA"
242037871,7.333592019149195,"SM",14,4392756,"14_20181231",0.03593228202053245,3.404640171050297,33004,8.089763329352825,1.1386588597451965,1,"MA"
10227,1.461,"NM",15009,261,"15009_20181231",0.8404482390608324,5.260150909198369,7,8.581021032882393,-0.364467385094269,5,"KS"
138052,5.752166666666667,"NM",15010,1842,"15010_20181231",0.8345195232911887,2.3428603708736078,24,9.647117221461771,1.5244944862505612,2,"NE"
79750,3.467391304347826,"NM",15011,1526,"15011_20181231",1.123456535631094,3.8056717029527154,23,9.936954722027638,0.9460426832198842,8,"MI"
5865282,5.1359737302977235,"SM",15019,91730,"15019_20181231",0.5444123043433802,2.772181179068252,1142,10.446277744970242,1.6248048259695815,4,"NC"
711727,4.162146198830409,"NM",15032,13166,"15032_20181231",0.6424592132293107,3.1906321164554976,171,10.531691106978446,1.1037344469556696,4,"MI"
103920,3.7114285714285713,"NM",15035,1595,"15035_20181231",0.547556276617319,3.1766588999672773,28,10.354762666977097,0.7392163124342097,4,"AR"
125961,3.817,"NM",15038,2205,"15038_20181231",1.0644018086276428,2.837610114127353,33,13.632426676837747,0.9647714657657874,4,"KS"
281372,5.308905660377358,"NM",15046,4469,"15046_20181231",0.6922947332954282,2.9230470595560307,53,12.416054574133646,0.7859740621234484,2,"WI"
268042,5.057396226415095,"NM",15050,3616,"15050_20181231",0,2.2194612011124364,53,8.992042244146315,-0.4025744287355507,4,"AR"
247353,3.2546447368421054,"N",15059,5799,"15059_20181231",0.3380430228014256,4.072862423229698,76,9.279596697804745,1.8841838286239188,4,"LA"
165584,4.599555555555556,"NM",15064,3025,"15064_20181231",0.11344467352595909,2.707918098895121,36,11.964250565889184,0.994123085855641,2,"MI"
63126,5.2605,"N",15078,711,"15078_20181231",0.5043490972882099,2.3050182609573886,12,10.473085368287977,1.3569471458498268,7,"TX"
504770,3.3428476821192055,"NM",15085,9470,"15085_20181231",0.1745160755053814,3.1773700840464354,151,9.202766967613812,0.9341583277175226,4,"SC"
987936,5.428219780219781,"NM",15091,14599,"15091_20181231",0.32975203399329717,2.6851952994385706,182,11.038459590190287,1.2454544923915642,4,"WI"
99497,3.97988,"NM",15092,1427,"15092_20181231",0,2.434068019919162,25,18.489172777851238,0.8678599487201349,8,"WI"
32478,4.05975,"NM",15098,456,"15098_20181231",3.4013605442176873,1.8875181207656577,8,14.974689369535204,1.0088458921333687,2,"KS"
81911,4.550611111111111,"NM",15101,1075,"15101_20181231",0.7807563859554111,2.4356916449934976,18,15.154986951817198,1.9493152633289985,8,"MO"
231512,5.9362051282051285,"NM",15104,2888,"15104_20181231",2.0782903381976623,2.247825703326799,39,11.500186236059683,0.8520717020499894,7,"SC"
64839,3.0875714285714286,"NM",15105,1012,"15105_20181231",0,3.071548463760382,21,14.223325373884629,0.9804134490386675,2,"TX"
200850,3.7194444444444446,"NM",15111,3733,"15111_20181231",0.36008933862072107,2.734952089334203,54,9.006980641314295,1.0884098280828307,2,"KS"
92853,4.642650000000001,"NM",15113,1476,"15113_20181231",0.9113435665463737,3.5999910140629914,20,10.990669593852909,1.5219930808285034,4,"SC"
314282,9.523696969696969,"NM",15118,3612,"15118_20181231",0.23395345272923157,1.9915298495679907,33,13.202131755980599,1.8661293574393767,4,"OK"
216148,4.156692307692308,"NM",15121,3669,"15121_20181231",12.91752185480806,2.869818454744775,52,9.545406650998933,-5.514301112027876,2,"WI"
170203,7.0917916666666665,"NM",15126,1249,"15126_20181231",0.4446425989299658,1.3728579963771308,24,17.846234766028918,1.729313106836559,8,"WI"
555100,6.769512195121951,"NM",15136,6951,"15136_20181231",0,1.9601516142596829,82,11.497369012817629,1.424851364294725,4,"WI"
280047,4.445190476190477,"NM",1513,4240,"1513_20181231",0.09722045135789877,2.591100187420105,63,8.606793005584548,2.5880365159008383,4,"WI"
197211,7.0432500000000005,"SM",15142,1494,"15142_20181231",0.3440320962888666,2.043854870694017,28,8.76664736537348,1.0168137610589936,8,"MO"
151394,5.2204827586206894,"NM",15146,2377,"15146_20181231",3.7243984691001515,3.558759811713299,29,8.171988224637682,0.3037872139337069,4,"WI"
77393,4.073315789473685,"NM",15152,1163,"15152_20181231",0.35244148567641653,2.4179292765420626,19,11.264964291219236,1.4419320591724272,2,"WI"
184774,5.132611111111111,"NM",15158,2479,"15158_20181231",0.08566463519103214,2.2717265902364803,36,11.273022213884506,1.3387358365426951,4,"WI"
172355,4.787638888888889,"NM",15164,2542,"15164_20181231",0.7155014560091636,2.6903321498231816,36,15.009992824144087,0.7351214602367728,2,"KS"
142963,4.204794117647059,"NM",15165,2191,"15165_20181231",0.5214284921841198,2.7590612543394877,34,11.39677936995017,1.3925382496365093,4,"MI"
54633,6.070333333333334,"SM",15173,706,"15173_20181231",1.686709836571076,2.5007046921066864,9,13.408171931832868,0.9180043119538637,2,"WI"
270321,4.58171186440678,"SM",15177,5363,"15177_20181231",0.1546657501288881,3.45583773806661,59,8.79008501610269,0.8082201161607395,2,"WI"
126766,3.5212777777777777,"SM",1517,2393,"1517_20181231",28.037171093687952,3.836590588665577,36,7.3236294774682245,-1.6849143753797509,2,"WI"
29051,2.9051,"NM",15186,612,"15186_20181231",1.2715033657442034,4.363742861326695,10,9.798157946306095,-1.3288914921657635,4,"WI"
202887,5.483432432432433,"NM",15194,3121,"15194_20181231",0.9848951181400634,2.6246369079376373,37,16.81613781425696,1.96761317604284,2,"KS"
472093,4.866938144329897,"NM",15200,7595,"15200_20181231",0.06151293998452435,2.5686997207355518,97,10.938590101084351,1.6449275845291496,2,"IA"
188780,5.552352941176471,"NM",15205,3613,"15205_20181231",0.002701589209852696,3.2356973333136785,34,11.980200166986544,-0.5472677152586347,4,"TN"
470734,4.70734,"NM",15206,7781,"15206_20181231",0.026835158937327706,2.6813519481144055,100,10.942047202491786,1.3134659047284771,8,"TX"
94325,4.491666666666667,"N",15214,1115,"15214_20181231",0.13123881487373235,2.3473385214829516,21,17.33767744938329,0.7718868462456311,2,"OH"
90651,3.237535714285714,"NM",15216,1957,"15216_20181231",1.093013287612516,3.5430169293130733,28,9.41631141540714,1.1737801573710793,4,"GA"
1482272,6.894288372093023,"NM",15219,23567,"15219_20181231",1.7272702622088452,3.443111800419015,215,9.974164519058883,1.216504784157102,4,"IA"
103916,2.7346315789473685,"NM",15228,2308,"15228_20181231",1.1038278857109036,4.774155402217875,38,9.75617230354352,1.1972080521152422,4,"WI"
1958397,11.588147928994083,"NM",15229,24025,"15229_20181231",1.558958976968986,3.191571920895048,169,10.198729641272429,1.0695526455273443,4,"WI"
94375,4.71875,"NM",1522,1464,"1522_20181231",18.622154327657515,2.6356628110804645,20,17.533201322869257,2.637757100163564,2,"AR"
82718,5.169875,"NM",15237,969,"15237_20181231",5.771072796934866,2.517958392368368,16,16.011316523689082,1.0658922313808068,2,"KS"
237367,4.315763636363637,"NM",15242,3465,"15242_20181231",0.16492399155171963,2.270429923992302,55,9.475279719826748,1.3966445645484016,4,"WI"
588244,8.403485714285715,"SM",15243,6000,"15243_20181231",4.5975029811933394,1.6882711675833526,70,15.155682665584846,0.16866272813442254,8,"WV"
109320,2.733,"NM",15249,1828,"15249_20181231",1.5363166671222765,2.8904414492395203,40,12.300931044249728,1.037431171306163,2,"KY"
48061,2.6700555555555554,"NM",15254,831,"15254_20181231",0.17569908438505322,3.2229497866977748,18,8.797072412806148,1.3326067149754341,2,"KS"
60372,3.1774736842105265,"NM",15255,941,"15255_20181231",2.2828130147472048,3.0981675033604916,19,9.369229273981922,-0.25546594244643783,2,"TN"
57280,3.1822222222222223,"NM",15258,911,"15258_20181231",0.5954888907614955,2.7886485193645556,18,11.988521444500147,1.1941447046874947,2,"KS"
97605,6.1003125,"NM",15259,1246,"15259_20181231",2.864804543713253,2.332470222682548,16,9.955237612810519,0.593474883480062,2,"KS"
124832,4.161066666666667,"NM",15261,2615,"15261_20181231",3.511574047665225,2.880375339631886,30,14.432042586073667,1.063231332412801,2,"KS"
272288,4.064,"NM",15264,4308,"15264_20181231",1.1930342806775138,2.872204436701773,67,8.453847461259357,0.7273837939343206,4,"MO"
28783,2.2140769230769233,"NM",15270,786,"15270_20181231",5.554364143255415,4.258410720836721,13,11.723346247668246,0.3488731756090894,8,"AL"
309713,5.631145454545455,"NM",15271,3844,"15271_20181231",1.7899858734892482,2.4632035687940155,55,12.710110315023314,0.6944961754916353,8,"WI"
309491,8.596972222222222,"NM",15272,4263,"15272_20181231",0.548332137733142,2.009807016436223,36,10.85062976472081,1.9213518319759246,2,"IA"
604904,4.171751724137931,"SM",1527,8874,"1527_20181231",1.4874647812327089,2.6541274532596155,145,10.059008253124828,1.198314292940106,2,"AR"
142400,3.9555555555555557,"NM",15282,2448,"15282_20181231",0.3025130017070944,3.0526692941597995,36,9.229338930286938,0.7825152275170191,4,"MO"
32885,2.9895454545454543,"NM",15285,561,"15285_20181231",0.4647023927229583,2.972417181784542,11,9.197273062277361,0.35183713580306825,2,"MO"
323568,7.0340869565217385,"NM",15286,3530,"15286_20181231",0.782418593947762,1.5944419265196408,46,10.197765400678874,1.1396482887409896,2,"MN"
12568651,7.811467371037912,"NM",15289,130820,"15289_20181231",1.4228929730703725,1.8181771576481733,1609,9.87526617179142,1.5377115047888938,4,"SD"
1387751,3.9763638968481376,"SM",1528,18429,"1528_20181231",1.265826742439796,2.844403563279545,349,8.810207847517027,0.9896275246747646,4,"AR"
396955,5.5909154929577465,"NM",15300,4842,"15300_20181231",0.049981417165412864,2.3747954514143217,71,8.288034612739857,0.3082476566735618,4,"TX"
341800,5.026470588235294,"NM",15305,4852,"15305_20181231",0.22556693833161023,2.3833276573110576,68,13.97193932476235,1.7792223889595549,2,"KS"
143087,4.335969696969697,"NM",15306,2547,"15306_20181231",2.5692084586913704,2.6896496711361215,33,11.967599200685127,1.1812993567756112,2,"ND"
37581,5.368714285714286,"NM",15308,453,"15308_20181231",0.5529685681024448,2.182847414788008,7,13.408200574562548,0.7467635892695816,2,"IA"
1655537,3.214634951456311,"NM",15310,25622,"15310_20181231",1.904128793612974,2.9617242328645195,515,11.919920588059114,0.9068363932736929,4,"AL"
133551,4.047000000000001,"NM",15311,1984,"15311_20181231",1.989864864864865,2.4885674315809276,33,11.059544593987344,1.1623601053324555,4,"IA"
70995,5.071071428571429,"NM",15320,947,"15320_20181231",0,1.9218067602207825,14,11.769828127676583,1.3747974174175923,2,"IA"
446803,3.786466101694915,"NM",15321,8900,"15321_20181231",0.028604833939218893,3.00448477182982,118,13.75346700599309,1.2679767735264917,2,"IA"
268686,4.975666666666666,"NM",15323,4380,"15323_20181231",0.0009758715753006904,2.3952211367317218,54,11.944137239268537,1.0187297831311708,4,"KS"
516522,5.494914893617022,"NM",15324,5850,"15324_20181231",0.3636421279563756,2.126035975439466,94,10.412527526302911,1.4787848750535935,2,"MN"
56486,5.6486,"NM",15326,475,"15326_20181231",1.0236055984959265,1.515748031496063,10,11.460864244191278,1.2938439513242663,7,"OH"
125876,4.841384615384616,"NM",15333,1800,"15333_20181231",0.36456985072051085,2.593467214478619,26,12.932526638400585,1.4855239411742118,2,"ND"
291506,4.94077966101695,"SM",15334,3909,"15334_20181231",2.140857551406763,2.314550636915304,59,10.416829675996727,1.1380783910931895,2,"IA"
175696,3.9043555555555556,"NM",15336,3350,"15336_20181231",0.8966163191444861,3.4154244826559474,45,15.882424586902683,1.8685099374720855,8,"GA"
257425,4.680454545454546,"N",15345,3572,"15345_20181231",0,2.5846471956577926,55,10.370084811102544,1.3809968785414637,2,"TX"
51535,5.726111111111112,"NM",15346,745,"15346_20181231",2.4950939164564057,3.2378151786272915,9,14.412375799716113,0.7801257586185323,4,"TX"
111653,3.3834242424242427,"NM",15347,2066,"15347_20181231",0.8539471170098623,3.5406005128802014,33,8.689892192344985,0.6279591047499614,8,"MO"
56686,2.8343,"SM",15348,1250,"15348_20181231",0.3691678156829605,3.8265885055705486,20,11.97241522347817,0.6930454547041551,7,"OK"
103788,7.413428571428571,"NM",15355,1216,"15355_20181231",1.6577904136467383,2.092673610640805,14,13.973356365650552,1.7811429113221093,4,"TX"
2624103,4.652664893617021,"NM",15359,42976,"15359_20181231",0.6810020952560384,2.8586730505986333,564,9.586447548302598,1.2351922619106663,4,"NC"
62726,4.825076923076923,"SM",15362,1057,"15362_20181231",1.561645385790536,2.800213099012115,13,15.06981377637097,1.4140829507636046,2,"MT"
66209,7.3565555555555555,"NM",15364,798,"15364_20181231",0.005995323647554907,1.9273119054163783,9,13.407654797183937,1.7740748112972073,2,"NE"
135508,3.2263809523809526,"NM",15367,2202,"15367_20181231",0.03493529376025275,3.175976439051286,42,9.342876892545766,1.597327129308786,2,"TX"
3161922,8.149283505154639,"NM",1536,45463,"1536_20181231",0.15032819017518245,2.2535933075997776,388,14.755172465421964,1.39729267186303,4,"CA"
277688,3.8567777777777774,"NM",15384,4255,"15384_20181231",0.46349757499980093,2.5482843090280958,72,9.844443723107663,0.5156904040414795,4,"OH"
2825883,4.0083446808510645,"SM",15399,48001,"15399_20181231",0.9482191817584098,2.748628978868029,705,8.270164167131826,1.2015743107808272,4,"OK"
180675,5.162142857142857,"NM",15405,2557,"15405_20181231",0.027954868417987406,2.2081574782016635,35,10.330314423403557,1.0510059628501567,2,"IA"
108326,3.282606060606061,"NM",15414,2670,"15414_20181231",2.439780586692106,4.179251312188023,33,7.662458276245736,0.8645441858471881,4,"IA"
100864,3.8793846153846157,"NM",15415,1187,"15415_20181231",0.014694645271263154,2.0818336657186802,26,10.226430217413085,1.047308858757862,2,"MO"
311829,4.049727272727273,"NM",15423,5593,"15423_20181231",0.08641292924260235,3.195006389327596,77,9.678878758946901,0.8698392904249159,4,"MO"
135444,4.5148,"NM",15426,2609,"15426_20181231",2.7808625262713496,3.962406812712708,30,6.8110461785264125,-0.18439589714918891,2,"KS"
117283,4.69132,"NM",15427,1735,"15427_20181231",1.4067892105077822,2.107798855766335,25,14.239391308788235,1.4861166089813207,2,"IA"
70045,8.755625,"NM",15440,820,"15440_20181231",0,1.8282147376618323,8,14.216656343943079,1.7491239170641488,2,"ND"
41227,2.748466666666667,"NM",15442,814,"15442_20181231",0.7901201779430317,3.3527223823608248,15,14.270887389724962,0.4514184413837856,7,"TX"
368097,4.3821071428571425,"NM",15443,7212,"15443_20181231",0.4340967585069918,2.5727932588019358,84,9.35744770393711,1.5218275488069415,4,"MN"
613932,6.821466666666667,"NM",15444,7602,"15444_20181231",1.4828486904880323,1.8710806711721806,90,12.029942334749093,2.3620676012523973,2,"ND"
841750,6.09963768115942,"N",1545,9317,"1545_20181231",0.09914579170663461,2.0488796889608407,138,9.08106785947382,1.1487761770569718,4,"IA"
45300,5.6625000000000005,"NM",15460,508,"15460_20181231",0.011683607898118939,2.30222886360363,8,12.124101681512665,0.40508425752556537,2,"TX"
251351,3.927359375,"NM",15463,4334,"15463_20181231",1.0095102830806078,3.319227705999297,64,11.376059331298483,1.9383243003233737,4,"TX"
521393,3.499281879194631,"NM",15465,9278,"15465_20181231",1.519111995267852,3.0744306780316277,149,9.80306159710804,0.9901001491190928,4,"FL"
417489,4.394621052631579,"NM",15466,6988,"15466_20181231",0.4053106446636436,3.116152627451509,95,12.038127145536693,1.2564743330215415,4,"TX"
43852,5.4815000000000005,"NM",15469,561,"15469_20181231",0.3651180019049635,2.0005920827435633,8,22.437482171721975,0.7655444848417567,2,"KS"
60380,4.644615384615385,"NM",15471,1042,"15471_20181231",0.1698909409765989,2.806114485308655,13,9.839433701657459,0.8376720002497408,2,"ND"
250717,5.571488888888889,"NM",15472,3708,"15472_20181231",1.2258363367265086,2.4180257035139934,45,10.226280366695233,1.736612167366411,2,"ND"
324192,6.7540000000000004,"NM",15477,3592,"15477_20181231",0.5560158861681762,2.3073530885218196,48,9.346574208107612,1.4311268983571237,2,"GA"
362890,5.416268656716418,"NM",15478,6263,"15478_20181231",0.12546644313449787,2.9193923338919827,67,9.36670319614068,1.2047091503832608,2,"ND"
177340,5.720645161290323,"NM",1547,2139,"1547_20181231",0.31074619268942794,2.029655779501845,31,10.791992542742816,1.5239522187102335,2,"IA"
114980,3.285142857142857,"NM",15480,2391,"15480_20181231",0.31980834757934157,4.171497752402132,35,9.824245549330978,2.0372856186654866,4,"TX"
394873,4.998392405063291,"NM",15489,5366,"15489_20181231",0.41206152986573086,2.5500025749720003,79,12.179268950563293,1.8295306112151213,4,"MO"
487589,5.187117021276595,"NM",15496,7794,"15496_20181231",1.182362454955594,2.299058830442575,94,13.57233703685314,1.4898586776616687,2,"GA"
87963,3.998318181818182,"NM",15501,1410,"15501_20181231",1.0348041263617958,3.1552907915993536,22,16.634166724702276,0.9855981054486709,7,"TX"
396731,5.434671232876712,"SM",15503,5253,"15503_20181231",0.6927368723242259,2.3023650951423127,73,8.23744101775333,1.1647627409635566,2,"IA"
276469,6.429511627906977,"SM",1550,3506,"1550_20181231",0.3982725527831094,2.238094110692675,43,11.159635927823768,0.8721731699065125,4,"IA"
270466,3.423620253164557,"SM",15510,5516,"15510_20181231",1.5487493297164308,3.835683497904553,79,8.367139222101054,1.2260754838632646,4,"OK"
1085931,4.20903488372093,"SM",15511,21447,"15511_20181231",0.5907921177737976,3.2309076831843355,258,9.483339555936594,1.285968853940319,4,"TX"
149385,7.46925,"NM",15519,1669,"15519_20181231",0.5407132303023042,2.1324746707987563,20,9.846577081790286,2.5773311299503345,4,"TX"
171765,9.040263157894737,"NM",15523,1685,"15523_20181231",3.4487615917361194,1.6661826717002142,19,14.309817131287778,1.4993844064021735,5,"TX"
521240,5.991264367816092,"SM",1552,5896,"1552_20181231",0.2663908405993397,2.783986487023388,87,12.004477338299576,1.1086755565040471,2,"IA"
77002,3.500090909090909,"NM",15532,1209,"15532_20181231",1.435122440265117,3.4100085966603277,22,11.862759076592049,1.539583713236252,4,"IN"
184336,6.82725925925926,"NM",15539,3191,"15539_20181231",0,2.440758447697106,27,11.094523282202717,1.6497168049276159,4,"ND"
261370,5.334081632653061,"NM",1553,3746,"1553_20181231",0.16785811966728698,2.1584875128440197,49,10.66822794691647,1.2382557974982618,2,"IA"
806125,7.0097826086956525,"NM",15545,8786,"15545_20181231",1.54173820442049,1.8535364935376462,115,9.786211352193765,1.257007634305566,2,"NE"
125795,5.0318000000000005,"NM",15546,1639,"15546_20181231",1.2192917819455837,2.282723766793537,25,9.090319494775073,1.2886597938144329,2,"MO"
66142,4.724428571428571,"SM",15547,1127,"15547_20181231",2.7165086957805533,3.1707024694317907,14,11.783434752205675,1.1897626468472788,2,"AR"
870984,4.893168539325843,"SM",15555,15591,"15555_20181231",0.17070363693212434,2.9738451389755567,178,9.545546811384895,1.2759483440009034,4,"IA"
666971,6.233373831775701,"NM",15562,8809,"15562_20181231",0.044526815841137574,2.073166121598085,107,10.805510038393026,1.3856451648098682,4,"SD"
666879,4.387361842105263,"NM",15565,9158,"15565_20181231",0.9771143341495574,2.2596719679798483,152,13.299259160219517,1.3529433963154183,4,"IL"
198942,3.753622641509434,"NM",15566,3178,"15566_20181231",0.9697849926921416,3.224157117507293,53,8.2760923487884,0.8240849348852598,2,"IN"
46223,2.8889375,"NM",1556,1094,"1556_20181231",0.03189885164134092,3.5411285751986883,16,8.63010420519068,0.5213268091770824,2,"IA"
851418,4.921491329479768,"N",15572,12499,"15572_20181231",0.4485522023207465,2.5524902320266407,173,10.78249256068818,1.217630061695501,4,"TN"
43329,3.939,"NM",15575,949,"15575_20181231",0.7704879757179547,2.957016895903655,11,12.83068783068783,0.9467129192418816,2,"IA"
60880,4.683076923076923,"NM",15578,1213,"15578_20181231",0.4530064214827788,3.113505517351671,13,12.082855794512236,1.152779998933845,2,"MN"
122783,4.547518518518519,"NM",15580,1510,"15580_20181231",0.8992711446699176,2.5155200471461194,27,13.92504377126623,0.5851409360915599,7,"GA"
629828,3.1970964467005074,"NM",15584,12777,"15584_20181231",0.5414046596238123,3.2922051695641614,197,9.257411946518712,1.1575551239080486,4,"MO"
102253,3.4084333333333334,"NM",15585,1805,"15585_20181231",0.3186392756566325,3.584951178423643,30,7.566431910990117,0.5775584305130763,2,"MI"
218213,4.546104166666667,"NM",15586,3515,"15586_20181231",0.02119442351168048,2.6826790361100623,48,11.097423126512302,2.605311067863645,4,"NE"
179274,3.2595272727272726,"NM",15590,2608,"15590_20181231",1.0906448857058453,2.872429472619551,55,14.185735117934373,2.019038360093993,4,"KY"
56254,6.250444444444444,"NM",15593,698,"15593_20181231",0,2.0641415578069044,9,15.595476667620956,1.2982939833555796,2,"SD"
57496,3.833066666666667,"NM",15597,1023,"15597_20181231",11.490430006008069,3.375000444781292,15,11.710550208825133,0.39496578742300836,2,"MN"
149411,4.980366666666667,"NM",15598,2251,"15598_20181231",0.09912367652347828,2.7100812738809847,30,12.057670695940576,0.8916995550783324,2,"ND"
164155,3.8175581395348837,"NM",155,2405,"155_20181231",1.2107017075543998,2.5827139376261106,43,11.773352090285707,0.9975959880464048,4,"GA"
96611,4.830550000000001,"NM",15604,1468,"15604_20181231",0.18051186731484128,2.9014468604027153,20,12.91958412900488,1.2288603651291818,2,"KS"
77286,4.546235294117647,"NM",15606,1528,"15606_20181231",1.4828453208212073,2.9647797201247945,17,9.89006784675815,1.545595054095827,2,"MO"
197121,5.632028571428572,"NM",15610,2507,"15610_20181231",0,2.0716237072985533,35,9.769832101246937,1.2044923696569028,2,"IA"
155920,3.9979487179487183,"NM",15611,2455,"15611_20181231",0.2988586144405939,3.3638556246060802,39,11.218432240747635,1.7506786264574186,4,"OK"
2295160,14.080736196319018,"NM",15614,18791,"15614_20181231",0.11667818541900188,1.586064028918364,163,10.257166210266695,1.3937259778795132,4,"IA"
68336,5.256615384615385,"NM",15621,819,"15621_20181231",3.9666820916242482,2.9037447437561723,13,11.059490768673827,1.740694041577898,2,"MN"
171478,4.763277777777778,"NM",15629,3322,"15629_20181231",0.3335273665497223,2.8610796206136597,36,11.38528061178909,1.2868872770542612,2,"SD"
54745,4.9768181818181825,"NM",1562,856,"1562_20181231",0.19685644858663223,2.9585689878637913,11,10.060153117025154,0.8376782137386591,4,"KY"
574316,4.707508196721312,"NM",15632,7969,"15632_20181231",1.2871579120267884,2.4709633630694765,122,10.720478185325742,1.3570849248695536,4,"IN"
162974,8.577578947368421,"NM",15651,1476,"15651_20181231",2.309511190835338,1.5991735639681828,19,11.768133375937447,1.5669296611661876,2,"IA"
315679,5.637125,"NM",15657,4091,"15657_20181231",0.10565379891440722,2.496855490060848,56,7.4653521018766416,0.6403618252673441,4,"TX"
835378,4.773588571428571,"NM",15663,11131,"15663_20181231",0.9898680055416692,2.0733067416064075,175,11.574582295621056,1.1538465223635912,4,"MS"
161346,2.987888888888889,"NM",15664,2434,"15664_20181231",2.8112571493504035,3.1315566380998345,54,10.938033404559306,0.8746352039731821,4,"WV"
315242,3.7528809523809525,"NM",15669,4839,"15669_20181231",4.9041060625563135,2.7767229773198725,84,9.207380928886781,1.1906517829963377,2,"TX"
106534,3.2283030303030307,"NM",1566,1944,"1566_20181231",1.5309860207819392,3.2318523008065645,33,12.230806237088604,1.2504079444263136,8,"KY"
271637,4.938854545454546,"NM",15671,4260,"15671_20181231",0.1826870887885728,2.7339633043032054,55,14.43177570093458,1.2185023865143425,4,"SC"
219887,3.3316212121212123,"NM",15673,4630,"15673_20181231",0.7832701528883088,3.294692815050799,66,14.86283471879524,0.8726386764935253,7,"TN"
206193,4.387085106382979,"NM",15675,2986,"15675_20181231",1.1595974628822507,2.67464001543999,47,17.222451344291915,1.102785366232185,8,"KY"
593663,4.430320895522388,"NM",15684,11053,"15684_20181231",0.5632428100353929,2.940416103493208,134,9.446711210909688,0.9862114316548884,2,"MN"
177183,7.703608695652173,"NM",15687,1064,"15687_20181231",1.6578851744186047,1.399923382187609,23,11.12347980964573,2.490078902705609,4,"IN"
425053,4.775876404494382,"SM",15690,6847,"15690_20181231",0.07245545499006756,2.6157358740438443,89,8.27195643495244,1.6902811535370643,4,"IA"
77438,5.531285714285715,"NM",15695,1256,"15695_20181231",0.32392993049658775,2.763415031349239,14,14.762479767746575,0.8486177835681135,2,"AL"
5808297,7.6931086092715235,"SI",15697,78253,"15697_20181231",0.7932296011360682,2.4344776202476677,755,13.61297432108761,0.8257805124960804,4,"PA"
273757,2.607209523809524,"NM",15699,7077,"15699_20181231",0.7640438296395459,4.369704655308669,105,11.088897188596201,0.6020841373986878,4,"GA"
136164,2.7788571428571434,"NM",15701,2758,"15701_20181231",0.0773280510153279,3.66922591408396,49,13.574522785195754,0.8008142970169111,2,"MO"
304423,3.5398023255813955,"NM",15703,5365,"15703_20181231",0.0711392441818261,3.3103835259583234,86,12.322279560833048,1.5312982013145828,4,"KY"
187621,3.678843137254902,"SM",15708,2798,"15708_20181231",1.6995903437098059,2.9680793728029884,51,12.51427805335836,1.3277532059184844,8,"KY"
810090,5.000555555555556,"N",15728,13376,"15728_20181231",0.370727803408342,2.5485342917131,162,9.006720959483667,1.742186899075659,2,"ND"
163696,2.923142857142857,"NM",15729,2821,"15729_20181231",0.8216016616662819,2.9441983211079865,56,15.89769129522251,0.4046070651667412,2,"AR"
63631,5.784636363636364,"NM",15731,751,"15731_20181231",0.40128410914927765,2.838543923029689,11,9.480889903023389,0.16575438966596723,4,"TX"
235716,6.203052631578948,"NM",15734,3705,"15734_20181231",0.06276117802731157,2.5761019822013185,38,8.933172706890206,0.6662934957354596,2,"SD"
82770,6.8975,"NM",15738,796,"15738_20181231",0.25438100621820237,1.8338260030057827,12,12.371410680740674,1.1831536830790361,2,"IA"
99568,9.051636363636364,"NM",15741,1222,"15741_20181231",0.9829473527440614,1.8709576081964245,11,14.303704585118199,2.2198981610534627,2,"ND"
77360,3.868,"SM",15744,1369,"15744_20181231",0.006780580417683754,3.112199304726927,20,8.900026578577666,0.9685267545830687,4,"MT"
48380,6.0475,"NM",15749,561,"15749_20181231",0,1.951251134448334,8,14.481501340482575,0.9162020830632266,2,"SD"
32937,3.2937,"NM",15751,431,"15751_20181231",2.5010993843447666,2.8523582561969785,10,9.01337587434041,1.3249664157818224,2,"MO"
1123071,3.5766592356687896,"NM",15752,22794,"15752_20181231",0.5393695422226741,3.358531511688631,314,9.617466769996055,0.7241147067400322,4,"IL"
58086,4.8405,"SM",15759,795,"15759_20181231",0,2.1806776384960407,12,15.100913690531348,1.1381296441176576,2,"CO"
323950,5.399166666666667,"N",15760,3753,"15760_20181231",0.8642330090522596,1.9931913830967085,60,15.877156541713502,1.1151833870726864,2,"IL"
30664,3.0664000000000002,"NM",15762,523,"15762_20181231",2.3304621573171267,3.4234929437461576,10,11.98310286789215,1.3667813280667565,2,"OK"
145121,3.455261904761905,"N",15763,2496,"15763_20181231",0.3919303134309761,2.660684890341488,42,11.75870520737769,1.6747289452199419,2,"IL"
30238,7.5595,"NM",15767,361,"15767_20181231",0.0779483981604178,2.0594857689870434,4,11.406093178359827,1.6448920708112553,2,"MN"
475157,4.799565656565656,"NM",15771,5792,"15771_20181231",0.7117924851139552,2.238127712841536,99,11.677292832583293,1.5863393725964636,8,"GA"
170687,6.321740740740741,"NM",15772,1860,"15772_20181231",1.1279027433735715,1.9866471258752645,27,10.312908982748365,1.209840356559132,2,"IA"
82074,3.0397777777777777,"SM",15774,1415,"15774_20181231",0.03614853762734144,2.76180477678891,27,10.580577144678452,1.1166519529479133,2,"NE"
59500,7.4375,"SM",15778,756,"15778_20181231",2.5801368851248214,2.097224688806729,8,15.37563649281884,0.12270136747445066,2,"OK"
314779,5.621053571428571,"SM",15779,4445,"15779_20181231",1.6741307398081766,2.563095776237251,56,10.168185861815557,0.9380640180023823,4,"WI"
53736,3.5824000000000003,"SM",15784,1113,"15784_20181231",0,3.4686536485097634,15,8.719042585321656,0.7401328404227577,2,"KS"
57974,4.459538461538462,"NM",15792,682,"15792_20181231",4.277270568367724,2.738269980260161,13,8.840359888310525,0.5989438342528386,2,"MO"
3653723,5.691157320872274,"N",15797,64617,"15797_20181231",0.7656622696909179,2.8487737665565254,642,10.53963124563562,1.2104104375501277,4,"TX"
303494,3.410044943820225,"NM",15799,5892,"15799_20181231",0.5639097744360901,3.5227787619977606,89,9.806661928323447,0.66225697444605,2,"WI"
340427,3.0947909090909094,"SM",15801,7634,"15801_20181231",0.9872342159689464,3.9826766099205457,110,13.623761321572609,1.5415546359575696,4,"MS"
133369,7.409388888888889,"NM",15804,229,"15804_20181231",0.3277485630426807,0.35231450839062733,18,8.518958644113507,0.36102340635084507,7,"MN"
384277,5.264068493150685,"NM",15808,6551,"15808_20181231",0.0022788646696215945,2.6410940353540715,73,16.860361073000444,1.7061446440568548,4,"IA"
1027574,3.6830609318996417,"NM",15809,20993,"15809_20181231",0.23566504413442949,3.30410748499042,279,13.562225005027509,1.9014467594907343,4,"TX"
133261,4.759321428571428,"NM",15813,2896,"15813_20181231",1.2560133457479825,3.8722978345834194,28,9.161719412578673,0.6900288906423179,2,"GA"
2599709,5.220299196787148,"NM",15815,49233,"15815_20181231",0.5636561438039149,3.8025398858628634,498,11.065172362401341,1.1418493275085795,4,"KY"
16375,3.275,"NM",15817,305,"15817_20181231",6.112650046168052,3.706254304138233,5,11.864406779661017,0.06260564702936205,7,"MS"
94238,5.235444444444444,"NM",15820,1284,"15820_20181231",0.2014446458890903,2.8141131240002966,18,9.68144468250418,1.546925396115711,2,"MN"
121050,3.668181818181818,"NM",15826,2218,"15826_20181231",3.7319116527037317,3.739083361677869,33,10.847268394697593,1.0427595281553057,4,"GA"
165857,3.071425925925926,"NM",15830,4352,"15830_20181231",2.280442804428044,4.2077341994208854,54,10.23520007751187,1.6174560791690444,4,"IA"
101159,5.950529411764706,"NM",15839,1460,"15839_20181231",0.9050445103857567,2.0480454361296028,17,15.67337164750958,1.445897776142315,2,"IA"
57342,4.7785,"NM",15847,872,"15847_20181231",8.363530946513988,2.583958023461745,12,11.119400454406728,0.8657166319830353,2,"SD"
22213,4.4426000000000005,"NM",15853,469,"15853_20181231",0.7269617276031645,2.9808849084347013,5,9.367088607594937,0.6104353250456712,2,"KS"
414047,5.111691358024692,"NM",15871,6441,"15871_20181231",0.29110559594103047,2.4603301691252506,81,10.515432448267203,1.0273823972655016,8,"MS"
142314,10.947230769230769,"NM",15873,1261,"15873_20181231",0.42607972475705486,1.6784336388470773,13,11.324341645723667,1.570076262953129,2,"IL"
417499,3.2617109375,"SM",15883,6861,"15883_20181231",2.751178955745769,3.045025953035504,128,12.235419337671448,0.6911857338873888,2,"IN"
338561,3.680010869565217,"SM",15898,5217,"15898_20181231",1.7200165229933704,2.8428060656891154,92,15.054253918002875,0.9478012863316355,8,"TX"
151862,6.902818181818182,"SM",15899,1935,"15899_20181231",0.3853697140694354,2.0167315970783934,22,13.391476256438533,1.322640351935066,2,"KS"
71404,7.1404,"NM",15904,968,"15904_20181231",0.6532951289398281,2.7072906605789213,10,14.464606972362699,1.9199812684754296,4,"GA"
129842,5.901909090909092,"NM",15907,2382,"15907_20181231",3.4294049380875826,3.320965351622081,22,10.796953169372973,0.7827217080486664,2,"NE"
144718,8.039888888888889,"SM",15908,1565,"15908_20181231",0.10377437442463805,2.012871729696479,18,11.424741724120722,0.5871167801899232,2,"KS"
1079812,6.100632768361582,"SI",15912,15131,"15912_20181231",0.9153398794537942,2.693902909046981,177,11.564289156536836,1.0129220668403927,4,"CT"
145019,4.678032258064516,"SM",15913,2264,"15913_20181231",1.8602218317887367,3.4319100557565605,31,11.519761131397905,1.0910380193210925,4,"IL"
89858,4.084454545454546,"N",15928,1246,"15928_20181231",2.156862745098039,2.73039501333192,22,10.536738224509559,1.665386449117974,2,"IL"
28569,7.14225,"NM",15930,267,"15930_20181231",0,1.3885210819012717,4,18.060188542422047,1.41715038255903,2,"IA"
534535,3.6864482758620687,"NM",15932,8663,"15932_20181231",0.6796539357017265,3.421863888446929,145,10.828423534279521,0.9449627333069036,4,"SC"
251599,3.812106060606061,"NM",15934,3651,"15934_20181231",1.570320934340956,2.6693915305222964,66,13.861665738604726,0.9660880942686942,8,"GA"
79024,11.289142857142858,"NM",15939,476,"15939_20181231",0,1.2809486578055773,7,12.882269867762227,1.5050820953870212,2,"TX"
230985,4.6197,"N",15945,5324,"15945_20181231",0.3629093143252855,3.5260360630285863,50,8.656061813104447,1.2027251555967151,4,"IL"
366591,9.647131578947368,"NM",15947,3065,"15947_20181231",4.340782371433655,1.3915944621564227,38,8.67415952755386,0.7259777103442221,2,"IA"
831011,4.073583333333334,"NM",15953,15239,"15953_20181231",0.5363734758120343,2.990951490321887,204,10.314451560024711,1.7906289885780222,4,"MS"
371947,4.708189873417721,"SI",15966,6680,"15966_20181231",1.4919803258622362,3.545013986590634,79,27.536578241588995,0.8227561723892225,7,"NY"
382562,4.904641025641026,"SI",15969,5745,"15969_20181231",0.7991535098710774,3.151574125328533,78,10.819461035626775,0.4783614974567295,4,"NY"
52318,0.539360824742268,"N",1596,10434,"1596_20181231",0,59.2132076570253,97,69.86179287320876,34.78686997418762,7,"MI"
896328,3.3951818181818183,"SI",15970,18920,"15970_20181231",1.0949305620332621,4.015580909133128,264,10.734298475106266,0.4355490815190628,4,"NY"
570760,4.047943262411348,"SB",15987,9893,"15987_20181231",0.4606009567587167,3.0469229310222423,141,9.578382481628694,1.018643219505958,4,"NY"
654762,5.548830508474577,"SI",15990,9894,"15990_20181231",1.937215677591799,2.5311075044439293,118,13.886678861839549,1.1495490956048764,4,"NY"
1554749,9.092099415204679,"NM",15995,19500,"15995_20181231",0.6023302652135449,2.1698143018148497,171,13.783804426768576,0.6463664523050023,4,"NY"
82320,3.9200000000000004,"NM",1599,1573,"1599_20181231",0.4883292383292383,2.7170148803954497,21,8.13629536314744,1.7995970652350899,2,"MN"
590217,4.575325581395349,"SM",16001,8088,"16001_20181231",0.9300576015674571,2.75336734513743,129,8.554216653242081,0.7483185340794747,5,"NY"
76568,4.7855,"NM",1600,1124,"1600_20181231",0,2.99299911940233,16,17.20046990175955,1.559768307264027,2,"MN"
6313462,15.140196642685853,"SI",16012,47044,"16012_20181231",0.04532045453913547,1.3599017286095767,417,10.310185426684878,0.8799084517477306,4,"NY"
51874621,17.80797150703742,"SI",16022,298414,"16022_20181231",0.11329508597191429,1.0133715996817723,2913,9.582148313540827,0.9191803706929255,4,"NY"
5534383,9.178081260364841,"SI",16026,56813,"16026_20181231",1.0186637359795714,1.7869384200278067,603,12.378162651648761,0.6431640329117494,4,"NY"
257521,3.5276849315068497,"SI",16030,3656,"16030_20181231",1.0387252924566357,3.4222774550002373,73,15.874881947465152,0.6229518577738377,5,"NY"
882268,5.412687116564418,"SI",16032,14440,"16032_20181231",0.8275332531443053,3.254509903338596,163,8.799341134937547,0.5746722523286839,4,"NY"
246300,5.597727272727273,"SI",16039,3270,"16039_20181231",0.2938439976916464,2.6387693078722148,44,10.321193819154525,0.273474645968799,5,"NY"
318448,2.676033613445378,"SB",16040,6027,"16040_20181231",1.757502825501882,3.951677948345759,119,8.81813335977885,-0.1874025738386007,6,"NY"
146745,3.668625,"NM",1604,2704,"1604_20181231",0.5644853436862923,3.4595391237030175,40,9.662483329343774,1.7021705261618159,4,"MN"
14307238,14.292945054945056,"SI",16068,89072,"16068_20181231",0.008842569637382149,1.4969123889585818,1001,7.26943628500155,0.7506844180171759,4,"NY"
375561,5.289591549295775,"NM",16075,6622,"16075_20181231",0.01157775912472141,2.8623123924779024,71,12.438412026165716,1.7424646896083096,4,"LA"
152204,4.348685714285715,"NM",16079,2506,"16079_20181231",0.2567067719738536,2.6283122814472155,35,10.07648474454372,1.0315491008018558,2,"NE"
425006,4.427145833333333,"NM",1607,8219,"1607_20181231",0.1865449632859913,3.0737700061664994,96,9.163599177272738,1.2617387442429022,4,"MN"
58190,4.476153846153846,"NM",16082,865,"16082_20181231",0,3.129820602182483,13,9.769733200487103,0.19818031194652344,2,"ND"
45235,5.654375,"NM",16094,577,"16094_20181231",0,2.209364620165006,8,8.96953539870574,0.7885995928426015,2,"IA"
188021,6.065193548387097,"NM",1609,2431,"1609_20181231",1.8675953948869253,2.020513966186781,31,16.65583475786588,1.0075191592909694,7,"MN"
249390,3.0788888888888892,"NM",160,4567,"160_20181231",0.7465805837604254,3.1148519053892265,81,13.398446277808096,1.1323822070241332,4,"GA"
441881,5.138151162790698,"SI",16101,8756,"16101_20181231",0.3903304156069755,3.3507656584863232,86,10.939293058979924,0.3968580854601119,4,"CT"
53775,3.3609375,"NM",16103,872,"16103_20181231",0.26985256237273997,2.8570196856102617,16,9.143112003122038,0.7446279015993823,2,"MO"
208809,4.539326086956522,"NM",1610,4773,"1610_20181231",0.35872709739633557,3.749481224005749,46,10.912233361564674,1.135638851072597,4,"MN"
41525,4.613888888888889,"SM",16110,588,"16110_20181231",5.7059478554698,3.1482541499713794,9,12.049382716049383,0.6762541094467887,2,"NE"
515689,5.794258426966292,"NM",16111,8581,"16111_20181231",0.7472572467695124,2.814116362810325,89,9.71998322515611,1.1348337560613302,4,"MN"
107750,2.505813953488372,"NM",16114,2568,"16114_20181231",1.7911596648607042,3.540816452015832,43,10.803117229987963,1.564424237420044,4,"LA"
247340,6.342051282051282,"NM",16116,3529,"16116_20181231",0.09054083758125124,2.266454187438747,39,9.15646541357368,1.3207689173867019,2,"NE"
161096,5.369866666666667,"NM",1611,2777,"1611_20181231",4.369130833862882,2.5017936800074865,30,10.24441600524514,0.43609820008110556,2,"MO"
87053,4.145380952380952,"NM",16120,1376,"16120_20181231",0.025559105431309903,2.6341837590054866,21,10.907818665687804,1.0541328207354126,2,"KS"
400708,5.7244,"NM",16125,6018,"16125_20181231",0.18332512840106688,2.618792875253795,70,10.730533120377869,1.462042653350247,2,"CO"
149826,3.74565,"NM",16126,2508,"16126_20181231",0.9694455612002485,2.7295716980879616,40,11.08984703199392,0.14918982565529793,4,"MO"
478427,4.160234782608696,"SM",16127,9019,"16127_20181231",0.32114314858597603,2.8083119281308457,115,10.156809053644333,1.0412486375150807,4,"OK"
47173,2.4827894736842104,"NM",1612,1079,"1612_20181231",0.8741483481167245,3.799688230709275,19,9.819424928168454,0.7566209515596756,8,"MO"
3753466,5.819327131782946,"N",16130,55186,"16130_20181231",0.3973482414515145,2.3265712718459404,645,13.616585041962411,1.4677086198786053,4,"AK"
67290,3.9582352941176473,"SM",16151,1355,"16151_20181231",0.09986973512809379,3.2146691210363074,17,8.780768041009326,1.0319058140606832,2,"IA"
119968,2.789953488372093,"NM",16152,2619,"16152_20181231",4.200890111082969,4.511758336341172,43,6.258958048152024,1.354752412667874,4,"GA"
61334,7.66675,"SM",16154,862,"16154_20181231",0,2.055868345543647,8,13.293564834871862,2.1051697447173554,2,"NE"
974926,3.457184397163121,"NM",16160,20837,"16160_20181231",0.27738920706699416,3.2293043040556877,282,11.360228262477198,1.8607954075060191,4,"WI"
102403,6.826866666666667,"NM",16161,1684,"16161_20181231",3.573977074318682,2.424000456282439,15,18.984577994250092,2.2627282149719643,2,"SD"
161644,3.6737272727272727,"NM",16162,3292,"16162_20181231",1.1166697969846502,3.121820283808475,44,8.738974191440706,1.3469536115497627,2,"MO"
74421,3.9168947368421057,"SM",16167,1169,"16167_20181231",0.3456542342643697,3.473998063048848,19,9.513038850452368,0.4434312327932359,2,"OH"
205374,4.667590909090909,"SM",1616,2844,"1616_20181231",0.4586525885802672,2.6819757410369616,44,10.796139927623644,1.335057718428128,2,"MO"
88516,3.688166666666667,"SM",16170,1656,"16170_20181231",0,3.783837162531582,24,8.282797536818938,0.3781428609277266,4,"MO"
606858,3.700353658536586,"NM",16175,8121,"16175_20181231",0.5252338971998564,2.5801627648114183,164,13.087267212376485,1.1700255742932222,4,"AL"
118188,5.138608695652174,"NM",16176,1723,"16176_20181231",0.1081740770532272,2.8109077692447486,23,12.127376378110952,1.3478222826489334,8,"TX"
108330,4.71,"NM",16177,1431,"16177_20181231",0.23137848180119247,2.3927876164735675,23,10.225137187100653,0.9034379784157704,2,"IA"
1773230,3.97585201793722,"NM",1617,33741,"1617_20181231",0.7321052708650774,3.3964742638981242,446,11.218375047705448,1.19581769768232,4,"MO"
61500,5.125,"NM",16182,615,"16182_20181231",0,1.6582912940519154,12,13.850438067941242,0.2874804691941127,7,"TX"
77874,3.5397272727272724,"NM",16185,1025,"16185_20181231",1.1262387155585614,2.54450977990118,22,13.783877648148387,1.3909306219118787,5,"AL"
136241,4.541366666666667,"NM",16187,3095,"16187_20181231",0.02206967046497311,3.408121825862366,30,11.88421444255586,1.2570691067639166,2,"ND"
18629,6.209666666666667,"NM",16188,306,"16188_20181231",1.1958310477235325,2.7681895749301892,3,8.107393900956609,-0.07271951597890165,2,"NE"
3648810,5.604930875576037,"NM",16191,49289,"16191_20181231",0.4789246467817896,2.2157846403347845,651,9.886553471403916,1.9341498290430748,2,"MT"
38363,3.1969166666666666,"NM",16193,739,"16193_20181231",1.959696801626918,3.965231183412812,12,9.86499165971643,-0.2426095395114418,4,"OH"
69720,6.338181818181818,"N",16198,760,"16198_20181231",1.0713752426459608,1.7448934755912078,11,17.277993651878106,1.2491690983449566,2,"IL"
164950,5.68793103448276,"NM",16201,2184,"16201_20181231",1.2888082232421774,2.2916456462516397,29,11.481375678461864,1.6976087175865202,2,"IN"
1063088,4.235410358565737,"SM",16216,17126,"16216_20181231",1.0884582458658363,2.826555895864071,251,11.22035723701309,0.9757316273390709,4,"AR"
391851,5.155934210526316,"NM",16221,7605,"16221_20181231",0.35576400987345064,3.2678412500033818,76,9.915166854143234,1.6187716920546553,2,"SD"
69445,3.1565909090909092,"NM",16222,1269,"16222_20181231",3.7017791819088792,3.8152080622806936,22,11.798391058707933,0.5883548204153057,8,"OH"
88139,3.52556,"NM",16228,1657,"16228_20181231",0.9370392097794549,3.1740175011215976,25,16.891723337563313,1.248432907475503,4,"GA"
30718,3.413111111111111,"NM",1622,472,"1622_20181231",0,2.842898535826946,9,7.983084769836658,0.9251466421674129,8,"MO"
203657,5.091425,"NM",16231,3249,"16231_20181231",0.9863260824095378,2.3713762124527906,40,10.062737736501507,1.973298645631551,2,"ND"
414528,3.512949152542373,"NM",16243,8866,"16243_20181231",1.5442039031673243,3.7919722258046824,118,10.360865606216421,1.0651024410635903,2,"OR"
234077,3.601184615384615,"SB",16246,4561,"16246_20181231",0.5849215050502694,3.0980736772615423,65,14.759812222674757,1.1374091858594604,4,"GA"
27007,2.0774615384615385,"NM",16247,345,"16247_20181231",0,2.5587880615013567,13,16.739138800169314,0.4974374434730178,2,"MO"
293772,3.1252340425531915,"NM",16249,8335,"16249_20181231",1.243726922090429,4.862515894116287,94,7.965936773723854,0.4735724193734829,4,"IL"
1530355,4.3975718390804595,"SM",16250,25645,"16250_20181231",1.362143289204689,3.1912487104806924,348,9.113974942321846,0.7861746179092948,4,"IL"
584195,4.993119658119658,"NM",16265,7523,"16265_20181231",0.5842868008885356,2.447523033080807,117,10.825776506519563,1.9080314208327513,2,"IA"
88563,3.8505652173913045,"NM",16275,1768,"16275_20181231",0.04383856096388269,3.957225781212901,23,11.451620172157376,0.4816509093704845,4,"GA"
339141,3.460622448979592,"N",16276,4700,"16276_20181231",0.424678010524807,2.4216424830392596,98,11.205428450624824,0.9600700314437842,2,"IL"
46669,2.9168125000000003,"NM",1627,1169,"1627_20181231",3.5104117983071093,4.793090949994376,16,10.379673140100635,-0.052076172859565145,4,"MO"
24019,1.7156428571428572,"NM",16281,788,"16281_20181231",0.49489638107021344,5.669951771859929,14,14.835676946144183,0.01677500524218914,2,"GA"
53159,6.644875,"NM",16282,585,"16282_20181231",0.5174919363414029,1.7774219918659198,8,11.626934337097449,1.4500914151196198,4,"AR"
130151,5.915954545454546,"NM",16283,1587,"16283_20181231",0.0009361630421554218,3.12781396449393,22,10.431235880552364,1.552815443365781,4,"GA"
76932,2.7475714285714288,"NM",16288,1698,"16288_20181231",1.6956064475971755,3.9774781106916213,28,12.35655711073856,0.5673146437464857,8,"GA"
347126,4.7551506849315075,"NM",16307,5968,"16307_20181231",0.38067952482331247,2.8052563373344204,73,12.75279064839262,1.6307311609797286,2,"IA"
134091,6.095045454545455,"NM",16308,2527,"16308_20181231",0.09661244955362602,3.1559098928144778,22,10.333836847088413,1.1009336576928206,4,"TX"
57693,6.410333333333333,"NM",16318,597,"16318_20181231",0.5650308674270168,2.1210885349674604,9,10.755895074647691,1.2583614808927743,8,"IL"
31492,5.248666666666667,"SM",16330,543,"16330_20181231",0,2.6351508333435234,6,13.993206265333082,0.5747196713092604,4,"NE"
263062,3.868558823529412,"NM",16332,3851,"16332_20181231",0.8766901574670398,2.9258541019374684,68,8.103576187015504,1.428153218358643,2,"IL"
143432,6.519636363636365,"NM",16333,2304,"16333_20181231",0.04689881580490093,2.5443929226197546,22,10.897279017509511,1.556033122000527,2,"NE"
142889,4.2026176470588235,"NM",16334,2403,"16334_20181231",0,3.230019619378429,34,11.025070177136772,1.2589335727817013,4,"TX"
127141,4.54075,"NM",16339,2285,"16339_20181231",0.28920404289363055,3.2369460997061656,28,8.927427075009692,1.008512304508198,2,"NE"
55961,3.2918235294117646,"NM",16344,865,"16344_20181231",0.43312734495696315,2.906121499483432,17,11.400561194443481,0.010262936431371744,6,"IL"
459470,6.381527777777778,"NM",1635,2938,"1635_20181231",1.4475168439986585,1.1888180816916016,72,10.973994236668148,1.2031747528295498,2,"MO"
38100,5.442857142857143,"NM",16363,687,"16363_20181231",0.9356408869659275,2.6251434577885515,7,11.927800521027168,0.6998594918108396,2,"IA"
148400,4.787096774193548,"NM",16369,2667,"16369_20181231",0.6247103849520311,3.1998752395213472,31,9.696919680620603,0.39637443738655675,4,"AL"
112707,3.7569000000000004,"NM",16370,1850,"16370_20181231",2.2058143478126833,2.9398307625153173,30,13.307133310319799,0.8379481839489098,4,"OH"
375439,2.4538496732026145,"NM",16375,11051,"16375_20181231",1.0006557259245286,4.783361704789782,153,7.74875414612643,1.1716259094506034,4,"IL"
51348,7.335428571428571,"NM",16379,697,"16379_20181231",0,2.1097130630558705,7,10.908261935067156,1.4271001325306976,8,"NE"
71231,3.9572777777777777,"NM",16386,1100,"16386_20181231",0.025899187412994917,2.7690409402919243,18,14.63114343388069,1.105598334827645,4,"AL"
730648,4.936810810810811,"NM",16389,12336,"16389_20181231",0.45267834688574066,2.9853005599220044,148,9.863862740805605,1.3169914590654757,4,"SC"
45159,4.105363636363636,"NM",16394,1042,"16394_20181231",0.17785117667608855,3.3644761933853786,11,11.19206594314796,1.3004071408934408,2,"IL"
67215,3.734166666666667,"NM",16395,983,"16395_20181231",1.324589433008843,2.7002413105016476,18,9.244406298093997,0.8701099819017124,5,"AR"
99687,2.8482,"NM",16396,2008,"16396_20181231",4.222126119199783,5.331259389720704,35,6.140755817613362,0.3407403801689099,2,"FL"
127192,1.8170285714285714,"N",1639,4005,"1639_20181231",2.5230047082731084,6.593522825052242,70,8.778299377934001,-0.6339101176914522,8,"MO"
699960,6.603396226415095,"NM",16402,7567,"16402_20181231",3.3751372712316243,1.817341231657445,106,11.266458276862387,1.706025286356655,2,"KS"
93929,4.6964500000000005,"NM",16410,1718,"16410_20181231",0.014796547472256474,3.433847477141282,20,8.178906917164817,0.6014272978554692,4,"KS"
71804,3.9891111111111113,"NM",16413,835,"16413_20181231",0.11392885775771129,2.1126897059678638,18,17.11668340187893,0.5454782071764996,2,"IL"
192513,2.673791666666667,"SM",16414,4396,"16414_20181231",0.33428776958122347,3.627300136527193,72,13.407510431154382,0.9054230558639909,4,"VA"
383350,0.5251369863013698,"N",16416,27400,"16416_20181231",0.3375280719705527,12.296535949080324,730,15.575294305651735,3.8325539418695285,7,"OK"
117123,3.0031538461538463,"NM",16417,2213,"16417_20181231",0.6530803267528931,3.6169195761354,39,10.325809416811357,0.8137648278554984,4,"LA"
634677,2.0877532894736843,"SB",16418,35195,"16418_20181231",0.30423970309228476,9.283416969642465,304,9.661530230776345,1.5721809957780868,4,"GA"
152040,3.3786666666666667,"SM",16419,1940,"16419_20181231",0.05352516753377438,2.4107381560388297,45,10.769519957479355,2.576019575641601,8,"OK"
29606,4.2294285714285715,"NM",16423,517,"16423_20181231",0.46520113107725986,3.10613410952997,7,11.388729445926327,0.5120741699008193,2,"MO"
42160,7.026666666666667,"NM",16432,490,"16432_20181231",0.4973760476227775,2.1455506913441114,6,10.769923884950087,1.1558522242931242,2,"IA"
272552,5.241384615384616,"NM",16436,4335,"16436_20181231",0.12354087143830084,2.4856075009535865,52,9.103062060934782,1.119170187789957,2,"KS"
257115,6.766184210526316,"NM",16438,3065,"16438_20181231",0.19346047779157424,2.0876266940420285,38,11.18504719420991,0.7779761129540109,4,"IA"
1021040,5.005098039215687,"SM",1643,17444,"1643_20181231",1.0975822925825143,2.9331964055213544,204,13.530329448472056,0.6967911972388696,4,"MO"
114716,4.4121538461538465,"NM",16440,1519,"16440_20181231",0.5797971864821788,2.4433523487374282,26,15.856128293241694,0.9409505853648393,7,"GA"
306578,5.196237288135594,"NM",16442,5258,"16442_20181231",0.20216838196529674,2.8665042370045115,59,8.838385475765927,0.6803973279428105,4,"FL"
79365,5.2909999999999995,"NM",16448,1046,"16448_20181231",0.27617770062337255,2.259000451550615,15,10.42411361221138,0.9916650242864379,2,"SD"
7690612,6.830028419182948,"NM",16450,94235,"16450_20181231",0.6541630098862659,2.371499781736888,1126,10.636931016643022,1.422444081279164,4,"IL"
101764,2.8267777777777776,"NM",16453,1548,"16453_20181231",0.5004017824530644,3.5296830380106066,36,10.252459405001778,0.8503954388060172,8,"WV"
264247,3.5232933333333336,"NM",16464,4943,"16464_20181231",1.6436338921613047,3.614116511541425,75,10.738721804511279,0.9136468214788326,2,"AR"
1905588,5.5395,"NM",16470,37950,"16470_20181231",0.24706777953531198,3.0947679420349488,344,8.815882904487534,1.2582175458682197,4,"TX"
36211,2.2631875,"NM",16471,1010,"16471_20181231",0.06924361533135107,4.323315328459324,16,9.232045825637732,0.05095719059598458,4,"KS"
13959,2.7918,"NM",16472,365,"16472_20181231",0.0650315867707172,3.6929782223977305,5,15.056570931244561,1.842832697117283,2,"MN"
139038,4.485096774193549,"NM",16473,2206,"16473_20181231",0.04729194499946797,2.691330447709657,31,15.249686095941184,0.9113702027015671,2,"KS"
49955,4.9955,"NM",16477,817,"16477_20181231",0.5220319955094023,2.441335225597459,10,9.78051749185284,1.3562973475541438,2,"ND"
173151,4.679756756756757,"NM",16479,2071,"16479_20181231",1.4006361455003467,2.194996429937683,37,8.56139109644602,1.1457843981423217,2,"IL"
83572,6.964333333333333,"NM",16483,1017,"16483_20181231",0.9561261469658416,1.947915906528284,12,25.68271934675436,1.637190952254286,7,"IL"
68552,5.27323076923077,"NM",16495,905,"16495_20181231",0,2.32004484071722,13,11.717741821121148,1.8635478483967711,2,"TX"
917501,5.334308139534883,"N",16501,11807,"16501_20181231",2.6138136139591954,2.127815442812046,172,9.047734716840965,0.6247349495378294,4,"IL"
82360,3.4316666666666666,"NM",16511,1763,"16511_20181231",2.701542065196174,4.460855361538639,24,12.92860806364853,1.1111877976395887,4,"TN"
14152,2.3586666666666667,"NM",16516,279,"16516_20181231",2.6593557230980123,3.193404168843988,6,15.516999157066591,0.5806189397898159,2,"NE"
52372,5.819111111111111,"NM",16527,731,"16527_20181231",0.526326738646529,2.236412158596244,9,12.401090881155412,2.6743372172669733,2,"ND"
385342,3.058269841269841,"NM",16539,8201,"16539_20181231",0.057808083550246726,3.65533111788758,126,10.003000421067494,0.8922846707140232,4,"LA"
862716,3.53572131147541,"NM",16546,18060,"16546_20181231",1.2076287101099747,3.7500482684086407,244,10.824625423846262,1.1976380813784433,4,"LA"
141261,5.0450357142857145,"NM",16547,2514,"16547_20181231",0.20441962806984335,2.6475270031282148,28,8.49647119683701,0.8647889390874118,2,"IA"
273619,4.637610169491526,"NM",1654,4308,"1654_20181231",0,2.570610385656678,59,10.16698774505836,1.0052893686782765,4,"MO"
765738,7.734727272727273,"NM",16553,7964,"16553_20181231",0.5180899956606067,1.6979435543256673,99,12.62339517591253,1.0275768874006208,2,"NE"
365325,5.004452054794521,"NM",1655,5078,"1655_20181231",0.1255471623392217,2.305629181398874,73,15.177345892581219,1.9809997460401119,4,"MO"
20671,4.1342,"NM",16561,303,"16561_20181231",2.0638184449013783,2.924149338374291,5,12.19804352166101,-1.206088531821046,2,"MN"
123147670,10.737437440055803,"N",16571,1406981,"16571_20181231",1.0898767965736704,2.358647302481903,11469,10.865203084815905,0.9113229959757494,4,"IL"
33536,3.7262222222222223,"NM",16581,529,"16581_20181231",1.4559517715975658,2.9993458096773438,9,9.605918767929941,-0.43223289175486557,2,"TX"
10157,3.385666666666667,"SM",16583,203,"16583_20181231",0,3.266419016597435,3,11.051462421325436,0.10979559719655242,7,"KS"
39508,2.46925,"NM",16584,911,"16584_20181231",2.63637083366321,5.141066138722815,16,10.0754765255213,0.49863183285271445,4,"GA"
28520,3.1688888888888886,"NM",16585,445,"16585_20181231",2.824197860962567,2.6044791394631526,9,8.586275724413243,0.5928895602029941,6,"IL"
501108,4.727433962264151,"NM",16595,7975,"16595_20181231",0.5182999566663259,2.753733074307681,106,11.013133626995254,1.7048653939649832,2,"AL"
148108,4.777677419354839,"NM",16600,1690,"16600_20181231",0,2.398705354456028,31,10.124425527470232,0.7951103056727675,7,"NM"
166014,4.486864864864865,"NM",16601,2179,"16601_20181231",0.26183300677427007,2.432681354070728,37,9.859447483209859,2.1475772972879166,2,"MO"
62604,3.1302,"SM",16603,862,"16603_20181231",0.9664582148948266,3.594271594600555,20,9.478182053606112,1.3793928428576234,4,"KY"
1597704,2.873568345323741,"SM",16604,41965,"16604_20181231",0.9702811653547312,4.254604191939177,556,9.039556236863316,1.3375023515598141,4,"AL"
27118,5.4236,"NM",16609,300,"16609_20181231",0,2.7073414194512067,5,18.46517468055248,0.7037651435178203,2,"GA"
382303,5.030302631578947,"NM",1660,4856,"1660_20181231",3.4830658765517537,2.445515902275106,76,13.843967489751169,0.8937896506047236,7,"SC"
208597,3.4196229508196723,"N",16612,3826,"16612_20181231",2.7773950899622517,2.7456294205616927,61,14.299493492959794,2.681951794163946,4,"MS"
257453,3.387539473684211,"NM",16620,2941,"16620_20181231",0.39999290478217686,2.1062635405431447,76,8.980910986929041,1.5545398313435017,8,"WV"
229411,4.4982549019607845,"NM",16629,3731,"16629_20181231",1.2060101538481287,3.1636566661273147,51,10.43862303680995,0.9699450394112406,4,"KS"
45881,5.097888888888889,"NM",16635,800,"16635_20181231",3.8464690616036057,4.234258294063423,9,13.677618442548557,-1.0057978755481276,4,"MN"
820153,8.284373737373738,"SI",16636,9104,"16636_20181231",0.7552642150954859,2.1736851360857097,99,19.42789210219932,0.6366335696120339,5,"CT"
51387,3.9528461538461537,"SM",16643,847,"16643_20181231",0,3.250682216879995,13,8.852645404112677,1.3197647976089923,4,"TX"
417655,3.977666666666667,"NM",16652,10336,"16652_20181231",0.19544856413035067,4.042989309189777,105,8.585619225429653,1.7886140297582582,4,"TX"
99160,4.311304347826087,"NM",16656,1448,"16656_20181231",1.0526504233874576,2.532168563065928,23,12.220545183804536,1.4890296558255218,4,"MN"
472915,7.058432835820896,"NM",16659,8425,"16659_20181231",0.29982258560180153,2.750265828222155,67,10.744736606629255,1.657245315437754,4,"MN"
649564,4.958503816793893,"SM",16664,10941,"16664_20181231",0.44697328642769385,3.0820438764539175,131,11.317332622924921,1.4724346392793513,4,"KY"
542548,5.962065934065934,"NM",16666,8892,"16666_20181231",0.04038354518278479,2.7013571673050403,91,9.679935672892965,1.292431874117287,4,"IL"
60959,5.541727272727273,"NM",16667,620,"16667_20181231",2.625274505889399,1.9544792242375522,11,10.104557683942582,0.8943375370547154,5,"IL"
186795,4.447500000000001,"NM",16673,2967,"16673_20181231",0.21068370259616692,2.973204018403207,42,9.609664725156678,0.83760331400027,4,"GA"
425149,4.52286170212766,"NM",16689,6101,"16689_20181231",6.209589329208307,2.905943794318735,94,11.01657254180369,0.615770869495106,4,"LA"
244798,5.828523809523809,"NM",16695,3325,"16695_20181231",0,2.3024603874786624,42,11.977767877977895,1.718593128542535,2,"TX"
147377,4.60553125,"NM",16704,2660,"16704_20181231",0.06842569073661292,3.1194440410511786,32,9.80458337064411,1.4656099799650621,4,"MN"
141569,5.4449615384615395,"NM",16707,1649,"16707_20181231",0.010581196252332673,2.0377672148876176,26,11.205724299914921,1.3324435480387233,2,"NE"
57025,5.184090909090909,"NM",16717,852,"16717_20181231",0.1143728555089592,2.319949459497403,11,10.613813005683125,0.7458233890214797,2,"IA"
218870,8.418076923076923,"NM",16720,1728,"16720_20181231",2.2158400067083144,1.7870745897518125,26,9.448956546800659,2.211966368804041,4,"NM"
475163,4.525361904761905,"NM",16723,7422,"16723_20181231",1.365430197082863,2.832895883502555,105,12.646755479157715,1.2281253598862802,4,"SC"
283153,6.024531914893617,"NM",16733,4126,"16733_20181231",0,2.5296508558264925,47,10.445082810228039,1.2922935796052846,4,"MN"
678900,1.9232294617563739,"NM",1673,36900,"1673_20181231",3.0238579264316674,14.361932347849246,353,23.81575064745206,1.3590833856515039,3,"SD"
16919,3.3838,"NM",16744,316,"16744_20181231",3.1438302331674093,3.700218411636228,5,27.434210526315788,2.486175008132348,2,"KS"
157934,3.94835,"NM",16748,3135,"16748_20181231",10.44692401690739,3.84195721132376,40,2.540898229275167,-0.5352037457356347,4,"FL"
58945,4.210357142857143,"N",16752,873,"16752_20181231",0.09386523633925578,2.8732614686041416,14,9.720601237842617,1.1804451654252681,2,"IL"
585429,5.003666666666667,"NM",16753,8716,"16753_20181231",2.0798428712090358,2.866990358151695,117,10.770882482723158,1.5492590027449715,4,"TX"
321716,4.662550724637681,"NM",16757,3884,"16757_20181231",0.09662419228214264,1.9828253057467664,69,10.53280819919581,0.8145495314657241,8,"IN"
37132,3.7131999999999996,"NM",1675,322,"1675_20181231",0.05508883073956756,1.3341084578004352,10,11.673130346288199,0.5440777509465463,2,"SD"
30649,6.1298,"NM",16778,410,"16778_20181231",0.04806408544726302,2.097108127963668,5,15.70433384687521,1.0051425899953248,2,"MN"
138216,3.071466666666667,"NM",16780,2389,"16780_20181231",0.1262100232814606,3.4130911536367123,45,11.369597968813332,0.9284084044765948,4,"GA"
50637,3.1648125,"NM",16788,1354,"16788_20181231",0.448876533448953,3.9687039346864723,16,7.891148623994162,0.9305926467540695,2,"KS"
656158,2.942412556053812,"NM",1678,20062,"1678_20181231",4.854870783016921,4.618979607230228,223,12.876543303908052,1.5798678389478422,2,"SD"
32356,2.02225,"SM",16795,807,"16795_20181231",1.034978033119297,4.318069223664977,16,14.046854041239044,1.6789093511275297,8,"OK"
671375,8.1875,"NM",16810,5868,"16810_20181231",0.22522990487984276,1.640953752179293,82,10.125488551790234,1.2824300285680308,2,"NE"
420680,3.78990990990991,"NM",16817,7218,"16817_20181231",1.2346127456915688,2.915321666661123,111,12.866923273333827,0.7472442250732869,4,"TX"
413044,4.214734693877551,"NM",16820,6593,"16820_20181231",0.6582664424526694,2.841740554247852,98,8.518716289368873,0.41981674649998973,6,"MD"
269449,3.061920454545455,"NM",16825,6568,"16825_20181231",1.2458846403110824,3.985001804369421,88,11.181200925539581,1.2949909319856603,4,"GA"
22689286,7.473414361001318,"NM",16835,197029,"16835_20181231",0.1653855577936751,1.3873355343350178,3036,10.176190556708745,1.4612635840355694,4,"TX"
91788,3.990782608695652,"NM",16840,1499,"16840_20181231",0.2208085799905368,2.803088094817307,23,14.35312924276267,0.9518866594930281,4,"WI"
761065,2.718089285714286,"NM",16849,17679,"16849_20181231",1.2685450564862342,5.295009144180424,280,16.80111098845537,1.4817357886643492,4,"AR"
213521,5.338025,"NM",16852,2403,"16852_20181231",0.7965212006923824,2.1450445979965562,40,15.744429969285193,1.720529420144775,2,"KY"
142708,3.856972972972973,"NM",16854,1971,"16854_20181231",0.8972855983406979,3.0491085037327488,37,9.303520945772295,0.5073130786656546,7,"NM"
532715,5.380959595959596,"NM",16858,8864,"16858_20181231",0.3427379576650976,2.782435772783583,99,10.660735033890221,1.3429318289715573,4,"GA"
125598,4.051548387096775,"N",16859,2092,"16859_20181231",0.12596724851538602,2.688211304930632,31,13.395244009771906,1.113258650879815,2,"NE"
274316,4.571933333333334,"NM",16863,5570,"16863_20181231",0.881233944307749,3.3927044440338867,60,12.461631768525846,0.47940388883087526,4,"MN"
134505,5.380199999999999,"NM",16866,1659,"16866_20181231",7.020872865275142,2.65397043613447,25,12.337834862942467,1.1659803549976553,4,"TX"
24867,3.5524285714285715,"NM",16868,161,"16868_20181231",0.7182705718270571,3.2175290985287845,7,8.034615537295066,0.3861034918234542,2,"NE"
227049,5.974973684210527,"NM",1686,3228,"1686_20181231",0.008349475652928996,2.15759728187229,38,8.854792744364456,1.0412631212128516,2,"SD"
53575,5.952777777777778,"NM",1687,1019,"1687_20181231",2.0759563979726448,2.8655274250575906,9,15.377234242709314,0.6533775887753464,2,"SD"
12548727,5.4417723330442325,"NM",16889,169596,"16889_20181231",0.2990834929714784,2.468139463616174,2306,9.984518205267486,1.4609250936566711,4,"GA"
574188,5.219890909090909,"NM",16891,6991,"16891_20181231",0.2540842595868767,2.416064530618864,110,11.09617531570948,0.9646955687446099,2,"TX"
158604,7.552571428571429,"NM",16895,1569,"16895_20181231",0.5587011538626517,2.053355607021274,21,16.224390432646114,1.767973980282724,2,"TX"
264948,4.3434098360655735,"NM",16897,4693,"16897_20181231",2.1303528331675694,2.9540426768188794,61,16.39773239367282,1.0402890717443871,4,"GA"
79978,4.443222222222222,"NM",16900,1066,"16900_20181231",3.8912925205316204,2.977434446083887,18,9.11019051399087,0.41167909677354375,4,"IL"
24287,4.047833333333333,"NM",16905,329,"16905_20181231",0,2.175915631650837,6,14.03564231240368,0.9331025062736253,2,"NE"
47796,5.310666666666666,"NM",16906,872,"16906_20181231",0,3.550660161339973,9,10.142168325642034,0.18976212263693445,2,"MN"
50161,1.9292692307692307,"NM",16908,1157,"16908_20181231",0.5234460196292258,3.611862362872162,26,13.033485877870291,0.3512345895823821,7,"OK"
142815,3.4832926829268294,"NM",16910,2862,"16910_20181231",2.867056607514623,3.4997352895581235,41,10.446884853756659,0.286647771313578,4,"AL"
68078,2.959913043478261,"NM",16916,1166,"16916_20181231",1.3538841480893475,4.524031347618786,23,4.89761333145036,-0.25757658793226285,4,"GA"
339839,5.309984375,"SM",16924,4122,"16924_20181231",0.5972793530789268,2.722320941872541,64,9.932640976113964,1.437643205575722,4,"MO"
55733,3.278411764705883,"NM",16934,584,"16934_20181231",0,2.950971559054084,17,8.054839930098906,-0.23892291361933563,5,"TX"
64803,3.811941176470588,"NM",1693,1243,"1693_20181231",1.5261115031757235,3.616674583466115,17,13.908169929676939,1.1649720707340978,4,"TN"
61282,4.714,"NM",16941,1317,"16941_20181231",1.1106424855897652,3.566972763964128,13,17.317294224272885,0.7589996840215908,2,"KS"
37224,3.3840000000000003,"NM",16953,859,"16953_20181231",0.7790280697415606,3.481209888882026,11,11.538999748117881,1.3222982723092211,2,"NE"
1987488,5.646272727272727,"NM",16958,29943,"16958_20181231",0.565454637061894,2.634790313816088,352,10.606216411858181,1.1011578791367689,2,"MN"
56501,2.82505,"NM",16959,1041,"16959_20181231",1.4257188498402555,3.3266359684246654,20,10.53578049684835,1.1922977920146436,2,"MO"
274857,4.0420147058823535,"NM",16968,4510,"16968_20181231",1.0378459752371354,2.969780107284714,68,12.109367964120391,1.064657466934196,4,"SC"
667611,4.279557692307693,"NM",1696,12767,"1696_20181231",0.42142808209339483,3.0246026727423985,156,11.55859187109187,1.3927802532194176,4,"TN"
317617,4.124896103896104,"NM",16970,4062,"16970_20181231",1.6957864267523062,2.792138030281991,77,11.61963016925437,1.1902713340274091,2,"KY"
242366,4.572943396226416,"NM",16971,3531,"16971_20181231",0.34326928999815204,2.5457002269076816,53,10.464703054121287,1.1345384085867987,2,"KS"
329385,3.3610714285714285,"NM",16976,5664,"16976_20181231",1.1343464062626327,3.169237206355042,98,11.437899564180826,0.8867092174224304,5,"PA"
4026669,6.494627419354838,"NM",16980,49518,"16980_20181231",0.8608707115235669,2.3283054690956555,620,8.927198289891177,1.6858067523165459,4,"CO"
547164,5.8834838709677415,"SM",16982,7171,"16982_20181231",0.7677216343524852,2.2907559253440954,93,12.88864594377451,1.211869420791703,4,"IL"
267076,3.0698390804597704,"N",169,4953,"169_20181231",1.1345692196756028,3.594494275917745,87,6.386781661097565,0.5228084495378136,4,"GA"
48775,2.1206521739130433,"NM",17001,1530,"17001_20181231",0.975889781859931,5.051179080272901,23,9.92637311088903,0.9382494368481289,4,"OK"
177251,3.1651964285714285,"NM",17009,5332,"17009_20181231",0,5.487300468764362,56,16.26127747235701,4.631269340359692,4,"MO"
389805,4.331166666666666,"NM",1700,5972,"1700_20181231",0.09216310444141276,2.8098755394874546,90,9.880384553281031,1.3673682526228388,4,"TN"
371807,4.59020987654321,"NM",17011,4785,"17011_20181231",0.31413035491219043,2.7663682847924322,81,15.797283940587892,2.8490227921823377,4,"GA"
519326,3.964320610687023,"NM",17040,7959,"17040_20181231",1.32843265949068,2.6487075695895834,131,8.279849100974964,2.033255069150116,4,"KY"
62766,4.1844,"SM",17047,736,"17047_20181231",0.31767365141425863,2.4106448000303704,15,9.85949502724076,0.8304386614277851,2,"AR"
103785,2.8829166666666666,"NM",1705,1736,"1705_20181231",1.6847672873233008,3.6736149639375446,36,9.000636905795844,0.4785210430371721,8,"TN"
56338,9.389666666666667,"NM",17062,538,"17062_20181231",4.779984216027131,1.514478643573714,6,10.129278411616536,1.3208986665755702,2,"MN"
403616,3.5718230088495573,"NM",17068,7058,"17068_20181231",0.1790684203834254,2.9484281848012572,113,11.037262074524149,1.11656451968805,2,"KS"
76986,3.07944,"NM",17073,1444,"17073_20181231",0.28649085433041943,2.9061870518346913,25,13.364796596649828,1.166062705983055,2,"GA"
791612,2.8071347517730496,"NM",17077,20578,"17077_20181231",0.3460134404776101,4.512093686746434,282,8.960108067250925,0.4769381718615098,4,"AL"
308906,3.2177708333333332,"NM",17089,7168,"17089_20181231",1.8590888517936315,4.25437186963718,96,6.72441419573874,0.37535773306793657,4,"GA"
724195,6.137245762711864,"N",17093,11412,"17093_20181231",0.516715578337099,2.6182697356068942,118,10.416890745151175,0.9622292351296444,4,"FL"
189096,4.612097560975609,"NM",17094,3110,"17094_20181231",0.040275889845441275,2.7656415832687635,41,10.365766098426569,2.1752907803265593,4,"TX"
89206,6.862,"NM",17096,897,"17096_20181231",0.014678899082568806,1.6469634255006744,13,11.861181890000335,2.055840993583944,2,"ND"
84557,3.131740740740741,"NM",170,1943,"170_20181231",1.9358752166377817,4.140560553089523,27,10.361840140483329,0.9304906312605572,8,"GA"
450382,4.209177570093458,"NM",17108,8716,"17108_20181231",0.22304639039305005,3.211665328002743,107,14.609562809267382,0.9821130433997852,4,"TX"
29912,4.273142857142857,"NM",17114,477,"17114_20181231",0.22088808337109195,2.619729840360213,7,11.38440398488492,0.9312320916905444,2,"KS"
580618,4.879142857142858,"SI",17115,10689,"17115_20181231",0.2851843686604627,3.0475720027920703,119,11.557386605220206,0.7906369844225353,4,"ME"
920190,4.035921052631579,"NM",1711,14171,"1711_20181231",1.1860735375372635,2.596551250107023,228,11.058691026026738,1.355191261592544,4,"TN"
546716,2.8926772486772485,"NM",17120,12736,"17120_20181231",0.42851642925294187,3.4437847292034016,189,10.860597387615634,1.3205771252982508,4,"MS"
27077,3.8681428571428573,"NM",17122,436,"17122_20181231",0,3.069329355440835,7,9.063163994591463,0.6794698573113299,8,"MN"
534842,4.494470588235294,"SI",17123,9135,"17123_20181231",1.4490770226809768,3.1603485417265,119,8.659117952734558,0.5753445385932534,4,"DE"
104701,3.4900333333333338,"NM",17126,2145,"17126_20181231",0.7757287633068793,3.333366372944523,30,10.665130031456938,1.197355509520364,8,"GA"
188719,6.087709677419355,"NM",17128,1739,"17128_20181231",0.988430322914868,1.65883752255461,31,21.238200849268384,1.7119071926363372,4,"WI"
16025,1.3354166666666665,"NM",17138,390,"17138_20181231",0,4.498574948070141,12,9.736547781782031,1.4975121974783827,4,"OK"
165457,4.727342857142857,"NM",1713,2715,"1713_20181231",0.46644576856895004,2.920350294976213,35,9.59795788130185,1.787381831818215,4,"TN"
526482,5.982749999999999,"NM",17145,5129,"17145_20181231",0.7453461150079017,1.58974607499466,88,14.05956554555111,2.0083175830546742,2,"NE"
1422646,4.209011834319527,"SM",17159,26582,"17159_20181231",0,3.2304062893645265,338,11.461459881662238,1.8081011862413319,4,"UT"
728500,11.942622950819672,"SM",1715,4397,"1715_20181231",0.300979607018556,1.0604467057482154,61,19.772987993872242,1.6630015049362241,7,"TX"
32412,4.630285714285714,"SM",17160,494,"17160_20181231",0,2.6145290526709863,7,13.672018629734037,0.38946217990133625,2,"KS"
491201,4.548157407407408,"NM",17162,6288,"17162_20181231",0.24316359964555814,2.009242435740597,108,12.282573192261735,0.8053657143061478,4,"WI"
116125,3.1385135135135136,"NM",17169,1881,"17169_20181231",5.793654406409322,2.7100316761334855,37,11.510268268556016,0.647537163736568,4,"LA"
28587,4.083857142857143,"NM",17174,408,"17174_20181231",0,2.993471415778375,7,7.214478737021761,0.45497876765750933,2,"ND"
975332,5.2720648648648645,"SI",17180,15731,"17180_20181231",0.24665767481159592,2.804451239326028,185,11.010493314582682,0.8587120384822319,4,"NH"
106715,3.6798275862068968,"NM",17190,1914,"17190_20181231",1.9594216327870118,3.208264841928208,29,16.026557909386113,0.8763714209258764,2,"GA"
83425,4.9073529411764705,"NM",17193,1149,"17193_20181231",0,2.3395997260267523,17,17.903693629722344,0.2636168705382256,7,"FL"
39404,4.378222222222223,"NM",17205,719,"17205_20181231",0,2.8895213188729074,9,14.369381986707749,0.9845396507960926,2,"NE"
141736,6.162434782608695,"NM",17208,1494,"17208_20181231",0.09919216471261082,2.2830496265686016,23,11.790012122645694,1.217727565682223,4,"WI"
240727,3.703492307692308,"NM",1720,4561,"1720_20181231",0,3.0936531250423034,65,9.487644666875196,1.094390897645896,4,"TX"
856029,4.729441988950276,"SM",17211,14031,"17211_20181231",0.3772520058489151,2.933646845711934,181,8.52955853921916,0.9080598889283075,4,"AR"
286543,8.427735294117648,"NM",17214,2893,"17214_20181231",0,1.7385222236949018,34,10.408141418117902,1.3970846707504712,8,"TX"
314697,7.492785714285715,"NM",17224,3411,"17224_20181231",1.675573498868171,2.1790536642445155,42,8.300016042629355,1.1209179649586722,4,"IL"
268211,7.248945945945946,"NM",17229,2976,"17229_20181231",1.5123282922390258,1.6857980180163716,37,11.007729691152203,1.4679808808342245,2,"NE"
600844,8.707884057971015,"N",17230,6743,"17230_20181231",0.3904383589878114,1.8314575419576076,69,15.928664283392916,1.195334199858266,4,"IL"
74805,3.5621428571428573,"NM",17232,1436,"17232_20181231",0.5890167581670055,3.622762306061745,21,8.685505827443302,0.6697664279219456,5,"MI"
120765,4.472777777777778,"NM",17241,1923,"17241_20181231",0.9199388666823418,2.522687968644043,27,11.951405726942472,1.188340152432001,2,"IL"
222694,4.453880000000001,"NM",17244,4260,"17244_20181231",0.07483270869667397,3.0940820813484793,50,10.100352760598525,0.91700256504214,4,"CO"
120010,5.714761904761905,"SM",17259,1671,"17259_20181231",0.003979571532798302,2.0142785204338556,21,11.892935982339955,1.3741022353491597,2,"IA"
394564,3.207837398373984,"SI",17262,19227,"17262_20181231",0.18907444453502736,7.858419301276025,123,10.187760961017597,0.6233737098376758,4,"CT"
26903465,6.953596536572758,"NM",17266,403393,"17266_20181231",0.4816103088832812,2.689484367837901,3869,10.52615740798479,1.2679383401905704,4,"OR"
354110,9.570540540540541,"NM",17280,3350,"17280_20181231",4.432561502631623,1.7973836451043965,37,9.019137334355802,0.8801220251616436,2,"ND"
50703918,10.324560781918143,"N",17281,787196,"17281_20181231",0.2995571490970616,2.633396024703037,4911,8.328012697775538,1.2660068419430848,4,"CA"
664672,4.923496296296297,"NM",17282,10491,"17282_20181231",0.11415375819954675,2.5426963569752705,135,10.569039041637634,1.1521045922249833,2,"IA"
1389578,3.6092935064935063,"NM",172,24747,"172_20181231",0.8227705634425961,2.99609824901717,385,9.743773306077621,2.1832950649281524,4,"GA"
181382,5.038388888888889,"SM",17302,2393,"17302_20181231",0.18041992738097923,2.5460569973681713,36,10.841758516082468,0.6156356791065326,2,"IA"
5798075,7.202577639751553,"NM",17308,75352,"17308_20181231",0.0699875373713621,2.3503182393372453,805,9.2467895187582,1.1253309455655895,4,"HI"
86590,4.810555555555556,"NM",1730,1255,"1730_20181231",0.8121085594989561,2.744766096721404,18,9.694602683059289,1.128604480559788,2,"AL"
176209,4.195452380952381,"NM",17317,2596,"17317_20181231",0.0642564062862894,2.6723944301302622,42,11.21794123824415,0.987227777379254,2,"KS"
423488,5.2282469135802465,"NM",17320,5832,"17320_20181231",2.977788549000847,2.514033661547046,81,8.2840474278426,1.6563809267267298,2,"IL"
2465224,3.798496147919877,"NM",17323,39865,"17323_20181231",0.41354867191753364,2.9807047204778145,649,10.071099517145942,1.4914798648965455,4,"MO"
222810,4.4562,"NM",17327,2965,"17327_20181231",2.3940630590339893,2.444190172900683,50,13.235333831432456,0.9099331317408239,5,"TN"
75430,4.714375,"SM",17347,1195,"17347_20181231",3.9458376421923473,2.9375089923744664,16,7.087467302304703,-1.3938180423001296,2,"IA"
200517,6.6838999999999995,"NM",17348,3060,"17348_20181231",0.3165784886764679,2.7989040578203976,30,8.469518912963643,1.3678738598483837,4,"IA"
65671,3.8630000000000004,"NM",17350,979,"17350_20181231",1.2559526924485844,2.758714588121643,17,9.373734100299764,1.239962784907789,7,"TX"
223830,4.567959183673469,"NM",1735,3780,"1735_20181231",0.9630791966591115,3.298069266870162,49,13.56613427587689,0.857887326163107,4,"AL"
119894,2.9242439024390245,"NM",17369,2664,"17369_20181231",0.5423331546335199,3.802457257049811,41,7.584908428491087,0.561831773437132,4,"KS"
191874,4.171173913043478,"NM",17374,3200,"17374_20181231",0.6116352666292035,3.4156292793985874,46,10.714361645583075,1.479298277251492,4,"KS"
37233,5.319000000000001,"NM",17375,535,"17375_20181231",0.924583031182016,2.4734177074474886,7,12.621771635704576,0.7503626752930583,2,"KS"
305099,3.9115256410256407,"NM",17388,4486,"17388_20181231",4.310550017613512,2.792157967168186,78,22.893647217917263,1.1581294953710675,4,"LA"
3921959,5.250279785809907,"NM",17393,50730,"17393_20181231",0.48354476522166856,2.7122230143394686,747,9.779566336141936,1.4413952967197399,4,"IN"
23315,4.663,"NM",17395,335,"17395_20181231",0,2.2083067316185794,5,17.252781625631172,1.408068846695411,2,"KS"
141210,5.431153846153847,"SM",17399,2296,"17399_20181231",0.3695270799895487,2.973407353006023,26,10.915089584383448,0.8294521662310332,2,"KS"
32571,5.4285,"NM",17401,428,"17401_20181231",2.7832878750309944,2.555966860567601,6,14.428104075580151,0.5435101944885129,2,"IL"
39052,4.8815,"NM",17403,638,"17403_20181231",0,2.5614515753831837,8,13.986763974992805,1.2070614386518133,2,"KS"
64559,4.966076923076923,"NM",17410,853,"17410_20181231",1.5228011364797744,2.4373008651714554,13,9.438771471542786,1.4664452928356801,2,"KS"
195285,5.743676470588235,"SM",17411,2591,"17411_20181231",1.1094964910709981,2.929827659018655,34,10.435033220625094,1.071258571359244,4,"CO"
371634,4.645425,"NM",17431,5627,"17431_20181231",2.277517020653393,4.047451167094882,80,11.512165146202861,0.6920408273955762,2,"AR"
2567120,5.13424,"SM",17437,45678,"17437_20181231",0.864803254695766,2.8763935446757265,500,11.324948286816682,1.1585915359832344,2,"SD"
1798459,5.974946843853821,"N",17438,25810,"17438_20181231",2.555790335494513,2.6874435181577536,301,9.163933250830517,2.4538963390876445,5,"MI"
13756,2.7512,"NM",17441,248,"17441_20181231",0,2.775141632876082,5,8.79350014380213,0.5392114571650418,2,"IA"
276441,6.742463414634147,"SI",17443,4414,"17443_20181231",0.2630332729369132,2.58256655132063,41,16.63578506404576,0.5471133136559335,5,"NH"
7555,3.7775,"NM",17444,109,"17444_20181231",1.1077542799597182,2.8516406192133914,2,9.879822896900697,0.24689529170678712,2,"NE"
422556,3.380448,"NM",17445,7691,"17445_20181231",0.2897408310874868,3.190110435446001,125,9.38622007180846,1.1680529734614218,2,"OR"
85847,2.6014242424242426,"NM",17446,1679,"17446_20181231",1.7781070568623818,3.8946837743994656,33,9.506323949408404,0.6461553755156817,8,"TX"
87164,3.6318333333333332,"NM",1744,1284,"1744_20181231",0.6264199935086011,2.8193516905502216,24,9.666601390384804,1.3153831465945014,7,"AL"
33705,4.8149999999999995,"NM",17450,575,"17450_20181231",0.4232035224212371,2.58993658507675,7,9.276848668492512,0.9127007645350561,2,"IA"
118540,4.2335714285714285,"SM",17451,2036,"17451_20181231",0.07226892542484563,3.2188548076320447,28,9.336918013015403,0.6741435805300263,2,"KS"
40273,6.7121666666666675,"NM",17452,559,"17452_20181231",0,2.7026643253042275,6,16.327032275509453,0.6413502908559068,2,"NE"
330732,5.905928571428572,"NM",17453,4453,"17453_20181231",0.11556298182509468,2.3521918335492864,56,10.846378564769925,1.5652166318459515,2,"IL"
85913,9.54588888888889,"NM",1745,914,"1745_20181231",7.465052601239372,1.5520895525938332,9,21.49730700179533,0.7790181279302381,2,"AL"
71799,3.7788947368421058,"NM",1746,1411,"1746_20181231",2.219088615110583,3.5422117021718367,19,16.087588438545495,0.8097670362526473,7,"AL"
1728095,14.164713114754099,"NM",17470,18134,"17470_20181231",0.39505278145725237,1.629886388619517,122,10.125365647388017,0.7807874433751517,4,"IL"
95914,3.689,"SM",17474,1452,"17474_20181231",0.3337627356833353,2.4648563802173817,26,14.760178182948305,0.6765070164609894,2,"TX"
412622,11.461722222222223,"SI",17476,2654,"17476_20181231",0.6786587784712769,2.6863363244653518,36,13.029312771556208,0.9843064394987548,4,"ME"
627476,6.402816326530612,"SM",17477,6625,"17477_20181231",0,1.9989664709043578,98,11.493857080956046,1.303065758954644,2,"KS"
349300,4.478205128205128,"NM",17478,5123,"17478_20181231",0.24970208085067377,2.659152145551184,78,15.058499243479694,2.1332288261874246,4,"NE"
3768196,7.966587737843551,"SM",17482,47295,"17482_20181231",0.2324283864647357,2.3022914325474884,473,11.371864897047185,1.6166578067471187,4,"CO"
10105549,2.6482046645702306,"SM",17491,521218,"17491_20181231",1.5833131168789083,8.149900928424868,3816,12.468904047512709,1.2740296516775171,4,"TX"
960847,5.221994565217392,"NM",17509,15557,"17509_20181231",0.2839697450475894,2.515216792298245,184,8.735715868443544,1.3452909001718534,4,"FL"
123233,4.401178571428572,"N",17513,1882,"17513_20181231",0.28696960101329955,2.7696275786536972,28,12.897812940775927,1.8769310031414497,8,"IL"
1796239,4.789970666666667,"NM",17514,23726,"17514_20181231",0.47939585429514475,2.432741894241557,375,8.526235338638982,1.5550367472472137,4,"IL"
137976503,7.779021424141625,"N",17534,2007746,"17534_20181231",0.7908916302210568,2.5893978282586896,17737,9.92661395285534,1.501088093361363,4,"OH"
211122,4.13964705882353,"NM",1753,3392,"1753_20181231",0.22795137037432012,2.9782297543186473,51,10.263145394955588,1.4389146472375123,4,"AR"
108885,3.0245833333333336,"NM",17543,1906,"17543_20181231",1.7344711252232585,2.8603206899693276,36,11.410979611399918,1.8695526739348294,8,"GA"
46106,9.2212,"NM",17551,409,"17551_20181231",0.361794500723589,1.6611817032380713,5,18.663051691186276,0.9370768582368606,2,"IA"
546144,6.425223529411765,"NM",17563,6700,"17563_20181231",0.9225548001847257,1.9655967693023504,85,15.997469691224364,1.4741527699016896,5,"SC"
18145,4.53625,"NM",17569,265,"17569_20181231",1.5320217664294684,2.3870592292439,4,18.395791528824773,0.5172859729287007,2,"KS"
212230,8.162692307692309,"NM",1756,2408,"1756_20181231",0,2.214770065343361,26,10.644212215578014,0.7111330292195783,4,"AR"
192717,6.423900000000001,"N",17572,2086,"17572_20181231",0.1520903294884898,1.8210386112665087,30,17.37528595771734,1.7501912877734314,2,"IL"
17372,2.4817142857142858,"NM",17573,238,"17573_20181231",0,2.4995193232070756,7,16.37861504781657,-1.2764639278771177,2,"KS"
436190,4.690215053763441,"NM",17580,8132,"17580_20181231",0.048165282971037456,3.190102445784543,93,10.92154441120655,1.2487114034657112,7,"FL"
84847,4.24235,"NM",17587,1141,"17587_20181231",2.9772120162963183,2.95475195347992,20,14.421167123805919,0.9522078866073052,6,"LA"
483190,3.86552,"NM",17588,7932,"17588_20181231",0.029440136301567218,3.2232351066690734,125,8.918863785964092,2.305698718350175,2,"TX"
14543,3.6357500000000003,"NM",17589,276,"17589_20181231",2.083333333333333,3.2101193891211097,4,14.53603327197109,0.17758107258967842,2,"NE"
442478,2.9696510067114095,"NM",17598,1132,"17598_20181231",0.1364656971254929,0.4640466291154078,149,11.122955861558555,0.3395734690023977,4,"IL"
183315,5.555,"NM",175,2803,"175_20181231",0.8136555138915029,2.5594935022293703,33,10.862601533005376,2.454211059771876,4,"GA"
216144,3.859714285714286,"N",17603,4847,"17603_20181231",4.386071194901495,3.946961046062789,56,9.799978077177865,2.9125989127637673,4,"TX"
41090,4.565555555555556,"NM",17607,547,"17607_20181231",0,2.9325008603313507,9,9.441611739833354,1.285580846566049,2,"KS"
761477,5.325013986013986,"SM",17612,17272,"17612_20181231",0.37805003957738237,3.5743898374166028,143,9.063998727781513,1.248872872596116,4,"TX"
815191,8.672244680851064,"NM",17614,7242,"17614_20181231",0.3078479881460454,1.5108749583906445,94,17.964789574734912,1.9251471244009821,2,"KS"
53784,3.163764705882353,"NM",17621,1101,"17621_20181231",2.5874174167261343,4.011021977289394,17,11.504198612632347,1.9203276964215612,6,"LA"
187673,4.938763157894737,"NM",17622,2970,"17622_20181231",0.4284754500706128,3.5954815546236225,38,12.76111653246638,0.6074839969152168,4,"MI"
44703,2.629588235294118,"NM",17629,1128,"17629_20181231",0.1355585010242198,3.492135597070013,17,17.884249412291503,1.0177205680016423,2,"KS"
16412,4.103,"NM",17632,382,"17632_20181231",0.9935253404777852,3.2503656661374407,4,12.041587901701323,0.018752109612331386,2,"KS"
1293788,5.034194552529183,"SM",17633,15438,"17633_20181231",0.1515299397330825,2.783802266957551,257,9.970557908035177,1.2873435679969778,4,"MO"
313246,4.539797101449275,"NM",17636,5080,"17636_20181231",0.6608851825506132,3.1268170238031328,69,8.688024700808901,0.8019967131070194,2,"KS"
253168,4.364965517241379,"NM",17639,4079,"17639_20181231",0.6403075175075791,3.2047267197032685,58,9.313148625764205,1.6019430126953247,4,"NE"
352108,3.385653846153846,"N",17643,5508,"17643_20181231",3.0274914340402836,2.788504150009694,104,11.942435720844811,1.5701023884482936,4,"NM"
132297,5.29188,"NM",17650,2342,"17650_20181231",0,2.567034121545937,25,14.476170976785207,0.9586787074446308,2,"KS"
20670,3.4450000000000003,"NM",17652,400,"17652_20181231",0,3.008604317662106,6,11.311746632001892,0.2664625402116197,8,"KS"
1207277,4.1345102739726025,"SI",17658,23724,"17658_20181231",0.4112094430774229,3.4371214895115876,292,14.008596345758178,1.1832114740433939,4,"ME"
77194,7.017636363636364,"NM",17661,1152,"17661_20181231",3.9593315414280705,2.2917764891934636,11,21.03362610808683,1.2941486557722721,2,"KS"
106023,7.573071428571429,"NM",17671,1136,"17671_20181231",0,1.9947904645718617,14,11.705084512713738,1.5225187308594181,4,"KS"
425599,4.298979797979798,"NM",17672,6279,"17672_20181231",0.6256226676347917,2.4660429435271096,99,10.084895351769353,1.044761605863569,2,"KS"
443608,4.669557894736842,"NM",17676,6383,"17676_20181231",1.0970185140658812,2.674705470914794,95,10.782935896273461,0.8800039302621576,4,"KS"
225924,3.475753846153846,"NM",17685,3868,"17685_20181231",1.0812862643023697,3.278868111393343,65,7.954497255753585,0.8220549414141126,2,"KS"
675631,5.448637096774194,"SM",17687,9397,"17687_20181231",1.221704524737555,2.8464280683709946,124,11.641183969111287,2.9772005302744553,4,"TX"
6032147,5.822535714285714,"NM",1768,104462,"1768_20181231",0.14216217523296176,3.117278221333622,1036,8.760354669973918,0.881982655222961,4,"CA"
103159,5.731055555555556,"NM",17690,1194,"17690_20181231",1.1874639877746322,2.1687736462108256,18,8.72834450356507,0.798339931348746,4,"IL"
102333,4.873,"NM",17713,1370,"17713_20181231",0.22235667826350022,2.4045449062603197,21,10.809072671600388,0.7247250889345453,2,"IL"
126605,5.504565217391304,"NM",17733,1839,"17733_20181231",1.0806213856446307,2.7018093616276637,23,10.048603674108247,1.3043217607857687,2,"MN"
134624,3.9595294117647057,"NM",17734,1886,"17734_20181231",3.422566334362296,4.072513483841621,34,8.426914861153493,0.6241727573387326,8,"FL"
4835856,5.409234899328859,"N",17735,54583,"17735_20181231",0.412957978848453,2.525537703403316,894,9.81186325969346,1.6616167115112508,4,"WV"
341111,3.187953271028037,"SI",17736,6081,"17736_20181231",0.8283565139551351,3.557160638154496,107,9.201441595253195,0.4323721742587927,4,"IN"
476612,7.009,"NM",17739,6853,"17739_20181231",0.40238408085589217,2.636316079634623,68,10.95822176637985,1.602617733728113,4,"TX"
496339,10.340395833333334,"SI",17741,2752,"17741_20181231",0.08057122218209097,2.4764626683581468,48,10.191209035663366,0.7163271555432421,4,"ME"
989050,4.8482843137254905,"SI",17743,18244,"17743_20181231",0.8919736831004672,2.8218527725242013,204,11.390256101132223,0.7027449416417049,5,"ME"
1193697,6.1215230769230775,"SI",17748,17973,"17748_20181231",0.5330415910107766,2.90197760638717,195,9.887038130060736,0.5885545702054644,4,"ME"
920917,5.059983516483516,"SI",17749,13249,"17749_20181231",0.23987646122210576,2.6393906671465963,182,13.175015867687387,1.15483062484169,4,"ME"
1050684,6.180494117647059,"SI",17751,18287,"17751_20181231",0.44544272267408036,2.7287712888920757,170,10.534449527775106,0.6734060004329826,4,"ME"
65182,3.834235294117647,"NM",17759,1098,"17759_20181231",0,4.413333378773059,17,9.555967442984931,0.5111969164601998,2,"OH"
1217405,9.153421052631579,"SI",17764,17105,"17764_20181231",0.2329047486611186,3.0425815109598435,133,20.384563308665697,0.6141356265496783,5,"RI"
203388,3.506689655172414,"NM",17767,4007,"17767_20181231",0.602538192134366,3.008458480373252,58,13.127941337419285,1.3343540344273974,4,"LA"
256924,7.7855757575757565,"NM",17769,2915,"17769_20181231",8.537139223834503,2.0017710080352447,33,10.682964565095554,1.3583725500012516,2,"KS"
134139,4.327064516129033,"NM",17773,1949,"17773_20181231",1.609868283504077,2.8364030207618187,31,9.387343662497667,0.605158495300774,8,"SC"
102476,6.831733333333333,"NM",17775,1431,"17775_20181231",0.35964607556654477,2.2531423877497248,15,12.476297700876986,1.6089722725934192,2,"TX"
94361,3.145366666666667,"N",17782,1868,"17782_20181231",2.1979203052368543,3.3657076139350726,30,12.524019680300693,2.6471246899004854,4,"CO"
106047,3.2135454545454545,"NM",1778,1778,"1778_20181231",1.5860201490152548,3.0724453292507907,33,13.976193407259402,1.310603433244491,2,"CO"
660949,6.884885416666667,"SB",17797,10130,"17797_20181231",0.2148229895149309,2.569870302835142,96,11.03875180191639,0.7894066319536174,4,"MA"
4644193,11.083992840095465,"SM",17798,52998,"17798_20181231",0.4102778075850017,1.9268172409621136,419,11.01871721766383,1.3337840865760704,4,"MA"
102169,5.1084499999999995,"NM",1779,1512,"1779_20181231",0.2833265389319201,2.984304545618804,20,10.000493461633358,0.4005171589982855,8,"CO"
771791,4.82369375,"NM",17809,12172,"17809_20181231",0,2.2535135454072113,160,10.164087478090842,1.219272975331428,4,"OR"
272211,5.671062500000001,"NM",1780,4051,"1780_20181231",1.1910859676617866,2.964383168831803,48,10.340290917691581,1.1527309389475868,4,"CO"
317838,6.621625000000001,"N",17811,3225,"17811_20181231",0,1.791569723053989,48,9.965533124731968,1.074683029972075,5,"TX"
51242,6.4052500000000006,"NM",17813,584,"17813_20181231",0,1.9065682563314696,8,9.898200146845792,1.1562158480764053,2,"ND"
157378,3.7470952380952385,"NM",1781,3081,"1781_20181231",4.500879114679805,2.905109397293509,42,9.917371216042637,0.8988114318757503,2,"IL"
14680,3.67,"NM",17825,148,"17825_20181231",0,1.687512408179472,4,15.515010351966874,0.8003275759380584,2,"NE"
135408,7.126736842105264,"NM",17830,1612,"17830_20181231",0.8509926388579077,2.2888632731497225,19,17.708747971462692,1.6161993131905341,2,"MO"
174023,4.047046511627907,"SM",17832,2571,"17832_20181231",0.2766020277586377,2.5499454798768513,43,11.894594253308997,1.5886541804434149,2,"KS"
7183022,6.26244289450741,"SB",17838,118681,"17838_20181231",0.6267276094511092,3.2203276182054625,1147,10.817692391214614,1.6452450073441187,4,"DE"
127800,4.406896551724138,"NM",17841,2007,"17841_20181231",2.0337109698811826,3.089136352725063,29,10.265082505949321,1.3968786869170096,4,"LA"
2528019,5.42493347639485,"NM",17842,36683,"17842_20181231",0.5207658025566502,2.44617234916447,466,11.202735058699261,1.4940517065564503,4,"TX"
180452,3.839404255319149,"NM",17856,3093,"17856_20181231",4.087802313354364,3.2936512846702355,47,12.248013289633187,0.4938227165198884,8,"TX"
351185,4.745743243243243,"NM",17863,6313,"17863_20181231",0.1195011592633826,3.045430196525242,74,8.611387331377971,0.5868270810580201,4,"MN"
193144,4.4917209302325585,"NM",1786,2550,"1786_20181231",2.0979112699609797,2.171600126408933,43,9.522891315110613,1.1424207310649952,2,"IL"
3881689,10.29625729442971,"SI",17870,47087,"17870_20181231",0.7617237359103314,2.0853491361051333,377,9.908429073703747,1.0146797188911114,4,"MA"
106820,4.8554545454545455,"N",17872,1446,"17872_20181231",1.8783511492093847,2.865315779080223,22,10.49013999981246,0.8972685076008995,4,"CO"
78580,1.603673469387755,"NM",17878,2361,"17878_20181231",7.232112290311537,7.706979778864927,49,6.700691259125266,-1.1974191742057412,8,"LA"
90981,7.58175,"NM",1787,1256,"1787_20181231",0.8229561451001625,2.0986865246523276,12,10.813864610680934,0.5715891250075068,7,"IL"
290351,5.80702,"NM",17880,4107,"17880_20181231",0.5881333592392074,2.7303012329185217,50,10.284627976976289,1.2964072028700915,8,"FL"
43169,3.597416666666667,"NM",17881,514,"17881_20181231",0.45420995855334123,2.747784997046663,12,11.129620240940586,0.2244536326048435,4,"TX"
333828,6.419769230769232,"NM",17884,6051,"17884_20181231",0.08898090892094201,3.2900661187650053,52,9.22619597127084,0.9549192594387355,4,"OK"
246214,6.313179487179487,"NM",17892,3135,"17892_20181231",0.38032801238939024,2.2497464194763164,39,10.49286544501323,1.0917703334937816,4,"AL"
1067203,7.733355072463768,"SI",17897,14399,"17897_20181231",0.37196381991259864,2.431777620074011,138,12.560083535266978,1.0061338176710029,5,"ME"
61425,4.095000000000001,"NM",178,1002,"178_20181231",4.372602739726028,3.8431135646484966,15,9.723694672674265,0.0803326414015154,8,"GA"
329412,5.228761904761905,"SM",17903,4528,"17903_20181231",0.8207115901862325,2.3573646534920885,63,17.119532510050313,1.352901116280601,2,"IA"
191628,3.8325600000000004,"NM",17906,3269,"17906_20181231",0.06349455201066082,3.0540020228978437,50,11.947077519077808,1.2425310021843898,4,"LA"
75402,5.800153846153846,"NM",17909,736,"17909_20181231",8.778280542986424,1.913260415574988,13,12.250035501736358,0.9227615364363001,2,"TX"
749629,5.636308270676692,"NM",17910,10875,"17910_20181231",1.2745463817252565,2.636809854381204,133,10.679848967970559,2.1464454382546325,4,"GA"
130972,4.850814814814815,"N",17913,1892,"17913_20181231",0.012259910093992642,3.4007342639988085,27,9.907534859124809,1.0967528111295592,4,"TX"
62967,7.870875,"NM",17922,890,"17922_20181231",0.8229247117100322,2.15033836676529,8,9.062895325829576,0.992095190015784,2,"ND"
128567,3.214175,"NM",17927,1927,"17927_20181231",0.32291701705405496,2.7734584068330164,40,10.47455068635313,1.194732725067377,2,"KS"
553293,4.160097744360902,"NM",17933,9652,"17933_20181231",1.1469946283638075,3.123990167112917,133,9.974634008956844,1.1075702843689412,4,"MO"
514936,6.279707317073171,"NM",17937,6447,"17937_20181231",0.2213097576646639,2.442469637819531,82,12.0584409869251,1.2313360167502103,4,"KY"
5093375,7.27625,"SI",17943,70551,"17943_20181231",0.3385254082739132,2.753604396232165,700,14.840669533300938,1.4706507897399057,4,"CT"
190333,4.426348837209303,"NM",17950,3026,"17950_20181231",0.023545392800543356,3.099333561066896,43,9.199720335180373,1.7774887494669125,4,"TX"
484987,4.369252252252252,"SI",17951,8927,"17951_20181231",0.2687099642099984,3.3066175870986987,111,10.62406627033599,0.6775059162934787,4,"NH"
173221,4.0283953488372095,"NM",17953,2780,"17953_20181231",1.0061811590835155,3.2793832855703733,43,10.042617022389926,0.4764964310927236,4,"SC"
262103,5.697891304347826,"NM",17959,3907,"17959_20181231",1.059749825385739,2.2852641087623993,46,12.704525765044583,1.5463556294506817,8,"CO"
895849,5.742621794871795,"SI",17960,13349,"17960_20181231",0.15436327185027035,2.770309564694141,156,9.62592144980497,0.71639808618058,4,"NH"
1080838,5.350683168316832,"NM",17964,14633,"17964_20181231",0.8382884815791087,2.3307180860264154,202,13.952740037106299,2.001602050378488,4,"UT"
97353,4.056375,"NM",17975,1498,"17975_20181231",1.5589416587304874,3.2118458400336722,24,8.249718882449615,0.4629979386338863,8,"AL"
157622,5.629357142857144,"NM",17979,1816,"17979_20181231",0.4536826998750058,2.1574318932198353,28,9.714096337934814,1.2081357806395754,4,"TX"
9026,3.0086666666666666,"NM",17982,155,"17982_20181231",4.275820535983137,3.791153974060525,3,7.571829768848564,0.06651147322913202,2,"KS"
20695959,9.603693271461717,"NM",17985,161222,"17985_20181231",0.09906992042211508,1.738319782772553,2155,8.700421921445752,1.3346325655799245,4,"HI"
141752,4.169176470588235,"NM",17993,1981,"17993_20181231",0.20290578444244314,2.842955088871604,34,9.68567910133958,1.082987641517587,2,"IA"
37719,6.2865,"NM",17995,632,"17995_20181231",0.014113662024840046,2.091174145863977,6,12.85619263003858,1.3949885103197743,2,"KS"
66471,9.495857142857144,"NM",18001,449,"18001_20181231",0,1.0711488896956678,7,9.400720164609053,1.0306432594130586,8,"IA"
1639101,5.6716297577854675,"SI",18012,28992,"18012_20181231",0.453934361407671,3.1031157851407487,289,8.833447088884563,0.7753720746871031,4,"NH"
1765651,5.500470404984424,"SM",18013,30749,"18013_20181231",0.14035639899416852,2.8905527259921615,321,9.282691017406938,0.7441384251189457,4,"NH"
122728,3.409111111111111,"NM",18019,2370,"18019_20181231",0,3.3546553915803927,36,9.739144656145228,1.1607039678061846,4,"KS"
299120,3.884675324675325,"SI",18028,5545,"18028_20181231",0.8220035269355481,3.1594610775242273,77,14.328700244109003,0.6541424119480214,5,"NH"
410746,5.199316455696202,"SI",18030,6845,"18030_20181231",0.8253590222615194,2.9614640197904,79,8.09963225611362,0.6295833200793769,4,"NH"
510428,4.083424,"SI",18031,8443,"18031_20181231",0.3867207438716831,2.9505220154334997,125,9.019732893900292,0.7347759354070255,4,"NH"
97582,2.076212765957447,"NM",18033,1966,"18033_20181231",0.7530656110346534,3.6896018994004396,47,8.666139657444006,1.08578531232356,4,"MO"
417193,4.17193,"SI",18038,7381,"18038_20181231",0.8514755684567006,3.0494471187545185,100,13.636015783809638,0.5873062427663248,5,"NH"
17116378,8.066153628652215,"SM",18053,215953,"18053_20181231",0.17343608520309403,2.164547890907686,2122,7.242486277021372,1.2913681679820488,5,"HI"
1250076,5.841476635514018,"NM",18059,15813,"18059_20181231",0.5517409775676205,2.1430427759253563,214,15.14891091775137,1.8118151444067543,2,"ID"
45211,3.767583333333333,"NM",18063,960,"18063_20181231",0.44363783020770314,5.167186775052594,12,18.468391296899092,-2.771086634591551,4,"OK"
67831,11.305166666666667,"NM",18071,686,"18071_20181231",0,1.5078994191902333,6,16.990507374377092,1.1508799224425939,2,"IA"
28520,2.5927272727272728,"NM",18089,527,"18089_20181231",0,3.458498023715415,11,10.162951734591932,0.689010782178484,2,"KS"
299591,4.341898550724638,"NM",1808,4534,"1808_20181231",0.0836832369263294,3.3121955985507845,69,8.271779772396156,0.7458211929659257,6,"IL"
29920,4.274285714285715,"NM",18094,497,"18094_20181231",9.501767920282868,2.6684562392259887,7,14.974486458197042,-1.179972901970014,2,"KS"
906491,3.5548666666666664,"NM",18100,18389,"18100_20181231",0.597009438864596,3.504800987378058,255,9.99945843128543,0.9511006597828233,4,"KS"
45964,4.5964,"NM",18101,1003,"18101_20181231",0.2245638279495595,3.0742593829668308,10,9.072589673547983,0.3044721044475649,2,"KS"
103424,8.618666666666668,"NM",18109,1100,"18109_20181231",0,2.068367370062649,12,10.520572074055638,1.0887770468905478,4,"KS"
207449,4.71475,"NM",18118,2654,"18118_20181231",0.2906460773872915,2.9183702914077694,44,10.964454181989536,0.6444858600636973,4,"KS"
151185,6.872045454545455,"NM",18120,1768,"18120_20181231",0.009337765659433011,1.6187750953945108,22,14.336323715617338,1.2824850152105554,2,"KS"
1665373,5.389556634304207,"SM",18129,29851,"18129_20181231",0.8629642045666183,3.1353115495359707,309,10.401474304944655,1.0361590419372628,4,"RI"
187178,7.48712,"NM",18132,1567,"18132_20181231",0,1.4058276013650544,25,11.979593498141163,1.4084821096757891,5,"TX"
70911,2.5325357142857143,"N",18136,1610,"18136_20181231",3.5257087329418226,4.174250163142693,28,11.998758797726342,0.3001274853446923,4,"FL"
349811,3.8440769230769236,"NM",18143,7875,"18143_20181231",0.3078332895901636,3.5777667270592306,91,9.41049105319062,0.5085842058957516,4,"GA"
64773,3.8101764705882353,"NM",18145,2317,"18145_20181231",4.0644689468946895,5.341618906561917,17,9.369069110771653,0.41857170455277226,2,"SD"
257831,5.055509803921569,"N",18150,3171,"18150_20181231",2.098198001021376,2.2369044111862957,51,12.734484459792798,0.7581027533860123,7,"TX"
57817,2.31268,"NM",18152,1486,"18152_20181231",1.5189158667419538,4.712619932197879,25,13.878002917245135,0.3793125637126572,4,"OK"
208340,5.787222222222223,"NM",18155,2329,"18155_20181231",1.0521481357772118,1.990644985617983,36,9.59982650347936,1.0535717422720352,4,"TX"
92225,5.7640625000000005,"NM",18164,927,"18164_20181231",9.423404672488424,1.9788363069399901,16,11.80844897914548,0.8593044063712548,2,"MT"
85407,6.100499999999999,"NM",18165,1076,"18165_20181231",0.48049814910151745,2.0958062669201896,14,10.433492096362256,1.3347658799441118,2,"KS"
317416,9.91925,"NM",18171,2711,"18171_20181231",0.09854175125186086,1.5155701597703062,32,13.248849701523355,1.3043893365065256,8,"IL"
751528,4.319126436781609,"N",18185,13126,"18185_20181231",0.06725931654661461,3.042052455447912,174,9.172022580578782,1.3477931235122695,4,"TX"
2159424,6.03191061452514,"SI",18190,38040,"18190_20181231",1.1208309914666654,2.813662647196859,358,12.062780869500175,1.004698543449688,4,"CT"
787149,6.727769230769231,"SI",18194,11840,"18194_20181231",0.5486644891010619,2.691408432193022,117,12.192792588272592,0.7991127057076507,4,"CT"
1297445,5.210622489959839,"SI",18198,21906,"18198_20181231",0.6073567073365442,2.8900896092240926,249,10.416074196186146,0.7171637448278237,4,"CT"
1318237,5.358686991869919,"SI",18199,21062,"18199_20181231",0.6034896602658789,3.0558714764926718,246,8.085696127901011,0.6942713905538496,4,"CT"
854234,5.240699386503068,"SI",18200,15029,"18200_20181231",0.8186163344233228,2.7909274060034344,163,11.977991914870135,1.0480919777213513,4,"CT"
7347510,9.542220779220779,"SI",18203,88245,"18203_20181231",0.6166769941537442,2.149597677243497,770,8.993675108323753,0.9360493333801423,4,"CT"
1674924,7.282278260869565,"SI",18204,26547,"18204_20181231",0.6872075743215262,2.805035773286323,230,9.256345075253197,0.5380141544762116,5,"CT"
253661,4.697425925925926,"SI",18209,4670,"18209_20181231",0.602783349531628,3.054805322504438,54,8.173303394780643,0.4198112605192252,4,"CT"
1486214,5.384833333333333,"SI",18213,34626,"18213_20181231",0.36292403718628735,3.634431421778656,276,13.169517730391705,0.8328905341576088,4,"CT"
1640627,5.7164703832752615,"SM",18214,21063,"18214_20181231",0.7385581040917082,2.46558951838108,287,9.582392481971072,0.6516424648326106,4,"CT"
176873,11.0545625,"NM",18216,1820,"18216_20181231",0.1629255940404566,2.129378402730097,16,9.968841664536702,2.840872834568292,4,"TX"
166918,3.7935909090909092,"NM",1821,3027,"1821_20181231",1.1846698839716603,3.0097949032645945,44,13.039427657367858,1.4339469514312708,2,"IN"
27614851,8.465619558553035,"N",18221,366883,"18221_20181231",0.8380461740059852,2.5362041376415014,3262,8.063686062774323,1.4081003124613376,4,"CT"
163856,5.1205,"SI",18223,2785,"18223_20181231",0.7166550342138021,2.9042620289741694,32,9.032483152463321,0.4253717113143986,4,"CT"
277570,9.252333333333333,"SI",18227,3573,"18227_20181231",0.7239600615366052,1.9170689646705061,30,30.798450864730103,0.8524204179596213,7,"CT"
409545,6.713852459016394,"SI",18229,5261,"18229_20181231",0.21667556805505792,2.291016874220439,61,11.307545066572656,0.6841652955507986,5,"CT"
283803,4.054328571428571,"SI",18237,5350,"18237_20181231",1.3463705459557256,3.280556112277297,70,16.073052574215033,0.6385305358944877,4,"CT"
1116897,5.39563768115942,"SI",18238,21206,"18238_20181231",0.677723763225622,2.937374799452517,207,14.516530933092877,1.0226335396970714,5,"CT"
514121,5.14121,"SM",18240,7588,"18240_20181231",1.0535949823683006,2.345048292880415,100,12.75433511814118,0.8162557112837617,5,"CT"
1045969,5.203825870646766,"SI",18258,16488,"18258_20181231",1.0114471211344611,2.8191614463418366,201,11.688185762163833,0.5283479843171905,4,"CT"
101285,14.469285714285714,"NM",18265,962,"18265_20181231",8.755984027885019,1.81400683931057,7,7.9038353300635205,0.2642070352104205,2,"NE"
2162309,10.811545,"NM",18266,23548,"18266_20181231",2.1679875502843307,1.9198042707726526,200,10.877712659282489,1.4732434707053843,4,"MA"
786087,5.384157534246575,"SM",18272,12227,"18272_20181231",0.1739196123979102,3.1132761120151993,146,9.191908577083879,1.172631708694298,4,"IA"
140292,7.7940000000000005,"N",18282,903,"18282_20181231",1.1566332218506132,1.4199401800301665,18,12.577791863547308,1.3058887599474223,5,"TX"
131211,7.718294117647059,"NM",18284,1732,"18284_20181231",1.8583948521574356,2.1525266822746514,17,14.332894560530942,0.8754335240727449,2,"IA"
639045,3.781331360946745,"N",18296,13704,"18296_20181231",0.026752572148343014,4.261607994620208,169,9.288588224493736,0.3354550146223981,4,"HI"
6117745,7.309133811230585,"NM",18297,69943,"18297_20181231",1.0795557433452043,1.839109264501547,837,12.1425543636644,1.3328310668825774,4,"TX"
44431,3.1736428571428568,"SM",1829,726,"1829_20181231",2.593866979241502,3.02706872118679,14,15.038592794484781,0.4955423610239116,2,"IN"
112292,4.318923076923077,"NM",18301,1489,"18301_20181231",3.658890366251662,2.5024122352177325,26,14.582976047561882,2.399610435284463,2,"TX"
45917,4.174272727272728,"NM",18302,675,"18302_20181231",1.9501553513584982,2.517030213186503,11,7.160958980914575,0.4831109699279966,2,"TX"
496918,4.919980198019802,"NM",1833,8080,"1833_20181231",0.3858173235406585,2.8451498897474337,101,9.673247829316898,0.9671664729526271,4,"IN"
47659,0.7943166666666667,"NM",18342,19676,"18342_20181231",0,54.85870395393925,60,65.14328063241108,40.43534457434933,7,"MA"
253557,3.292948051948052,"NM",18344,4898,"18344_20181231",1.3767406612144368,4.377625958828538,77,11.51971997095622,0.8830112213882672,4,"TX"
1303979,8.358839743589744,"NM",18355,16515,"18355_20181231",0.010539661676860173,1.807511034792662,156,11.649854621698733,0.9059771386288688,4,"TX"
120091,5.718619047619048,"NM",18356,1817,"18356_20181231",0.05698924731182796,2.207198349558894,21,13.584675265206442,1.4706323469125886,2,"IA"
389173,5.80855223880597,"NM",18361,7054,"18361_20181231",0.07672147846802037,3.03871290702371,67,9.213580320882361,1.262482490138618,4,"WI"
285622,8.160628571428571,"NM",18374,3032,"18374_20181231",0.0028082393743242675,1.833156275468173,35,15.047463530697987,1.3185473451259027,2,"KS"
68185,5.682083333333334,"NM",18378,989,"18378_20181231",0.03037525117996168,2.4611316667624696,12,11.937040794368102,1.3946917005255053,2,"MN"
111787,4.2995,"NM",1837,1708,"1837_20181231",0.7263306791271318,2.7693973406079384,26,9.604149006954508,0.9257011632432098,4,"IN"
89907,3.4579615384615385,"NM",18380,1453,"18380_20181231",1.787287602265576,2.6845333316062514,26,12.025239789007697,0.8387142736863921,8,"MO"
275549,6.408116279069767,"NM",18384,3477,"18384_20181231",0.10144288324617226,2.274105286951156,43,12.448882290693573,1.0786345593749187,2,"IA"
244113,4.208844827586207,"NM",18385,3135,"18385_20181231",1.0635092346981618,2.2718624987573746,58,9.746966777478985,1.9534932349745133,2,"MO"
493995,5.311774193548387,"NM",18389,5727,"18389_20181231",0.041536241441179116,2.2585844788446807,93,8.117366849495799,2.1057562498120057,4,"NM"
107621,4.891863636363637,"NM",18394,1943,"18394_20181231",0.703018102322948,2.8802852560585146,22,14.201627704343633,1.1147628096643583,2,"IA"
121636,3.685939393939394,"NM",1839,1797,"1839_20181231",1.8211961805988381,3.4935877081864097,33,10.70403792572878,0.8965844560832378,2,"IN"
106828,5.3414,"NM",183,1425,"183_20181231",1.1951745178716378,2.6198517863405555,20,14.700315457413248,0.6709260304051479,7,"GA"
235972,8.42757142857143,"NM",18400,3353,"18400_20181231",0,2.17880109146576,28,10.599258163418451,1.777805313968507,2,"IA"
1360168,6.099408071748879,"NM",18402,13583,"18402_20181231",0.7252068757649379,1.6351535973150249,223,11.382528032900504,1.221615615072132,4,"IL"
4410311,4.9890395927601805,"SI",18408,82063,"18408_20181231",0.2781031700725616,3.2202634563228703,884,8.807314532973514,0.7902786427263577,4,"ME"
302668929,11.506136818095419,"N",18409,2391864,"18409_20181231",1.0229187942633726,1.627958625139778,26305,9.167904431275842,0.8730901487605051,9,"DE"
202112,4.04224,"NM",18418,3377,"18418_20181231",0.38710585585585583,3.2448702868718553,50,9.143519091489646,0.9750947526628766,4,"OH"
3756930,8.777873831775702,"NM",18429,35993,"18429_20181231",1.2257827275026598,1.6852138849916474,428,10.215194098142861,1.5048756310405467,4,"IL"
429298,3.547917355371901,"NM",18431,8210,"18431_20181231",0.10667532946434059,3.444119519394261,121,9.280754243079025,1.7012270145378408,8,"KS"
125388,4.644,"NM",1843,2051,"1843_20181231",0.18161266970624468,2.7618281040718187,27,11.752235303637173,0.7685361915710872,2,"IN"
471458,6.044333333333333,"SM",18443,5607,"18443_20181231",0.5774642525615459,2.0508608413308727,78,13.23409055250001,1.4056580751006715,2,"IA"
98318,4.9159,"NM",18448,1309,"18448_20181231",3.640749255643915,2.52104842483652,20,9.138754028803394,0.35201497513117735,2,"IA"
83885,3.99452380952381,"N",18454,1044,"18454_20181231",4.316262681489581,2.331328169978464,21,13.395839437445062,2.1441585303155586,7,"TX"
35661,5.094428571428572,"NM",18463,655,"18463_20181231",0.4967810614893294,3.7495270739571622,7,10.585414021723798,0.14117195308573652,8,"IA"
1121418,6.371693181818182,"NM",18467,16073,"18467_20181231",0.7102746671609731,2.7279005459937546,176,8.830573051736211,0.9040982717311211,4,"CT"
196805,7.289074074074074,"NM",18474,1536,"18474_20181231",0,1.6515379103756076,27,8.581091709926065,1.200480839786255,2,"KS"
175364,4.277170731707317,"NM",1847,2529,"1847_20181231",0.5178127589063795,3.0132161913371656,41,10.897450399294167,1.9276804541098904,2,"IN"
26567,4.427833333333333,"NM",18483,332,"18483_20181231",7.941382941382942,2.017960908610671,6,10.48009816703735,0.43669660151435113,2,"SD"
778209,3.990815384615385,"SM",18487,14547,"18487_20181231",0.6683175003376706,3.2320555237979756,195,9.277250212090529,0.9504964943306158,4,"IL"
780385,4.264398907103825,"SM",18489,15232,"18489_20181231",0.24198478588034378,3.460743435305021,183,10.99078606024204,1.3071205232895202,2,"NE"
169541,3.5321041666666666,"SM",1849,3225,"1849_20181231",0.817130502358291,3.8137412982150254,48,11.497530735761188,0.48475403554520047,4,"IN"
16764630,13.411704,"NM",18503,124899,"18503_20181231",0.3252108845061211,1.6280150210846551,1250,11.890522257091881,1.744808827848353,4,"CA"
100358,5.903411764705883,"NM",18508,1444,"18508_20181231",0.7125515216532099,2.3270460828739226,17,11.065717404147517,1.494789707013038,4,"IA"
2251005,4.660465838509317,"NM",18509,30223,"18509_20181231",1.9261968867732724,2.4053076658401706,483,9.677580224243618,0.8156328370809435,4,"IL"
207190,5.755277777777778,"NM",18514,2151,"18514_20181231",0.6902365129007036,2.0274145738491316,36,13.721535113328734,1.3889828364715946,7,"NM"
104723,4.760136363636364,"NM",18518,1824,"18518_20181231",0.4506544430330811,3.1005895112246664,22,8.500437972704411,0.9543200089728893,2,"IA"
307326,3.2013125000000002,"NM",18519,5943,"18519_20181231",0.4759095224884833,4.1619902731013845,96,10.20982480063636,0.8810052402915338,4,"AR"
15689,3.92225,"NM",18525,220,"18525_20181231",2.252571833983682,2.4398440650625086,4,9.515114627713531,1.6063987095039656,2,"MN"
96976,3.0305,"NM",18528,1912,"18528_20181231",1.0311381756544666,3.4505608340899894,32,9.958156414816948,0.6039267822655223,2,"NE"
499538,4.061284552845528,"NM",1852,7968,"1852_20181231",2.1667233332303035,2.922855734840318,123,9.327198342719731,0.8844868694292283,2,"IA"
1127209,11.865357894736842,"N",18561,22900,"18561_20181231",0.4501298640637311,7.446903821350102,95,8.824604730686376,1.2467463085583974,4,"MN"
186068,6.2022666666666675,"N",18564,2688,"18564_20181231",0,2.3266955966253278,30,10.671094713574064,1.1415952595986518,4,"IL"
201668,4.481511111111112,"NM",18566,2979,"18566_20181231",3.041210534666032,2.7092362045592857,45,8.62947696071363,1.0010229358757656,4,"IL"
37214,9.3035,"NM",18568,243,"18568_20181231",0,0.9707559762164787,4,18.91276583930257,2.565569365714979,2,"IL"
915938,5.584987804878049,"NM",18569,13625,"18569_20181231",0.5615941756594409,2.522584575530724,164,10.101369476210644,1.2280191433777525,4,"WI"
375768,16.337739130434784,"SM",18576,2655,"18576_20181231",0,1.1386139156373662,23,11.630800461663133,2.3651717838540383,4,"TX"
278171,6.784658536585366,"SM",1857,3234,"1857_20181231",0.045901122491086375,1.6904430250357028,41,13.010424214178826,1.9747481371786821,2,"IA"
526700,5.064423076923077,"NM",18584,6286,"18584_20181231",0.3851036366157818,2.0485742835935685,104,8.41786774381101,0.9601313419782235,4,"MI"
393619,6.055676923076923,"NM",18592,4953,"18592_20181231",0,2.118937774639805,65,11.101152302802717,2.2804036808853385,4,"OK"
119364,4.9735000000000005,"NM",18600,1781,"18600_20181231",0.4145204059861623,2.81770273792345,24,5.755765720922516,-0.023043818217648067,4,"AL"
969592,5.985135802469136,"NM",18609,13323,"18609_20181231",0.18103929716934175,2.5459842649152837,162,8.951397211011205,1.083213917270508,4,"TX"
35621,5.936833333333333,"NM",1860,524,"1860_20181231",2.7940780619111707,2.8543977835126406,6,13.010529900945137,0.6228284791813297,8,"IA"
314905,3.6616860465116283,"SM",18610,5850,"18610_20181231",1.7700591608784986,3.1710626831225843,86,10.003239412193933,1.1858446443594215,2,"KS"
2802850,10.419516728624535,"NM",18618,32390,"18618_20181231",0.09787476436099737,1.8007681437937622,269,13.178250675860529,0.9321874414762741,4,"CA"
146259,2.92518,"NM",18620,2811,"18620_20181231",1.4284771396513196,3.774901662225606,50,7.9483856583476165,0.6813304425061927,4,"KY"
112376,6.610352941176471,"NM",1862,1281,"1862_20181231",0.7575757575757576,1.6736539909474883,17,15.561975070882147,1.3276205943775659,2,"IA"
219411,3.849315789473684,"NM",18637,4472,"18637_20181231",1.7059131344845628,3.5118874439388033,57,12.269770250610744,0.9510504097888203,4,"AL"
184966,6.378137931034483,"NM",18641,3287,"18641_20181231",0,4.060076927773369,29,9.636526872066705,-3.2274295723497923,4,"IL"
61836,4.756615384615385,"NM",1865,975,"1865_20181231",1.0671193839810829,2.6248801613276473,13,13.529625470638749,1.3107871334589574,2,"KS"
282122,5.12949090909091,"NM",18660,5949,"18660_20181231",1.4569122049369387,3.2093018789742342,55,9.536922136116068,3.2521418119962147,4,"TX"
63621,3.5345,"NM",18677,1191,"18677_20181231",0.07696046662346079,3.1759555004391404,18,8.569451818957056,1.0460423087930053,7,"TX"
143559,9.5706,"NM",1867,1279,"1867_20181231",0.15017982057463541,1.6948247416305733,15,15.462522978738164,1.9794035228745126,2,"KS"
406670,6.069701492537313,"NM",1868,4668,"1868_20181231",1.587113116441067,2.0182869795557146,67,12.799363341564277,1.314631648774748,2,"KS"
270620,4.2284375,"NM",18698,4435,"18698_20181231",0,2.6505307335349344,64,11.620139895393535,1.5666253082505983,4,"TX"
323821,4.317613333333334,"SM",1869,6192,"1869_20181231",0.2054946682464455,3.2154584156536514,75,9.214223731489632,1.1209016147919915,4,"KS"
169563,5.138272727272728,"NM",18710,2969,"18710_20181231",0.0034703424533933007,2.8274925512293008,33,11.826773579302273,2.5544603799320162,4,"CO"
18510811,6.932888014981274,"SM",18714,201992,"18714_20181231",0.13133703024124538,2.064770625784455,2670,8.515633961394547,1.6664983429743472,5,"CO"
43279,4.3279000000000005,"NM",18719,656,"18719_20181231",4.169054441260745,3.2280459813543154,10,14.822439526505404,1.4853262050269673,8,"MN"
20778,3.4629999999999996,"NM",18724,483,"18724_20181231",0,3.0091818626064146,6,9.590363661440854,0.8658899376730709,2,"NE"
231114,8.559777777777779,"N",18734,2778,"18734_20181231",0,2.015874088201312,27,18.009747498767382,0.8124124144931603,4,"NY"
442206,5.975756756756757,"NM",18740,6150,"18740_20181231",0.2825385744890836,2.3775508791592226,74,9.625057783758303,1.5551216149971385,2,"NE"
358625,5.433712121212121,"NM",18748,5674,"18748_20181231",0,2.475602409809245,66,11.836525704457438,1.01041526764104,2,"NE"
609499,5.393796460176992,"NM",1874,11144,"1874_20181231",0.48096540676147437,4.122653268618589,113,9.106489498255932,0.43540738950464547,4,"KS"
105172,4.572695652173913,"NM",18761,1680,"18761_20181231",0.1855087469531267,2.995992411575064,23,11.622206334320653,0.42287235074351825,4,"NE"
156010,4.8753125,"NM",18780,2878,"18780_20181231",0,3.1099202684598675,32,10.49588572012675,1.0828141461701546,2,"TX"
1247674,6.146177339901477,"N",18799,21760,"18799_20181231",2.41304426609277,2.9065199446668655,203,11.16669341964563,1.0733889778011139,4,"NM"
48804,4.067,"NM",18820,993,"18820_20181231",0,3.638380524492147,12,7.967341787129982,0.6403035767057987,2,"NE"
36145,4.518125,"SM",18838,604,"18838_20181231",0,2.7031852393253475,8,12.291749025809002,1.6068469534070178,2,"IA"
361892,4.066202247191011,"NM",18841,6330,"18841_20181231",0.4426143755784165,2.976117186290106,89,7.9670243136985395,1.481628625885899,5,"MO"
64187,8.023375,"NM",18855,863,"18855_20181231",2.2447501810282406,2.0307789941297796,8,15.329822000824953,0.8424559733460257,2,"IL"
172619,5.0770294117647055,"SM",18856,2435,"18856_20181231",0.6370128898652745,2.610082652617333,34,17.939258185651227,0.8105384875649266,4,"OK"
261434,4.753345454545455,"SM",18858,3713,"18858_20181231",0.2667272004994041,2.507787204393623,55,10.524503050580595,1.0004801133535917,4,"OH"
118633,4.7453199999999995,"NM",18879,1724,"18879_20181231",0.5396552649948988,3.111371920283211,25,10.264585636779717,0.4112983930545587,8,"MO"
535315,7.758188405797102,"N",18880,5716,"18880_20181231",6.834863770917658,1.7326865437076229,69,12.38141553194673,0.7340334594730639,7,"WY"
221476,3.9549285714285713,"N",18885,4108,"18885_20181231",0.1873557555169463,3.292001484281226,56,10.967949462548138,1.2075662052027867,4,"MN"
83419,4.907,"NM",18889,1088,"18889_20181231",2.4734982332155475,2.4408172036708717,17,12.299837549315386,0.9121012762091752,4,"IL"
44017,6.288142857142858,"N",18892,624,"18892_20181231",0.49527239981990095,2.7571056017927305,7,12.511141103669562,1.0079214799810159,2,"TX"
266846,8.3389375,"N",18895,1716,"18895_20181231",0,1.1377449009508684,32,9.81860030098571,1.057255087383941,5,"TX"
198936,5.683885714285714,"SM",18900,2635,"18900_20181231",0,2.417800392841598,35,11.132792701469842,1.7547400405888751,4,"KY"
1405579,3.378795673076923,"N",18922,24186,"18922_20181231",0.48370324348856786,3.1798847024883186,416,11.234751124503067,1.2085782578622002,4,"WI"
13462,0.7478888888888888,"NM",18924,2954,"18924_20181231",1.6119462025316456,26.089200347674925,18,12.405490714233283,1.201923076923077,4,"OK"
108494,6.780875,"NM",18930,1130,"18930_20181231",0,1.9273782454263082,16,8.94896181140304,0.7087178801254329,7,"FL"
22121,3.686833333333334,"N",18937,453,"18937_20181231",0,3.0913543736426226,6,14.858951680476679,1.6542673628760225,2,"MN"
39400,2.6266666666666665,"NM",18942,1024,"18942_20181231",0,4.1227229146692235,15,13.760051783802624,0.8801042358089338,8,"TX"
417944,5.35825641025641,"NM",1895,6508,"1895_20181231",0.29071204100202624,2.773015053232658,78,10.863227491046725,0.8781821653470046,4,"MD"
525645,4.20516,"N",18979,8929,"18979_20181231",0.2154692834153781,2.7830927117759607,125,8.962570855289664,1.1181204115393417,4,"AR"
2206367,17.510849206349206,"NM",18983,15294,"18983_20181231",0.07760244678890198,1.142197201882218,126,9.569204119159448,1.1375059671084735,4,"CA"
32795,2.522692307692308,"NM",18987,622,"18987_20181231",0.6407615909194929,4.404889805162751,13,15.755692975000732,0.5604111617642789,4,"AR"
337266,4.49688,"NM",19001,4957,"19001_20181231",0.3490522744023697,2.6360583999395413,75,10.679871202309805,1.2376579085950496,4,"MO"
2704723,10.206501886792452,"NM",19008,19932,"19008_20181231",0.3760315193098914,1.397500505160201,265,10.880558743690289,1.3414059104477012,4,"IL"
288263,4.434815384615385,"NM",1900,4569,"1900_20181231",2.048588498456834,2.4850198456690413,65,10.950085501845946,1.4883371940708645,2,"MN"
306087,3.6010235294117647,"N",19011,4152,"19011_20181231",6.191722009794057,2.3249195529010747,85,21.954597772156507,0.34080404056756564,4,"VA"
25292,4.215333333333334,"NM",1901,380,"1901_20181231",0,2.8281375161432707,6,11.363089991185191,0.4699939513821909,2,"MN"
206336,3.2751746031746034,"N",19024,3655,"19024_20181231",0.10226074917798089,2.9486177230156505,63,9.01306505649365,1.7064547745729488,4,"TX"
253948,3.84769696969697,"SM",19027,4809,"19027_20181231",0.04288848444192734,3.540082111206064,66,9.727871988316394,1.2293717328154499,2,"NM"
93286,8.480545454545455,"NM",1903,1239,"1903_20181231",0.08994547920183765,1.8880166666298845,11,12.335346374338103,1.8681544223286939,2,"MN"
90056875,8.965343454454953,"SM",19048,1040482,"19048_20181231",1.2434940170395303,2.391565097318946,10045,9.111388355821,0.8414875714553512,4,"AL"
374039,5.343414285714285,"SM",1905,5963,"1905_20181231",1.0859897477679328,2.87317855437632,70,9.91567066497865,0.9635973723816085,2,"MN"
66350,4.423333333333333,"NM",1906,945,"1906_20181231",1.659637524222045,2.7197947992216522,15,10.99570316285982,0.8402618078896161,2,"MN"
362904,7.25808,"N",19070,5912,"19070_20181231",0.011925584353633329,2.2889445850531653,50,12.693257972020461,1.1177010108300542,2,"MS"
2817297,12.196090909090909,"N",19080,23700,"19080_20181231",0.03897473520106379,1.516714631624647,231,9.874609504651385,2.019376947877084,4,"TX"
75179,4.6986875,"NM",19087,1647,"19087_20181231",0.10813148788927336,3.4101403635571006,16,11.904592786214538,0.626674238382865,2,"NE"
135245,10.403461538461539,"NM",1908,1756,"1908_20181231",0.09838353562971183,1.9709633769986135,13,16.859498998307217,0.8268282897316164,2,"MN"
364571,4.860946666666667,"NM",19101,5902,"19101_20181231",1.8922408651045945,2.804225939848146,75,10.872531871837184,0.8958021978886026,4,"MD"
20217,5.05425,"NM",19105,249,"19105_20181231",0,1.9889884984578134,4,13.868969218010635,0.6437788859742681,8,"IL"
154786,4.690484848484848,"NM",19106,2228,"19106_20181231",0.14509938527787314,3.1945955846702514,33,8.459859987271571,1.371036384989172,4,"KY"
1112342,6.04533695652174,"SM",19123,17121,"19123_20181231",1.438176262110005,2.3797587558337603,184,10.834950954227024,1.0248953269906336,4,"ND"
83612,4.6451111111111105,"NM",19125,1139,"19125_20181231",0,2.4787335200842953,18,17.28445677077053,0.03597954305980314,7,"FL"
205989,8.23956,"NM",1913,1571,"1913_20181231",0.6543442355639248,1.351150275273151,25,14.79374251216542,1.3696249833977285,8,"MN"
540288,4.357161290322581,"NM",19143,8252,"19143_20181231",3.9146351194988624,2.8810454137433754,124,13.072254303308139,0.37250255236669105,4,"LA"
148754,4.375117647058823,"NM",19163,2804,"19163_20181231",0.07727228822563509,3.682579027634266,34,8.441504120017289,1.2876945577138732,4,"GA"
809986,5.912306569343065,"N",19184,11222,"19184_20181231",0.03908745818769496,2.552888950827695,137,11.904267883933986,1.2854268120571266,7,"WY"
220491,6.485029411764707,"NM",19188,3497,"19188_20181231",0.02726420720797478,2.312737596058149,34,10.977855552603371,1.309327633747206,8,"MN"
41162,4.1162,"NM",1918,554,"1918_20181231",0,2.0562062262510623,10,11.013952136420889,0.6764478915339006,2,"MN"
117691,5.88455,"NM",19200,2099,"19200_20181231",0,3.1729653491758563,20,8.356317365776071,0.37857244732120376,4,"MO"
421992,4.741483146067416,"NM",19212,5687,"19212_20181231",0.7292375952731346,2.731986430832327,89,9.793371311442042,1.444647611181597,4,"MO"
962241,4.811205,"N",19213,17482,"19213_20181231",0.08897308378854805,2.8247945357931443,200,10.21026212534228,1.4542392595450624,4,"NE"
582756,4.284970588235294,"NM",19215,18812,"19215_20181231",0.009908880465169231,5.572993810857128,136,9.88177160141479,2.3002780115614807,4,"TX"
2567131,4.975060077519379,"SM",19220,38633,"19220_20181231",0.2689523866709699,2.520183987286696,516,8.30188011311231,1.3424174907234676,4,"CO"
3947468,5.0414661558109835,"NM",19222,85733,"19222_20181231",0.18323730092989096,3.6966854373895983,783,7.982416780684084,1.2941271141082273,4,"CA"
263698,2.6636161616161615,"N",19226,5996,"19226_20181231",1.1644025505960631,4.039523931685167,99,11.55805300909056,0.7079855999272755,8,"MS"
38118,3.1765000000000003,"N",19230,693,"19230_20181231",2.4365482233502536,3.1915053768836654,12,16.36776087536696,0.03763567661419417,2,"IL"
164745,3.0508333333333333,"NM",19234,4095,"19234_20181231",2.3831752739423124,4.359545354423143,54,8.634653141361257,0.44053816957663766,4,"LA"
434815,3.3969921875,"N",19254,10026,"19254_20181231",2.9248644011109657,4.3051470762915205,128,9.036103260291144,0.3713135901249115,2,"MN"
248003,4.862803921568628,"N",19263,3828,"19263_20181231",0.40102326714581554,3.419788254206726,51,11.829742212456,1.790848018725416,4,"OK"
235907,4.067362068965517,"N",19272,3630,"19272_20181231",1.5897911572083085,3.9094057721279496,58,11.686241393869937,1.4731355853412176,4,"TN"
162967,3.78993023255814,"NM",19274,3002,"19274_20181231",1.2049476742946863,3.148860551856119,43,11.504237156023372,0.7847741607920483,2,"NE"
78055,6.504583333333334,"NM",19278,936,"19278_20181231",0.04920379316514582,2.0258769628482574,12,12.522731865023237,0.8612856576101563,7,"TX"
257524,4.517964912280702,"NM",19285,2949,"19285_20181231",0.2825252553414931,2.214812829336238,57,9.790501432385556,1.005923210525745,8,"WV"
586089,3.6403043478260875,"NM",19288,11864,"19288_20181231",0.407526175161632,3.3950236014427064,161,8.779443636467334,1.621044170278363,4,"OK"
34325,5.720833333333334,"NM",19293,463,"19293_20181231",0.7047496153655268,2.5451313541714757,6,8.215412217495732,1.0244009418717392,8,"IA"
61483,6.148300000000001,"NM",1929,790,"1929_20181231",2.1474172954149737,2.466735686441609,10,15.82538191526178,1.1684537462091833,2,"MN"
3715868,6.894003710575139,"N",19300,52618,"19300_20181231",0.29011738322254144,2.2428974416114533,539,9.27051626633776,1.4597544338335606,4,"NE"
112702,4.50808,"NM",1931,1839,"1931_20181231",0.6821882839663747,3.113733202228777,25,8.118047999712253,0.5762543998403945,4,"MN"
2057806,7.537750915750916,"NM",19333,25217,"19333_20181231",1.2746914448263633,2.4664195991442375,273,10.404145380060243,0.22337005703274893,4,"IL"
82627,4.34878947368421,"NM",1933,1616,"1933_20181231",2.549929603170465,2.917587167419076,19,11.372251705837757,1.7229372778791663,2,"MN"
200925,3.863942307692308,"NM",19349,2863,"19349_20181231",0.02740040272219815,2.647122663123888,52,9.516400814613421,1.5120423371854412,2,"MO"
126882,4.699333333333334,"NM",19351,2029,"19351_20181231",0,2.5912784744824147,27,10.225919683310396,1.4261891877821022,4,"CO"
69188,4.942,"NM",19354,985,"19354_20181231",2.6578892451291,2.2890327472413854,14,18.58744653797249,3.0759775060169683,4,"LA"
560226,7.570621621621622,"NM",19358,5737,"19358_20181231",0.012715658928151116,1.7741621848532532,74,11.228295979548493,1.3168830471846638,4,"TX"
244007,5.809690476190476,"NM",1936,3021,"1936_20181231",0.670173057346454,2.1965317919075145,42,13.15580220326348,1.3494332791640096,2,"MO"
825622,4.438827956989248,"N",19371,13627,"19371_20181231",0.790260539738619,3.0454535304086328,186,12.054500948415,1.00774886049818,4,"AR"
124026,3.10065,"NM",1937,2043,"1937_20181231",0.5707878911425951,2.7424707581365544,40,11.253932010155363,0.644771532499992,8,"MO"
100156,3.129875,"NM",19381,1976,"19381_20181231",2.304691925485944,4.069695377841262,32,10.091935854983443,1.1735911495684372,4,"CO"
303704,5.147525423728814,"NM",19396,4945,"19396_20181231",0,2.4796557136402404,59,10.158279861921072,1.4581229131568414,4,"ND"
590842,3.2824555555555555,"NM",193,11557,"193_20181231",1.612858366615862,4.1227565027180075,180,8.865803198694833,2.5106506665056316,4,"GA"
427494,4.749933333333334,"NM",19401,8679,"19401_20181231",0.1540678183711608,3.1059283529550035,90,9.186107203628849,1.2297584341649253,4,"TX"
3454150,10.760591900311526,"NM",19416,46853,"19416_20181231",0.12697830151118245,2.0507677767966097,321,13.678682137917194,1.180253545365431,4,"CA"
134107,6.386047619047619,"N",1941,1735,"1941_20181231",0.20682881737824252,1.9647476108607096,21,10.70421901706198,0.8449111720335176,2,"MO"
245281,4.088016666666666,"NM",19420,4419,"19420_20181231",0.5998517220462357,3.23205667787834,60,11.01015137312778,0.9558901217200032,4,"GA"
636243,5.437974358974359,"NM",19434,9498,"19434_20181231",0.716508428961238,2.737762722826612,117,9.494214231040537,1.1925610114024687,4,"CA"
159954,2.191150684931507,"NM",19440,3597,"19440_20181231",0.8801292407108239,4.05848945272164,73,10.346174836277038,0.9299552539705954,4,"AL"
191086,5.9714375,"NM",19447,3142,"19447_20181231",1.0907718437441027,2.161261952433525,32,12.099965179956316,1.0374889026111869,2,"IA"
506520,4.965882352941176,"NM",19448,7058,"19448_20181231",1.3825960892930695,2.130008011326548,102,11.84178559083502,1.3952111814724433,4,"MS"
2077491,4.0735117647058825,"NM",19459,28850,"19459_20181231",1.023170877786689,2.627450926572731,510,7.993318163597701,0.9242102501857145,4,"IL"
73203,5.228785714285714,"NM",1945,1170,"1945_20181231",0.03382142288715582,2.401392559407224,14,12.327996597659519,1.5200083862531653,2,"MO"
287836,4.718622950819673,"NM",19468,4823,"19468_20181231",0.09496222731516848,3.160956010603001,61,11.536854952072035,0.8169822062508386,4,"AL"
159371,3.390872340425532,"NM",1946,3344,"1946_20181231",0.3522994166224714,3.6305585852143425,47,10.117553823801348,1.2573608128626943,2,"MO"
49470,4.497272727272727,"NM",19480,883,"19480_20181231",0.3893672781729689,2.883549419358897,11,12.385478814844777,1.159709718760565,2,"ND"
516536,3.883729323308271,"N",19482,7990,"19482_20181231",0.26925260735737977,2.9455617812805093,133,9.083910550503417,1.139600336382471,4,"OH"
845472,5.830841379310344,"N",19502,11469,"19502_20181231",0.49066077921519363,2.2664750064638763,145,11.761987565803578,1.6782204727379595,4,"TN"
1005697,3.697415441176471,"NM",19506,22474,"19506_20181231",2.63341848583372,3.8186657572594562,272,8.828143810241315,0.6758220004290997,4,"IL"
702655,7.637554347826087,"NM",19512,7368,"19512_20181231",0.8895814499931409,2.0144547533944293,92,14.229533796255097,1.1159690108360933,4,"MO"
110698,3.4593125000000002,"NM",19515,2029,"19515_20181231",0.018538430165733567,3.0482075744434804,32,9.581020524830803,0.9648742411101474,2,"NE"
431138,5.599194805194806,"SI",19525,7459,"19525_20181231",1.851086494635924,2.9278497786171522,77,20.906979518232912,1.140017764753299,4,"AK"
1498661,5.676746212121213,"SI",19531,22670,"19531_20181231",1.2830794583060445,3.268047541399386,264,12.199502170290675,1.0356129648230525,4,"ME"
593199,4.493931818181819,"SI",19532,9210,"19532_20181231",1.2503105962591359,2.780803313297565,132,13.898274237933062,0.7666370836526955,6,"ME"
285798,6.804714285714286,"N",19536,3336,"19536_20181231",1.8779133305082856,2.6792202877932327,42,8.890490452377472,0.29026926496128225,7,"IL"
182842,4.8116315789473685,"NM",19540,2706,"19540_20181231",0.13539327725459968,2.4746475813735467,38,9.364396049632818,0.9946608435181269,4,"IA"
167483,4.084951219512195,"NM",19544,2575,"19544_20181231",0.627923367719613,2.859246668180852,41,8.983261586102543,1.3890211766199956,4,"MT"
486790,4.090672268907563,"NM",19559,7878,"19559_20181231",0.6329743772391108,2.745586632854111,119,13.35854406004687,2.5829417005527455,4,"TX"
146071,3.9478648648648647,"NM",1956,2697,"1956_20181231",1.2870201728111592,2.804049365282338,37,13.882107688509752,1.1480298218263105,2,"MO"
1678656,10.426434782608695,"NM",19573,38847,"19573_20181231",0.7130729804139326,2.9958635848365174,161,12.84491089507685,1.1512609831405662,4,"IL"
5394695,4.658631260794473,"NM",19581,127043,"19581_20181231",0.14948550917904926,4.033870669725072,1158,9.551809190063054,1.2345268626809613,4,"ND"
71954,4.232588235294118,"NM",19589,640,"19589_20181231",0,1.7246762515053748,17,9.302594493025945,1.4540804948036694,4,"MN"
166675,3.086574074074074,"NM",19590,3520,"19590_20181231",2.4511381926879743,3.7528064812396464,54,12.461220591631763,1.4389538982959402,4,"GA"
50756,5.0756,"NM",19595,622,"19595_20181231",0,2.256908760433165,10,8.628917587019615,1.4307189463460244,2,"TX"
1462159,2.785064761904762,"N",19600,36415,"19600_20181231",0.4428673673934445,5.591973236136126,525,16.112080122349465,1.3984798539706482,4,"MO"
593364,5.597773584905661,"N",19603,7444,"19603_20181231",0.06508364265012458,2.4262755631792294,106,12.01465400087436,1.4600536546081677,4,"TX"
973120,6.082,"NM",19608,14450,"19608_20181231",0.11088881196425743,2.6470148410410395,160,10.420300171729794,1.1413080881846893,4,"WI"
223000,1.3680981595092025,"NM",19628,13413,"19628_20181231",0,8.882427639827425,163,10.657760748373288,0.9920075601983478,4,"IL"
8469038,3.5494710813076282,"NM",19629,106453,"19629_20181231",0.13460075701882027,2.632931156339108,2386,14.453366959075408,1.9150275835744788,4,"TX"
253711,3.523763888888889,"NM",19638,5594,"19638_20181231",0.09834984901969124,3.5004934489827897,72,8.354284807867709,2.321630293091468,4,"LA"
279861,4.11560294117647,"N",19640,3801,"19640_20181231",6.284429754415894,4.801244335458132,68,8.887294096429,1.0871288146315088,8,"TX"
376002,6.2667,"N",19644,4930,"19644_20181231",0.9797270725184836,2.034569189474263,60,12.19833340764891,1.4234795035897667,4,"AR"
68769,4.2980625,"NM",19645,1241,"19645_20181231",6.021933419193693,3.293671619362258,16,10.514821974000679,0.8044187106931767,4,"NE"
160464,4.7195294117647055,"SM",1964,2402,"1964_20181231",0.6781862815332741,2.4985279478669105,34,10.724220684562647,1.9876004362027127,2,"MO"
199034,5.686685714285714,"NM",19674,2043,"19674_20181231",0.9865281473035179,2.0290465745440796,35,10.955141291767873,1.6308178800253605,4,"WV"
201666,2.6534999999999997,"NM",19679,4711,"19679_20181231",0.4452840372419377,4.082629768605378,76,10.047978626312275,0.733368511569731,4,"OK"
48140,4.011666666666667,"NM",19680,965,"19680_20181231",0.02195293291183702,3.144093686354379,12,15.22453213467606,1.4871860149355058,4,"GA"
244555,4.009098360655738,"NM",19681,4070,"19681_20181231",0.26817669265088,3.2021796940586245,61,11.124700965616746,1.366079013909625,5,"WV"
96210,4.581428571428572,"NM",19687,1424,"19687_20181231",0.869227407371437,2.539165836214242,21,14.943252805862652,1.2217743563373968,4,"KS"
126981,2.953046511627907,"NM",19689,1661,"19689_20181231",1.091705992282768,3.2574005097039795,43,10.63111273736288,1.2162321113507155,8,"IL"
1193608,6.781863636363636,"NM",19690,21275,"19690_20181231",1.3142258323625318,3.172213877030389,176,13.998938848650786,1.79438974093124,4,"ME"
7863,3.9315,"SM",19693,145,"19693_20181231",1.2108682811577083,3.8478537815563008,2,9.210701450818581,0.07799703611262772,8,"IL"
242173,2.4461919191919193,"NM",19700,5193,"19700_20181231",0.0936485639230812,3.847790093827471,99,10.14223593083333,1.2036200629176041,4,"TX"
121911,4.0637,"NM",1970,1599,"1970_20181231",2.1426824795207238,2.9322185823882103,30,10.674972337199296,1.2545810850019208,4,"MO"
423776,7.567428571428572,"NM",19716,5027,"19716_20181231",0.1787046456425907,2.0590753254595366,56,11.364774582569588,1.2804354821409418,2,"IA"
126262,3.9456875,"NM",19720,2531,"19720_20181231",0.2168573388506561,3.20378184688039,32,14.668496889678812,1.3763453178800782,4,"GA"
118031,4.070034482758621,"SM",1972,1581,"1972_20181231",1.2017207518937623,2.4878939315572364,29,9.876693296283431,0.9542483424553108,2,"MT"
266457,4.934388888888889,"SM",19742,3668,"19742_20181231",0.09203380983342338,2.4278326180421708,54,12.547753968551806,1.841342324399144,4,"NE"
136217,2.3897719298245614,"NM",19744,3591,"19744_20181231",2.482825294057332,4.6385701288410175,57,12.639344867018334,0.5620285856836792,8,"LA"
161855,7.357045454545454,"NM",19749,1615,"19749_20181231",0.2093070272455909,2.093075519586794,22,11.61472723767911,1.5426671254461355,2,"KS"
145361,2.9072199999999997,"NM",19755,2641,"19755_20181231",5.528073534380442,3.7397570988163755,50,13.08731429213357,-0.14708779477458964,4,"LA"
588136,6.001387755102041,"SM",19762,6299,"19762_20181231",0.5760426623735976,2.3869830272780326,98,9.653483349035143,1.8979291430589529,4,"MO"
1357316,5.281385214007782,"NM",19772,23910,"19772_20181231",0.32675101379690474,3.0397852147431537,257,8.152915816644523,1.5449632376525806,4,"WI"
49071,3.5050714285714286,"NM",19774,699,"19774_20181231",0.04449159793285191,2.626914166129813,14,10.56755872002619,0.6562283674718802,8,"MO"
495868,4.861450980392156,"SM",19788,8436,"19788_20181231",0.0950159090037842,3.079504246270348,102,10.542594466765506,1.2967539696295014,2,"TX"
744624,7.44624,"SM",1978,9454,"1978_20181231",1.4792579915988688,1.978991257528771,100,17.834839943394865,2.8521440325896785,4,"MT"
508065,4.932669902912622,"NM",19795,7133,"19795_20181231",0.7759974158459724,2.3288927255579903,103,8.90321651694651,0.8937591653825065,2,"WI"
54292,4.1763076923076925,"NM",19796,745,"19796_20181231",0.4447204968944099,2.4448802301926214,13,11.864058057758491,1.3525649249491414,5,"IL"
304258,4.680892307692307,"NM",197,4743,"197_20181231",0.4429534017570296,2.64815474039735,65,12.559493715022926,1.4406228940824928,2,"IN"
156034,4.589235294117647,"NM",19800,2378,"19800_20181231",1.1524112517452108,2.7165440560701906,34,12.117183419590713,0.6937913086050737,4,"LA"
344964,4.661675675675676,"SM",19806,4711,"19806_20181231",1.0487251735275926,2.4577975036605815,74,12.24818345250964,1.643434456832155,4,"TX"
76074,3.8037,"NM",19809,1398,"19809_20181231",3.7841064387929815,2.936735253182583,20,18.295055926930967,1.538225921726467,2,"NE"
120085,3.7526562500000002,"NM",1980,2227,"1980_20181231",1.0019845549851158,3.4364907124181885,32,11.547602763148895,1.1697055657136999,4,"MT"
71462,2.9775833333333335,"NM",19813,1226,"19813_20181231",2.026449643947101,2.830700386466879,24,11.056682001476686,0.7670011526205167,7,"TN"
58363,2.91815,"N",19819,859,"19819_20181231",0.054717898832684825,2.721789533387746,20,11.8946818020814,0.30261319462697306,7,"GA"
501366,7.483074626865672,"N",19827,5490,"19827_20181231",0.4204256334864948,1.8941373184240777,67,12.491432488005483,2.492021511772792,4,"OR"
38890,2.9915384615384615,"NM",19829,728,"19829_20181231",0.39537182394325254,3.4679754145314363,13,8.643784548142435,0.9134399529346193,8,"OK"
139864,6.9932,"SM",1982,1320,"1982_20181231",19.154649321751037,1.5653397599147683,20,16.13209754852252,1.2199394944194712,2,"MT"
419023,3.7081681415929206,"SM",19836,9829,"19836_20181231",0.9957758905635529,3.810484794766422,113,25.489187754295493,1.017163933125844,4,"ME"
122923,4.238724137931035,"NM",1983,2020,"1983_20181231",1.6607271562424923,2.9117956678288497,29,8.346474896174772,0.7553901495050207,2,"NE"
7079487,16.089743181818182,"NM",19842,105490,"19842_20181231",1.582156141493787,2.498161083203125,440,11.718353601079459,0.9008273334549051,4,"NY"
611001,2.951695652173913,"NM",19850,15160,"19850_20181231",0.05526382785835073,4.4147567700998165,207,9.205443378585372,1.1937487975632048,4,"NE"
58490,8.355714285714287,"NM",1986,957,"1986_20181231",0,2.012760661959339,7,30.78723623971636,1.1275584920967774,2,"NE"
2029298,7.325985559566787,"NM",19899,23585,"19899_20181231",0.3337842416592737,1.9716597158384794,277,9.232977912036967,1.5199686554748013,4,"KS"
253184,5.167020408163265,"NM",19904,2988,"19904_20181231",0,2.137205204573397,49,9.070298450160642,1.8688731533166334,7,"NM"
166387,4.266333333333334,"NM",1992,3217,"1992_20181231",2.3983736742323303,3.0581967193228055,39,10.820067036115555,1.0153552772999557,2,"NE"
49451,4.4955454545454545,"NM",1993,1075,"1993_20181231",0.5040448039825762,3.0865098055561346,11,15.73198696544233,0.7023320759435634,2,"NE"
5146944,11.914222222222223,"NM",19943,42710,"19943_20181231",0.05744717528782654,1.4216871132254592,432,6.682985134676062,0.768402568631338,9,"MA"
5796870,8.89090490797546,"NM",19953,68595,"19953_20181231",0.2756040194309134,1.9911269960165585,652,10.165402197801408,1.2242888632950306,4,"NJ"
31907,2.4543846153846154,"NM",19954,524,"19954_20181231",0,2.7671001335841447,13,13.431815963296781,0.7462991739592705,2,"MO"
9229216,17.51274383301708,"NM",19977,101350,"19977_20181231",0,1.9963025550531193,527,10.666609311913698,1.0552656028964489,4,"NY"
199921,5.712028571428571,"N",19978,2109,"19978_20181231",7.057335200831338,2.332759258449043,35,9.169792920899964,0.4767937188517972,7,"NJ"
837802,6.702416,"NM",20015,24725,"20015_20181231",0,8.252169965507292,125,10.673632186661136,2.5650576070556053,7,"NJ"
412338,4.386574468085106,"N",20026,9077,"20026_20181231",0.45986312376415345,3.7093019417344824,94,8.348341752690533,-1.315551497134334,4,"FL"
264484,6.150790697674418,"NM",20040,5295,"20040_20181231",0,3.406340002487777,43,8.096831574377514,0.8882637553303799,4,"IL"
173070,5.244545454545454,"N",20081,1767,"20081_20181231",0.21041921983027725,2.243806231797841,33,9.635055878821465,0.5960469887545035,7,"IL"
438494,4.216288461538462,"NM",20093,7224,"20093_20181231",1.1077425373134329,3.0002253869779807,104,9.436275366676222,1.7572544045963663,2,"OK"
761346,33.102,"SI",20099,2685,"20099_20181231",0,0.584912911400493,23,11.897127009576634,0.8014011600537838,4,"TX"
200306,3.034939393939394,"NM",20100,4977,"20100_20181231",0.4597465587321105,5.086486068162074,66,9.311753467637967,0.4828701014027213,4,"TN"
706600,5.563779527559055,"NM",20130,5444,"20130_20181231",0.23736078063601065,1.6923054575035223,127,9.840130984237591,1.6165335161282344,2,"NE"
803360,7.047017543859649,"NM",20156,10880,"20156_20181231",0.9300180211104436,2.3106976640528227,114,11.049448630685307,1.478755333231525,4,"OK"
559864,5.1839259259259265,"NM",20161,10122,"20161_20181231",0.035311530341620274,3.0474642326333736,108,10.235617787483676,2.3413422480094392,4,"NM"
52515,4.039615384615384,"NM",20162,852,"20162_20181231",1.4004659590991457,3.035194570463612,13,13.48267870937073,0.6964040592708286,4,"MT"
1333563,7.450072625698325,"NM",20164,18989,"20164_20181231",1.221723101152552,2.3831890747264146,179,11.811312427233227,1.5580955377026635,4,"CA"
259692,2.9510454545454547,"NM",20179,8853,"20179_20181231",0.5081782289904118,8.811943786173607,88,9.649948370528143,1.1450909014455926,4,"MI"
468213,4.180473214285715,"NM",20198,7397,"20198_20181231",0.48533473628830726,2.6614386712731855,112,11.946968127607944,1.1663808347951083,2,"GA"
135198,3.7555,"NM",20215,2020,"20215_20181231",0.3595392880285959,3.512934545085733,36,10.06487956776682,0.46178339055042117,4,"WV"
197116,4.022775510204082,"NM",20220,4008,"20220_20181231",0.839043665282849,4.044323996687079,49,14.166826840658914,0.4907018294370769,4,"NJ"
195532,6.307483870967742,"NM",20226,3119,"20226_20181231",0.0885202481354987,2.3840086188770226,31,16.748631169187018,0.7814862356293643,4,"IL"
1339377,5.511839506172839,"NM",20231,17728,"20231_20181231",0.3052057010458769,2.654781861648414,243,9.402263319322605,1.2472793393791284,4,"TX"
14325826,18.042602015113353,"N",20234,152004,"20234_20181231",0.3376599922002632,2.0051035296830295,794,10.440638045831637,0.7563383258897256,4,"FL"
103088,3.123878787878788,"SM",20239,1577,"20239_20181231",1.2664600475119172,3.037947895434446,33,9.956271840210812,0.9402509068362646,8,"KY"
1369172,5.2458697318007665,"N",20241,28028,"20241_20181231",0.08237926511523008,3.3591707356286076,261,8.601157094600733,1.027385178935047,4,"TX"
649990,3.2337810945273633,"NM",20250,13726,"20250_20181231",1.114630576152425,3.230705611869132,201,10.707285518791771,1.292686744150083,4,"IL"
481310,5.175376344086022,"NM",20268,6852,"20268_20181231",0.1457915151149278,2.1997975804302285,93,11.870109369714736,1.8060425313571826,4,"MN"
268077,2.5290283018867923,"SM",20279,6419,"20279_20181231",1.3411929608970727,4.139823157637313,106,9.272143226867218,1.0359110744281663,2,"OK"
400298,5.409432432432433,"SM",20281,4840,"20281_20181231",0.6142872853529402,2.782865612944118,74,12.229861602848652,1.1813204637443917,4,"KY"
4983953,5.111746666666667,"SM",20296,113644,"20296_20181231",0.33455448921905206,3.5524396458445615,975,11.956194031604523,1.173486078425783,4,"WI"
490453,6.208265822784811,"NM",20310,7061,"20310_20181231",0.9619297573058889,4.034273806408332,79,9.818264388416281,0.9716529321354003,4,"MT"
434472,5.716736842105264,"NM",20311,6309,"20311_20181231",0.6374131999409021,2.4450297755382504,76,10.310182489177642,1.6569800732936326,4,"MT"
375858,2.6283776223776223,"NM",20353,8761,"20353_20181231",1.4099153749350053,4.174776902049629,143,13.582320560961495,1.2170671261580353,4,"LA"
2854664,4.273449101796407,"NM",20369,49692,"20369_20181231",0.9153634655818063,2.7014207772243632,668,11.028851824898688,2.1727953887776477,4,"IL"
608865,5.203974358974359,"NM",2036,12089,"2036_20181231",1.2217348187722794,3.2739629456127526,117,11.036920405359874,1.4622089547558053,4,"NC"
876858,5.84572,"SM",20387,14255,"20387_20181231",0.3361943079347357,2.8223964851346945,150,10.645810848565013,1.3418376140339425,4,"CA"
137866,2.6012452830188684,"NM",20429,2678,"20429_20181231",0.5584535912373555,3.470675682710829,53,11.609890464610816,0.9739583634607264,8,"AL"
24762,8.254,"NM",20454,307,"20454_20181231",0,2.077391060623547,3,9.24298613350532,1.0551827609516429,4,"IL"
226708,4.1219636363636365,"NM",20468,4240,"20468_20181231",0.7291988864831426,3.052918474667233,55,12.63944512809039,1.1722620811681592,2,"AL"
63724,7.080444444444445,"NM",20479,864,"20479_20181231",2.9740404415487967,2.5125021971469828,9,10.965264612319656,2.0541170226331986,2,"MT"
643887,3.6173426966292137,"SM",20484,11460,"20484_20181231",0.3276814988290398,3.3714233648475083,178,11.183994288167606,1.4995092426773073,4,"VA"
1104715,6.947893081761006,"SM",20488,13386,"20488_20181231",0.3456296215264483,2.0973038345556714,159,11.207402947374606,1.6774073528202686,4,"NE"
11357345,6.295645787139689,"NM",20504,141144,"20504_20181231",0.53669096851614,2.763389621793257,1804,10.462733476383852,1.3576713897055777,4,"GA"
240683,6.017075,"NM",20537,3460,"20537_20181231",0,2.2992611719522773,40,11.017835282916213,1.1922430761503333,4,"OK"
336770,3.5826595744680847,"NM",20568,6168,"20568_20181231",2.755602183499172,3.3029023061214815,94,11.65176323716033,0.9551636398783745,4,"NC"
138047,6.573666666666666,"NM",2057,1909,"2057_20181231",2.4651229685028047,2.0773375457122456,21,8.549110901251106,0.858344333124157,2,"ND"
4939902,5.238496288441145,"NM",20624,79700,"20624_20181231",1.3477107319052675,3.5607779336383905,943,10.571870788831255,1.0609167928271652,4,"IL"
36194,3.6194,"SM",20646,755,"20646_20181231",0.8997932152238306,3.4196480414489256,10,11.52741808354915,0.9435437044977444,2,"MT"
39475,3.588636363636364,"NM",20657,590,"20657_20181231",0,2.471901741240581,11,10.429952684632791,2.141960066414066,2,"MT"
276110,3.28702380952381,"NM",20666,5389,"20666_20181231",2.134041823791567,3.4838737564025903,84,9.911933501252122,0.5262551238734682,4,"IL"
283065,4.640409836065574,"NM",2068,11649,"2068_20181231",0.6979913143215661,6.40168516418503,61,15.687707781299858,-2.2049308593383365,4,"OH"
305679,2.9677572815533986,"NM",20698,6448,"20698_20181231",0.9438997172711594,3.403659922211546,103,11.586717347481171,1.4536360491115157,4,"LA"
423101,5.1597682926829265,"N",20711,7636,"20711_20181231",0.04667154554618136,2.9282038423421812,82,10.430709101576758,0.7746773172857637,4,"FL"
635388,3.161134328358209,"SM",20720,11788,"20720_20181231",1.1807234411348813,3.319874831872924,201,11.16044895711134,1.034159295852704,4,"TN"
853699,12.55439705882353,"N",20727,9531,"20727_20181231",0.05044224538050617,1.8202625310571683,68,9.635564378899602,0.6723785124974021,4,"TX"
1286967,5.02721484375,"SI",20741,21927,"20741_20181231",1.1262134059778228,2.838064414544077,256,9.69499880978891,1.2915599528614061,4,"NY"
133500,3.034090909090909,"NM",20761,3555,"20761_20181231",0.8046466531954801,4.627646288573181,44,10.871266029342731,0.7099660154860391,4,"GA"
43252,7.208666666666667,"NM",20769,621,"20769_20181231",0.6763527054108216,2.3422512041631918,6,9.027744842304957,0.5559428928169444,7,"IL"
108853,6.403117647058824,"NM",20776,404,"20776_20181231",0.37940935192780967,0.7488361878797352,17,9.334919371084869,0.13552253334151085,4,"ND"
854314,3.0841660649819493,"NM",20818,13848,"20818_20181231",1.4900175497769754,2.66092479580851,277,10.599266593063957,1.7880532867612238,8,"TN"
5177922,5.18829859719439,"NM",20828,55259,"20828_20181231",5.879655277064557,2.682152531933964,998,18.214899813477132,1.0971925690340985,4,"PR"
719184,4.859351351351351,"NM",20845,14656,"20845_20181231",0.0008640189669443624,3.237540760808623,148,11.731634677564811,2.9126503907505668,4,"TX"
592545,3.9503,"NM",20856,11521,"20856_20181231",1.6168930945824649,3.8562602230334178,150,9.044511393049603,0.8002959875241392,8,"LA"
169722,2.9775789473684213,"NM",20872,3349,"20872_20181231",1.972928191560437,4.103024348537861,57,8.074973262678323,0.735350375326232,4,"KY"
1888372,3.045761290322581,"NM",20884,36464,"20884_20181231",1.1794500430854873,5.0177565753804885,620,7.76827018954962,0.6606120506055914,4,"GU"
198244,3.887137254901961,"NM",20931,2575,"20931_20181231",2.523999138185561,2.893132357557275,51,9.389712382557924,0.6319469996029543,8,"ME"
466589,6.762159420289855,"N",2093,8935,"2093_20181231",0.15898443403354995,2.9870724163109768,69,10.193845152362332,0.5972790969916267,4,"DC"
1054777,5.04677990430622,"N",20954,13282,"20954_20181231",0.0002461341554214124,2.36860646243869,209,11.357272743829903,1.9224708050414299,4,"TN"
741277,6.927822429906542,"NM",20989,8168,"20989_20181231",0.5044814422328052,1.8556752981160491,107,12.813041689430268,1.9007478971952805,2,"MT"
494260,5.491777777777778,"SM",20993,7736,"20993_20181231",1.1801271208286177,2.4370090513454263,90,8.938827505730526,1.1659810440541205,4,"TN"
1188117,4.81019028340081,"N",2102,17103,"2102_20181231",0.5623655635317594,2.347740231699276,247,9.60235057800008,1.1022114264435083,9,"SC"
1643919,6.371779069767443,"NM",21031,30082,"21031_20181231",0.3448951900406032,2.863598166506727,258,9.45075668795321,1.2371456456608476,4,"FL"
100874,2.292590909090909,"NM",21050,2088,"21050_20181231",1.7303409285591913,3.2395994890086066,44,15.923730234668612,0.7324991307676981,7,"AL"
496558,3.6245109489051095,"NM",21074,9132,"21074_20181231",0.4685269806311788,3.022403299314833,137,10.112778224426439,0.9472304271624512,4,"TX"
192530,3.1562295081967213,"N",2107,3308,"2107_20181231",1.5516318887105405,3.06511042198329,61,13.267279381186059,0.794770823350154,4,"SC"
357671,2.6892556390977442,"NM",21083,8807,"21083_20181231",2.782199790188757,4.372330569052814,133,9.984637725037706,0.807976121614212,4,"MS"
49826,4.529636363636364,"NM",21085,851,"21085_20181231",2.609689335353052,2.8578952594338602,11,11.332244469985683,1.8692879869106667,2,"WI"
61482,3.0741,"NM",21090,1490,"21090_20181231",9.425735412313132,8.672325334828228,20,3.117662608262972,-4.5044907807987125,4,"OK"
197734,4.707952380952381,"NM",210,2335,"210_20181231",0.11107122021271822,2.2311630933449558,42,12.557624067348616,0.9544505561717537,2,"IN"
167570,2.3938571428571427,"N",21111,7513,"21111_20181231",5.5466532608581804,10.111528141473569,70,2.7729093296558998,-2.418226492577241,4,"NJ"
478918,4.518094339622642,"NM",21121,6736,"21121_20181231",2.3541878575189776,2.2337249090076936,106,13.019196115167746,2.0757143168493775,2,"KS"
1254711,7.3806529411764705,"NM",21122,78301,"21122_20181231",0.39142516608179756,9.722159742273325,170,9.745882486342449,0.1164427755215524,4,"IL"
258489,4.699800000000001,"NM",21161,5047,"21161_20181231",0.5602627157164672,3.191777052415835,55,11.814925350551691,1.4039390949001151,4,"KY"
143570,4.101999999999999,"NM",21163,2412,"21163_20181231",1.9476372924648786,3.203174779067512,35,12.690462343704564,1.252181621741419,4,"FL"
70049,2.5944074074074077,"NM",21219,1600,"21219_20181231",1.2457101685595646,4.728215084230441,27,10.67310577376445,0.6850373272467039,8,"KY"
483361,6.277415584415584,"NM",21220,10209,"21220_20181231",0.6881233760791217,4.27095648114792,77,5.150240409546686,-0.7105576048479436,5,"FL"
347188,4.234,"NM",21227,4642,"21227_20181231",0.04364563666233479,2.541602561105098,82,15.576018077460887,0.9471846205958198,4,"TN"
442150,4.093981481481482,"NM",21247,6732,"21247_20181231",0.13870999702764292,2.867308730689056,108,8.838503742914588,1.0545915508141661,4,"KY"
548923,5.178518867924528,"N",2124,9327,"2124_20181231",1.4991638192594545,3.239128229560991,106,9.166356353071736,0.7265608148613913,4,"GA"
32958,2.996181818181818,"SM",21255,867,"21255_20181231",1.4136081069573363,4.271550700546189,11,13.49986473081432,1.5613868439800522,6,"OK"
2236330,12.023279569892473,"NM",21265,23988,"21265_20181231",0.28395654200183296,1.8357541360907705,186,9.558226533085884,1.3582447673412585,5,"FL"
83970,5.598,"NM",21284,1006,"21284_20181231",0,2.5295881141866428,15,13.608372149295263,0.014447909267129803,4,"FL"
821560,4.37,"NM",21292,11199,"21292_20181231",0.7927564209350411,2.639707147100754,188,8.84263423857784,1.1917726401186945,4,"GA"
280642,4.526483870967742,"N",21329,4929,"21329_20181231",0.0900617144207014,2.9353348231394727,62,11.246653612702136,1.0064749266817434,4,"TX"
21350,2.3722222222222222,"NM",21342,376,"21342_20181231",0,3.951720483160645,9,11.783854166666668,-0.08223233375363193,8,"KY"
56194,3.121888888888889,"SM",21379,889,"21379_20181231",0.6584760981728002,2.7650254201025506,18,10.980343937184916,0.6491010494404678,4,"AR"
1171496,3.73087898089172,"N",2138,23390,"2138_20181231",4.643160189548713,3.556925421933182,314,9.564918130039581,1.1081694591170577,4,"GA"
4734882,3.3652324093816635,"NM",21440,148909,"21440_20181231",1.566788456932618,4.679981767864005,1407,8.721155010790019,0.9705657125523589,4,"GA"
60101,4.623153846153846,"NM",21448,887,"21448_20181231",1.1284487878624265,3.0577374797121,13,15.474430224850863,1.7086349410709274,4,"UT"
91689,3.274607142857143,"NM",21455,1665,"21455_20181231",2.0156252913426935,2.923939822823295,28,16.75237214105902,1.1794307281019027,4,"TX"
108667,4.724652173913044,"NM",2145,1785,"2145_20181231",1.9451305575158788,2.9902240544039778,23,10.100945096164454,1.3889119758565727,8,"GA"
139333,3.6666578947368422,"SM",21463,3498,"21463_20181231",0.04802077990112085,4.064180689569005,38,7.975507727904402,0.5629511418040561,8,"KS"
18522,1.5435,"N",21478,475,"21478_20181231",0.18340210912425492,7.28517989377597,12,9.413398867400364,-2.6937716074291385,4,"MT"
533385,4.408140495867769,"NM",2147,9725,"2147_20181231",0.3203849937518279,3.2229654809932047,121,8.238820158702914,0.930869879284794,4,"GA"
167266,6.969416666666667,"NM",21486,1376,"21486_20181231",0.020146830097752418,1.6490592700602102,24,14.063702385532897,1.3353002054027365,4,"IL"
317889,6.487530612244898,"SM",214,3769,"214_20181231",0.8956813413374234,2.0954010457283045,49,12.781051786431153,1.3081303241809474,2,"IA"
172075,3.740760869565218,"NM",21525,2785,"21525_20181231",2.4270847291080444,2.8949584657198635,46,11.540753414555002,1.3613482371856218,4,"MN"
128918,4.0286875,"NM",21526,2036,"21526_20181231",0,2.478899887015593,32,24.957536573338448,1.3545557544262703,7,"GA"
52271,7.4672857142857145,"NM",21529,679,"21529_20181231",0.04582391397323884,2.3957662876349852,7,11.38556692959621,0.8164676154377934,4,"LA"
176179,4.893861111111111,"NM",2154,3157,"2154_20181231",1.175274329534381,3.475340329808289,36,8.99996023246962,0.7209809361694522,4,"GA"
159750,3.7151162790697674,"NM",21557,3272,"21557_20181231",1.1533967618093808,3.691932961366134,43,12.745821274771282,1.1663602164172795,4,"MT"
54737,2.880894736842105,"N",21567,1070,"21567_20181231",0.088261253309797,4.165436596798698,19,10.410240867193211,0.8766497937082827,8,"TX"
1375614,4.711006849315068,"NM",21573,22679,"21573_20181231",0.2955774239584459,3.0508412279242694,292,8.923107882997872,1.3140779447961113,4,"TN"
464508,4.074631578947368,"N",21578,10959,"21578_20181231",0.4667679897118139,5.30730864957726,114,8.084906064107503,-1.0654904500249993,4,"FL"
79323,3.9661500000000003,"NM",2157,1156,"2157_20181231",7.556641343997858,2.630810076091513,20,9.6850291639663,0.7075621498710636,2,"GA"
1191635,7.178524096385542,"SB",21591,14285,"21591_20181231",0.4735630015641334,2.193916769992939,166,8.817142489436092,1.3322660146454566,4,"NY"
724035,8.518058823529412,"NM",21606,7764,"21606_20181231",0,1.8399585164799586,85,10.327124115913353,2.5735772273041286,4,"CA"
139260,4.095882352941176,"N",2160,2079,"2160_20181231",0.6665740869323705,3.174642533646252,34,17.072759525589714,1.5738292183801084,8,"GA"
59480,5.407272727272727,"NM",21635,747,"21635_20181231",0,2.4638810622864336,11,14.074523452217505,0.7268748875966669,4,"IL"
99478,6.2173750000000005,"NM",21692,1004,"21692_20181231",0.2557611504032153,1.8824023294449705,16,11.96643717728055,1.339788134836278,7,"FL"
62457,6.2457,"N",21693,764,"21693_20181231",3.4646074646074645,2.561673586129802,10,9.841075794621027,0.513248512797707,7,"TX"
796738,8.952112359550563,"NM",21714,8221,"21714_20181231",0.7287980460968435,1.9634738746143081,89,10.524565944934094,1.845622635785094,4,"MN"
11519575,11.260581622678398,"NM",21716,98830,"21716_20181231",0.2569478367943996,1.832170682622663,1023,10.896522139520693,1.6398652123294177,4,"CA"
146539,8.61994117647059,"NM",21721,1720,"21721_20181231",0.8341840455009479,2.0300952842822264,17,8.458804381938007,0.9781931807535669,4,"IL"
107439,8.95325,"NM",21728,1130,"21728_20181231",0,1.717792602518911,12,13.921635954370304,1.816839999611579,2,"ND"
82366,5.491066666666667,"NM",21752,1041,"21752_20181231",0.4614662634268432,2.2934962907181453,15,8.895303070060352,1.8215677694444727,2,"OK"
60874,,"SM",21761,0,"21761_20181231",0,0.006439647622482099,0,97.9483939615615,2.484094070372469,7,"MI"
288160,3.2377528089887644,"SM",2176,6697,"2176_20181231",2.2878950005257397,3.677320987611443,89,10.96257592846757,0.8359757855289709,2,"MT"
202836,5.482054054054054,"NM",21784,2407,"21784_20181231",0.10303542357862634,2.383856540626137,37,9.743295968291324,1.4968650360574351,4,"GA"
245244,4.541555555555555,"SM",21805,3848,"21805_20181231",1.2455683842009777,2.693362133421949,54,9.0209266955666,1.364958046024757,2,"AR"
48185,4.015416666666667,"NM",21807,767,"21807_20181231",1.543717575604201,3.08820569588407,12,9.925713215556527,1.1698701821475295,8,"TX"
42263,7.043833333333333,"NM",21809,324,"21809_20181231",0.03751803751803752,1.9587011005775308,6,8.839491487621737,1.1850277868584504,2,"NE"
5827398,15.375720316622692,"SM",21843,125261,"21843_20181231",0,4.4009414843795875,379,25.203413513974986,0.717194503892521,4,"NY"
688425,8.294277108433736,"N",21848,8957,"21848_20181231",2.4889047875497763,2.184257101432379,83,9.718585574166422,1.884268635872605,4,"OK"
2992785,5.593990654205607,"N",21868,201416,"21868_20181231",0,18.907989255698038,535,8.196199031154269,3.9782621957383975,9,"NY"
148946,3.632829268292683,"NM",21874,2576,"21874_20181231",0.7543393757456799,3.3497391998496093,41,9.161491746372992,0.6892915962276951,4,"TN"
435445,3.6287083333333334,"SM",21883,7046,"21883_20181231",0.23644466926487553,3.0344946507425985,120,9.397241574091508,0.6295311246560656,4,"VA"
137858,4.054647058823529,"NM",21897,1802,"21897_20181231",0.22084764320004494,3.7549387834739765,34,9.79656787670056,0.593141797961075,4,"MO"
648839,3.260497487437186,"NM",21906,15138,"21906_20181231",1.0917180080646265,4.02921407018197,199,11.19377358895508,1.5864697996655617,4,"MS"
228126,6.517885714285715,"SI",21920,4349,"21920_20181231",0.542363532946861,3.0005988123119995,35,12.941470891857229,0.8032104010299224,4,"MA"
237588,4.482792452830188,"NM",21928,4401,"21928_20181231",0,2.7520577639091113,53,9.47259981406568,0.9946591492315254,4,"ND"
6350719,5.56592375109553,"NM",21943,95414,"21943_20181231",0.6829369593022433,3.088737271977351,1141,10.649200534945518,1.3253569432470067,4,"CA"
569071,5.806846938775511,"NM",21952,10574,"21952_20181231",0.788057533919548,3.4979177491306435,98,11.263471901462664,1.7889610412751087,4,"IL"
77565,3.6935714285714285,"NM",21955,1376,"21955_20181231",1.2007322851604565,3.3626036197205806,21,11.583976960335123,0.03171021095217836,5,"KS"
1491726,6.719486486486487,"NM",21956,27490,"21956_20181231",0.9126741541458832,3.262618530169363,222,10.76843733883445,1.4256553222957709,4,"CA"
604016,12.080319999999999,"NM",21978,5572,"21978_20181231",3.8181410304344574,1.9168461860056056,50,11.621350192877788,-0.1085099498410313,4,"OK"
263936,4.473491525423729,"NM",21988,3613,"21988_20181231",1.6453965360072926,2.4620434961017645,59,9.834070456709359,0.7994699510368042,2,"IL"
80560,4.24,"NM",21998,1128,"21998_20181231",1.9206080213629129,2.92262630695358,19,7.797369295320594,0.6365737787733899,2,"MS"
370500,3.6683168316831685,"NM",22015,6973,"22015_20181231",0.11190568040885425,3.0952334541863213,101,10.508962195535872,1.2014909533524791,4,"TN"
323312,3.47647311827957,"SM",22020,7516,"22020_20181231",0.8677148599125192,3.890373687382161,93,9.843253619772167,1.256846638428031,4,"TN"
114934,2.947025641025641,"NM",22034,2262,"22034_20181231",1.849789656025736,3.6619377981067514,39,8.960167499013197,1.1426539179501316,4,"IL"
50791,5.6434444444444445,"SM",22039,661,"22039_20181231",0,2.1315798981177068,9,13.720837487537388,1.8044165050921077,2,"MT"
344197,4.847845070422535,"NM",22040,7036,"22040_20181231",1.6103956827524402,3.5286377504919355,71,8.060085368759168,1.2819698534857356,4,"TX"
125044,3.907625,"N",22046,2039,"22046_20181231",1.628552678075622,3.5254271330737383,32,13.477705564716913,1.1694731863446999,4,"LA"
102481,8.540083333333333,"NM",22059,714,"22059_20181231",0,2.197921280024123,12,12.725118817606159,0.8645628186161343,4,"NM"
149181,2.528491525423729,"N",2205,3411,"2205_20181231",1.8475597013507608,4.312143072251708,59,10.74061268238711,1.578287188866755,2,"MT"
357067,7.4388958333333335,"NM",22065,5107,"22065_20181231",0.06995154575854774,2.5203879267501903,48,10.367429545578686,1.3311908063821427,4,"OK"
119136,5.179826086956521,"NM",22070,2398,"22070_20181231",3.291743684534812,3.116753345605864,23,15.37162590025245,0.9539713037384274,5,"TN"
329258,3.9669638554216866,"NM",22081,5083,"22081_20181231",0.3337669981104606,3.210132983038315,83,9.766400617066344,0.9490172379165407,4,"MS"
143543,10.25307142857143,"NM",22086,1353,"22086_20181231",0,1.909132589440854,14,9.650419906467338,1.9741088037659922,4,"NM"
340435,4.005117647058824,"SM",2208,7635,"2208_20181231",1.304753408530798,3.676617294430478,85,8.734786398299356,1.3688310400576553,4,"WY"
191293,4.15854347826087,"NM",22090,2432,"22090_20181231",1.1496334411570022,2.3474782157665235,46,11.785239010582792,2.6384347716124994,4,"TN"
164081,3.815837209302326,"N",22092,3016,"22092_20181231",1.6244141913484524,3.268022594657072,43,12.74659424307169,1.1340827600778012,4,"GA"
1260694,5.481278260869565,"NM",22134,18822,"22134_20181231",0.9145724201791735,2.5119540028069176,230,11.06793445148915,2.2540606201944082,4,"UT"
176217,3.6711875000000003,"NM",22138,3204,"22138_20181231",1.2464668375731283,3.054297345335703,48,12.378763502643071,2.5675133306576456,4,"GA"
563401,4.4015703125000005,"NM",22139,10756,"22139_20181231",0.11576805425069128,3.3709904414913514,128,10.641480264412161,0.8302677430730496,4,"LA"
913246,7.1909133858267715,"SM",22180,15004,"22180_20181231",0.026804695443201777,3.613306420606592,127,11.325190198429635,0.5746878904681186,4,"MN"
75072,3.951157894736842,"NM",22185,989,"22185_20181231",0.0926807919058775,2.9883923974425683,19,10.595169056064305,0.8335898574452377,2,"MO"
13233,4.4110000000000005,"NM",22205,167,"22205_20181231",0,2.441495457489744,3,8.071252024205233,-0.1494793137238619,2,"GA"
72425,2.785576923076923,"NM",22217,1424,"22217_20181231",0.4395404528782321,3.972712680577849,26,8.458319747853494,0.9464770022693308,8,"OK"
1793680,7.798608695652174,"NM",22221,20648,"22221_20181231",1.6425556440813005,2.836399268761012,230,12.061264887047138,0.7937997252384702,4,"NJ"
47589,3.3992142857142857,"N",22229,953,"22229_20181231",3.664710620181797,4.490157873701039,14,8.54458912583087,-1.2927158273381294,2,"AL"
150461,5.015366666666667,"NM",22242,3336,"22242_20181231",0,3.565324556109485,30,8.246587574945783,0.7968728604248974,4,"MN"
509759,5.149080808080808,"N",2224,6810,"2224_20181231",0.45471457945755406,2.087745433996328,99,9.511998794569216,1.0192942778549887,2,"MT"
1249790,3.9675873015873013,"NM",22257,19640,"22257_20181231",1.2132673769010884,2.7978220971732823,315,10.077423335835563,1.1099572683710006,4,"GA"
52839,3.7742142857142857,"SM",22263,1194,"22263_20181231",3.063875960138203,3.3960921993138973,14,10.333532438004585,0.6692749266665902,2,"MN"
289114,2.980556701030928,"N",22271,4663,"22271_20181231",0.15185562304694358,2.6588221393596725,97,17.44165180032301,1.5731914553497892,7,"AL"
81641,2.1484473684210528,"NM",22273,1400,"22273_20181231",0.9014642280235527,4.429234743035198,38,10.488514643056156,0.32799655603616157,8,"WV"
337353,8.650076923076924,"NM",22282,3484,"22282_20181231",0.14511398137189319,1.8162348918245765,39,13.493492087185835,1.4793144452792684,4,"IL"
177965,3.868804347826087,"N",2228,3345,"2228_20181231",0.25976291787420885,3.3958686021365905,46,9.58313579784126,0.5948640422577103,4,"WY"
356681,7.13362,"SM",2229,4383,"2229_20181231",0.10608114365575827,1.991534572410443,50,11.755908114361263,1.6499599668939708,7,"WY"
518084,5.5115319148936175,"SM",22308,8177,"22308_20181231",0.18109169865804112,3.257449449047899,94,10.467207781357688,0.7452583018891578,4,"MI"
47846,3.1897333333333338,"N",22312,721,"22312_20181231",0.7438159487977858,2.704268473177209,15,13.423779510736033,0.9641488848856976,4,"IL"
252063,3.653086956521739,"SM",22319,4402,"22319_20181231",0.06050089109839602,3.1912659046440814,69,9.565859037981253,1.5340239059639211,2,"MO"
1465892,5.072290657439447,"SI",22327,26938,"22327_20181231",0.48327764533200834,3.520019767417408,289,9.80436599962923,1.0967587043228957,4,"TX"
864722,5.209168674698795,"NM",2232,11808,"2232_20181231",0.8493264559779017,2.5129880121182238,166,9.539812436952001,1.531460838409998,2,"WY"
247412,4.265724137931034,"NM",22331,4967,"22331_20181231",0.16876233034631932,3.7924301292687264,58,10.521968009718567,0.9623595429469889,4,"VA"
463188,5.514142857142857,"SM",22334,5540,"22334_20181231",0.28194626774938225,1.9958263543993735,84,14.492124882594485,1.6570931729589913,4,"WI"
164979,5.892107142857143,"NM",22340,2744,"22340_20181231",0.23641357661369433,2.7918748867196603,28,12.088746204768304,1.5024209626886926,4,"OK"
1280405,5.162923387096774,"SM",22354,14202,"22354_20181231",0.7875294557466668,2.3425835656969887,248,9.51206106365481,1.2487984128823773,4,"TN"
48819,2.5694210526315793,"NM",22355,799,"22355_20181231",1.1097633365163755,3.2955376156119884,19,14.085387452336798,1.0587833328036105,4,"KY"
93415,6.6725,"NM",22358,883,"22358_20181231",0.6145442130419939,1.626442262347652,14,13.83827544808389,1.3550192301646353,2,"AL"
536379,5.417969696969697,"NM",22366,8107,"22366_20181231",0.09467514449822173,2.8071074027202334,99,11.05370424685453,0.5781368428437739,4,"CA"
732343,4.068572222222222,"N",22373,14997,"22373_20181231",0.8482438456672058,3.569515613562106,180,10.596549415344283,1.1203556571265332,4,"TX"
121100,3.7843750000000003,"N",22381,2317,"22381_20181231",0.41733333333333333,3.9117023231786368,32,11.45563444261247,1.103555385565529,4,"TX"
469116,3.4749333333333334,"NM",22394,5611,"22394_20181231",1.8443737485149296,2.350591934382592,135,16.721838645606734,2.8413629709680897,8,"MO"
883973,9.304978947368422,"N",22396,10032,"22396_20181231",0.0362548843385845,1.7739460277668921,95,9.214001184572682,1.9186875054508168,4,"TX"
769539,21.98682857142857,"N",22398,8716,"22398_20181231",0.3792589673812661,1.838075752509857,35,9.084385360280207,0.5081724624195343,4,"NY"
34331,3.8145555555555557,"NM",223,514,"223_20181231",0,2.3845446820318053,9,11.825756046934009,1.052090017284336,2,"IA"
1140870,4.813797468354431,"NM",2240,18264,"2240_20181231",0.29732685927322283,2.818545908793406,237,10.551039359213126,2.081002826523268,4,"NM"
414538,5.83856338028169,"NM",2241,4924,"2241_20181231",0.6256023086056256,2.2504116361176973,71,8.320338304596925,1.6734668819117628,8,"NM"
106129,10.6129,"NM",22430,549,"22430_20181231",5.857173949844018,1.100197745591506,10,13.125057009942534,1.0104781600778656,7,"OK"
228294,5.853692307692308,"N",22434,4119,"22434_20181231",0.347597058707165,3.249366169771821,39,10.021639944948687,1.2610854539907634,4,"IL"
1107438,3.9693118279569894,"NM",22444,24728,"22444_20181231",1.0930492226915076,3.6143204684568144,279,11.832287724829605,0.7842419575535267,4,"IL"
165765,5.347258064516129,"NM",22447,2398,"22447_20181231",2.468138361491972,2.67532032618665,31,8.701079002223898,1.1446022507178755,2,"CO"
62459,2.49836,"NM",22448,1123,"22448_20181231",3.124610047667773,3.2997904894927306,25,13.695987054009057,0.6682115421243096,4,"OK"
220287,2.8985131578947367,"NM",2244,4663,"2244_20181231",1.3042693383879411,3.842309022148253,76,11.492711132459364,1.4811185378533946,8,"NM"
696286,2.8076048387096777,"NM",22451,19335,"22451_20181231",1.5026197980446871,5.095213571853211,248,9.54023715778787,1.5506521974995284,4,"TN"
163144,3.794046511627907,"NM",22460,3443,"22460_20181231",4.526862172893844,4.07424817037722,43,9.838113798586784,-0.05683345311772931,4,"CA"
148081,1.7628690476190478,"NM",2247,4214,"2247_20181231",0.23099932657823438,5.268894618085581,84,9.585854511227646,0.9632826420087762,4,"NM"
182119,3.252125,"SM",2249,3127,"2249_20181231",0.8329215783158043,3.1488564708859275,56,12.165868598790897,1.6921926433675762,2,"NM"
69646,3.869222222222222,"SM",22502,1525,"22502_20181231",0.6187517578174938,3.508931550056107,18,10.351329178600729,0.6171716252691596,4,"MT"
80735,4.24921052631579,"SM",22514,1742,"22514_20181231",1.8037757996674164,3.283853377764314,19,14.4798472685015,2.8185398364132084,4,"UT"
70351,4.690066666666667,"NM",22523,418,"22523_20181231",0.4096849522717031,1.3649000893134622,15,15.820250612127323,1.084920583813265,7,"AL"
62890,3.699411764705882,"NM",22525,979,"22525_20181231",1.584024070086428,3.6862056042612537,17,16.40909020590647,0.855506883988966,4,"NM"
205416,4.370553191489361,"NM",22526,2945,"22526_20181231",1.0489700158667732,2.585003915774795,47,10.743134480058746,1.023138130560721,6,"TX"
148993,5.95972,"NM",22536,1597,"22536_20181231",0,2.3593124778303975,25,10.918557084418,3.358111429869379,4,"IL"
786448,2.902022140221402,"NM",22537,19417,"22537_20181231",0.5598751775084739,4.392909234001382,271,9.066469908892596,1.6496634978440239,4,"AL"
26894,6.7235000000000005,"NM",22543,256,"22543_20181231",2.3246160232461603,2.067638690274358,4,14.67662639582301,0.8587518980996889,7,"IL"
30261,3.0261,"SM",22549,274,"22549_20181231",0,2.204719325995029,10,26.890864995957962,0.37121921301526845,7,"AL"
294739,3.878144736842106,"NM",22551,4580,"22551_20181231",0.07012556266287609,2.630445004220907,76,11.048711714788992,0.7486520874859247,7,"TX"
1426011,4.5270190476190475,"NM",22559,25160,"22559_20181231",2.2012048310745014,3.0401834767262716,315,9.088457524108208,1.4411015535073302,2,"ND"
73439,4.895933333333334,"NM",22567,808,"22567_20181231",0.07313617040727705,1.6789647245206338,15,9.374823675449981,1.4048773207741032,8,"MO"
208859,4.351229166666667,"NM",22578,4347,"22578_20181231",0,2.8318964828869655,48,12.123461430047918,2.4612933438924696,4,"UT"
2522387,4.6624528650646955,"NM",22597,35617,"22597_20181231",0.2993892873635582,2.874012117616997,541,11.393720245828876,1.302192662159195,4,"CA"
69913,3.1778636363636363,"SM",22598,1177,"22598_20181231",0.45233348339657425,3.2705932870536034,22,11.323141372650364,0.4608888570815144,8,"IL"
35006,5.834333333333333,"NM",225,456,"225_20181231",0,2.1007165417432705,6,10.181839206730075,0.9546033092914722,2,"IA"
186919,9.837842105263158,"NM",22600,1516,"22600_20181231",0.05052692363216399,1.5354450305155893,19,10.074704005632135,2.043577918312115,2,"NM"
121225,3.2763513513513516,"NM",22601,2362,"22601_20181231",0.8451472191930207,3.603408123445093,37,8.666155583582693,1.5917606098049801,2,"MO"
334709,4.34687012987013,"N",2260,6904,"2260_20181231",0.38909875002026556,3.4717511047725322,77,13.850111963409406,2.679868163506943,4,"UT"
422806,5.79186301369863,"NM",22618,8041,"22618_20181231",0,2.810976906569768,73,10.87299607609874,1.0680533432353594,4,"MN"
108158,3.0902285714285713,"N",22621,1918,"22621_20181231",1.5337470313337929,3.15279406593528,35,17.9812202177556,1.9625567733062823,4,"AL"
163487,4.671057142857142,"NM",22636,1874,"22636_20181231",0.002883298493476537,2.0514818804868544,35,11.441134600800925,0.9639800021902848,2,"MO"
132429,4.4143,"SM",22639,1767,"22639_20181231",0.0013905304873809358,2.5077202914076215,30,12.762962962962963,1.2409013656198067,4,"WY"
1490135,62.08895833333333,"SM",22653,8956,"22653_20181231",5.05880940950552,1.2391717809900198,24,11.741565501230864,2.16875108671436,9,"UT"
84166,2.6301875,"NM",22657,1729,"22657_20181231",0.48171909339134683,4.373062034165976,32,9.627467233694933,0.7378714635132793,8,"TX"
127606,3.753117647058824,"NM",22669,1938,"22669_20181231",0.05820470811416746,2.8804873563953537,34,10.473769355211463,0.7051317924897869,7,"NV"
4433696,11.698406332453825,"SM",22683,15908,"22683_20181231",0.4656854670444312,0.641706104695714,379,8.254685813641272,0.39829333893225,4,"CO"
127886,4.918692307692307,"NM",226,2619,"226_20181231",1.1672865191295063,3.700987863857695,26,10.850084967049364,0.7579939525265091,2,"IA"
68745745,6.739118223703558,"N",2270,1070095,"2270_20181231",0.5590014606611708,2.5107196011928603,10201,10.267476583710994,1.3236951780674462,4,"UT"
220359,4.157716981132076,"SM",22717,3875,"22717_20181231",0,3.065458448679317,53,9.360062943137425,1.1296420803924079,4,"OK"
378936,3.0074285714285716,"SM",22738,14138,"22738_20181231",1.7789892152789741,5.53854068249653,126,10.978956515767425,2.153505765972716,4,"UT"
132947,3.5931621621621623,"NM",22739,3151,"22739_20181231",0.8391930143933104,3.9411562533917013,37,10.835668444364096,1.2247808207614295,4,"LA"
100853,8.404416666666668,"N",2273,998,"2273_20181231",1.095055317227365,1.9617702091181102,12,11.443588728907288,1.096283352154238,7,"NV"
1084605,6.573363636363636,"N",22752,16166,"22752_20181231",0.31691571083598796,2.4219310626778925,165,10.35023571093933,1.180948547898035,4,"TX"
117520,3.456470588235294,"NM",22756,2269,"22756_20181231",2.6971089246239868,3.407283256138379,34,13.416338350675153,1.3448481776805383,4,"TN"
112890,4.9082608695652175,"NM",22811,1922,"22811_20181231",1.2401015986851935,3.7641627973445932,23,12.15273705010331,0.2031281738777168,4,"IL"
711138,4.4446125,"SM",2281,10413,"2281_20181231",0.43322882552887676,2.5585260828536738,160,9.511894262801825,1.350483670785898,4,"OH"
130782945,10.535965922822848,"N",22826,2392684,"22826_20181231",0.542070564395092,3.1369619446061487,12413,10.613656416124229,0.8114858884916115,4,"CA"
50149,2.7860555555555555,"NM",22835,916,"22835_20181231",2.3047689101385314,3.3175355450236967,18,11.154419117196907,0.5849808641852903,8,"TN"
81310,6.254615384615385,"NM",22838,843,"22838_20181231",0.40259573138224536,1.8986724302256643,13,8.165577671186313,0.7517141835083163,2,"IL"
68915,9.845,"NM",22839,392,"22839_20181231",5.916416660852578,1.6011143181263372,7,20.6015103489578,0.7323482531340197,7,"OK"
210568,3.451934426229508,"SM",2284,4498,"2284_20181231",0.39309336302775805,3.597463431456132,61,9.936603674932776,1.0268887760673608,4,"OH"
81060,3.117692307692308,"NM",22855,1575,"22855_20181231",2.7086178520152675,4.320847632497457,26,10.888868606000548,0.4280602650315008,8,"OK"
19247276,8.861545119705342,"SM",22858,180737,"22858_20181231",0.972669240673759,1.9209682181962273,2172,11.327905226218405,1.3980639884974084,4,"VA"
376693,3.6572135922330093,"SM",2285,7220,"2285_20181231",0.1502244338597207,3.300300639631551,103,8.298833119132393,0.6170320895651162,4,"OH"
257150,5.844318181818181,"NM",22867,4610,"22867_20181231",0.2640212355624506,4.81545419179148,44,7.869434874784682,2.097111456914997,4,"MO"
100406,4.3654782608695655,"NM",2286,2066,"2286_20181231",0.30495928941524797,4.352104230864689,23,10.116715341363793,-1.6549636830464514,8,"OH"
645834,4.6131,"NM",22874,11283,"22874_20181231",0.10159939481035188,3.0978662073329346,140,10.447536884380975,1.0227352620662986,4,"IL"
750335,3.751675,"NM",22876,14160,"22876_20181231",0.1693806508889564,3.5151219995377554,200,9.455960164429795,0.794207635839359,8,"MO"
135181,2.330706896551724,"SM",22888,3118,"22888_20181231",2.0895044431991034,3.824213343311025,58,13.543391305621896,0.9763327014453524,8,"VA"
210098,9.134695652173914,"NM",22895,1575,"22895_20181231",0.37622188755578034,1.3400339968846062,23,13.03903064532396,1.6648009839748716,2,"MO"
82223,3.737409090909091,"NM",2289,1252,"2289_20181231",1.1838921534739024,3.4556042504652695,22,8.16916435093291,0.03722158852134238,5,"OH"
932853,6.859213235294118,"NM",228,10969,"228_20181231",1.6637606430012022,2.001200899178284,136,12.00665591434901,1.6119916638214722,2,"IA"
280355,9.345166666666668,"NM",2290,2163,"2290_20181231",8.844934428592016,1.4684875768331747,30,25.668163765525527,1.6791475485527947,7,"OH"
1809023,5.025063888888889,"SM",22918,27152,"22918_20181231",0.22583245546339298,2.432146794081346,360,11.67817115379979,1.5410058437242926,2,"VA"
186001,8.087,"NM",22925,2955,"22925_20181231",0.46995636119503187,2.287073889839014,23,12.26815092005891,0.8030031588612258,4,"OH"
434275,3.2652255639097745,"NM",22939,10152,"22939_20181231",0.4707828742085191,3.870416266731611,133,10.16081647100466,1.2499462773806285,2,"WA"
100143,3.5765357142857144,"N",22942,1577,"22942_20181231",0.04130311322215912,2.9681646984373247,28,13.04506279241566,1.4065099568248396,8,"TX"
4043091,4.151017453798768,"NM",22946,56585,"22946_20181231",15.274531378674922,3.683539698782173,974,23.97437475081094,2.3007599648943207,9,"PR"
8113757,8.906429198682767,"N",22953,141801,"22953_20181231",0.30036274265541135,2.4322034027765977,911,9.958325457778669,0.7199235187778281,4,"FL"
37311,4.145666666666667,"NM",22954,793,"22954_20181231",3.851220797470578,3.6501942757073276,9,19.413006985433476,0.6813331144311279,5,"WV"
1430581,8.36597076023392,"N",22957,12820,"22957_20181231",0.25044551102221885,1.9675766223665963,171,9.76014584042219,2.0394394907847015,4,"TX"
434254,3.6187833333333335,"NM",22964,8251,"22964_20181231",0.10505070855263868,3.3715840529989354,120,7.626305024372823,1.3876730154974566,4,"TX"
234468,3.12624,"NM",22971,5439,"22971_20181231",2.7134970864583043,3.6746140528062328,75,9.949873477675498,0.686966330452119,8,"IL"
100062,3.3354,"NM",22993,1726,"22993_20181231",0.5967542391383451,2.459792236108569,30,8.274623429716803,1.3440304778097223,4,"ID"
309409,2.918952830188679,"SM",23007,7241,"23007_20181231",0.5415291354576616,4.081382146254642,106,12.114571869525863,0.9694328747939084,4,"OR"
82284,4.1142,"NM",2300,1068,"2300_20181231",0.646827014540019,2.7302056994126414,20,10.900187341411938,0.867183595508954,8,"OH"
77953,5.996384615384615,"NM",2301,1291,"2301_20181231",0.4414684981865327,2.630144593677369,13,9.60697038092476,1.695581974125342,2,"OK"
1537331,5.1074119601328904,"NM",23030,26221,"23030_20181231",0.2982491468877049,2.794069508628503,301,11.319476582359135,1.3828436563584634,4,"CA"
907088,3.82737552742616,"NM",23041,21093,"23041_20181231",0.09868787422089448,3.69166636446377,237,10.137769633519364,1.3187839591291959,4,"WA"
447676,5.6667848101265825,"N",23086,8600,"23086_20181231",0.08759450043940378,2.698426820084509,79,15.205348269124974,1.0051420858428186,4,"CA"
40834,3.7121818181818185,"NM",2308,866,"2308_20181231",0.48784206113270834,2.9858965047446797,11,18.059625584267756,1.4122483468386997,2,"OK"
271920,6.323720930232558,"NM",23090,3233,"23090_20181231",1.7099188164014896,2.0354429251554156,43,13.710029251686084,2.0257874761399,4,"LA"
3706400,5.1910364145658265,"NM",23091,62809,"23091_20181231",0.23741518833076836,3.1487865267220827,714,9.232615801648974,1.5890950000353288,4,"CO"
69874,4.991,"NM",23099,1046,"23099_20181231",0.3678711820226609,2.3913904080465667,14,13.93110435663627,1.118719117927364,2,"KS"
209027,7.46525,"NM",230,2260,"230_20181231",0.018389435707030017,1.9813361386255643,28,9.10908676175824,1.1179798743922524,2,"IA"
351790,3.140982142857143,"SM",23123,9427,"23123_20181231",0.8395705685857702,4.159999910519596,112,8.05966158012722,0.5444323335203101,4,"TN"
63279,4.2186,"N",23126,888,"23126_20181231",4.479753704863286,2.654158023760136,15,15.215524643654474,0.7574328996165692,8,"MI"
28707,2.6097272727272727,"NM",2312,451,"2312_20181231",0,2.838585843566886,11,21.529314616019818,0.3582024993072499,7,"OK"
913735,10.502701149425288,"SM",23137,8743,"23137_20181231",0.13656497873530235,1.7462247145504817,87,12.347037576791019,2.0121098489976523,4,"WI"
459155,3.732967479674797,"NM",23144,9627,"23144_20181231",1.1779608103223185,3.171785906950804,123,14.476744311826769,1.551877706820307,4,"LA"
243458,3.7455076923076924,"NM",23152,3832,"23152_20181231",0.7197094307447516,3.1807110174802684,65,12.985371139606286,1.2013447123469794,4,"AL"
983553,3.6027582417582416,"NM",2315,19012,"2315_20181231",1.6497117550227633,3.8747837469394386,273,10.178663229418097,1.245781672003678,4,"OK"
12464,1.7805714285714287,"SM",2317,307,"2317_20181231",0.48973143759873616,4.596757313754851,7,9.584664536741213,0.4508203319969731,8,"OK"
232534,3.8120327868852457,"NM",23189,4061,"23189_20181231",3.3614394073028757,2.963210855587757,61,9.435055612253723,-0.17346422791235802,2,"IA"
206992,4.404085106382978,"NM",2318,3486,"2318_20181231",0.011050130759880658,2.7441688896754624,47,8.147781949182823,0.8222564028121765,7,"OK"
193996,7.7598400000000005,"SM",231,2306,"231_20181231",0.10850326527013922,1.955811199905013,25,7.984500675159984,1.2791379039288828,4,"IA"
47763,2.38815,"NM",2320,1079,"2320_20181231",0.8831616074652151,3.861036696857592,20,11.925774585588812,2.230301484032827,2,"OK"
364805,7.761808510638298,"SM",23210,6281,"23210_20181231",0.3010291730366121,4.947864583051801,47,13.664078964769175,1.5567651717036308,4,"CO"
5923725,1.2067070686494195,"N",23220,309273,"23220_20181231",1.3309682446161812,9.262818465953096,4909,9.419530626989202,1.8933016089139862,4,"TX"
112242,5.101909090909091,"NM",23222,2185,"23222_20181231",1.9689022397235756,2.9184013249802976,22,11.998376884124744,2.901873865911855,4,"LA"
73339,8.148777777777777,"NM",23242,936,"23242_20181231",0,3.2034717265933272,9,40.35008162524941,2.338001132084759,4,"CA"
37579,2.684214285714286,"NM",23244,693,"23244_20181231",0.14622194119506798,3.069157639208221,14,14.387249623088522,0.9089839698003443,2,"IL"
232807,5.061021739130435,"NM",23257,3261,"23257_20181231",1.5727391874180863,2.4052489769709826,46,10.100364846151539,1.5835442656274668,4,"IL"
386335,4.654638554216868,"NM",2326,7037,"2326_20181231",0.7916352990380593,3.3067503726332923,83,11.225718194254446,0.7387811014154707,4,"OK"
51935,5.770555555555556,"SM",23270,510,"23270_20181231",0.3752016270425696,1.895999459893329,9,10.299607542835263,0.6620057461348616,8,"NE"
823797,5.3148193548387095,"NM",23275,12089,"23275_20181231",0.1961521171082577,2.7838660284987444,155,9.344784646938177,1.8858237216540337,4,"CA"
111914,2.79785,"SM",2327,2303,"2327_20181231",0.8410949714904926,4.005925051547182,40,8.973534363708595,0.5537968619455325,4,"OK"
961165,4.980129533678756,"SM",23286,16047,"23286_20181231",0.18648024906994823,2.9599435518888404,193,9.058441456367758,0.5092270950933565,4,"MA"
3425994,6.525702857142857,"SI",23287,59065,"23287_20181231",0.4547216655882378,2.724591082621563,525,9.614166828792195,0.734492424386476,5,"MA"
66900,4.46,"NM",2328,1283,"2328_20181231",0.014261266400456359,3.2876862035572585,15,10.695460452348621,0.8712520225493381,7,"OK"
1347893,6.51156038647343,"SI",23293,22795,"23293_20181231",0.19449676521169437,2.725175239670987,207,11.219808156869169,0.9145520958473159,5,"MA"
5010771,8.639260344827585,"SI",23296,67411,"23296_20181231",0.41048417739979914,2.2452865073104995,580,9.782674798929087,0.9770288709828857,4,"MA"
1184318,9.707524590163935,"SM",23298,15924,"23298_20181231",0.2398341327804426,2.3831732313178113,122,11.04305627364358,0.5552247604006683,5,"MA"
97450,5.732352941176471,"NM",232,1698,"232_20181231",4.5595732469023265,2.712571833489664,17,22.41142543257347,2.106364764623722,4,"IA"
39878,2.345764705882353,"NM",2331,12726,"2331_20181231",1.9429160935350756,47.06137844325065,17,15.207305034550838,2.8346096696765346,4,"OK"
13870067,9.035874267100978,"N",23364,169299,"23364_20181231",2.598592846496761,2.1621033800181766,1535,10.397865826742308,1.061446500041823,2,"CA"
91208,2.6825882352941175,"NM",23373,2073,"23373_20181231",0.011323318487204649,4.646853877337407,34,14.55794757875709,0.7649793508332472,4,"NY"
262332,5.962090909090909,"NM",23376,2624,"23376_20181231",0.16622960532812517,1.926366171834214,44,12.084949905732405,1.5183606408312809,4,"AL"
114609,3.0160263157894738,"N",23404,2371,"23404_20181231",0.8737325034335642,4.195011337868481,38,9.210952335115552,0.5945685360758477,4,"CO"
206330,6.877666666666667,"N",23430,2159,"23430_20181231",0,1.8337384272915338,30,10.172201361182822,1.4920633047801086,7,"TX"
200903,4.464511111111111,"N",23431,3216,"23431_20181231",0.08507090660065164,3.301068345755535,45,10.555995991204584,1.232630328956049,4,"TX"
277184,5.133037037037037,"NM",23469,3907,"23469_20181231",0.18718003412969283,2.3876876242738443,54,11.15850974983453,1.7279644670698229,4,"WA"
1329972,1.0455754716981132,"N",23472,125747,"23472_20181231",0,13.800939840765885,1272,31.976262597860927,9.386574156130505,9,"CA"
1658160,5.18175,"SM",23473,25533,"23473_20181231",0.44684110039227815,2.706411474931201,320,9.027001419973645,1.292731259745181,4,"OK"
3156040,6.057658349328215,"N",23474,50942,"23474_20181231",0.6788876452078184,3.0410312806527267,521,8.592761910208898,1.346255030948684,4,"TX"
4524838,4.0545143369175625,"SI",23498,89601,"23498_20181231",0.95398414702406,4.152321319983962,1116,11.017582509581887,1.51150036659362,4,"TX"
98743,10.971444444444444,"NM",234,554,"234_20181231",0,0.7902445121348899,9,25.73315226968808,2.301183955617288,2,"IA"
105742,3.4110322580645165,"NM",23523,1933,"23523_20181231",0.08781466923141257,3.5288993503785595,31,12.169479540760314,0.8395963265343948,4,"AL"
720844,5.502625954198474,"SM",23537,14840,"23537_20181231",0.0032875580019161767,3.5762578765823028,131,10.705039855638756,0.8258996602490201,4,"WI"
299887,6.519282608695653,"NM",23546,2652,"23546_20181231",0.42895066258039455,1.4058209994636868,46,16.607198955043735,2.2499806553694026,4,"IL"
101054,7.218142857142857,"NM",23551,934,"23551_20181231",1.302744776730848,1.4283028077926074,14,16.982696396870917,1.9829097491163326,2,"MO"
161021,3.8338333333333336,"N",23597,2671,"23597_20181231",2.712722346986062,3.4787384116726874,42,10.494772633385237,1.0029775696579764,4,"TX"
438162,5.409407407407408,"NM",2359,5450,"2359_20181231",0.13283680885458649,2.5142146081293095,81,8.880658014597305,0.6553277426868483,5,"PA"
139969,9.997785714285714,"NM",235,1205,"235_20181231",0.023146854821330224,1.3806168068500415,14,10.130159148475132,2.4808668636811397,2,"IA"
1559833,7.463315789473684,"SI",23620,23669,"23620_20181231",0.19064648991315086,2.5336915463672085,209,11.420702435418745,0.7345019021370646,4,"MA"
12187936,6.5774074473826225,"NM",23621,157583,"23621_20181231",0.570229004125615,2.53046232596979,1853,9.036263580471816,0.9299476972009267,4,"MA"
2176759,5.3747135802469135,"SI",23622,42187,"23622_20181231",0.2863817363110955,3.1020926510305213,405,11.586075774106018,1.0026885615843801,4,"MA"
5011946,8.731613240418119,"NM",23623,69393,"23623_20181231",0.31732129605190823,2.220868346313027,574,8.838168449919564,1.4664793558787403,4,"RI"
5230165,4.976370123691722,"NM",23627,90965,"23627_20181231",0.39063165065972144,3.1884849154303425,1051,12.063401219674374,1.5094532342842506,4,"KY"
2513109,8.606537671232877,"N",23647,38281,"23647_20181231",0.17097323297145095,4.475779848094165,292,10.839439461798998,0.8379761400109005,9,"TX"
132189851,16.527863340835207,"N",23702,536383,"23702_20181231",0.8886690223150427,4.364082080128333,7998,20.074825951242584,2.358413242356676,3,"DE"
624928,6.1267450980392155,"N",23737,9349,"23737_20181231",1.083639022506665,2.547539440626347,102,10.319444966720566,0.9251854824422047,4,"OK"
93727,4.260318181818182,"NC",23741,4398,"23741_20181231",0,320.2585636953012,22,39.10963039152114,2.442190799411791,7,"MA"
248350,5.173958333333333,"N",23749,4089,"23749_20181231",0.7492276388384485,2.9035641801621144,48,11.656320857845882,0.9298756171911581,4,"CA"
256198,5.023490196078431,"SM",23754,6017,"23754_20181231",0,3.3832689863516534,51,13.088377297181305,0.5314426947587774,4,"CA"
165885,2.719426229508197,"NM",2375,3249,"2375_20181231",0.6656272971815854,3.2389259114072915,61,13.194323393461444,1.415498823990592,4,"TN"
184114,3.8357083333333333,"SM",23764,4125,"23764_20181231",0.7706141079437531,4.050514269352768,48,10.173015559106968,1.05806613248867,4,"CO"
590841,10.742563636363636,"NM",23772,2145,"23772_20181231",1.2065599170849932,1.547832070323237,55,15.531304347826087,1.7706412499158095,5,"TX"
254737,4.245616666666667,"N",23798,3006,"23798_20181231",1.2779238838003688,2.1022700825178124,60,12.365635934029957,1.2523735307383266,8,"OK"
1090389,5.267579710144928,"SM",23799,16405,"23799_20181231",1.044060630872943,2.6675241592527996,207,10.139159364586178,1.6583413576156603,4,"TX"
111401,4.641708333333333,"NM",2379,1721,"2379_20181231",0.8740649381987828,2.4272792116310677,24,23.40722114412223,1.1204874430884644,7,"TN"
139710,4.506774193548387,"NM",23805,2552,"23805_20181231",0.08310134208667469,2.9004016052573776,31,17.29513980770927,0.7840102634070846,4,"CA"
571880,3.689548387096774,"NM",23806,9113,"23806_20181231",0.4199792780131513,2.594246865208103,155,9.630135343014805,1.4799208985510994,4,"MT"
285226,3.2784597701149427,"NM",2380,5784,"2380_20181231",0.8485099337748344,3.465946346608889,87,10.099100647304807,0.8438577985574593,4,"TN"
182252,3.504846153846154,"NM",23815,2883,"23815_20181231",2.4174779396472323,2.9918390520267244,52,10.690773094924594,0.777518544389389,8,"AL"
824750,8.773936170212766,"SM",23826,10036,"23826_20181231",0,2.1137676794460902,94,10.388959997716059,1.3937659627842007,4,"WY"
266852,7.02242105263158,"NM",23864,4947,"23864_20181231",0.9719813817650818,2.9868726402616455,38,11.22435512017715,1.1543178702835293,4,"CA"
432104,5.024465116279069,"N",23886,6894,"23886_20181231",0.22631340398175928,2.751081589611258,86,10.054313644450035,1.0376225538899082,4,"TX"
3030371,22.614708955223882,"SI",23901,20339,"23901_20181231",0.044230842658039254,1.1437512655935247,134,6.778175992685933,0.80014458544998,4,"MA"
193565,2.5138311688311687,"SM",2391,3917,"2391_20181231",1.4705882352941175,3.1414441843684555,77,10.286788136285645,1.0160907783679813,7,"TN"
656198,5.807061946902655,"NM",23966,9949,"23966_20181231",0.7946764979945712,3.2811310266006415,113,5.761438035098593,0.07775914607650218,4,"MA"
102689,4.464739130434783,"SM",23986,2019,"23986_20181231",0.31126858505248517,4.176360119965244,23,9.371875284065084,0.6116385506468753,4,"MN"
88371,1.8034897959183673,"SM",23989,2365,"23989_20181231",0.5313823642664613,4.615903985734628,49,12.713352848457554,0.27266943375647584,8,"VA"
1625625,7.193030973451328,"SI",23992,21195,"23992_20181231",0.8187484776245751,2.383735875851307,226,14.359906308052661,0.8050808601092299,4,"MA"
750941,7.362166666666667,"NM",23998,10313,"23998_20181231",0,2.3335584316187994,102,18.596066967844806,1.355653739893502,4,"CA"
282357,3.715223684210527,"NM",24015,5692,"24015_20181231",0.9347306524161078,4.032135983218356,76,7.541362864258942,0.06848179465553658,4,"MD"
26678,0.6506829268292683,"N",24038,2245,"24038_20181231",0,19.762034007717023,41,30.643397813288477,2.7471721365590294,5,"TX"
25702360,14.091206140350877,"NM",24045,277922,"24045_20181231",0.4414440772720089,2.0347895921186234,1824,10.802496341436061,1.9403433222496005,4,"CA"
91778,7.6481666666666674,"NM",24064,709,"24064_20181231",0,1.4760285490078846,12,8.917238839914228,0.8880350466108494,7,"TX"
1306702,6.6330050761421315,"NM",24074,18709,"24074_20181231",0.43725967065255683,2.3907674132856136,197,10.816455079223438,1.473278485460994,4,"CA"
88812,5.55075,"N",24085,1373,"24085_20181231",0,2.6490182985016077,16,11.366149818313133,0.8308485012771264,7,"TX"
3875427,5.481509193776521,"NM",24156,74853,"24156_20181231",0.28582101074923183,3.1325765886783667,707,11.130438625106736,0.9950350978513242,4,"FL"
5490028,8.645713385826772,"NM",24170,68467,"24170_20181231",0.33688147108524424,2.08731126650304,635,11.666828196798448,1.2378697279846518,4,"CA"
110035,3.794310344827586,"N",24199,2289,"24199_20181231",1.2169388293408148,3.653246192312524,29,11.726378705215971,0.6306710925494772,4,"MI"
58848,2.9424,"N",24211,1245,"24211_20181231",0,3.9386103109133717,20,17.885187030704994,0.7385990828037993,4,"CA"
113439,4.363038461538462,"NM",24272,1687,"24272_20181231",0,2.8477101404090903,26,8.475557856497284,0.579934453488329,4,"TX"
478341,4.555628571428572,"SM",2429,8932,"2429_20181231",0.25414160043857575,3.450393515594716,105,9.6780948895938,1.09517981506727,4,"VA"
76582,4.030631578947369,"NM",24303,1173,"24303_20181231",0.6143831131312353,2.9964183436985476,19,13.073189671908366,1.0560293815465367,4,"TX"
180969,3.934108695652174,"N",24305,3013,"24305_20181231",1.5958549222797929,2.8864238935847175,46,12.102946005666038,1.3109293208547665,4,"TX"
477796,17.696148148148147,"NM",24332,8282,"24332_20181231",5.001725848901929,0.5977044553699027,27,40.5554875099387,6.070134936114318,4,"CA"
317935,7.948375,"SM",24334,4279,"24334_20181231",0.16122909060231252,2.4437174782402575,40,10.996049894727468,1.0327951466927647,4,"WY"
98332,5.175368421052632,"NM",24342,1682,"24342_20181231",0.08334876829042416,2.9701116736747557,19,10.22382485036843,0.877150543854372,4,"OK"
2209580,3.2831797919762256,"N",24347,41896,"24347_20181231",2.6786737869825523,3.3610379930386616,673,11.887473733705846,1.1835889652147584,4,"TX"
422859,2.64286875,"NM",24353,10466,"24353_20181231",1.7524148269895636,4.406420211982923,160,11.346220074171775,1.334783968791403,4,"TX"
48373,3.2248666666666663,"N",24367,1133,"24367_20181231",0.0849762066621346,3.8933095836593363,15,10.974571873378308,0.736628323150938,4,"TX"
2886641,9.433467320261439,"N",24387,34994,"24387_20181231",0.05466220198703302,2.189563535679916,306,13.546261329517547,0.8773109394538622,4,"NY"
603466,3.970171052631579,"SM",2443,10110,"2443_20181231",1.129065872560584,3.0382790612927377,152,12.050468906898532,1.3064818074044149,4,"WV"
60653,2.7569545454545454,"N",24443,1083,"24443_20181231",0.208948206963199,4.018173974756822,22,8.147698566320003,0.5809827305492548,4,"LA"
94907,4.126391304347826,"NM",2444,1286,"2444_20181231",0.6264258199633493,2.8674748868327526,23,14.0198563582594,1.428917257764248,6,"WV"
411203,4.112030000000001,"SM",24472,5934,"24472_20181231",0.372784394635656,2.395252343149957,100,10.349077761880825,1.351990116821079,4,"OK"
110985,2.581046511627907,"NM",2448,2316,"2448_20181231",1.6311063514292776,4.104045428781654,43,14.699087599442674,0.5377593302563993,5,"WV"
153018,4.371942857142857,"NM",24498,2211,"24498_20181231",0.01731623149327759,2.6587309977377003,35,9.262638618725811,1.5949743112670993,8,"TX"
2017202,19.584485436893203,"NM",24516,18499,"24516_20181231",0.3433497325309067,1.4331678439584723,103,8.06390016181418,1.360609584537509,9,"NY"
191010,3.7452941176470587,"NM",2452,2524,"2452_20181231",0.18009221589368052,2.470637384254975,51,8.211149746690467,0.9486993722931133,4,"WV"
145476,3.3062727272727273,"NM",2453,2314,"2453_20181231",0.9890234242389951,3.234748555878993,44,12.738064766068725,0.7548892485345662,4,"WV"
915685,8.890145631067961,"NM",24540,8968,"24540_20181231",1.1857746632221793,1.5621496819815095,103,14.612985179648266,1.8301136868430004,4,"NH"
153750,4.8046875,"SM",2455,2256,"2455_20181231",0.0023276112889147513,2.26354007309196,32,14.97843548450916,0.9661046659867415,2,"WI"
643198,1.6881837270341207,"N",24561,48609,"24561_20181231",0.15775710397173565,9.958596824074574,381,11.430936541928418,2.1021156016793685,2,"TX"
1440014,6.857209523809525,"SM",24563,17392,"24563_20181231",0.2956413213517775,2.1995191104486334,210,10.435242029150038,1.2726612998816274,4,"TX"
280725,6.238333333333334,"NM",245,3590,"245_20181231",0.043596730245231606,2.2886764019629116,45,7.708735486473249,1.1993258807688763,4,"IA"
328311,4.209115384615385,"N",24603,5939,"24603_20181231",0.5857708123205834,3.2795319221911,78,9.414323584770399,1.253911558667387,4,"TX"
688408,6.815920792079208,"NM",24655,10203,"24655_20181231",0.008358719072739431,2.194326714214351,101,9.000986039752972,0.7987963698486275,4,"CA"
157832,4.93225,"N",24677,2177,"24677_20181231",17.259070665425707,2.8224586526825335,32,11.209129734649585,1.5253126260588947,4,"OK"
118343,3.114289473684211,"NM",2467,2553,"2467_20181231",2.109296704592348,3.244416634093887,38,11.423297251856795,0.6794150655677478,4,"WI"
450440,6.170410958904109,"SM",2468,5067,"2468_20181231",0,2.149944898281272,73,10.128307354536037,1.9686982213265254,4,"WI"
135945,3.674189189189189,"NM",2469,2416,"2469_20181231",1.521609457187788,3.065537565998274,37,11.762012066584285,1.0179456803124038,4,"WI"
56139644,19.921804116394608,"SM",24735,689880,"24735_20181231",0.33914196627318244,2.0409119577792203,2818,8.103595548609906,1.7141985246062375,9,"CA"
113225,4.354807692307693,"N",24763,1911,"24763_20181231",0.009011282125220777,3.3210267992876688,26,10.776714318209656,0.9060504712678625,5,"TX"
492524,5.727023255813953,"NM",2476,8312,"2476_20181231",0.07702200940249813,2.7203519689381714,86,10.82931869968253,1.1522017390879657,4,"WI"
142281,5.472346153846154,"NM",2477,2180,"2477_20181231",0.025172272741575158,2.705400846603281,26,12.592047644070767,2.0106477398440554,4,"WI"
8421894,11.945948936170213,"SM",24811,126317,"24811_20181231",0.20384369421560708,2.494274212249459,705,8.921978982214384,0.8507391835643282,4,"MA"
692495,7.694388888888889,"NM",24823,9105,"24823_20181231",0.2705373293702337,2.857227697292232,90,6.777353716780898,0.81273720873709,4,"FL"
752285,7.097028301886792,"SM",24829,14323,"24829_20181231",0.33669257200839425,3.9067210202535376,106,13.933374992154862,0.8509039624180438,4,"PA"
205214,6.619806451612903,"NM",2482,1634,"2482_20181231",0.5038364799898118,1.423072112511639,31,14.943386897404205,1.401763089993561,8,"WI"
111143,4.27473076923077,"NM",24865,1665,"24865_20181231",0,2.7836505223449066,26,11.838770844778395,1.3380128821362967,4,"NM"
122085,8.720357142857143,"NM",24867,2255,"24867_20181231",11.35433274443056,4.669056289556538,14,49.36745009566782,4.075819899149813,7,"DE"
1351767,6.691915841584159,"N",24897,16880,"24897_20181231",1.0773340719656244,2.103891772716687,202,9.476169352110135,1.3356488236416972,4,"TX"
140013,4.828034482758621,"NM",248,2372,"248_20181231",0.2588132505790328,2.5524665627605208,29,10.008301750586538,1.5919388161948604,4,"IA"
57549,3.8366,"N",24902,781,"24902_20181231",0.32734274711168165,2.9464960916672185,15,12.093516807010337,1.0663841561799752,8,"TX"
630082,3.795674698795181,"SM",24919,14635,"24919_20181231",0.27857085679216587,4.00024253826123,166,8.77350541067944,0.5493163862454585,4,"NC"
1945838,7.909910569105691,"NM",24920,22230,"24920_20181231",0.30056101337801133,2.390610602365978,246,13.905054950598055,0.9008151732855869,4,"NY"
389955,4.431306818181818,"NM",24922,6007,"24922_20181231",0.5746802347935304,2.4011171777573797,88,10.09501187648456,1.2739608872848935,2,"UT"
33835,,"NC",24938,-1,"24938_20181231",0,57.1161274020239,0,100.71122047834828,3.221750273743487,7,"NY"
429193,3.2514621212121213,"NM",24961,4154,"24961_20181231",2.296209237462066,2.965467347625835,132,16.21850102702246,0.9320807695889175,5,"TX"
106901,2.13802,"SM",24966,2478,"24966_20181231",2.8285846772116026,3.7597387342630144,50,9.892936066448222,0.9339171759885079,8,"MT"
122118,4.52288888888889,"N",2496,1683,"2496_20181231",0,2.940005659390992,27,8.661041106540118,0.5123827155164833,5,"CT"
25383765,5.481270783847981,"SM",24998,433621,"24998_20181231",0.20615796103463416,2.955721528891188,4631,10.067077286278545,1.6884135243544878,4,"MO"
76193,3.80965,"N",25054,1272,"25054_20181231",2.89498888627862,3.397352656695043,20,8.778615956833779,0.9031106551025754,2,"WY"
59000,4.916666666666667,"N",25065,919,"25065_20181231",0.3670711463374716,2.4598184508391823,12,18.20440868212861,1.0005180347184837,5,"LA"
1623654,11.59752857142857,"NM",25093,17438,"25093_20181231",0.10869247815605645,1.8831071889603461,140,8.752581323982376,1.266937382598868,4,"NY"
2710801,3.963159356725146,"NM",25103,69778,"25103_20181231",0.34847029358396736,4.2647664637392095,684,10.052507123425649,1.3012774507088076,4,"TX"
154960,4.998709677419355,"N",25122,1850,"25122_20181231",0,2.2623881913391473,31,11.903463693243003,1.4019624601568301,4,"FL"
395101,4.87779012345679,"NM",25127,5120,"25127_20181231",0.09371735026523356,2.270476769321511,81,10.073662964085742,1.4437521848783064,2,"NE"
580102,4.532046875,"NM",25158,10798,"25158_20181231",0.5631747290913436,2.946347346113868,128,11.11896237673513,0.7249742770853089,5,"HI"
116986,7.799066666666667,"N",25161,1011,"25161_20181231",0,1.633897687966503,15,13.343282781794297,1.8632805388676497,2,"OK"
200584,5.0146,"NM",25173,2516,"25173_20181231",0.32466139389865417,2.481409949858689,40,9.744682127748943,1.1334645531922753,4,"KY"
16992000,,"N",25178,0,"25178_20181231",1.3350449293966624,0.6017329910141206,0,12.214377406931964,1.965661103979461,5,"CA"
69311,5.775916666666667,"NM",251,942,"251_20181231",0,2.3464413770476433,12,13.43083052784384,1.5672236413489253,2,"IA"
886028,5.435754601226994,"N",25247,24194,"25247_20181231",1.562974081536004,4.157317704620326,163,15.770716409363198,0.4418639862311474,4,"LA"
336929,9.626542857142859,"N",25249,3900,"25249_20181231",0,2.239363691531164,35,14.710165846570028,1.6954130846549058,4,"CA"
363843,4.851240000000001,"N",25258,7449,"25258_20181231",0.18451334173394077,3.3467136342535704,75,10.4625189862108,0.40168209497282975,4,"FL"
17287,5.762333333333333,"NM",25260,305,"25260_20181231",8.269484808454425,2.512562814070352,3,12.249366213413229,0.2572385738214884,7,"IA"
305883,4.779421875,"NM",25267,5054,"25267_20181231",0.14469940653689345,2.661016926342082,64,10.428212430892946,1.04469054953751,4,"IA"
249600,5.31063829787234,"SM",25268,2699,"25268_20181231",2.459512914267364,2.4016735387833728,47,9.950551797943396,1.2539425488351055,4,"MO"
274284,6.6898536585365855,"NM",25291,3559,"25291_20181231",1.0480078180670644,2.477235614511525,41,8.235513756971832,0.7898957788710734,2,"NE"
199038,7.96152,"SM",252,2085,"252_20181231",0.49489719675459953,1.8980824839189527,25,14.481175295728537,1.704255245545026,4,"IA"
55419,5.5419,"SM",25328,800,"25328_20181231",0.8815565770417481,2.6138909634055265,10,15.733880172563888,2.0411953859310366,4,"TX"
1185477,15.806360000000002,"NM",253,7136,"253_20181231",0.006339438917392885,1.0999034683086102,75,9.109750558971493,1.8829950543652936,2,"IA"
226083,11.899105263157894,"NM",254,1905,"254_20181231",0,1.3737025885346925,19,11.325534713089223,2.098699444415675,2,"IA"
47115,3.365357142857143,"NM",25591,915,"25591_20181231",1.1135857461024499,2.9629135119851715,14,14.364234486422427,1.4883289874650498,2,"NE"
158721,5.878555555555556,"NM",255,2333,"255_20181231",0.08999974285787755,2.0768555966388247,27,15.23479998987931,2.3935682201504638,2,"IA"
385194,0.5387328671328672,"N",25620,78479,"25620_20181231",2.2715429762492456,140.8997916574114,715,57.88185938449871,50.37841119696177,7,"NV"
405478,4.7148604651162795,"NM",25621,6832,"25621_20181231",0,2.7912512852608518,86,9.984655771190033,1.1483526308730831,4,"TX"
127940,4.411724137931034,"N",25644,3472,"25644_20181231",4.25210425888438,4.725422759394026,29,12.697596898655645,1.0942450536962756,4,"CA"
270601,6.600024390243902,"SB",25648,4931,"25648_20181231",0.05998692822161141,3.252448204242494,41,9.465818681046033,1.8457857616404376,4,"CA"
449537,6.915953846153847,"N",25665,5105,"25665_20181231",1.2739810110877487,2.0145344764470074,65,8.968760121966204,2.247736897051978,2,"KS"
47489,9.497800000000002,"NM",25668,428,"25668_20181231",0.6724441727498291,1.8386902100057743,5,18.333741293753754,0.7771559565313663,2,"IA"
24375,,"NC",25677,0,"25677_20181231",0,30.52326780455209,0,94.34184835665474,6.294392793208986,7,"DE"
1016530,4.400562770562771,"NM",25679,8522,"25679_20181231",1.5551102656450897,2.3215103315722367,231,17.252036488111617,2.2456062265282517,4,"TX"
72241,6.020083333333333,"NM",256,1044,"256_20181231",2.6647641818672634,2.00774253388419,12,16.67619981478455,0.6730179198090666,2,"IA"
152656,5.088533333333333,"NM",25703,1799,"25703_20181231",0,2.616717612930174,30,12.359675520083737,2.3631572291534404,4,"OK"
291646,9.407935483870968,"NM",25726,3477,"25726_20181231",0.35096349042755864,2.2414544778558168,31,10.909714380719485,1.9696177244940039,4,"CA"
247889,4.348929824561404,"N",25738,3653,"25738_20181231",0.7764088738413952,3.466764680059152,57,14.12713857131274,0.3081568604497024,4,"OK"
64589,4.0368125,"SM",25744,1248,"25744_20181231",0.08694259500766467,3.8735349705031674,16,15.439021282018606,0.4272059223119237,4,"KS"
189734,5.420971428571429,"N",25749,2629,"25749_20181231",0,2.742851544137344,35,16.969155346747012,0.5545115035079106,4,"NY"
103052,7.360857142857143,"NM",25750,990,"25750_20181231",0.5852596238912959,1.8825185956105175,14,11.89040989344326,1.3458860081422754,2,"OK"
219573,6.0992500000000005,"NM",25752,1858,"25752_20181231",0.018203538312759542,1.7642168532553868,36,10.503477437094203,2.3573193049589216,4,"TX"
316812,5.977584905660377,"NM",25795,4240,"25795_20181231",0.11005620203383862,2.5551875257797536,53,10.074831231690231,0.9911884884424732,4,"GA"
86963,2.484657142857143,"NM",25796,1760,"25796_20181231",1.9883122628111105,4.856356726700623,35,3.7600539309126413,-0.3292648175154515,4,"GA"
65806,10.967666666666666,"NM",25803,748,"25803_20181231",0.1672574766588447,2.5262782336635836,6,40.049685810317115,0.3334522600653182,6,"CA"
14946,0.5748461538461538,"NC",25824,5323,"25824_20181231",0,157.86921688274876,26,52.344077019673506,18.432870335834814,7,"NY"
297960,8.052972972972972,"SM",25849,3366,"25849_20181231",0,3.2855689477424184,37,13.560757525269354,1.0221166774013806,8,"MO"
93632,4.928,"SM",25851,1446,"25851_20181231",0.9542996500901284,2.8191151389492695,19,10.809351546892715,0.9742612223968611,2,"KS"
4058211,6.472425837320575,"SM",25858,47951,"25858_20181231",1.2857297993313632,2.5389691123945473,627,8.621305199207018,1.1129837654112422,4,"KS"
176216,4.297951219512195,"NM",25869,3037,"25869_20181231",1.208229868747783,2.65217802582415,41,11.767942680730044,1.422456605022939,4,"CA"
506632,10.339428571428572,"SM",25883,5737,"25883_20181231",0.04017523567765643,1.723743707599514,49,16.142460955746262,2.78351642103302,4,"IL"
1740939,3.672867088607595,"N",25884,32275,"25884_20181231",3.176273546246946,4.9158026666812304,474,9.105845264558985,-1.3556767324826677,4,"LA"
521914,2.676482051282051,"NM",25886,9043,"25886_20181231",0.8152717768804228,4.433744216304775,195,8.963541144439388,0.7238815294668749,4,"TX"
874250,1.9172149122807018,"NM",25890,248025,"25890_20181231",0,42.86159366928698,456,78.94412649783236,10.626023091351573,7,"CA"
307431,3.6168352941176467,"N",25894,5460,"25894_20181231",0.9646712546681072,5.4272667457281205,85,16.90135542168675,1.2292611431340643,2,"SD"
3301156,5.585712351945855,"NM",258,52453,"258_20181231",0.13843891882734,2.5945698840377993,591,11.021152412188663,1.7800482377583189,4,"KY"
501185,,"NC",25927,,"25927_20181231",0,0,,0,0,7,""
421567,6.387378787878788,"SM",2595,7175,"2595_20181231",1.32599994554415,2.971922671093104,66,9.592938165403494,0.4353074249131211,4,"MA"
117536,4.353185185185185,"NM",26021,1413,"26021_20181231",1.4599515576714275,2.027296457760189,27,17.83278857161819,0.9550074222506677,8,"AL"
332928,,"NC",26028,,"26028_20181231",0,0,,0,0,4,"NY"
328925,6.712755102040816,"N",2608,4056,"2608_20181231",0,2.3162256572185242,49,11.390106990928576,1.1000593297420058,5,"MA"
88414,5.200823529411765,"N",2616,1879,"2616_20181231",1.216245678512474,3.8712925626732098,17,10.735906997148497,0.2959599762324862,4,"MA"
531548,5.595242105263158,"N",26181,8425,"26181_20181231",0.46555629182815544,2.4749056919196692,95,9.945719810292337,1.1851391658655437,4,"TX"
259917,2.735968421052632,"SM",26185,8042,"26185_20181231",0.021788110624179853,4.958361017923309,95,9.141066873683043,1.290543487565373,2,"NE"
128577,1.412934065934066,"SM",26189,22051,"26189_20181231",0,25.845743115283877,91,18.753271918926735,7.755804031977548,8,"PA"
591931,4.168528169014085,"SM",26191,9315,"26191_20181231",1.3430833879211619,3.196254628758454,142,9.135976145362514,0.6400279456910359,4,"VA"
172931,3.529204081632653,"SM",26217,2233,"26217_20181231",0.058070202727225594,2.4668308526471234,49,9.653204073569563,0.7886007359503794,2,"KS"
1007354,8.836438596491229,"NM",26218,12937,"26218_20181231",0.8026281065438762,2.18146506191566,114,10.980844256867266,1.6833469952490643,4,"WI"
226100,4.81063829787234,"N",26219,3249,"26219_20181231",0.5734613739745733,2.424601466825366,47,12.598583596603923,1.5643316184957567,2,"TX"
904503,7.413959016393443,"N",26223,11103,"26223_20181231",0.4860788135827974,1.9289688735787605,122,13.302592444622007,1.6632501160040842,4,"TX"
90526,2.8289375,"N",26228,2129,"26228_20181231",0.2209297082826097,3.7566666816185736,32,10.741123061725107,1.6820895589336897,2,"TX"
1761643,5.3708628048780485,"SM",26247,21284,"26247_20181231",0.4459926178827217,2.8937274963012785,328,9.206455249587673,1.282605242507913,4,"MO"
60121,2.0040333333333336,"N",26260,1563,"26260_20181231",0.4863508001255099,4.247628095839244,30,9.324854687267127,0.6328331402839777,8,"OK"
163685,8.615,"NM",26271,2005,"26271_20181231",0,1.9384478439825354,19,14.918554204868698,3.051124262966818,4,"CA"
461945,6.694855072463768,"N",26299,7800,"26299_20181231",0,2.618439379207891,69,14.963628009839894,0.42274930171268693,4,"FL"
141610,3.293255813953489,"NM",262,2504,"262_20181231",2.557968347442032,3.672881582654777,43,10.456639895005635,0.931383570649962,4,"KY"
4109516,37.35923636363637,"SB",26312,14275,"26312_20181231",0,0.682569441068688,110,7.122628844052264,1.5647397009245465,5,"CA"
407529,2.226934426229508,"N",26323,18352,"26323_20181231",1.1941362015534827,7.400039083983394,183,8.80973862458087,1.4537272072731457,4,"FL"
581669,4.887974789915966,"NM",26333,8828,"26333_20181231",0.6812413834511457,2.7227457246258164,119,10.366656046985165,0.9564544176514095,4,"NY"
1196439,9.727146341463415,"SI",26336,13597,"26336_20181231",0.2813344490733659,2.1136565611487996,123,10.897030793341521,0.9227028083810408,4,"MA"
127207,5.782136363636364,"NM",26340,1491,"26340_20181231",0.05426245894616593,1.9194558601200344,22,12.172271712358723,1.3635437231359833,2,"KS"
4951637,32.79229801324503,"N",26342,19794,"26342_20181231",0.4307633489256649,1.403304669695347,151,7.506020780709004,1.3070920006734885,5,"GA"
93943,2.93571875,"N",26351,3073,"26351_20181231",4.4495524569201725,5.9416359297027554,32,10.351767685145251,-1.7693642872640487,4,"TX"
117073,4.502807692307693,"NM",26358,2345,"26358_20181231",0.2750833974852451,3.0900489012775196,26,7.916619600823725,2.0637791626607274,4,"MO"
259428,6.4857,"NM",26363,3964,"26363_20181231",0.4365916707591514,2.5839625828738706,40,21.019578722113096,1.2053595730175721,4,"CA"
282711,4.2835,"SM",26372,4376,"26372_20181231",0.760295319950697,2.8186263541191177,66,11.808143597507716,1.5126155718850411,4,"TX"
246612,3.1616923076923076,"N",26379,5014,"26379_20181231",1.1309241304495221,3.6765395585868714,78,13.852381190345312,1.059936363035749,4,"MS"
969095,5.047369791666667,"N",26381,15972,"26381_20181231",0.49450774533728936,2.7240442203106947,192,10.825124013134912,1.34165021367975,4,"LA"
952510,7.16172932330827,"NM",26390,12636,"26390_20181231",0.21054641157459805,2.33043779511394,133,10.492344325503419,1.0124760487237392,4,"NJ"
302990,16.83277777777778,"NM",26392,3226,"26392_20181231",0.024531850519257502,3.6894983699379504,18,93.15747209768817,3.712250980800047,8,"DE"
307290,6.1458,"SI",26393,4734,"26393_20181231",0.4228894965642967,2.739549266364099,50,13.53607830394504,0.7729033196197577,5,"MA"
887560,10.20183908045977,"SI",26395,9958,"26395_20181231",0.9236650881504719,1.9093890192727954,87,17.235311167239452,1.4652152158097838,4,"MA"
610808,6.362583333333333,"SM",26397,7248,"26397_20181231",0.8006526780371035,2.1368327379372847,96,11.963022673145796,0.7803400235709266,5,"MA"
312933,9.203911764705882,"N",26398,3964,"26398_20181231",0,2.085491439687935,34,13.68985835374248,1.4154056860989306,4,"FL"
334273,2.9581681415929206,"NM",26403,9455,"26403_20181231",2.940086067323982,4.410888565409396,113,10.371814685691694,1.1353515996879857,4,"ID"
394269,6.160453125,"SI",26411,6408,"26411_20181231",0.47092485062694606,2.6895037311932026,64,10.525213952233099,0.6012880088100658,4,"MA"
47020,3.134666666666667,"NM",26416,980,"26416_20181231",0.4004246928560594,3.427289663411333,15,10.766342523256059,1.1842006332445008,2,"OK"
392533,4.005438775510204,"N",26442,8186,"26442_20181231",0.022689885983322933,3.303920097647617,98,9.23312108348494,0.5203243295850382,4,"FL"
497897,11.315840909090909,"SI",26444,5718,"26444_20181231",0.14725687470583576,1.9274269480387487,44,12.72918593157106,0.8866733123122781,4,"MA"
519799,6.115282352941176,"SM",26448,9383,"26448_20181231",0.3796549093148746,2.761961351558307,85,10.228650132449186,0.6207766713718136,4,"MA"
118112,7.382000000000001,"SM",26450,1935,"26450_20181231",0.5531287613431968,2.8944115797896663,16,16.26852369635118,0.48403920896204855,5,"MA"
935074,5.599245508982037,"SI",26451,15504,"26451_20181231",0.41211192146697856,3.082695924936548,167,8.314461269328529,0.5380058464214625,4,"MA"
570232,6.266285714285714,"SI",26455,8940,"26455_20181231",0.5452663677646754,2.722173776603514,91,10.681400923404427,0.6222008193817182,4,"MA"
15748,,"NC",26474,0,"26474_20181231",0,20.231213872832367,0,99.29060045604257,1.259655225331219,7,"CA"
2174256,10.925909547738692,"SM",26483,27046,"26483_20181231",0.9509105601429926,2.1288112156667713,199,12.916816602795041,0.6789496792018166,4,"MA"
870506,6.173801418439716,"SI",26484,14053,"26484_20181231",0.6263065579217895,2.700343280015709,141,10.98545872143761,0.8217664607617458,4,"MA"
492744,11.459162790697675,"SM",26487,6076,"26487_20181231",0.48161680473658186,2.1090693639997706,43,18.796058841879667,0.8503328794160926,4,"MA"
291797,3.4737738095238098,"N",26499,6073,"26499_20181231",0.7839807603622085,3.4743495597588123,84,11.09603755292214,0.8360889143807294,4,"MN"
318912,10.99696551724138,"SI",26511,3107,"26511_20181231",0.12910310441028075,1.6762923725020271,29,12.17203276937235,0.6192977923968007,5,"MA"
93240,5.8275,"SI",26512,1354,"26512_20181231",0.7965514009933463,2.6581228303822892,16,10.279591135543722,0.2860074667598192,5,"MA"
115390,5.245,"SM",26513,1555,"26513_20181231",0.3005134757814533,2.3974266674705373,22,8.574217412151517,0.23495490639041877,5,"MA"
225219,5.926815789473684,"SI",26516,3290,"26516_20181231",0.7476969260728614,2.480270472974868,38,7.972118010078362,0.36278988132880613,5,"MA"
931608,5.7506666666666675,"SI",26517,14685,"26517_20181231",1.026854591940063,2.8295671793458603,162,9.83288738269481,0.7336034515423434,4,"MA"
50762,8.460333333333333,"NM",26519,458,"26519_20181231",1.697740620111302,1.3567767427836934,6,12.774282343688556,1.1544503864036688,2,"MN"
79523,2.8401071428571427,"NM",26520,1616,"26520_20181231",1.4995407865074726,2.9639225369913085,28,12.540722619032984,2.311349186288425,2,"MO"
360050,6.102542372881356,"NM",26522,3935,"26522_20181231",11.023929702015007,1.832373464574397,59,11.800459479739144,1.877238644708095,2,"KS"
788878,6.629226890756303,"SM",26523,10227,"26523_20181231",1.4380221647726965,2.542351828722656,119,11.340917895572186,0.8447637859160051,4,"MA"
282729,3.447914634146341,"NM",26530,7517,"26530_20181231",1.0931441537180113,4.284644374870492,82,9.640215360646359,0.9158396410757262,4,"AK"
273665,5.4733,"SI",26536,4280,"26536_20181231",1.3202195517413977,3.0946247772321533,50,8.305254428497785,0.6159676879615866,4,"MA"
164292,1.9328470588235294,"NM",26539,2122,"26539_20181231",1.3161568220795279,2.763250874615473,85,14.754410068941828,1.5859197154534648,7,"FM"
172864,4.3216,"N",26542,4251,"26542_20181231",0.3571065903936635,3.596761004538393,40,11.515963657796116,2.233714680614828,4,"TX"
475542,4.75542,"N",26543,11126,"26543_20181231",1.0564422170029404,3.7329396755406696,100,10.486147389964891,1.2226860292168429,4,"TX"
314124,5.817111111111111,"SM",26549,5876,"26549_20181231",0.6345744702655949,3.0446392739172046,54,10.200551573406791,0.4662787227693226,4,"MA"
144420,9.026250000000001,"SM",26554,1354,"26554_20181231",0.5118743601570498,1.7847283469930662,16,11.796207030013019,0.711309971963488,5,"MA"
536259,10.312673076923078,"SI",26555,6965,"26555_20181231",0,2.1790755418082917,52,14.34841793962721,1.1295351985205657,4,"MA"
600693,7.151107142857143,"SI",26559,10397,"26559_20181231",1.4861156886959905,2.9542749606496503,84,9.60255766885234,0.5389431848926645,4,"MA"
296921,4.241728571428571,"NM",26564,5152,"26564_20181231",2.021035465192469,3.1849032267679553,70,8.522451946373769,1.685089179322618,2,"LA"
89241,9.915666666666667,"SI",26567,1047,"26567_20181231",1.1469243251216994,2.009239585273205,9,22.023279622540727,0.45435065998640317,5,"MA"
523164,5.50698947368421,"SI",26575,8676,"26575_20181231",0.3304567646836294,2.843601713652784,95,9.094786367287611,0.3876503585861865,5,"MA"
114134,7.133375,"SI",26576,1452,"26576_20181231",0,2.3052889255594105,16,13.895135621367286,0.3706911425315984,5,"MA"
68893,4.052529411764706,"NM",26588,1201,"26588_20181231",0.2627487902607782,3.3368796322912746,17,9.260814175690543,0.6667832302535851,4,"SC"
266554,8.077393939393941,"SI",26590,3517,"26590_20181231",0.2582462730367414,2.1286845807392303,33,10.304578888880489,0.7437390964757397,4,"MA"
324574,6.364196078431373,"SM",26591,5549,"26591_20181231",0.5942524999521998,3.0530124710310234,51,10.345580939492233,0.4005736311213036,4,"MA"
486825,6.491,"SI",26601,6874,"26601_20181231",0.3471601046315413,2.4637114897442185,75,8.682213346840152,0.7154701588079867,4,"MA"
236120,5.4911627906976745,"SM",26602,4069,"26602_20181231",0.23603865560591808,3.226875699120714,43,8.434187392246898,0.21069978022128616,4,"MA"
869482,11.593093333333332,"SI",26605,10307,"26605_20181231",0.15286387854783348,2.113989976286464,75,8.441426857814992,0.8530282683923021,4,"MA"
15307614,10.157673523556735,"NM",26610,157119,"26610_20181231",0.8096513449412834,1.8625863950110237,1507,11.764146169545448,1.3571978280624752,4,"CA"
570447,7.408402597402597,"SM",26620,8111,"26620_20181231",0.49797003090400715,2.625967518360248,77,8.849460405231511,0.7445622383000949,4,"MA"
13683,1.0525384615384614,"NC",26622,3368,"26622_20181231",0,86.04743712193569,13,89.4677829271939,7.513530722699777,7,"NY"
458649,13.104257142857143,"SM",26626,4308,"26626_20181231",0,1.547025278174325,35,10.761407978002872,0.8546915076808669,4,"TX"
491466,4.96430303030303,"NM",26627,9581,"26627_20181231",0.8926424965370393,3.27117908024536,99,9.094556640363782,1.1874447915278743,4,"TX"
311892,5.112983606557377,"N",26633,9021,"26633_20181231",0,4.496454601175312,61,15.794236513793711,0.32708882233499587,4,"NY"
575069,5.990302083333333,"SI",26634,8991,"26634_20181231",0.1677469513998631,2.3848824891052893,96,9.778221633480978,1.0857409149440491,4,"MA"
3458196,6.70193023255814,"SI",26647,55001,"26647_20181231",0.5127824070633972,3.476708287736272,516,10.281534275205551,1.494212990515571,4,"PA"
71880,5.529230769230769,"NM",26653,1037,"26653_20181231",0.22753744887179347,2.66566490526701,13,10.113443698567826,1.587200372610882,8,"TX"
28288,2.5716363636363635,"NM",26658,633,"26658_20181231",0.08334150406902638,4.83485818212109,11,15.916774126093472,1.3189132155104195,4,"TX"
290921,4.617793650793651,"SM",26677,6942,"26677_20181231",1.624073235273083,5.276776861502745,63,13.106278648331735,0.6177083297346411,4,"OK"
98626,2.528871794871795,"NM",26687,1981,"26687_20181231",0.5958360757958915,4.04871206324917,39,11.396542734528536,0.32278117827084923,4,"FL"
235265,11.763250000000001,"NM",26689,951,"26689_20181231",1.217567978407077,0.6922511709961227,20,46.61650215487279,3.067124250974588,4,"WI"
344869,4.421397435897436,"NM",26703,5446,"26703_20181231",1.439596036585366,6.764547440834886,78,14.211351188365844,1.3457491124814716,4,"KY"
303857,3.30279347826087,"NM",26704,5508,"26704_20181231",0.2859281490231971,3.9245434912181563,92,13.199149217500475,0.5492390523392094,6,"CA"
70302,2.7039230769230773,"NM",26708,1814,"26708_20181231",0,4.979097470521687,26,11.088430192703177,0.5762564204947638,4,"TX"
686299,5.967817391304347,"NM",26725,9745,"26725_20181231",0.008910772087317278,3.6277078711860677,115,8.540646983689575,0.6516701618244661,4,"FL"
132749,2.709163265306122,"NM",26727,3319,"26727_20181231",0.4920413789015028,4.636218863979065,49,9.358418483369213,1.3439519894115621,4,"TX"
277181,1.73238125,"NC",26732,38363,"26732_20181231",0,59.32755564309632,160,79.1063981977531,5.742367539885759,7,"CA"
103516,4.705272727272727,"NM",26738,1271,"26738_20181231",0.008584919158677921,2.5409250703291764,22,10.365997638724911,1.2744080709880807,2,"TX"
26518,2.410727272727273,"NM",26755,796,"26755_20181231",0.13408757594804108,5.051544875659936,11,15.680439510129334,0.4411829585729202,6,"MN"
465809,6.469569444444445,"NM",26760,5542,"26760_20181231",0.4419196825224133,2.0004389863990486,72,8.999332902994595,1.4258583328177925,2,"IA"
226476,4.117745454545455,"N",26790,5998,"26790_20181231",0.8721418778470655,5.0913399985912635,55,17.858423163177683,-1.3925776151745797,4,"NJ"
125672,8.976571428571429,"NM",26798,1853,"26798_20181231",0,2.297788820775765,14,14.246262881349029,1.6811482522479801,4,"UT"
371717,4.1765955056179775,"NM",26799,6131,"26799_20181231",4.256280592340143,2.5306149453007287,89,22.850016149476296,2.7803150917061137,4,"AL"
178412,3.1859285714285717,"NM",267,3173,"267_20181231",1.157957957957958,3.3211457811185183,56,24.357354528956378,1.6920435395010516,8,"KY"
9042,0.37675,"NM",26816,1219,"26816_20181231",3.3640803038524147,17.541621483702237,24,6.558108409547178,-6.79339159277923,6,"UT"
174401,3.875577777777778,"N",26829,3928,"26829_20181231",1.2797487517513093,3.6972390099314802,45,10.264898722087784,0.4480955038879051,4,"FL"
60440,4.317142857142857,"N",2682,852,"2682_20181231",0.9887918199949436,3.1778583498761344,14,11.639341566492904,0.8974127606516497,8,"KY"
107962,5.997888888888889,"NM",26847,1467,"26847_20181231",0.45385572309332745,2.4324831812517664,18,9.443094783302115,1.173092278833698,8,"MD"
1150739,3.3354753623188405,"NM",26856,19225,"26856_20181231",0.5250255926453762,2.9277900950489233,345,12.539706431922934,1.600584701249834,4,"TX"
135903,6.471571428571428,"SM",26871,2741,"26871_20181231",0.3668135346708303,4.155169282504644,21,13.241810624261143,-0.05638844461629494,4,"VA"
8185272,32.22548031496063,"N",26876,68473,"26876_20181231",0,1.6820454971286627,254,9.057909226985995,1.1975592183162933,4,"NY"
128512,3.381894736842105,"N",26881,3794,"26881_20181231",1.2852429217789896,5.114550909079521,38,10.403730459784,2.9373633875503393,4,"CA"
211084,4.138901960784314,"SM",26891,3670,"26891_20181231",0,3.6498066034986247,51,12.103752045545853,2.2550389331508116,5,"MN"
890960,3.4533333333333336,"SM",26906,18088,"26906_20181231",0.18083652192944222,3.4801828448757983,258,10.596856441550866,0.7428858555417492,4,"TX"
119537,4.12196551724138,"NM",26911,2128,"26911_20181231",0.2906070142610076,2.835148267144212,29,12.42132933415339,0.8723533129674497,2,"IA"
429014,5.4305569620253165,"NM",26912,6884,"26912_20181231",0.2986989918909024,2.6064542574548097,79,10.554685541750313,1.6493156932411293,4,"SC"
499367,3.6990148148148148,"N",2691,8462,"2691_20181231",0.9343368063084138,3.577571680730871,135,10.401754975901106,0.6327223829401029,4,"KY"
421480,6.909508196721312,"SI",26922,5973,"26922_20181231",0.3914119942700512,2.5250758275922056,61,9.567244638287477,0.5391266488431737,4,"MA"
38267,4.783375,"NM",26941,451,"26941_20181231",2.4333831253312774,2.7972661536457895,8,9.352415637625903,0.7842537697974531,2,"MT"
212080,5.731891891891892,"SM",26944,3244,"26944_20181231",0.2413835846114703,2.7598506243346743,37,9.242504215575911,1.8776696329784297,2,"IA"
273887,4.279484375,"NM",26955,5257,"26955_20181231",1.9108827599931253,3.0509781319121387,64,15.118625924122526,1.5236177594472908,4,"TN"
251810,2.595979381443299,"N",2695,4967,"2695_20181231",1.2793832902046651,3.0990327765785133,97,11.000003960254883,1.459507004085071,8,"KY"
81762,5.110125,"NM",26960,1507,"26960_20181231",0,3.443260530671938,16,8.991574006386827,1.828102148723141,4,"MO"
2525042,5.13219918699187,"NM",26962,40127,"26962_20181231",0.1589242113404299,2.7956239194535484,492,11.92748809843431,1.3975426517537999,4,"TN"
348428,3.6294583333333335,"NM",26967,9760,"26967_20181231",0.49361759913090714,4.5788356192608335,96,9.820223100971491,2.3890605145346617,5,"TX"
100832,3.4769655172413794,"N",2698,1690,"2698_20181231",2.9925679082717647,3.0848711050728133,29,14.588808348013593,0.13026512329835152,8,"KY"
839978,3.870866359447005,"N",2700,14711,"2700_20181231",0.5134483531843782,3.42281430616775,217,9.20806933078833,1.0991936041800783,4,"KY"
20299,1.3532666666666666,"NM",27010,885,"27010_20181231",0,8.01049963794352,15,7.945409429280397,-6.15496017378711,7,"CO"
240252,4.0720677966101695,"SB",27015,6965,"27015_20181231",2.490704534906672,6.503363545428861,59,8.948964037231642,-2.5537747302673273,4,"MA"
113297,4.196185185185185,"N",27026,2865,"27026_20181231",3.401850279905874,4.525636553889083,27,9.336508895721877,2.366003953028718,4,"CO"
132763,5.31052,"SM",27043,1968,"27043_20181231",0,2.701528134088428,25,15.1687397075229,1.2022664866149169,4,"TX"
360631,5.6348593750000004,"SM",27045,4960,"27045_20181231",0.11125074682214302,2.72078944437253,64,9.593558477406875,0.4801570218825165,4,"FL"
1201916,3.138161879895561,"N",27046,20033,"27046_20181231",1.0706628156292586,3.4073523445384573,383,8.693218128857447,0.8106917099136777,4,"KS"
209723,3.554627118644068,"N",2704,3556,"2704_20181231",2.4086400027341783,3.0343967675987917,59,10.504,0.6522888764643389,8,"KY"
1161579,14.5197375,"SM",27052,10062,"27052_20181231",0.39325209878015654,1.9175016133529084,80,9.791284883220387,1.0465303208432082,4,"IL"
46856,3.6043076923076924,"NM",27053,642,"27053_20181231",0,2.9583601524978955,13,10.615210198745979,0.8466603951081844,4,"WI"
2652111,11.143323529411765,"NM",27054,42521,"27054_20181231",0,2.9132896704643225,238,11.12940766883137,0.875194724490886,9,"NJ"
126469,5.269541666666667,"NM",27055,2938,"27055_20181231",3.5180802797582262,4.06923839013134,24,9.986727827322047,0.8338794182409957,4,"SC"
919422,7.926051724137931,"NM",27074,9212,"27074_20181231",2.3995973139719897,1.7125822309897323,116,15.90504153470865,4.537115318377327,4,"TX"
980369,5.299291891891892,"NM",27078,16465,"27078_20181231",0.8515297592044507,3.7726631434958415,185,10.510764903169967,1.499960273063634,4,"SD"
348341,4.248060975609756,"NM",27086,5932,"27086_20181231",0.03939974488665186,3.0710948172088752,82,9.789406049729418,2.23240225668597,4,"FL"
138849,3.7526756756756754,"N",2708,1811,"2708_20181231",2.1268546238115604,2.9026824640868565,37,13.254229647886811,0.8961205030357342,8,"KY"
73355,0.25294827586206897,"NC",27102,39903,"27102_20181231",0,87.39313300786175,290,89.16700408583944,23.888927089779735,7,"WI"
347050,3.731720430107527,"NM",2710,5233,"2710_20181231",2.0239810215943868,3.127074474699948,93,9.424685393192386,0.8281843058928073,4,"KY"
193134,2.8825970149253735,"NM",27118,3817,"27118_20181231",0.07506184943205753,3.8070820745054337,67,9.218072603813006,1.2717114261849087,4,"AL"
372260,7.920425531914893,"NM",27119,6040,"27119_20181231",0,2.4773085227215725,47,12.182139622661973,1.0569663922028036,4,"MA"
1522837,6.890665158371041,"NM",2711,16225,"2711_20181231",0.6001384863184103,1.8941232620763155,221,10.276109190887148,1.6320279640632498,4,"KY"
14089,0.16772619047619047,"NC",27120,11539,"27120_20181231",0,126.37929112795364,84,66.68691330756488,26.095073562193488,7,"MN"
932048,7.456384,"SM",27132,11659,"27132_20181231",2.050304942881689,2.297297142785273,125,12.155710808790806,1.6998763996510378,4,"CA"
97664,2.271255813953488,"SB",27153,1907,"27153_20181231",0.6391860161753196,3.645034261498021,43,11.37352582350549,1.224131606307926,8,"GA"
589527,4.065703448275863,"SM",2718,8425,"2718_20181231",0.8585260836736346,3.012448327329275,145,11.869023268823971,0.984953217270351,4,"KY"
70966,3.942555555555556,"NM",27201,1285,"27201_20181231",4.991767050870959,3.3002271411392683,18,6.482736965302656,1.2618952181594145,2,"OK"
285027,5.481288461538461,"NM",27205,3855,"27205_20181231",0.32908107867320746,2.5312659493829353,52,9.576261110994553,2.173930987234991,4,"FL"
4179535,4.47487687366167,"SM",2720,54890,"2720_20181231",0.68714792038489,2.6275640835487732,934,12.943910196535471,1.390574077499162,4,"KY"
3561569,6.796887404580152,"SM",27210,36178,"27210_20181231",3.1968634725636664,1.7639075967442088,524,11.136957405656032,2.641841525378084,4,"OK"
474754,1.2395665796344648,"NM",27211,39198,"27211_20181231",0.07793040814552604,11.029908910004457,383,11.32085725096811,0.574597832583476,4,"TN"
126237,6.311850000000001,"SM",27219,1597,"27219_20181231",0,2.345632394720754,20,10.999441652707985,0.45582047685834504,7,"KY"
307880,3.2070833333333333,"NM",2721,4799,"2721_20181231",0.8934943335902488,2.8752663025196625,96,11.365800193034403,1.1273606817344504,8,"KY"
727672,13.230400000000001,"NM",27226,6616,"27226_20181231",0.6307992909730631,2.207381186854249,55,10.022112145383844,1.4737682898314255,4,"NY"
299731,3.5682261904761905,"NM",27233,5215,"27233_20181231",0.16555914182646667,2.8132088730887874,84,9.810731785739407,1.1002872954440936,4,"AL"
2002618,4.224932489451477,"NM",27235,33795,"27235_20181231",1.5036573431224438,3.1659565449289535,474,10.749952604928186,1.0319246991398803,4,"IN"
5625398,8.654458461538463,"NM",27237,64269,"27237_20181231",0.5270558315076362,2.107164204148956,650,10.523855353383649,1.7053775297329477,4,"MO"
634827,13.50695744680851,"SI",27238,5969,"27238_20181231",0.9337439157643787,1.526525576085475,47,13.576440215363462,0.8969893647476955,5,"MA"
112092,3.7364,"N",2723,1695,"2723_20181231",1.4507872114362985,2.8038513816440247,30,15.116895247846667,1.0763515773443115,8,"KY"
2534290,10.784212765957447,"NM",27244,15329,"27244_20181231",1.3913606939480727,2.445962457399514,235,10.082917692265504,1.1649618914579258,4,"MD"
157805,7.51452380952381,"NM",27254,1506,"27254_20181231",1.083918145898449,3.892272269678152,21,10.818494597694212,2.0358427940634125,4,"GA"
405897,3.3270245901639344,"N",2725,6279,"2725_20181231",0.4053603519357278,3.200580589396089,122,10.827321573173643,1.4772106430516825,4,"KY"
622766,9.02559420289855,"NM",27267,6959,"27267_20181231",0,1.8975004135943514,69,11.567759480528736,2.065119381954132,4,"NY"
317254,4.7351343283582095,"SI",27269,6058,"27269_20181231",0.21541476645483526,3.4986152608257717,67,8.771230745690096,0.518991222250474,5,"MA"
555744,3.8593333333333337,"NM",27286,9805,"27286_20181231",2.634295429704894,3.573854305660022,144,9.855577405380757,1.1747484349454556,4,"OK"
542244,10.041555555555556,"N",27290,3484,"27290_20181231",0.13517606292479134,1.7434163119817838,54,9.6022820480105,1.4229028755896738,4,"NY"
91787000,9.394779938587513,"SB",27314,1166000,"27314_20181231",2.4536087568876477,4.743981709557945,9770,12.41002812659181,2.775846546782232,3,"UT"
1999812,10.255446153846155,"SM",27330,29246,"27330_20181231",0.8652409118656198,2.410320240910848,195,8.513865716032623,1.2712115431062303,9,"CA"
2745396,5.468916334661355,"NM",27332,42106,"27332_20181231",0.7068889027123726,3.0947896945979,502,8.206987062848528,0.4867563829497091,4,"PA"
47601600,8.244128853481122,"N",27334,550199,"27334_20181231",0.6128949307737054,2.2052808819424126,5774,9.03043757794403,1.0917232088823825,4,"CT"
73259,4.883933333333333,"SM",2733,707,"2733_20181231",1.558009378308879,1.6501159540940713,15,11.164882168268374,1.7257969478936357,8,"KY"
170886,3.6358723404255318,"SM",27351,4293,"27351_20181231",0.05420592142431784,6.04758348643188,47,14.827074074926891,1.2713669829430656,4,"KS"
121078,3.7836875,"N",2735,1691,"2735_20181231",1.0812051649928263,3.1526299982466104,32,11.493347048478613,1.058978138177551,8,"KY"
710084,4.252000000000001,"NM",27362,10609,"27362_20181231",0.4982480648994203,2.522158896996885,167,11.21257774942471,1.5298664252022558,4,"IL"
637139,5.309491666666667,"NM",27381,7953,"27381_20181231",0.07141098851818543,2.005693124778064,120,11.680746168369879,1.5887902077740113,4,"AL"
75917,8.435222222222222,"SI",27385,1772,"27385_20181231",0.48111215227759047,3.4521699753456363,9,18.44546941621303,1.2438993028573346,4,"PA"
9965024,,"N",27389,0,"27389_20181231",0,1.1861848700556208,0,14.134782261005268,1.494810596899529,5,"NV"
510867,3.4752857142857145,"N",2738,8942,"2738_20181231",0.73044972787167,3.231142123005858,147,10.715644993930459,1.0427928974326466,8,"KY"
585397,3.752544871794872,"NM",27394,10310,"27394_20181231",1.6883585590869103,2.8190813393227274,156,14.601356050665176,1.9300165138736927,4,"OK"
153875,3.4194444444444443,"NM",27398,2781,"27398_20181231",0.43559941369557587,3.7126975756064393,45,8.059971565206151,1.2223489540535788,8,"TX"
2964358,5.82388605108055,"NM",27408,51257,"27408_20181231",0.49338269253879585,2.7977635895133393,509,9.06308991826171,1.0295085863128086,4,"MA"
197330,4.698333333333333,"NM",27409,3559,"27409_20181231",1.2260555201125451,3.4417846424745067,42,7.901855561566919,0.4060391285033438,4,"MO"
552221,3.192028901734104,"N",2740,14619,"2740_20181231",1.0157574946535692,4.364592489559274,173,11.202430342503412,0.9875820069669838,4,"KY"
302006,2.323123076923077,"SB",27417,7794,"27417_20181231",1.5412366933601997,5.3745940879465035,130,9.423871458818759,0.9488489562661483,5,"RI"
116653380,418.1124731182796,"N",27471,74089,"27471_20181231",0.7726859156370771,11.767722722587001,279,9.901516289390543,4.749556204525287,3,"UT"
7555421,4.1513302197802195,"NM",27476,127144,"27476_20181231",0.4919394480503195,2.7691903897078562,1820,9.494232912094539,1.5944479144448176,4,"OK"
9634,1.0704444444444445,"NC",27479,1474,"27479_20181231",0,26.145282977844452,9,96.7494921081419,7.620724892918488,7,"MA"
216137,5.541974358974359,"NM",27496,2504,"27496_20181231",0.803287875957407,2.427566256924942,39,10.930062161715002,0.8598629590411737,4,"SC"
14254311,21.862440184049078,"NM",27499,94100,"27499_20181231",3.851779900533362,9.721110318956692,652,13.122920490361448,4.244319216869878,3,"DE"
720038,7.579347368421053,"NM",27503,9549,"27503_20181231",0.018762122709567626,2.2423818948857908,95,16.43162707113633,0.6959569883670957,4,"NY"
105159,3.7556785714285716,"NM",27506,1778,"27506_20181231",0.4437138478271617,3.800893884247648,28,8.127959434771261,0.5534916174778887,4,"OH"
289244,2.754704761904762,"N",2750,4858,"2750_20181231",0.5273024503793734,2.9821860906550928,105,13.208880948445342,1.2701189790262142,8,"KY"
720556,4.1892790697674425,"NM",27510,11746,"27510_20181231",1.2872120425143079,2.399974684972367,172,15.182698878482132,1.4523121287874514,4,"AL"
40098,3.645272727272727,"SM",27518,783,"27518_20181231",0.7852770618556701,3.131023551167774,11,10.464570624120132,1.0616126728178235,2,"MT"
125703,4.655666666666667,"N",2753,1730,"2753_20181231",0.7287390385502951,2.3355337891075023,27,11.295778209809221,1.096468260426116,7,"KY"
101930,3.9203846153846156,"N",2754,1728,"2754_20181231",0.02441268708568853,3.800603991078302,26,11.277148229582243,0.19146122416753844,4,"KY"
1177275,6.2289682539682545,"NM",27552,19797,"27552_20181231",0.7425094562754462,2.945733866919516,189,11.736480215979077,1.0977327235205532,4,"NJ"
141070,7.424736842105263,"NM",27556,2199,"27556_20181231",0,3.0030209941871697,19,10.41029365376292,1.293321011711033,4,"IL"
101277,2.665184210526316,"NM",27560,1459,"27560_20181231",0.4263994372101704,2.638451334770353,38,11.265517514034949,1.269482672856906,4,"AL"
97512,24.378,"SI",27567,448,"27567_20181231",1.116774672779898,0.7923435251686203,4,7.582962674482957,0.2405142632246403,5,"MD"
868681,6.2495035971223025,"N",27572,16326,"27572_20181231",0.8227782289537383,2.9844964693932012,139,8.57139136847513,0.9196413539409282,4,"CA"
17721,,"NM",27575,0,"27575_20181231",0,0.21002440824203894,0,97.07893101305159,1.11823806550491,8,"DE"
3795730,7.826247422680413,"N",27589,61970,"27589_20181231",1.3410095674549944,2.5652593567341277,485,10.716515552239404,2.310768475167784,4,"IL"
2944735,8.023801089918257,"NM",27599,28048,"27599_20181231",0.20146079668438027,2.131138545535191,367,10.425811635471687,1.3223446601312818,4,"MD"
506834,4.607581818181818,"NM",2759,7162,"2759_20181231",0.15803364009418805,2.9451165533166326,110,8.449229120491026,0.8016305558322824,4,"KY"
193864,3.8012549019607844,"NM",275,3097,"275_20181231",0.2029671550219495,3.28664748319173,51,9.001575586698731,0.8114337147299083,8,"KY"
4184575,9.846058823529411,"NM",27614,27256,"27614_20181231",0.961075664796814,2.6687649033397114,425,9.351403998705972,1.160275859652221,4,"NJ"
903360,7.92421052631579,"SB",27619,11850,"27619_20181231",0.07714390985292763,2.086330085305589,114,25.765490054265694,0.2599135508805296,5,"NC"
241128,3.9529180327868856,"SB",27643,3447,"27643_20181231",0.31957760177851885,2.8441204511142564,61,15.402555305310573,0.4813256602211738,5,"OH"
425956,7.8880740740740745,"SB",27654,5939,"27654_20181231",0.207517346205072,2.5228456767047813,54,11.470030287429093,1.1457319700597264,4,"LA"
130190,3.8291176470588235,"NM",2765,2014,"2765_20181231",0.22965068380293294,3.043748142870255,34,14.546687345590012,1.715171135964455,4,"KY"
459356,4.548079207920792,"SB",27664,9874,"27664_20181231",2.2629533923081273,3.325091266861715,101,8.486001763348057,-0.165272851237173,5,"IL"
3409271,6.255543119266055,"SM",27677,48741,"27677_20181231",0.35577615047405287,2.5992265527639367,545,10.676096245563567,0.8912108230211966,4,"NC"
433637,5.042290697674418,"SI",27678,7539,"27678_20181231",0.8937144345052429,2.936579823035258,86,11.277044248576125,0.8787501709677203,4,"TX"
211197,5.866583333333334,"N",2767,3087,"2767_20181231",0.14826572706896102,2.7839329484345994,36,13.329916009066883,0.8478036959076856,4,"KY"
224557,5.613925,"SB",27683,3443,"27683_20181231",0.07913505386129603,2.641013225056974,40,20.06629923594173,0.29008942572955493,5,"IL"
402332,22.351777777777777,"SI",27686,2627,"27686_20181231",3.0673901319627115,1.0426528680095328,18,15.187533281757077,1.2477147334399792,8,"PA"
424105,5.731148648648649,"SB",27697,5150,"27697_20181231",0.2920311911538628,2.1582781746915587,74,17.30815530923873,0.6527185262600823,5,"LA"
251425,3.7526119402985074,"N",2769,3902,"2769_20181231",0.5480432618640182,2.880508918042749,67,15.573327612373166,1.2981782901183312,4,"KY"
104301,13.037625,"SB",27704,1048,"27704_20181231",0,1.6340057305271394,8,22.01546249249278,1.3655071363090647,4,"NC"
215147,5.003418604651163,"SI",27711,3107,"27711_20181231",0.15481719661783971,2.8986899843054355,43,14.45475519573664,0.8149276814598233,4,"PA"
49122,6.14025,"SB",27716,745,"27716_20181231",0.23002254220913648,2.544496507217273,8,28.285805831464273,0.49988843691536655,5,"LA"
147776,4.478060606060606,"SI",27723,2489,"27723_20181231",2.410229677102818,3.5392169832610914,33,10.325511963941507,2.313564663859988,4,"IL"
118868,5.1681739130434785,"SB",27727,2042,"27727_20181231",0.03768563117543839,2.972779978577622,23,12.983287817110664,0.6239692605879252,2,"KS"
159005,3.975125,"SI",27742,2703,"27742_20181231",0,3.144702732455988,40,10.295892960438621,0.7038359056859886,4,"IN"
2044013,3.984430799220273,"NM",27744,32339,"27744_20181231",0.6071743389161011,3.0514604536053915,513,9.20459724314834,0.9909419292582433,4,"IN"
194043,5.70714705882353,"SL",27752,2698,"27752_20181231",0.8076935787699527,4.016265065801822,34,13.460652269537714,0.9107944527694614,5,"LA"
971332,6.147670886075949,"SI",27757,12453,"27757_20181231",0.3721927058409714,2.242060109056689,158,11.326285698022636,0.9223995750527085,4,"PA"
348886,9.968171428571429,"SI",27760,2406,"27760_20181231",0.2620745506490001,1.0529433055838902,35,9.23097813525632,0.7525481114531413,5,"PA"
403024,4.198166666666666,"SI",27763,6327,"27763_20181231",0.844376015836335,2.9177602083222443,96,10.060419502143302,0.6448654380785875,5,"PA"
148326,4.362529411764705,"SB",27767,2266,"27767_20181231",1.3714712631410428,2.6655578588760864,34,14.320231089034069,0.60529120935041,4,"IL"
2231157,3.935021164021164,"SB",27774,41745,"27774_20181231",0.19608416396063802,4.026827028153894,567,11.09511441072901,0.6247621322741157,5,"ND"
419438,4.19438,"NM",2777,6671,"2777_20181231",0.05806526535826269,2.610723043496742,100,12.449918274597353,1.1725901196579358,4,"AL"
403114,6.2986562500000005,"SI",27799,5693,"27799_20181231",1.354104433026646,2.6892722960350945,64,16.676444298968942,0.7401693614778434,5,"PA"
145914,3.104553191489362,"N",2779,2972,"2779_20181231",2.8044916648940337,3.7000444737182843,47,12.058572024225978,0.6368467570777953,4,"AL"
262633,5.050634615384615,"SB",27806,4779,"27806_20181231",0.7729348348554557,2.8635759359517556,52,11.138466214547597,0.5274409596012835,5,"OH"
3356129,3.7002524807056227,"SM",27811,60897,"27811_20181231",0.33824387255911403,3.4568588997193506,907,9.441407018336259,1.3503547385655315,4,"MI"
439089,7.840875,"SL",27824,5937,"27824_20181231",0.46623250912131786,2.4254808574445286,56,15.321389202713274,0.3279497242853274,5,"NH"
181531,5.1866,"SB",27831,2180,"27831_20181231",1.177373667481134,2.165375011540531,35,14.810073266163446,0.41917330534599834,5,"IL"
36958,7.3915999999999995,"SB",27841,430,"27841_20181231",0.10320361212642441,2.075891458294165,5,27.823706105957097,0.796411188402164,5,"KY"
37751,6.291833333333333,"NM",27847,686,"27847_20181231",1.4787526591604836,2.920892494929006,6,17.712714331931416,0.3705206220419202,8,"OH"
228243,7.870448275862069,"NM",2784,1742,"2784_20181231",0,1.377384084683872,29,16.837000266609113,1.6015790289355138,7,"AL"
1127573,12.813329545454547,"N",27861,8210,"27861_20181231",0.355610856143041,1.5665004810733902,88,13.347234485222389,0.9634542993354256,4,"PA"
88677,3.694875,"N",2786,1400,"2786_20181231",0.6852191174225073,3.1885633165494753,24,16.203928645797184,0.6277310737972185,2,"AL"
819920,5.092670807453416,"SB",27872,11250,"27872_20181231",1.1602083751854104,2.8998823703446264,161,9.375512532098279,0.8310871131408252,8,"NM"
103640,2.801081081081081,"NM",2787,2066,"2787_20181231",1.769897278441333,3.5620550936172757,37,14.683191622231831,1.3029401208350782,4,"AL"
535557,5.821271739130435,"SB",27884,5905,"27884_20181231",0.7252559726962458,1.6882029926306978,92,16.74825834936194,0.42089088570808214,5,"WV"
40502,8.1004,"SI",27897,626,"27897_20181231",0,2.7951240050931117,5,12.420366558855239,0.2891507591475633,5,"NC"
86881,6.6831538461538464,"SB",27898,1348,"27898_20181231",1.9989176166617204,2.3270445965774615,13,20.22689094967439,0.44405780247036963,6,"MO"
109375,5.208333333333333,"SB",27909,2156,"27909_20181231",0.17731517196117488,3.3846243696604787,21,10.633532998758836,-0.8158140163053298,4,"IL"
113985,4.5594,"SB",27910,2321,"27910_20181231",2.1863098301595474,2.922305080118087,25,22.414982410153826,0.39077831436323607,4,"IL"
165605,6.900208333333333,"SB",27918,2214,"27918_20181231",0,2.3339435225646845,24,16.08305651824581,0.7238677678341029,5,"MA"
418278,4.6475333333333335,"SB",27932,6485,"27932_20181231",1.4600531511984696,2.9291784192342214,90,8.387198181532398,0.6803898633917235,4,"MN"
638378,8.39971052631579,"SI",27943,7156,"27943_20181231",0.17849718562108224,2.094540350067543,76,11.511201474528283,1.1833968698071151,4,"PA"
33031,4.718714285714285,"N",2794,519,"2794_20181231",0,2.408135182097002,7,14.92992435348619,0.6180685939522571,7,"AL"
72394,4.021888888888889,"NM",27955,1236,"27955_20181231",2.6579017163641874,4.0687349402613,18,11.362388092491898,0.2390103858350217,5,"IN"
181135,3.6227,"SB",27965,2740,"27965_20181231",0.04743953041190163,3.095949219038827,50,11.06841445697619,0.5282214788408927,4,"OH"
56497,3.5310625,"SB",27969,1613,"27969_20181231",1.8637514256307546,5.750682579337763,16,14.979868950817085,-1.3709596330700988,6,"OH"
9321162,12.613209742895805,"SB",27981,47523,"27981_20181231",0.175749769481852,1.0856865436453793,739,12.558568261607661,1.0014389373762793,5,"KS"
292679,5.419981481481482,"SB",27989,4356,"27989_20181231",0.6304652196148461,2.8228838071449123,54,15.157715081122106,0.7551360599247866,6,"IL"
933263,5.690628048780488,"SB",27998,9726,"27998_20181231",0.552279595189324,1.938537537907019,164,11.244186462604139,1.8016503336075371,5,"OH"
91457,9.145700000000001,"SB",28035,1378,"28035_20181231",0.3975355728326243,2.5656585583421965,10,19.980650362805697,0.1501012111023433,5,"NC"
116811,2.781214285714286,"N",2804,2442,"2804_20181231",0.5607048861425793,3.7847671436980965,42,14.755196148238564,0.8780127644431436,8,"AL"
149451,4.270028571428571,"NM",2805,2435,"2805_20181231",0.18484107579462103,2.998250243818484,35,10.027595815081247,1.445700189317882,4,"AL"
133913,4.959740740740741,"SB",28060,2085,"28060_20181231",0.3581029992438881,2.555221587929901,27,12.992971495509567,0.3810677281421471,5,"OH"
70446,3.5223,"SB",28063,767,"28063_20181231",0.13855035279025016,2.3318326156614932,20,15.205616286104192,0.6921952105859721,5,"OH"
406773,6.560854838709678,"SI",28068,4502,"28068_20181231",0.21634542648794214,2.1604185366847215,62,9.795079483709374,1.1131294806422047,4,"IL"
221760,6.72,"SL",28080,3265,"28080_20181231",1.8046666613266265,2.3110306887399377,33,15.232721506692748,0.5479481979603948,5,"OH"
29843,5.9686,"NM",28085,328,"28085_20181231",0.40376211286338587,1.916246347155401,5,11.967115295365643,1.0026074637795221,5,"OH"
16190394,8.47664607329843,"N",28088,128499,"28088_20181231",0.4347767301071689,1.704412188198372,1910,10.584532117786935,1.2994980878912326,4,"WA"
2150164,4.7887839643652566,"N",28094,35801,"28094_20181231",1.5821144905075553,2.895645138775602,449,11.152840830260809,1.4605126843216203,4,"LA"
30737643,9.798419827861014,"SM",28100,346225,"28100_20181231",0.6153844658230139,2.3755747805662137,3137,9.379708023320275,1.2668950702463904,4,"LA"
117812,6.545111111111111,"SB",28103,1408,"28103_20181231",0.07811467233899363,1.8144972040819063,18,27.65079045413352,0.40731900285626166,5,"IL"
321169,3.6496477272727272,"N",28105,5574,"28105_20181231",1.2875878523433102,2.9155418815152916,88,9.739427726614716,0.9219482955839695,8,"IL"
1890746,14.323833333333335,"SI",28116,16100,"28116_20181231",0.17398901610183817,1.3197060286812128,132,25.00740953173453,1.1753389916070278,5,"WA"
261336,3.3504615384615386,"NM",28151,9205,"28151_20181231",3.0606432905445797,4.5964925725485966,78,11.39560264824077,2.314644935155521,4,"IL"
206680,4.305833333333333,"SM",28155,3658,"28155_20181231",0,2.951393198905378,48,12.448637517360279,0.33371463054591705,4,"NH"
92552,3.7020800000000005,"SL",28157,2022,"28157_20181231",1.3763297017094787,3.8593347519319074,25,23.330913570470095,0.33598387277410685,4,"OH"
181008,3.480923076923077,"SM",28167,3522,"28167_20181231",2.5299990244219703,3.595906013522934,52,8.350263669164585,0.10978189630660767,4,"CT"
9701569,4.559007988721804,"SI",28178,161941,"28178_20181231",0.8968072369642186,2.9759524202461765,2128,10.239661618943922,1.1468973879344049,4,"PA"
143399,3.773657894736842,"SI",28186,2144,"28186_20181231",1.763134306277141,2.85749773813775,38,13.549310269477749,0.40438286094169695,4,"PA"
129306,4.171161290322581,"NM",281,2018,"281_20181231",0.4670311997426825,3.175461434239663,31,9.196473649462115,0.9384176138095067,4,"KY"
275571,4.374142857142858,"SB",28208,4666,"28208_20181231",0.9797201277314297,3.127069220662062,63,16.958714104042823,0.8580553510509233,5,"CO"
319354,3.942641975308642,"SI",28211,4227,"28211_20181231",0.697304330060967,1.9471352032316667,81,7.956138237180683,0.5338281681303368,2,"IL"
365475,6.411842105263158,"SB",28213,6505,"28213_20181231",0,2.8128006901357043,57,9.320132049731722,0.35280975922669405,4,"MA"
61587,2.46348,"SB",28217,2340,"28217_20181231",0.2763610783106801,6.500531806282324,25,13.789209978476414,-0.3763786582634163,5,"OH"
331061,12.261518518518518,"SI",28222,2978,"28222_20181231",0.3579801051764557,1.5491824400869343,27,10.03541948161768,0.35766726794474724,5,"NJ"
73658,5.666,"SB",28246,1194,"28246_20181231",0.060799513603891166,2.7533336932462347,13,18.61023710529273,0.780111213086433,5,"KS"
646670,3.653502824858757,"NM",2824,10064,"2824_20181231",1.1387915337901129,3.27410178980859,177,10.933408639854408,1.209813489646222,4,"AL"
1858718,7.12152490421456,"SI",28262,22837,"28262_20181231",0.7937468669352592,2.106131706186065,261,9.399076429665175,0.6242294923651974,5,"PA"
664284,7.0668510638297874,"N",28263,7843,"28263_20181231",0.06553364726905474,2.547908502213167,94,10.125382851513956,0.9450270506065155,4,"OH"
58656,3.2586666666666666,"SI",28266,1125,"28266_20181231",0.020809489127041933,3.800755749383753,18,10.551379298615599,0.05756155700625728,5,"WA"
247934,4.678,"SB",28277,3288,"28277_20181231",0.9998032851381922,2.3535050634155934,53,14.442661549129966,0.5374758299741095,5,"MO"
77995,4.587941176470588,"SB",28288,1305,"28288_20181231",0.654607089628569,3.2828209964142103,17,9.195342483575098,0.4367476595309357,5,"ME"
128317,3.2079250000000004,"NM",2828,2121,"2828_20181231",1.411102671359644,3.1108065995513368,40,9.549245108192075,1.5865824067744703,4,"AL"
391388,4.3009670329670335,"NM",2829,4886,"2829_20181231",0.2084979369677816,2.3422361613296308,91,10.14166036801673,1.3205470176770358,8,"AL"
71681,4.216529411764705,"SB",28302,2811,"28302_20181231",2.857582105040644,5.762239737418157,17,18.435731333106034,0.0718301594142555,4,"IL"
76038,4.224333333333333,"SI",28314,1067,"28314_20181231",0.10938425778223416,4.397297307403239,18,25.643482426723573,-0.28791827607997394,8,"NC"
104618,3.7363571428571434,"SL",28315,2010,"28315_20181231",2.147348019287133,3.808537545074057,28,11.52459475917531,0.13018131418526074,5,"CO"
824014,2.4023731778425654,"SI",28316,36854,"28316_20181231",0.6479395449911661,6.802913371605309,343,16.264843121868193,0.49788223390428304,4,"LA"
535224,6.607703703703704,"NM",2832,5853,"2832_20181231",0.1678721684524673,2.2759000686590656,81,12.691723143251501,1.5398658956974027,4,"AL"
23708028,4.5046604598137945,"N",28330,482946,"28330_20181231",0.591567854156257,4.34514493219943,5263,9.97042987183215,1.3269260716033502,4,"SD"
2197497,4.829663736263736,"SM",28332,24250,"28332_20181231",1.1234825597363363,2.4221145218389704,455,10.697604527980566,1.370165352804967,4,"MO"
198060,3.667777777777778,"SB",28346,3528,"28346_20181231",0.42982674053832337,3.5354547174641335,54,11.530293566520925,0.4819303927788351,4,"OH"
379523,6.658298245614035,"NM",28348,3453,"28348_20181231",1.6973532796317605,2.163877741793283,57,17.503295889967387,0.5916438031005374,5,"OH"
98767,8.230583333333334,"SB",28349,988,"28349_20181231",1.8319160484892345,1.8500549581070256,12,12.473127044127686,0.2727774176534298,8,"OH"
7517345,8.843935294117648,"N",28359,81870,"28359_20181231",0.47028145047408787,2.6955219104491777,850,10.013612276135227,1.0617247277279849,4,"NJ"
849548,4.85456,"NM",28362,16781,"28362_20181231",0.12966810225371658,3.2274130722728582,175,8.847523447353698,1.4560019022635549,4,"NM"
412488,7.782792452830189,"SB",28368,7164,"28368_20181231",0.37923877088355457,2.5771505699975825,53,10.117969433751593,0.35946013932077936,4,"MA"
75754,3.4433636363636366,"SB",28369,1564,"28369_20181231",0.7072830206047961,4.022592235467762,22,11.759735132364552,0.041747693103281094,4,"ME"
821445,4.346269841269842,"SM",28380,13193,"28380_20181231",2.196064757759569,3.009952834976252,189,7.607321171677607,0.6609622810693636,4,"NY"
94279,3.6261153846153844,"SB",28384,1956,"28384_20181231",0.03712592317585754,3.9864362937602453,26,11.17216709226277,-0.2199907092295823,4,"IL"
175171,3.892688888888889,"NM",2838,3328,"2838_20181231",1.3081846759837896,3.0416011474654425,45,9.674645504667593,0.4442229468777867,4,"AL"
86342,0.7379658119658119,"SB",28390,12661,"28390_20181231",0,44.15029024476362,117,94.95356410565674,11.677691276360914,7,"MO"
693267,4.387765822784811,"NM",28396,9280,"28396_20181231",0.6207917875878717,2.2179036893064086,158,11.07033532514815,1.084387156016903,4,"SC"
841135,7.251163793103448,"NM",28400,12183,"28400_20181231",0.02754937387124093,2.622343108814364,116,9.572124093929052,0.7403772417011657,4,"WI"
318239,6.11998076923077,"SI",28401,4226,"28401_20181231",4.428683122975539,2.1449944885348216,52,23.768150627773178,0.23836633154215758,5,"IL"
1242429,6.18123880597015,"SI",28405,18462,"28405_20181231",0.19782914568261933,2.647280655313783,201,11.474069465877049,0.6104824399211453,4,"WA"
177364,3.4777254901960784,"SB",28425,2729,"28425_20181231",0.7654799039116561,2.574649160693466,51,10.727652365756608,0.8268864536082012,5,"IL"
167316,2.698645161290323,"SB",28445,4297,"28445_20181231",0.9280927296083489,4.357418643132928,62,10.12674255945203,0.6438877115568845,4,"IL"
1197613,4.0597050847457625,"SI",28453,16438,"28453_20181231",0.18284457865824277,2.9140835435255887,295,11.743167998588033,1.8268822214887812,4,"WA"
52695,3.2934375,"SL",28463,920,"28463_20181231",1.4780655078633085,3.3359094693533153,16,15.815367606412384,0.6048319351261747,5,"OH"
223533,7.4511,"SI",28471,2632,"28471_20181231",1.4420312292652717,2.1157873597842616,30,20.679909381022537,0.8324188828642741,8,"NC"
73874,6.156166666666667,"SI",28478,1007,"28478_20181231",0.09350499892109618,2.239020690015956,12,16.945543878804422,0.1674034160759593,5,"IN"
23190,3.865,"SL",28480,431,"28480_20181231",6.500302980223655,3.9743481562737317,6,8.623381006623635,0.09703822462239474,4,"WI"
297222,9.587806451612902,"SB",28481,3877,"28481_20181231",0,2.0449204402296215,31,14.930299696165223,0.6761001585544619,5,"MA"
11584693,5.433720919324578,"NM",28489,182557,"28489_20181231",0.18249661460069824,3.2043290538248432,2132,10.509808578153853,1.3616924532922619,4,"WA"
78621,3.7438571428571428,"NM",284,1131,"284_20181231",1.5051459482243843,2.8826504257200956,21,9.678859300071421,1.8608718001698346,8,"KY"
54062,4.914727272727273,"SB",28507,747,"28507_20181231",1.1665239726027397,2.644959755569236,11,13.914524794548754,0.28121698550592455,5,"KS"
463027,5.5122261904761904,"NM",2850,6197,"2850_20181231",0.39634553241742465,2.2704615285839362,84,14.529351676772945,1.2711154461305187,2,"ID"
1911865,2.153001126126126,"SI",28513,98469,"28513_20181231",0.43103363245949566,7.094375580495874,888,20.07680466559215,1.6446334745706004,4,"WI"
333918,4.281,"SI",28515,5543,"28515_20181231",2.1641765914218682,3.0652262200484857,78,11.984293507583478,0.6668003797118276,8,"TX"
459448,4.375695238095238,"SI",28530,9179,"28530_20181231",0.3932070760553332,3.479450744325748,105,10.451849791376912,0.508942592974223,2,"WI"
844978,4.9126627906976745,"NM",28533,13451,"28533_20181231",0.692386773641155,2.8509421602482776,172,10.004206611550496,0.7545724755178546,4,"IN"
125986,4.666148148148149,"NM",28543,2074,"28543_20181231",1.2258476121035362,2.593458737901569,27,10.8180310994822,1.1507604286698443,2,"NE"
112482,3.7494,"SL",28555,2070,"28555_20181231",0.15045641812747396,3.6661951089624343,30,24.96504374014054,0.1920042893033686,4,"OH"
410169,8.916717391304347,"SI",28567,4198,"28567_20181231",0.022191400832177532,1.8493244536738906,46,14.609283463232387,-1.2250506913263048,5,"NJ"
79395,3.308125,"SB",28585,2582,"28585_20181231",1.4465635120546958,5.228442728442729,24,9.801551717415883,-0.9032744688482394,5,"NY"
494811,6.969169014084508,"NM",28589,7275,"28589_20181231",1.4983972839178346,2.46376487736453,71,8.907392720029197,-0.5694356725868375,4,"MD"
431375,3.535860655737705,"SI",28593,8324,"28593_20181231",0.4068777935071339,3.2683841705052847,122,8.55673026854125,1.0679198896213513,4,"MI"
662942,5.715017241379311,"SI",28599,11327,"28599_20181231",0.6137174383811518,2.9014605970813117,116,15.121868899713572,0.6007774398361174,5,"WA"
45154,5.017111111111111,"SI",28611,718,"28611_20181231",0,3.2865877525678573,9,7.752630755825645,-0.9268132471307031,5,"IL"
309808,3.037333333333333,"SI",28614,7167,"28614_20181231",0.49406485397180944,4.125084997582728,102,5.29971565227396,-0.2669480921891316,4,"WI"
91128,13.018285714285714,"NM",28635,820,"28635_20181231",1.4232119085078059,1.5477822491487199,7,11.49317056419005,3.0478509101657876,5,"KS"
63336,7.037333333333333,"SB",28637,593,"28637_20181231",0.6877911045683809,2.232299635075504,9,23.947372547789676,0.7726016520849557,5,"PA"
46802,5.85025,"SB",28652,686,"28652_20181231",0.1898339661132204,2.5751860449238753,8,17.908460823260924,1.1606472315149858,2,"OK"
46642,4.6642,"NM",28663,471,"28663_20181231",0.5193448265265357,2.494992050160344,10,18.470265000443145,0.7096467037359755,5,"OH"
64400,2.576,"SB",28667,1417,"28667_20181231",1.343664990520155,4.556078723620473,25,6.331616149514796,0.1570530685398068,5,"MI"
964540,4.404292237442922,"NM",28670,13503,"28670_20181231",1.6604236295253556,2.71797460065081,219,10.550515601598793,1.1957175272770628,4,"MO"
74898,3.7449,"SL",28677,1022,"28677_20181231",0.6022767384398164,2.9950074550489125,20,14.806082441453853,0.3013190501176703,5,"OH"
2031675,4.359817596566524,"SB",28679,37154,"28679_20181231",0.4689097568965346,3.196729216679529,466,11.534169569165096,0.6626714766263463,4,"WI"
215409,5.009511627906977,"SB",28684,3455,"28684_20181231",0.8634845532980795,2.9153397640036305,43,18.452047630727648,0.3574303985066897,4,"MD"
402279,7.314163636363636,"SI",28701,4215,"28701_20181231",0.5938662324084618,1.8750088182355062,55,12.48862296892019,0.7649189427792257,5,"PA"
53744,5.971555555555556,"SL",28703,702,"28703_20181231",0,2.408169208926426,9,20.664560532551054,0.8227456405402453,5,"OH"
916933,7.515844262295082,"SB",28706,11698,"28706_20181231",0.6734033503208008,2.0603724360862365,122,14.484081811289393,0.5788633756111917,5,"PA"
104424,6.5265,"SI",28708,1301,"28708_20181231",0.20775704097949274,2.436259039908338,16,10.656143518653348,0.2804542360566338,5,"NJ"
4409433,12.316851955307262,"SB",28710,34214,"28710_20181231",0.4280515350505521,1.5793919681139164,358,13.81344721837813,0.9571898898859179,4,"NY"
152719,15.271899999999999,"SB",28712,1611,"28712_20181231",0,1.9470956970956972,10,35.5045227646916,0.2920315420315421,7,"NY"
4343,2.1715,"SB",28722,127,"28722_20181231",4.952194165236578,3.966351392581615,2,13.330289888153391,0.06537941855903762,5,"IN"
34104,4.872,"SI",28723,474,"28723_20181231",0.728580651111316,3.0696740736610257,7,26.491273769210732,-0.1700727688404383,5,"IL"
265569,8.29903125,"SI",28729,3149,"28729_20181231",1.5497427910708386,2.3462052747348205,32,12.217702558266499,-0.008143853019740698,5,"NJ"
235008,4.519384615384616,"SB",28735,3745,"28735_20181231",1.1726506883791423,3.064577786706064,52,11.371360799943005,1.468505328576478,8,"KS"
447137,5.3230595238095235,"SI",28747,5175,"28747_20181231",0.41543115285876336,2.2306788189798565,84,16.447581661684733,0.3146081368726858,5,"IL"
6684943,11.916119429590019,"SI",28765,59788,"28765_20181231",0.4369642980712785,1.7888363957718714,561,13.597551701935304,0.5915475433933456,4,"NJ"
131583,5.060884615384615,"SB",28769,1547,"28769_20181231",0.3707615701321377,2.093517767498959,26,19.05672586095334,0.8322920548625878,5,"IN"
66957,4.463800000000001,"SB",28774,1090,"28774_20181231",4.81553804309924,3.022599923681862,15,27.13955741002906,0.02869102917590757,5,"IL"
54335,3.3959375,"SL",28776,1532,"28776_20181231",2.2366883658821566,4.079236759198716,16,16.045041269609897,0.36222730785234497,4,"MO"
565438,8.315264705882353,"SL",28778,6024,"28778_20181231",0.03938664255726729,1.8191556065545869,68,21.1930494203085,0.5860473261788554,5,"NJ"
435001,5.723697368421053,"SB",28780,5723,"28780_20181231",2.3502780897137754,2.08295277766147,76,15.017350531324091,0.3091990869424581,5,"MD"
840781,5.605206666666667,"SI",28788,14794,"28788_20181231",0.23271667332690815,2.8434705187266403,150,9.052880875333152,0.6546043126595987,4,"NJ"
66870,3.933529411764706,"SI",28790,1015,"28790_20181231",0.8436658281949113,3.0320892389857907,17,18.747053904052308,0.6847133283914894,8,"WI"
164572,4.1143,"SI",28793,2809,"28793_20181231",0.45195988408838855,3.083261594610059,40,10.91396597410608,0.076678814996572,8,"PA"
1172130,4.966652542372882,"SM",287,13931,"287_20181231",1.4525245309184123,2.512910955041299,236,9.27377393806484,1.008209461078664,4,"KY"
80029,7.275363636363636,"SB",28805,1221,"28805_20181231",0,2.9810743468099967,11,14.997230195900691,0.042293312581414624,5,"NY"
299816,3.7014320987654323,"SI",28807,5531,"28807_20181231",0.5976753933453701,3.1964962654601567,81,9.970593731252274,0.5511426303421211,4,"IN"
1582655,6.706165254237288,"N",28808,21910,"28808_20181231",0.1139414665122427,2.495405811695922,236,11.029899729362603,1.3053449859406767,4,"IL"
90502,5.323647058823529,"NM",28812,925,"28812_20181231",0.811535216161215,2.4202627124975207,17,19.938282187553575,0.27178043232409627,4,"AR"
470400,5.736585365853659,"SI",28818,6974,"28818_20181231",0.14277451145490888,2.5130594022405925,82,8.100240027193351,0.4913543223309747,5,"NJ"
6680371,10.933504091653028,"SB",28834,67110,"28834_20181231",0.05592972387080214,1.7127059547256547,611,12.59582900232601,0.8077105757145262,4,"NJ"
347432,7.238166666666667,"SI",28836,3988,"28836_20181231",0,1.7346889744141238,48,16.509641556664995,0.7047442098856392,8,"PA"
205735,3.881792452830189,"SI",28837,3907,"28837_20181231",0.4370512420282745,3.7659778844164804,53,8.118033050056688,0.5535040235287852,4,"VT"
394300,6.463934426229509,"SI",28841,6632,"28841_20181231",0.5323203741747097,2.484291737469108,61,16.366208939423245,0.340459681366216,8,"IL"
648447,2.6252914979757085,"SB",28845,16631,"28845_20181231",0.17257119524812886,4.264027957749244,247,11.606491654138237,0.9895158440334552,4,"ID"
409237,5.180215189873418,"SB",28859,6549,"28859_20181231",0.3041006173445717,2.9878002711934504,79,24.6562763247433,1.6256198281381098,8,"SC"
94534,5.908375,"SL",28860,1285,"28860_20181231",2.061972255729795,2.1972788831473724,16,14.022674784799497,0.23915250201556473,5,"CO"
786287,2.3126088235294118,"SB",28865,2402,"28865_20181231",1.5294460239726457,0.5479880414133234,340,12.069198331770815,0.12447373793876046,4,"MN"
4089332,18.587872727272728,"SI",28866,26482,"28866_20181231",0.3004147146829045,1.0044732775980985,220,12.251985234492599,1.301292440704761,4,"NJ"
251705,4.661203703703704,"SI",28868,4013,"28868_20181231",0.46678320582946436,3.0109198730407205,54,12.877031193084393,0.3662286906464928,5,"TX"
321789,4.596985714285714,"SB",28870,5223,"28870_20181231",1.1842696629213483,3.5124826845070594,70,9.102651628060526,0.3077964754042352,4,"NY"
26266236,13.623566390041495,"SI",28892,235746,"28892_20181231",0.5869634175821161,1.5859250952837904,1928,10.281966231243757,0.788285708151897,4,"NJ"
257313,3.7840147058823526,"SB",28894,5128,"28894_20181231",0.8441618568474335,3.7598311135242897,68,12.37930141271644,0.49798819253382387,4,"IN"
47968,3.9973333333333336,"NM",288,696,"288_20181231",0.7194558297723903,3.2810384980788796,12,10.467701159445559,0.8617718028266115,8,"KY"
1044399,3.3367380191693297,"SM",28905,23840,"28905_20181231",2.97344587261844,3.9811589221271744,313,12.25242945239294,2.552801092792268,2,"AR"
175982,6.285071428571428,"SI",28908,2706,"28908_20181231",0.1295702815396809,2.789120275849553,28,10.028590658850737,0.3476475658999138,4,"PA"
455448,5.3582117647058825,"SB",28914,7455,"28914_20181231",0.30237157380318064,2.825862256196563,85,11.951927043845837,0.9144758448679658,4,"OR"
364779,3.1998157894736843,"SB",28924,5867,"28924_20181231",0.8647270597557405,2.686250838510663,114,11.412487205731832,0.33704974788459463,5,"IL"
196182,5.4495000000000005,"SI",28925,2636,"28925_20181231",0.972009327802518,2.2999581064097194,36,11.067527386951802,0.5687054880603268,2,"IL"
263222,5.26444,"SM",28930,3525,"28930_20181231",0.1546671868686165,2.5946853832297982,50,9.848863667197717,1.8565678000352255,2,"MO"
390168,17.734909090909092,"SB",28934,2005,"28934_20181231",0.3158294520958682,1.0389846883804688,22,18.78685912983094,1.5862979468165288,4,"OH"
229939,7.18559375,"SB",28942,2201,"28942_20181231",0.3796432850954005,2.0011180624049736,32,11.867004119764015,1.008125536331687,5,"NY"
80697,8.966333333333333,"SB",28949,1011,"28949_20181231",0.8416220351951033,2.164979256363912,9,13.20313170050357,-0.11143275584226019,5,"MS"
339614,8.708051282051283,"SI",28963,2957,"28963_20181231",0.24977680068946653,1.7098582072913138,39,6.783347621585301,0.14405604538355132,5,"NJ"
51604,4.300333333333334,"SB",28983,690,"28983_20181231",1.132553657699517,2.624727924544407,12,10.618899901641825,0.45588400758901376,5,"WI"
130622,5.937363636363637,"NM",28989,1503,"28989_20181231",0.9532843991042548,2.756689240617498,22,16.333327768410157,0.2463943480551923,5,"IA"
196637,6.554566666666667,"NM",289,1945,"289_20181231",1.8242106305057904,1.9166451880550852,30,10.263650562158025,0.7947942006721864,4,"KY"
23143,5.78575,"SB",29005,344,"29005_20181231",0.5430268958027216,2.6203095187619247,4,18.277612055940807,0.7080771676913292,5,"OH"
824825,7.931009615384616,"SI",29009,11560,"29009_20181231",0.29075372812576505,2.1109916585133823,104,23.48993533818652,0.40822817852405574,5,"IL"
528522,3.8861911764705885,"NM",29011,7937,"29011_20181231",0.588991484814322,3.0778410448309543,136,8.167140780553812,0.7465221608017583,5,"OH"
5314350,6.1866705471478465,"NM",29012,83448,"29012_20181231",0.3898006272370795,2.9631658481143184,859,10.111041998378276,1.226627954855024,4,"WA"
121834,4.2011724137931035,"SI",29024,2140,"29024_20181231",1.0190793757275616,3.3945502324107335,29,11.797752808988763,0.7956106063807309,5,"IN"
366452,4.886026666666667,"SB",29035,5177,"29035_20181231",0.5775876980264341,2.677073961163183,75,18.33633936549879,0.9027310685802638,5,"WV"
711235,3.9078846153846154,"SB",29042,14237,"29042_20181231",0.44947986610811574,3.2949518668170206,182,11.001932031758896,1.2157984162015087,4,"MN"
820261,4.272192708333333,"SB",29047,17270,"29047_20181231",0.11716509227766665,3.7111771208764592,192,14.473733478114353,-0.17805076887202578,5,"MO"
71251,4.191235294117647,"SB",29049,978,"29049_20181231",0.6600979500183899,2.693937042260181,17,11.860966459488214,0.6022068865764886,5,"MN"
440355,4.077361111111111,"NM",29056,6949,"29056_20181231",0.12268485779410652,3.0155373852378595,108,8.225448129656229,0.4455430380651551,4,"IN"
1250647,8.068690322580645,"NM",29058,18754,"29058_20181231",0.07259693043551392,2.302609232820356,155,10.366162167230005,1.2946220646802764,4,"WA"
33034,5.5056666666666665,"SB",29059,550,"29059_20181231",1.3961168935148118,3.0477561795056394,6,15.203617217479252,0.167986561075114,5,"NM"
47519,5.939875,"SI",29061,537,"29061_20181231",1.5797317436661698,2.4113046108638345,8,14.649668194854403,0.5099174625124239,5,"NC"
23715,4.743,"SB",29065,453,"29065_20181231",0.40643797756462363,3.4744130092791226,5,21.257026060296372,-0.06730097838797332,5,"GA"
96419,4.017458333333333,"SL",29066,1919,"29066_20181231",0.7768016918822189,3.4303647974805354,24,8.817957946580792,1.0552445105415098,2,"CO"
382595,2.3047891566265064,"SB",29087,17821,"29087_20181231",1.1657964782964783,7.538206382163852,166,10.285336160917158,0.3039599347646715,4,"NM"
205728,5.714666666666667,"SB",29089,2216,"29089_20181231",0.9857716788655515,2.107278569514768,36,11.146442286524962,0.9089166730227272,5,"TN"
221417,3.752830508474576,"SB",29090,3497,"29090_20181231",0.10657484833579275,3.060740331161456,59,15.494611368779548,0.25638487058401577,5,"OH"
69973,4.3733125,"SM",29093,794,"29093_20181231",1.323124454295117,2.2055740362843483,16,13.272081306968753,1.155899700891734,8,"MO"
478681,3.86033064516129,"SB",29120,9505,"29120_20181231",0.41619857700743595,3.2784156958160118,124,7.52601294001168,-0.003982475431270649,4,"WI"
154942,3.162081632653061,"SI",29121,3475,"29121_20181231",0.7873516354081724,3.655391368108031,49,10.035888564715602,0.49710267429781857,4,"IL"
109270,5.751052631578947,"SB",29135,1531,"29135_20181231",0.3181809724057087,2.4222039661517716,19,20.86469116194029,0.5645669320346145,5,"OH"
592764,4.898876033057851,"SB",29140,12960,"29140_20181231",0.010072359833040563,2.9888654088999163,121,8.314778712923138,1.7189534274280351,2,"ND"
37580,4.1755555555555555,"SL",29143,719,"29143_20181231",3.0235233955510097,3.700433727499482,9,12.453654823581408,-0.5958325493431368,4,"MO"
860683,8.275798076923078,"SI",29147,13121,"29147_20181231",0.2459347797565018,2.690358505912532,104,13.270421497605724,1.5079237338527147,4,"NY"
180395,4.099886363636364,"SB",29164,3941,"29164_20181231",2.3147468584666635,3.962079234887282,44,15.729009314329351,0.19589939589314495,5,"GA"
127639,7.508176470588235,"SI",29170,1548,"29170_20181231",0.25448700776855077,2.6065559393383344,17,12.079263187273234,-0.05059636245884829,5,"NJ"
122185,4.5253703703703705,"SB",29173,1847,"29173_20181231",0.3189933551230333,3.194571041873826,27,10.134137074257806,0.697436747320738,4,"OH"
303106,4.096027027027027,"SM",29177,5237,"29177_20181231",0.7935197300169798,3.134941072076467,74,10.028102706987246,1.3721312299649817,4,"TN"
65695,5.053461538461539,"SI",29186,1041,"29186_20181231",1.712058417209394,2.898357027855309,13,22.583297801059878,0.6542671896659974,5,"TN"
348395,6.967899999999999,"SB",29188,4271,"29188_20181231",0.9108324180736125,2.1490818677219616,50,13.670972924127314,0.7823360695576406,4,"WI"
135414,3.563526315789474,"NM",291,2131,"291_20181231",0.9623486629118808,2.7337775088262393,38,27.040972299891884,1.4756012638019274,2,"KY"
128804,4.025125,"SI",29206,1962,"29206_20181231",0.32942468332091457,2.7331352502460216,32,11.92685088952742,1.1676143645045232,5,"TX"
110965,3.6988333333333334,"SI",29208,2127,"29208_20181231",0.6646308604275193,3.205761646591708,30,11.793607403834129,0.4006089255668617,5,"TX"
8305036,97.70630588235294,"SI",29209,26634,"29209_20181231",0.11299381326198049,0.7355171019192988,85,9.451256430212448,1.433598323884819,4,"TX"
92440,8.403636363636364,"SM",29224,1804,"29224_20181231",4.876815867704936,2.97612711766985,11,10.358791874515626,0.18733847378751559,2,"IL"
365470,5.991311475409836,"SI",29227,3782,"29227_20181231",0.5471393782219552,2.2824401539001182,61,16.975358263006875,0.6561844703372931,4,"IL"
81990,4.555,"SB",29231,1376,"29231_20181231",0.5565304587615943,2.7924383456482103,18,6.815042768179505,0.4162268496305537,8,"PA"
88211,6.785461538461538,"SB",29238,1075,"29238_20181231",2.5427109530829934,2.3341526104056434,13,33.61565200546701,0.31594262212138047,5,"SC"
106799,4.449958333333334,"SB",29241,1610,"29241_20181231",3.2146718247300483,2.3478519789830723,24,21.0229156688649,0.969101565173005,5,"TX"
98070,6.538,"SB",29268,1305,"29268_20181231",0,2.294839882762725,15,12.226792882985578,0.30168349617424417,5,"LA"
164210,4.9760606060606065,"SI",29281,2217,"29281_20181231",0.05707966180300382,3.1278114985488643,33,8.413182391186899,-0.10223631086778182,5,"PA"
141156,7.429263157894737,"SB",29293,1346,"29293_20181231",0.2521194249907851,2.060991908102718,19,11.533334278785471,0.9679862668776157,5,"WI"
581840,7.095609756097561,"SB",29294,5680,"29294_20181231",0.24633028985661293,1.4955498273430279,82,23.18804521387636,0.7187285529778599,5,"WI"
736192,3.895195767195767,"SM",292,12207,"292_20181231",0.3611039938949646,2.9842425342498764,189,10.588566148407056,1.4034790044670626,4,"KY"
145137,7.25685,"SB",29313,1562,"29313_20181231",0.5973924039593599,2.0394580257875288,20,13.80034428516309,1.2812528058581332,5,"KY"
297200,6.191666666666666,"SB",29331,5307,"29331_20181231",0.5397011918751049,3.3067051501353633,48,12.990279730781307,0.23829895955656036,4,"GA"
245835,3.841171875,"NM",29332,3960,"29332_20181231",0.12277128268087838,2.796333156174338,64,9.710095611181197,0.9357294955831831,4,"AL"
162129,4.053224999999999,"SB",29345,2425,"29345_20181231",1.097836992789976,3.0423402617398,40,12.49653967531389,0.27713625866050806,5,"OH"
99653,3.11415625,"SB",29357,2142,"29357_20181231",1.5634380308855649,4.238046414292722,32,12.434397757891205,0.7231837771036016,5,"GA"
16994,2.832333333333333,"SB",29379,441,"29379_20181231",0.6054490413723511,5.37659933059558,6,9.245527306967984,-1.7269209770456002,5,"NE"
148223,6.444478260869566,"SB",29384,1628,"29384_20181231",1.07791765906771,2.3449461404761,23,13.721911168536408,0.6041147913454256,8,"IL"
139084,5.349384615384616,"SB",29399,2073,"29399_20181231",1.5729364616455626,4.273147313676269,26,8.578925835531791,-0.8697232272520115,7,"IL"
75016,5.7704615384615385,"SB",29426,904,"29426_20181231",0.4440697020798201,2.0832497626592854,13,16.30277345635964,0.9613970342439194,5,"MN"
62912,8.987428571428572,"SI",29430,455,"29430_20181231",0.39566519021691554,2.2235358466592605,7,8.249131162311752,0.061151482413852855,5,"PA"
40859,4.539888888888889,"SB",29449,933,"29449_20181231",2.9105669991795136,3.95341695143293,9,10.884690618268253,0.007312115199937602,5,"IL"
140690,5.21074074074074,"NM",2945,2747,"2945_20181231",1.8951328025052034,3.797036895817627,27,11.34612174493657,1.5020610010081141,4,"WA"
85575,12.225,"SI",29471,522,"29471_20181231",0.5540829099477211,1.1827080881448313,7,14.71158422622848,0.26462948390286706,5,"PA"
282020,3.9169444444444443,"SB",29476,5870,"29476_20181231",0.6056345045588667,3.8394253025711844,72,12.412329239309882,0.4865466279814397,4,"NE"
31339,5.223166666666667,"SB",29486,326,"29486_20181231",1.931878190459426,2.4016222039161015,6,17.377038735983692,0.7318927824599202,5,"SC"
1960015,4.633605200945627,"SB",29488,30017,"29488_20181231",0.29514467493552154,2.733509893595174,423,10.047203405945721,0.217078796833845,5,"OH"
22128,5.532,"SB",29490,313,"29490_20181231",0,2.706144539955428,4,7.810689287535346,0.6521448891353688,5,"WV"
113111,7.540733333333334,"SB",29495,1383,"29495_20181231",0.3762671807948256,2.2558771303049814,15,21.451745129162234,0.38644386748070436,5,"OH"
195411,4.2480652173913045,"SB",29496,3008,"29496_20181231",0.7786543518696684,2.7789493114065165,46,10.274924206035626,0.5145804961650606,5,"NY"
7879,3.9395000000000002,"SB",29501,146,"29501_20181231",0,3.003041054232134,2,21.904024767801857,0.10136847440446022,5,"IA"
309070,3.679404761904762,"SB",29510,7260,"29510_20181231",0.7889137762126097,4.092316767438431,84,19.81332257182655,0.5898834980091432,4,"GA"
89601,4.715842105263158,"SB",29517,1509,"29517_20181231",0,2.916819864729673,19,18.730679312599026,0.6680148096211234,5,"MT"
1175716,6.4599780219780225,"SI",29520,15038,"29520_20181231",0.1646978043045588,2.406231240874149,182,12.169490572929838,0.7893156191224369,4,"PA"
105422,5.020095238095238,"SB",29521,1326,"29521_20181231",0.2195949257886791,2.920225612208526,21,21.34177239394606,0.2411282897809259,5,"OH"
1093760,4.839646017699115,"SI",29523,16412,"29523_20181231",0.8529018081153399,3.2004803882616466,226,8.385989939534646,0.8920951356673227,4,"IN"
26588,4.431333333333334,"SI",29532,306,"29532_20181231",0.03330557868442965,2.461982411139611,6,18.662146203954137,0.271008916575058,2,"IL"
108966,4.35864,"SI",29535,1466,"29535_20181231",0.4298114538036635,2.6274962567423734,25,13.3386134923593,0.8108888207385492,8,"IL"
308730,4.474347826086957,"SB",29537,5361,"29537_20181231",3.2769567192402365,3.3422647579089233,69,15.867106960499319,0.6668485040532355,4,"WY"
4679144,4.525284332688588,"NM",29546,59159,"29546_20181231",0.31600422927432203,2.4768841935485293,1034,12.19451766129537,1.604684085816673,4,"MO"
220857,4.089944444444445,"NM",29548,3667,"29548_20181231",0.26218942470873136,2.846497992640432,54,12.854471515195526,1.2249440199232349,4,"AL"
798296,4.958360248447205,"SB",29566,10873,"29566_20181231",2.800142892473414,2.9660001483800684,161,8.217019216072604,0.9452557608027896,7,"IN"
132110,7.339444444444445,"NM",29571,1142,"29571_20181231",0.3118093695980394,2.04512692553831,18,26.183086496014944,1.0003426052218207,4,"OH"
119546,5.197652173913044,"SB",29577,1982,"29577_20181231",0.09867651397239093,3.0165794066317626,23,15.60050052350673,0.5663176265270506,5,"LA"
97237,4.227695652173914,"SB",29578,1581,"29578_20181231",0.7403341355965601,3.225528191794158,23,12.276806365066149,0.401522293216019,4,"OH"
36183,4.020333333333333,"SB",29582,666,"29582_20181231",2.2178250474070413,3.708565984224054,9,17.45120234118329,0.14679163343082513,7,"SC"
953855,8.015588235294118,"SB",29613,9866,"29613_20181231",4.317182885790811,1.9914932819959497,119,25.036206498688003,0.7027388561076215,4,"MD"
90935,3.2476785714285716,"SB",29617,1423,"29617_20181231",2.7140194551535735,4.170882436435897,28,8.249385821588518,-0.18197567349196758,5,"OH"
424418,4.715755555555556,"SB",29624,7079,"29624_20181231",0.0800348470307426,2.735831623635993,90,14.763512337730136,0.8251560049466717,5,"OR"
12150,4.05,"SB",29627,204,"29627_20181231",0,3.11405819105754,3,49.35829314150249,-2.4943451182102687,5,"PA"
514545,5.847102272727272,"SB",29632,8249,"29632_20181231",0.8298979557679581,2.7851201531489957,88,11.715260840644897,0.7089174394505421,4,"CT"
134013,3.828942857142857,"SB",29636,2400,"29636_20181231",2.9044344567986022,3.440085183061676,35,16.606642055322894,0.9040655130687694,5,"ME"
253002,4.438631578947368,"SB",29637,4388,"29637_20181231",1.3961065555120726,2.7406130876875223,57,10.336999756635667,0.7531948282772241,8,"WY"
119497,3.73428125,"SI",29645,2761,"29645_20181231",0.25007748127090657,3.684518776192911,32,11.592487174966205,0.9915963266208592,4,"IL"
38498,9.6245,"SB",29646,304,"29646_20181231",0.2331754914621897,1.6241552212775234,4,18.989749550882383,0.5422934379768912,5,"MS"
789322,8.579586956521739,"SI",29657,11405,"29657_20181231",1.2255962041632587,2.1098064649771344,92,15.505881272996632,0.6700924824154532,5,"WI"
97204,4.628761904761905,"SB",29661,1823,"29661_20181231",0.43358933554740653,3.4832392125838463,21,8.460929525238006,0.27983739974246546,5,"ME"
378629,4.854217948717949,"SB",29670,7296,"29670_20181231",0.9390389133863336,3.1444387934744333,78,10.752792617775619,1.4651769840338362,4,"LA"
488348,6.599297297297298,"SB",29672,6774,"29672_20181231",2.1566551997883034,2.3115999666200775,74,14.548775198975447,-0.4265212355570355,5,"PA"
664274,6.266735849056603,"SB",29675,9471,"29675_20181231",0.0789117766337235,2.593077059584493,106,11.340808169510092,0.5101186598082305,4,"IL"
153415,3.835375,"SL",29676,2747,"29676_20181231",0.916197298221106,2.7632984133441822,40,14.12430450177036,0.918556753458096,5,"WI"
61805,10.300833333333333,"SI",29677,632,"29677_20181231",0,1.9461699108409865,6,12.651362467023874,1.0676323328603177,2,"IL"
143546,3.6806666666666663,"SB",29679,3225,"29679_20181231",0.615440921524059,4.169823005424296,39,10.438645197112715,0.36493726949511485,4,"LA"
2152413,5.262623471882641,"SB",29683,31480,"29683_20181231",0.8890033489713295,2.2627728538120575,409,19.05303070830575,0.6498545969946509,9,"TN"
39634,6.605666666666667,"SB",29685,469,"29685_20181231",9.827387802071346,2.355276411684541,6,16.532553035844916,0.24194663348541404,5,"VA"
334151,4.455346666666667,"NM",29690,4617,"29690_20181231",1.0986708301661976,2.748369886456828,75,11.256878754091284,1.330704933201707,4,"IN"
76476,4.248666666666667,"SI",29691,1204,"29691_20181231",1.4885898186073727,2.7511883405135724,18,14.749930481070988,0.061544908140950934,5,"WI"
318389,3.423537634408602,"SB",29692,6848,"29692_20181231",1.809034603758429,3.051684493438575,93,12.225783832515276,0.11436233141414937,5,"NE"
210866,5.143073170731707,"SL",29695,2824,"29695_20181231",1.8102850280058393,2.326142593165881,41,12.265454789761112,1.75025525557284,4,"OH"
120792,3.77475,"SM",29696,2660,"29696_20181231",0.1709008048094638,4.077912689779451,32,10.435665313186448,0.671005141490427,4,"WY"
212294,4.2458800000000005,"NM",296,2822,"296_20181231",2.272162437557472,2.667136801773943,50,12.138375985821057,1.5654933401716622,8,"KY"
461261,4.804802083333334,"SB",29700,5663,"29700_20181231",0.27123003482329033,2.7906759022506566,96,9.754683034311864,1.1711659134486199,4,"LA"
112330,3.744333333333333,"SB",29703,1748,"29703_20181231",0.9770525984022886,2.925994918952451,30,13.35757532332605,0.7055018386077141,8,"OH"
153790,2.197,"SB",29705,4254,"29705_20181231",0.431832202344232,4.73841456297785,70,9.149052648445116,0.6627340866679099,5,"OH"
2185032,4.899174887892377,"SB",29708,45860,"29708_20181231",1.1040729945153276,3.5893628779486035,446,11.152510905138321,1.516038608133304,5,"MO"
73687,3.68435,"SI",29710,1127,"29710_20181231",2.4810195227765726,3.3009372497240204,20,14.121836641915442,0.1546106440151766,5,"IN"
101695,3.1779687500000002,"NM",29731,2089,"29731_20181231",2.621283255086072,3.8975013195461985,32,10.592897260494635,0.4463021118852902,4,"AL"
126789,5.282875,"SB",29743,1648,"29743_20181231",0.8219450380162004,2.3467520885519813,24,11.22851260115238,0.63197550131805,5,"ME"
387465,5.032012987012988,"SB",29744,6320,"29744_20181231",0.02113967730904343,3.0260862706391287,77,8.680642731609339,0.2880591104755986,4,"NH"
151830,4.465588235294118,"SI",29745,2769,"29745_20181231",0.04040510509719185,3.1038389727277083,34,12.619067854784616,0.4415058007479002,4,"WI"
154663,3.2221458333333337,"SB",29749,3166,"29749_20181231",1.452718457707503,3.890835748059571,48,15.409560336644134,0.2514508313842568,6,"OH"
517519,5.687021978021978,"SM",29755,8160,"29755_20181231",0.8097506027429745,3.096232903609237,91,9.541705713319153,0.6820386841557198,4,"MA"
103514,3.1367878787878785,"NM",29764,2084,"29764_20181231",0.09478672985781991,3.5383703075358257,33,10.376263571695993,0.7324151635465388,4,"MO"
400164,4.8800487804878045,"SI",29771,6309,"29771_20181231",0.40548387742706293,2.924465632448908,82,9.5217236494604,1.0659997655425735,4,"NC"
210126,7.245724137931035,"SB",29772,2594,"29772_20181231",3.3625416176641103,1.9933286755091972,29,14.90572999126654,0.4029751393221215,7,"GA"
31993,3.554777777777778,"SB",29774,614,"29774_20181231",1.175594006126335,3.9675933632983744,9,15.84327616206811,0.35452465950218576,5,"KY"
682565,3.9227873563218396,"SI",29782,8251,"29782_20181231",0.2752255065041376,2.401515601195069,174,11.445495853515888,1.5697342256781623,4,"TN"
267460,3.428974358974359,"SM",29783,6309,"29783_20181231",0.8376866398970801,3.695606519134509,78,9.1850319097257,1.4568636901371426,4,"CO"
392744,5.610628571428572,"N",29787,4777,"29787_20181231",0.4413471983167802,2.2422248032004126,70,8.783218863646855,1.3536913277017235,4,"OH"
121110,3.906774193548387,"SM",297,1728,"297_20181231",0.7442457099983057,2.8319803694179737,31,11.293834758409632,1.911796836921629,8,"KY"
508802,8.206483870967743,"SI",29800,5363,"29800_20181231",3.933955863988143,1.7689102724994497,62,23.06279817185489,0.7703505770871867,8,"IL"
221620,4.71531914893617,"SB",29804,3501,"29804_20181231",1.4885734963997006,2.5950740775691234,47,22.527898923979688,0.6009176680477387,5,"LA"
658476,5.776105263157895,"SI",29809,6806,"29809_20181231",0.3081010063092849,1.9103725406961998,114,16.09928312086555,0.5442305395463662,5,"IL"
137154,4.5718,"NM",29813,2072,"29813_20181231",1.7956678831454145,2.6743270352763995,30,21.059259473699445,0.5173335479309532,8,"OH"
390157,4.536709302325582,"SB",29835,7245,"29835_20181231",0.7271387407200574,3.1152801623548725,86,12.474624599029923,0.3185108540296166,5,"MA"
442528,4.515591836734694,"SB",29838,7364,"29838_20181231",4.132334398733249,3.1977372758274525,98,14.996210146791372,0.20091852506488045,5,"OH"
400067,4.651941860465116,"NM",29839,6017,"29839_20181231",1.2262789923426922,2.7589788574655207,86,9.312270989326112,1.1892284964776334,8,"IN"
177556,7.719826086956522,"SM",29842,3054,"29842_20181231",0.8395549915896953,2.6169172903106874,23,14.898956251387963,0.7096160188875575,5,"MA"
3154248,5.391876923076923,"SB",29845,43870,"29845_20181231",0.7632376796035264,2.5808823031236923,585,10.62133072245928,1.4578801336854408,4,"OH"
337521,3.668706521739131,"SB",29846,5735,"29846_20181231",0.7095064090894964,3.3735255267282582,92,15.756912824890911,0.23330984188845544,5,"MI"
473200,4.77979797979798,"NM",29847,5775,"29847_20181231",0.47140393998312485,2.3228077850517423,99,9.459572829568506,1.1735561006688924,4,"OH"
32124,6.4248,"SB",29857,450,"29857_20181231",0,2.6318681989716786,5,20.153147867971715,0.18319268206299386,5,"KS"
90963,4.331571428571429,"NM",29858,1308,"29858_20181231",0.5181806664132776,2.695383796971448,21,7.985501000121562,1.041007438387952,4,"OH"
266244,6.191720930232559,"SB",29874,3790,"29874_20181231",0.586729303541506,2.3465088963061826,43,28.805093417213023,0.5526129445580583,5,"MI"
662163,7.977867469879518,"SI",29875,9449,"29875_20181231",0.9687931706280329,2.2191823797674646,83,15.94313947862083,0.8686319590673057,4,"NJ"
226401,5.3905,"NM",29878,3519,"29878_20181231",1.3772552907445064,2.8923740439418544,42,7.9708417347874745,0.7211251219243342,4,"IN"
600359,3.430622857142857,"N",2987,16345,"2987_20181231",0.5037993419338251,4.121123058021848,175,9.181016801587235,1.208279611845332,4,"WA"
299804,3.656146341463415,"SB",29881,5796,"29881_20181231",2.087479449684174,3.9202873750393303,82,13.13071682073578,0.6786240664175273,8,"IN"
42530,3.8663636363636367,"NM",29899,959,"29899_20181231",0.4934616333580064,4.275298431224373,11,17.856002918243583,0.046648100722579085,4,"OH"
144938,8.052111111111111,"SI",29901,1763,"29901_20181231",2.540426271814629,2.032129564120705,18,25.8659755953907,1.3054077332431018,5,"MD"
303195,8.9175,"SB",29904,2853,"29904_20181231",0.47113262727071414,1.480805573964567,34,38.19777839762416,1.015063050590585,8,"TN"
173315,6.189821428571428,"NM",29907,2382,"29907_20181231",0.2697474183264761,2.500512806168592,28,12.982014251211679,1.3449507239890726,2,"IN"
91298,9.1298,"SB",29910,972,"29910_20181231",0.2576710828627257,2.1087534607850644,10,14.378186025695605,0.395049299088432,5,"IN"
1150040,4.5456126482213435,"SB",29922,22391,"29922_20181231",0.18557809533786843,3.2022712757115235,253,11.215461837128599,1.4817536768244135,4,"WA"
122841,5.583681818181819,"SB",29926,1529,"29926_20181231",0.1309737747860254,2.37225966049646,22,12.317228226319136,0.8197560351445875,4,"IN"
162799,3.8761666666666668,"SB",29933,3096,"29933_20181231",1.0537437095114965,3.231604117820598,42,10.025037430329261,0.8015930934894336,6,"IN"
242543,4.331125,"SB",29937,4399,"29937_20181231",2.659388237150564,2.823369064905831,56,13.632755104278601,0.2132730836871917,5,"KY"
665803,14.795622222222223,"SI",29941,4586,"29941_20181231",0.18594075999266074,1.2709793357344796,45,11.18941959324337,0.6322801240901326,5,"NJ"
77243612,7.931369955847623,"N",29950,917125,"29950_20181231",0.9748723249992741,2.681101420503061,9739,14.077409204380345,0.5285087855296641,4,"DE"
1071570,3.070401146131805,"SM",29961,22779,"29961_20181231",0.5598277531794148,3.7489661035915356,349,9.232594541168146,1.023880614099436,4,"IN"
100498,5.583222222222222,"SB",29962,1471,"29962_20181231",1.2851464743117915,2.6292478660009664,18,11.820691732342754,0.08757448864551458,5,"MA"
12838,3.2095000000000002,"NM",29966,272,"29966_20181231",2.5843241931570007,3.7181029960813348,4,20.70597362296354,-0.501403931006819,5,"OH"
32223,4.603285714285714,"SI",29967,602,"29967_20181231",1.5654413950262558,3.2713392449712027,7,25.772837790899615,0.47173883551422613,5,"PA"
121056,4.0352,"SL",29975,2363,"29975_20181231",2.0847948482722645,3.551776901796662,30,9.845418054488,0.5032950626416572,5,"OH"
114393,3.6900967741935484,"SB",29980,1646,"29980_20181231",3.562222222222222,2.8469382473212903,31,9.513144142007675,-0.06642855910416343,7,"IL"
169981,4.594081081081081,"NM",29981,4049,"29981_20181231",0.61631721246971,3.799081308544825,37,9.226126190990472,0.9099893710257891,4,"MI"
39866,4.98325,"SI",29986,575,"29986_20181231",0.5621326973852312,2.6520028520572256,8,20.727664947911187,-0.20005437375286614,5,"IL"
213907,4.650152173913043,"SL",29988,3417,"29988_20181231",3.557790816801714,2.590245246624414,46,29.826394281223383,1.034292718617269,5,"KS"
443246,5.340313253012048,"SI",29995,7005,"29995_20181231",0.9367279613000576,2.782769533450558,83,12.13112081302875,0.6919270235043878,4,"PA"
43179,3.9253636363636364,"SB",29999,695,"29999_20181231",0.03825432752080079,4.126278167370276,11,31.83081998114986,-0.2309109436727892,4,"SC"
1115161,13.275726190476192,"SI",30011,8036,"30011_20181231",2.302258126459124,1.499079366541466,84,11.548238867829815,0.9218093607697456,9,"PA"
14205430,13.645946205571565,"SB",30012,97411,"30012_20181231",0.5938103653394531,1.2902321523363163,1041,10.319722372191285,0.6078102502591831,5,"OH"
584475,10.253947368421054,"SI",30022,6673,"30022_20181231",0.8136563547092847,1.9941108373612224,57,10.71296574245503,0.8645337596988804,4,"NJ"
16480,8.24,"SI",30031,219,"30031_20181231",2.1593389460555037,2.049821074940069,2,21.07488662826327,0.6427405065490046,5,"PA"
1016527,9.589877358490567,"SI",30039,13863,"30039_20181231",0.5117684585949227,2.1472906078700067,106,10.092916886564634,0.2064508365347515,5,"NJ"
52035,4.336250000000001,"SI",30043,778,"30043_20181231",2.956759070962218,2.909750609633984,12,10.666933780141328,0.5713477917702358,5,"IL"
1693206,8.423910447761195,"SI",30052,24639,"30052_20181231",0.2695313795579875,2.2859830612402674,201,12.900396503811711,0.4858193509779239,4,"NJ"
326569,4.354253333333333,"SI",30056,6186,"30056_20181231",0.03503338681763721,3.2278996553614636,75,9.069071482894437,0.1872288073556228,5,"NY"
149616,4.156000000000001,"SB",30058,1915,"30058_20181231",0.8652392542002165,2.5896007228293607,36,10.41347330456624,0.43025557180965496,8,"IN"
28361,5.6722,"SL",30065,1136,"30065_20181231",1.3522884882108182,5.279372356137103,5,42.105619957968955,-1.6105427061127113,5,"IN"
38677,5.525285714285714,"SM",30067,668,"30067_20181231",3.2350767714919124,3.1439030089046964,7,14.795432921027594,-0.02336509255172772,8,"IA"
120163,7.068411764705882,"SI",30072,1664,"30072_20181231",1.3602638087386645,2.548145033142258,17,16.073321067937293,0.26972248744454747,5,"NJ"
2947705,11.79082,"SL",30076,34461,"30076_20181231",0.3315182482338295,1.896006578900728,250,11.262366778183,0.5347129174730783,4,"NJ"
130659,3.959363636363636,"SL",30084,1910,"30084_20181231",0.7982006199083852,2.9748280128053834,33,9.546213851128718,0.5742146723333075,5,"OH"
210205,5.126951219512195,"SI",30085,3024,"30085_20181231",3.1035198597591918,2.6082042651810924,41,10.395491694336103,0.5236420327793242,4,"PA"
929451,4.224777272727273,"NM",30090,15751,"30090_20181231",0.21517802595979932,3.1063261767237615,220,10.943325240448875,0.7527801652111166,4,"KY"
247242,6.506368421052632,"SI",30099,612,"30099_20181231",0.2557372257850571,0.5439759307440026,38,10.58981841897788,0.14814159333986998,4,"NJ"
93347,5.4910000000000005,"SI",30103,1308,"30103_20181231",0.6537566924040353,2.3631121477310524,17,13.37892620192049,0.5666808601685849,5,"NJ"
515128,6.439100000000001,"SB",30111,6536,"30111_20181231",1.289643079232937,2.371421217825965,80,15.364882426111457,0.8882712582129683,5,"SC"
531516,5.2109411764705875,"SI",30117,8069,"30117_20181231",0.7405344772782796,2.749506792402795,102,10.107221274414547,0.5633214267059358,4,"PA"
182727,4.152886363636363,"SI",30119,3016,"30119_20181231",0.5050772159932304,2.99773403137632,44,15.428280528125068,0.41624374521430985,5,"PA"
102366,6.021529411764706,"SI",30121,1463,"30121_20181231",0.30695288677073446,2.321557152707083,17,21.008403361344538,0.5004096865563601,5,"PA"
103665,4.712045454545454,"SB",30126,1886,"30126_20181231",0,3.130927425773526,22,10.907074311616917,0.18699260276442192,5,"NJ"
50823,3.9094615384615383,"SI",30128,800,"30128_20181231",1.52357848648009,3.0921028349743898,13,9.44911043124111,0.14968402317846846,5,"IN"
200552,4.664,"SB",30133,3088,"30133_20181231",1.0148590386616692,2.9454062015996523,43,17.983359173641887,0.8420571409828135,8,"IN"
171788,4.294700000000001,"SB",30150,3302,"30150_20181231",0.5979892314289799,2.780037971250339,40,21.484126623671543,0.04647978512121928,5,"KS"
29481,7.37025,"SI",30152,316,"30152_20181231",1.8292682926829267,1.933838338083723,4,8.859553620032662,0.5156902234889927,5,"IL"
315548,15.026095238095238,"SI",30154,2036,"30154_20181231",0,0.9898786896492802,21,27.981902492432535,0.6478046690394001,7,"PA"
499635,11.619418604651162,"SB",30155,4475,"30155_20181231",2.1675180214112513,1.6484636632919796,43,22.811976152936932,0.9409719871974627,5,"PA"
116975,5.570238095238095,"NM",30166,1466,"30166_20181231",0.9022222222222221,2.857186790628658,21,8.562745639755095,0.38537904575919674,4,"AL"
292288,6.495288888888889,"SB",30167,4606,"30167_20181231",0.19717007759992472,2.3946028544653206,45,15.174966123507902,1.335781180053157,4,"AL"
37722,6.287,"NM",30176,572,"30176_20181231",0,3.0773132906805807,6,12.97175378320963,0.4684555976561692,5,"OH"
176792,3.335698113207547,"SM",3017,3772,"3017_20181231",0.29448450450583435,3.3890034265861084,53,10.00582264896277,1.581455392339337,2,"CO"
843686,3.4577295081967216,"SM",30182,20836,"30182_20181231",0.603602391341958,4.173756561310686,244,11.222081576089892,0.9141798477527863,4,"MT"
130785,7.265833333333333,"SI",30183,1415,"30183_20181231",0.7105755246208186,2.30812487091235,18,14.173688868367387,0.3821748234985505,7,"NJ"
22468,3.744666666666667,"N",3018,390,"3018_20181231",14.923612671309819,3.1865560151642067,6,12.490634228040019,0.9369683676024837,2,"CO"
69092,3.1405454545454545,"NM",3019,1254,"3019_20181231",1.5326212539199735,4.0617261581204325,22,8.853529780190284,0.6885305308932778,4,"CO"
203495,3.4490677966101697,"NM",30219,4120,"30219_20181231",2.394627603206108,3.6480081139552665,59,8.227237369410885,0.20243991215334722,4,"OH"
73257,4.5785625,"N",30220,1004,"30220_20181231",0,2.28493172201879,16,11.225617468876905,0.6810618183246125,6,"IL"
12022,2.0036666666666667,"SI",30241,371,"30241_20181231",1.852479385519033,4.820436978541731,6,11.4510197258442,0.12556854647431426,5,"IL"
143256,5.1162857142857145,"SI",30248,2395,"30248_20181231",0.025344397661774924,3.5474585935192247,28,7.631501698374313,0.07900033661012991,4,"WI"
420805,5.069939759036145,"SI",30260,7911,"30260_20181231",0.4586438254883253,3.3189186617319844,83,11.584984061930784,0.5364840727346171,5,"NY"
231395,2.6294886363636363,"SI",30270,5463,"30270_20181231",0.8300157740554346,3.7445032894360075,88,14.103924566547846,0.7348037043269718,4,"LA"
51579,3.684214285714286,"SI",30291,911,"30291_20181231",0.15424774560987184,3.3196027087351783,14,17.93194209437864,0.9587437046917809,2,"TX"
116745,5.075869565217391,"N",3029,2096,"3029_20181231",0.2828711420922362,2.7566512569551063,23,11.431604286120258,1.3592821365274488,2,"CO"
1882986,9.80721875,"SB",30303,17631,"30303_20181231",1.9634668024130708,1.7573235297503227,192,33.44232310547453,1.4444097184742186,4,"NY"
407170,6.463015873015873,"SB",30306,6748,"30306_20181231",0.2497833931058687,2.6997998554892098,63,12.027991425436088,0.3170339893679951,4,"CA"
250503,4.8173653846153845,"SI",30313,3729,"30313_20181231",0.07252273947728267,2.587799179054125,52,8.561761330699067,0.200888579705664,6,"WI"
381436,8.115659574468086,"SB",30315,4552,"30315_20181231",0.6357222162529995,2.219617289528241,47,15.812303872005366,1.1442468870995663,5,"NC"
252303,5.734159090909091,"NM",3031,3173,"3031_20181231",0.15328056330607015,2.184609534139839,44,10.022673420228463,2.465808814975687,2,"CO"
55111,2.6243333333333334,"SI",30332,1502,"30332_20181231",1.5754152307413263,4.8727666486193835,21,26.42996216156644,0.7326069301570114,4,"LA"
31331572,16.429770319874148,"N",30337,215911,"30337_20181231",0.8220401068892222,1.440143062476783,1907,9.942276167972361,1.503381800182836,4,"NY"
69168,5.764,"SB",30339,1119,"30339_20181231",2.418459699453552,2.7966233362680613,12,16.795877417001094,2.19190685233646,6,"LA"
361632,5.166171428571428,"N",3034,5062,"3034_20181231",0.016474735992355723,2.2855919503318347,70,11.850230988563897,2.503389709555413,2,"CO"
414239,6.903983333333334,"SB",30350,5251,"30350_20181231",1.1340988896270285,2.529753474325508,60,11.069547032886051,0.8284827628616986,5,"VT"
166975,9.276388888888889,"SI",30357,1564,"30357_20181231",1.9836105085562785,1.602791867563052,18,24.719376911978642,0.5726815950048312,7,"IL"
53082,8.847,"SB",30358,841,"30358_20181231",0.7940788685125254,3.1410852338810615,6,25.35880290304167,0.37226186308007453,5,"NC"
241029,5.878756097560975,"SI",30367,3878,"30367_20181231",1.0395622409752605,2.9826924195011535,41,10.37536161716396,0.418930897905903,5,"NJ"
12232012,4.569298468434815,"NM",30387,154279,"30387_20181231",5.412967000291722,2.8684419667360506,2677,16.526641277557154,1.6736191095103319,4,"PR"
101067,4.211125,"SL",30388,1519,"30388_20181231",0.4673455116068839,2.2733301963700296,24,11.699318065355355,0.5131452317189591,5,"CO"
592255,4.976932773109244,"SB",30394,12423,"30394_20181231",3.835922200619082,4.472401291485537,119,10.7856391010314,0.6310596960604068,4,"NY"
50264,5.026400000000001,"SB",30395,1036,"30395_20181231",1.1601555893793338,3.138640453674444,10,20.498802873104548,0.7754288179666274,5,"NE"
537989,13.449725,"SB",30397,3783,"30397_20181231",0.2939111602946251,1.5100712553187194,40,16.459931588012786,0.6093762037003103,5,"NY"
287229,3.023463157894737,"NM",303,5112,"303_20181231",4.764778963146274,3.324659302307811,95,13.038661868622581,1.651909699307976,4,"KY"
2158804,6.349423529411765,"SI",30401,30418,"30401_20181231",0.31903227765686143,2.519439628891003,340,12.60489322964117,0.5560455592390315,4,"PA"
257492,4.3642711864406785,"SI",30402,4091,"30402_20181231",0.573946551954969,2.929552086501461,59,9.507571334034022,0.626666738168984,5,"NJ"
262646,6.108046511627907,"SB",30422,3993,"30422_20181231",0.357336059675122,2.661309289579221,43,18.402850237330064,0.48902937753600734,4,"WI"
443838,5.997810810810811,"SI",30428,5460,"30428_20181231",1.2577637554646934,2.2592435060138634,74,15.057320377570543,0.45814173427957944,5,"NJ"
160371,6.682125,"SB",30429,2320,"30429_20181231",0.9972302884389691,2.4524239900887546,24,13.22905055919446,0.6530911712736357,5,"NY"
188766,9.4383,"SI",30431,1752,"30431_20181231",2.00491974045859,2.349761454166336,20,9.086448509945381,0.25214464603424636,4,"PA"
82355,2.745166666666667,"SB",30433,1702,"30433_20181231",3.179077597682249,4.189036336594042,30,12.108284679984886,-0.06823664932607634,4,"AL"
89662,9.962444444444445,"SI",30434,1483,"30434_20181231",3.0641678901459537,3.0265608059160143,9,28.953027863631558,0.4631002678931733,4,"NC"
137085,4.28390625,"SL",30439,3331,"30439_20181231",0.3722169689675922,3.944740866711242,32,15.177921435019364,0.3588835594101205,5,"OH"
855341,3.870321266968326,"SB",30441,14661,"30441_20181231",0.5186097668279807,3.1492391018047674,221,12.528393729496662,0.4521873634142281,4,"LA"
56524,6.280444444444445,"SL",30447,833,"30447_20181231",1.418859000886787,2.584469063905305,9,25.88157730617772,0.7236513378934853,7,"LA"
314857,4.373013888888889,"SI",30464,5444,"30464_20181231",0.7489505023890675,3.529818960905968,72,7.9936677435371655,0.29534344223139475,5,"PA"
1339140,8.639612903225807,"SI",30470,15710,"30470_20181231",0.49805737309440573,2.1620257345291813,155,9.778998501078325,0.8363089835474392,4,"NJ"
69231,1.9780285714285712,"N",3047,3503,"3047_20181231",0.8407676015660099,8.226848658656115,35,17.781480236006235,2.610689609273847,4,"CO"
38504,7.700799999999999,"SB",30492,498,"30492_20181231",3.8837143663561955,2.220867444696046,5,22.91959406713505,0.4124102175271781,8,"MN"
62463,4.4616428571428575,"NM",304,867,"304_20181231",5.6855636123928806,2.6108606636785203,14,19.333860186374263,0.7233553353914515,2,"KY"
143017,3.575425,"SI",30516,2798,"30516_20181231",0.5970830735729276,3.584998205355904,40,13.35360371883611,0.6956927111709802,4,"WI"
297475,13.52159090909091,"SI",30519,2081,"30519_20181231",0,1.3293207908163265,22,12.802010483621027,0.3720238095238095,5,"NJ"
545692,4.786771929824561,"SB",30530,8127,"30530_20181231",0.8259035688126689,2.8003591493673907,114,13.99430078070491,0.7799576770040088,4,"NY"
861086,6.727234375,"SI",30544,9862,"30544_20181231",0.8484016538602001,2.2979719645313277,128,18.084660447101943,0.910830821456791,5,"PA"
169289,7.6949545454545465,"SB",30551,1613,"30551_20181231",1.524065342111794,1.4899351071500337,22,25.042050769989714,0.2440869493268401,5,"PA"
62134,4.438142857142857,"SI",30585,894,"30585_20181231",1.3183208116482048,2.4822165845893647,14,11.360977940328507,0.6897809613822149,5,"WI"
127530,3.7508823529411766,"SM",30595,2035,"30595_20181231",0.1632386549134835,2.738680387215872,34,9.855371405271868,0.7840770088180719,4,"MO"
96527,5.678058823529412,"SB",30615,1504,"30615_20181231",0.5268483304839329,2.8550759685785287,17,11.311617421435505,0.060457979619406604,5,"IL"
9047,3.0156666666666667,"SI",30618,193,"30618_20181231",3.416078342063311,3.8158092740288496,3,12.822131061323235,-0.6126792355482943,8,"IL"
77440,4.555294117647058,"SI",30619,1976,"30619_20181231",0.36412212095749036,3.8976264852260285,17,10.549802470108018,-0.6392521526233924,8,"SC"
240974,6.02435,"SI",30637,2868,"30637_20181231",0.6622328331059573,2.033164672609315,40,13.996140998775907,0.7729936488046056,5,"PA"
179192,6.892,"N",3063,2225,"3063_20181231",0,2.051792226801655,26,13.909360535658113,1.283559140518952,2,"CO"
51743,4.311916666666667,"SI",30656,600,"30656_20181231",0,2.2077096457261747,12,8.953844376408064,0.46427401799302626,8,"IL"
68982,4.311375,"SB",30664,1272,"30664_20181231",0.5769160550626209,3.111694847138173,16,29.926923463454553,0.26064266618518156,4,"MO"
7703083,6.550240646258504,"N",3066,88030,"3066_20181231",0.718007439425433,2.2807199449089257,1176,10.348017441732726,1.8965429458785197,4,"TX"
592295,7.59352564102564,"N",3067,6546,"3067_20181231",0.6944949634565674,1.9503144620969173,78,10.534546778799193,1.6945671692092195,4,"TX"
302439,4.320557142857143,"SB",30680,4975,"30680_20181231",1.6010958860342424,2.5953678246548253,70,15.495136900708143,0.7112289997026802,5,"MD"
70080,4.672,"NM",30688,1072,"30688_20181231",0.1218093229583303,3.2318662893961423,15,11.215390462824898,0.7212811591997729,5,"OH"
144926,1.4940824742268042,"SL",30692,4384,"30692_20181231",2.058493834709059,5.590118874384011,97,11.788721072894191,0.44077018790729067,6,"GU"
664599,5.35966935483871,"NM",30698,11883,"30698_20181231",1.022352995866168,3.0213464696223316,124,11.045863819289796,1.2512151884256877,4,"TN"
243253,3.987754098360656,"NM",306,4480,"306_20181231",0.2804138859976734,3.1859030017880237,61,9.515115870643108,0.8334149593004627,4,"LA"
643579,6.12932380952381,"SI",30704,8965,"30704_20181231",0.7892133713461714,2.755649648452287,105,8.379174410354105,0.41091884887026464,4,"NJ"
165151,3.058351851851852,"SL",30707,2861,"30707_20181231",0,2.9315511824164977,54,15.876944407282634,0.5399907602924778,5,"CO"
381958,5.700865671641791,"SB",30722,5216,"30722_20181231",0.017036110000851805,2.9296386483158816,67,15.22984328206321,0.8426106568597868,4,"CA"
50410469,230.18478995433793,"SB",30746,26666,"30746_20181231",9.916959012389539,1.375544958204563,219,7.0796851413580875,1.1700335255545646,5,"VA"
171181,3.5662708333333337,"N",3075,3023,"3075_20181231",0.11820043879888925,2.903959003466786,48,11.162249409342909,0.9551000637870402,4,"TX"
9842314,9.293969782813976,"NM",3076,105379,"3076_20181231",0.21801249424487448,1.9498243877717263,1059,10.906573612765726,1.5521690357394626,4,"TX"
6168996,5.019524816924329,"SB",30776,119714,"30776_20181231",0.41242226568795426,5.05338021549613,1229,9.012862526902182,1.292670270859353,4,"SD"
12102845,4.917856562373019,"NM",30788,172692,"30788_20181231",0.5921494142803302,2.67698568379099,2461,11.078609182141681,1.7054762338658884,4,"MT"
62995,4.499642857142858,"N",3078,1021,"3078_20181231",0.45065218608296476,2.899230161863403,14,8.920466391878238,1.8721624555862613,8,"TX"
67891,9.698714285714287,"N",3079,496,"3079_20181231",0,1.4673833212924965,7,15.767315527387959,1.3294882594345703,2,"TX"
131761,3.1371666666666664,"NM",307,2692,"307_20181231",2.106921230957893,3.521993685341724,42,10.393775016613349,0.7502334317643725,4,"LA"
305495,5.008114754098361,"SB",30812,4987,"30812_20181231",0.6569082759906306,2.6658783271155664,61,9.157743694816304,0.35972352304061866,5,"MS"
540485,3.860607142857143,"SM",30817,7909,"30817_20181231",0,2.8108871247714493,140,11.20485011887727,1.6773902376929666,4,"MO"
201054,3.9422352941176473,"SI",30819,3681,"30819_20181231",1.4375426084220462,3.229653512316829,51,11.16506611642904,0.4678110833889729,6,"IL"
2069202,7.47004332129964,"SM",30836,21471,"30836_20181231",0.14077258224199193,1.8002290156372285,277,11.078849295487032,0.9763696073630569,5,"HI"
513063,4.622189189189189,"NM",30846,9854,"30846_20181231",0.42371634544652054,3.399647597257719,111,9.140936391470834,1.009850557538148,4,"GA"
201650,4.115306122448979,"SI",30864,3692,"30864_20181231",3.0931625633876183,3.8620180597831357,49,10.417401762241516,-0.6067944026158535,8,"IL"
417210,3.4767500000000005,"N",3086,9324,"3086_20181231",2.452916266663681,3.9069363348234005,120,10.04808344804855,1.1952084880430616,4,"TX"
104180,10.418000000000001,"SL",30878,904,"30878_20181231",0.5971882841520474,1.6153801854375829,10,10.697932831388778,0.9598218570633291,5,"ME"
1127162,3.2296905444126076,"SB",30879,31930,"30879_20181231",0.6845482513435656,3.9998896272937907,349,9.963339687087112,0.660252977691779,4,"CA"
180194,4.394975609756098,"N",3087,2972,"3087_20181231",1.4744854574124677,2.793319014031665,41,9.658805961738933,1.6197146769715614,4,"TX"
50273,5.0273,"SL",30889,980,"30889_20181231",0,3.239345758364868,10,14.560236511456024,0.43466631001738665,5,"OH"
2269890,5.0442,"SB",30895,36018,"30895_20181231",0.6034521981938563,3.3113364750442673,450,9.793852791186406,0.9354652543765265,4,"KS"
1687468,8.928402116402117,"NM",30903,18836,"30903_20181231",1.4301598239392481,2.2306376685243006,189,10.659364079649887,0.9399502666738729,4,"MD"
568889,4.701561983471074,"N",3091,8716,"3091_20181231",0.492056467802392,2.6818902529305735,121,10.558893581110535,1.9203811291325121,4,"TX"
114070,3.1686111111111113,"SB",30943,2265,"30943_20181231",0.1350271956182724,3.3648938791313228,36,8.904930678619827,0.8773010453697512,5,"MN"
2184373,7.1854375,"SB",30953,18803,"30953_20181231",0.7120304473230591,1.6312141023077507,304,10.598028930768312,0.8961493012259191,5,"CA"
87320,5.8213333333333335,"SI",30954,1336,"30954_20181231",1.5724084379448686,2.747854165336447,15,15.290144304574763,0.2747854165336447,5,"PA"
434881,7.765732142857144,"N",3095,5352,"3095_20181231",0.0003357687761899646,2.2178273907377113,56,9.168860741478687,1.5827830440931219,4,"TX"
105828,6.61425,"SB",30969,1086,"30969_20181231",0.48956808199121526,1.977217280764854,16,12.982017409896152,0.4567200648542492,5,"IL"
130613,3.841558823529412,"SL",30976,2754,"30976_20181231",1.9387188962282915,3.5390275039469414,34,22.65041679695544,0.878524863839977,5,"NY"
118347,6.961588235294118,"SL",30987,1442,"30987_20181231",0.772986167615948,2.1376719263325366,17,24.621251159435225,0.4011901400205244,7,"SC"
96920,4.615238095238095,"N",3098,1775,"3098_20181231",0,3.8041529553791746,21,12.901431807150946,1.0629562914918944,4,"TX"
1135456,0.4431912568306011,"SB",30996,231189,"30996_20181231",0.6941454375043117,37.2848684202263,2562,9.139644238152105,1.6572288714533354,5,"NJ"
683493,13.144096153846155,"N",3099,5198,"3099_20181231",0.03834220119627668,1.5124236485701017,52,11.499135879547943,1.3659315803853462,7,"TX"
318656,3.5804044943820226,"NM",31028,6308,"31028_20181231",0.13537476752735608,3.3130350145998153,89,10.333121562738642,1.094165196614787,4,"MN"
392240,11.886060606060607,"N",3103,2684,"3103_20181231",0.1161426830109703,1.3401421272415974,33,10.114088172623555,1.506744124837536,2,"TX"
197402,5.6400571428571435,"SI",31043,3400,"31043_20181231",0.8192123095553993,2.987539617256919,35,9.889016963675497,1.4461702694347849,4,"TX"
184081,3.5400192307692313,"SB",31077,3817,"31077_20181231",1.124757700640159,3.457674046354679,52,10.957445670201269,0.24767199143422633,4,"NC"
121641,10.136750000000001,"SB",31083,1356,"31083_20181231",0.5290357071258326,1.9386532626671702,12,14.456958440360932,0.6356373627804618,5,"MD"
92512,4.869052631578947,"SB",31089,1577,"31089_20181231",0.5635648754914809,2.896883904134761,19,11.408302792601642,0.5966716101053687,8,"SC"
694569,4.857125874125874,"N",3108,12914,"3108_20181231",0.4275626112540897,3.1725774458829923,143,10.019506872248671,1.5109932836767264,2,"TX"
34578,4.32225,"SB",31090,615,"31090_20181231",0.4763554477741209,3.837416159819218,8,24.857567500619272,0.32454263528619853,5,"KY"
121576,5.789333333333333,"N",3109,1195,"3109_20181231",1.2505189736776552,2.3388124723352846,21,9.56556498664716,0.9934336862213909,4,"TX"
912599,4.074102678571429,"NM",31100,15237,"31100_20181231",1.6046445443679207,2.949917161785169,224,9.777649145656145,0.8905389092331452,4,"SC"
42635,4.737222222222222,"SI",31109,913,"31109_20181231",3.32708663687473,3.291957010106926,9,13.40403662866754,0.3477258273358254,5,"MD"
154371,4.540323529411765,"N",3110,2468,"3110_20181231",0,2.4244811717728796,34,11.891723233275176,1.6819763520571085,8,"TX"
195612,4.252434782608695,"SM",31121,3299,"31121_20181231",0.18920633507328963,3.721693721021762,46,6.4597695777149395,-1.6040624730016415,4,"MD"
124485,1.29671875,"SB",31127,7767,"31127_20181231",1.701125108183479,10.115941305234422,96,10.914055301486936,0.27882510591192455,5,"AL"
357439,5.957316666666667,"N",3113,4315,"3113_20181231",0.003444297105068283,2.416512706991617,60,9.775669382676519,1.4007683701408318,4,"TX"
213451,4.185313725490196,"NM",31146,3389,"31146_20181231",0.45338285736945416,2.768034037349955,51,10.651390478180152,1.0689542800948602,4,"TN"
190441,2.885469696969697,"NM",31158,4585,"31158_20181231",0.07288577139846868,3.775474316666,66,10.825184422714017,1.1319578553663228,4,"MS"
909724,9.996967032967033,"SM",3116,11047,"3116_20181231",1.4479304673580338,1.8513473941602743,91,11.473391940191686,1.8616708926407222,2,"TX"
330087,4.40116,"SB",31184,4930,"31184_20181231",0.4766133341715651,2.591794879245301,75,14.969191294331319,0.47580305385654725,5,"PA"
1058206,5.846441988950277,"SB",31189,17840,"31189_20181231",0.7263995326299874,3.2997238956337793,181,13.664106139067444,0.45084747847226353,4,"NY"
78474,7.8474,"SB",31197,1198,"31197_20181231",4.076344385622736,2.6148447188580173,10,24.103906824367026,0.30607667748489403,5,"KY"
159012,4.297621621621621,"SB",31198,3333,"31198_20181231",0.8583120124560868,3.4005880131154775,37,13.799851798369783,0.621140614941757,4,"TN"
288053,3.892608108108108,"SM",31217,5239,"31217_20181231",0.9405037440435671,3.054002339355267,74,11.001371063492961,0.9616335912892345,4,"NC"
420019,2.64162893081761,"NM",3121,16597,"3121_20181231",2.255544282610814,5.766373357375628,159,11.564148138103379,2.256987292169297,4,"TX"
790026,4.224737967914439,"NM",31223,11522,"31223_20181231",0.7192173609505547,2.822113051838486,187,9.5738827335652,1.1412266352283418,4,"IN"
60363,3.7726875,"SB",31232,1095,"31232_20181231",0.26560895279243546,3.406546901802934,16,22.421136805000245,0.24067116565606317,8,"TN"
381367,4.0143894736842105,"NM",31236,6318,"31236_20181231",0.1792364180558939,3.2124386918120633,95,11.433757764877782,0.9665577999411077,4,"KY"
142380,4.7459999999999996,"NM",31249,1990,"31249_20181231",0.7082829759127576,2.9714909723470253,30,10.656809171756136,1.1949070345864539,4,"MN"
119502,3.514764705882353,"SB",31257,2332,"31257_20181231",2.20977518606614,3.6592513104131412,34,12.199588192686758,0.805646126542573,4,"MI"
32513,3.6125555555555553,"SI",31266,455,"31266_20181231",2.17091660923501,2.5071872701745,9,20.399066015707916,0.49535942428902247,5,"NC"
55263,9.2105,"SB",31267,628,"31267_20181231",1.0706765722458385,2.603032941517922,6,28.647750419897793,0.5496299521114497,5,"MD"
368047,4.279616279069768,"N",3126,5035,"3126_20181231",0.9194001377775423,3.263582426273942,86,9.326108849519866,0.8590332699407606,2,"TX"
156325,3.5528409090909094,"SM",31272,2630,"31272_20181231",0.6980745053927082,3.1556899977568387,44,9.33001251825579,0.8985918521477938,4,"TN"
416331,5.139888888888889,"N",3127,5183,"3127_20181231",0.011295452902479578,2.1962442433488643,81,12.287677766637788,1.1835738486820329,4,"TX"
1811622,2.29901269035533,"SB",31313,47450,"31313_20181231",3.08453933133278,4.559047000279307,788,10.59353438363266,1.4654295092331349,9,"FL"
78057,4.8785625,"SL",31329,868,"31329_20181231",2.6832608205785995,2.0516922565498326,16,22.646781099225187,0.9245600548503043,5,"MO"
49406,4.117166666666667,"NM",3133,939,"3133_20181231",0.014467592592592591,3.3205475482284377,12,8.158941456297097,0.9901269052899342,8,"TX"
13085,4.361666666666667,"SI",31345,171,"31345_20181231",1.0058403634003894,3.136214945850669,3,16.72331221999073,0.7066408359005304,5,"NC"
109158,5.4579,"NM",3134,1216,"3134_20181231",0.8242688847905454,2.040326670386817,20,9.128026204682325,0.7961363756164149,2,"TX"
1011136,1.5437190839694657,"SB",31361,65329,"31361_20181231",16.43419362856788,10.716576996995327,655,11.810773965780633,0.08876667698945816,5,"TX"
68042,4.002470588235294,"SI",31381,1188,"31381_20181231",1.4547262391111688,2.986046290406007,17,14.481877694395656,0.5068401120101784,4,"TN"
631518,3.2056751269035533,"N",31390,15712,"31390_20181231",1.0057788519877857,5.11501294755743,197,13.382256923880023,0.344860210045505,4,"FL"
193709,5.235378378378378,"SB",31406,3558,"31406_20181231",0,2.969726564495269,37,20.96388796542553,0.4377460725442803,4,"CA"
34695,5.7825,"SB",31409,550,"31409_20181231",1.0754429723688899,3.0923782990185313,6,28.259050915909416,0.7745396113429592,5,"KY"
159818,6.948608695652174,"NM",3140,2611,"3140_20181231",0.02234397204322218,2.424722223620684,23,10.424292384637626,2.1314648770836375,2,"TX"
89513,3.5805200000000004,"SL",31410,2420,"31410_20181231",0.1596911711611631,4.67220290709768,25,9.662110223588783,1.1966233962160642,5,"SC"
67603,3.072863636363636,"SB",31443,1422,"31443_20181231",1.5561189927806918,3.8345543221258294,22,7.588143617490517,-0.26610672770156496,5,"MN"
1635609,5.800031914893617,"NM",31445,22443,"31445_20181231",0.4482119967996722,2.3248551366928547,282,9.421793668930196,0.9023999598851418,4,"NC"
125272,5.446608695652174,"N",3144,1630,"3144_20181231",0.9315859989951433,2.388098782433291,23,10.498877706176236,1.6542938096923674,2,"TX"
772829,6.779201754385966,"SI",31461,8357,"31461_20181231",1.5363920587525781,1.900864981946105,114,9.48585704343129,1.1026126475063744,4,"PA"
6529697,4.833232420429312,"NM",31469,65686,"31469_20181231",5.6511290138332075,2.9109684903210584,1351,13.684102646296864,1.3640336106247868,9,"PR"
98979,4.303434782608695,"NM",31479,1133,"31479_20181231",0.16046356139959886,2.3603863245442693,23,9.351719602544211,0.6132631429892257,8,"AL"
292321,3.7963766233766236,"SB",31485,5498,"31485_20181231",1.3193042482321686,3.255297749106926,77,10.107123968599092,0.8316859154441091,4,"NE"
116030,2.5784444444444445,"SM",31488,2176,"31488_20181231",0.29723183024994976,3.9634093320116173,45,11.382477171950855,1.7660562425001303,5,"MO"
46446,4.6446,"N",3149,524,"3149_20181231",0.748552328044819,2.366227946625525,10,13.940459904892188,0.9014201701430571,8,"TX"
39731,3.9731,"NM",314,681,"314_20181231",2.1304873137333873,3.11305820788675,10,12.415455372734204,0.29492130390506055,2,"LA"
442823,3.096664335664336,"SB",31516,13904,"31516_20181231",1.3494184218799121,4.843321107289481,143,9.148883065019344,0.43314447187772054,5,"IN"
155589,6.482875,"NM",31539,2292,"31539_20181231",2.9128458597989697,2.80350588962326,24,18.440581214322783,0.4942560786589394,5,"OH"
94170,2.414615384615385,"NM",31545,2337,"31545_20181231",1.2092098724532052,4.430544418473717,39,11.973720229947988,3.2703922338047873,8,"TN"
51778,5.753111111111111,"N",3158,440,"3158_20181231",0.05040640161300485,1.4137643940521343,9,16.53627026159525,1.3896318581650424,2,"TX"
37947,3.1622500000000002,"SB",31592,658,"31592_20181231",0.703530804129134,3.4328518801268615,12,12.219825318320531,0.5226132713028954,8,"AL"
134195,3.834142857142857,"N",3161,2555,"3161_20181231",1.749085705199555,3.1585987088455827,35,11.494798700046003,1.1598097309542674,2,"TX"
41017421,12.833986545682103,"SM",31628,375189,"31628_20181231",0.27645267989390016,1.8292420624574262,3196,9.835200783200248,1.8509063700353108,4,"CA"
206194,2.9456285714285717,"SI",31694,3375,"31694_20181231",0.5278770466914255,3.1109672360949414,70,13.574625184837,0.713765275170868,6,"TN"
92919,2.8157272727272726,"NM",3170,1892,"3170_20181231",0.6562477648236893,3.618125962176015,33,9.121418887382482,0.5036009186414935,2,"TX"
95391,6.3594,"NM",31711,779,"31711_20181231",1.4514000879636417,1.8319578827546958,15,10.51603451082533,1.890874003984064,2,"AR"
25894,5.178800000000001,"SB",31723,359,"31723_20181231",1.3602287657469665,3.175874240044781,5,14.734139795402386,-0.25267053317369736,8,"KY"
77323,2.494290322580645,"NM",31762,1834,"31762_20181231",0.8564656875067331,4.151078175427057,31,9.336529170379109,0.42268793553559314,4,"TX"
39769,5.681285714285714,"SB",31774,588,"31774_20181231",1.3380524861878453,3.068628865005197,7,13.005852633685159,0.3680365251383867,5,"SC"
69208,4.3255,"N",3178,1118,"3178_20181231",0,3.651944463974788,16,24.616558322869814,-0.8375070826216247,8,"TX"
119866,4.610230769230769,"N",3179,2210,"3179_20181231",0.3827622471690268,3.9252082744857795,26,10.959034806970068,0.9868046970436211,2,"TX"
201914,2.656763157894737,"SB",31823,4904,"31823_20181231",3.798286431789645,4.135532546611735,76,13.06983898677534,0.3514075415881268,4,"FL"
307948,6.415583333333333,"NM",3182,9521,"3182_20181231",0,8.120775930171027,48,25.29074722820396,-4.77277454635201,4,"TX"
712353,7.123530000000001,"N",3183,12428,"3183_20181231",0.9413081112239267,2.9364957617277723,100,11.536180646632834,2.558846323816968,4,"TX"
587429,10.48980357142857,"SM",31840,7763,"31840_20181231",0.037802687717853514,1.9384293940747273,56,13.14399994463936,1.642964405601443,4,"TN"
60537,4.324071428571428,"N",3184,981,"3184_20181231",0.0033739329936907456,3.0904570281685926,14,15.626455519329296,2.549585442732517,8,"TX"
84373,2.1634102564102564,"SB",31864,2891,"31864_20181231",1.038103453404325,6.459371858781053,39,12.724746046191306,0.5731121915194781,5,"MS"
129913,8.660866666666667,"SI",31900,1501,"31900_20181231",0.03302037357049299,2.811059131077029,15,21.956049375105945,0.8389505992175923,5,"SC"
187591,3.0256612903225806,"SI",31905,3498,"31905_20181231",1.297073368339792,3.013697179556417,62,10.601410335379452,0.9022030909986181,8,"TX"
98277,3.6398888888888887,"N",3190,1637,"3190_20181231",0.34648700673724736,3.409819121447028,27,8.203354765430095,1.6186046511627905,8,"TX"
262086,3.8542058823529413,"SM",31928,4058,"31928_20181231",0.4286220170069122,2.9509790032125585,68,8.980008721797608,1.2263757450658064,6,"VA"
175093,6.734346153846155,"SI",31936,1862,"31936_20181231",0.78266428883879,1.8641254118781643,26,8.535588158612025,1.4001346138391064,5,"TX"
407257,14.544892857142857,"N",3193,2004,"3193_20181231",3.160430107526882,0.9313523287699663,28,10.931689674494422,2.0793283886048135,7,"TX"
4959305,5.807148711943794,"SB",31945,40832,"31945_20181231",0.6440986490783914,2.061807685135924,854,9.84708410018876,1.2817657755764333,5,"NY"
501383,15.193424242424243,"NM",3195,2747,"3195_20181231",0.48391856004721157,1.098481230298978,33,10.824179417412621,1.1897334176078107,7,"TX"
68738,3.4369,"NM",31966,1171,"31966_20181231",0.0024457651576295643,2.8719355821148715,20,10.251445044625306,1.3705024606425282,4,"WY"
57499,7.187375,"SB",31972,842,"31972_20181231",0.5335961030751497,2.8072680877592964,8,14.956187520936549,2.1965196400027547,5,"SD"
110149,7.867785714285715,"N",3197,1117,"3197_20181231",0,1.7354755991567599,14,10.940040892016548,1.682913871978405,2,"TX"
227078,4.5415600000000005,"NM",31980,3596,"31980_20181231",0.30290158479727336,2.9723178864145847,50,9.727411461348208,1.43466823186643,4,"TN"
139382,4.4961935483870965,"SB",31994,1475,"31994_20181231",0.9824976530651612,2.3126555593740283,31,12.265393962463033,0.43218169186114835,5,"PA"
411293,6.9710677966101695,"SM",31999,5633,"31999_20181231",0.6536030581776456,2.054061091475735,59,17.24848156834446,1.4336291759937507,2,"NE"
67747,2.822791666666667,"SI",32018,1308,"32018_20181231",0.3672556951245476,3.6763151058186674,24,8.764887516541684,0.9998852095529818,8,"TX"
299045,2.64641592920354,"NM",32021,7376,"32021_20181231",1.2335825419276623,4.302179703564634,113,10.204787744251693,0.9086878385646714,4,"TN"
194650,3.743269230769231,"SM",32025,3638,"32025_20181231",0.7039450773593353,3.1752120584289605,52,12.112939298801937,0.8620389856604346,4,"AR"
598464,5.490495412844037,"N",3206,10161,"3206_20181231",1.1111139498580769,2.8074416480738957,109,10.891301832845786,1.2913130034568534,4,"TX"
178724,6.383,"SB",32082,1825,"32082_20181231",0.30320615116785143,2.0594037098005313,28,11.403774774993328,1.4783104497926227,4,"MN"
477591,3.248918367346939,"NM",32084,8084,"32084_20181231",0.09609943359962478,3.179784058352672,147,9.758023295015823,1.7322786633463003,4,"OK"
1000208,4.9761592039800995,"N",3210,17362,"3210_20181231",0.9902573896975171,3.311435164727255,201,15.01408895895892,1.4915304168507881,4,"TX"
296057,3.402954022988506,"SI",32135,4982,"32135_20181231",0.2603410740203193,3.284784587676838,87,13.24100001676755,1.2075616473269268,2,"TX"
604026,3.8719615384615387,"N",3214,10963,"3214_20181231",1.1448423924826423,3.0979405739620822,156,10.80904360789673,0.9019137012861821,4,"TX"
11486859,11.228601173020529,"SM",32172,132297,"32172_20181231",0.05699721697517353,2.5750723491198073,1023,11.061685525572912,1.401476211734679,4,"CA"
6935016,24.94610071942446,"NM",32178,38916,"32178_20181231",0.03281857753323696,0.9788638031548008,278,10.654442864088548,0.8101499082499541,4,"CA"
209953,5.525078947368421,"N",3217,2359,"3217_20181231",1.3261935742167952,2.1844069085271567,38,11.097521440570569,0.7885248595703059,2,"TX"
81602818,12.330434874584466,"SB",32188,1011019,"32188_20181231",1.273156899610999,5.107046326199592,6618,10.073598740353242,1.2740906035933743,6,"TX"
377346,3.4618899082568806,"N",3218,5813,"3218_20181231",2.1448810850984765,2.9848805000666863,109,10.899560291983452,1.5172407711749607,4,"TX"
210533,4.576804347826087,"N",3219,3438,"3219_20181231",2.2509541241529716,2.419411703835436,46,14.48611280473506,1.0531125887247357,8,"TX"
116784,5.561142857142857,"NM",321,1831,"321_20181231",4.455071174377225,2.9816321395621905,21,12.740160904544467,0.7296821269814644,7,"MS"
622104,7.150620689655173,"NM",32203,9035,"32203_20181231",0.415803266102339,2.4746384660852168,87,9.860647122227503,0.9740420387651012,4,"CA"
133351,4.762535714285714,"SB",32209,2279,"32209_20181231",1.417102214558974,3.9910494125610403,28,19.27578858909331,0.35506212831794226,4,"NY"
3198235,9.085894886363636,"SB",32232,27737,"32232_20181231",0.1540770851080731,1.57660454645514,352,9.438725137521873,2.1900885436433466,5,"MI"
635000,5.0396825396825395,"SB",32242,8974,"32242_20181231",1.6772693428082506,2.697399315727096,126,9.569733498985356,0.8727336876445757,5,"OH"
8514086,6.3585407020164295,"SB",32245,106017,"32245_20181231",0.2989754836363887,2.321231303074869,1339,11.977119183529638,0.817808222598502,5,"PA"
339694,4.299924050632912,"SB",32257,6161,"32257_20181231",0.09797905131173378,3.2806615796373237,79,11.836504420816343,0.5385977686839137,5,"NY"
105391,4.391291666666667,"N",3225,2962,"3225_20181231",0.8665116066949424,4.153902388080485,24,10.379031280310379,3.403710923901692,4,"TX"
282331,6.416613636363636,"SB",32265,3887,"32265_20181231",1.090456035351036,2.3795584462573056,44,16.437522118505722,1.1345814441448332,4,"TX"
567202,5.064303571428572,"SM",3226,9758,"3226_20181231",0.7658395599419294,2.766607108648829,112,11.337725661149129,1.2397196864135607,4,"TX"
103254,3.5604827586206897,"NM",32277,1944,"32277_20181231",0,3.00332608790792,29,18.697832875934512,0.7521991568075392,4,"CA"
1086783,13.584787500000001,"SB",32282,7153,"32282_20181231",0,1.1100070329985274,80,13.638781777631447,1.4923909743814072,4,"CA"
78386,4.899125,"NM",32286,1324,"32286_20181231",0.2182725288431556,3.113897274762286,16,16.507283372067917,0.6789990347688579,4,"OH"
278103,5.675571428571429,"SL",32287,3980,"32287_20181231",2.875265407047061,2.4279893794631113,49,14.884816698114214,0.9082227859439777,4,"OH"
598650,3.964569536423841,"N",3228,10162,"3228_20181231",0.7012575123715029,2.688890451742973,151,11.292296871882787,1.0473913174525031,4,"TX"
64343,3.5746111111111114,"NM",32292,778,"32292_20181231",2.056698165647582,3.1401302948110215,18,8.685531503855838,0.18695023954979847,8,"OH"
126423,5.496652173913043,"NM",32293,1675,"32293_20181231",0.3645340897153062,2.238991823090112,23,16.00960847844477,1.1206932333755855,4,"OH"
2750944,5.310702702702702,"SL",32296,36785,"32296_20181231",0.5424674451073032,2.1726857537235764,518,10.056502095212231,1.9959412177462967,5,"OH"
18515,0.8415909090909092,"SL",32306,1775,"32306_20181231",0,12.983307916549958,22,11.277403035413155,0.057058085130663024,5,"OH"
61422,3.2327368421052634,"NM",32307,1049,"32307_20181231",0.7689857578377394,3.245143480444372,19,11.883546108482925,0.13434798046196514,5,"OH"
202974,6.1507272727272735,"NM",3230,2613,"3230_20181231",0.07182052937378954,2.239140611525858,33,9.661383994487647,1.6596447138246238,4,"TX"
8516051,4.168404796867351,"SB",32325,143153,"32325_20181231",1.0477531859519822,2.917112202339566,2043,9.378943671250516,1.007157086013628,4,"NE"
32140,4.0175,"N",3232,505,"3232_20181231",6.04416403785489,2.852248025839095,8,17.339577268700165,0.601765998992963,2,"TX"
149992,5.99968,"SB",32331,2266,"32331_20181231",0.5154639175257731,2.5544531873645795,25,17.703310064070163,1.5985456789626558,5,"MD"
103397,3.335387096774194,"SI",32348,1952,"32348_20181231",0.8822180137155494,3.5840063838570586,31,10.846153846153845,0.33479695897700273,5,"NC"
323768,2.865203539823009,"SB",32360,11137,"32360_20181231",5.784112557467865,4.767277993630632,113,23.720384015110398,1.790356749221498,5,"MD"
532730,1.9232129963898918,"SB",32363,23854,"32363_20181231",1.1761856125779442,6.736340585926349,277,11.84473176267471,0.49125546661267816,4,"MD"
970655,6.104748427672956,"SB",32367,17172,"32367_20181231",0.6742321164924877,2.8454453795046932,159,13.526904333598175,1.0904224251528476,4,"MD"
35898,3.5898000000000003,"N",3237,494,"3237_20181231",0.9011295849727122,3.51256778053797,10,10.479648485805246,0.6143654673184282,2,"TX"
196201,5.605742857142857,"NM",32393,2867,"32393_20181231",1.3416223935644052,2.855506308111456,35,8.6416920237442,0.2229873541863498,4,"MD"
278415,2.442236842105263,"N",32441,11962,"32441_20181231",1.7026552329786135,7.565873566765421,114,9.487889945256429,2.03728416163585,4,"OH"
297631,4.077136986301371,"SB",32459,5537,"32459_20181231",0.7186299812264564,3.699543069071143,73,10.684278252971009,1.463474603783391,4,"LA"
56908,4.064857142857143,"NM",32487,743,"32487_20181231",0.822038655866549,2.52659441141379,14,8.739269315232582,0.4411514051674871,8,"MO"
7002549,3.4942859281437126,"NM",32489,246695,"32489_20181231",0.9259957451232173,5.370760420031355,2004,10.150122525291728,0.784376976022732,4,"WA"
93485,4.67425,"N",3248,977,"3248_20181231",1.0646984924623115,2.35318651303146,20,16.79774320396649,1.5742429322625755,7,"TX"
420400,2.9815602836879433,"NM",324,9046,"324_20181231",1.5566111990814049,3.4352602886538337,141,10.396822934441998,1.470578574599251,4,"MS"
2308542,4.880638477801268,"N",3250,34549,"3250_20181231",0.8500301367024171,3.4333352645448456,473,9.212198997378836,1.0354143034389178,4,"TX"
7027894,6.121858885017422,"SB",32526,100051,"32526_20181231",0.5633845260903074,2.560062527872202,1148,8.69823768764327,1.1913268047274892,5,"HI"
160203,4.329810810810811,"SI",32527,2534,"32527_20181231",0.6977897988252805,3.191450692450293,37,13.046149263734014,0.4052924284831522,6,"MD"
159559,3.626340909090909,"NM",32532,3288,"32532_20181231",0.5419180361972125,3.178767311978762,44,12.488482252936214,2.335395326704901,4,"GA"
18466868,4.689402742508888,"SB",32541,395318,"32541_20181231",1.8838052647602428,3.8997160641514497,3938,8.671697042959837,1.1796799945368526,9,"MI"
1258157,8.332165562913907,"SB",32551,21000,"32551_20181231",1.2779196508683164,3.6554175596746203,151,9.126192619829615,0.8455232615838002,4,"MA"
174653,6.237607142857143,"N",3255,2084,"3255_20181231",0.20560037544416387,2.0161357844007357,28,13.657364087208759,1.0845381586629648,5,"TX"
990721,6.517901315789474,"SI",3256,16100,"3256_20181231",0.16805023971514266,3.175644733159765,152,8.174074456837134,1.855754471365452,4,"TX"
2182999,9.4913,"SI",32574,32170,"32574_20181231",15.956405166346203,4.161349432840841,230,22.54424718427009,1.235023862157425,9,"TX"
76339,4.7711875,"N",32606,1306,"32606_20181231",0,3.469534124421636,16,9.04767413462898,0.9981383619138364,4,"KS"
2378780,7.037810650887574,"N",32612,53746,"32612_20181231",0.683765323100578,3.692512158881173,338,12.077981962608867,0.5517561632419172,4,"OH"
784398,4.872037267080746,"SB",32629,11243,"32629_20181231",0.8729966954454618,5.118207144410984,161,15.06488542855769,1.9521708690655546,4,"SD"
1606623,5.409505050505051,"NM",32647,26312,"32647_20181231",0.3243693893093255,2.909407315873779,297,9.63416748909171,1.4728870542016044,4,"IA"
275135,2.547546296296296,"N",3268,5749,"3268_20181231",1.399733688415446,3.7407827974299637,108,11.474321534939907,1.6522689051472597,4,"TX"
469922,4.746686868686869,"N",3269,6234,"3269_20181231",0.2727764439446353,2.520370843488417,99,11.266391101399474,1.0085791700181854,4,"TX"
776496,6.2620645161290325,"NM",32718,13883,"32718_20181231",1.650092906785425,3.1971937910526584,124,12.303599613373468,0.8305552304850152,5,"FL"
715115,6.560688073394496,"SM",32722,10277,"32722_20181231",0.058973189469633265,2.3172878212500385,109,10.885073750388614,1.5800914997405058,4,"KS"
525509,3.1657168674698797,"NM",32737,9359,"32737_20181231",0.48942592114916267,3.57400514049373,166,12.171582891954696,1.5664885895460352,4,"FL"
238294,4.582576923076923,"NM",32745,4289,"32745_20181231",0.3017715584161877,2.810567961055572,52,14.109025959726946,1.0160571666059905,4,"MO"
240334,4.369709090909091,"N",3275,4660,"3275_20181231",1.3260537391319887,3.3352909426058384,55,11.946481554050271,0.7773858787345923,2,"TX"
1792114,3.821138592750533,"N",3276,36505,"3276_20181231",1.0071200771341688,3.342461234255858,469,13.241041381151353,1.6469800428068393,4,"TX"
11378267,6.248361889071939,"NM",32773,230635,"32773_20181231",0.30025048539874066,3.555428348702945,1821,10.286735643191223,1.1007177059225703,4,"MA"
2520891,8.692727586206896,"NM",32779,32602,"32779_20181231",0.039515518203217484,2.2780149552515216,290,10.768337788288681,1.3772974910617761,4,"CA"
413629,12.534212121212121,"N",3279,3623,"3279_20181231",0.15090019773129357,1.6829648981606955,33,10.182299212598425,1.0581207877664267,5,"TX"
91421,2.85690625,"NM",327,2287,"327_20181231",0,4.124930140578651,32,8.449551607733488,0.3471475860883023,4,"MS"
87477,3.49908,"N",3281,1597,"3281_20181231",0.17411788805244022,3.497126822650176,25,9.416321467855555,0.5047160856257785,8,"TX"
381742,3.4703818181818185,"NM",32838,8566,"32838_20181231",0.2015196445795877,3.9131991075537664,110,9.005979964337476,1.1820337331758006,4,"SC"
1874272,0.6665263157894736,"N",3285,133995,"3285_20181231",3.214247463051908,15.625714984453982,2812,8.909283050657143,1.5952158412858761,9,"TX"
528374,3.5943809523809525,"N",3286,10331,"3286_20181231",0.6269172393501269,3.474327615308168,147,9.199661232267626,1.0626435321943046,4,"TX"
246588,7.954451612903226,"N",3289,1854,"3289_20181231",0.16521096168954202,1.4426979880790929,31,10.361000626722976,0.936404634726804,5,"TX"
76579,2.8362592592592595,"NM",32907,1327,"32907_20181231",1.0063462000537096,4.51763605392463,27,31.81176532671935,3.636697023409327,6,"IN"
76226,3.0490399999999998,"NM",32908,2112,"32908_20181231",0.06099616366233808,4.869971882257942,25,13.770175551411484,1.0284412670606833,4,"CA"
1216056,4.178886597938145,"SM",32912,18618,"32912_20181231",3.656158264599608,3.263112145435434,291,13.783452802501428,0.9230902376376977,4,"KY"
350327,12.511678571428572,"N",3292,2035,"3292_20181231",4.439286948792652,0.8899045760713762,28,9.60247880425994,0.6972539329893901,2,"TX"
137448,3.818,"NM",3293,2051,"3293_20181231",0.3056819899561632,2.407857931974708,36,11.364148324698256,1.0533460263733163,8,"TX"
1823484,5.788838095238096,"SM",32941,29302,"32941_20181231",0.2576378350430608,2.6775430363770996,315,11.000980309653013,2.5147256321650624,4,"TX"
19833,3.3055000000000003,"SB",32957,897,"32957_20181231",0,8.402681668673724,6,81.06473904346245,24.358790013839712,5,"CT"
4293394,5.547020671834626,"NC",32961,322513,"32961_20181231",0,20.527522686980436,774,58.03868975459021,10.899478077358465,9,"CA"
47355,2.9596875000000002,"NM",32968,755,"32968_20181231",4.091280494922376,4.064030740055236,16,8.207737978730345,0.16148466516775772,7,"AL"
1701434,2.798411184210526,"NM",32974,75992,"32974_20181231",1.7401720601845048,7.175592936090851,608,8.543336562116435,1.6553778092628872,4,"LA"
149817000,478.6485623003195,"N",32992,75000,"32992_20181231",0.16170373810875438,0.39146055729617835,313,10.457071800050839,2.090902169337936,9,"UT"
1554869,7.511444444444445,"NM",33005,19074,"33005_20181231",0.7963191223703163,2.011032275023715,207,8.718526673064401,1.1265073387949562,4,"IL"
363677,4.603506329113924,"NM",33009,6378,"33009_20181231",0.3245729350110022,2.9526850229253188,79,11.89551345308028,1.3063495847315647,4,"DE"
155175,4.563970588235295,"NM",33010,2612,"33010_20181231",0.687302400559839,3.5189510733830596,34,12.166534625608067,1.1617954660226315,8,"GA"
57480,4.79,"N",33013,841,"33013_20181231",0,2.4243062133810476,12,17.018355002433427,0.34733185980423115,4,"CA"
307164,4.1508648648648645,"N",3301,5954,"3301_20181231",0.38839243424168746,3.5734114485713437,74,12.601153470687972,1.3390631581794925,4,"TX"
125171,4.172366666666667,"NM",33026,2128,"33026_20181231",0.21244602629364456,3.7168513649363173,30,11.011486653995538,1.9114024693116067,4,"FL"
210848,3.243815384615385,"N",3302,6109,"3302_20181231",0.4104897991054,4.56003982518682,65,8.361450217778051,0.3481907134227287,4,"TX"
22575,4.515,"N",3303,287,"3303_20181231",0,3.088541323364627,5,8.725230572550451,0.3531106695919924,7,"TX"
1401066,5.7657037037037036,"NM",3304,21502,"3304_20181231",0.15642239348695494,3.051960849341179,243,9.670776476094364,1.2449988210118226,4,"TX"
378960,3.989052631578947,"N",3305,6775,"3305_20181231",0.45880344062684514,3.214934537425531,95,14.269135921860645,1.3660594768120362,7,"TX"
109396,7.293066666666666,"SB",33103,1553,"33103_20181231",2.9645770316957436,4.272659487766391,15,14.513066685772626,-0.7386984341674037,8,"CA"
1847790,27.173382352941175,"SB",33111,8857,"33111_20181231",0.037076370420550564,0.9719585433578405,68,10.920602354600607,0.8475972907245154,4,"CO"
898294,4.882032608695652,"NM",33119,13615,"33119_20181231",0.5218282851242667,2.8361579203277283,184,8.789250949769038,0.9642713775542716,4,"KY"
191517000,106.10360110803325,"SM",33124,408000,"33124_20181231",0.5352620172850466,1.1418893633571094,1805,14.56316342003966,1.205767332693423,9,"NY"
104985,6.999,"N",33131,1209,"33131_20181231",0.26719183682870934,2.666976549429822,15,14.167199076943614,1.4290461309152234,4,"MN"
411673,3.9968252427184465,"SM",33136,6863,"33136_20181231",2.0372588513192498,2.919199764321487,103,9.426837426197562,1.1439235909628798,4,"PA"
200934,6.6978,"NM",33137,3027,"33137_20181231",0.270570199524071,2.4276767632640706,30,9.005283596673701,1.1628717315035266,4,"WI"
61217,10.202833333333333,"NM",33183,1246,"33183_20181231",0.09413241292751805,3.2185795153318626,6,9.403416182291481,1.8880508952850033,4,"WA"
1422948,5.536762645914397,"NM",33188,22341,"33188_20181231",0.23200252579594774,3.6332122597314958,257,14.614666550274414,0.10945830191009759,4,"NY"
173742,5.26490909090909,"N",33198,3265,"33198_20181231",0.05226090635343304,3.1048891152368165,33,13.978886710343838,1.0046761424140005,4,"FL"
209810,7.493214285714286,"NM",33202,2362,"33202_20181231",0.303725248909274,2.436060865697218,28,10.605600258744891,1.778284627042863,4,"MN"
240538,6.167641025641026,"NM",33204,2998,"33204_20181231",0.5145292522278186,2.860629347442237,39,10.20386646198485,1.9036416750609013,4,"MN"
129531,4.626107142857143,"N",3320,1550,"3320_20181231",0,2.4355223442771012,28,14.472402534151035,1.3177295219274208,7,"TX"
1485479,3.4546023255813956,"NM",33216,43503,"33216_20181231",1.4714831214791066,4.498842050113449,430,11.252699361199,1.4000075860829422,4,"AK"
4454,0.18558333333333332,"NC",33239,4205,"33239_20181231",0,122.27524568285682,24,67.11493634570557,37.388280017794315,7,"OH"
851721,9.158290322580646,"N",3325,9104,"3325_20181231",0.04707084092540445,2.147327036410272,93,9.46894296627117,2.148379877079682,4,"TX"
119939,7.055235294117647,"SM",3327,1537,"3327_20181231",0.36138988596684,2.065487726362094,17,16.95069207756602,1.478849993953873,2,"TX"
28958011,18.550935938500963,"NM",33306,302256,"33306_20181231",0.8048829973414735,1.7754063919114733,1561,11.444732685804514,0.9955565229054575,4,"IL"
410783,5.705319444444445,"N",3330,6755,"3330_20181231",0.15508299714404225,3.335006166522344,72,8.54713348185933,1.1682498447435863,4,"TX"
317502,3.3073125,"NM",33316,5451,"33316_20181231",5.944483140550601,3.750264583637844,96,15.082221707532348,0.5127918986764449,7,"GU"
60348,5.4861818181818185,"NM",3335,717,"3335_20181231",0,2.195474399816086,11,13.411185588604942,1.3859240040723835,2,"TX"
36668,3.6668,"SM",3336,545,"3336_20181231",0,2.618136801133132,10,13.188724890592296,0.8141596868273424,2,"TX"
303646,3.748716049382716,"N",3337,5784,"3337_20181231",0.5597303569455189,3.852992591982571,81,9.211032667139008,1.5995178612203949,4,"TX"
285421,8.91940625,"SM",33380,3539,"33380_20181231",0,2.03191296564528,32,9.66492721779731,1.0296178551022976,4,"NE"
443331,14.301,"N",3339,2290,"3339_20181231",0,0.964800356203801,31,6.879458072124494,0.9584255635071559,7,"TX"
923767,5.1036850828729285,"NM",33405,18895,"33405_20181231",0.14158464669307458,3.490196724066524,181,9.74945172494754,1.7296502832931753,4,"LA"
487951,4.206474137931035,"N",33418,13721,"33418_20181231",1.097104159036733,4.472271914132379,116,9.194655403484548,1.0947393336883837,4,"VT"
169592,3.0284285714285715,"N",3342,3257,"3342_20181231",0.2829887644223502,3.990735308179679,56,8.71768581210482,0.7708771354063987,4,"TX"
2255175,7.228125,"NM",33440,20671,"33440_20181231",0.17150171435802863,1.6479590249106502,312,10.97137571143578,1.406962820777135,9,"FL"
331653,3.8121034482758622,"NM",33450,7805,"33450_20181231",0.538910925773247,3.603295833741888,87,8.496290069081471,1.0729633837193109,2,"NE"
1094064,6.146426966292135,"SM",33457,15746,"33457_20181231",0.12941250940702342,2.4923448937484394,178,8.718466417616485,1.129820464056202,4,"CA"
914816,6.098773333333334,"NM",33458,12729,"33458_20181231",0.4012907328358916,2.378712963517067,150,9.930195099870637,0.9106336949145653,4,"WI"
238001,2.9750125,"NM",33470,4847,"33470_20181231",2.0535789195154535,3.9778673946615335,80,8.897442971188164,0.3581727426425921,4,"AR"
978543,2.213898190045249,"NM",33492,28522,"33492_20181231",2.843310915237013,5.906112173138846,442,13.429186349116293,1.141923707991286,6,"LA"
15233000,195.2948717948718,"SB",33497,9000,"33497_20181231",0,0.2248991113831291,78,7.124463519313305,1.6305185575276857,9,"NV"
1570941,7.934045454545455,"NM",33503,20237,"33503_20181231",0.5333743444721423,2.313173275238804,198,9.520500489077275,1.4095722875466243,4,"NJ"
194689,4.635452380952381,"N",33506,3437,"33506_20181231",0.08980084873722523,3.3070260205785247,42,9.017613802177364,1.1786324767424632,4,"GA"
655275,5.284475806451613,"NM",33508,10907,"33508_20181231",0.33956727752972743,2.77934919727017,124,10.421220783588364,1.4039349040563518,4,"AZ"
6158157,12.027650390625,"SI",33510,59596,"33510_20181231",0.12228720636063464,1.6765316585150136,512,9.713138430004951,0.9903039788160415,4,"MA"
47076,4.7076,"N",3351,729,"3351_20181231",5.903107612973266,2.8418417596848324,10,20.86874611975766,1.0998030203545635,8,"TX"
4217941,16.037798479087453,"NM",33539,34999,"33539_20181231",1.326036200545747,1.3816153840407195,263,10.162187334571401,1.7917690431332942,4,"CA"
416271,3.6197478260869564,"NM",33542,15617,"33542_20181231",0.10353114100066495,5.1210048501430165,115,10.689398192059775,1.8895659743812958,4,"UT"
125636,5.710727272727272,"NM",33552,1525,"33552_20181231",0.1868922043777123,1.9932904752231528,22,11.159370854652265,1.2360043973376988,2,"IA"
12326862,5.833820160908661,"N",33555,171592,"33555_20181231",0.45070725708724724,2.950887186413105,2113,9.987059933687428,1.4817952863110118,4,"FL"
191004,5.968875,"N",3355,1984,"3355_20181231",0.01608770095262172,1.8719531750316432,32,12.11154760674041,1.7256754161878707,5,"TX"
215021,3.5249344262295086,"N",33565,4834,"33565_20181231",0.35278021485848915,4.506427386329033,61,14.562941687766903,0.4771567151507217,5,"FL"
50322,2.5161000000000002,"NM",33568,1537,"33568_20181231",10.458908467262317,7.682787749272374,20,3.2274180655475617,-2.451800445389428,4,"PA"
95577,3.1858999999999997,"N",3358,1621,"3358_20181231",2.5983543755621437,3.40389797681001,30,9.37145333360847,0.11768530948244396,4,"TX"
3280197,6.626660606060606,"N",3363,50939,"3363_20181231",0.14263393796772386,2.564113815086065,495,11.406038330138475,1.5527702457742614,4,"TX"
376287,4.824192307692308,"SI",33645,7869,"33645_20181231",1.2027671256339743,3.5423955139297476,78,8.916540794552734,0.6531999430291779,4,"MA"
2886783,,"OI",33646,,"33646_20181231",0,0,,0,0,4,"NY"
5938844,,"OI",33648,,"33648_20181231",0.3262878818813325,0,,0,0,9,"NY"
232396,,"NC",33649,,"33649_20181231",0.8009563658099224,0,,0,0,4,"NY"
53976065,,"OI",33653,,"33653_20181231",0.07966693620617026,0,,0,0,4,"NY"
46369,,"OI",33656,,"33656_20181231",0,0,,0,0,7,"NY"
1560387,,"OI",33661,,"33661_20181231",3.598401442159288,0,,0,0,9,"CA"
1986963,,"OI",33664,,"33664_20181231",0,0,,0,0,4,"IL"
8934962,,"OI",33681,,"33681_20181231",0.5381704271334962,0,,0,0,9,"NY"
8961145,,"OI",33682,,"33682_20181231",0,0,,0,0,4,"NY"
1232419,,"NC",33684,,"33684_20181231",0,0,,0,0,9,"NY"
7084581,,"OI",33686,,"33686_20181231",3.1599391809527018,0,,0,0,4,"NY"
116840,6.149473684210527,"NM",3368,1687,"3368_20181231",2.1006830124853133,2.6929275606585006,19,15.97712028311592,1.1443917426725319,8,"TX"
7842600,,"NC",33690,,"33690_20181231",0.4247337270421208,0,,0,0,4,"NY"
41678575,,"NC",33692,,"33692_20181231",0.439997192050179,0,,0,0,1,"NY"
2284470,,"NC",33693,,"33693_20181231",0,0,,0,0,9,"NY"
636817,5.842357798165137,"NM",33708,7211,"33708_20181231",3.7578362172386806,2.2970903522205206,109,11.95943460669434,1.4020596345801037,4,"IL"
229974,4.893063829787234,"NM",33739,3615,"33739_20181231",1.5690275257791868,2.4002577840364387,47,12.574065988897898,1.8074257112872198,4,"TN"
398048,8.845511111111112,"NM",33753,3609,"33753_20181231",1.293122058633047,1.4751513301795613,45,11.468213469066106,1.1240113319858693,4,"IL"
1361706,5.920460869565218,"NM",33758,18825,"33758_20181231",1.0606010286758665,2.3425083899145593,230,10.35476944493293,1.499533339284231,4,"ND"
295803,4.350044117647059,"NM",33761,4975,"33761_20181231",1.6983915809582288,2.898252755875832,68,8.717471804670195,1.8730018401060886,4,"MN"
255317,3.7002463768115943,"N",3376,5525,"3376_20181231",1.2012557403419557,3.697086386982725,69,10.831760608595832,1.7634258773979636,4,"TX"
49436,2.6018947368421053,"N",3377,965,"3377_20181231",0.8768901470689774,3.8852777308796216,19,9.678873481303397,0.2996792166132028,2,"TX"
17809,0.6849615384615385,"N",33785,3354,"33785_20181231",0,59.66581290401268,26,89.30843543826579,13.361385534821318,7,"MO"
173655,3.1009821428571427,"NM",33794,3292,"33794_20181231",1.4308608058608059,3.2889919315772516,56,11.20411397896734,0.8359075229423943,4,"TN"
41060,4.562222222222222,"SI",33802,800,"33802_20181231",0.5878492918466671,3.7272953471012693,9,12.07897793263647,0.35580990296093556,5,"PA"
1733933,17.87559793814433,"SM",33803,12118,"33803_20181231",0.23798554293430774,1.5261457136318708,97,9.766683890456695,1.4919109675733149,4,"IL"
145714,5.604384615384616,"SM",33805,1955,"33805_20181231",1.7478800151879508,2.6250479207441337,26,9.86878354386466,0.922768574752998,4,"IL"
7180903,9.043958438287154,"NM",33806,111325,"33806_20181231",0.5517712688261139,2.5234398554703086,794,9.687881553492216,0.42291004293854173,4,"CA"
290551,10.376821428571429,"N",33812,2745,"33812_20181231",0.6496833851230966,1.6807147993580809,28,13.382929227190274,1.8965154866867846,4,"WI"
84168,2.338,"SB",33818,3122,"33818_20181231",1.8850678253497244,6.221752300947477,36,8.549391871848117,1.4093605737125823,5,"AR"
420245,6.272313432835821,"NM",33823,5223,"33823_20181231",0.4088439858168924,2.900477516654928,67,11.213683090551843,1.0317116721267692,4,"UT"
13089983,6.221474809885931,"NM",33826,195836,"33826_20181231",0.6631401154923672,2.6280984630889264,2104,10.418451867974966,1.3818775652908268,4,"WA"
175363,0.10818198642813079,"SB",33831,65876,"33831_20181231",0.05738880918220947,108.18732172271102,1621,69.23988398415393,390.69028464103496,7,"OH"
106871,3.447451612903226,"NM",33832,1669,"33832_20181231",0.1824601934865649,2.969813309533793,31,11.121008119714217,1.2560156030606002,4,"MO"
747181,4.174195530726257,"NM",33845,15243,"33845_20181231",0.11388726835245876,3.0742069546587736,179,10.533663061289593,1.3943684807868995,4,"ID"
2458416,13.81132584269663,"SM",33849,22908,"33849_20181231",0.41671662331298576,1.9155248108827967,178,10.401547044499694,1.5071474552198392,4,"IL"
283358,5.66716,"N",3384,3392,"3384_20181231",0.39558675516938246,2.1134151826965657,50,16.323875539017337,1.2399446278945698,8,"TX"
66449,4.1530625,"NM",33851,1065,"33851_20181231",0,3.0925299354498117,16,10.094190087179175,0.9418568377606603,4,"TN"
59168,0.2790943396226415,"N",33855,11931,"33855_20181231",0,53.70988083997822,212,99.94486465997002,20.921922273757918,7,"OH"
463982,4.783319587628866,"NM",33859,6824,"33859_20181231",0.24553844728368956,2.7168003072505322,97,7.759274797785842,0.5801140131697938,4,"NY"
2154490,6.670247678018576,"N",33860,40728,"33860_20181231",0.3198039920070051,2.8900544596031317,323,8.301765813780987,1.083656497151726,4,"IN"
1640176,7.193754385964912,"SM",33867,19359,"33867_20181231",0.7684591162071401,2.108586622425773,228,9.0368589265821,1.29826696925673,4,"IA"
32063,0.2392761194029851,"NC",33879,15252,"33879_20181231",0,138.72779870828847,134,80.00843398897557,20.246905274488697,7,"FL"
996832,5.359311827956989,"NM",3387,15960,"3387_20181231",0.5723738739350789,2.5846294140551707,186,9.207354663863045,1.4314218790665394,4,"TX"
126462,4.8639230769230775,"NM",33880,1659,"33880_20181231",0,2.0051747494344694,26,11.132006941361636,1.0538144668560714,4,"WI"
172423,8.210619047619048,"N",3388,1605,"3388_20181231",2.251542152159013,1.6334567038702934,21,13.48739106248841,1.5543532862562142,2,"TX"
25140256,97.82200778210117,"N",33893,40748,"33893_20181231",0.23597508450062565,1.0534140508551237,257,8.52650789954846,1.5756069471366252,4,"FL"
545482,4.508115702479339,"SM",3389,10720,"3389_20181231",0.04558378397877567,3.3819984182512752,121,10.474599420931138,1.2274949721897457,4,"TX"
3095367,10.249559602649008,"SM",33905,43743,"33905_20181231",0.7880664078422321,2.4127427990170913,302,9.424557496923775,1.302295160121681,4,"CA"
217309,4.829088888888889,"SB",33922,3382,"33922_20181231",0.07245486921282082,2.7445364813806408,45,8.750122162911806,0.9910438995742182,2,"SD"
186601,4.784641025641026,"NM",33926,2729,"33926_20181231",0.5239781018470698,3.0137547641995623,39,9.241550134821598,1.8476626936256422,4,"MI"
951851,8.066533898305085,"N",33928,12045,"33928_20181231",2.6271917291257942,2.646114828242569,118,9.837623439542913,0.5744199608336954,4,"CT"
5889864,11.261690248565966,"SM",33935,73902,"33935_20181231",0.5271667533331241,2.549007353927854,523,9.705962084687588,1.5636611936947689,4,"IL"
21253212,303.61731428571426,"N",33947,8680,"33947_20181231",2.0468392477242343,5.564298366899667,70,14.139655147905748,1.1705060741517777,3,"DE"
120417879,5.067239479885541,"N",33954,196097,"33954_20181231",1.94745031325529,6.483341811772529,23764,14.01786171796763,2.8214031166964064,3,"VA"
170193,4.7275833333333335,"N",33959,3376,"33959_20181231",0.5674657756205757,3.6723180373727855,36,16.934729056967804,0.6022016351325253,5,"FL"
95268,0.5604,"NC",33962,27365,"33962_20181231",0,41.76264341033664,170,94.1287197231834,9.554401615516054,7,"GA"
479639,6.9512898550724636,"NM",33999,6661,"33999_20181231",1.2270425941868568,2.6736938530244316,69,8.609642669362168,0.9698168084116675,4,"CT"
59433,2.7015,"SM",3399,1454,"3399_20181231",0.6385671912489845,3.9407532685459845,22,8.759208867060462,1.0074851189493086,2,"TX"
256468,5.456765957446809,"N",3400,4669,"3400_20181231",0.6083018803983615,2.9674276828987223,47,11.250182539255547,1.6299954877894387,4,"TX"
887314,8.450609523809524,"NM",34010,10706,"34010_20181231",0.03389801924260694,1.8816101880350493,105,16.57316724163325,1.4591460111776882,4,"CA"
1564639,14.22399090909091,"SM",34011,13764,"34011_20181231",0.40342824647629877,1.8004377122668356,110,9.463963823193238,1.232823124005463,4,"IL"
135066,4.5022,"N",34014,1846,"34014_20181231",0,2.5498712758753386,30,10.31710790243305,0.7741346546822467,2,"TX"
58522,4.501692307692307,"N",3401,1003,"3401_20181231",1.014375505631962,2.888979861530064,13,15.371015456789259,1.1634922002930277,2,"TX"
93530,4.066521739130435,"SM",34020,1544,"34020_20181231",0,2.9406943579320064,23,10.427993562698447,1.435924335311281,4,"KS"
222579,3.974625,"NM",34023,3916,"34023_20181231",1.3018593754633612,3.3111128797213887,56,8.676427722594678,0.5694620161974209,4,"TN"
1915036,16.09273949579832,"N",3402,12466,"3402_20181231",0.3878432781508812,1.2224030762172142,119,11.910064710443594,1.2060715963338833,4,"TX"
311494,13.54321739130435,"NM",34038,3197,"34038_20181231",0.2835511817007371,1.6431766356502744,23,13.108542818656547,2.293252277947099,4,"IL"
243608,9.369538461538461,"SM",34040,3300,"34040_20181231",0.0015385720000410284,2.320458690136378,26,9.771105736035539,0.7573805370546569,4,"CO"
1091340,4.828938053097345,"NM",34047,19299,"34047_20181231",0.3526469304474944,2.9068484667570225,226,9.98243448581749,1.1188529833298413,4,"SC"
95272,3.528592592592593,"NM",34052,2209,"34052_20181231",0.6205529744306183,4.10283099675807,27,14.372844021445493,1.4984440902536078,4,"WI"
139586,1.1441475409836066,"NC",34056,23435,"34056_20181231",0,38.77219607793125,122,90.01231607867715,4.36659255574969,7,"NY"
19617,0.7265555555555556,"NC",34057,3098,"34057_20181231",0,30.17114567164785,27,85.84734799482536,17.8957299814347,7,"OH"
315233,9.006657142857144,"SI",34058,3093,"34058_20181231",0.9103781860103757,1.5750021595093595,35,15.25007553951114,0.8340505037255536,8,"NJ"
1916572,4.051949260042283,"SM",3405,38406,"3405_20181231",0.8472067972053037,3.291485661317627,473,13.588362723674921,1.031902019274392,4,"TX"
3030,,"NC",34065,0,"34065_20181231",0,139.4757691799815,0,99.40613658858463,-0.42915621286148165,7,"MO"
879101,7.711412280701754,"N",34068,12489,"34068_20181231",0.2069697578248913,2.454014104734837,114,8.606344253770152,1.9972967814597569,4,"GA"
4322138,8.644276,"N",34069,101715,"34069_20181231",2.464794974678383,5.207336411900906,500,12.509094589928225,1.3162454137286388,9,"DE"
829650,11.685211267605634,"NM",34072,8176,"34072_20181231",0.18249768310209125,1.663468529945836,71,12.53846501139396,2.3069841862345974,4,"NV"
1518593,14.462790476190477,"SM",34073,11294,"34073_20181231",0.39634738046318596,1.5388748573680737,105,10.029227513602237,1.2993377638078372,4,"IL"
368178,7.36356,"NM",34074,4977,"34074_20181231",0.06503237481267848,2.0996614041983204,50,11.574887354880921,1.291585432252447,4,"WI"
804907,8.94341111111111,"NM",34076,7058,"34076_20181231",0.3599125657431912,2.8178048670761404,90,8.557044535002891,1.2298357236696116,4,"IL"
208253,4.958404761904762,"SM",34089,3250,"34089_20181231",0.6998463901689708,2.7402045155411563,42,11.2089144640593,1.4584387972056292,5,"IL"
613956,4.01278431372549,"NM",340,10807,"340_20181231",3.037907999385394,3.385261460054042,153,14.11024897886356,0.1603136767348298,4,"MS"
2192939,6.546086567164179,"NM",34102,22534,"34102_20181231",0.8861943599700847,2.0790849049007436,335,9.981127629942916,1.3631486402220137,4,"WV"
355907,6.24398245614035,"NM",34108,5243,"34108_20181231",1.6120009991450979,3.113667999220361,57,8.936071572463808,0.7158187903294894,4,"IL"
489828,8.746928571428572,"N",34110,6680,"34110_20181231",0.1144512513653417,2.3842730955701668,56,11.688264281803248,2.7921853944259127,4,"GA"
366458,5.0896944444444445,"NM",34116,5574,"34116_20181231",1.1510990004305939,2.732970104169607,72,8.774853039915593,1.6294497925076927,4,"GA"
1686849,7.809486111111111,"NM",34120,26791,"34120_20181231",0.12248824594233806,2.5927124530327093,216,10.092440035592407,1.9076375693600274,4,"MI"
187745,4.940657894736842,"NM",34138,3631,"34138_20181231",0.3354199574874705,3.507988212978196,38,10.810619507573694,1.327117066351318,4,"GA"
195208,5.577371428571428,"NM",34146,2782,"34146_20181231",0.9819074461314664,2.6824673170648725,35,9.553051633526017,1.429479709787444,4,"MO"
2340624,8.07111724137931,"SM",34147,31021,"34147_20181231",0.900668074379927,2.2937541266474155,290,9.35292330709947,1.0311540091682017,4,"RI"
213076,8.195230769230768,"SM",34148,2371,"34148_20181231",0.4420349553092916,2.07159536620476,26,10.109777891243299,1.9447832156192941,4,"WY"
339039,4.291632911392405,"NM",34150,5351,"34150_20181231",0.002559432147320914,3.1700431728765146,79,11.948859817758398,1.4273442018063522,4,"KY"
158202,4.9438125,"NM",34160,2384,"34160_20181231",0.7580346163023328,2.8120464441219157,32,12.064128781920193,1.4461201909930375,4,"GA"
286083,13.003772727272729,"NM",34162,3922,"34162_20181231",2.017755209547743,1.9515012122207784,22,16.916515484261115,0.653226626612531,4,"WI"
97180,4.417272727272728,"NM",34171,1645,"34171_20181231",0.2569928116503408,3.07873006833713,22,10.516175145281084,1.2935560222095672,4,"MN"
177276,5.9092,"NM",34193,2510,"34193_20181231",0.6009240182306299,3.8811383293942985,30,15.309079505654147,2.7619768372341156,4,"DE"
95948,5.9967500000000005,"SM",341,1287,"341_20181231",0.2521576375168972,2.2216435615736265,16,11.014711040501785,1.134588200282717,2,"MT"
769862,2.398323987538941,"N",34207,23275,"34207_20181231",1.9893314833738012,5.98444635319539,321,9.951764407209952,2.3128708210118885,4,"OK"
309150,4.0677631578947375,"NM",34209,4957,"34209_20181231",1.895084476819939,2.892977282016416,76,14.177000853117772,1.6970860929767555,4,"NC"
390671,8.138979166666667,"NM",34210,6152,"34210_20181231",0.43910542968923383,3.0231325956275814,48,12.061289198872059,0.7842169065736074,4,"CA"
668754,4.3996973684210525,"SM",34211,10764,"34211_20181231",0.9362349533668209,2.683628598831002,152,9.351006960223875,1.1696560618947112,2,"NE"
206300,4.584444444444444,"NM",34214,4091,"34214_20181231",0.3103959567753437,2.97333560736985,45,9.745383164033466,0.46581600612806834,4,"WA"
2997331,5.0716260575296115,"N",34217,35399,"34217_20181231",1.1243136457395195,2.901447701207742,591,12.242827422422549,1.1120927464262313,4,"MS"
75169000,103.1124828532236,"N",34221,138000,"34221_20181231",0.1331946649150656,0.7028471805292569,729,9.982350570479593,1.4461044658938715,9,"NY"
238189,4.861,"NM",34222,4112,"34222_20181231",1.7996151974877261,2.859243107379989,49,10.220825769604973,1.8897983332892225,4,"SC"
303881,5.733603773584906,"NM",34229,3864,"34229_20181231",0.15058363624578042,2.260553070407103,53,10.384517965866937,1.3634093819341868,4,"GA"
269642,4.5702033898305086,"NM",34233,4622,"34233_20181231",0.009615912962250674,3.132609063401558,59,8.890581499185796,0.447023504710204,4,"FL"
185378,4.753282051282052,"NM",34240,2948,"34240_20181231",0.717438919366104,2.8227910727961563,39,12.637322581187856,1.0917277198309263,4,"WI"
719982,7.659382978723404,"SM",34252,21493,"34252_20181231",0.5006109819070519,4.191719294698844,94,9.419180560338964,1.1762497347217111,4,"CA"
267549,5.460183673469388,"NM",34253,3554,"34253_20181231",0.9653260941786186,2.161145032564353,49,11.391179660375435,1.4543303212245737,4,"NJ"
1072504,6.788000000000001,"NM",34254,12255,"34254_20181231",0.1620374020164924,2.1486503615433605,158,10.454669207732099,1.2850760926869091,4,"KY"
247108,3.9223492063492063,"NM",34256,4083,"34256_20181231",0.30908785486309426,3.253908324446728,63,9.91322640021036,0.7978702934845724,4,"KY"
504592,4.5872,"NM",34259,6993,"34259_20181231",3.161492602757094,2.755522809095406,110,18.387796171629812,1.814827183999529,4,"NJ"
832274,6.658192,"SM",34294,21294,"34294_20181231",1.723553410331552,4.408125914504014,125,17.459428871933007,3.228163074802031,4,"MD"
1514041,10.026761589403973,"NM",34295,17309,"34295_20181231",1.898955913022498,1.8305189420890984,151,12.443411613382308,1.1193357645364879,2,"WI"
395609,3.139753968253968,"SM",342,8949,"342_20181231",1.1180997773176544,4.122320608032588,126,9.811195142063866,0.3353120886217431,4,"MT"
258172,7.376342857142858,"NM",34304,2629,"34304_20181231",0.04978454355870981,1.8621996550132407,35,14.990798059227037,1.5524404168994923,4,"WI"
26189,4.364833333333333,"NM",34308,709,"34308_20181231",1.5566980862610682,5.001444861848978,6,19.947594984091335,-0.05927638354783975,4,"KY"
5534992,7.561464480874317,"SM",3430,45432,"3430_20181231",0.44888924968646504,1.9070037879745099,732,7.545219572561927,1.3056653761237063,9,"CA"
161617,2.2446805555555556,"NM",34311,3760,"34311_20181231",0.8764249566603044,4.094496511450537,72,9.904845343262515,1.0845791580639002,4,"TN"
40378,0.31793700787401574,"NM",34313,11634,"34313_20181231",0,44.11488642763282,127,32.74342148869888,9.827847038946985,7,"NV"
422999,4.548376344086022,"N",34319,6989,"34319_20181231",0,2.5819741382594166,93,12.455416429520016,1.4414028123837086,4,"TX"
327274,4.142708860759494,"NM",34325,8044,"34325_20181231",2.8711036597471926,4.144769568800789,79,9.953692449803102,1.2322949382292276,4,"IL"
121083,4.657038461538462,"NM",34328,2412,"34328_20181231",0,2.7781238320667745,26,9.998014954013101,0.38986069075693064,4,"CO"
3824,1.2746666666666668,"N",34331,282,"34331_20181231",0,17.248666067938085,3,85.0930049777312,1.5584552802578053,7,"NM"
80135,4.217631578947369,"NM",34334,1562,"34334_20181231",0.5001000200040008,3.9362280836343855,19,10.860723877733726,0.5342223090120374,4,"IL"
1674217,239.17385714285714,"NM",34351,1053,"34351_20181231",0,37.57652017413657,7,18.259856461997803,13.80162043505709,9,"NV"
367261,8.957585365853658,"N",34352,6271,"34352_20181231",0.08857057777031206,3.1592350342603286,41,9.57125863608452,0.3520984256748553,4,"DC"
530188,3.7076083916083915,"NM",34363,13229,"34363_20181231",0.6401291361245924,4.235721845980995,143,8.802496990437541,0.9286475948066744,4,"NE"
28246367,16.99540734055355,"N",34383,290723,"34383_20181231",0.43439376881773734,1.9325995858830998,1662,9.529298738750168,1.1733789836351873,4,"TX"
552325,9.689912280701755,"NM",34384,4912,"34384_20181231",0.3827773593255969,1.464748105678163,57,9.711860262399977,2.265093882280159,2,"IA"
76230,8.47,"NM",34386,981,"34386_20181231",1.0381039912009762,1.8527808341809653,9,42.36405733481444,4.196125928122636,4,"OH"
100338,10.033800000000001,"NM",34393,1267,"34393_20181231",4.777266473741639,2.1827628422697547,10,14.706584444002388,1.294926793339239,4,"IL"
192831,6.427700000000001,"N",34394,2463,"34394_20181231",0,2.2476212674919043,30,11.63510660409351,1.7497107228183504,4,"SD"
2135647,1.9414972727272726,"N",34395,115891,"34395_20181231",5.154900832523525,7.449472134267767,1100,12.898564882560146,1.6759377921840846,4,"IL"
291448,3.6892151898734173,"NM",34397,4866,"34397_20181231",0.7325308963653079,3.064132816331923,79,8.673373677299224,0.7241345871413936,4,"MO"
733285,10.94455223880597,"NM",34401,9366,"34401_20181231",3.515403081572731,2.4940914551444737,67,9.428498615144633,0.20455973693366838,4,"CO"
951996,5.202163934426229,"SM",34403,16026,"34403_20181231",0.23779168875073414,2.990377756456748,183,11.345623320968874,1.189263476272242,4,"WA"
871578,9.272106382978723,"NM",34404,20309,"34404_20181231",0.6348248982676876,4.4098237013293105,94,18.339199999999998,6.168651112750181,8,"UT"
190604,6.572551724137932,"NM",34407,2679,"34407_20181231",0.021393326662295986,2.2071171443729747,29,11.321528983136378,1.5395560115579057,2,"IA"
232096,3.743483870967742,"NM",34409,4005,"34409_20181231",0.31362691983265684,3.4416678124570326,62,11.93713957653188,1.4608827168981164,4,"LA"
1249845,6.218134328358209,"NM",3440,20694,"3440_20181231",0.803072535998253,2.6169254722764697,201,9.048521193301331,1.041427852483998,4,"CA"
779719,8.96228735632184,"SB",34415,7403,"34415_20181231",0.09034833935101991,3.064307710029084,87,7.306815374846264,2.0458741643402623,7,"TX"
224155,5.898815789473685,"SM",34416,3505,"34416_20181231",1.096182047754129,2.4366573899857267,38,23.292730597628537,1.2613490844737012,4,"IL"
620822,10.347033333333334,"SM",34422,5008,"34422_20181231",0.09688083657101765,1.5767879657957056,60,10.375861696066421,1.1809259824183351,4,"PA"
30506,3.0506,"NM",34441,566,"34441_20181231",6.838709677419355,3.937917621459244,10,14.23558574509867,-0.32735745508463154,4,"WY"
9828370,11.884365175332528,"SM",34444,104841,"34444_20181231",0.3622469280280866,2.0985806661140796,827,10.699473456976841,0.7741831660620876,4,"PA"
79543,4.9714375,"N",34455,1529,"34455_20181231",4.758292531549548,2.8796531058381687,16,9.808548746248427,0.5484441909870197,2,"TX"
75247,3.420318181818182,"N",34456,445,"34456_20181231",0.5208333333333333,1.4901083044330208,22,42.930002341058824,-0.48577120791007694,2,"TX"
184136,7.6723333333333334,"SM",34457,1780,"34457_20181231",0,1.9692365956965192,24,9.332713645420988,0.9337413645247933,7,"TN"
67383,4.4921999999999995,"NM",34460,1091,"34460_20181231",0.8186411880226837,4.46406076791293,15,12.342485940272473,-0.33539504182202967,4,"AL"
382486,23.905375,"NC",34465,2117,"34465_20181231",0,1.1093692261771906,16,99.56592597646973,2.844597650204882,7,"DE"
140348,5.847833333333334,"NM",34468,1990,"34468_20181231",0.2717052903284238,2.6570925295067043,24,12.692819945457238,0.9956119325933849,2,"NE"
12229,0.48916000000000004,"N",34478,910,"34478_20181231",0,18.577494692144374,25,78.77081292850147,4.423213021939136,7,"NC"
53260,5.326,"NM",34488,850,"34488_20181231",0.5018525416086727,2.3352397961714826,10,11.414555571826037,1.2119150383773096,4,"IA"
303969,7.237357142857142,"N",34489,3833,"34489_20181231",0,2.337594883836662,42,8.03211120211422,1.0413475087935657,8,"FL"
585044,6.964809523809524,"NM",34496,5965,"34496_20181231",0,1.6863877250098545,84,21.281495483857878,1.555542578507088,4,"CA"
3094591,20.630606666666665,"SB",34507,8188,"34507_20181231",0.8068973261961435,0.6274719099368992,150,7.4788265752750815,1.6189414442109633,5,"IA"
215921,2.5402470588235295,"NM",34517,4549,"34517_20181231",0.3684682792722274,3.7847213651389806,85,11.094308368076236,1.1160014962299942,4,"TN"
3890828,12.969426666666667,"NM",34519,34904,"34519_20181231",4.1283857269350195,6.050929352612518,300,20.03231898745782,5.995253030676514,3,"UT"
114950,4.257407407407407,"NM",34526,1888,"34526_20181231",1.4341590612777053,3.149940717407847,27,11.439788506635516,1.1281388805323045,4,"IL"
1471542,4.133544943820225,"NM",34533,22880,"34533_20181231",0.7476452607788386,2.777870138566024,356,9.019989308172635,1.075748394689879,4,"AR"
299776,3.794632911392405,"N",34535,7866,"34535_20181231",0.946471802640764,10.603116202284648,79,17.0334848652844,1.0909499339382127,3,"FL"
65100,1.669230769230769,"N",34548,3282,"34548_20181231",0.18019821803984384,10.833341913518597,39,18.005735433121327,-2.290909465317175,4,"CA"
161346,17.927333333333333,"SM",34562,1200,"34562_20181231",0.460744319907059,1.6025289081746417,9,9.329828347721342,0.5051098775463804,4,"AR"
377118,6.1822622950819675,"NM",34565,5028,"34565_20181231",0.8670678123512289,2.6976447976943003,61,9.27746630429921,0.9329954915180007,4,"NY"
246357,3.7901076923076924,"NM",34566,4136,"34566_20181231",1.0049511982305552,2.912591404152911,65,13.047560082389456,0.8290836003649554,2,"MO"
221362,13.02129411764706,"SI",34585,2685,"34585_20181231",0.41640908401665633,1.9198732003134413,17,11.013061154658299,1.630357922712318,4,"WA"
18170,,"NC",34588,0,"34588_20181231",0,1.2725941776000902,0,100.95148008012464,4.898924488991497,7,"OR"
13732008,8.534498446239901,"SM",34589,159376,"34589_20181231",0.52029562564898,2.6127288408096883,1609,10.841873624151676,1.3307215668883952,4,"VA"
3344251,5.308334920634921,"NM",34598,47805,"34598_20181231",0.15622468749614069,2.4883666804081055,630,11.189463520755801,1.4502744991854013,4,"MI"
712117,41.88923529411765,"NM",34599,1937,"34599_20181231",1.3734321070797206,0.48103250130772873,17,10.080357707801658,9.18167653335725,4,"UT"
1747884,4.923616901408451,"NM",34603,38851,"34603_20181231",0.5146456277582593,4.147862751451791,355,10.238780235797169,1.0581350565108494,4,"WV"
286729,3.1508681318681315,"NM",34606,7498,"34606_20181231",1.021785561725758,4.381134315502778,91,9.181350017024174,0.7358268759038704,4,"OK"
3538467,17.60431343283582,"NM",34607,22204,"34607_20181231",0.03247066317585732,1.3239490326479304,201,8.57129414218581,0.8229359547330289,4,"IN"
179193,4.370560975609757,"NM",34610,2642,"34610_20181231",0.14253446530103592,2.742434317693945,41,12.424966620664895,1.4677267473256246,2,"MO"
16933790,10.250478208232446,"SB",34617,186515,"34617_20181231",1.1364446732577789,2.6312649917883535,1652,10.771329196491482,0.20954795970624523,6,"IL"
1973456,5.890913432835822,"NM",34618,24973,"34618_20181231",0.09274056183427176,2.3051005599265175,335,11.782809854594536,1.500783030944702,4,"MI"
7634,,"NM",34619,0,"34619_20181231",0,1.924267298221062,0,93.46310666842037,5.167263234383831,7,"IA"
324139,3.341639175257732,"NM",34627,8482,"34627_20181231",0.14487879336662096,4.08538740618734,97,9.708444925548163,1.1525065383838904,4,"WA"
26179,0.10999579831932774,"NC",34629,9867,"34629_20181231",0,63.85301900956165,238,80.97331867692616,19.801942660428722,7,"MA"
418723,7.75412962962963,"NM",34643,4713,"34643_20181231",0.4710375021554172,2.995402802933993,54,8.721683997951125,0.5304458153085269,4,"FL"
49612,4.9612,"NM",34644,812,"34644_20181231",0,3.04964776359164,10,10.631796341566215,0.6923411589498167,4,"MN"
52456,3.497066666666667,"SB",34652,1269,"34652_20181231",0.7384895912475308,5.115272344566016,15,14.590857897394075,-1.1557020592148375,4,"FL"
1587346,7.054871111111111,"N",34656,19982,"34656_20181231",0.32744911398070786,2.154114305706893,225,11.753400540469947,1.5107577095933538,4,"TX"
144839,4.138257142857142,"N",34662,2271,"34662_20181231",1.0094821298322394,3.0911946282816523,35,11.557141119714597,0.5381076741758033,4,"GA"
120753,5.2501304347826085,"NM",34666,1608,"34666_20181231",3.107841849468015,3.0528028551617528,23,11.477863088709197,1.0262466692373269,4,"KS"
1059935,17.665583333333334,"N",34681,6695,"34681_20181231",0.20862499003857302,1.5541533486196806,60,9.851416807361337,1.2217576371615073,4,"IL"
738946,5.514522388059702,"NM",34683,11024,"34683_20181231",0.008164518309748762,2.557821057328234,134,9.457910569373935,1.1009855344802202,8,"FL"
349566,3.121125,"NM",34685,8955,"34685_20181231",0,4.343205414841812,112,9.497673344016302,1.0407031943891458,4,"OR"
158451,6.889173913043478,"NM",34686,1966,"34686_20181231",0.025730345974190483,2.202928106166677,23,11.422701198930598,0.98034739554798,4,"IA"
2742297,53.770529411764706,"NM",34697,4567,"34697_20181231",0.7964485988101425,19.97351139895244,51,10.880004441195792,9.653688225540643,4,"UT"
2180728,14.160571428571428,"SM",34699,25658,"34699_20181231",0.015455157048995522,2.162296344984302,154,14.73475973398772,1.4398226787855843,4,"NY"
86240,2.973793103448276,"NM",34702,1993,"34702_20181231",1.1474279043854296,3.883665655844232,29,9.218494554330055,0.7610439180882577,4,"FL"
258827,2.975022988505747,"SB",34710,50411,"34710_20181231",0,4.623846767478584,87,0.6291559502290609,-3.876360496259332,7,"OH"
93514,15.585666666666667,"SI",34711,878,"34711_20181231",2.8022164423838065,1.5376231487615668,6,21.618252356234752,0.9061184365182826,8,"PA"
2147149,9.940504629629629,"SM",34717,19711,"34717_20181231",0.32670852688293117,2.140739698038631,216,9.973443317066845,0.9494654422453237,4,"WI"
227654,10.840666666666667,"NM",34719,1609,"34719_20181231",0.17765789832003062,1.3646515094764353,21,14.252231725992603,1.715388430632083,2,"KS"
1492555,9.567660256410257,"NM",34726,13093,"34726_20181231",0.3193989561015206,2.5656657994946124,156,9.577067847712401,1.8232274155055628,4,"NM"
1062153,4.963331775700935,"NM",34728,21161,"34728_20181231",1.2176918846727944,3.3953189985118204,214,11.378146762740478,1.2156178326057745,6,"TN"
6630,0.4735714285714286,"NC",34732,2061,"34732_20181231",0,49.21847034960029,14,88.07862127902008,4.325259515570934,7,"IN"
8380685,17.831244680851064,"SM",34742,67734,"34742_20181231",0.23217364426182202,1.5808717196192554,470,13.77557888542977,2.037284091004148,4,"MD"
143962,5.75848,"NM",34747,1562,"34747_20181231",0.054561922325647376,1.9509284124033144,25,14.244072504231342,1.7063451077601048,4,"FL"
96326,4.188086956521739,"SB",34748,2589,"34748_20181231",0,5.274597512732339,23,15.745870342424825,1.3346783414511125,5,"IN"
99463,4.324478260869566,"NM",34752,1309,"34752_20181231",0.5019159966939665,2.298892853201898,23,9.506111497565337,1.1565985376997994,2,"IL"
644554,7.4948139534883715,"N",34755,7971,"34755_20181231",0.28109235093728474,2.4394871316427653,86,11.050909033965455,1.3806645598748197,4,"VA"
211126,5.706108108108109,"SM",34759,1817,"34759_20181231",0.6287269898885144,2.215073150680251,37,8.597632341372629,1.061807978082434,4,"PA"
339421,5.56427868852459,"SM",34760,5484,"34760_20181231",0.5167067151578126,2.611779220482506,61,11.803407632576542,1.0001599293905727,4,"OH"
36899806,11.267116335877864,"SB",34775,492748,"34775_20181231",9.424631241902983,2.7860109638119908,3275,8.459777416848922,0.6888486910110595,5,"FL"
242470,6.927714285714286,"NM",34778,2808,"34778_20181231",1.312499487625122,1.8687073501654674,35,10.360529604430251,0.9808731815670941,4,"IL"
739410,3.2862666666666667,"NM",34781,19192,"34781_20181231",2.546584674106078,4.501848422745155,225,12.859799772515345,1.7763309632226478,4,"UT"
145523,5.018034482758621,"NM",34784,2579,"34784_20181231",2.549840580217932,2.976338364823146,29,11.67193176901512,2.027757922780838,2,"LA"
290692,5.285309090909091,"NM",34786,4811,"34786_20181231",3.9863014257783007,3.330330296353078,55,9.558603465535569,0.6972514432963446,4,"PA"
2157443,11.295513089005237,"NM",34788,31674,"34788_20181231",0.097739591973196,2.256861095791491,191,8.33458010716307,0.8130254684828021,4,"CA"
67019,0.22045723684210528,"SB",34799,51933,"34799_20181231",0,112.54383925130045,304,43.47356664184661,-1.3776912761084443,7,"WI"
746566,4.6660375,"NM",34803,12774,"34803_20181231",0.12786496955932983,2.826857763007599,160,11.65577888425422,1.2832000522298523,4,"LA"
686280,6.8628,"SM",34805,10070,"34805_20181231",0.03749340225324427,2.6413580128417493,100,9.536029891811229,1.6510422697782943,4,"CA"
704128,6.90321568627451,"N",34811,8410,"34811_20181231",0,2.1975934045054735,102,11.819366385350028,0.8711515686585437,4,"NE"
775831,4.3586011235955056,"NM",34812,16608,"34812_20181231",0.7063392629647554,3.6246547633696813,178,9.621671132354567,0.9320659865496947,4,"SC"
94851,6.3234,"NC",34813,1468,"34813_20181231",0,4.795516703448064,15,99.4277143677733,9.142175683792935,7,"SD"
582603,8.56769117647059,"SM",34836,6594,"34836_20181231",0.3560247989687558,2.2981841162613494,68,9.61354975515831,1.9187325589377042,4,"MN"
1239307,5.2961837606837605,"NM",34837,11761,"34837_20181231",1.9796502786178716,2.4267329867255247,234,10.786260394225957,1.5269996242142356,4,"WV"
282658,4.559,"SM",34847,5504,"34847_20181231",0.0448364930064818,3.110814419225634,62,12.633802714827189,1.2216288384512684,4,"TN"
326847,7.9718780487804874,"SM",34849,4094,"34849_20181231",0,2.128326301162603,41,8.801952214002192,1.0571995606607814,4,"IA"
106324,8.860333333333333,"NM",34857,751,"34857_20181231",0.8173916380451676,1.4534803189161136,12,12.036681075303097,0.9003451784899688,2,"IA"
65222,4.348133333333334,"SB",34860,1398,"34860_20181231",0.5907626208378088,3.5807590413783394,15,9.826440513396244,0.09024552902235031,4,"NC"
460502,4.148666666666667,"N",34876,10849,"34876_20181231",1.456649031715278,3.9521986048862914,111,9.824927918420991,0.4359186528808481,4,"CT"
751688,3.815675126903553,"N",34885,10170,"34885_20181231",0.11200862605850476,2.1877471614700523,197,10.912400038346357,0.4963954967489222,4,"TX"
159066,5.680928571428572,"SM",34887,1999,"34887_20181231",0.22746926345076512,2.8598851110640666,28,14.73022746174867,1.0104407885594204,4,"AR"
1466992,15.77410752688172,"NM",34888,8091,"34888_20181231",0.2468636636017449,1.2504203339649993,93,12.09876649851427,1.9980017639579382,4,"NJ"
680984,2.723936,"SM",34890,14203,"34890_20181231",1.1641466945472092,4.461990169213318,250,9.59441895797601,0.24866908047765762,4,"VA"
402528,6.098909090909091,"NM",34899,6321,"34899_20181231",0.14426875573796188,2.643121009135879,66,9.315634565274648,1.1083970531607434,4,"FL"
57795,3.3997058823529414,"NM",34900,830,"34900_20181231",1.2106359514765348,2.9087970176639337,17,9.58431751176704,0.11467722910690102,4,"IL"
130787,2.61574,"NM",34908,2608,"34908_20181231",1.273764977132706,3.6213418558894777,50,25.306072046007834,-0.2751285794634282,4,"FL"
169091,5.28409375,"N",34918,2438,"34918_20181231",0.3980951663906039,2.889232424037063,32,9.108467426594308,1.4844094799622807,2,"TX"
98986,4.713619047619048,"NM",34930,1568,"34930_20181231",0.9032290438316983,2.814829425446058,21,12.157222147851428,0.8197933874109322,4,"KS"
745385,5.401340579710145,"NM",34934,12037,"34934_20181231",0.381811461421707,2.7862995261584143,138,8.773454857569963,0.9347791398699885,4,"NC"
491989,5.233925531914894,"NM",34936,8505,"34936_20181231",0.1471344010142882,2.9582717114582318,94,9.637736817764159,0.9880585345611741,4,"TN"
116648,4.1659999999999995,"SM",34938,2012,"34938_20181231",0.6829366274982425,2.8309619127684633,28,11.473190957141512,1.995538558473492,4,"MS"
1349096,8.43185,"SM",34940,23157,"34940_20181231",0.5018481945682957,2.6953804533575116,160,10.772641214638899,2.1065282048332556,4,"CA"
184473,2.882390625,"NM",34944,4180,"34944_20181231",1.3787344968739181,3.6119296753277754,64,9.480610604361301,0.6103065312021249,4,"MI"
1279654,1.7997946554149087,"NM",34953,67853,"34953_20181231",0.3918740381034035,8.968317161423133,711,7.7038476049541265,2.189788362684266,5,"MI"
348812,3.4881200000000003,"N",34955,7272,"34955_20181231",0.30566944927878237,4.205999115202295,100,11.882698560755973,1.6128881641381452,4,"IA"
210710,6.797096774193549,"NM",34957,2983,"34957_20181231",0,2.448850620112173,31,10.049986088324747,1.26342918081997,4,"MI"
88851,2.5386,"NM",34966,2234,"34966_20181231",0.895589223076349,4.616278647441252,35,22.51961393012361,-0.07627210983183816,4,"NC"
9381359,13.213181690140846,"SM",34967,77715,"34967_20181231",1.7568939641188102,2.180307206187063,710,12.424370751263028,0.7345781791596209,4,"NY"
37919000,5.285614719821578,"SM",34968,393000,"34968_20181231",6.737281662168355,3.0531375860724954,7174,9.618130851007562,1.5779957559222209,9,"PR"
584165,7.211913580246913,"SI",34969,7603,"34969_20181231",1.3015490055832524,2.5619846139265245,81,8.332487240926504,-1.3735758741726924,4,"NY"
288802,5.348185185185185,"NM",34973,3385,"34973_20181231",0.13151099528001634,2.2305564085755005,54,9.123479124543293,1.0711752582109522,4,"IA"
514499,4.182918699186992,"NM",34978,8377,"34978_20181231",1.3480244469312215,2.7052902290552705,123,11.381233501319894,1.0649451829399466,4,"LA"
1860011,5.812534375,"NM",34980,26094,"34980_20181231",0.4881540580857511,2.48526813886134,320,10.759679412277501,1.3090942250969904,4,"LA"
967593,11.945592592592593,"NM",34982,8564,"34982_20181231",0.648131209235123,1.4131245065649793,81,8.998404599294943,0.9510648760239595,5,"TN"
120274,5.229304347826087,"NM",34995,1604,"34995_20181231",4.324481811371015,2.31005402853637,23,9.986919609754471,1.5715656820733905,2,"NE"
364059,1.0552434782608697,"SM",34997,32704,"34997_20181231",0.7289170421449512,14.809679142561633,345,11.717562928894942,-0.2620455719349824,4,"FL"
500705,4.957475247524752,"NM",34998,8878,"34998_20181231",0.6090167005146203,3.566375113798992,101,14.754661292366558,2.1628542133908417,4,"GA"
1223006,4.1598843537414965,"NM",35005,21961,"35005_20181231",1.0487820911289458,3.3227084515469962,294,11.224859718156331,1.6122804802439914,4,"LA"
4393019,12.305375350140057,"N",35007,53658,"35007_20181231",1.7177733583463233,1.9472304996736387,357,10.832266378192333,1.5842474802504871,4,"TX"
684352,2.1725460317460317,"NM",35014,43020,"35014_20181231",0.37402208371110685,11.303478807920113,315,11.482688848920864,1.5833888368393902,4,"KS"
243431,3.688348484848485,"N",35015,4749,"35015_20181231",0.24259784292520384,3.3759546926100072,66,11.194563203190866,0.5261013907877833,4,"TX"
64118,4.579857142857143,"NM",35019,895,"35019_20181231",0.27650914965669365,2.7367277491093254,14,10.062314003386987,1.2493409806208362,2,"LA"
385761,3.605242990654206,"NM",35020,6728,"35020_20181231",0.47084470046228966,3.1429024590532206,107,9.807002026144463,1.650483912789058,4,"LA"
475737,4.904505154639176,"NM",35022,6990,"35022_20181231",0.34910021973411365,2.622934078430207,97,10.816998688964922,1.1045034359306394,4,"KY"
224034,5.210093023255814,"SB",35027,4502,"35027_20181231",3.9523895449472364,3.7782211037275424,43,9.670798454603991,0.08831669210242425,4,"GA"
1122516,5.270028169014084,"N",35028,20125,"35028_20181231",1.7278208461273203,3.054978160331178,213,10.472879297174781,1.2356019331800212,4,"TX"
193884,5.385666666666667,"NM",35029,2863,"35029_20181231",0.022188270646185837,2.7241854812580244,36,8.46496137151593,0.9167240771109811,4,"GA"
209466,11.637,"N",3502,2179,"3502_20181231",0,1.6880747642620855,18,10.700571321532266,0.6448091001133782,4,"CA"
195867,10.30878947368421,"SM",35031,2111,"35031_20181231",0,1.77981783964988,19,9.832803576504638,1.2886530460071652,4,"IA"
208002,5.621675675675676,"NM",35033,2980,"35033_20181231",0.04310052890506185,2.9787865214452984,37,12.970576533222184,0.7922147830323604,4,"NY"
127073,4.538321428571429,"SI",35043,2280,"35043_20181231",0.7176086310996733,3.211466333835305,28,11.249690393819062,0.3827665454179622,4,"WI"
204107,9.719380952380952,"NM",35050,1651,"35050_20181231",0.27584876543209874,1.718402782570289,21,18.684079374281676,2.415918541989956,4,"FL"
380287,6.556672413793104,"N",35052,3892,"35052_20181231",0.13488930414444295,1.8350615243698793,58,9.797947487671598,1.2276561598034492,2,"FL"
124495,4.788269230769231,"NM",35056,1615,"35056_20181231",2.1162487317002463,2.513949108676274,26,8.84352660841938,0.6841003283362649,4,"FL"
122763,5.8458571428571435,"SM",35060,1366,"35060_20181231",1.1834927418609191,2.124026387222012,21,12.929933215827688,1.445014538747171,5,"OH"
108895,2.6559756097560974,"NC",35063,5232,"35063_20181231",0,10.186429420941261,41,98.83486212691646,3.8834865765962565,7,"IL"
195173,4.646976190476191,"SM",35069,4065,"35069_20181231",0.001255106715448481,3.3891713801857315,42,10.083562882868067,0.9895945920991029,4,"CA"
20982,1.1043157894736841,"NM",35075,3432,"35075_20181231",0,29.686646281261087,19,70.4983420635302,7.31861622077586,7,"PA"
83681,2.390885714285714,"NM",35077,1284,"35077_20181231",0.11537437505546844,3.229684735065931,35,40.93058584274618,-2.082211915022546,8,"PA"
183747,6.336103448275862,"SM",35084,1703,"35084_20181231",0.9288586382730193,1.6514346234696868,29,14.207028966464117,1.4942317824441447,4,"AR"
47487,4.7487,"NM",35094,512,"35094_20181231",0,1.722212449836983,10,11.445067428142652,1.0226914785255243,2,"MO"
11163043,5.134794388224471,"NM",35095,281793,"35095_20181231",0.07475211281828209,4.137588244664896,2174,9.873455535039314,1.280099581266896,4,"VA"
170168,5.31775,"SM",35101,2727,"35101_20181231",0.48765243680867454,2.7681123801885943,32,12.41027645512046,1.188853702791278,4,"OH"
126993,2.5916938775510205,"NM",35103,4520,"35103_20181231",0.1568124309490716,5.7964552446772935,49,10.840354506163496,1.0685472634043027,4,"ID"
224803,3.8102203389830507,"NM",35109,4134,"35109_20181231",0.20889764711616798,3.5181960172169404,59,10.195163266777193,0.7582638258159669,4,"IL"
1782639000,13.059435026593016,"N",3510,17438000,"3510_20181231",0.8943894775705717,2.0605599122754725,136502,8.715268123166917,1.6497463648335926,9,"NC"
512693,3.511595890410959,"NM",35111,11625,"35111_20181231",1.8622877225020091,3.915931496405224,146,9.145306482388335,0.7349024642430485,4,"VA"
235795,4.136754385964912,"NM",35112,3728,"35112_20181231",0.6958758346105738,2.761056797856522,57,15.940558553673107,1.137645191181858,4,"AL"
505788,6.093831325301205,"SB",35115,7481,"35115_20181231",0.20859195951107717,3.3626404013329587,83,11.341031617529314,-1.1773758442933702,5,"MI"
181581,4.655923076923077,"NM",35117,3951,"35117_20181231",0.39704105314979515,3.3493326183159264,39,10.892271475424824,1.39266590927215,4,"OH"
77775,3.381521739130435,"NM",35118,1738,"35118_20181231",0.26105504441119354,3.5295707096294793,23,9.63526352243175,0.8586846665679375,4,"KS"
1689351000,7.334226224070713,"N",3511,24857000,"3511_20181231",1.660373632365158,2.738371604290881,230338,8.636470937165202,1.275469657985522,9,"SD"
1534315,9.025382352941177,"NM",35123,14340,"35123_20181231",0,1.5560648604837544,170,10.645445856080645,1.0836311891282826,4,"MO"
431149,4.491135416666666,"NM",35131,6590,"35131_20181231",2.1426459814141205,2.48785529367802,96,9.047068546287495,0.7216367423475485,2,"IL"
186277,4.3320232558139535,"NM",35138,3482,"35138_20181231",0.4010632107076013,3.1351259166619294,43,11.675129783552238,1.4598374168608947,4,"TN"
630730,12.872040816326532,"SI",35139,6989,"35139_20181231",0.9947454248958145,2.223423789134868,49,8.86161151754073,0.8802892854516223,4,"WA"
10166676,308.0810909090909,"NM",35141,4222,"35141_20181231",0.23854708401017224,0.9526812318342086,33,16.153651597859106,1.8815441881884336,6,"UT"
87268647,8.649880761225097,"NM",3514,1088034,"3514_20181231",0.4591727111838878,2.085437411576818,10089,10.20518506086682,0.7804582202311511,4,"CA"
413845,6.897416666666667,"NM",35151,6031,"35151_20181231",0.5047011853972211,3.0598910986980097,60,9.423324652438922,1.1563692947734534,4,"NJ"
391429,16.309541666666668,"SB",35154,4312,"35154_20181231",0.04877442307508392,2.1995127984775507,24,10.353518772003374,0.20873720651881858,8,"NY"
769189,5.53373381294964,"SB",35157,13372,"35157_20181231",0.6716477454064651,3.557483057380024,139,10.632248242511082,0.49700808240149247,6,"NV"
308852,5.23477966101695,"SB",35161,3443,"35161_20181231",0.5372016596329419,2.137079433726824,59,9.247886360304298,1.3273028961608195,4,"KY"
183972,0.560890243902439,"SB",35164,77050,"35164_20181231",0,105.34973616871869,328,57.108709888670596,24.41092124839029,5,"CA"
264214,8.2566875,"NM",35169,2563,"35169_20181231",0.24801289230012838,1.62932979306119,32,10.19308824580476,1.4788527537685021,2,"IL"
111044,5.047454545454546,"NM",35172,2030,"35172_20181231",2.537749016622256,3.2401196457172583,22,11.33294076961183,1.0267081000424374,4,"MN"
3031323,8.420341666666666,"N",35189,43128,"35189_20181231",0.32304321830098576,2.425315849605616,360,8.947956153893525,1.254967294191308,4,"VA"
94500,2.3048780487804876,"SB",35206,8747,"35206_20181231",0,44.28689951156219,41,79.53296849830917,45.831851801023454,7,"MA"
675259,4.501726666666666,"SM",35207,11273,"35207_20181231",0.548047894052776,3.1623721023278963,150,9.249357931907245,0.8711008592381518,4,"VA"
156155,8.218684210526316,"NM",35212,1829,"35212_20181231",1.1130899376669634,2.1446041356573042,19,9.397664956660181,0.7348126395841486,7,"FL"
583054,3.5770184049079754,"NM",35214,15021,"35214_20181231",0.4338135705899189,4.861385600737329,163,9.506915127489284,0.7032346169769154,4,"SC"
298645,8.532714285714285,"SM",35218,3153,"35218_20181231",0,2.00062912865681,35,9.79964259292415,1.736395092796477,4,"FL"
150252,4.553090909090909,"SM",35220,2839,"35220_20181231",0.11067823623162741,3.2429736709068306,33,9.287763099422293,1.1360996871114513,2,"WY"
419791,7.237775862068966,"NM",35221,3561,"35221_20181231",0.38634053592107326,1.707023271922061,58,10.675001633595436,2.2506209239309123,4,"IN"
307037,6.532702127659575,"NM",35223,3943,"35223_20181231",0.9962418743228603,2.4866466304781416,47,9.939261370097597,0.5706598131404588,4,"IL"
106802,3.95562962962963,"NM",35229,1503,"35229_20181231",1.4451309028627355,2.645552142074008,27,12.762010584003466,0.887775453616773,4,"IL"
985918,7.092935251798561,"NM",35230,11235,"35230_20181231",0.08367375860305488,2.2952819848748787,139,10.435737533851773,1.2408585997489683,6,"IL"
192778,5.669941176470588,"NM",35236,3134,"35236_20181231",0.04114648147404761,2.9037759543928368,34,11.129282016425362,1.3535966773358037,4,"GA"
3001664,16.675911111111112,"SB",35237,20193,"35237_20181231",0.210179028150087,2.8130543406129016,180,16.192115646341367,3.4626254829284187,2,"WI"
65052,3.826588235294118,"NM",35241,1016,"35241_20181231",3.699068279794187,4.894728377537392,17,10.935517360710579,0.23949206704379383,4,"SC"
140540,3.798378378378378,"NM",35245,3119,"35245_20181231",0.1851933506768376,3.877652682111056,37,10.414513804998036,0.9258627795749776,4,"TN"
6226,0.20753333333333332,"NC",35248,2977,"35248_20181231",0,66.2935648087717,30,96.41125121241512,10.067223600052213,7,"VA"
239015,5.690833333333334,"NM",35249,3344,"35249_20181231",0.03541691261744873,2.9241593882489227,42,4.147721298029401,0.5048339033156035,4,"GA"
553831,4.944919642857143,"SI",35257,9313,"35257_20181231",0.4184230994517049,3.0431773541346843,112,16.148141187355883,1.0738211435508092,4,"PA"
234617,3.784145161290323,"NM",35258,3708,"35258_20181231",0.5508180401095086,3.2366007835526465,62,11.14028539684744,1.045053413841152,4,"TN"
50950,3.6392857142857147,"NM",35261,1237,"35261_20181231",0.9777003950981048,4.394241973642394,14,10.328336066213788,0.8494226672264094,4,"WA"
35080,3.508,"SB",35267,1484,"35267_20181231",0,6.494199068532762,10,97.59036144578313,8.36365144638138,5,"DE"
538871,3.061767045454545,"N",35274,11800,"35274_20181231",1.696686114194744,4.2899076199436355,176,8.893900841981901,1.1300844783766844,4,"VA"
281720,5.122181818181819,"NM",35276,3738,"35276_20181231",1.2932152990773078,2.3285000254639905,55,9.827703995679187,1.3492277135519357,2,"MO"
1074501,5.267161764705882,"N",35278,25083,"35278_20181231",0.4726521102490879,5.179384179659135,204,9.058516307723044,1.270976371989575,4,"MD"
252099,4.346534482758621,"NM",35286,4565,"35286_20181231",0.9123503778476474,2.895409767671883,58,6.499519116576266,0.3121198602765562,4,"NJ"
206444,5.035219512195122,"NM",35292,3000,"35292_20181231",0.11283724163747694,2.909573850092345,41,9.632972080093468,1.618544351720905,4,"KS"
1901428,8.30317903930131,"NM",35295,24621,"35295_20181231",0.34567137028755945,2.2052511402192256,229,9.844438520622635,1.2881231674847615,4,"SC"
130054,5.911545454545455,"NM",352,1636,"352_20181231",1.579974763543026,1.9405343292157424,22,11.813611616550276,2.6335823039356505,2,"MT"
117731,3.6790937500000003,"NM",35303,2166,"35303_20181231",2.172748577167727,3.3812185725693924,32,11.285320173409415,0.7924319675655753,4,"MI"
135168,8.448,"NM",35304,1822,"35304_20181231",0,2.4605012290619666,16,14.207322768454809,2.0373425635807783,4,"FL"
23879,2.984875,"NM",35314,747,"35314_20181231",9.01534955425967,5.38279088153907,8,17.56688146846319,-4.766767690077744,4,"AL"
94260,0.23803030303030304,"NC",35317,104717,"35317_20181231",0,196.02817430918762,396,64.26031844179934,53.890553645078896,7,"PA"
103133,4.297208333333333,"NM",35319,1414,"35319_20181231",2.919423900350331,2.9161495026484623,24,16.250489833238994,1.180008041536283,8,"GA"
168196,6.007,"NM",35320,2426,"35320_20181231",1.4632087777181002,4.055375039587443,28,10.065826570889211,0.46756822132061215,4,"GA"
116270,2.2359615384615386,"NM",35323,6543,"35323_20181231",0.09922784766814559,9.924898597726303,52,15.669600007176369,4.843798751093123,4,"UT"
272063,8.244333333333334,"N",35331,4265,"35331_20181231",0,2.1253041190782076,33,41.342077638013585,2.507364740539955,4,"CA"
319887,9.693545454545454,"NM",35333,4803,"35333_20181231",0.48062215209235676,2.321418236983639,33,10.088293519028012,1.2920610747581207,4,"WI"
231762,3.2642535211267605,"NM",35345,4891,"35345_20181231",0.02243982048143615,3.945459974358497,71,12.330793491305926,0.7544484994759175,4,"MI"
698387,7.674582417582418,"SM",35348,7619,"35348_20181231",0.5317800307543373,1.9929306592885394,91,11.598679022851655,1.4850118631350373,4,"OK"
1272013,13.113536082474226,"NM",35361,10554,"35361_20181231",0.21664795741532986,1.7166079678107948,97,8.614313864546293,2.191641912061108,4,"CA"
449787,6.614514705882353,"NM",35365,7997,"35365_20181231",0.7351260657849097,3.19458209903687,68,9.945381229222935,1.0425755890276385,4,"NC"
201893,4.206104166666667,"N",35366,3521,"35366_20181231",0,2.7212346710811812,48,11.845963646766728,1.22149182725534,4,"CA"
95299,3.529592592592593,"NM",35376,2022,"35376_20181231",0.10893847044871618,3.278830241806012,27,9.808781869688385,1.2606927326466932,4,"FL"
266239,15.661117647058825,"NM",35377,2723,"35377_20181231",0.3724134970378638,1.9241917732433242,17,18.638516673040296,1.7443160750754816,4,"NY"
2801504,5.7525749486652975,"NM",35385,35797,"35385_20181231",0.28569231562381764,2.342872525221505,487,10.114278137528311,1.307239579300281,4,"OH"
171005,0.2727352472089314,"SB",35388,49270,"35388_20181231",0,104.06579386468478,627,87.58898244612531,48.661099913619346,5,"PA"
26345,1.6465625,"SB",35393,1211,"35393_20181231",3.0395683453237408,9.054626223363643,16,14.265433896330808,-5.216214340251267,4,"IL"
85597,2.194794871794872,"SB",35394,6884,"35394_20181231",0,31.221323545103395,39,31.578886026969382,4.459003488005388,7,"CT"
302011,5.207086206896552,"NM",35406,5912,"35406_20181231",0.8122216405283803,3.5394678260437282,58,8.842172690381414,0.8794753268058669,4,"MN"
314141,5.416224137931035,"NM",35407,4931,"35407_20181231",0.6383594558481259,2.711000630667885,58,9.180495409105463,2.3554540708238028,4,"CO"
546496,9.758857142857142,"NM",35412,6553,"35412_20181231",0.03510553263194279,2.1171659854493288,56,13.415993212734751,0.9576832472212992,4,"IL"
10375,,"NC",35413,0,"35413_20181231",0,18.911429784996255,0,99.97116216476016,9.85012439068789,7,"CA"
300366,4.417147058823529,"NM",35417,4761,"35417_20181231",0.2128691053327457,3.3202071214849305,68,8.147894441702176,0.7672966368798176,4,"TN"
211204,3.3000625,"NM",35420,4066,"35420_20181231",0.14969712442267968,3.0873441255863523,64,10.370779403154172,1.0764377785902652,4,"MO"
312312,8.9232,"NM",35422,4931,"35422_20181231",0.48409885808259795,2.7864095123141324,35,12.216540541929517,0.33041047943030344,4,"IL"
1095828,6.641381818181818,"NM",35426,15623,"35426_20181231",0.1506290115810953,2.384934972728558,165,9.952227169540508,1.107197223818363,4,"NJ"
224724,6.420685714285715,"N",35427,3701,"35427_20181231",0.9290655804822743,2.85114267838037,35,13.747430397538677,1.304093502300906,2,"GA"
99256,5.224,"NM",35430,1764,"35430_20181231",1.7370945205996753,3.7886747279476842,19,11.684240226557845,1.701189240588274,4,"FL"
40808,5.101,"SM",35432,619,"35432_20181231",0,2.9675702742241117,8,11.057176434520464,0.14236482705128078,8,"IA"
151982,5.628962962962963,"NM",35439,2486,"35439_20181231",0.03798732308760962,2.9387058788398894,27,12.357058425085997,0.8640197757313659,4,"MS"
351314,4.232698795180723,"NM",35441,5078,"35441_20181231",5.237649992208197,2.51360508371583,83,12.02745375677073,2.111114349971859,4,"NM"
75984,3.303652173913043,"NM",35442,1171,"35442_20181231",1.8730489073881373,3.194581477827258,23,13.565430978094003,2.0119463480973843,8,"KY"
4437919,7.496484797297297,"NM",35444,76183,"35444_20181231",1.876761354429464,3.8068475749724953,592,9.711314679727433,2.114995830603061,9,"DE"
139933,5.59732,"NM",35450,1661,"35450_20181231",1.7288061175954044,2.4026706248525747,25,9.917449069973427,1.6116087609382281,4,"KY"
163942,3.035962962962963,"NM",35455,3233,"35455_20181231",0.6595046772765928,3.7317566769085326,54,8.923838241373442,0.8610799259434334,4,"KY"
543706,8.237969696969698,"NM",35456,7526,"35456_20181231",0.6738253452557396,2.4444825145405362,66,7.97738958096358,0.9894113742346768,4,"NJ"
1257836,6.135785365853659,"NM",35465,18023,"35465_20181231",1.0565364578054368,2.7133529181431832,205,12.4169348401089,1.2036090517525018,4,"NC"
204702,4.548933333333333,"NM",35477,3229,"35477_20181231",0.3124822129887871,2.969467281887427,45,9.740228187136776,1.1334219136087171,4,"IA"
389705,6.836929824561404,"NM",35479,4919,"35479_20181231",0.23663095180896554,2.659098317818908,57,8.894805560533523,0.6749939201390864,4,"NJ"
187824,8.537454545454546,"NM",35480,3672,"35480_20181231",0.09161950956615468,4.0748983563597125,22,12.456332501077089,0.15559666262019,4,"MN"
206023,3.219109375,"NM",35492,3085,"35492_20181231",0.1190935125013768,3.780729274555935,64,12.593906510851419,0.20483289917245195,4,"NM"
270561,3.7063150684931503,"SI",35497,6365,"35497_20181231",0.5259750407429732,3.582136012690367,73,10.923543841992704,0.8151580085933533,4,"PA"
10628826,14.441339673913046,"N",35498,104197,"35498_20181231",0.4258535217602325,2.0626927279124354,736,10.359706173307234,0.6301787688259719,4,"CA"
8063,0.36650000000000005,"SB",35510,3058,"35510_20181231",0,83.78111048734195,22,74.65421014316914,6.843638891116637,5,"MT"
354215,6.440272727272728,"NM",35513,4333,"35513_20181231",0.7885769427942462,3.047127715525976,55,10.890509865698647,1.3826962634870619,4,"GA"
201964,4.590090909090909,"NM",35514,3093,"35514_20181231",0.0035335689045936395,2.70562877566961,44,14.205284532663418,1.6210043404751782,4,"AL"
395677,0.38045865384615385,"SB",35518,105022,"35518_20181231",1.2859041540037417,45.542995325521304,1040,22.849517552863887,3.532016701163622,5,"IL"
895358,4.919549450549451,"SM",35519,20840,"35519_20181231",0.12406997175653685,4.124104425678702,182,8.837796637164114,1.3588142707120072,4,"NC"
517289,12.316404761904762,"SM",35521,6268,"35521_20181231",0.22111081863648327,2.2295844938638307,42,11.246564358686935,0.9807853816412042,4,"TN"
2955181,8.847847305389221,"N",35525,31766,"35525_20181231",0.24570572645743316,1.7685829775771762,334,10.64486724245616,1.1140251300415138,4,"TN"
504359,13.272605263157896,"NM",35530,4179,"35530_20181231",0.008670394936489356,1.6773248432712848,38,9.31905660757589,0.7238248286315918,4,"NC"
37967,0.7030925925925926,"NM",35533,6122,"35533_20181231",0,35.23339317773788,54,36.805293005671075,5.672955234423287,8,"UT"
17800,0.14471544715447154,"NC",35534,12543,"35534_20181231",0,170.00164847009293,123,69.09788867562379,32.27831247384639,7,"KY"
2673815,7.325520547945206,"NM",35541,27590,"35541_20181231",0.6796686712968353,2.3655545147764654,365,8.7205463986512,0.7515638554546343,4,"NJ"
262946,3.866852941176471,"NM",35543,4224,"35543_20181231",0.47637323099064527,2.9448224298458463,68,9.27135488840624,0.6112891218949476,4,"MO"
9796674,11.22184879725086,"SB",35546,88618,"35546_20181231",0.4731112103429008,1.7929393851936068,873,9.03139744520588,1.8877258305818587,4,"CA"
94851,4.311409090909091,"N",35547,1653,"35547_20181231",0,3.3894460964669118,22,12.523262293530719,-0.8095610100297363,4,"AZ"
78119,5.207933333333333,"SM",35558,1576,"35558_20181231",1.042664928891785,3.278309461108613,15,8.96779791019628,0.6423020104052926,4,"FL"
389476,5.124684210526316,"NM",35568,5302,"35568_20181231",0.23489406708008842,2.5652454046724564,76,8.621458582728916,1.150222939514424,4,"KY"
24904500,10.842185459294733,"NM",35583,254036,"35583_20181231",0.5033985824063457,1.8264359255278324,2297,9.79051201792553,1.5745023392762256,4,"TN"
282714,2.5018938053097344,"N",35585,10904,"35585_20181231",0.2986285208671287,5.706253890109489,113,9.398593062443892,0.7326135379990074,4,"KS"
83419,4.1709499999999995,"SM",35597,1628,"35597_20181231",2.8639578878104954,3.8156857376205604,20,9.314962157966233,0.14044744904944223,4,"MO"
701220,7.791333333333333,"NM",35599,8882,"35599_20181231",0.6782947607910091,2.508175039889341,90,9.585190620495206,1.350019110482858,4,"FL"
28455,0.23134146341463416,"SB",35602,23902,"35602_20181231",0,172.90896876049715,123,98.60443658452193,11.165462994065614,7,"IL"
150554,6.273083333333333,"NM",35604,2192,"35604_20181231",0.6341738298195869,2.6156677003684172,24,12.020074258435677,1.2773245068673142,4,"TN"
233947,3.2950281690140844,"N",3579,5612,"3579_20181231",4.5858744835726934,3.9516404830152374,71,15.101993855227105,1.3368288458241901,8,"FL"
34551,3.4551000000000003,"SM",358,715,"358_20181231",0.5522629310344828,2.6816856309680372,10,12.583102690672526,0.6404025387386357,2,"MT"
107613,5.663842105263158,"NM",3598,1247,"3598_20181231",0,2.0105802666490877,19,11.345117442566263,0.48524933575774887,2,"IL"
83940,3.6495652173913045,"N",3599,1466,"3599_20181231",0.3435657329135972,3.09424885195714,23,10.236858006042295,1.020482542459363,2,"IL"
818917,5.11823125,"SM",35,10653,"35_20181231",0.037503326063135486,2.146077175910726,160,11.334387859764462,1.0836999174958475,4,"AL"
20691,5.17275,"N",3600,274,"3600_20181231",0.4517391959042312,2.329843442319315,4,10.124114318322317,0.6872550739895887,2,"IL"
57750,3.609375,"N",3601,907,"3601_20181231",0.8028207214537564,2.4373556828871976,16,13.125863762758714,0.6243051398272471,2,"IL"
2661311,5.137666023166023,"N",3603,41360,"3603_20181231",0.8906790539633718,2.900009672385435,518,11.36166215428799,1.636965936937158,4,"IL"
120246,3.4356000000000004,"N",3607,2091,"3607_20181231",0.08876027430572443,3.276350384228852,35,11.891865395455994,1.181787112514254,2,"IL"
412971,3.6872410714285713,"N",3612,7271,"3612_20181231",0.4504591440890265,2.7152991377692315,112,10.75652281439347,1.2008411633795155,2,"IL"
308067,4.53039705882353,"NM",3614,4149,"3614_20181231",2.748301097752222,2.5376102132044807,68,10.752377544555365,1.1822995606546056,2,"IL"
56377,2.9672105263157897,"NM",3615,1201,"3615_20181231",0.7790004113533525,3.991612604583359,19,10.061302947390296,0.8722476699760262,4,"IL"
20141290,7.569068019541526,"N",3628,428939,"3628_20181231",1.4350602344352386,3.7069206471242233,2661,10.352102216830465,1.181486158712762,4,"IL"
171778,6.8711199999999995,"N",3639,2219,"3639_20181231",0.33424632096931434,2.5155015299977017,25,8.39326343711055,0.8212531902527775,7,"IL"
308281,3.6700119047619046,"SM",363,5812,"363_20181231",0.8746990420572717,3.4924583432046115,84,10.538253227010099,0.9881149806522941,4,"MT"
5324440,7.739011627906978,"NM",3657,67838,"3657_20181231",1.49291707827857,2.370704079835919,688,6.70794214355104,0.8148224245523028,9,"IL"
291353,11.205884615384615,"N",3661,2677,"3661_20181231",0.3023310715618408,1.5775799877533816,26,11.958414657387511,1.0486897222563125,4,"IL"
909029,3.665439516129032,"N",3664,17730,"3664_20181231",1.3055751090095262,3.279920261470565,248,9.732189903561407,1.2403042021510604,4,"IL"
200493,8.01972,"N",3674,3841,"3674_20181231",0.07318843973956625,3.0541981943693033,25,11.877697655785584,1.796523396545948,4,"IL"
239583,4.607365384615385,"N",3677,3213,"3677_20181231",1.3080135079633095,2.1497958796480443,52,10.769778782258362,1.2486041097007512,2,"IL"
58614,4.508769230769231,"N",3688,1191,"3688_20181231",1.9023607609443043,3.026466490245152,13,9.525171143592418,0.7749712037015888,2,"IL"
227816,5.556487804878049,"N",3691,3819,"3691_20181231",0.27403736067305345,2.7483318948125066,41,11.121769158324323,1.3418771672451926,4,"IL"
55457,3.4660625,"N",3693,867,"3693_20181231",0,2.67518829689778,16,5.949828669855056,0.30120374562006985,5,"IL"
78077,3.7179523809523807,"NM",3698,1168,"3698_20181231",3.431025459471108,2.711982787884116,21,9.495255501865252,0.032968723670810954,2,"IL"
473305,3.1138486842105264,"N",3701,11281,"3701_20181231",2.5315990961673895,3.771426712317625,152,9.325527338255792,1.0436706384370453,4,"IL"
160807,3.8287380952380956,"SM",3702,2707,"3702_20181231",0.015244677066924133,2.923874461169924,42,10.547971401605112,1.056761966550427,8,"IL"
3396909,5.709090756302521,"N",3705,38426,"3705_20181231",1.1266279866362878,2.326947509210254,595,9.919853998471806,1.1191488078369498,4,"IL"
15430682,7.582644717444718,"SM",3709,206218,"3709_20181231",0.6458717403908959,2.5526542145378444,2035,9.4091980042582,1.2737865496504446,4,"IL"
513285,4.0100390625,"SM",3711,8376,"3711_20181231",1.738373344289879,2.9309412336722263,128,9.614627579172186,0.9049798475465107,2,"IL"
271353,5.025055555555555,"SM",3713,3748,"3713_20181231",0.06382061233290212,2.4948845891517393,54,9.30897335643116,2.070799960864555,4,"IL"
290398,3.5851604938271606,"N",3719,5629,"3719_20181231",2.1319491727754247,3.057622010189468,81,12.401050025842606,1.1426193433178748,4,"IL"
175290,4.869166666666667,"N",3720,2292,"3720_20181231",0.5598947809283085,2.4242223405543886,36,11.829460271995181,1.6626177259046124,2,"IL"
516706,5.741177777777778,"NM",3722,6558,"3722_20181231",0.47687953980055175,2.4288183750918955,90,9.013480932357687,0.9668382046136422,4,"IL"
683864,14.247166666666667,"N",3732,4766,"3732_20181231",1.527567719865291,1.2121708333095031,48,13.535728015878457,1.4442502255324052,2,"IL"
85325,3.878409090909091,"NM",3745,1299,"3745_20181231",1.0946508063927607,2.757547819333567,22,10.21388606907623,1.095872135545089,2,"IL"
416557,3.967209523809524,"N",3747,7115,"3747_20181231",0.826690856220125,3.028506596042266,105,12.630176039159787,1.1783110349901595,2,"IL"
123773,3.7506969696969694,"N",3749,2085,"3749_20181231",0.8539913720459319,3.4139035393457933,33,11.655709783851831,0.7307874419644619,2,"IL"
223126,4.290884615384615,"N",3759,2726,"3759_20181231",3.7658291369574894,2.446581513979592,52,13.664319259295599,0.8095563473936043,8,"IL"
62266,3.6627058823529413,"N",3761,1062,"3761_20181231",2.5667061544536582,2.9136672249996804,17,13.471319695146411,1.2306767763300899,2,"IL"
104770,3.3796774193548385,"NM",3762,1923,"3762_20181231",1.7430324095088643,3.276871622350599,31,13.570241470329455,0.6336004394009239,2,"IL"
38080,4.76,"N",3770,449,"3770_20181231",1.3318969738517286,2.5961784253578735,8,11.170611545464283,0.5218984321745058,2,"IL"
984073,4.777053398058253,"N",3775,14477,"3775_20181231",2.2408415452128256,2.478484697146259,206,7.948091899747984,1.0127073969258087,2,"IL"
405483,4.22378125,"N",3777,7890,"3777_20181231",0.3535932721712538,3.260025226980381,96,9.237922374996892,0.7510646535036779,2,"IL"
655218,5.506033613445378,"SM",3787,8057,"3787_20181231",1.0969621131662795,2.4101283101625612,119,9.435000914890383,0.9313997939911148,4,"IL"
568370,10.930192307692307,"N",3792,3604,"3792_20181231",0.8921396871548354,1.2943061215621996,52,10.998834114412004,1.202771538942088,2,"IL"
295821,5.9164200000000005,"N",3799,4078,"3799_20181231",1.7722294033607726,2.2194041489689305,50,11.135498228814685,1.4248492334619758,8,"IL"
47532,5.281333333333333,"SM",3805,716,"3805_20181231",0.5076960270771215,2.275310397282592,9,10.109760621467693,2.1888788532262735,8,"IL"
104112,3.7182857142857144,"N",3807,1543,"3807_20181231",0.24367700193261072,2.521564997114338,28,12.070596582510495,1.2937061582737157,2,"IL"
101359,3.071484848484849,"N",3808,1968,"3808_20181231",1.8090845125478852,3.1722617280041394,33,8.858712266895456,0.7211440994580318,2,"IL"
1209796,4.38331884057971,"N",3809,21848,"3809_20181231",1.7582487654749335,3.276286870344995,276,9.365136418349605,0.9485823307386426,2,"IL"
380466,7.764612244897959,"N",3814,3756,"3814_20181231",2.260800992688202,1.731430950972012,49,12.994250263625798,0.7337046964745986,8,"IL"
90406,3.930695652173913,"N",3817,1570,"3817_20181231",1.6844553656843804,3.332693860615768,23,8.854794765286526,0.4963349290408356,4,"IL"
79969,2.8560357142857145,"NM",3818,1405,"3818_20181231",3.320087944006293,3.2634366817828555,28,8.818652203727947,0.4112307494963367,4,"IL"
174514,3.5615102040816327,"N",3821,2529,"3821_20181231",0.23625429553264604,2.7105315201079563,49,12.694006959069682,1.4081967403822664,2,"IL"
66034,4.127125,"N",3826,900,"3826_20181231",0,2.2899922932951666,16,12.027364185110665,0.7628064987968104,2,"IL"
70866,5.4512307692307695,"N",3827,808,"3827_20181231",0.4923752180518823,1.7793645955791644,13,11.025278832288631,1.2800975312404754,2,"IL"
145555,3.8303947368421056,"N",3830,2124,"3830_20181231",0.8879363135333742,2.751969860303842,38,11.415251461662287,1.0231326613396161,2,"IL"
19633838,7.423001134215501,"N",3832,234294,"3832_20181231",1.1806607066556356,2.77369307023192,2645,9.57810842352588,1.205496829941086,4,"IN"
49079,3.7753076923076923,"N",3834,741,"3834_20181231",1.050242923224624,3.038196297798749,13,12.167339329249554,1.3579008049191879,8,"IL"
79481,3.9740500000000005,"N",3837,1437,"3837_20181231",1.0421432565705862,3.289339167416373,20,13.064193536058703,1.3558620266623047,8,"IL"
337348,3.922651162790698,"N",3840,4733,"3840_20181231",1.042671651390899,2.61962836761209,86,12.700825010855407,1.2630843527075724,2,"IL"
474651,4.699514851485149,"N",3842,7710,"3842_20181231",0.6021275942527324,2.805770790935592,101,10.389786225790415,0.6035232522963533,4,"IL"
78003,3.3914347826086955,"N",3845,1176,"3845_20181231",1.2715356540167184,2.83378334048298,23,10.793982928665297,0.6989830679552853,2,"IL"
192607,4.280155555555556,"SM",3846,3509,"3846_20181231",1.177933177933178,3.1430637009372457,45,8.00069667653625,1.6339392524727918,4,"IL"
1014990,3.773197026022305,"SM",384,20294,"384_20181231",1.265096685425778,3.4688552388433935,269,10.73369901104845,1.0299319659039285,4,"OH"
43056,3.914181818181818,"SM",3850,647,"3850_20181231",0.4023263224984066,2.357780443855643,11,11.457164449126342,1.4730337547074546,2,"IL"
203791,2.191301075268817,"N",3854,5308,"3854_20181231",1.0337340006310047,4.522219877176817,93,10.858114532657856,1.4897329908423118,8,"AR"
161072,3.5015652173913043,"SM",3858,2573,"3858_20181231",3.4677570042096697,2.52066757666067,46,10.761715496108717,1.287906369444125,2,"AR"
416870,3.970190476190476,"N",3863,5956,"3863_20181231",0.10652091135628593,2.482887739326149,105,10.341441994824468,1.358519317572272,2,"AR"
1352936,4.665296551724138,"N",3864,19377,"3864_20181231",0.9472783484763138,2.5331394945004346,290,11.262506734841011,1.9810294346471846,4,"AR"
638158,4.064700636942676,"NM",3869,10140,"3869_20181231",0.3066547149957233,2.5987785137578374,157,8.967079175394794,1.329242022404183,2,"AR"
404037,2.1153769633507857,"SM",3873,18994,"3873_20181231",0.6982197134172817,6.400519243163752,191,12.41347542453065,0.6533406358207179,4,"AR"
1625199,6.203049618320611,"N",3887,17505,"3887_20181231",0.1817400634596783,2.2458502688451536,262,9.360878812206375,1.1987002891230119,4,"AR"
16518217,6.259271314892005,"SM",3890,218155,"3890_20181231",0.6170757425535695,2.4351043719563084,2639,9.461325353139916,1.4812769180937826,4,"AR"
206545,3.442416666666667,"N",3896,3337,"3896_20181231",0.35473656643573076,2.77559233743066,60,11.433704635285663,1.5505823907687,2,"AR"
335716,4.1964500000000005,"N",3897,5190,"3897_20181231",0.5321495533252454,2.614223491861962,80,11.118097255147351,1.259647204735286,2,"AR"
54084,2.2535000000000003,"NM",389,1084,"389_20181231",0.11797781013103067,3.621610429666862,24,10.024388494369127,0.39982293555711035,6,"OH"
144323,6.274913043478262,"N",3902,2049,"3902_20181231",3.5362608117099135,2.21376190688151,23,11.96456690182368,0.8179026083860055,2,"ND"
252373,4.5886000000000005,"N",3914,4194,"3914_20181231",0.004665533114917264,2.5337804115536553,55,13.11508150491506,1.7879402273774454,2,"ND"
63949,5.329083333333333,"SM",3919,1157,"3919_20181231",0.764168454547646,2.6573049930728376,12,10.752441125789776,1.0853095484528255,2,"ND"
2176480,2.7240050062578223,"N",3931,86083,"3931_20181231",0.3982575730710846,6.2286797185189995,799,9.630105701560822,1.4110907207266152,4,"ND"
29548,4.2211428571428575,"NM",3934,497,"3934_20181231",0.3827584707059284,3.285411602604932,7,10.776523072633488,0.3249665284475699,2,"ND"
1952920,8.24016877637131,"NM",3973,21473,"3973_20181231",0.907378344387234,3.0064216561727233,237,9.084697049834368,1.3769486791348289,4,"SD"
80267,4.4592777777777775,"N",3977,1474,"3977_20181231",0,3.1633356660629017,18,8.612731864495341,0.8246027498765025,2,"SD"
21552,4.3104,"N",3985,314,"3985_20181231",0.009633911368015415,2.6688907422852375,5,13.474449832152184,0.569101702399058,2,"SD"
269127,8.9709,"N",3999,2987,"3999_20181231",0.027049662139316165,1.606917511069959,30,13.107613981651106,1.9832587868967526,2,"SD"
26847,2.4406363636363637,"NM",399,620,"399_20181231",0.8288867015489819,4.197750723943641,11,13.468641712044477,0.5761618640706958,2,"OK"
304453,4.059373333333334,"NM",39,5120,"39_20181231",0.017046976596936415,2.7816434681151097,75,10.216106186633024,1.5517145586013668,4,"AL"
1050339,3.410191558441558,"NM",4009,23253,"4009_20181231",2.493643824394727,3.702180211613051,308,9.930399159522512,1.3969226341127883,2,"SD"
1245686,4.683030075187969,"N",4016,25755,"4016_20181231",1.592424497114361,3.617747590367152,266,12.733957082542194,1.0538549389523593,2,"SD"
1671036,4.654696378830084,"N",4028,37337,"4028_20181231",1.306777869481488,3.489117470488175,359,9.893080737050225,0.7917530240345632,2,"SD"
652958,3.185160975609756,"N",4029,12897,"4029_20181231",1.4738194087969536,3.589144543709525,205,10.284383804333116,1.208594162415393,4,"OK"
206561,3.972326923076923,"NM",402,3241,"402_20181231",0.10768202132526304,2.8091488882726847,52,12.007370601219359,1.696117239333688,4,"OK"
307950,3.948076923076923,"SM",4031,4926,"4031_20181231",1.134658725571064,2.76667816704827,78,9.301405366905621,0.039519493146818054,2,"OK"
725937,5.222568345323741,"NM",4032,11840,"4032_20181231",0.8689523090778994,2.865069354062914,139,7.732037662456204,0.7948778007675277,4,"OK"
551271,7.656541666666666,"N",4033,5868,"4033_20181231",2.7210476156859977,2.744944173082631,72,7.712025667826773,0.47556843055761133,2,"OK"
510897,3.8126641791044777,"N",4037,9119,"4037_20181231",0.039471327117105354,2.9381203546807906,134,9.999941648204807,1.3109862092942404,4,"OK"
120830,7.551875,"NM",4041,1354,"4041_20181231",1.257724532736854,2.333640014101583,16,9.055296446666443,1.871039303863318,2,"OK"
463292,2.8598271604938272,"NM",4042,12106,"4042_20181231",0.16693365842004185,4.558610429341109,162,8.381429289849025,0.533577811067916,4,"OK"
663644,4.844116788321168,"NM",4048,11369,"4048_20181231",1.4022625413903966,3.5797111166392734,137,10.60625323802289,1.033762796319748,4,"OK"
160051,2.8580535714285715,"NM",4049,3930,"4049_20181231",1.8504526338299236,3.740984879753621,56,12.709653143177906,2.156546204551949,4,"OK"
104613,3.0768529411764707,"SM",404,2379,"404_20181231",0.650107818864308,4.36971459790546,34,8.844881323423639,1.0243772940280247,8,"OK"
184539,4.194068181818182,"N",4050,3742,"4050_20181231",0.43016958479575335,3.2976480702870132,44,10.694786199322005,1.3046052511833526,4,"OK"
47478,3.9565,"SM",4051,965,"4051_20181231",6.953242835595777,3.7246728220319074,12,11.681850752379978,-0.11347212766211585,2,"OK"
96369,4.81845,"NM",4054,1577,"4054_20181231",1.7393887385305962,4.381440364360945,20,8.364457923285942,-0.7947623114147453,4,"OK"
138660,3.8516666666666666,"N",4059,2010,"4059_20181231",0.5750827097719653,2.5283332830396903,36,16.915945700836367,1.4312133844316746,7,"OK"
132268,6.012181818181818,"NM",4061,1562,"4061_20181231",1.8500392491302198,2.2507706187504697,22,8.626123759924358,0.9992982983735558,2,"OK"
626505,3.8201524390243904,"N",4062,9368,"4062_20181231",1.3295874643478633,2.7138781391669533,164,11.743837484561547,1.7868356984566558,4,"OK"
17230779,6.415033134772896,"SB",4063,242741,"4063_20181231",11.776168601775636,2.499273358083101,2686,9.248946543679269,1.8411247876855559,4,"OK"
165929,5.721689655172414,"NM",4067,1829,"4067_20181231",0.9051771718732752,1.8382330101671247,29,15.134364360465845,1.366715992689312,2,"OK"
87360,5.824,"NM",406,1087,"406_20181231",8.256358344932305,2.336884978453853,15,16.85441989257476,0.020252253063153276,2,"OK"
76245,3.4656818181818183,"N",4071,1412,"4071_20181231",0.32925556120673505,3.1234522120887585,22,9.63228953498848,0.7131169433992599,4,"OK"
117820,5.610476190476191,"SM",4075,173,"4075_20181231",1.595714846598239,0.32338806006419163,21,14.202516233766232,-0.0915954620991063,7,"OK"
72648,4.036,"SM",4076,1377,"4076_20181231",3.18200243210377,2.8651995745487824,18,12.616294116845792,1.2037960802420784,4,"OK"
275436,4.748896551724138,"SM",4084,4512,"4084_20181231",0.42386867019890556,3.461063782246902,58,10.930872087197587,0.9454942438070503,4,"OK"
302932,6.585478260869565,"N",4086,3802,"4086_20181231",2.5587300864297347,2.1413200781830075,46,10.820665407821371,1.8690505095284742,2,"OK"
288186,3.6946923076923075,"SM",4087,4313,"4087_20181231",0.20785996802154338,2.924167279073704,78,8.004679266186107,1.9317381686990278,2,"OK"
664489,3.775505681818182,"N",4091,16228,"4091_20181231",1.9233373967221996,4.254356947247649,176,9.35304386446491,1.3149858761925055,2,"OK"
72290,2.8916000000000004,"NM",4092,1538,"4092_20181231",0.0020957330874339843,3.218641520475614,25,11.396246506056169,2.183888172157421,2,"OK"
99929,4.344739130434783,"SM",4094,2516,"4094_20181231",0.3481851235594996,3.494304911789012,23,13.379164463246958,0.018963665616678442,7,"OK"
122623,6.812388888888889,"N",4097,1465,"4097_20181231",0,1.9959218553020113,18,11.781519861830743,1.7979372371838802,2,"OK"
17797,1.9774444444444446,"N",4098,364,"4098_20181231",1.1912225705329154,4.044582203838303,9,12.098319990979817,0.5831974339312908,7,"OK"
79978,2.104684210526316,"N",4111,2090,"4111_20181231",2.704274498400698,4.226306034925401,38,8.883584282041866,1.5807387049923471,2,"OK"
39955,2.8539285714285714,"SM",4122,679,"4122_20181231",0.6688053939426893,3.1589883283956017,14,8.823603327385591,0.6710675441910405,8,"OK"
76674,4.259666666666667,"N",4123,1376,"4123_20181231",2.897448158935791,2.8226674140647208,18,14.161388193963912,1.3362839616701692,2,"OK"
59476,3.71725,"NM",4130,1266,"4130_20181231",2.30260939923134,3.05363333468226,16,15.891539092400219,0.996519768524139,2,"OK"
341114,0.8319853658536586,"N",4132,18338,"4132_20181231",1.4333708859740886,9.904933576404774,410,14.029441699408096,2.1339874413089444,4,"OK"
59594,7.44925,"N",4134,712,"4134_20181231",0.9912294358814676,2.65906099166301,8,11.694372021190029,1.237384817902589,4,"OK"
18800,3.1333333333333333,"NM",4144,340,"4144_20181231",0.00845522955948254,3.4797583020002243,6,8.230517768638617,1.6965732277687768,4,"OK"
460344,5.546313253012048,"N",4145,6055,"4145_20181231",2.4569449296476065,2.224628605003746,83,11.690581110122213,1.7473910303995022,4,"OK"
370731,4.261275862068965,"N",4146,5916,"4146_20181231",0.560879251172937,2.864416529209865,87,11.25616790507984,1.6603656940475535,4,"OK"
769508,10.687611111111112,"SM",4147,7958,"4147_20181231",0.435527012667757,2.0230287951590666,72,11.262213125973627,3.481650476326227,4,"OK"
131351,3.550027027027027,"N",4148,2576,"4148_20181231",0.4039982317402623,3.2422441287329664,37,9.963061541977867,0.9459263554653523,2,"OK"
251601,5.718204545454546,"NM",414,3095,"414_20181231",0.19424863825696892,2.186742191247203,44,15.205227724077691,1.2999164367561709,7,"OK"
580713,6.04909375,"NM",4160,9202,"4160_20181231",0.28835421680469864,2.74854527122184,96,9.3403721976669,0.6920979420739123,4,"OK"
78137,7.8137,"N",4161,644,"4161_20181231",0,1.6296788938768938,10,17.612444420988744,1.6798228598423368,2,"OK"
263267,3.9888939393939395,"N",4170,4431,"4170_20181231",4.538358531017783,2.776776763164475,66,11.447129301873836,1.5147428676764447,4,"OK"
241756,4.241333333333333,"N",4173,4630,"4173_20181231",0.8449855517057203,3.346425053678801,57,10.457457106959692,0.8506183880287002,4,"OK"
60118,3.1641052631578948,"N",4177,1140,"4177_20181231",2.502053924863694,3.2642982728306964,19,14.55483108052622,0.843546385355259,2,"OK"
544391,10.674333333333333,"SM",4178,5788,"4178_20181231",0.9882164516866134,1.6851487072066444,51,12.763570531510954,2.196043287634014,4,"OK"
247478,3.172794871794872,"N",4181,5071,"4181_20181231",0.616985923441076,3.155546583054874,78,10.668902739188841,1.9840488669937533,2,"OK"
171142,5.0335882352941175,"SM",4185,2346,"4185_20181231",1.0921560491352784,2.620641596774595,34,12.309187788018432,1.220726213882183,4,"OK"
227820,4.2188888888888885,"NM",4187,4275,"4187_20181231",0.31708608603560445,3.3184020646191783,54,11.87077145167406,1.4452149381704975,4,"OK"
95186,5.599176470588236,"NM",418,1253,"418_20181231",0.5393925970320379,2.3547499773899885,17,10.272568357899734,1.9985044304593251,2,"OK"
1114275,4.189003759398497,"SM",4190,16203,"4190_20181231",0.34529870974260746,2.503650591023486,266,9.051606205015343,1.0924147955406363,9,"OK"
118389,5.919449999999999,"NM",4193,1844,"4193_20181231",0.05975718179300696,2.7610926414160386,20,8.355135454468732,1.0970647812365062,2,"OK"
113616,4.3698461538461535,"N",4196,1623,"4196_20181231",0.8742273674145408,3.1619490295195702,26,8.554979751527215,0.7741085682956853,2,"OK"
110583,4.80795652173913,"N",4199,1522,"4199_20181231",0.5886830753615834,2.208191602529136,23,7.9372764194841166,1.7297651904916376,2,"OK"
87951,3.3827307692307693,"NM",419,1854,"419_20181231",14.731356429829711,2.0823268921095006,26,18.846866334526126,1.7884460547504026,2,"OK"
184522,4.613049999999999,"NM",41,3024,"41_20181231",0.6308002689979825,2.8816308571597924,40,17.212675482029475,1.0817514570587987,4,"AL"
78473,2.5313870967741936,"N",4204,1850,"4204_20181231",2.3297452380438766,4.353715170278638,31,11.874976089368376,0.5015683558742056,8,"OK"
188086,4.001829787234043,"SM",4208,3206,"4208_20181231",0.03698851814749172,3.287803502748881,47,11.696140798482736,1.3597821354567559,2,"OK"
46825,5.853125,"SM",4209,547,"4209_20181231",1.3430457546096062,2.2172382828957726,8,14.849312800132472,1.6746319852581317,4,"OK"
36889,2.837615384615385,"NM",420,952,"420_20181231",5.793235890323269,4.240018904200814,13,12.227364613256729,1.025767714632496,4,"OK"
499973,7.812078125,"N",4211,6494,"4211_20181231",0.10023979884081047,2.345294614635736,64,8.327535347370564,1.652449510869798,4,"OK"
34104022,7.394627493495229,"N",4214,514566,"4214_20181231",1.3620439871986798,2.6496463467642286,4612,8.555877263153032,1.3443373252761328,4,"OK"
43527,2.7204375,"NM",4217,945,"4217_20181231",0.19921539781782518,4.037890595173396,16,12.050640825257892,1.2486469248700824,4,"OK"
459743,5.052120879120879,"N",4218,5485,"4218_20181231",1.8384389541325061,2.8345812061995255,91,8.612759368089987,1.0552956676062792,4,"OK"
173984,6.95936,"NM",421,2461,"421_20181231",2.3153451914380465,2.1809662174190176,25,13.729218889561185,2.839620312042402,2,"OK"
45814,3.524153846153846,"N",4222,718,"4222_20181231",0.6925360008794108,2.5996919543095234,13,20.854867688485683,1.0527862109489765,2,"OK"
213448,5.768864864864865,"SM",4228,2779,"4228_20181231",0.24861176641382063,2.221369047562481,37,9.963034927254633,1.1175743315223434,4,"OK"
78190,2.696206896551724,"NM",422,1330,"422_20181231",1.19590572015458,3.315684794249469,29,12.700838722716249,1.5261680766269303,4,"OK"
94965,6.331,"NM",4232,1244,"4232_20181231",1.1067055901703629,2.293639659909375,15,14.679973299191316,1.1675488644971024,2,"OK"
224722,3.256840579710145,"NM",4235,4058,"4235_20181231",0.2704916875008828,3.5313604996865853,69,7.363225010283833,0.5791468255254218,4,"OK"
304544,3.5412093023255813,"N",4236,6338,"4236_20181231",0.09862634366539116,3.2363340913526786,86,11.835522917061752,1.4933435007784448,4,"OK"
7010234,4.827984848484848,"NM",4239,142304,"4239_20181231",1.0701903973891287,3.72107251221487,1452,9.25662052261514,1.520096290818605,4,"OK"
123679,4.417107142857143,"N",4241,1535,"4241_20181231",0.8960181263437053,2.5505855200178345,28,9.583730537019383,1.7064007238679728,4,"OK"
4281999,6.962599999999999,"N",4255,51513,"4255_20181231",0.3479150340276346,2.199517077729573,615,9.064074385512564,1.3496588026152345,4,"ME"
1915448,8.15084255319149,"N",4256,17611,"4256_20181231",1.2177345566401219,1.7624037557086858,235,8.506478495376058,1.2709673163111994,4,"ME"
387067,5.692161764705882,"N",4288,6054,"4288_20181231",0.026349829923825036,2.611561004800318,68,12.105086919165306,1.841733236124939,4,"LA"
67507,3.37535,"NM",428,1189,"428_20181231",1.2294910867114766,3.6643785027147455,20,11.788165181796293,0.99485389213975,8,"OK"
260163,3.2118888888888892,"N",4290,4211,"4290_20181231",1.8245096530832037,2.9142794532381413,81,10.845955709002771,1.534750628826952,4,"LA"
304657685,11.006816900899599,"N",4297,5599066,"4297_20181231",0.7448237606731591,3.872743997122694,27679,9.075640445059522,1.0002757989385447,9,"VA"
216405,3.7311206896551723,"N",4318,3386,"4318_20181231",1.190027825402625,2.883995335116965,58,9.167181200740929,0.7619308957032768,4,"IN"
441703,4.2066952380952385,"N",4319,5992,"4319_20181231",0.4715470023362478,2.3090201286664094,105,10.528491743799096,1.1948822940292525,4,"IN"
305427,4.183931506849316,"N",4324,4470,"4324_20181231",0.23798338443279596,2.7625264681158956,73,9.980096673301109,0.6846463646907354,8,"IN"
111917,3.3914242424242427,"N",432,1872,"432_20181231",0.02949517867271696,3.2380525048535462,33,8.360339882976552,2.3450707584250314,2,"OK"
4241335,5.923652234636871,"NM",4360,55200,"4360_20181231",0.4370399121541151,2.503687186348537,716,9.336682292734471,1.3582703710109416,4,"IN"
327584,6.2996923076923075,"N",4364,3896,"4364_20181231",0.732986334483498,2.050409001175103,52,12.111617810638291,0.8049113486016403,2,"IN"
9873896,5.81501531213192,"NM",4365,127975,"4365_20181231",0.38735718598553515,2.2408914753417575,1698,10.698287777122967,1.743821832773868,4,"IN"
2923813,3.6963501896333755,"N",4382,49281,"4382_20181231",0.5950923861415212,3.038863394327855,791,14.190308951380853,1.5084310682314181,4,"IN"
115786,3.405470588235294,"NM",4398,2246,"4398_20181231",0.393593112715079,3.535914478593617,34,10.855938805864437,0.7644516946358225,6,"IN"
401077,4.359532608695652,"NM",4419,6995,"4419_20181231",0.7820717157182219,3.276136849557125,92,10.859735266874496,0.9762663558380014,4,"IN"
272118,2.286705882352941,"SB",4432,9138,"4432_20181231",1.4449642945087418,5.537305906953981,119,12.769376679487854,2.0328790283112608,8,"IA"
1254163,6.398790816326531,"SM",4433,16921,"4433_20181231",0.8202857146183389,2.053847677155903,196,12.134315158192408,1.6294516217150692,2,"IA"
381409,3.7763267326732675,"N",4439,7542,"4439_20181231",0.319083857391049,2.9392946507893813,101,12.732422654530003,0.42077250980104486,2,"IA"
67355,8.419375,"NM",4440,587,"4440_20181231",0,1.2229077769929895,8,21.832086300670092,2.3567972074506898,2,"IA"
245653,3.899253968253968,"N",4444,5104,"4444_20181231",0.14510331688459857,3.7860041771586763,63,9.843289321881809,1.674012082596975,2,"IA"
371119,4.948253333333334,"NM",444,5076,"444_20181231",0.5855815482059096,2.602310054417176,75,9.258280055761189,1.3270875696679811,4,"PA"
39657,3.9657000000000004,"SM",4457,755,"4457_20181231",0.09157509157509157,2.930646185828954,10,11.069456406099599,1.1212488691266769,2,"IA"
404107,4.04107,"NM",445,6766,"445_20181231",0.6427021312113961,2.8456423117162357,100,9.926425521162981,0.8681199010393061,4,"PA"
158522,6.892260869565217,"SM",4464,1997,"4464_20181231",0.05886630423491119,2.1295935928584266,23,13.139106253637717,1.8128052320507066,2,"IA"
401013,5.728757142857144,"N",4465,5109,"4465_20181231",2.495504991009982,2.114088390506094,70,10.347860294615094,1.2909950381740563,2,"IA"
61881,5.15675,"SM",4476,956,"4476_20181231",0,2.8551267437442327,12,7.2053602680134015,0.8268649695127467,2,"IA"
66483,6.648300000000001,"N",4477,911,"4477_20181231",0,1.9606255494378382,10,17.84910845047031,0.9542867718502752,2,"IA"
82628,4.348842105263158,"SM",4482,1459,"4482_20181231",0.04457403933658972,3.1193360218751733,19,8.603110633830857,0.40786676030708263,4,"IA"
32918,4.702571428571429,"N",4494,579,"4494_20181231",0,2.6037552217299806,7,18.39946157297609,0.8436925293712437,2,"IA"
996232,4.931841584158415,"N",4506,17214,"4506_20181231",0.8190753246060825,2.6627984226047263,202,10.900136950845456,1.5932808873772228,2,"IA"
217198,5.42995,"N",4511,2913,"4511_20181231",0.09454579271222431,2.102159595650176,40,11.64033997812022,2.129920355337724,2,"IA"
117338,5.8669,"NM",4514,1962,"4514_20181231",3.2560511553097173,2.877734108145787,20,8.666020807885094,1.4297410473874415,2,"IA"
407461,6.467634920634921,"N",4519,5587,"4519_20181231",0.5496346304584186,2.20780209147119,63,13.09023238879295,1.23216531309683,2,"IA"
171255,6.342777777777777,"NM",4526,2929,"4526_20181231",0,2.6183123248885267,27,10.907566977610815,2.3721057409930415,4,"MO"
831688,4.15844,"NM",4533,13854,"4533_20181231",0.06744482570189388,3.077832393643208,200,11.384320359592284,0.7892416627157897,4,"MO"
1954653,8.077078512396694,"SM",4534,23741,"4534_20181231",0.13878099948741526,2.316776465740234,242,10.854792962494432,1.5727903270058747,4,"MO"
2066454,6.6232500000000005,"SM",4536,19544,"4536_20181231",0.07755556894163003,2.1890841308449454,312,8.517530707722912,1.5579296610881823,4,"MO"
3131689,4.598662261380323,"NM",4537,46766,"4537_20181231",0.49500597786925093,2.8264436881097676,681,8.50085251728457,0.9385893167588406,4,"MO"
388250,4.677710843373494,"SM",4539,5500,"4539_20181231",0.8456929531457049,2.2619030671721942,83,11.81805797733217,0.9854304970966972,2,"MO"
469791,3.5861908396946567,"N",4540,7364,"4540_20181231",0.43019596058645837,2.674183444121339,131,13.772311075226332,2.411841313297504,2,"MO"
504819,5.3704148936170215,"N",4549,6885,"4549_20181231",2.0614493109732375,2.3817526550804824,94,10.931524697833613,1.2576203798225962,4,"MO"
184861,8.402772727272726,"SM",4551,1464,"4551_20181231",0.7690925830283161,1.9299036782645898,22,7.586568236139074,1.4112926538777304,2,"MO"
81945,5.463,"SM",4556,957,"4556_20181231",0.5907837731390311,2.120303527686175,15,15.199031908795618,1.0264763548739544,2,"MO"
403233,5.104215189873417,"SM",4569,4358,"4569_20181231",0.24889262483212882,2.551364850840632,79,8.783921750260218,1.775483835360463,4,"MO"
98114,5.450777777777778,"N",4598,1586,"4598_20181231",2.882105375312983,2.639524925719386,18,15.330129805292062,0.6764662128747703,2,"MO"
136170,5.237307692307693,"N",4611,1823,"4611_20181231",0.5123303383674249,2.0495923321840013,26,17.159383033419022,1.3166305062162966,2,"KS"
433806,5.226578313253012,"NM",4619,5656,"4619_20181231",0.1713470458765584,2.368774246966834,83,10.308734427122337,1.1957146958916445,2,"KS"
104830,4.765,"NM",4621,1482,"4621_20181231",0.4957562229086095,2.348846694533988,22,9.329002460396254,0.726703560847448,2,"KS"
107630,3.5876666666666663,"SM",4624,1731,"4624_20181231",0,2.7644805895492173,30,12.011214990571027,0.9821945752638074,2,"KS"
141377,5.437576923076923,"NM",4626,2146,"4626_20181231",2.6843239057707007,2.8305396698337892,26,9.527697039221344,0.8413403947676238,4,"KS"
77570,4.8481250000000005,"N",4630,1248,"4630_20181231",0.2809933234065037,2.6085557564428647,16,12.919647052681041,0.534990142902379,2,"KS"
169540,5.298125,"NM",4636,2843,"4636_20181231",0.07530253902443346,2.5345004551478647,32,9.904532460761223,1.0893905465109242,2,"KS"
101828,5.0914,"N",4638,1731,"4638_20181231",0.008086198880061455,2.7327243743832397,20,7.786331010090502,1.116495027959819,2,"KS"
175664,5.018971428571429,"NM",4646,2753,"4646_20181231",0.12233285917496443,2.4965612651363966,35,9.79465032517966,1.4578418488637692,2,"KS"
99992,3.333066666666667,"NM",4649,2089,"4649_20181231",4.955158485657561,3.867311544286482,30,7.259631759261115,0.05373980165127754,2,"KS"
31053,5.1755,"NM",4652,513,"4652_20181231",1.4810942672939535,2.9479704483139964,6,12.822481059973967,0.8735939064371111,2,"KS"
56276,4.328923076923077,"N",4654,931,"4654_20181231",0.8608518990392894,2.467506581163096,13,20.70655111684598,1.04301984315181,2,"KS"
180460,4.1013636363636365,"SM",4660,3193,"4660_20181231",0,3.735627832793273,44,9.494524196311154,1.787372682030627,2,"KS"
104259,3.363193548387097,"NM",4664,2156,"4664_20181231",0.1865152919369787,3.739058066198073,31,8.068878470970068,1.194212431440575,4,"KS"
1077570,3.544638157894737,"N",4666,27921,"4666_20181231",3.106155687224541,5.469471115345127,304,17.90501589667742,1.5818305202746679,4,"KS"
46643,6.663285714285714,"N",4668,560,"4668_20181231",0.02507627366573327,2.480882999072443,7,10.070273435740349,1.1938417294284207,2,"KS"
82293,6.85775,"N",4672,1132,"4672_20181231",0.5439211212516297,2.5031428486582263,12,11.24632187920802,0.8352058442136939,2,"KS"
641466,3.795656804733728,"N",4673,12466,"4673_20181231",1.2471061210640024,2.9453729774126276,169,11.315379059525863,1.2073389871674869,2,"KS"
168520,3.179622641509434,"N",4678,3029,"4678_20181231",0.021455544112598694,3.0745291748155457,53,10.524465691788526,0.7578024191918084,2,"KS"
14270,4.756666666666667,"N",4683,247,"4683_20181231",0,3.6291168449758757,3,9.456536433689333,0.14684287812041116,2,"KS"
83250,4.1625,"N",4690,1418,"4690_20181231",6.740972987872105,2.7371038685998488,20,11.58568947216057,0.24675859821950497,2,"KS"
56579,3.1432777777777776,"NM",4693,865,"4693_20181231",1.2381984212970127,2.722661211203979,18,10.84957492337054,0.9449459650617162,2,"KS"
719833,4.209549707602339,"N",4697,12811,"4697_20181231",0.068338076148142,3.1352978088471124,171,12.001240195053892,1.1219516124686353,4,"KS"
284098,3.342329411764706,"NM",46,4910,"46_20181231",0.7909325829470227,3.052350767751636,85,10.032776093061694,1.136465268112175,4,"AL"
966018,3.209362126245847,"N",4702,23456,"4702_20181231",0.3116813622132771,4.029449365463239,301,11.597268144614885,1.0042305330575327,2,"KS"
3004453,5.3460017793594306,"NM",4705,35673,"4705_20181231",0.28864643260211587,1.9400785028484278,562,14.219957443190143,1.4058931818006424,4,"KS"
236384,3.7521269841269844,"SM",4707,5306,"4707_20181231",0.2707432004188597,3.584819348191344,63,10.405839390852426,1.0944707848980133,4,"KS"
114886,4.995043478260869,"N",4722,1375,"4722_20181231",0,2.338074769427705,23,14.38352106835473,1.3911282566041432,8,"KS"
21803,4.3606,"N",4728,265,"4728_20181231",0,2.191651192686759,5,13.81989943623343,0.6918654477931724,2,"KS"
122734,6.1367,"NM",4735,1433,"4735_20181231",1.307360667469585,2.274873238229735,20,10.247594528315721,0.9244504792806095,2,"KS"
103249,3.1287575757575756,"SM",4736,1322,"4736_20181231",0.006326631321886348,2.6151716704026264,33,9.781639928698752,1.5852309149630281,2,"KS"
196281,3.8486470588235293,"NM",4738,3080,"4738_20181231",0.582937492759014,2.891443855811398,51,10.073878990761159,1.1839472511067106,6,"KS"
140480,3.426341463414634,"N",4739,2806,"4739_20181231",0.49466687277786364,3.306768696208753,41,11.134861604903264,0.8979495033774901,8,"KS"
322711,4.610157142857143,"SM",4746,4778,"4746_20181231",0.9265837326360024,2.798501694806263,70,9.038274438982825,1.3219612513247438,5,"KS"
66597,4.439800000000001,"NM",4748,1078,"4748_20181231",0.042295922175503195,2.4098065955864123,15,11.839501817568292,1.3017604760724026,2,"KS"
61269,2.9175714285714287,"NM",4752,1207,"4752_20181231",0.3690467848550674,3.244258374790506,21,8.007954922108054,0.8098225345954863,4,"KS"
211224,3.705684210526316,"N",4756,4536,"4756_20181231",4.245689950292357,3.4792578475743694,57,15.782550878815913,1.324384256943933,2,"KS"
147364,5.667846153846154,"NM",4766,2355,"4766_20181231",0.1405600591321628,2.8063745676165377,26,9.153216736025193,0.9416350958106846,2,"KS"
3855606,4.04151572327044,"N",4767,77472,"4767_20181231",1.104751312036459,3.7978083513427996,954,10.655054445012306,0.587154267934662,4,"CO"
122689,4.90756,"N",4769,1835,"4769_20181231",3.200191476480775,2.633179759421582,25,12.8692878994029,0.5811973342867455,2,"KS"
58385,3.434411764705882,"N",4770,1157,"4770_20181231",0.18711093519484726,3.640044154085754,17,10.280902851482345,-0.6102868348123618,2,"KS"
198175,9.908750000000001,"NM",4773,1426,"4773_20181231",0.9944244344289601,1.2427527022587557,20,16.824245430215857,0.8604831766245953,5,"KS"
38285,6.380833333333334,"N",4774,385,"4774_20181231",2.399589972975492,1.973145835127918,6,14.1013621573926,1.2921009561547074,2,"KS"
106187,5.056523809523809,"NM",4775,1695,"4775_20181231",1.6814549732830042,2.697622027067602,21,9.259606900824119,0.5436272526029767,2,"KS"
132152,7.7736470588235305,"N",4778,1731,"4778_20181231",0.02436361339457323,1.990249560392871,17,9.113101346518643,1.3226979937788226,2,"NE"
341336,6.321037037037037,"N",4779,4659,"4779_20181231",0.4516622561883951,2.628706404452159,54,9.971031505054233,1.484052991667114,2,"KS"
1686673,4.154366995073891,"NM",4789,27193,"4789_20181231",0.3808314065785593,2.8890288986063952,406,8.229792497676991,1.7435368533994289,4,"KS"
310983,4.14644,"SM",4791,4281,"4791_20181231",1.0314977396317893,3.12137348663797,75,10.156069861481546,0.9559592102122616,4,"KS"
84209,8.4209,"SM",4792,603,"4792_20181231",2.299554078866836,1.517479979303581,10,24.78498213093508,1.2021427486594949,2,"KS"
85754,6.596461538461539,"N",4794,994,"4794_20181231",0.11604034633580292,2.3934569401989827,13,8.698469846984699,0.7258264389656678,5,"KS"
76541,3.4791363636363637,"NM",4796,1252,"4796_20181231",0.8503891611415394,3.230164366004469,22,8.680283821150937,0.663930119911553,2,"KS"
5201340,6.651329923273657,"N",4799,67467,"4799_20181231",0.18496942739411673,2.6632919821528036,782,8.331511594502855,1.5578097493367222,4,"KS"
358656,3.4486153846153846,"NM",47,6029,"47_20181231",0.7569024678787308,2.735596248325145,104,16.535009835567323,0.8390856950813437,8,"AL"
456339,3.867279661016949,"N",4801,7279,"4801_20181231",0.2514558663391077,2.8050753246012854,118,9.582228633377634,0.9818654418995767,4,"KS"
377395,7.862395833333333,"SM",4829,4128,"4829_20181231",1.6423678544493985,2.584151362332911,48,13.07016531151903,1.1239471247629065,4,"MD"
1477669,5.639958015267176,"SM",4832,16110,"4832_20181231",1.4037146532463722,2.483420560183171,262,9.790351828663084,1.149221669543158,4,"MD"
59289,4.94075,"NM",484,1068,"484_20181231",2.330059695744271,2.746559554822079,12,12.02038111304288,0.8609637338207015,2,"SD"
1364794,4.123244712990937,"NM",4857,23931,"4857_20181231",0.5312023054160209,3.2133719799403977,331,10.7039720290142,0.9203732090693485,4,"MD"
232483,8.302964285714285,"NM",485,2892,"485_20181231",0,2.30280584363829,28,9.043830817019433,1.632247872589213,2,"SD"
8229665,9.043587912087913,"SM",4865,96830,"4865_20181231",0.8803369279451511,2.364272666097959,910,9.378645748985766,1.3625008739080393,4,"MD"
39962,3.632909090909091,"NM",492,599,"492_20181231",0.008099789405475457,2.907541238276678,11,7.930973045890707,0.8370989666157584,2,"SD"
849065,10.229698795180724,"NM",4931,8006,"4931_20181231",0.06309896373715258,1.733398157783442,83,10.827288050417298,1.332521035152154,4,"TN"
146790,4.0775,"NM",4945,2493,"4945_20181231",3.3619162131375773,3.2113377008609145,36,14.197543465686774,1.9346549639672206,4,"TN"
284984,4.671868852459016,"N",4951,3831,"4951_20181231",0.5383789425093577,2.386773402567431,61,12.689214969600798,1.5999567286888794,4,"TN"
506792,3.8393333333333337,"N",4952,11026,"4952_20181231",0.14648733066185637,3.23930352283973,132,12.444693208670921,1.133706412884357,4,"TN"
214948,3.908145454545455,"N",4958,3146,"4958_20181231",2.0462822565788543,2.8646042512333585,55,11.466625627824335,1.3071449786765845,4,"TN"
115681,3.7316451612903223,"NM",4960,1727,"4960_20181231",4.698022164483801,2.4502145431758535,31,12.150770296001385,0.729941963210925,4,"TN"
180906,5.835677419354839,"NM",496,2478,"496_20181231",0.6629245058690436,2.482413115540956,31,8.457324933993121,1.2928393660068052,2,"SD"
1703271,5.28966149068323,"N",4972,28800,"4972_20181231",0.2905575278006877,2.864958484323794,322,9.947782600849155,1.1294582488674816,4,"TN"
40636055,7.731365106544901,"N",4977,641672,"4977_20181231",0.6652678202724933,2.8497515056338405,5256,9.099427765395667,1.4808886457885573,4,"TN"
13284058,4.65128081232493,"N",4988,238033,"4988_20181231",1.114812250160747,3.0573213361015212,2856,10.12685789963296,1.1287831472779075,4,"MS"
1349161,4.18994099378882,"N",4993,23107,"4993_20181231",0.55512604016195,2.886011530733238,322,10.25051470031602,1.8555202912030822,4,"MS"
12714862,10.86740341880342,"N",4999,152423,"4999_20181231",0.7881437113433051,2.143938532580622,1170,11.074126215154804,1.5988907186891683,4,"AL"
62219,4.1479333333333335,"NM",49,1103,"49_20181231",2.8929142248268516,2.937009890526684,15,12.940107393638991,0.6402422222726492,8,"AL"
309392,4.687757575757575,"SM",5005,4785,"5005_20181231",0.23610679446176677,2.438101548782657,66,12.159924067061183,1.0844959301591066,4,"MS"
296121,4.0016351351351345,"SM",5006,5013,"5006_20181231",0.47071574294457674,2.919050848913122,74,12.804755702319698,1.1623202932066155,4,"MS"
315604,2.744382608695652,"NM",5015,6247,"5015_20181231",0.95850986901174,3.522577563628157,115,13.078801509092482,1.254782937313997,4,"MI"
291515,3.8357236842105262,"N",5018,5344,"5018_20181231",0.20356334027150508,4.328601746156649,76,8.600214070915237,-0.25991368004387533,4,"MI"
735863,3.9350962566844925,"NM",5019,12154,"5019_20181231",0.840454608683883,3.0271198109495803,187,9.943146529071711,1.1730892425488122,4,"MI"
113858,7.116125,"NM",501,1571,"501_20181231",0.06876167409019068,2.1196530202584554,16,10.630587526470144,2.036987451007172,2,"SD"
454157,2.987875,"NM",5033,14659,"5033_20181231",0.5851249506434943,5.034451070826097,152,8.527464526017251,0.9076590907701416,4,"MI"
95886,4.566,"NM",504,1494,"504_20181231",0,2.7331944126300716,21,10.946423574042019,1.571197601727539,2,"SD"
557853,4.4274047619047625,"N",5058,8859,"5058_20181231",0.3774399497618923,2.6071060315570067,126,12.389488893786888,1.2096396218327048,8,"MI"
109868,5.231809523809524,"NM",505,1254,"505_20181231",4.80207451312447,2.017821580902975,21,12.351565639957617,1.3580767449827396,2,"SD"
328938,4.271922077922078,"N",5062,5785,"5062_20181231",1.7392861475187302,3.151556883683742,77,9.235682682121269,0.7691054219713066,4,"MI"
382627,3.4784272727272727,"N",5072,7334,"5072_20181231",1.4567506030343336,3.0522447790829554,110,9.023834347019607,0.7443268001228764,4,"MI"
259632,4.636285714285714,"N",5074,3694,"5074_20181231",2.7647610121836927,2.542930921725372,56,7.315427987940537,0.42475823615209485,7,"MI"
48048,3.2032000000000003,"N",5076,839,"5076_20181231",0.5215385386891329,3.31127194956297,15,10.03432305020263,0.4355850257841563,8,"MI"
88101,3.8304782608695653,"N",5087,1712,"5087_20181231",0.2988554820276195,3.2654718403804885,23,7.948838220320561,0.8769792935444579,2,"MN"
655360,5.957818181818182,"N",5093,7778,"5093_20181231",0.524736012438187,1.864359189257701,110,13.866727428925094,1.8018955000673151,4,"MN"
290404,3.7714805194805194,"NM",5095,5834,"5095_20181231",2.159835345498356,3.2021214327835135,77,9.675483117095295,1.929072244903612,2,"MN"
233995,7.5482258064516135,"SM",5097,2588,"5097_20181231",0.26461860268776893,1.9050867147512327,31,9.956283773820571,1.683492712266183,2,"MN"
148325,4.1201388888888895,"NM",50,2735,"50_20181231",0.010137361244867962,3.566919323452078,36,10.907869758006484,0.8083905943337654,8,"AL"
26349,2.3953636363636366,"N",5105,557,"5105_20181231",1.907189727611764,4.135420401927004,11,7.6221549589213415,0.09354391107092187,6,"MN"
72103,6.008583333333333,"NM",5107,780,"5107_20181231",0,2.177393157015215,12,13.402419525145564,1.8496135419806665,2,"MN"
35419,5.059857142857143,"N",5110,464,"5110_20181231",0.29233190915223745,3.5090606650169582,7,8.35488877392654,0.8963680928225897,8,"MN"
72089,3.794157894736842,"N",5113,1023,"5113_20181231",2.0197337924640753,2.822676889986671,19,9.446567586694975,0.21052744500138115,7,"MN"
62114,6.901555555555556,"N",5115,898,"5115_20181231",0.03859793018599378,2.6232881116183373,9,8.29737646058392,1.7086735678004246,2,"MN"
112986,4.51944,"NM",5116,2262,"5116_20181231",0.047961630695443645,3.320353243863431,25,8.208955223880597,1.1308323482372575,4,"MN"
92302,5.127888888888889,"N",5117,1133,"5117_20181231",0,2.3299957718223445,18,7.746778235188831,0.5476389676049622,7,"MN"
713817,4.352542682926829,"NM",5123,11365,"5123_20181231",0.48486007092039074,3.2770969502862126,164,8.20007791743681,1.2415468890713888,4,"MN"
109769,3.785137931034483,"N",5131,1824,"5131_20181231",2.002815459431789,3.453446919006742,29,10.17709782104775,0.68180416988529,4,"MN"
274289,4.8980178571428565,"N",5136,5305,"5136_20181231",0.43086165967656737,3.064282784103103,56,10.816457730633237,0.5602279744638236,4,"MN"
67986,4.249125,"N",5141,1072,"5141_20181231",0.15167857624376432,2.8724750254662457,16,7.810936488315969,0.4021758594674253,8,"MN"
31272,4.467428571428572,"N",5142,473,"5142_20181231",3.204628908423278,2.7083891455342615,7,36.98277826610671,1.0029860888769824,2,"MN"
7137879,1427.5758,"N",5146,633,"5146_20181231",1.0668631360221719,0.6835157599057723,5,9.724382677158513,2.172461572068621,5,"TX"
41099,3.424916666666667,"N",5150,833,"5150_20181231",0.5498138288617462,3.4492904391868815,12,8.20812823750741,0.4544761964808305,6,"MN"
354210,4.319634146341463,"NM",5151,6142,"5151_20181231",0.26130107157411925,2.573400813256963,82,15.190079407765356,1.1641379913427485,7,"MN"
205351,5.265410256410257,"N",5162,3029,"5162_20181231",0.5869064654139217,2.601192365616598,39,12.24846464636547,1.5554744691560192,4,"MN"
927044,4.803336787564767,"SM",5170,18489,"5170_20181231",0.8625692183116535,3.3110190851879864,193,9.109507794694544,1.0681625575924767,2,"IA"
19501,3.250166666666667,"NM",5175,433,"5175_20181231",0.2040248539367523,5.2124149309135905,6,10.157880652930158,-4.557640750670242,2,"MN"
109906,6.465058823529412,"N",5180,1658,"5180_20181231",0.6098264044583948,2.5070425926371804,17,12.153152890108714,1.3764155410557068,2,"MN"
180953,6.462607142857143,"N",5186,2004,"5186_20181231",2.284703233070613,2.5172054892502946,28,16.084626234132582,2.187653313403546,2,"MN"
454144,5.280744186046512,"SM",5193,6757,"5193_20181231",1.4262778245806307,2.652557076051613,86,9.182252491498124,1.7983983086875093,2,"MN"
26720,5.343999999999999,"N",5196,286,"5196_20181231",0.019774569903104607,1.8461538461538463,5,25.86402785413231,1.2705882352941176,2,"MN"
88272,3.6780000000000004,"NM",5197,1327,"5197_20181231",0.6407322654462242,2.800062248665375,24,14.486134877554028,1.445702699472014,8,"MN"
216186,4.699695652173913,"N",5198,3359,"5198_20181231",0.8863763260748185,2.7268640396828725,46,11.704826238502804,1.7139335799543587,4,"MN"
149184,4.387764705882353,"NM",51,2222,"51_20181231",0.7988725867390609,2.915314839013848,34,16.919445897198642,1.5860838853059684,4,"AL"
106810,3.955925925925926,"N",5214,1895,"5214_20181231",0.8082806543454134,3.0448411297179256,27,12.571843764846157,1.6126709579166856,4,"MN"
540407,3.6268926174496645,"NM",5216,10810,"5216_20181231",3.145319861988796,3.0661784903083604,149,10.2775753147255,1.009557239928237,4,"MN"
207505,5.460657894736842,"N",5218,3268,"5218_20181231",0.0025335216584432777,2.8447128528706696,38,9.360383507618183,1.134978793685409,4,"MN"
314434,4.91303125,"SM",5219,4914,"5219_20181231",0,2.6205293768830376,64,11.76232015105981,1.4165833088750592,4,"MN"
65506,4.679,"N",5221,835,"5221_20181231",2.622151457856503,2.642443751715122,14,13.221817294643264,0.9974685573860467,8,"MN"
264050,5.281000000000001,"N",5223,4436,"5223_20181231",0.6787765147076057,2.502063124753074,50,10.732783068151289,1.5509664271255525,4,"MN"
245797,6.144925,"NM",5229,3342,"5229_20181231",0.9885907084274275,2.090121513274602,40,9.491308740746849,1.7776849574487206,2,"MN"
23299,3.3284285714285713,"N",5232,504,"5232_20181231",0.18068207483249266,3.605319546954185,7,10.07643626202022,0.2168293595455937,8,"MN"
211095,5.026071428571429,"N",5247,3788,"5247_20181231",1.1726038757515518,3.426697721828055,42,10.76937290904847,1.678133012216965,4,"MN"
204952,4.269833333333334,"N",5249,2987,"5249_20181231",0.2424769499495147,2.9161220096507554,48,10.294222448460168,1.1924951527550331,4,"MN"
189088,4.297454545454546,"NM",5252,2871,"5252_20181231",1.7325594129887198,2.6062020960105414,44,13.272670727522307,1.6445416562657293,2,"MN"
539218,4.456347107438016,"N",5269,8478,"5269_20181231",0.1053179923899257,2.6100274831587877,121,10.3893431988197,1.9874451588817954,4,"MN"
25327,3.6181428571428573,"SM",526,509,"526_20181231",0,3.8878995082411745,7,9.483767961681746,0.07695182815557461,2,"WY"
135650,3.569736842105263,"N",5270,2698,"5270_20181231",0.5459970795505047,3.1673067312584138,38,8.924372464875669,1.6065396142203894,4,"MN"
308104,4.46527536231884,"NM",5271,5548,"5271_20181231",1.0604388053217004,3.2547359869706067,69,11.348731391265641,1.5699007449192095,2,"MN"
46369,5.152111111111111,"NM",5278,780,"5278_20181231",0.42352174621273825,2.5955767046990754,9,15.21167237758373,1.0544530362839994,2,"MN"
298313,4.323376811594203,"N",5280,5668,"5280_20181231",0.13557089873822228,3.6301824212271976,69,10.176729015509551,1.462686567164179,4,"MN"
162082,3.6018222222222223,"NM",5283,2835,"5283_20181231",0.5069182616852778,3.5365905840463787,45,10.012607238399804,0.4596595277889793,4,"WI"
1153351,3.936351535836178,"N",5285,22534,"5285_20181231",0.17742925553174613,3.465413945775712,293,9.711923002411178,0.8116008704954862,4,"WI"
419874,3.715699115044248,"NM",5286,8949,"5286_20181231",1.758096833896642,3.946878520760702,113,9.150376381452078,0.3870721293560725,4,"WI"
431926,4.362888888888889,"NM",5295,6079,"5295_20181231",0.8096952433701257,2.6371644028071635,99,10.629086017783141,0.8205363040611517,4,"WI"
33604332,7.218975725026853,"N",5296,482676,"5296_20181231",0.6046344753598581,2.4322228471390326,4655,8.307425318217385,1.0610643828401027,4,"WI"
208464,3.7225714285714284,"N",5297,3826,"5297_20181231",0.12439038837443481,3.1641901303988194,56,11.72998606924604,0.659656526719282,4,"WI"
150957,3.7739249999999998,"NM",529,2463,"529_20181231",0.09146309038893084,3.919705587152894,40,9.813440646036879,0.40481766477082637,4,"WY"
241230,6.892285714285715,"NM",52,2175,"52_20181231",1.609182361394751,1.6872127705877082,35,21.28474868710896,1.6842257980550543,7,"AL"
1790594,7.0774466403162055,"N",5304,20944,"5304_20181231",1.4363378495114436,2.2237050620172565,253,9.590593127644444,1.5084038000989155,4,"WI"
520785,4.1662799999999995,"N",5306,9952,"5306_20181231",1.6153323775748887,3.35201478382893,125,9.517750275986288,1.2276643655980553,4,"WI"
200412,3.781358490566038,"N",5317,3321,"5317_20181231",0.9616706850872286,2.875854473759664,53,11.78166471754716,0.789758168855261,2,"WI"
143842,6.2540000000000004,"N",5325,1518,"5325_20181231",0.1760339549939855,1.9322188071228479,23,15.153839280395545,1.1044354126170701,4,"WI"
159175,5.305833333333334,"SM",5331,2237,"5331_20181231",0,2.517455265807164,30,11.875493181862646,1.5380118858182055,4,"WI"
420967,4.838701149425288,"SM",5335,6900,"5335_20181231",0.9563913513009564,2.826868178828908,87,10.17282471705412,3.068002965539154,4,"WI"
177219,4.544076923076923,"SM",5336,2841,"5336_20181231",2.4043928006877615,2.9011270683150934,39,9.994040385154717,1.1683879281365555,2,"WI"
230926,9.23704,"N",5337,1397,"5337_20181231",1.2220042266558768,0.9944143534190927,25,30.002460674771704,2.856737333559016,4,"WI"
373698,7.1865000000000006,"SM",5347,4791,"5347_20181231",0.0653928680903239,2.040308562036851,52,20.66234103870386,2.148086947511095,4,"WI"
203815,3.454491525423729,"N",5357,4015,"5357_20181231",2.1085573568643543,3.3357224742259874,59,9.4357359057017,0.9988852875779852,4,"WI"
145212,5.0073103448275855,"N",5358,1733,"5358_20181231",0,2.302597357561466,29,10.288111888111889,1.1443631445712106,8,"WI"
277841,4.341265625,"N",5364,4986,"5364_20181231",0.24230840372402737,2.697562670269599,64,11.090807263432252,1.0475659873835532,4,"WI"
119898,7.493625,"SM",5369,1574,"5369_20181231",0.11361940940860524,2.1382458535552558,16,14.237383194478367,1.5961553554708248,2,"NE"
76306,4.016105263157894,"SM",5377,1678,"5377_20181231",0,3.3241715500700098,19,11.24008208828412,0.8064097910076232,2,"NE"
21882,5.4705,"SM",5380,318,"5380_20181231",0,2.610989245210966,4,16.74250957422843,1.2966137068054457,2,"NE"
149148,5.96592,"SM",5384,2449,"5384_20181231",0.6081504702194357,3.29523250166597,25,10.080622856510676,0.8555745055739408,2,"NE"
277698,4.958892857142857,"NM",5394,3935,"5394_20181231",0.757844641848421,2.191365929159197,56,11.809844027271877,1.7411411879549108,2,"NE"
144040,4.646451612903226,"NM",5396,2384,"5396_20181231",0,2.525915869166683,31,15.44135337829013,0.824690101783211,4,"NE"
142889,5.103178571428572,"N",5400,2434,"5400_20181231",0.39709028669234064,3.139990913119949,28,17.229527899408907,-0.35539178111211145,2,"NE"
106347,5.908166666666667,"NM",5401,1020,"5401_20181231",0,1.8100754876227927,18,10.372330336481925,1.1732846861747324,2,"NE"
88323,5.1954705882352945,"SM",5405,1069,"5405_20181231",0.003025032140966498,2.0228320567219558,17,14.57476760815159,1.067669587259602,2,"NE"
62074,6.2074,"NM",5408,914,"5408_20181231",2.621621056592729,2.7459477193426127,10,12.04849290044009,1.353323331499284,2,"NE"
190536,5.773818181818182,"N",5410,2670,"5410_20181231",3.9199213342625563,2.101817964197899,33,13.25720136449574,1.362518714640808,2,"NE"
983125,4.012755102040816,"NM",5415,16819,"5415_20181231",2.6258860291524164,2.9090839319237802,245,8.94773925938155,1.038431980837027,2,"NE"
71328,6.4843636363636366,"N",5422,962,"5422_20181231",0.1126941962488932,2.108519977427578,11,20.12022278250217,0.5101033828054853,2,"NE"
227893,5.843410256410256,"SM",5424,3719,"5424_20181231",0.34640456969315914,2.8956006937973937,39,11.757760728752496,1.7430046874328062,2,"NE"
23034,7.678,"NM",5425,278,"5425_20181231",0,2.6653070699031702,3,26.55902004454343,0.5388645708979971,2,"NE"
311677,5.666854545454546,"SM",5432,3960,"5432_20181231",0,1.9208970880045657,55,12.734818483469763,1.236891264542142,2,"NE"
353961,5.709048387096774,"SM",5434,4882,"5434_20181231",3.9990904458920578,2.2068416039579826,62,14.408997194620108,0.5515693346634948,2,"NE"
72619,4.5386875,"SM",5438,1214,"5438_20181231",0,2.595329231733086,16,9.983696703418165,0.47949703646100955,2,"NE"
143125,5.725,"NM",5439,1991,"5439_20181231",0,2.140599395256673,25,18.777194908706438,1.474833215630078,2,"NE"
425291,5.52325974025974,"SM",5442,5527,"5442_20181231",0.5653327188602222,3.2994475182017076,77,10.013703240696222,1.574121248054694,4,"WY"
35016,3.8906666666666663,"SM",5447,616,"5447_20181231",0,3.117571186470088,9,11.346596994579858,0.5870750935560556,2,"NE"
21582885,4.5629778012685,"N",5452,441015,"5452_20181231",0.7611774963403783,4.350125048497038,4730,10.061664095999594,1.395689190208738,4,"NE"
136565,6.2075,"N",5460,1934,"5460_20181231",0.013309081229759104,2.35209689362045,22,8.62732347043841,0.8499173649216752,2,"NE"
205553,5.872942857142857,"NM",5469,2588,"5469_20181231",3.078865946833365,2.140941292503097,35,10.913402183072371,1.5200081788768478,2,"NE"
280780,5.97404255319149,"NM",5472,4242,"5472_20181231",0.55823347624235,2.377136888510894,47,12.831949719234348,1.5408719475235544,2,"NE"
234180,4.9825531914893615,"SM",5473,3801,"5473_20181231",0.778090711329028,2.509006141753514,47,10.520911563413568,1.4253680529839297,2,"NE"
44505,4.4505,"SM",5478,702,"5478_20181231",2.448520852566933,2.824945767201588,10,9.977117721547108,0.3498180506114115,2,"NE"
269734,6.7433499999999995,"SM",5486,2991,"5486_20181231",1.1878729476298135,1.7693119098036072,40,9.849974133471289,1.9386973902845832,2,"NE"
159665,7.6030952380952375,"NM",5490,1471,"5490_20181231",0.9976991431291653,1.7240533837128573,21,12.443917019399793,1.5879099466008013,2,"NE"
330644,4.656957746478874,"SM",5495,4893,"5495_20181231",0.7090000249396994,2.469426586293714,71,10.236986309775839,1.3597066821804011,2,"NE"
1706292,3.4965,"SM",5496,29365,"5496_20181231",0.27657340028441546,2.875070256406197,488,9.8317543784354,1.3581874440917332,2,"NE"
281004,3.849369863013699,"NM",54,4599,"54_20181231",0.03453924128799971,2.6894324514888286,73,13.9184931027239,1.1551041230137864,4,"AL"
32355408,7.40398352402746,"SM",5510,433798,"5510_20181231",0.6681474039260177,2.4384013723711875,4370,8.926030519387536,1.4760069375269884,4,"TX"
85222,0.5013058823529413,"SI",55130,14890,"55130_20181231",5.505659677120059,26.85635801015304,170,9.725434738318093,-0.37543402271725623,5,"IL"
60969,5.08075,"N",5518,699,"5518_20181231",0,2.325952396145747,12,14.194161312658004,0.639716674111416,2,"TX"
49445,4.120416666666666,"N",5520,804,"5520_20181231",0.15557163531114326,2.9646868359809777,12,11.413721839127499,1.5845391075584339,2,"TX"
164051,3.645577777777778,"SM",5525,2059,"5525_20181231",0.13319820471984942,2.2700109458718254,45,12.048231346533132,0.4311284307643668,7,"TX"
740116,12.335266666666666,"N",5529,4482,"5529_20181231",1.3859266205797656,1.17881389821728,60,10.773872103122,1.2611789218248,2,"TX"
423400,5.1012048192771084,"N",5531,7334,"5531_20181231",0.893879585595538,3.2234368184526554,83,10.600956300834907,1.0332198351599793,4,"TX"
223418,11.758842105263158,"N",5536,1738,"5536_20181231",0.3488922179295119,1.5678414741294049,19,9.471731185201762,1.2268589601389501,7,"TX"
183532,8.342363636363636,"N",5538,1647,"5538_20181231",0.974155069582505,1.6841969850334977,22,7.6977043507617,0.9749723250043163,2,"TX"
722873,3.4587224880382776,"N",5544,14068,"5544_20181231",0.10483425440407572,3.2857011165715337,209,10.218031057134365,1.7652377001638124,4,"TX"
53804,5.3804,"N",5546,628,"5546_20181231",2.6562147529889466,2.3285740547827687,10,10.416010960324366,1.075974234292038,2,"TX"
209910,5.119756097560976,"N",5548,3770,"5548_20181231",0.3250953159041394,3.4093090786915927,41,10.777156734063837,1.2154319358115946,8,"TX"
1429277,4.191428152492668,"N",5551,30997,"5551_20181231",0.09707936158409804,3.4742050477643964,341,10.506768154874921,1.0565979765996685,4,"TX"
129078,3.1482439024390243,"N",5557,2633,"5557_20181231",3.5985166761895155,3.909195909909298,41,7.49507054680487,1.262017189251622,4,"TX"
175189,3.435078431372549,"N",5558,5319,"5558_20181231",1.2623636671422698,4.9721488732196075,51,13.122749703794875,-1.3460751029304134,8,"TX"
57825,2.8912500000000003,"N",5559,1223,"5559_20181231",0.2272330012235623,3.463452234296608,20,10.67086976209551,1.1441608225570017,8,"TX"
120737,3.7730312500000003,"N",5564,1989,"5564_20181231",0.7856196428362041,2.769608635232524,32,10.551418498138323,1.3468312704004135,8,"TX"
377840,4.10695652173913,"SM",5567,6483,"5567_20181231",0.3937119566759237,2.890824546466697,92,12.50140081434007,1.995677516536774,4,"TX"
409241,2.6923749999999997,"NM",5568,11411,"5568_20181231",0.6815003342904483,4.740562881586893,152,12.004639761666944,0.9305096362906433,4,"TX"
294284,4.824327868852459,"N",5569,3980,"5569_20181231",0.5061975129198967,2.2538390577050826,61,13.278418896510265,2.8549553570498936,2,"TX"
1117758,5.732092307692308,"N",5574,19294,"5574_20181231",0.10725718623147752,3.489822529411822,195,10.171224241868568,2.126194588595342,4,"TX"
244245,4.6970192307692304,"N",5575,4576,"5575_20181231",0.015468950915085126,3.3294582961472474,52,10.130681492520203,1.4053870701096318,4,"TX"
75177,4.176500000000001,"N",5580,966,"5580_20181231",1.7428007352440604,2.207370489850085,18,8.264867367863994,0.5864158951951128,2,"TX"
99674,3.2152903225806453,"NM",5589,1910,"5589_20181231",0.33830782850638674,3.672798935277941,31,9.395946377274178,1.2909139752972998,2,"TX"
137157,4.156272727272728,"N",5590,2663,"5590_20181231",0.8582797390459446,3.3879322212789384,33,19.701392822389728,1.1450852396576645,4,"TX"
223812,7.717655172413793,"N",5595,1896,"5595_20181231",0.05904801478387333,1.5403401736998807,29,13.876983147454167,1.4324065985831431,8,"TX"
875923,6.536738805970149,"NM",5598,12905,"5598_20181231",0.6845866606995511,2.4848492705833545,134,11.713576347845137,1.42521467631354,4,"AL"
184971,7.114269230769231,"NM",5600,2121,"5600_20181231",2.6084166131841937,1.6164707162725784,26,20.405985755821707,0.9805522034683166,7,"AL"
216906,1.792611570247934,"NM",5602,5123,"5602_20181231",2.898843606152464,3.9918947804573737,121,6.963742891938283,0.18260844577965926,4,"AL"
48227,2.41135,"NM",5605,1056,"5605_20181231",10.864147296678704,3.1799791577269665,20,21.589489380566636,0.8122356402868878,8,"AL"
822303,4.865698224852071,"NM",5615,11080,"5615_20181231",0.1364499454480691,2.6158271959171078,169,11.750566395627192,1.3890927206599557,4,"AR"
17132,2.8553333333333337,"NM",5619,331,"5619_20181231",0,4.106367358112564,6,13.48314606741573,0.9830394584572503,4,"AR"
186303,5.322942857142857,"NM",5623,2008,"5623_20181231",0.08702462796971543,1.9338899766035307,35,12.773722627737227,0.8965919688483374,7,"AR"
94933,4.996473684210526,"NM",5624,991,"5624_20181231",1.811374391152866,2.1065061154277887,19,10.677770268797278,0.7422579218721909,8,"AR"
84005,4.20025,"SM",5628,934,"5628_20181231",0.433175888989501,2.625600137174211,20,9.199056747656535,1.2490950312452371,2,"AR"
70629,2.4354827586206897,"NM",5629,1628,"5629_20181231",0.9026445902908522,4.284545434577284,29,11.704646974574228,-0.008236870428536913,4,"AR"
81064,5.790285714285715,"NM",5632,778,"5632_20181231",0.5798090040927694,1.6282528603785322,14,20.49274864420505,1.0583643592460459,7,"AR"
5261829,6.249203087885985,"NM",5633,52944,"5633_20181231",0.1517096091140806,1.7513289561151855,842,17.082821518821024,2.029111506467437,4,"AR"
92923,3.0974333333333335,"SM",5634,1596,"5634_20181231",0.03378775414267246,3.387125262246423,30,15.338312457684495,2.0602768288322437,4,"AR"
287417,3.6848333333333336,"NM",5635,4912,"5635_20181231",0.040138660828316,3.343392174950878,78,8.684522650427517,1.4057063637250324,2,"AR"
128749,3.678542857142857,"NM",5636,1200,"5636_20181231",1.3081033193986877,1.7925432194707225,35,8.701119485249087,0.22168088911472114,8,"AR"
108015112,9.274867937489267,"NM",5649,1058471,"5649_20181231",1.273148072691352,3.507783408072649,11646,10.160694854491677,2.6105114889073944,3,"DE"
634947,4.123032467532467,"NM",5673,11745,"5673_20181231",0.4771481422702782,3.26448346194443,154,7.417476651061099,1.0802817544624737,4,"FL"
524415,5.297121212121212,"NM",5676,5795,"5676_20181231",1.1301603266083942,2.2761894469573054,99,6.089779469383186,1.7796851678288303,5,"FL"
205055,3.8689622641509436,"NM",5677,4255,"5677_20181231",1.0518270962059093,3.7412764197124186,53,10.876271710958957,0.2978082842412496,4,"FL"
419198,3.8458532110091745,"NM",5685,6986,"5685_20181231",0.6219529511998864,2.728805985882318,109,12.261596365752474,1.5981973695625609,4,"GA"
48034,3.2022666666666666,"NM",5686,822,"5686_20181231",0.9125542659696997,3.2944459517072975,15,9.509117603251271,0.7277926350830501,2,"GA"
574790,4.598319999999999,"NM",5694,8826,"5694_20181231",0.3032229453259319,3.1945241838411915,125,11.141111496491556,1.3964976668401556,4,"GA"
55179,3.4486875,"NM",5699,952,"5699_20181231",0.9169285776073354,3.200777331637683,16,9.95320760108587,1.205649943557721,4,"GA"
196050,6.1265625,"NM",57022,3222,"57022_20181231",0.10685138446233489,2.6908897496487936,32,12.930650145279568,1.426648639430924,4,"NM"
87471,4.37355,"NM",57025,1378,"57025_20181231",1.240593023971128,2.8456381877896253,20,12.055874007788358,1.4093219957709093,2,"NM"
474934,5.522488372093023,"NM",57026,7247,"57026_20181231",0.2672382666890425,2.765981323606339,86,10.850778657135562,0.9454835927669621,4,"NC"
60474,2.748818181818182,"NM",57031,1966,"57031_20181231",0.7156179818050321,6.021487820374031,22,21.62442415897462,6.072953528240477,4,"CO"
241136,1.4101520467836257,"NM",57033,23631,"57033_20181231",0,14.482986555298597,171,12.525737961343783,3.519301146345201,4,"OR"
155551,5.017774193548387,"NM",57034,2155,"57034_20181231",0.2743286168062374,2.6935510713270148,31,10.394911899276375,0.8399738441841967,4,"MS"
3095694,5.669769230769231,"N",57038,46429,"57038_20181231",0.25153132509791604,2.831626249586555,546,9.067995654396107,1.3785132630993193,4,"WI"
767948,8.169659574468085,"N",57044,9671,"57044_20181231",0.7207110679727914,3.068635246326924,94,11.517666689246262,0.8688215026216665,4,"CA"
634704,90.67200000000001,"NC",57047,798,"57047_20181231",0,1.3157193978939508,7,98.36750104068179,3.4853249644040316,7,"DE"
129596,4.799851851851852,"NM",5704,1962,"5704_20181231",0.7198176832431631,3.099869144868065,27,8.784586786933204,1.3077572954912149,4,"GA"
47364816,33.47336819787986,"NM",57053,307404,"57053_20181231",0.3181901631583807,1.0903963683816367,1415,9.700320242494739,1.1179818768541043,4,"NY"
838476,3.8818333333333332,"NM",57056,34168,"57056_20181231",0.61824090849661,6.760007222624212,216,18.148490157534685,5.15798172465195,4,"UT"
155146,6.464416666666668,"SM",57058,1371,"57058_20181231",0.13677984776909535,1.7896944556233167,24,14.040703017550085,1.701338368985337,4,"AR"
568354,7.1943544303797475,"N",57061,11258,"57061_20181231",0.7019881366138615,2.820052921031638,79,9.570972207057597,1.269069080161204,4,"IL"
401628,7.046105263157894,"NM",57069,6330,"57069_20181231",0.1775940194516591,2.649524333353704,57,12.410690389100596,1.1234696164110085,4,"MS"
350058,3.241277777777778,"NM",57071,11820,"57071_20181231",2.1070130249721415,4.145343661029917,108,11.089491556313133,1.2024363383004066,5,"GA"
310412,7.760300000000001,"NM",57072,4312,"57072_20181231",0.11678921851109114,2.5180390774740813,40,11.95625401841835,2.0140418243077907,4,"CO"
251144,4.738566037735849,"NM",57073,4891,"57073_20181231",0,3.1174886525434866,53,11.090142768817964,1.444822628193015,4,"CA"
126335,5.263958333333334,"NM",57074,2098,"57074_20181231",0.409796614364884,3.233063386142998,24,9.128438165031922,1.0520991074126926,4,"ID"
1428437,7.805666666666667,"SB",57077,18879,"57077_20181231",0.6808205444993836,2.394211648824917,183,10.468068000326799,0.9111198116112754,4,"OH"
5393,0.24513636363636362,"NC",57081,2152,"57081_20181231",0,70.54070851460536,22,99.73297730307075,25.395345625302124,7,"WV"
2543864,27.062382978723406,"SM",57082,15420,"57082_20181231",0.5776051940240419,1.578204804006246,94,9.807189400740153,1.6271233292964764,4,"IL"
77324,5.9479999999999995,"NM",57083,1168,"57083_20181231",0,3.9770660521101218,13,18.15062444808881,0.09920407805071617,4,"FL"
144502,4.661354838709678,"NM",57092,2045,"57092_20181231",0.026299745370647096,2.824627192281668,31,9.0609669663827,0.8523899569428447,4,"TN"
266376,2.0810625000000003,"SB",57093,17345,"57093_20181231",0,258.37537727169575,128,49.979180964797166,25.755612766083935,5,"WI"
270544,6.012088888888888,"NM",57095,4371,"57095_20181231",0.29109437512517056,3.859485062264034,45,9.423902224107827,0.3437507543295162,4,"NC"
628529,4.395307692307692,"SM",57097,11054,"57097_20181231",2.1717087213064525,3.2698923653927605,143,9.329821073872804,1.2231276300443092,4,"MI"
849696,9.880186046511628,"NM",57098,7969,"57098_20181231",0.8397641814708954,2.536376985716193,86,10.525434239210346,1.282683411570826,4,"CA"
110968,6.527529411764706,"NM",5709,1439,"5709_20181231",0,2.758169561708822,17,14.373382107483035,0.23944213040324094,4,"GA"
349829,5.734901639344263,"NM",57101,7429,"57101_20181231",0.7545600620119987,3.6933168291160743,61,14.427874285298081,1.1688792607509744,4,"CA"
405590,15.599615384615387,"N",57102,1877,"57102_20181231",0.5514058205905151,1.06369243511369,26,10.379288717985627,1.0971755764859417,7,"TX"
1155153,17.771584615384615,"N",57103,9047,"57103_20181231",0.2735205209432488,1.9326846373189728,65,9.484821291777013,1.1839675089914512,4,"IL"
8309,0.43731578947368427,"SB",57109,2791,"57109_20181231",0,137.26785583204875,19,104.24294025826593,2.532481832195552,7,"IN"
335558,5.0083283582089555,"SM",57112,5425,"57112_20181231",1.6079105080237188,3.2222794573636553,67,8.419713602529754,-0.13305695250604363,4,"PA"
245611,5.4580222222222226,"SM",57119,4445,"57119_20181231",1.3902109898846198,3.1942233370128275,45,10.556506191267905,1.181776998680349,4,"TX"
345746,5.084499999999999,"NM",57120,7396,"57120_20181231",0,3.4642900676605413,68,12.54517100607295,1.20469360514795,4,"CA"
140368,15.596444444444444,"N",57123,1919,"57123_20181231",0.18852362436667844,3.580342178312564,9,10.394765860471955,1.171324004556932,7,"GA"
373533,4.914907894736842,"NM",57124,5025,"57124_20181231",0.2596824159611232,2.4867161886636318,76,8.269338193390398,2.067970796386161,4,"AL"
408966,6.596225806451613,"NM",57127,4451,"57127_20181231",0.8478864727704298,2.4078365386980756,62,10.175016819027267,1.4034233197049983,4,"GA"
159455,3.321979166666667,"SB",57129,6172,"57129_20181231",0,6.057680451453292,48,9.578645156021285,-0.028202713232188346,4,"NY"
500426,4.591064220183486,"NM",57131,7978,"57131_20181231",4.519130784586075,5.04300101515764,109,11.090287013817681,-11.317804105287536,4,"FL"
1348132,5.547868312757202,"N",57134,23540,"57134_20181231",0.14656865057610752,2.5949632998047596,243,11.699362394505373,1.5740990802544879,4,"MA"
3790658,5.007474240422721,"NM",57135,55912,"57135_20181231",0.4857159155957456,2.9419347020106437,757,12.758642291078326,1.4201349631343507,4,"SC"
114905,3.283,"NM",57137,2215,"57137_20181231",0.7148492215549581,3.373117429702605,35,8.854450654307525,0.7912808983886808,4,"AZ"
52408,2.7583157894736843,"NM",57141,1128,"57141_20181231",0.16630216876252962,4.120076178982898,19,13.565678568046216,1.023890784982935,2,"MO"
677020,5.090375939849624,"SM",57144,11496,"57144_20181231",0.14298815208025817,2.8172565731261687,133,10.981378527297984,0.8287189771274159,2,"KS"
537896,8.538031746031745,"NM",57145,7438,"57145_20181231",3.4864986289485507,2.8306221532803977,63,10.554616284541458,-0.3046357152111266,4,"NY"
3553,0.5921666666666666,"NC",57150,684,"57150_20181231",0,27.48329108089422,6,94.12579661956221,3.140124452638857,7,"IL"
11552,0.13918072289156627,"N",57160,9002,"57160_20181231",0,131.68079975105024,83,89.92940657401279,14.149292049167572,7,"MO"
453411,6.767328358208955,"NM",57162,5082,"57162_20181231",2.075398449221988,2.1655091017200494,67,9.460382206808564,1.2236816654607454,4,"WV"
87064,6.218857142857144,"NM",57167,1483,"57167_20181231",0,3.128497549303385,14,11.020154820878568,0.9371020030103046,4,"WA"
488016,4.100974789915966,"NM",5716,7879,"5716_20181231",6.5669674785641385,2.8118840097845963,119,5.846852560299503,0.36237046888482516,4,"GA"
798288,11.087333333333333,"SM",57176,8385,"57176_20181231",0.5460742689708784,2.018723508065746,72,9.456517510221275,0.9052236757844662,4,"CA"
7935,0.46676470588235297,"NC",57179,2308,"57179_20181231",0,41.25684512733266,17,72.29584753250032,22.130363124036364,7,"IA"
478815,6.060949367088607,"SM",57184,11654,"57184_20181231",0.705904199791215,3.7868347738117425,79,12.155884620196712,0.03738875377606838,4,"VA"
122310,3.7063636363636365,"NM",57192,1511,"57192_20181231",0.9974225420179348,2.5956233449572936,33,10.245966236675102,1.4482884377365068,4,"MI"
970161,3.943743902439025,"N",57197,18870,"57197_20181231",0.3432019150911134,3.9422347153612614,246,9.922526638362049,0.8469497021556802,4,"AZ"
33096474,9.296762359550563,"NM",57203,359248,"57203_20181231",1.4752514539227317,5.103276889156169,3560,13.27125574554812,1.4236958312156929,3,"DE"
1099655,12.08412087912088,"NM",57228,9812,"57228_20181231",0.028098220515670243,1.9591219423938138,91,8.128554862223204,0.9854049833935029,4,"PA"
96707,5.089842105263158,"NM",5722,1144,"5722_20181231",0.3734367302833352,2.1685877753728966,19,10.955952255202282,1.214325262998943,2,"IL"
179334,6.183931034482759,"N",57230,3043,"57230_20181231",0.3398708490773506,3.0777446893434552,29,12.607963857022634,2.8859779490547126,4,"GA"
1380430,8.736898734177215,"SM",57244,19394,"57244_20181231",0.08366506983334457,2.455679253655525,158,9.983294363449676,1.5376342678897947,4,"IA"
217697,10.366523809523809,"SM",57250,2331,"57250_20181231",0.1132985585282405,2.0325381704522507,21,9.411022141955458,1.5076975005682522,4,"KS"
363387,4.225430232558139,"NM",57252,5956,"57252_20181231",2.6521144401595307,3.7240126378871334,86,8.42342807827979,0.8273771600414885,4,"GA"
123196,5.86647619047619,"N",57254,2364,"57254_20181231",0.8014221600512911,3.5415039263248778,21,10.276541481222184,0.339596266907865,4,"RI"
418132,5.973314285714285,"SM",57255,7112,"57255_20181231",0.1451156657217959,2.9020935848608724,70,10.36785048839704,0.8150173771467787,4,"MD"
286314,10.604222222222223,"NM",57264,3897,"57264_20181231",0.1351130892373849,2.31406286190846,27,10.104988711267064,0.9605476304699045,4,"GA"
1288089,5.051329411764706,"N",57265,15477,"57265_20181231",0.8128961977079322,2.8547099932520243,255,9.715875126170651,0.670794855293412,4,"WI"
913703,8.539280373831776,"N",57269,11313,"57269_20181231",0.05212891932245276,2.000304471123038,107,10.361864008514187,1.437150905565567,4,"OH"
100929,6.3080625,"NM",57273,1681,"57273_20181231",0.6752592513197031,2.605381633781967,16,10.670991806043292,1.565984956307937,2,"KS"
196935,5.626714285714286,"N",57274,3269,"57274_20181231",2.3041588006321523,4.027949666003028,35,10.935402958666138,0.48187422650298634,4,"NJ"
88859,4.039045454545455,"NM",57275,1392,"57275_20181231",0.037744817077432796,3.0570644527336865,22,10.987916759901543,0.46036058953169284,4,"IL"
180152,5.4591515151515155,"SB",57277,3395,"57277_20181231",1.2976622428712794,3.0411780659824066,33,15.130188330981428,3.284930061487299,5,"KY"
211322,4.802772727272727,"NM",57279,4427,"57279_20181231",2.2562024281846513,4.128046850111003,44,11.611949955817805,0.9592328534006578,4,"AZ"
173934,6.6897692307692305,"SM",57280,2799,"57280_20181231",0,2.8717613273396148,26,9.852719498389945,1.0023517619391036,4,"CO"
33843912,12.209203463203465,"SI",57282,227972,"57282_20181231",0.7422255848046856,1.9592311183525268,2772,9.044091205400965,1.0601601436900852,4,"PA"
2015279,6.479996784565916,"NM",57293,29069,"57293_20181231",0.2602134856064101,3.158693005643106,311,12.092601219976922,2.287256939540077,6,"UT"
492485,3.93988,"N",57295,18914,"57295_20181231",0,6.058603994114095,125,9.747003438562949,2.118040899223887,7,"CO"
321691,4.874106060606061,"NM",57298,6414,"57298_20181231",0.21959068296694959,3.585384207684154,66,10.840987370838118,1.4281535630712616,4,"AZ"
262052,4.764581818181819,"NM",57301,3300,"57301_20181231",0.1478424925802928,2.4696027631123862,55,13.425081779997289,1.7253659592008201,4,"KY"
94588,0.7948571428571429,"NC",57304,24603,"57304_20181231",0,43.056017993559756,119,88.93936935475148,17.39400726913737,7,"PA"
63775,5.797727272727273,"NM",5730,756,"5730_20181231",0.7027682648401826,1.7650731129646793,11,16.026313280579654,1.4577540932962618,8,"IL"
16110188,91.53515909090909,"SM",57311,17684,"57311_20181231",0.19638591013455167,0.5564361118709678,176,7.147963199603524,1.7551592017246307,9,"MO"
172757,6.6445,"NM",57312,2074,"57312_20181231",0,2.3220849474403815,26,13.477646888427557,3.863949352540794,4,"NV"
233683,7.789433333333333,"SM",57335,3113,"57335_20181231",0.07474570212212799,2.158172792783674,30,13.698128457050487,2.4060710189817986,2,"CO"
119393,4.77572,"NM",57336,2438,"57336_20181231",1.7460186180722117,3.9730908724373704,25,9.616966024669985,0.02613261555749269,4,"MN"
70235,2.2656451612903226,"NC",57337,8177,"57337_20181231",0,65.40497170687762,31,75.91062264916035,51.94392049773373,7,"DE"
1244226,5.505424778761062,"NM",57348,18778,"57348_20181231",8.687323994757822,3.0068201254788103,226,10.119195145907343,0.9546019677032204,4,"TN"
1770376,29.02255737704918,"SM",57358,3322,"57358_20181231",0.016746869676970463,0.6157986539488355,61,9.930679118370033,0.1731711927355158,4,"MO"
264567,9.44882142857143,"NM",57359,3255,"57359_20181231",0.08475369688727266,2.3168113755396953,28,8.085073048450903,1.0912426942050188,6,"IL"
41257,4.584111111111111,"NM",57363,799,"57363_20181231",0.06508186613687744,3.212541763042919,9,15.332701870708027,0.6019288777069891,4,"WY"
314797,11.242750000000001,"SB",57366,3514,"57366_20181231",0.7814693871001388,2.6866829707507893,28,8.30907118798881,0.13634306814057695,5,"IL"
1871263,13.366164285714287,"NM",57368,16593,"57368_20181231",0.8778351766935854,1.7341768273571645,140,10.135104321662613,1.1292503057653205,4,"CT"
1155314,6.678115606936417,"NM",57369,16389,"57369_20181231",0.01846948761812307,2.7836404972652344,173,9.232613692702934,3.0893334032741993,4,"FL"
235363,4.70726,"NM",57373,3597,"57373_20181231",1.1785643986615053,2.813100037984256,50,11.697903769798916,1.1739400127543465,2,"OR"
482918,3.9910578512396695,"NM",57377,8447,"57377_20181231",0.4730301996030693,3.1894639737776993,121,10.660140308273466,1.031096455933057,4,"PA"
63827,2.2009310344827586,"NM",57379,3058,"57379_20181231",3.71971736204576,11.766709949474821,29,22.88710054429492,9.589177583790802,4,"RI"
28808,0.8230857142857143,"NC",57380,6948,"57380_20181231",0,44.14473977446625,35,94.38085327783558,10.15496159389068,7,"TX"
108252,5.412599999999999,"N",57391,1346,"57391_20181231",0.3571753986332574,2.06483697646524,20,12.69763384581834,0.987689482111136,4,"IA"
121190,4.328214285714286,"N",57395,1848,"57395_20181231",0.030776048847744732,2.806236763235061,28,9.159896209962143,1.714070542692454,4,"MO"
137790,3.626052631578947,"NM",57396,2696,"57396_20181231",0.011524388487135901,3.379792505217786,38,13.315075545767222,1.6953276740336052,4,"TN"
20928,0.4866976744186047,"NC",57402,5890,"57402_20181231",0,52.38266822808756,43,102.50369640216857,9.543684753125344,7,"MO"
14559,1.119923076923077,"NC",57405,1819,"57405_20181231",0,35.610003808556556,13,92.52694271128757,2.7435712975893245,7,"MN"
9252646,65.15947887323944,"NM",57408,5401,"57408_20181231",0.37495038663239943,1.5219534470574176,142,9.896919957873376,2.322105210370823,9,"UT"
152151,10.867928571428573,"NM",5740,904,"5740_20181231",1.2912512661939541,1.3784417401469218,14,11.089786648754119,1.461846517107031,4,"IL"
297161,3.5802530120481926,"NM",57411,7394,"57411_20181231",0.23974879094180476,4.26145192367456,83,9.677364112751311,0.9263104662135054,4,"AZ"
288768,6.016000000000001,"N",57414,5570,"57414_20181231",0.06656780964360973,3.2427475573815494,48,9.781575441460735,0.8695088217816107,4,"TX"
1240722,4.263649484536082,"N",57415,18537,"57415_20181231",0.3929165258196051,3.7853013571011793,291,10.072309297698245,0.6433534283356792,4,"KY"
335670,4.536081081081082,"SM",57416,5558,"57416_20181231",0.6371317075634921,2.925416938130583,74,9.07412300190952,1.0594703865849129,4,"TN"
986712,5.57464406779661,"NM",57417,22219,"57417_20181231",0.6253142056233624,4.060124664550483,177,9.755207124316795,0.8202845493522101,4,"CA"
143592,4.351272727272728,"SM",57420,2179,"57420_20181231",1.748887990295188,2.923430120814655,33,13.163379493635475,1.1227868546067734,8,"VA"
447930,5.090113636363636,"NM",57425,6941,"57425_20181231",0.23023109414344894,2.6171187957360855,88,7.274144483088674,1.6389629316667578,4,"FL"
1040455,6.800359477124182,"SM",57428,23910,"57428_20181231",0.6088992440858084,4.17542779714211,153,8.58771593847278,1.3648390712589344,4,"CA"
109332,3.4166250000000002,"N",57429,3258,"57429_20181231",0,5.148262359718216,32,12.431275369269986,2.363878062234923,4,"FL"
229812,5.7453,"NM",57444,3577,"57444_20181231",0,2.604911419841353,40,14.06184788004727,1.3424371961407047,4,"CA"
1023879,13.651720000000001,"NM",57449,7696,"57449_20181231",2.7173739264267947,2.7252499528942367,75,15.84871930160714,0.5343368479859764,6,"UT"
1217785,13.530944444444446,"SM",5744,9041,"5744_20181231",0.37013698538143586,1.8916443781347987,90,9.233516682223195,0.9981969899001976,4,"IL"
234032000,402.11683848797253,"SB",57450,103000,"57450_20181231",0.12518628912071536,0.2702943225884634,582,7.16740082122695,1.5138375545322345,9,"NV"
716735,6.399419642857143,"NM",57451,12363,"57451_20181231",0.40920551299710817,3.28231953894602,112,9.726089535573468,1.0649153944894576,4,"WA"
91752,3.1638620689655172,"NM",57453,1730,"57453_20181231",0.051420491065689675,3.5535089088597998,29,10.537490704116054,1.1473362620698881,4,"MT"
1697004,6.870461538461539,"NM",57463,24659,"57463_20181231",0.0789162661969872,2.456183899012427,247,12.525945435844474,1.5590265305107247,4,"CA"
411624,7.221473684210527,"NM",57465,5260,"57465_20181231",0.10884137033939925,2.205238678039339,57,8.754314791302969,1.3826890987587979,4,"TN"
56514,5.137636363636364,"NM",57468,922,"57468_20181231",0,3.1104059178665744,11,9.35526693455798,0.4173592671746936,4,"MN"
38281,1.3671785714285714,"SB",57470,5250,"57470_20181231",0,49.93458943334365,28,95.89877588116674,6.329354416706022,5,"FL"
24694,4.115666666666667,"NM",57477,461,"57477_20181231",0.6630043568857739,4.864821110571475,6,8.385521288747096,-0.9875344018131779,4,"MN"
519569,4.639008928571428,"NM",57483,7470,"57483_20181231",0.08236645641544897,2.9077250150153016,112,9.585059932697389,0.9902430592831867,4,"AL"
252270,6.006428571428572,"NM",57488,6640,"57488_20181231",0.023389823300516702,4.694963919548148,42,7.697904261551834,0.7548835074271598,4,"IL"
318932,5.798763636363637,"NM",57491,5271,"57491_20181231",3.8141821577684443,3.15105504599119,55,11.179508431891358,0.9561395044374261,2,"OK"
75849,4.7405625,"NM",57495,750,"57495_20181231",0.059036855865733324,2.51090981696789,16,13.438107767989932,0.8949066452923313,7,"TX"
930533,5.8158312500000005,"NM",57497,13019,"57497_20181231",0.3462952215128651,2.5669900637990084,160,8.309721709587432,0.5269247728686788,4,"NY"
246051,5.722116279069768,"NM",5749,2859,"5749_20181231",0.5838958830865945,2.202185667230365,43,9.8178521055813,1.270774796463419,2,"IL"
92551,3.559653846153846,"NM",57504,1809,"57504_20181231",0,3.335534721502814,26,9.680984952120383,0.8881090507268896,4,"WI"
406924,5.731323943661972,"N",57505,5717,"57505_20181231",0.05319199460481198,2.3933356086255726,71,10.183543295349997,1.2413430667516379,4,"IA"
914872,9.944260869565218,"NM",57510,14965,"57510_20181231",0.20920579830777408,2.720828400878268,92,11.194866319250773,1.3686252531450078,4,"CA"
286626,4.2780000000000005,"NM",57511,4946,"57511_20181231",0.24565115719403716,3.00421232257515,67,10.946703222210505,1.1935412050021892,4,"IN"
23138393,12.762489244346387,"SM",57512,251918,"57512_20181231",0.15962165996475902,1.914994873387948,1813,10.43573303556554,2.088007840648476,4,"AZ"
148073,4.355088235294118,"NM",57513,2658,"57513_20181231",3.1692257775148156,3.8248201198458487,34,12.94308742495271,0.4707699390375205,4,"OR"
515892,12.897300000000001,"NM",57522,5155,"57522_20181231",0.07632000587076967,1.8725504692328896,40,9.245685158426982,1.796794138102879,8,"TX"
113938,3.7979333333333334,"SB",57531,2096,"57531_20181231",0.6947793782180799,3.4107525724179384,30,9.327214462363719,1.316934449318657,8,"CO"
95085,5.004473684210526,"NM",5753,1088,"5753_20181231",0.5249914010029146,2.192434178894936,19,11.394467887630991,0.8291076621941864,4,"IL"
361018,6.016966666666667,"NM",57540,5547,"57540_20181231",0.5280554338736012,3.6743741380914914,60,15.08802581048495,1.656838442036036,8,"AL"
1028840,20.173333333333332,"NM",57542,8587,"57542_20181231",0.09486217862598693,1.2123256888414422,51,17.774818605471257,0.2712940664022127,5,"NV"
257181,12.85905,"N",57543,2823,"57543_20181231",0.03891454366211799,1.7740456534121138,20,13.347418594897162,1.8295946022069365,4,"TX"
60635,5.0529166666666665,"SM",57548,945,"57548_20181231",0,3.492998284937842,12,10.379462385727175,0.12749443740023123,4,"KS"
184001,6.814851851851852,"NM",5754,1960,"5754_20181231",1.0757504321860758,1.919172206921957,27,13.594218629495272,1.5453146104864317,8,"IL"
313621,12.062346153846153,"NM",57552,3191,"57552_20181231",0,1.7617411956910463,26,11.202863004212965,0.9194667027982665,4,"TN"
352121,4.7583918918918915,"NM",57554,6873,"57554_20181231",0.31878509802817695,4.408461690816401,74,10.422539197373634,1.076849535543295,4,"AL"
361440,4.694025974025974,"SB",57559,4647,"57559_20181231",0.017538035614739465,2.264812367105339,77,9.128574470968616,1.0531003965289352,5,"FL"
59366170,164.4492243767313,"NM",57565,81447,"57565_20181231",0.04360300363539029,0.5245854642987058,361,10.698315343501397,1.8165735728603871,6,"UT"
100915,3.8813461538461542,"NM",57569,1385,"57569_20181231",1.125577127125692,2.7661205796108463,26,11.608880778588809,1.3591001594623142,4,"AL"
9156397,76.30330833333333,"NM",57570,14294,"57570_20181231",2.6363754641895243,8.628706763467726,120,12.071145078924337,3.604757938795994,3,"UT"
165317,4.238897435897436,"NM",57571,4396,"57571_20181231",0.8999681427206117,4.21019794060204,39,16.316451313079767,2.4974721818621006,4,"UT"
145702,3.64255,"NM",57576,3170,"57576_20181231",0.3440091479527612,3.697217496217215,40,8.522762337742487,1.0325112699175558,2,"MO"
91410,5.377058823529412,"NM",57579,1243,"57579_20181231",2.863344185658235,2.9417210347062177,17,12.720911255435452,1.3472229666190794,2,"GA"
53511,4.864636363636364,"NM",57581,995,"57581_20181231",0.04708798017348203,3.875678992024182,11,11.583195324843432,0.5069058913313481,4,"MN"
307648,8.789942857142858,"NM",57585,3756,"57585_20181231",0.1579573329368914,2.75183533855274,35,10.695469862013658,3.501838465194227,4,"CA"
202115,4.124795918367347,"NM",57587,4009,"57587_20181231",0.44156628988174534,3.2699502123709596,49,8.287513065460999,1.033223899669288,4,"CO"
662408,6.972715789473685,"NM",57591,9215,"57591_20181231",0,2.4087719509554946,95,10.258185937455691,1.7572809027420686,4,"CA"
411222,4.781651162790698,"NM",57598,6624,"57598_20181231",0.37858319180690647,2.9545262993440327,86,8.270748122443674,1.3441578597902797,4,"FL"
472539,4.457915094339622,"N",57603,8794,"57603_20181231",0.28087743266970444,3.1032437471938525,106,9.797743349002749,0.9278569493454125,4,"MN"
1071979,4.5041134453781515,"NM",57607,32323,"57607_20181231",1.5680958079601508,5.046726316611934,238,8.630010222623834,0.6831765529466268,4,"CO"
368663,5.19243661971831,"NM",57610,5304,"57610_20181231",0.22316703442584718,2.6470533583116964,71,8.661914108841483,1.2736938303554686,4,"CA"
41954,10.4885,"NM",57611,558,"57611_20181231",0,2.5482933233308325,4,21.39154753007546,0.9658664666166541,4,"IL"
949720,4.076051502145923,"NM",57614,36893,"57614_20181231",1.3112668031056902,6.350583061576455,233,11.094672565217255,1.6300293962216323,4,"MD"
658973,8.670697368421054,"NM",57620,9093,"57620_20181231",0.7628697264621493,3.4879936165229997,76,9.19837537736905,1.6161928200266584,4,"AZ"
502268,6.696906666666667,"NM",57621,7311,"57621_20181231",0.6554772792019353,2.2005782010922617,75,11.829460628716943,1.9451103492214283,4,"TX"
160148,4.214421052631579,"NM",57624,2400,"57624_20181231",0.5991989146585697,2.9140072834320954,38,10.282616146823296,0.7251709830095547,4,"PA"
283186,4.64239344262295,"NM",57626,4680,"57626_20181231",1.3877982482633646,3.0086447689957425,61,9.421299092582197,0.9740054297224574,4,"MI"
149287,4.66521875,"NM",57632,2136,"57632_20181231",1.6858611094184794,2.9309234782034492,32,8.98211368777894,0.771766285506752,4,"TN"
1621478,3.824240566037736,"SI",57633,28538,"57633_20181231",0.3026015448375697,3.855937102555209,424,10.674774664288341,2.095073402135792,4,"WA"
70128,3.6909473684210528,"NM",57640,1410,"57640_20181231",1.2958049755834966,3.922785857869221,19,10.671217292377703,0.6089629892396831,4,"AL"
181617,6.98526923076923,"NM",57644,2155,"57644_20181231",0,2.2826054750622786,26,9.461099448963527,1.515659152188133,4,"MN"
105739,3.5246333333333335,"NM",57656,1832,"57656_20181231",0.5198448716890833,3.4604348132874425,30,10.488948163257302,0.8418333346400207,4,"TN"
3207962,9.633519519519519,"SM",57665,30286,"57665_20181231",1.0624026108124682,2.046110778008108,333,10.872008658929163,1.4339594021335418,4,"TX"
402853,7.4602407407407405,"SM",57672,4902,"57672_20181231",0.6571164980954375,2.558306683086028,54,7.590916057564755,0.3880478908455815,4,"NY"
202208,5.777371428571429,"NM",57684,2447,"57684_20181231",0,2.66135703546262,35,10.234295751997822,0.8161696183627094,4,"TN"
298833,6.949604651162791,"N",57686,4350,"57686_20181231",0.692249527410208,2.5988302212470074,43,10.515882333210344,1.2902605076891485,4,"GA"
369699,3.2147739130434783,"NM",5768,6273,"5768_20181231",0.5637877088375937,3.084117315772565,115,11.546998542338443,1.331342567988778,2,"IN"
189384,5.570117647058824,"N",57694,2402,"57694_20181231",0.6904611916050528,2.781018002531311,34,9.13835284433876,0.8429831686721952,4,"GA"
69154,6.286727272727273,"SB",57695,1145,"57695_20181231",0.05956258724988366,2.9157010428736965,11,12.978159871477574,0.7980880648899189,5,"MN"
1358355,9.240510204081632,"N",57701,17679,"57701_20181231",0.15459273133764773,2.905592110817096,147,10.674843099319757,1.263974390887488,4,"IL"
305849,6.371854166666666,"N",57703,5649,"57703_20181231",1.012931291815754,5.311621439010546,48,10.31989158131754,1.5200617987737068,4,"TX"
260115,6.193214285714286,"N",57704,4401,"57704_20181231",0.1262853173890025,2.792630867724712,42,11.310384951032677,1.267931987026678,4,"TX"
416468,5.552906666666667,"NM",57706,7545,"57706_20181231",0.44437660557328323,2.942465295111883,75,10.065519618686732,1.5155524296446474,4,"OR"
433175,,"NM",57710,0,"57710_20181231",0,0.2140446542867118,0,9.784489044953276,1.6292330967066215,7,"NY"
1477754,6.65654954954955,"SM",57716,21307,"57716_20181231",0.32043139408144367,2.751715247110267,222,10.03766622163612,1.1013624729318847,4,"CA"
143329,4.623516129032258,"NM",57733,2758,"57733_20181231",1.9529493520827372,3.448951380822175,31,7.904026400854781,0.7277287413534789,4,"NC"
206024,5.722888888888889,"N",57734,4561,"57734_20181231",4.318000857475347,4.794404888882239,36,17.612357946433672,4.41286174458198,4,"CA"
320671,6.971108695652174,"NM",57740,5584,"57740_20181231",0.6847111990286188,3.0354313492762097,46,11.13186287899481,0.8717281798202023,4,"CA"
303821,4.403202898550725,"NM",57741,5267,"57741_20181231",0.559901555770414,3.519611418275032,69,9.126957206045969,0.8466373147855186,2,"CO"
1100083,10.000754545454546,"SM",57742,11883,"57742_20181231",0.21059315993416533,2.1059449038937315,110,12.405077637991614,1.05139125395115,4,"VA"
630143,4.9617559055118114,"NM",57754,12192,"57754_20181231",0.300071454633909,3.1395098896374747,127,10.223130201121887,1.0323821505197681,4,"IL"
582915,4.89844537815126,"NM",57756,13974,"57756_20181231",1.4550952761310147,4.419644011833072,119,9.32370630813964,-0.01640694156465088,4,"SC"
24169,0.377640625,"NC",57757,7546,"57757_20181231",0,56.89333559437002,64,95.56306782167758,63.742392553652515,7,"TX"
289807,4.996672413793104,"SM",5775,4723,"5775_20181231",0.10650988411724609,3.013288401597531,58,10.883482272344306,1.780850986090461,2,"IN"
4206806,6.656338607594938,"N",57764,64736,"57764_20181231",0.33714411898484126,2.9803493474934584,632,11.262522949427247,1.3155596792175959,4,"AL"
2266082,6.84616918429003,"NM",57776,33406,"57776_20181231",1.468331765421194,4.177187173665162,331,9.853185941087277,-0.16776787325213113,4,"MD"
997388,3.7637283018867924,"NM",57777,34794,"57777_20181231",0.448846256170066,5.702564080470293,265,11.197734820744273,0.8792148567169515,4,"PA"
153133,3.480295454545455,"NM",57784,2386,"57784_20181231",1.940576897714641,3.444052155621211,44,5.656419960565841,0.09976057462090981,4,"NC"
91079,5.357588235294118,"NM",57785,1771,"57785_20181231",0.32888495351337677,3.3435744969634293,17,9.97951188760807,1.3122693141344215,4,"MN"
27438,0.16045614035087719,"NC",57793,26116,"57793_20181231",0,130.4175118975079,171,96.45308229577893,31.50043579202308,7,"PA"
131923,8.794866666666667,"NM",57799,2175,"57799_20181231",1.9510215394361734,3.319485054992705,15,10.244106782436498,0.25196444371524496,4,"WA"
211883,4.23766,"NM",5779,2826,"5779_20181231",1.0880528518836048,2.1980314401844914,50,10.034218244716854,0.8253929546781634,7,"IN"
159291000,21.575375863470136,"SM",57803,969000,"57803_20181231",0.6670354073621556,2.1151091033048837,7383,10.688294664247293,1.345916910978372,4,"UT"
364005,2.2893396226415095,"SB",57807,11705,"57807_20181231",0.5145103297356612,5.890740971787522,159,8.509577247158349,1.4117751633594946,5,"NY"
1243764,9.494381679389313,"NM",57813,10165,"57813_20181231",0.43639204676017035,1.7775594613265864,131,10.71745646255776,1.36108665197837,4,"MO"
1276687,6.10855023923445,"NM",57815,25357,"57815_20181231",0.21954435924604643,3.2472768060531862,209,9.350307080868282,1.0983249038742922,4,"FL"
307409,12.29636,"NM",57816,3521,"57816_20181231",0.3765479225165306,1.8113399021502983,25,10.93561583071843,1.0251166456534926,4,"CA"
11614,1.9356666666666669,"NM",57821,1001,"57821_20181231",56.0546875,4.366702427249564,6,6.068142253170853,-5.148266729247687,7,"MD"
481445,8.160084745762711,"SM",57825,10054,"57825_20181231",0,3.3007864743093163,59,10.759208884707421,1.635303803492585,4,"TN"
5331576,41.6529375,"NM",57833,24233,"57833_20181231",14.515483806581972,2.8365307746319455,128,38.4758124262574,3.868442969109446,4,"NV"
3444,,"NM",57834,0,"57834_20181231",0,1.6873218129981962,0,85.39784319440396,-0.14545877698260312,7,"NY"
421968,5.780383561643836,"NM",57841,7785,"57841_20181231",0.747271153478647,3.167344149724923,73,9.457503886661446,0.7654648401928784,4,"OK"
239183,239.183,"NM",57849,129,"57849_20181231",0,0.18240834076478424,1,7.850681348535425,1.0890963406668879,7,"NY"
8582,1.4303333333333335,"NC",57852,658,"57852_20181231",0,26.259709905822504,6,93.8620613793862,4.731788914094544,7,"FL"
278885,4.892719298245614,"NM",57857,5270,"57857_20181231",0.004327672097093728,3.3584013435078517,57,8.30823564367133,0.7980760731858225,4,"CO"
159813,3.805071428571429,"NM",57867,1879,"57867_20181231",0.46585772413943705,2.7388626085148413,42,12.416611916915146,1.5296044081717524,2,"KY"
257172,5.143440000000001,"NM",57869,2964,"57869_20181231",0.8653365494280431,2.4635075364040504,50,9.138880616109967,0.5895539242911487,4,"KY"
106053,2.719307692307692,"NM",5786,1625,"5786_20181231",1.4074530335694488,2.7470727529693657,39,12.486251301867876,0.6037008264617515,5,"IN"
4852538,7.60585893416928,"NM",57870,92444,"57870_20181231",1.795554560393175,3.1414264523493967,638,11.057681055759462,1.6509182160670814,4,"GA"
92380,3.8491666666666666,"NM",57872,2321,"57872_20181231",0.15807962529274006,4.614300416126,24,49.80092702638459,-1.399671126224887,4,"OR"
1160991,6.208508021390374,"SM",57873,19156,"57873_20181231",0.11557720231545089,2.7336898274605463,187,11.36675466286546,1.5496718669794791,4,"CA"
401447,5.081607594936709,"NM",57874,8891,"57874_20181231",1.3161430577152433,3.604046684674583,79,10.434304150462067,0.8011824066051678,4,"TN"
255194,2.6308659793814435,"SM",57878,11100,"57878_20181231",0.26053594765748767,6.4512480143746265,97,8.962062506315144,0.8072706439936459,4,"MI"
98598,6.5732,"NM",57882,1350,"57882_20181231",0,2.6922849341932866,15,10.759149686721289,0.8812267013803771,4,"GA"
36070,2.7746153846153847,"NM",57884,1325,"57884_20181231",0,7.478058101499498,13,21.107424431524155,0.42426401528645913,4,"MO"
169812442,36.076575738262164,"N",57890,827474,"57890_20181231",0.8331508601263358,2.0611781335180166,4707,13.05726082610458,0.29220211894194964,9,"VA"
195536,3.91072,"NM",57892,3764,"57892_20181231",3.442109719684478,3.390500243124451,50,10.215900296229083,0.6562771131434455,4,"ND"
55874,3.7249333333333334,"NM",57897,821,"57897_20181231",2.902843601895735,3.0998441963126457,15,9.77591906057673,0.5337718918607,8,"IL"
258311,7.380314285714285,"NM",57898,2515,"57898_20181231",0,2.059786717362108,35,11.62815665764308,1.9492886312401554,4,"GA"
112102,6.227888888888889,"NM",57899,1714,"57899_20181231",0.027784308277586614,2.8484335049979057,18,9.763262952048807,0.5421489752715047,4,"MO"
99737,4.5335,"NM",57901,2478,"57901_20181231",1.3229693628147559,4.3227888846364015,22,13.622417031934878,1.220070660121277,4,"TX"
1939212,13.46675,"NM",57903,13487,"57903_20181231",0.691663051453193,1.3170764457979398,144,11.43075370838576,2.3790139101976453,4,"CA"
51590,7.37,"NM",57910,574,"57910_20181231",0.03580675370462182,1.8432269969299697,7,11.318012711207565,1.3960178239043375,2,"IA"
167747,4.414394736842105,"NM",57915,2321,"57915_20181231",0.5008434864104967,2.535344549763605,38,8.017778630853483,1.2402125802818873,4,"OK"
5461570,17.561318327974277,"NM",57919,39584,"57919_20181231",1.1781747650124683,1.3359095981349258,311,10.77818112558627,1.2502405767394764,4,"NJ"
102815,9.34681818181818,"NM",5791,849,"5791_20181231",0.17555911762460882,1.5251708412235907,11,11.973586616119993,0.9598836894073423,2,"IA"
420942,15.590444444444445,"NM",57920,2573,"57920_20181231",1.4985586093289405,1.3494566135480601,27,10.529295495216083,2.4702967509431835,4,"UT"
203554,6.16830303030303,"NM",57922,3371,"57922_20181231",0,2.8267562272600055,33,12.900118229189472,1.1459685011322291,4,"TX"
222783,4.950733333333334,"NM",57923,4147,"57923_20181231",0.021167653537000487,3.300986686853244,45,10.040712110975598,0.9619780378424299,4,"GA"
509859,7.389260869565218,"SM",57927,6202,"57927_20181231",0.8746889815926618,2.3904370889197746,69,8.928094784690712,0.14679397393088514,4,"IL"
62186,8.883714285714285,"NM",5792,819,"5792_20181231",0,2.0481746707396464,7,11.677012561708782,1.6508922162685495,2,"IA"
129424,6.163047619047619,"SM",57931,1851,"57931_20181231",2.442378829555155,3.247503142869987,21,10.702706956248033,1.285050169660725,4,"FL"
134537,5.605708333333333,"NM",57933,2336,"57933_20181231",3.658872077028886,3.4267820282236827,24,9.029089818563502,3.000973499864835,4,"NV"
1044131,6.780071428571429,"NM",57944,18195,"57944_20181231",0.17937660065927466,2.9929888311111363,154,12.8726289949675,1.4591685048236875,4,"CA"
271283,5.897456521739131,"NM",57945,4623,"57945_20181231",0,2.599676427295311,46,8.870170798581292,1.1463349577828053,4,"FL"
76610,3.192083333333333,"NM",57952,1767,"57952_20181231",1.2753448405818948,4.171076472967656,24,10.08546553422615,0.7854534573804919,4,"MT"
523343,5.508873684210526,"N",57953,7357,"57953_20181231",1.2192210505912915,2.5240751363952594,95,9.083363000993087,1.0224050318764162,4,"AR"
167868,4.937294117647059,"NM",57954,2548,"57954_20181231",0.08150918028654258,2.8312284619679264,34,9.446975862744981,0.9445449819994993,4,"TN"
129426633,8.435549305872385,"N",57957,1617353,"57957_20181231",0.7934929764736223,2.3039199584258374,15343,9.856790055359992,1.109019624193287,4,"RI"
1622437,9.166310734463277,"SM",57966,18437,"57966_20181231",0.1399527600795307,2.9287312997978945,177,12.026008075511486,1.3263667329725521,4,"CA"
302447,7.201119047619048,"NM",57967,4294,"57967_20181231",1.1397722907420575,2.6744694815138916,42,9.053065283796263,0.7893969226281631,4,"PA"
2707117,7.77907183908046,"SM",57968,26739,"57968_20181231",0.30791840001762416,1.9413648810564867,348,11.03301231061658,1.3799767076489233,4,"VA"
296678,4.4280298507462685,"NM",5796,4831,"5796_20181231",0.07223999117679497,3.1337002310189,67,8.75318310013417,0.16953641662655214,4,"IA"
209763,5.66927027027027,"NM",57971,4420,"57971_20181231",2.246469833119384,3.4254598882171328,37,11.817928137991704,1.2081682898015507,4,"IL"
1005902,10.70108510638298,"NM",57973,10273,"57973_20181231",0.33821566540639386,1.6955161386075266,94,8.70519079406197,1.472104485329826,4,"FL"
46288,2.4362105263157896,"N",57974,2063,"57974_20181231",0,8.500292701575809,19,30.309164127586136,-4.342735624768527,4,"CA"
267448,3.519052631578947,"NM",57978,5538,"57978_20181231",0.10851180669961559,3.449640969487671,76,11.288670757935039,1.0036008338773188,4,"WA"
189344,4.618146341463414,"NM",5797,2436,"5797_20181231",0.2573869002521976,2.1623918937534103,41,12.101532918370209,1.1356561871638282,2,"IA"
150845,5.201551724137931,"NM",57990,2262,"57990_20181231",0,2.712286030386949,29,10.1193826269475,1.2053077520391966,4,"MI"
8007143,17.109279914529914,"NM",57993,51849,"57993_20181231",0.42503243608174884,1.2706711225710192,468,9.885628066219349,1.9031321705313884,4,"AL"
124028,3.2638947368421056,"NM",57994,3718,"57994_20181231",1.753200650436296,5.238864151620428,38,8.449082234600109,-0.23242158829573814,4,"GA"
1681673,7.186636752136752,"NM",57997,20230,"57997_20181231",0.13655842962771692,2.298825208365517,234,10.510109453168374,1.5741108206435064,4,"AL"
178483,5.57759375,"NM",58000,2687,"58000_20181231",0.4246798959342958,3.0794148171568065,32,8.709161832590059,0.882687224307161,4,"KS"
9058559,10.460229792147805,"SM",58006,96925,"58006_20181231",0.2899141998353954,1.8478297897110103,866,11.571043941503376,1.805308747196913,4,"TX"
319860,7.438604651162791,"N",5800,3570,"5800_20181231",0.763987635793161,2.132469359835456,43,11.576895523382703,1.6441638070076556,2,"IA"
79081,4.6518235294117645,"NM",58010,1311,"58010_20181231",0.5996780054059643,3.356823222182854,17,9.942388052320549,1.4907549571539178,4,"MT"
19569,1.2230625,"NC",58011,4267,"58011_20181231",0,105.30669244816843,16,82.37265112067014,47.078096465785805,7,"DE"
829928,5.286165605095541,"NM",58013,12422,"58013_20181231",0.2026027692513508,2.8036491519610447,157,9.474344614510889,1.091388213925133,4,"IA"
436374,9.486391304347826,"NM",58018,4902,"58018_20181231",0.8682533051629365,2.0291709523666617,46,9.11837547949797,0.24782031799211887,4,"MO"
655008,8.397538461538462,"NM",58020,9263,"58020_20181231",1.0763881436328904,2.3928665126666115,78,9.463929745164593,1.1207663315779033,4,"WI"
258797,17.253133333333334,"SM",58025,3256,"58025_20181231",0,1.886777355471094,15,13.211170551830426,2.1344268853770756,4,"CO"
359420,2.065632183908046,"NC",58026,16229,"58026_20181231",0,8.443519127279812,174,99.43421970393796,1.5163690377365593,7,"CA"
221255,5.14546511627907,"SM",58029,4200,"58029_20181231",0,3.0959023206020277,43,12.668646505769884,1.3301095390098412,4,"FL"
299472,5.872,"SM",58030,6778,"58030_20181231",0.7311380957590344,3.6770275911314076,51,11.00517962318961,2.206408332891178,4,"FL"
88134,4.638631578947368,"NM",58037,2538,"58037_20181231",0,5.278297861634164,19,14.725436543258716,-1.6668309036739468,4,"CA"
191563,5.6342058823529415,"NM",58039,3110,"58039_20181231",0.11230805971690623,2.9184503358485046,34,9.414264408441785,1.3195888612478848,4,"MN"
484828,6.060350000000001,"NM",58048,6701,"58048_20181231",0.6535130020199079,2.5517750386859563,80,8.929228608020324,0.9760634470779919,4,"NJ"
153165,8.509166666666665,"NM",58049,2110,"58049_20181231",1.3004494895027277,2.5305538998749886,18,13.5056342396361,0.7628584841467854,4,"KY"
962299,6.289535947712418,"NM",58054,10602,"58054_20181231",4.920769900858671,1.8704421279122883,153,13.711205893919054,1.3112356901039317,4,"NJ"
780003,9.397626506024096,"NM",58057,9407,"58057_20181231",0.1201506686235111,2.183537034409605,83,8.923747382575344,1.0170978283145622,4,"MN"
947186,13.727333333333334,"NM",58060,7336,"58060_20181231",0.17052391691287214,1.364207328354285,69,12.813171458603323,2.2834162633767296,4,"CA"
87280,10.91,"NM",58063,885,"58063_20181231",0.018101887768295837,2.038364849970898,8,10.87568599379623,2.0755160926799667,4,"MN"
329088,8.438153846153847,"NM",58069,5519,"58069_20181231",0,2.675388368045446,39,10.966357897646525,1.0714493681942585,4,"CA"
223276,5.5819,"NM",58074,3835,"58074_20181231",2.74857362651452,2.7067202691120094,40,8.6262842390055,1.5837765337483818,4,"GA"
86426,4.115523809523809,"NM",58076,1298,"58076_20181231",0.1813181831918044,2.856906079757839,21,10.55257787445897,0.847258024416733,8,"MO"
120606,5.243739130434783,"NM",58079,1512,"58079_20181231",0.7330254693581238,2.3842789206919544,23,11.552927650488625,1.5063751950217885,4,"TN"
105746,1.0901649484536082,"SI",58082,5942,"58082_20181231",0.09267953611453239,8.813949935783674,97,12.359873802514361,0.3856751389467768,4,"TX"
365096,4.3987469879518075,"NM",58088,7468,"58088_20181231",0.40090719571143846,3.545196500160946,83,9.064687900601518,1.3083428437655458,4,"AL"
467150,10.617045454545455,"NM",58090,6385,"58090_20181231",1.0467051542102253,2.6181335873941025,44,8.737598708514664,1.46878882132616,4,"CA"
203849,3.997039215686275,"NM",58095,4848,"58095_20181231",0.2685368339027753,4.162933995178823,51,8.30450698126413,0.29843888663937884,4,"ID"
119660,5.202608695652174,"NM",58103,2988,"58103_20181231",5.752883783916072,4.748229094356241,23,15.8807060041953,-1.1840249009113912,4,"GA"
142634,5.943083333333334,"NM",58106,2838,"58106_20181231",1.351164186454502,3.769257962274185,24,12.530773542203208,-0.15333855036907004,4,"MN"
193459,3.1203064516129033,"NM",58107,5515,"58107_20181231",2.218190215419127,4.313782655324289,62,8.684587243518372,0.5773575868639436,4,"MO"
257588,4.365898305084746,"SM",58111,5041,"58111_20181231",0.27859597447226314,3.4283095417958274,59,10.244889572906693,1.0777826981687464,4,"AL"
32369,2.3120714285714286,"NM",58112,810,"58112_20181231",14.88501389941875,6.236545523616563,14,6.4655568840246485,-3.695304315793109,4,"KY"
115189,4.430346153846154,"NM",58113,2129,"58113_20181231",0.24723079912767473,2.866226776457446,26,14.204043812337735,1.3946932253272324,4,"FL"
209078,6.335696969696969,"NM",58114,2711,"58114_20181231",0,2.1226395457270364,33,8.124870481660203,0.6062454206354493,4,"IL"
938693,3.878896694214876,"SM",58115,20209,"58115_20181231",0.878065928612232,3.5580477048420747,242,10.214819896857378,0.8642557828896946,4,"MO"
5675591,29.40720725388601,"SB",58119,17991,"58119_20181231",0.7129279165615274,1.8757465305444574,193,26.63382465836432,0.3829715305361516,5,"VA"
360674,9.747945945945947,"NM",58121,5161,"58121_20181231",0,2.356128436284438,37,9.482954561801762,0.9949102801968837,4,"MO"
277354,4.8658596491228066,"NM",58127,6001,"58127_20181231",1.6663171873907878,3.416160275620097,57,10.668898483466117,0.9625787388671913,4,"IL"
173328,6.93312,"SM",58133,2855,"58133_20181231",0.1991155392153207,2.454555508343859,25,13.88395021819945,0.9662229413921759,4,"MA"
658103,8.893283783783785,"N",58140,11556,"58140_20181231",0,3.373676665939153,74,13.26363273192471,1.730708086450191,4,"NY"
193596,4.8399,"NM",58143,3107,"58143_20181231",0.727565651683583,3.217910283561154,40,9.36113222187382,1.2228059077532387,4,"GA"
173597,14.466416666666667,"NM",58148,671,"58148_20181231",0.35396798735917484,2.6648077114590167,12,14.30166813815201,2.4896721531028185,8,"UT"
113858,7.116125,"NM",5814,1453,"5814_20181231",0.00887350814144372,2.1793093184077224,16,9.554611311086452,1.7319307794662995,2,"IA"
181665,5.343088235294117,"NM",58152,3169,"58152_20181231",0.1628017789072427,3.0957010756105583,34,9.043399892319577,0.4985631434466847,4,"FL"
123580,4.261379310344828,"N",58158,2786,"58158_20181231",1.1373782898932778,4.508210122691468,29,9.123538549587115,0.6841051818170866,4,"IL"
564879,5.823494845360825,"SM",58163,8564,"58163_20181231",0.3569103397964572,2.817506157624406,97,10.790683101901152,0.9482112797259206,4,"VA"
249684,5.427913043478261,"NM",58164,6214,"58164_20181231",0.12827254721756695,3.5245235790938385,46,11.105399466331816,0.029539456551734858,4,"KY"
456457,12.679361111111112,"NM",58165,3671,"58165_20181231",0.8677182515915473,1.7270079261652878,36,10.442230163899795,1.4475568054265682,4,"IL"
38370,2.9515384615384614,"NM",58172,678,"58172_20181231",1.4821379457873667,4.191698597160682,13,9.759779298857456,0.993393147164099,6,"KY"
883736,10.910320987654321,"NM",58175,9923,"58175_20181231",1.3355887270402795,2.1531853510109764,81,10.055552186033555,0.6237307176624471,4,"NJ"
26585576,14.599437671609007,"NM",58177,233065,"58177_20181231",0.5521669225496539,2.1288018672275357,1821,11.147108846057606,2.1596251244917113,6,"UT"
213748,6.477212121212121,"NM",5817,2239,"5817_20181231",0,1.837817391254511,33,9.104154267349125,1.151023885894847,2,"IA"
323981,,"N",58180,0,"58180_20181231",1.4602322553214107,0.9516178387662222,0,12.10963573102322,1.6137410314145912,7,"SD"
1435822,7.517392670157069,"NM",58181,23568,"58181_20181231",0.47031699714174746,2.808675512361821,191,10.909097238176793,3.031710710745182,4,"GA"
240949,9.63796,"NM",58184,1855,"58184_20181231",8.452931810167028,2.2996868909430304,25,8.018934609017652,1.346238015255182,7,"VI"
221985,3.8273275862068967,"NM",58186,6062,"58186_20181231",0.25625250129918226,4.922969667878123,58,11.50429058212763,0.29619724641325135,4,"AZ"
56227,18.742333333333335,"N",58188,846,"58188_20181231",0,2.1369985441021724,3,99.5530786907196,2.908191947875975,7,"DE"
89751,7.47925,"NM",58189,1550,"58189_20181231",0,3.249508690494146,12,12.711765256458255,-0.19134619930169894,4,"GA"
77315,7.028636363636363,"NM",5818,980,"5818_20181231",0.27560341520933074,2.0604156221597227,11,10.886304706529426,2.0644372531723967,2,"IA"
427222,5.6213421052631585,"NM",58196,8158,"58196_20181231",2.372683237301983,3.733912872385143,76,10.536462173898375,0.44916263960561137,4,"PA"
46116,6.588,"NM",58199,655,"58199_20181231",0,2.739778437157262,7,15.560900940301773,1.015992314166929,4,"MT"
178366,5.5739375,"SM",5819,2207,"5819_20181231",0.08452041167942058,2.309079599829034,32,11.793574585511408,1.3256792585925907,6,"IA"
249719,5.675431818181818,"SM",58201,3275,"58201_20181231",0.20622969318469228,2.74098374738922,44,10.935714407545753,1.2165744056727537,4,"TN"
418525,9.098369565217393,"NM",58203,5908,"58203_20181231",0.7368316240167281,3.1727842708402045,46,12.251152931740712,1.4029485087641351,4,"NY"
152005,5.066833333333333,"NM",58206,1970,"58206_20181231",0.8502427584259528,2.567363197650863,30,10.057975010997525,1.4387931253501711,4,"AL"
477160,6.816571428571429,"NM",58208,6038,"58208_20181231",0.7967967767315296,2.4037358945489067,70,10.066605555325722,1.108617706900864,4,"TN"
37985,2.1102777777777777,"NM",5820,689,"5820_20181231",11.545089029293509,3.708995284166498,18,11.321109796752339,0.39341750397299907,4,"IA"
1970086,14.072042857142858,"NM",58210,17945,"58210_20181231",0.03499123111316682,1.7777515232324599,140,10.821936332416913,1.5759478359691022,4,"MN"
103890,4.9471428571428575,"NM",58214,1874,"58214_20181231",0.3391800221615632,3.68285453532229,21,10.459468458058325,1.7424909342012809,4,"IL"
7911,,"N",58216,0,"58216_20181231",0,-0.6086581623595648,0,86.80845676667933,0.4818543785346555,7,"IL"
153042,6.37675,"SM",58218,2732,"58218_20181231",0,2.742476300865174,24,11.608736637317236,0.586657076623753,4,"CA"
187651,5.212527777777778,"NM",5821,2812,"5821_20181231",0.46046627395669126,2.271678557484116,36,13.035005492897877,1.9738535122280194,2,"IA"
159825,4.439583333333334,"NM",58220,2934,"58220_20181231",0.6205039585259012,3.3549820952421463,36,8.796032129219155,1.0972811884399334,4,"TN"
244810,9.7924,"N",58224,2031,"58224_20181231",0.04535978999382335,1.4690169784795069,25,9.235168334660225,0.9918892613820699,4,"CA"
787746,5.470458333333333,"SM",58227,12461,"58227_20181231",0.2908760331640438,2.8232136863259956,144,8.567701392882691,0.8185633436579862,4,"TN"
2097705,6.299414414414414,"NM",58228,26634,"58228_20181231",0.8875865457397873,2.843319376485762,333,12.07699412401335,1.022136677310956,4,"LA"
160138,4.448277777777778,"NM",58230,2444,"58230_20181231",0.8238117411082059,2.7154472795526052,36,8.572723847956427,1.1025895469382627,4,"MO"
160546,6.980260869565217,"NM",58231,2007,"58231_20181231",0,2.4399852918001788,23,11.6805315921467,0.9172926406471608,4,"HI"
267602,9.557214285714286,"NM",58234,3361,"58234_20181231",0,2.042106556727773,28,13.527647693194073,1.299589653919016,4,"CA"
452347,9.23157142857143,"NM",58239,4449,"58239_20181231",0,2.046357141394911,49,10.450666709019005,1.4969600196523982,4,"NC"
1394135,9.958107142857143,"SM",58243,18230,"58243_20181231",0,2.22886135766034,140,12.274769534622802,1.0647998440781006,4,"VA"
421118,10.271170731707317,"NM",58244,3939,"58244_20181231",0.04372398349124191,1.5777016863542679,41,9.76702801922439,1.1517563066689904,4,"WI"
426998,8.2115,"NM",58247,5751,"58247_20181231",0,2.259397197427517,52,10.737293683134979,1.0159537741032783,4,"FL"
613807,7.0552528735632185,"NM",58249,7486,"58249_20181231",0.0016337848025337668,2.080366782171676,87,10.415960304626779,1.741718470255016,4,"TX"
1070362,5.6334842105263165,"NM",58255,14015,"58255_20181231",0.38661851678568726,2.8385516216339126,190,11.033964034275408,1.0504565861556756,4,"AL"
589519,3.221415300546448,"NM",58257,21673,"58257_20181231",0.2820405608607691,8.948737899554885,183,8.552793874468625,-1.9083500552848192,6,"CT"
571931,7.728797297297298,"N",58259,7159,"58259_20181231",0.9110608797800105,2.3697841347298216,74,9.373754140782998,1.0419026739876218,4,"MI"
170323,5.494290322580645,"NM",58263,2772,"58263_20181231",0,3.332868547552312,31,12.573584355464835,0.38994739255176847,4,"NY"
875269,14.587816666666667,"NM",58264,10639,"58264_20181231",0.3534898315640164,2.121358067324501,60,9.337408177047545,1.9194698123460154,4,"IL"
958055,119.75687500000001,"SM",58267,1142,"58267_20181231",0.4053740888981534,5.859263390791138,8,15.545514534005884,1.3787981588391576,4,"UT"
982703,3.560518115942029,"N",5826,16042,"5826_20181231",1.0474492929317176,3.168185352545081,276,10.154388276319985,1.1261753612034626,8,"KS"
104105,6.123823529411765,"NM",58271,2017,"58271_20181231",0,3.0967864465914245,17,14.105993782083726,0.9733511062966231,4,"AZ"
131579,5.980863636363637,"NM",58274,2130,"58274_20181231",0.5650097531445483,2.9220581886979464,22,11.666282907360504,1.2646667840684713,4,"GA"
412620,6.877,"SM",58275,8765,"58275_20181231",0.01188017472995449,3.084531251409234,60,12.769810831341596,1.3291301175663057,4,"CA"
376973,8.195065217391305,"NM",58276,3445,"58276_20181231",0,1.6943794331816489,46,8.398275311402108,1.0755870105250864,4,"CA"
288862,6.565045454545455,"NM",58278,3508,"58278_20181231",0.06362861251447552,2.512267024635423,44,9.606905070576582,1.0018819520633617,4,"CA"
182831,6.094366666666668,"NM",58279,2883,"58279_20181231",0,2.860333324027805,30,11.771443822911221,0.5225984757544457,4,"IN"
616574,6.490252631578948,"NM",58281,9694,"58281_20181231",0.06864713993198229,2.8573332024292064,95,9.205709706067104,1.0326231784457005,4,"CA"
66075,4.7196428571428575,"NM",58282,1040,"58282_20181231",0.36932692535334644,2.7315157006270714,14,10.02079485799875,1.393326339381512,4,"MT"
167133,4.775228571428571,"NM",58289,2782,"58289_20181231",0.10702587996493981,3.006842029067608,35,10.8161843207201,1.1436951992497058,4,"GA"
846781,6.88439837398374,"NM",58291,15715,"58291_20181231",0,3.2644658764965353,123,11.116815427386436,0.6491412327724455,4,"CA"
191310,7.085555555555556,"NM",58292,2672,"58292_20181231",0.15088266358195443,2.46504511845219,27,10.433219727968673,0.6728760521137628,4,"KS"
133425,2.261440677966102,"NM",58294,3720,"58294_20181231",0.3721604639922668,4.781355215157605,59,13.941717001537635,1.1860464173288476,4,"GA"
459985,5.822594936708861,"NM",58296,8184,"58296_20181231",0.3305371772777436,2.8143078734692306,79,8.304393845292559,0.7394025078335461,4,"NC"
359929,6.314543859649123,"NM",58297,8567,"58297_20181231",0.005601534820540829,3.480876881869194,57,10.738873124387698,1.4988859177539564,4,"CA"
84619,2.64434375,"NM",58300,1980,"58300_20181231",0.4875983819886488,4.036375388766066,32,8.98384225977208,0.9145370405066139,4,"MO"
25534,0.9457037037037037,"N",58303,4053,"58303_20181231",0,27.65652951699463,27,95.44876886417792,3.4386801828662295,5,"MN"
360243,7.831369565217392,"NM",58307,4025,"58307_20181231",0.8247276203023787,2.2404439978815303,46,10.39782394882077,0.8599040198774579,4,"CT"
1088974,6.405729411764706,"NM",58309,15103,"58309_20181231",0.8723618371723396,2.658467542733856,170,20.304628273804006,1.3857252713602874,4,"TX"
93008,4.043826086956521,"NM",5830,1509,"5830_20181231",0.023983027395996677,2.545264106172642,23,16.482019209291938,1.5786671954034386,2,"KS"
388874,5.401027777777778,"NM",58310,7897,"58310_20181231",0.13366536685444289,3.4817392409689285,72,12.866976480618074,1.1445958844485908,4,"CA"
202249,6.32028125,"NM",58311,2635,"58311_20181231",0.26555727727997486,2.3783463497732757,32,9.983142057276506,0.7956967567256178,4,"DE"
1575451,10.573496644295302,"N",58314,13416,"58314_20181231",0.34777338451326156,2.5110309914580085,149,9.5786747196947,1.0813349188728427,4,"IL"
1784210,6.942451361867705,"NM",58316,25469,"58316_20181231",0.42467831456463156,2.4073624672306475,257,10.719604139496747,0.9228094983547634,4,"LA"
26287,0.4779454545454545,"SB",58317,7886,"58317_20181231",9.466312484907027,37.29656141042542,55,4.606741573033708,-7.897298163046558,4,"OH"
556035,5.148472222222222,"N",58319,9947,"58319_20181231",0.7776982748841633,3.663404623999727,108,8.948641316842155,0.09493195122745075,4,"TX"
139127,4.215969696969697,"NM",58322,3108,"58322_20181231",0.3679374134743141,3.5632425581312703,33,10.023808332201305,0.6241041920849077,4,"WA"
129234,5.16936,"NM",58324,2352,"58324_20181231",0,3.312425742096061,25,11.131814094411006,0.8170381842594172,4,"TX"
862435,13.06719696969697,"SM",58325,13174,"58325_20181231",0.5269087783902697,2.416477255927213,66,10.344264341625218,1.4104463162432863,4,"CA"
1883189,12.389401315789474,"N",58328,22994,"58328_20181231",0.14985547860317225,1.9791333794412642,152,7.821840184555101,0.9895114221032224,4,"FL"
11010444,,"NC",58339,,"58339_20181231",0,0,,0,0,1,"CA"
329254,7.1576956521739135,"NM",58341,4774,"58341_20181231",0.2984948483707636,2.6365389237355363,46,10.819863903737673,1.2785135630862865,4,"WA"
662310,9.739852941176471,"NM",58345,7336,"58345_20181231",0.07263221670289288,2.0268186991835138,68,9.486356975961348,1.2150382412103458,4,"FL"
128149,5.12596,"NM",58347,2326,"58347_20181231",0,3.901708916524217,25,9.028095543149997,0.8035281682595979,4,"GA"
116804,4.67216,"NM",58348,2536,"58348_20181231",0,4.543554189875008,25,11.811411674515387,2.4587874231570344,4,"IL"
236801,6.7657428571428575,"NM",58357,2491,"58357_20181231",0.50967996839194,2.1126209769905344,35,12.161868502486005,1.0369770186559195,4,"AL"
129844,7.637882352941176,"NM",58359,1798,"58359_20181231",0,2.5289519214983014,17,10.349657345805612,0.3970233509717995,4,"NE"
447335,6.0450675675675685,"NM",5835,6802,"5835_20181231",2.6791755172685074,2.1828264381508737,74,10.20396989613299,1.3506928771483746,2,"KS"
1722351,6.548863117870723,"SM",58366,26845,"58366_20181231",0.3367513596336145,2.904846295465247,263,10.066399703807631,1.1680265386315722,4,"TN"
410097,5.325935064935066,"SM",58370,6940,"58370_20181231",0.24816644878243335,2.8473529850854087,77,12.066465456572155,1.216235089020414,4,"FL"
109570,4.9804545454545455,"NM",58371,2102,"58371_20181231",1.091873837307627,4.948681529849548,22,21.39673105497771,-0.4509512822655107,4,"PA"
213240,4.846363636363637,"NM",58372,4186,"58372_20181231",0,3.446641678514497,44,8.80811731183543,0.6057893072145145,4,"FL"
980609,7.782611111111112,"NM",58374,14251,"58374_20181231",0.32967621359347077,2.4563155535513754,126,10.086071518735478,1.4285384664840057,4,"GA"
124499,4.293068965517242,"NM",58375,1713,"58375_20181231",0.015045251487165243,2.9990676811339085,29,12.610940777795706,1.2134814611979319,4,"AL"
168635,3.9217441860465114,"NM",58377,3471,"58377_20181231",1.1187026609989688,3.4346864188405353,43,8.190194862818034,0.3901157001036886,4,"FL"
50390,3.149375,"NM",5838,898,"5838_20181231",1.911178913467243,3.5468316823818187,16,11.69758324068114,1.3047415539332892,8,"KY"
491521,4.028860655737705,"NM",58395,9226,"58395_20181231",1.0460816565934767,2.9901954566786313,122,10.74151912286615,0.9929002676272497,4,"WY"
328082,4.260805194805195,"SM",58396,7128,"58396_20181231",1.0679875797319882,3.3462302955462464,77,10.342864796089199,1.4948751655876322,4,"WY"
368070,8.179333333333334,"NM",58401,4756,"58401_20181231",0.9902267303507718,2.19849867200355,45,11.284127957123406,0.761483489566056,4,"CA"
199245,5.534583333333334,"NM",58402,3713,"58402_20181231",0.06909849496897148,3.0981313860179704,36,15.604575163398692,1.7191633761501652,4,"AZ"
144960,0.36330827067669175,"N",58405,37855,"58405_20181231",1.459568374075801,33.1134223644532,399,7.5737960483952955,-0.6271155148009108,5,"AZ"
304865,6.351354166666667,"NM",58407,4783,"58407_20181231",0.3050125467836119,2.6327512596531903,48,15.418953375853764,1.5903035065535167,4,"WA"
791215,4.495539772727273,"NM",5840,13990,"5840_20181231",0.5808923495241627,3.3414588511305174,176,12.751848783734642,1.1847243804016225,4,"KY"
1388222,7.268178010471204,"NM",58410,29712,"58410_20181231",0.20804579727092867,4.1757973090918945,191,10.942194603997793,3.200912408405975,4,"NJ"
266345,6.829358974358975,"SM",58411,3442,"58411_20181231",0,2.6026665888904823,39,10.322675237386033,1.2561663956652738,4,"CA"
103095,3.8183333333333334,"N",58413,3173,"58413_20181231",0,4.603416325706842,27,16.155949194053655,2.5769223712456197,4,"GA"
500239,4.719235849056604,"SM",58415,15743,"58415_20181231",0.26619411067776527,4.105549066664353,106,9.777929510345984,1.0132265597458632,4,"CA"
71535,4.4709375,"NM",58423,1051,"58423_20181231",0,3.6020400527282255,16,10.057906584927299,1.1829312518348387,4,"MO"
1142209,6.7988630952380955,"NM",58424,18487,"58424_20181231",2.053852501604572,3.1070041059690063,168,10.205277063199611,0.21367322110542672,4,"NY"
57941,2.31764,"N",58426,2237,"58426_20181231",0,7.200060906859636,25,12.880172843609772,-1.7728246643778256,4,"AZ"
199498,8.312416666666666,"NM",58428,3035,"58428_20181231",0.8773923996190593,2.88374846366267,24,11.56359876963391,1.1151893512799225,4,"OR"
760887,6.23677868852459,"NM",58432,13277,"58432_20181231",0.48990733666109054,3.153489807756392,122,10.523439788464595,0.7216969320149894,4,"SC"
729154,9.348128205128205,"N",58433,10358,"58433_20181231",0,2.4667783785214112,78,10.465387845967891,1.4385346073776994,4,"OH"
195992,7.8396799999999995,"NM",58434,3088,"58434_20181231",0,2.8885854508952065,25,10.971311019681975,0.8693575795230356,4,"OH"
202392,8.433,"NM",58443,2544,"58443_20181231",0,2.153310709189773,24,16.864589402809763,2.3736068797963825,4,"NV"
357471,7.4473125,"SM",58446,4810,"58446_20181231",0,2.6038337987108653,48,11.976156227478693,1.5110517412200872,4,"WA"
108357,5.41785,"N",58450,1634,"58450_20181231",0.6164417543163326,2.820948989066116,20,10.106112395248593,0.7387993514502293,4,"TX"
5947165,31.46648148148148,"NM",58457,40101,"58457_20181231",0.04358183029270352,1.288066940679792,189,7.48658064402325,1.0286131830497829,4,"PA"
2307284,9.860188034188035,"NM",58458,25286,"58458_20181231",0.3021612660421549,2.79203437908234,234,10.51662768182242,1.1854855979249477,4,"CO"
2278710,5.888139534883721,"SM",58463,30237,"58463_20181231",0.18456237054609642,2.798344633179843,387,11.174356285542789,1.1566185987485063,4,"TN"
513515,7.442246376811594,"NM",58464,6394,"58464_20181231",0,2.1661908851337577,69,9.47712046157642,1.4042172772961747,4,"NJ"
514262,11.687772727272728,"N",58469,4121,"58469_20181231",0.042872216360304326,1.3585869735625453,44,14.305758677398098,1.788519560132971,4,"CA"
176041,3.9120222222222223,"NM",58470,2254,"58470_20181231",0.10829728926602172,2.730154105686568,45,9.62896233320196,0.8505299365391892,4,"PA"
516716,9.22707142857143,"NM",58479,6967,"58479_20181231",0.12358454306241316,1.8598077920260094,56,9.082896433431111,1.25120487868502,4,"FL"
84491,3.8405,"NM",5847,1744,"5847_20181231",0.01927761518375072,3.7770255664963464,22,12.402678654184818,1.3912331614796283,4,"KY"
1711159,9.199779569892474,"NM",58481,17583,"58481_20181231",0.4350724607952739,2.0933972225289867,186,10.399173839825849,1.098668131141086,4,"NJ"
86550,9.616666666666667,"NM",58482,1870,"58482_20181231",0,3.6395041848446836,9,12.556936800151833,3.922706761285974,4,"MT"
639146,13.043795918367346,"NM",58483,7298,"58483_20181231",0,1.9356544640017577,49,7.358581435381145,1.1026843347672863,4,"TX"
168587,4.111878048780488,"NM",58484,2571,"58484_20181231",0.10541048081352089,2.7539699478411945,41,9.627537117083255,1.376048886242881,4,"TX"
622287,7.588865853658537,"NM",58485,10068,"58485_20181231",0.556228071975215,2.610103697818237,82,9.55412480271009,1.066458327046557,4,"CA"
1854847,10.135775956284153,"N",58486,28037,"58486_20181231",0.20021326119276942,2.568692326336823,183,9.549753238554777,0.9305486456365456,6,"FL"
1010603,4.246231092436975,"NM",58490,22996,"58490_20181231",0.8437773572061448,4.116340225615605,238,10.538515266413889,0.1453979819811658,4,"CA"
241676,6.196820512820513,"NM",58498,3254,"58498_20181231",0.46056391464919827,2.469436087819241,39,10.613112270661505,1.1291045253792484,4,"DE"
195519,4.887975,"NM",58500,2454,"58500_20181231",1.0877838172792607,3.1229917518114765,40,10.748690214635795,1.2050963074764316,4,"CA"
479313,9.58626,"NM",58502,5591,"58502_20181231",1.3622777724931034,2.171758087058252,50,10.064332769230449,0.6789124871645753,4,"PA"
272927,4.625881355932203,"N",58504,5616,"58504_20181231",0.8172293795350215,4.490152504082793,59,24.412885799016358,-2.554162608421878,4,"VA"
245678,5.013836734693878,"NM",58508,3629,"58508_20181231",1.3652016338136497,2.67493862283914,49,8.56773305585381,0.9456597970945754,2,"CO"
263274,5.26548,"NM",58509,3738,"58509_20181231",0.2544738138236743,3.137862885050696,50,13.31360833648704,0.993119981772162,4,"TX"
254539,8.484633333333333,"NM",58511,3711,"58511_20181231",0.2203082502266546,2.7103246361835875,30,9.293346899871707,2.5381038491345906,4,"MN"
1251564,8.456513513513514,"NM",58513,14530,"58513_20181231",0.5271097570337567,2.0324947179189556,148,14.893620462916383,1.2032656702283047,4,"NJ"
104596,13.0745,"NM",58514,1356,"58514_20181231",1.2136472030161332,2.1117484095433308,8,9.222824103960257,0.4085667086062854,4,"IL"
98981,2.9994242424242428,"NM",58517,1725,"58517_20181231",0.7764717519246938,3.348382952999849,33,10.927733610635896,0.5797094604805803,4,"TX"
194322,7.197111111111111,"NM",58523,3611,"58523_20181231",1.5874122461499849,3.1772894042415136,27,11.884746197779632,0.8082578309035431,4,"GA"
1457261,9.91334013605442,"SM",58532,17381,"58532_20181231",0.03632770896000925,2.1224510100207006,147,8.99233892004931,1.0276185330481258,4,"FL"
308163,7.7040750000000005,"NM",58533,5755,"58533_20181231",0.9408895242248767,2.7516258997249383,40,9.180534560265102,0.8697648781489953,4,"GA"
220218,8.469923076923077,"N",58534,2264,"58534_20181231",1.717137241517295,1.768855348448507,26,15.843639154703135,1.1275301563417996,4,"CO"
1647162,5.903806451612903,"SB",58536,27379,"58536_20181231",0.12477501743883967,2.919538678349622,279,16.327694635371515,1.0270834917397003,5,"MN"
87575,4.37875,"NM",58537,1648,"58537_20181231",1.7512557163205638,3.7754607019246036,20,9.85721792993951,-0.08919267575851844,4,"FL"
405435,7.949705882352942,"NM",58541,3551,"58541_20181231",0.6908160811490283,1.9034101078391548,51,10.41098728407819,1.4458446362899222,2,"NY"
114691,9.557583333333334,"N",58545,1372,"58545_20181231",1.3884921768383636,2.6813931931478954,12,11.79423698507668,1.2480931909582582,4,"TX"
1195121,4.492936090225564,"NM",5854,16610,"5854_20181231",0.9980186816586039,2.8748804124154694,266,10.684239610392963,0.991173301395527,4,"KY"
379120,11.488484848484848,"NM",58556,7333,"58556_20181231",0.5337876574560224,2.6880487458740356,33,12.231401426827672,1.4563973833411668,4,"IL"
888073,7.279286885245901,"NM",58558,12969,"58558_20181231",0.550300506123052,2.620808727565119,122,10.942620407694946,1.0091272359309753,4,"AL"
149928,6.814909090909091,"SI",58560,2529,"58560_20181231",0,2.7731476898462395,22,12.847800316999427,1.0327399983411947,4,"TX"
380355,6.235327868852459,"NM",58562,5979,"58562_20181231",1.1137549810390528,2.8228062219250365,61,9.658352613063734,0.7064601518958291,4,"TX"
221288,5.823368421052632,"SM",58563,2708,"58563_20181231",0.41769470404984427,2.2522501822112218,38,9.38461961301671,0.7591751277316747,4,"VA"
6833890,14.60232905982906,"NM",58564,65118,"58564_20181231",0.3634883933737358,1.6801024287786297,468,9.84738228048815,0.9738709207479301,4,"NY"
520319,6.050220930232558,"NM",58574,8186,"58574_20181231",0.17301947663998088,2.6436839320405223,86,9.643863564412934,0.3634341241855561,4,"NJ"
124991,5.434391304347826,"NM",58576,2268,"58576_20181231",0,2.9378755384932815,23,10.893083296458489,0.9159856693573094,4,"ID"
1553403,6.997310810810811,"SI",58577,20687,"58577_20181231",0.5119334788656813,2.573807484158034,222,7.831913124529981,0.5096041941123264,4,"TX"
161303,5.376766666666667,"NM",58579,2345,"58579_20181231",1.9892065822666178,2.8028197525268665,30,10.196142923105143,0.47488156606519244,4,"IL"
483106,3.834174603174603,"NM",58580,11603,"58580_20181231",0.9462632960353641,3.95977685546241,126,8.142653191406266,0.7775003137699569,4,"ND"
761475,6.293181818181818,"NM",58581,13240,"58581_20181231",0,2.768076375530736,121,9.431521726564737,1.3926718232936548,4,"TX"
1005544,9.058954954954954,"NM",58583,15573,"58583_20181231",0.5269614643932032,2.7479104083686137,111,11.31287945049761,1.026981597643658,4,"CA"
189578,4.988894736842106,"NM",58584,3649,"58584_20181231",0,3.323241891524643,38,14.670000798063365,1.7071945978167147,4,"GA"
33369,3.0335454545454543,"NM",58586,590,"58586_20181231",8.690467840359121,4.168451576762118,11,9.258399132992723,0.48439713975022247,4,"ND"
257878,6.61225641025641,"NM",58588,4893,"58588_20181231",0.16102533465265204,3.153242002582126,39,12.131167594299644,0.6392554870176446,4,"CA"
522688,10.453759999999999,"SM",58590,6471,"58590_20181231",0.10120814278350637,4.444187968361703,50,10.907679817605908,-1.5425556707231813,4,"CA"
124830,5.944285714285714,"N",58593,2497,"58593_20181231",0.31907570373402294,2.927836392307317,21,14.168569315368043,0.753499260318957,4,"WI"
547087,10.94174,"N",58595,7089,"58595_20181231",0,1.6895266412681118,50,9.417193326197314,0.7818749759111896,8,"VA"
4039599,4.0721764112903225,"NM",58596,49958,"58596_20181231",1.874516646214774,2.239654705732887,992,9.613539169450366,0.29204141635450576,4,"VA"
139377,5.162111111111112,"NM",58597,2212,"58597_20181231",0,2.8456543745266507,27,11.526377891190311,0.8314646375570056,4,"IL"
143563,6.241869565217392,"NM",58602,2057,"58602_20181231",0.376580138821133,2.438920876540241,23,10.274435675258015,1.5257402351210265,4,"MN"
1413654,5.274828358208955,"NM",58604,25655,"58604_20181231",1.6508267382702093,2.9434842177605858,268,10.477580768902907,1.0868022430087454,4,"MI"
251612,6.1368780487804875,"NM",58615,4502,"58615_20181231",0.18040991213690338,3.065103673000958,41,9.040630509511582,0.9764440869415226,4,"PA"
478481,12.93191891891892,"NM",58619,3213,"58619_20181231",0.0174966493916415,1.6080934396882192,37,8.494634776987718,1.2790846164578904,4,"MO"
238478,4.042,"NM",58626,5324,"58626_20181231",0,4.051975646045349,59,13.597276435887654,2.2259665039068626,4,"NV"
4653896,8.121982547993019,"NM",58629,56753,"58629_20181231",0.8885998081064508,2.61367255146086,573,10.426253825395628,1.178440156466178,4,"TX"
124152,5.643272727272727,"NM",58630,2353,"58630_20181231",0.04051824768225976,3.164994636459929,22,11.460125611316885,1.38052124164266,2,"CA"
988203,12.833805194805194,"N",58632,12304,"58632_20181231",0.5650505962278494,2.2928973398884835,77,8.926997562350625,0.46444370892161824,4,"NY"
113042,3.768066666666667,"NM",58636,1979,"58636_20181231",0.03673986986975124,3.464098910799218,30,12.781565387924257,0.5957007906916341,4,"AL"
2455211,10.863765486725665,"NM",58640,29086,"58640_20181231",0.09713133979852323,1.9419847414600795,226,10.029568212968757,1.220844046154772,4,"MD"
349511,8.524658536585367,"NM",58641,5709,"58641_20181231",1.7118796605811262,2.913641048715149,41,10.254837730018842,1.5292641803107314,4,"NY"
216878,11.41463157894737,"NM",58644,2849,"58644_20181231",0.02063946974253736,2.116609156557931,19,10.237256502974455,2.1781412873867785,4,"FL"
303939,8.683971428571429,"NM",58646,4914,"58646_20181231",0,2.5850539325000335,35,13.022873478679042,1.7458838939470132,4,"CA"
5836784,13.831241706161139,"NM",58647,49709,"58647_20181231",0.26192835168213363,1.8911795532754703,422,8.257071600467098,0.8522608603914631,4,"CA"
4105308,11.899443478260869,"NM",58648,47979,"58648_20181231",0.5821127979542249,2.2768225658426995,345,11.41320810900611,0.6946528688563907,4,"KS"
281839,6.554395348837209,"NM",58651,5055,"58651_20181231",0.009103398050217655,2.8703161962950885,43,9.884462018142697,0.6416526351676262,4,"WI"
906805,13.534402985074628,"NM",58652,9255,"58652_20181231",0.0437649415218897,2.0125062384405368,67,12.589450506751287,1.3000616504711857,4,"NY"
556337,9.12027868852459,"NM",58654,6699,"58654_20181231",0,2.190050237989859,61,10.580249882070493,0.5687685868915341,4,"NY"
387614,4.16789247311828,"NM",58657,7352,"58657_20181231",0.3117053564104667,3.3950641662895937,93,13.24950816867676,2.82183854220148,4,"GA"
194139,6.933535714285715,"SM",58658,2317,"58658_20181231",3.43621938013575,2.1559236332028786,28,10.928451236537166,0.9403555371222583,4,"VA"
95303,5.294611111111111,"NM",58660,1517,"58660_20181231",0,2.854605295308758,18,11.441467188316103,1.027317945874049,4,"OR"
3615593,7.643959830866808,"NM",58665,63086,"58665_20181231",2.2776681862657187,3.875394093362357,473,11.216852050761478,2.050682650654392,4,"NC"
182045,5.056805555555556,"NM",58668,3395,"58668_20181231",0.13183641182919553,3.1845235796009494,36,12.529548246212638,1.7017970402857958,4,"NY"
207196,6.278666666666666,"NM",58670,2974,"58670_20181231",0.2656325881885476,2.4045060638333084,33,9.204011394372905,1.1530920779799811,4,"GA"
298798,5.242070175438596,"N",58671,6470,"58671_20181231",0.781834883918563,3.871857000054632,57,13.139612958124754,0.4894730081106342,4,"TX"
651503,9.048652777777779,"NM",58675,7070,"58675_20181231",0,2.108262089339702,72,11.304489512491509,1.2782075737368692,4,"NY"
121654,9.358,"NM",58678,1383,"58678_20181231",0,1.9891940153489625,13,13.558164038062625,1.0594263505839565,4,"AZ"
336401,5.339698412698413,"NM",5867,3536,"5867_20181231",0.01899245050092588,1.8777084336732537,63,9.981983429345206,1.3186823654363526,4,"MD"
65658,5.4715,"NM",58680,998,"58680_20181231",0,2.9838712288757137,12,13.93509031120431,0.6281834166054134,4,"OK"
405645,13.5215,"N",58687,3962,"58687_20181231",0.8234658527619663,1.674101482703149,30,12.034543407728105,1.3644865311156689,4,"GA"
625551,5.30127966101695,"NM",58689,11536,"58689_20181231",0.10602606726596638,3.496094466935646,118,9.38104275147229,0.84169048912046,4,"SC"
214082,7.928962962962963,"NM",58691,2657,"58691_20181231",0.7139433526913602,2.399300131947071,27,13.778948920524542,1.1573038141461502,4,"NC"
326316,9.064333333333334,"NM",58692,4062,"58692_20181231",0.06831596589666983,2.051682687864513,36,9.288970996423467,1.7966086239678436,4,"FL"
401682,5.084582278481013,"NM",58694,4604,"58694_20181231",0.11455712950649995,2.309343826366492,79,9.284226760577216,1.1917660949146387,4,"FL"
1348906,10.538328125,"SM",58696,13293,"58696_20181231",0.3915572825168046,2.1181660011852537,128,12.411274435520534,1.1643477043914863,4,"VA"
531594,6.25404705882353,"NM",58699,7104,"58699_20181231",0.15497600685703897,2.354746441168385,85,6.638789214439766,0.5022627169371333,4,"NH"
424376,8.161076923076923,"NM",58712,4878,"58712_20181231",0.004691935345130944,2.3049150512753562,52,11.214135333958934,1.1116913414625607,4,"NJ"
4242209,12.739366366366365,"SM",58714,40771,"58714_20181231",0.2128524469624906,1.7063205795906997,333,10.06652721714584,0.9788015874774302,4,"TN"
845440,6.356691729323309,"SI",58716,16428,"58716_20181231",0.7327571804828585,3.4017874055790465,133,9.059641506958773,0.6238182234044755,4,"TX"
1171614,7.057915662650602,"NM",58719,19093,"58719_20181231",0.08254744366823105,2.708854543046044,166,11.259123874845413,0.9436969658459778,4,"AL"
858688,6.313882352941176,"NM",58722,14770,"58722_20181231",0.9444838477456441,2.7077944241402774,136,11.044852733755393,1.932105773911512,4,"NV"
288185,5.7637,"N",58723,4451,"58723_20181231",0.14821071096475022,2.777628201676449,50,10.274499651212128,1.3009381413075343,4,"SD"
144959,5.177107142857143,"NM",58724,2160,"58724_20181231",0.02108139761858286,2.7321354122005816,28,8.99975267639473,0.4243089087129691,4,"NE"
533050,4.717256637168141,"NM",58727,10827,"58727_20181231",0.1580171671297165,3.2372528496336592,113,10.4726597004094,1.0489872442230939,4,"NE"
928677,8.59886111111111,"NM",58728,9298,"58728_20181231",0.1205882986283081,2.4828876905379333,108,10.566438762856773,1.2976576864068086,4,"CA"
116938,5.8469,"NM",58732,1802,"58732_20181231",0,2.5624011746103457,20,13.848120729421318,2.0206262706121527,2,"CO"
476012,9.33356862745098,"NM",58739,5892,"58739_20181231",0.02294829494168583,2.2573711536359458,51,11.585856137637586,0.9889889090824151,4,"TX"
251406,3.9905714285714287,"NM",5873,4712,"5873_20181231",0.12130854131450731,3.3090065353180145,63,8.621526968922861,0.46807007402411804,4,"MD"
905061,10.403,"SM",58741,23515,"58741_20181231",1.0389848589265172,3.6022051133317516,87,11.429967958619837,0.7302405498281787,4,"CT"
123654,6.508105263157894,"SM",58743,1627,"58743_20181231",0,2.500526338654645,19,10.384745790077014,0.6491510073954758,4,"VA"
112442,3.8773103448275865,"NM",58745,2219,"58745_20181231",0,3.1754537597234225,29,14.723763975045664,1.4693171996542784,4,"NM"
529698,4.9971509433962265,"NM",5874,6280,"5874_20181231",0.36082364172621934,2.0871867612293147,106,15.403486071793186,1.4120094562647754,4,"MD"
676884,6.636117647058824,"NM",58752,13423,"58752_20181231",0.25106918688226,2.989292430821902,102,12.190106432436608,1.7619616859765046,4,"ID"
363531,11.01609090909091,"SM",58757,3723,"58757_20181231",0.18584753489024475,1.912126443828344,33,9.098344403687914,0.8181960288437345,4,"PA"
206927,7.663962962962962,"N",58764,4173,"58764_20181231",1.437354403323807,3.4504248752249755,27,12.197148459569943,1.8151499151942492,4,"TX"
159550,4.9859375,"NM",58768,2437,"58768_20181231",0.006557254196642686,3.414279757264328,32,8.998408367439744,1.360402383844558,4,"TX"
112063,4.872304347826087,"NM",58772,2300,"58772_20181231",0.5986865550068726,3.4064351600449996,23,9.628072835018692,0.5763881037943388,4,"CO"
151857,3.703829268292683,"NM",58776,2824,"58776_20181231",1.97412571769443,3.3224689694556546,41,9.338469888928605,0.20329562605184104,4,"MS"
115479,6.077842105263158,"NM",58778,1926,"58778_20181231",0.8546467460116485,3.2092774825504025,19,8.548455353364368,0.4770914621450104,4,"WA"
290461,10.373607142857143,"NM",58780,3050,"58780_20181231",0.8009471229931019,1.6205635763444648,28,11.552923122858303,1.423092363098659,4,"WI"
613833,6.745417582417582,"NM",58783,12934,"58783_20181231",0,3.2898736766500862,91,11.52656598692462,1.2551506198469429,4,"AL"
471912,9.07523076923077,"N",58786,7220,"58786_20181231",0.4557103363848549,2.4047495329562616,52,11.701052230028292,1.5990962573640508,4,"FL"
264110,5.390000000000001,"SM",58789,4639,"58789_20181231",0,2.7093990165335198,49,10.478706402905125,0.5732214053244432,4,"MI"
508970,9.603207547169811,"NM",58796,10618,"58796_20181231",0,3.198597974843336,53,9.905939001686274,1.5037101331235492,4,"MO"
267899,8.929966666666667,"SM",58804,3601,"58804_20181231",0,1.957154868912025,30,13.09655343795997,2.562367374529436,4,"OK"
86202,6.157285714285714,"NM",58806,1352,"58806_20181231",0,2.7153188846886707,14,15.858377635528553,1.4828002257256394,4,"NV"
51707,5.1707,"NM",58811,836,"58811_20181231",1.6040447592649627,3.5271501291281564,10,12.043055980422148,0.8843825515059417,4,"FL"
2970076,8.137194520547945,"NM",58816,22526,"58816_20181231",0.034245418510464073,1.8848213512097458,365,13.655017436417092,1.8995044947864663,4,"CA"
666564,13.603346938775509,"NM",58818,7738,"58818_20181231",2.288200785463596,3.2609224045949556,49,10.003222637060325,0.8068920074046714,4,"MN"
1963383,6.864975524475525,"SM",58823,28056,"58823_20181231",0.15416027693720574,3.4920710612784447,286,10.005749824603974,0.6971754404566353,4,"TN"
420672,7.937207547169812,"SM",58824,6426,"58824_20181231",0.01567769126014823,2.893610254964498,53,10.84526024068942,0.646763960907362,4,"VA"
161580,9.504705882352942,"NM",58826,480,"58826_20181231",0,0.6338717311470718,17,11.845893256219851,0.21002232628642478,4,"CO"
238186,5.539209302325582,"N",58827,3870,"58827_20181231",0.030981720784737005,2.7532500545325576,43,9.094235821865144,0.743274461072342,4,"VA"
779772,7.956857142857143,"NM",58828,8284,"58828_20181231",0.20167629038318496,1.8390374404519731,98,8.64683384119064,1.253686637933795,4,"CA"
281281,12.229608695652175,"NM",58852,3029,"58852_20181231",0,1.893330124576702,23,10.129903372368338,1.869591873987543,4,"TX"
84040,4.001904761904762,"N",58857,1554,"58857_20181231",1.071310514769961,3.5688714416216087,21,10.61648295703444,0.6505690936473841,4,"VA"
148621,3.810794871794872,"N",58859,2440,"58859_20181231",2.1922961295643932,3.182235010053591,39,11.074498661562847,1.0011525874325904,4,"VA"
375707,4.526590361445783,"NM",5885,5681,"5885_20181231",1.5064131720185572,2.8943445689821967,83,10.794442274665482,0.9170011745245356,4,"MD"
729625,6.236111111111111,"SM",58862,12875,"58862_20181231",0,2.9779375660635283,117,8.577192119985389,0.47124924661301376,4,"FL"
377797,4.971013157894737,"N",58864,6588,"58864_20181231",0.38788096686763646,3.057838773226157,76,10.267210741082005,0.6228669279412171,4,"SC"
309222,5.946576923076923,"NM",58889,4901,"58889_20181231",0,2.5322275950591786,52,11.641761516836903,1.3727461643955023,4,"MI"
632849,11.10261403508772,"SM",58892,2882,"58892_20181231",0,0.8811103419688273,57,9.38771774053292,0.8195108935731696,4,"MO"
109663,4.38652,"SM",58899,2040,"58899_20181231",0.012615112905260501,3.4686151607468707,25,15.987539287403,0.560269863317498,4,"NC"
119636147,7.321225567590723,"SM",588,1633131,"588_20181231",1.4815036037247546,2.4309958185474154,16341,9.42242779869104,1.7015264192259152,4,"NY"
23488,1.8067692307692307,"NC",58927,2603,"58927_20181231",0,23.353643076119276,13,97.84704509100341,3.19628738926324,7,"NY"
97376,2.950787878787879,"NM",5892,1560,"5892_20181231",0.134511468262251,3.21875732124753,33,11.988192034802424,0.2290967368746229,8,"MI"
150563,5.191827586206897,"NM",58932,2353,"58932_20181231",0,2.9821027493118226,29,10.051669764036717,0.9685461920841817,4,"TX"
487235,5.023041237113402,"NM",58935,7519,"58935_20181231",0.10685517014630938,3.2980233423944414,97,8.724061146134918,0.8469154813866752,4,"TX"
140477,7.393526315789474,"SM",58952,1884,"58952_20181231",0.16177941092783338,2.6524832191322267,19,10.087982832618025,0.5188533704365645,4,"CT"
198878,4.231446808510639,"NM",58961,3280,"58961_20181231",0.08072031877187703,3.2168970471469223,47,12.97157484934137,0.5184803170736286,4,"LA"
42181682,13.268852469329978,"N",58978,475005,"58978_20181231",1.8882806466099318,2.8853188750311025,3179,11.572972760204197,1.037156207401043,4,"CA"
32077582,18.23626037521319,"N",58979,225266,"58979_20181231",1.5812937221767964,2.332865815017475,1759,9.602348932008095,1.1254866473155196,4,"FL"
12413947,17.43531882022472,"N",58991,90051,"58991_20181231",0.3590767132321955,1.288827336802539,712,9.545142295406846,1.5172801123490045,4,"FL"
3660,1.22,"NC",58999,397,"58999_20181231",0,42.18909756228811,3,97.50067916327086,-2.8520690954097834,7,"FL"
637856,3.0814299516908212,"NM",58,11617,"58_20181231",1.02941068800656,3.054133032988666,207,9.445649531574322,1.5173929366558,4,"AL"
99205204,22.14401875,"NM",59017,1122359,"59017_20181231",0.06116691680839888,2.051512245613795,4480,8.675224361506906,0.9138596193385542,4,"CA"
10073,1.0073,"NC",59025,1953,"59025_20181231",0,108.40921264059989,10,62.269238747147895,15.297268344938402,7,"DE"
196331,4.006755102040817,"NM",5902,2961,"5902_20181231",1.4992722946973875,3.116441046319814,49,9.756248294047062,1.3757167919143254,2,"MS"
2761289,3.7314716216216217,"NM",5903,62825,"5903_20181231",0.7451067829416389,3.967713429605631,740,9.785648828106511,0.7461489775658313,4,"MS"
13039,1.629875,"NC",59043,907,"59043_20181231",0,31.482983435755063,8,90.16468435498628,7.299497769597904,7,"DE"
27215,0.9719642857142857,"NC",59046,7361,"59046_20181231",0,170.97585592405102,28,43.33575229801645,2.79525634353661,7,"NY"
6805,0.7561111111111111,"NC",59047,1581,"59047_20181231",0,133.09178011582426,9,102.30228471001756,4.47227191413238,7,"DE"
438816,4.38816,"NM",59051,11274,"59051_20181231",7.80659746414198,6.433099266883148,100,10.417421880664104,0.4033006425790689,4,"IL"
5665667,4.713533277870217,"SM",59052,110496,"59052_20181231",0.615950814746688,3.338117345314929,1202,9.036585182287544,1.2290113577373691,4,"CO"
4396,2.198,"NC",59069,294,"59069_20181231",0,12.017740474033097,2,99.32885906040269,6.938814440364347,7,"DE"
3656684,5.557270516717326,"SI",59070,71179,"59070_20181231",0.5800277049848495,4.005240338279679,658,8.61458014597913,0.4581001305994391,4,"MA"
358230,7.1646,"NM",59074,3066,"59074_20181231",0,1.8024833484088478,50,15.33059856203961,0.9446591563193817,2,"PA"
543863,3.8300211267605637,"NM",5907,8799,"5907_20181231",0.3327440989913695,2.9054287434619432,142,9.232424995561868,1.158391895335709,4,"MS"
204867,7.587666666666666,"NM",59086,3043,"59086_20181231",0,2.4672333515600404,27,12.759570745031464,0.783748405163129,4,"NH"
1529227,3.7298219512195123,"NM",59093,16224,"59093_20181231",4.16695106939348,2.6865995732586656,410,12.528047694835779,1.2006877508342626,4,"OK"
70542,3.5271,"NM",59098,2687,"59098_20181231",0,7.4613916363005375,20,48.34746434929757,-5.986465382613222,7,"CA"
87240,3.7930434782608695,"NM",59099,3726,"59099_20181231",0,9.382734352157279,23,25.63648383998403,-8.323552788176041,4,"CA"
258331,7.175861111111112,"NM",59101,4366,"59101_20181231",0,2.9804976337501223,36,8.824159840771644,0.2524465208914038,4,"TN"
125337,6.596684210526316,"NM",59104,2231,"59104_20181231",0,4.463226782198993,19,25.86902956024817,-1.2245237231197783,4,"TX"
247192,13.732888888888889,"N",59105,1940,"59105_20181231",0,1.9071107056092895,18,15.512718648561242,0.478403054844603,4,"FL"
71155,3.388333333333333,"NM",59106,2065,"59106_20181231",0,7.2544792874958315,21,46.52612311236646,-5.824691714500496,4,"SC"
390022,11.471235294117648,"SI",59108,2247,"59108_20181231",0,0.7183255159595089,34,99.47188058661722,0.35428492209582635,5,"NV"
113540,2.7033333333333336,"NM",59112,3217,"59112_20181231",0,5.810524159300722,42,44.5926687882392,-4.8438106863452255,4,"TN"
141634,7.868555555555556,"NM",59114,1839,"59114_20181231",0,2.819294108909972,18,33.61209768957563,-2.1416238094353983,4,"AL"
35505,2.367,"NM",59140,247,"59140_20181231",0,3.2558794535980846,15,148.5799601857996,-3.005210533727644,7,"FL"
2500,,"NM",59149,0,"59149_20181231",0,0,0,296.9121140142518,0,7,"NY"
1091849,3.269008982035928,"NM",5956,21190,"5956_20181231",0.41182896049846957,3.8206226075512197,334,12.75953426949061,1.322937086302882,4,"NC"
525258,5.529031578947369,"NM",5962,7765,"5962_20181231",2.825223470978757,3.1174171201593897,95,10.334057417953385,2.374028483605587,4,"OH"
1087497,3.7760312500000004,"NM",5969,17733,"5969_20181231",0.06400045343494684,2.938088367772862,288,10.537825199936211,1.2957850493335252,4,"OH"
1751794,4.799435616438356,"SM",597,26653,"597_20181231",0.9348471929820551,3.299219539214019,365,8.414116538166436,1.1127119014229143,4,"NY"
437055,3.2861278195488723,"NM",5981,7486,"5981_20181231",1.290248747751528,3.3957858371422365,133,9.33212971385563,1.0427677496105159,4,"OH"
139476,4.499225806451613,"NM",5994,2925,"5994_20181231",2.093305525164114,3.9819000870809313,31,11.08584501316134,-0.7173745974021081,4,"OK"
50438,6.30475,"NM",5995,469,"5995_20181231",0,2.0973842812594232,8,11.450154651439448,1.6011878179951373,2,"OK"
24939,2.4939,"SM",5999,690,"5999_20181231",0.18977655341291705,3.811867209874551,10,19.917096761084245,0.5969908434512524,2,"OK"
163077,3.792488372093023,"SM",6051,3063,"6051_20181231",0.24232990474842794,3.3077255326139516,43,10.490322580645161,0.9819810174947671,4,"PA"
871942,3.4738725099601595,"N",6063,19092,"6063_20181231",0.2756171022626607,4.053737395812465,251,11.478946828262472,0.8939639524789501,4,"SD"
34511,4.930142857142857,"NM",6064,647,"6064_20181231",0.17019751869933264,3.6466052306080834,7,11.607738492328219,1.0530303874483236,2,"SD"
91461,3.810875,"NM",6078,2234,"6078_20181231",3.025627967586837,6.235923456007111,24,14.483535040810583,0.3310085576128496,4,"SD"
31400,6.28,"NM",6084,497,"6084_20181231",0,2.3868977673325498,5,12.6877540201449,1.595716269629313,2,"SD"
1761153,5.031865714285714,"SM",6085,35995,"6085_20181231",0.2604020202247444,3.3492884048823486,350,14.597233844946974,1.864440854061355,9,"SD"
195973,3.9194600000000004,"NM",6088,2952,"6088_20181231",2.8779027042915932,2.9082158076422973,50,12.470647773279351,0.5413710356207444,8,"TN"
394693,3.9078514851485147,"NM",6091,6703,"6091_20181231",1.008488845236425,2.7571844415649838,101,13.080099473120956,0.7561613386548534,8,"TN"
2111175,4.579555314533623,"NM",609,50287,"609_20181231",0.28162502620026963,4.18014318610577,461,8.515064036636948,1.7449966380103838,4,"NY"
24813,4.9626,"NM",6100,304,"6100_20181231",1.2340683795266034,2.6334324620441385,5,9.97046349591033,0.8412897167005792,7,"TN"
117858,3.0220000000000002,"SM",6101,2369,"6101_20181231",0.8704351025664612,4.102703791875937,39,7.806351638402339,0.5755725874459876,4,"TN"
216844,4.091396226415094,"NM",6103,3481,"6103_20181231",0.4386350708677117,2.8215068610079572,53,11.246192190528939,1.5031465241905755,4,"TN"
89212,2.6238823529411768,"NM",6110,1375,"6110_20181231",0.33836220276898243,3.471805962491069,34,9.320784932635512,0.6989167389959575,4,"TN"
792387,4.527925714285715,"SM",6123,14018,"6123_20181231",0.46579788379063103,3.111580959447897,175,10.916934403942994,1.1788898384171906,4,"VA"
207117,3.2875714285714284,"NM",6128,3497,"6128_20181231",1.9984086380703752,3.28225746319908,63,11.890948724590789,0.4297201521091607,4,"VA"
435765,4.272205882352941,"NM",6137,6112,"6137_20181231",0.8057503761904018,3.043106194045029,102,10.898234659230402,1.031317515321061,4,"VA"
426280,3.2051127819548872,"SM",6139,9031,"6139_20181231",0.7055879011644419,3.986083860015402,133,10.031493951703002,0.2903075910196944,4,"VA"
9438,3.1460000000000004,"NM",6149,204,"6149_20181231",0,3.5373762426558786,3,19.081189049465397,-0.22362723373111879,2,"WA"
40547,6.757833333333334,"NM",6156,334,"6156_20181231",0,1.7848155777043326,6,9.533581188740282,0.5421896159014615,7,"WA"
1731729,4.1930484261501215,"NM",6158,36640,"6158_20181231",0.0834256229286982,3.434395496729329,413,11.923831973063592,1.3895142453094356,4,"WA"
1136184,3.8777610921501706,"NM",6161,24885,"6161_20181231",0.04485534825719408,3.378833973010257,293,9.15747460151064,1.249123479655895,4,"WA"
133081,7.004263157894736,"SM",6173,922,"6173_20181231",0.3963011889035667,2.6034728024025107,19,14.674674674674677,0.016558659049683504,7,"WV"
307536,3.3427826086956522,"NM",6176,5056,"6176_20181231",1.2604542716533014,3.14247414401042,92,11.905645819949704,1.2932156786751932,4,"WV"
140014,4.3754375,"SM",6180,1945,"6180_20181231",0.25234362619009887,2.932024292483564,32,13.632403255626155,1.2773458700343536,8,"WV"
176591,5.045457142857143,"NM",6183,2641,"6183_20181231",0.4951585241339731,2.423137456562729,35,11.027810230548397,1.2166631305521494,2,"WI"
206688,4.1337600000000005,"NM",6186,3415,"6186_20181231",0.34266043456291057,2.6558638381806476,50,12.602341605184494,0.9857369007062083,2,"WI"
218735,4.97125,"SM",618,2989,"618_20181231",1.5818034868952775,2.557325687259202,44,10.40257761439692,0.8071117673186846,8,"NY"
209945,4.5640217391304345,"NM",6194,3476,"6194_20181231",0.2193438015519032,2.823864806347848,46,8.073559532480482,0.7846845568081632,4,"WI"
239872,4.703372549019608,"NM",6195,3233,"6195_20181231",0.36231239511619495,2.3925591917112135,51,8.650074876987805,1.5903830295928925,4,"WI"
34438,4.30475,"NM",6198,579,"6198_20181231",0.9537867605313955,2.5835893247154504,8,10.759707027060157,0.9411012660475523,8,"WI"
4688525,11.750689223057645,"NM",622,67241,"622_20181231",0.7345200085208138,2.8881195339388284,399,8.876691315948444,1.0075239616923386,4,"NY"
39181000,74.63047619047619,"SM",623,182000,"623_20181231",0.6459189665296535,2.126763730664153,525,23.04269120531,1.1698396673731954,9,"NY"
719753,5.6230703125,"N",6271,10083,"6271_20181231",0.9391684391261257,2.861368757170701,128,9.180593293688558,1.3495107968216427,4,"VT"
370312,4.305953488372094,"N",6275,6202,"6275_20181231",0.24113245287046445,3.015844685938659,86,9.339643425855948,0.8796444617872913,5,"VT"
71852,4.49075,"N",6280,1147,"6280_20181231",2.7358956930111846,2.9656467291758775,16,8.573299341051253,1.0636709711129357,5,"VT"
2218960000,11.397986439284981,"N",628,26053000,"628_20181231",1.0610943383425488,2.551652757287647,194680,8.5534005726963,1.181852337547613,1,"OH"
515091,4.599026785714286,"N",6354,10566,"6354_20181231",0.7108842762423386,3.643896888057721,112,8.973228322303086,0.5326191610769345,4,"NJ"
370500928,7.081575106557847,"N",6384,5251503,"6384_20181231",1.197498136272829,2.694084787644663,52319,8.338725325098261,1.1870227330487209,4,"DE"
286411000,7.029870894899612,"SM",639,3902000,"639_20181231",0.2943650126156434,2.6451069540207794,40742,7.55229901683,1.0050637600427748,1,"NY"
2308821,8.615003731343283,"SM",6423,21393,"6423_20181231",0.8360088765079441,1.9615275092407038,268,15.07009006701669,1.6442564960445185,4,"NJ"
151122,3.9768947368421057,"N",6442,2700,"6442_20181231",1.0523419767521838,2.9066272146042333,38,10.43277976260584,0.4456654137500196,7,"NJ"
282719,3.719986842105263,"N",6464,5286,"6464_20181231",1.539826030471733,3.3377652911622016,76,8.961154241753906,0.6785905938412004,4,"NJ"
338945,4.984485294117647,"N",6516,4576,"6516_20181231",0.7805828151921492,2.715561587393869,68,13.095846101464078,1.148559116849998,4,"OH"
221972,3.894245614035088,"N",6528,4090,"6528_20181231",1.4470727444445652,2.928488135494243,57,10.410769384801624,1.3120940765978257,4,"OH"
60698,3.1946315789473685,"N",6530,952,"6530_20181231",0.5547163914787229,3.031415006722045,19,11.662244216900811,0.9466068285586247,5,"OH"
858390,5.467452229299363,"N",6531,11674,"6531_20181231",0.20333160913463322,2.4772832295775777,157,9.960757651661538,1.9464454368208965,4,"OH"
2309148,5.537525179856115,"N",6540,30974,"6540_20181231",0.4451217967467129,2.4835897384098247,417,9.317933420367847,1.4227307194757952,4,"OH"
3986345,4.576745120551091,"SM",6544,66782,"6544_20181231",0.7076900120252442,3.1691415207532927,871,9.460213064243197,1.3091351934406579,4,"OH"
459476604,6.3715312421998505,"N",6548,7143995,"6548_20181231",1.0651519775928642,2.6756108362779543,72114,8.624871200903419,1.577434660305352,9,"OH"
108672320,7.341732198351575,"N",6560,1437922,"6560_20181231",0.7067395938331378,2.340450347217537,14802,9.22729003762937,1.4543506645407087,4,"OH"
226485,3.595,"N",6574,3996,"6574_20181231",0.2759279592738888,2.989855706394336,63,9.900977096028578,0.9346300288203057,8,"OH"
54407,3.2004117647058825,"N",6584,774,"6584_20181231",0.06632137443153108,2.875618707337501,17,9.767196345037222,0.2785755622733204,2,"OH"
59339,3.9559333333333333,"N",6592,850,"6592_20181231",0.6640743359256641,3.3262583282198817,15,8.5177967654358,0.46607853590984233,8,"OH"
4272439,6.6445396578538105,"SM",659,46173,"659_20181231",0.2311726363067274,2.0294705421559875,643,8.861816456257168,1.107690960511079,4,"NY"
13914274,6.712143753014954,"SM",6600,182576,"6600_20181231",0.801521330822399,2.5768653239458557,2073,9.886584389980152,1.6058219890179852,4,"OH"
736716,5.417029411764706,"N",6605,9423,"6605_20181231",0.8964085916649558,2.399833464911764,136,10.116474509958232,1.4358601441920047,2,"OH"
1148332,4.5933280000000005,"SM",660,25185,"660_20181231",0.17029502462374005,3.469899559328092,250,9.60068780218226,1.0420116253365597,4,"NY"
350861,5.236731343283582,"N",6616,4684,"6616_20181231",0.09579652817415808,2.4777569882265094,67,8.51614982989575,0.7740304048722466,2,"OH"
1634260,5.028492307692308,"N",6623,21173,"6623_20181231",0.25879696952252706,2.6732284751970177,325,9.962279397566483,1.0356130266248034,4,"OH"
936895,3.936533613445378,"N",6636,15143,"6636_20181231",0.48862566371188354,3.0389265449026404,238,11.010719624536314,0.9603361445990928,6,"OH"
145195,3.0248958333333333,"N",6637,2202,"6637_20181231",0.8364278322274303,2.962911511704556,48,7.584595760537743,0.7170640822396915,8,"OH"
93463,3.2228620689655174,"N",6638,1566,"6638_20181231",1.2969623367119747,2.8642154512111353,29,11.799019820444984,0.8100156819036017,6,"OH"
178829,2.629838235294118,"N",6646,4831,"6646_20181231",1.2082054101941377,4.858436505619028,68,8.033390675312074,0.3624062389272775,4,"OH"
75788,2.6133793103448273,"N",6649,1281,"6649_20181231",0.24415016211570764,2.8509581643380786,29,10.793522267206477,0.680678592869645,6,"OH"
7753848,4.443465902578796,"N",6653,126496,"6653_20181231",1.1763355378493643,2.7365434570530978,1745,8.286328326325053,1.4483201526303366,4,"OH"
126433,3.083731707317073,"N",6659,2300,"6659_20181231",0.8993459302325582,3.461458174306696,41,9.491720754535777,0.8357661163436284,6,"OH"
163680,3.0883018867924528,"NM",6662,3542,"6662_20181231",0.3455902681780481,3.805139170360595,53,10.497103955307804,1.452352662481179,4,"OH"
178638,3.6456734693877553,"N",6671,2984,"6671_20181231",0.17164172763346844,3.3391532082060236,49,8.648626822106982,0.6907169063432704,4,"OH"
144453358,8.292385648679678,"SM",6672,2132425,"6672_20181231",0.6800490402890332,2.7774561085789053,17420,10.273480927832766,1.6457357602705482,4,"OH"
65136,2.832,"N",6680,1239,"6680_20181231",5.499122826016331,3.8594170721337804,23,13.481072530744537,1.0392555151400633,6,"OH"
181271,4.028244444444445,"NM",6700,2431,"6700_20181231",0.4220445372089811,2.5707889353335043,45,10.848039406890633,0.7555133744599015,2,"OH"
148875,5.725961538461538,"N",6706,1718,"6706_20181231",0.1298105290762473,2.397808657885212,26,10.27001954742736,0.5490693925003015,8,"OH"
155113,3.7832439024390245,"N",6725,2782,"6725_20181231",1.81579743770806,3.22661838680295,41,9.269112471065732,0.5956067151542036,4,"OH"
82089,5.4726,"N",6728,902,"6728_20181231",4.2783579575532995,2.0481973488608465,15,11.600511534110472,1.3060968601431484,8,"OH"
128244,4.2748,"N",6732,1135,"6732_20181231",0,2.003294560065435,30,6.728764727468632,0.6835153053659617,7,"OH"
264083,3.719478873239437,"NM",6760,4061,"6760_20181231",1.5425786616664505,2.924586857009853,71,11.135614014301712,1.2305066335635038,6,"WV"
88210,2.9403333333333337,"N",6762,1433,"6762_20181231",1.7278792589713692,3.08266022894727,30,12.35199050100597,1.011033258368558,5,"WV"
138814,3.305095238095238,"N",6786,2539,"6786_20181231",0.019617887153553563,3.1798896781708956,42,13.912012887933175,0.9935816906877412,4,"WV"
63218,4.214533333333334,"N",6787,1050,"6787_20181231",1.409666954512568,3.3013448125192175,15,12.658227848101266,0.49520172187788264,5,"WV"
194072,3.593925925925926,"NM",6794,3043,"6794_20181231",0.9214262712608683,2.897774262747124,54,10.284318432423593,0.8886791209305193,4,"WV"
134513,3.8432285714285714,"NM",6800,2177,"6800_20181231",0.48063415613084487,3.0253097619193694,35,11.188083750165994,0.6084217845675604,4,"WV"
294188,4.143492957746479,"NM",6803,4635,"6803_20181231",2.374175810188132,3.4757991103860686,71,10.960197977568411,0.7452031589260631,4,"WV"
79172,2.199222222222222,"N",6805,1682,"6805_20181231",0.913291459100426,4.166110526133662,36,10.1678639130001,0.7958988961228354,8,"WV"
469498,4.154849557522124,"N",6811,7952,"6811_20181231",0.24450983626620976,3.186150616768009,113,9.152952071845503,0.942254352751244,4,"VA"
229936,3.3324057971014494,"SM",6813,3488,"6813_20181231",0.8035604705092017,2.6827743127215373,69,14.156050955414013,0.9802851415511438,8,"VA"
1253172,5.424987012987013,"N",6821,14136,"6821_20181231",0.4867081483818891,2.1591172908786653,231,15.788219715602478,1.3409171119837804,4,"VA"
1853057,6.075596721311475,"N",6837,24574,"6837_20181231",0.0855597018222302,2.3794706976006488,305,10.99058357115123,1.3278819973741949,4,"VA"
680032,3.3011262135922332,"N",6861,11781,"6861_20181231",1.0399560083136832,3.8038175463631494,206,10.084688870141752,0.7657740263479711,4,"VA"
850890,4.319238578680203,"SM",6862,16130,"6862_20181231",1.441275794624609,4.970499893521933,197,10.942946700919903,1.4360951256762344,4,"VA"
297305,3.6256707317073174,"N",6863,4990,"6863_20181231",1.121126992457218,3.1967500891934493,82,13.361199442216462,0.8379209326720937,4,"VA"
722129,4.2229766081871345,"NM",686,9593,"686_20181231",0.7554874516779709,2.3814694193178623,171,11.152905484964501,1.1337277453313528,4,"PA"
1032676,3.971830769230769,"N",6892,19150,"6892_20181231",1.8900228279844233,3.2849692481511017,260,9.342467691133143,0.5448841367730565,4,"VA"
208984,3.370709677419355,"SM",6913,3419,"6913_20181231",1.6604762945160583,3.673820932166475,62,11.656764390766533,1.1711479824179305,4,"VA"
752741,4.70463125,"SM",6917,13287,"6917_20181231",0.627122543831393,3.1293742710930252,160,9.2608760941875,1.4745978821728096,4,"VA"
730268,5.142732394366197,"SM",6923,11988,"6923_20181231",0.5861291267950205,3.3163950828409927,142,9.388741241845857,0.9919409244071687,4,"VA"
1372904,4.531036303630363,"N",6947,21534,"6947_20181231",1.6429195539522288,2.5972391560506676,303,9.48983112233431,1.2187131398430595,4,"NY"
146825,6.673863636363637,"N",6954,1658,"6954_20181231",0,2.0025675965115375,22,9.944484672942313,0.8646256420633803,5,"NY"
531968,4.433066666666666,"N",6959,9596,"6959_20181231",0.6669546275782953,3.108627477982185,120,9.676061940016025,0.8908060366681897,4,"NY"
4699432,9.93537420718816,"SM",6976,50458,"6976_20181231",0.09512148289385439,2.177664826082544,473,9.876766267662676,0.9538081662664448,4,"NY"
2848430,5.825010224948875,"N",6985,51704,"6985_20181231",0.33564483751182167,3.155178622276654,489,9.34645852624688,1.386982233402504,4,"NY"
10412127,4.8700313376987845,"N",6989,146390,"6989_20181231",0.3979667226018004,2.402924643096751,2138,9.317404057001598,1.4166618135322182,9,"NY"
1185512,5.754912621359223,"NM",698,14020,"698_20181231",0.13400130239862332,2.2185080552877956,206,9.664626955913945,1.2208615002094865,4,"PA"
164724,5.313677419354838,"N",6990,1802,"6990_20181231",3.3881513770556766,2.2313618892197327,31,20.683296976667144,0.8551107239937463,4,"NY"
294597,4.269521739130434,"N",7018,4363,"7018_20181231",0.3175860980245278,2.7225922684299717,69,9.14835760639274,0.5318036046933265,8,"NY"
295414,5.9082799999999995,"N",7025,3677,"7025_20181231",0.9170310688748866,2.1866672961121254,50,9.846068693659488,0.8012316149472315,8,"NY"
169762,4.993,"N",7031,2160,"7031_20181231",1.6986823305286554,2.1412702760278766,34,10.593532836474179,0.9811619343254512,7,"NY"
4240633,12.327421511627906,"N",7072,34651,"7072_20181231",0.06542258546993487,1.384370822641862,344,9.45410672062649,1.0138945851728274,4,"NY"
2444624,5.29139393939394,"N",7074,35199,"7074_20181231",0.2733976163985916,2.433914995077132,462,9.143550816503803,1.2478740615463855,6,"NY"
182939,4.8141842105263155,"N",7085,2770,"7085_20181231",0.9241620507409904,2.6359503844508767,38,13.627056414601427,1.5163622337386176,8,"NY"
62930,2.4203846153846156,"NM",70,1671,"70_20181231",1.432388136772861,3.783997583224589,26,14.89560846001721,0.7412275101295902,4,"AL"
501695,4.078821138211382,"NM",7123,8997,"7123_20181231",1.8878043207839355,2.9519076668816924,123,11.136816691988091,1.2332125275005015,4,"NY"
632032,5.906841121495328,"N",7128,9409,"7128_20181231",1.5513053542755142,2.638801868820029,107,9.98917349120526,0.9649421320959344,4,"NY"
1932361,5.1805924932975875,"SM",713,32528,"713_20181231",0.4174270601768029,3.173108087284377,373,8.55987286318498,0.9219209203009711,4,"PA"
1081698,5.031153488372094,"N",7151,16466,"7151_20181231",0.402154699951613,2.9204355967097353,215,8.497015979071593,0.993155327097722,4,"NY"
1365184,11.009548387096775,"NM",7153,12400,"7153_20181231",0.5932857368654306,2.2551809630976756,124,8.434503802376744,1.0857143857666798,4,"NY"
1406745000,8.59968455994278,"N",7213,14843000,"7213_20181231",0.8432581472829626,2.1259131049955746,163581,9.380037530158162,1.1825525362977733,1,"SD"
9492332,6.187960886571056,"N",7230,124815,"7230_20181231",0.44341614341086394,2.5376977556248086,1534,8.979695020281058,1.1770392972918433,4,"NY"
110491,,"NM",7274,0,"7274_20181231",0,0.06425008469329346,0,11.263248599741491,1.111443023525544,7,"NY"
308565,4.675227272727272,"SM",72,5022,"72_20181231",0.5483131544667831,2.881605527840388,66,11.033902907412314,1.5929820748247614,4,"AL"
1083454,4.670060344827586,"NM",734,18938,"734_20181231",0.33796612191513165,3.308855842620675,232,9.156271060234037,1.171164689541221,4,"KY"
357286,4.828189189189189,"N",7356,5436,"7356_20181231",0.22813197491687037,3.0065892071877154,74,8.531744354759189,0.8511644679226904,4,"NY"
133429,3.103,"SM",737,2425,"737_20181231",0,3.234263092683811,43,8.281323052490187,0.769846786135203,4,"OH"
395948,4.658211764705883,"SM",7391,5960,"7391_20181231",0.663021103014536,2.466859477509251,85,9.033951741549746,0.9244401650034668,4,"PA"
1010444,5.181764102564103,"NM",7404,11715,"7404_20181231",0.6800881278117126,2.23692903832866,195,9.006674003695439,0.9303856050962265,4,"PA"
67848,5.219076923076923,"NM",741,1348,"741_20181231",0,3.20677584392059,13,11.310389153289362,0.46204499277863453,4,"OH"
702890,6.5082407407407405,"NM",7461,10341,"7461_20181231",0.364521406056737,2.7571549189157714,108,11.478201825223403,1.350152392072854,4,"PA"
1158368,6.936335329341317,"N",7464,15552,"7464_20181231",0.6178171671709126,2.469786848266804,167,10.211968068974672,1.0317621780595054,4,"PA"
7812063,5.478305049088359,"NM",7468,105544,"7468_20181231",0.42951908449455467,2.5510310358504285,1426,9.844424815874902,1.5066120706699573,4,"PA"
1229515,5.44033185840708,"NM",7472,14780,"7472_20181231",0.5591015324096729,2.378712073169827,226,8.26545386713094,1.1831299051401456,4,"PA"
1097256,4.204045977011495,"N",7493,20240,"7493_20181231",0.32063171637177174,3.062989915239447,261,9.833882218421031,0.9386643193735155,2,"PA"
1633945,5.027523076923076,"NM",7506,23304,"7506_20181231",0.5190068410351584,2.447145003696015,325,9.439557816258699,1.343548826519939,4,"PA"
2285610,5.860538461538462,"NM",7514,28235,"7514_20181231",0.3922116868556454,2.346960788656455,390,9.777349952438028,1.1241080520225453,4,"PA"
659788,4.458027027027027,"N",7526,10226,"7526_20181231",0.44990489575829196,2.811143497771785,148,15.20500945675348,1.3615140794946436,4,"PA"
1145678,4.917072961373391,"SM",7542,17534,"7542_20181231",0.14134619506470064,2.758339812655041,233,9.284872526015636,0.7802998026913999,4,"PA"
12558891,9.19391727672035,"N",7551,106062,"7551_20181231",0.7188888477832409,2.920572791818301,1366,10.047690992663151,1.0290216789590476,4,"PA"
20485,4.0969999999999995,"SI",7577,229,"7577_20181231",2.1518333620244445,2.8242898517367707,5,18.110118304797084,0.1630320118150258,7,"PA"
439010,6.271571428571429,"NM",7586,5401,"7586_20181231",0.6998512059240805,2.3092371414846635,70,8.655168195718655,1.0034185198117884,4,"PA"
146276,5.626,"N",7590,2191,"7590_20181231",2.2533121898818353,2.30772932266507,26,15.511588847833387,1.0887028863658843,2,"PA"
1429553,5.562463035019456,"SM",7593,19094,"7593_20181231",1.273487779429553,2.2330641146152375,257,8.696614595420197,1.3381611977836514,2,"PA"
1137637,4.0199187279151944,"NM",7598,22064,"7598_20181231",0.3992969509555045,3.3556373721994484,283,8.367849146225437,1.0014246519616938,4,"PA"
190808,4.336545454545455,"SM",7599,3073,"7599_20181231",0.5558188633719677,2.637709920339916,44,9.459170040692278,0.5204915015765086,8,"PA"
510723,4.9584757281553395,"NM",7613,6591,"7613_20181231",0.8451161093379826,2.5003035449317457,103,9.949553320422314,0.8706220542344123,8,"PA"
623980,4.105131578947368,"NM",7614,10280,"7614_20181231",0.850509539498889,3.1522980206676148,152,9.768871796305831,0.8980574487956459,4,"PA"
141055,4.550161290322581,"NM",7631,1773,"7631_20181231",0.08394521246639534,2.509810816614472,31,9.876201428226643,0.22194135271813306,5,"PA"
490197,5.634448275862069,"SM",763,6651,"763_20181231",0.1613349122973514,2.325881519119297,87,8.229702467908192,1.2974234044072719,4,"OH"
370451,10.01218918918919,"N",7646,2784,"7646_20181231",0.7679019225410978,1.3850809782584426,37,18.124938819460308,1.397081478372308,8,"PA"
934171,6.145861842105264,"N",7658,12561,"7658_20181231",1.1323276935376068,2.3049913874315457,152,9.44627647137859,0.941423082192449,8,"PA"
480155,8.423771929824563,"SM",7659,5063,"7659_20181231",0.49570709372039906,1.8693481309541082,57,10.773450563450522,1.0891397760322756,8,"PA"
534262,4.993102803738318,"N",7666,8055,"7666_20181231",0.5671088241224296,2.7947525033333753,107,10.0887423506871,0.5646544678332619,8,"PA"
704192,4.726120805369128,"SM",7675,10353,"7675_20181231",0.8656768639543535,2.8283253441555765,149,14.126379335939433,0.6093199647916865,4,"PA"
322911,3.8441785714285714,"NM",769,5330,"769_20181231",0.7162816492822253,3.1118977765329503,84,10.16441993150958,0.9468994711459199,8,"OH"
1165582,6.008154639175259,"NM",7714,14293,"7714_20181231",0.9520681190861776,2.2104470979413064,194,8.638549146143939,1.0108295293074276,4,"PA"
1712949,11.344033112582782,"NM",7748,14590,"7748_20181231",0.8666223377816853,2.334406323402391,151,8.81921251060676,0.7475676551963157,4,"PA"
4964938,6.637617647058824,"SM",7759,63033,"7759_20181231",0.6759676353831323,2.90399428934064,748,10.115029415222573,1.155715553387218,4,"PA"
142254,7.903,"N",7789,1467,"7789_20181231",3.549212557471862,1.8850501191392013,18,16.577027455679698,1.2166028472396295,2,"PA"
1276156,4.2680802675585285,"NM",7799,22179,"7799_20181231",1.935185364156487,3.0432171948413327,299,13.160771496221232,1.7785045823000958,9,"PA"
172809,7.200375,"NM",77,2625,"77_20181231",0,2.1914797259968655,24,20.643254499654894,1.296393335340856,4,"AL"
1279313,4.755810408921933,"NM",7848,18058,"7848_20181231",0.39512658948899737,3.015685167805195,269,7.854698706671565,0.6887365117647152,4,"PA"
893574,5.448621951219512,"N",7875,11119,"7875_20181231",0.5422479379057596,2.9167931953828132,164,7.952564290895592,0.5613312358716642,4,"PA"
257055,4.080238095238095,"N",7886,3551,"7886_20181231",0.6065635429042214,2.4366364973473105,63,9.330985244395652,0.86912115647127,5,"PA"
33026384,7.931408261287223,"N",7888,349895,"7888_20181231",0.6065842474159198,2.0435874925928252,4164,8.394497739863,1.1884446584797497,4,"PA"
1257130,4.708352059925094,"N",7900,17035,"7900_20181231",0.6258344136369793,2.4757886400549793,267,9.628566886512129,1.1916497737903997,4,"PA"
305905,3.7305487804878052,"NM",7909,4734,"7909_20181231",1.3771734954650987,2.6951405176315677,82,7.483386211281562,0.7051432652015615,4,"PA"
396898,5.512472222222223,"NM",7910,6272,"7910_20181231",0.027899078117418732,2.737036836838152,72,9.035882511775824,0.4650133643982131,8,"PA"
28875870,15.99771191135734,"N",7946,373557,"7946_20181231",0.05478557427347412,2.892474736293623,1805,9.3760113357066,1.2350850327144358,9,"PA"
1108327,5.354236714975845,"NM",8011,14864,"8011_20181231",0.32798633453468595,2.147981273577888,207,15.80388651180393,1.287625031845982,4,"CA"
656492,6.312423076923077,"SM",8018,14561,"8018_20181231",0.0986732354173026,3.5995176674462734,104,17.906662502569866,0.9422804750669274,4,"FL"
659199,4.06912962962963,"NM",8021,11383,"8021_20181231",2.6681842005425405,2.5038579744248035,162,11.822707905219929,2.0875330688932876,4,"FL"
131676,4.247612903225807,"NM",8028,2115,"8028_20181231",4.0254876332193845,2.894356005788712,31,11.1666691730454,1.4215775595549136,4,"GA"
410144,4.507076923076923,"SM",8033,7255,"8033_20181231",0.5810232294313561,3.603559661398062,91,11.191282469400107,1.0611185765256475,4,"GA"
161192,4.356540540540541,"NM",8035,3162,"8035_20181231",1.032185568665222,2.888686459161941,37,10.091276297687624,1.0706679325652408,2,"IN"
12440252,5.2869749256268594,"NM",803,140983,"803_20181231",0.45356813934180723,2.250290287375563,2353,9.47644840583786,1.3569388443623467,4,"WV"
3710275,15.021356275303644,"NM",8056,29691,"8056_20181231",0.08762748408587921,1.266420248987585,247,10.974672460315064,1.918103745028304,4,"IN"
80853,3.3688750000000005,"NM",8058,1618,"8058_20181231",0.4360349464504527,3.1378081709466987,24,10.165357849709507,1.1988386018591297,8,"IN"
342234,4.277925,"NM",8063,4995,"8063_20181231",0.09515964094989206,2.7986472900100536,80,8.765801880389832,1.2597873442403194,2,"IN"
59516,7.4395,"NM",8067,727,"8067_20181231",1.4106935059102137,2.6843621982412453,8,13.933497701072833,1.1894879633941406,2,"IN"
239256,5.9814,"SM",8074,2850,"8074_20181231",1.1199044348215619,2.2378494653214944,40,10.685614300166291,1.5647765071336286,5,"IN"
157950,7.179545454545456,"NM",8083,2116,"8083_20181231",0.10231196623705113,2.3191990265580364,22,12.479394814521385,0.9132631467569569,2,"IA"
203747,6.36709375,"NM",8094,2544,"8094_20181231",0.06351920845294082,1.921105047909767,32,10.413412729402577,2.114590576763665,4,"IA"
455101,5.2918720930232555,"SM",8101,6073,"8101_20181231",1.2545999409965374,2.136945176063434,86,11.508108181954798,1.3650967937714709,2,"IA"
55863,3.1035,"SM",8108,1204,"8108_20181231",0.7319530398667681,4.801296370742139,18,10.388623131976118,3.017128837203519,4,"KS"
40999,4.0999,"NM",8110,643,"8110_20181231",1.4735432016075016,2.616484292269679,10,10.006755025506045,0.5912460289445817,7,"KS"
248975,4.292672413793103,"SM",8117,3259,"8117_20181231",6.729107602993721,3.2316983027622834,58,5.5791931923606,-2.104657428852564,4,"KY"
194865,5.731323529411765,"NM",8118,2428,"8118_20181231",0.11899767997328972,2.1707324913082564,34,11.283460790734372,0.9850469867412676,4,"KY"
268405,0.8946833333333334,"NM",8120,24988,"8120_20181231",0.13059848604321084,17.788445045601346,300,8.73617561495879,1.4048775387852384,4,"KY"
54963,4.996636363636363,"NM",8121,541,"8121_20181231",0.2907389022833641,2.1719080063074587,11,19.778119260897267,1.377897117015263,4,"KY"
194157,3.467089285714286,"NM",8122,3377,"8122_20181231",1.2497506483143825,3.2451905991011754,56,19.360714321068315,0.7991129541591443,8,"KY"
142446,4.316545454545454,"NM",8126,1857,"8126_20181231",1.1352336758369241,2.750127352580783,33,16.359159277135483,0.5328156623022593,7,"KY"
287446,3.4219761904761907,"NM",8128,5130,"8128_20181231",0.2740161052512192,3.614170251147163,84,10.697724689524367,0.5773659859615574,4,"KY"
54271,3.6180666666666665,"NM",8129,1310,"8129_20181231",2.2481128979323923,3.8466386932953958,15,12.474341892037884,1.1741612490770588,8,"KY"
2358895,6.223997361477572,"SM",8136,30463,"8136_20181231",0.6837430791722544,2.276861720476533,379,8.272615596116525,1.304611988097808,4,"KY"
121071,3.3630833333333334,"NM",8140,1988,"8140_20181231",0.5980682891270853,3.0170413689769866,36,9.3857894084527,1.1033852497051144,8,"LA"
898304,2.3454412532637074,"NM",8141,19748,"8141_20181231",0.1826155527579099,3.844413323843904,383,9.94335900069015,1.7841133791488268,4,"LA"
78037,7.0942727272727275,"SM",8144,747,"8144_20181231",4.6317829457364335,1.8208265681900833,11,19.99021979718948,0.6556000020487501,2,"LA"
900079,3.9304759825327515,"NM",8149,17461,"8149_20181231",0.5281991818319445,3.010382973734833,229,14.301218418082367,1.5127959871329635,4,"LA"
2101384,8.338825396825397,"NM",8152,41433,"8152_20181231",0.040775190220109093,3.202073230868327,252,8.278495561367185,1.2014668072296768,4,"MA"
215321,2.4193370786516852,"NM",8162,5458,"8162_20181231",0.8737482186498495,4.395416092689048,89,11.100087567305723,0.08424188525680851,4,"MI"
236123,3.2794861111111113,"NM",8165,4194,"8165_20181231",0.26120038612230995,3.512383413904742,72,8.96674385046478,0.9231318315138517,4,"MI"
265318,3.959970149253731,"NM",8172,4162,"8172_20181231",1.0644867787724932,3.0453811204902257,67,9.10419406692971,1.1130620905645692,4,"MI"
55067,4.588916666666667,"SM",8183,710,"8183_20181231",3.8841807909604524,2.659816561863947,12,12.397211133390975,0.4005199477139414,7,"MI"
225999,5.255790697674419,"NM",8188,3757,"8188_20181231",0.1144674785786221,2.959477775581756,43,9.631785166006003,0.800403152155281,4,"MN"
61601,6.844555555555555,"NM",8190,1116,"8190_20181231",0.26985846199034386,2.8858082960245968,9,10.484963424546194,1.4193052483952746,2,"MN"
79508,6.116,"NM",8191,792,"8191_20181231",0.21483200137492484,2.1672638739268733,13,8.674407540279546,0.08913541197114051,7,"MN"
119295,7.017352941176471,"NM",8193,1736,"8193_20181231",0.10875280845164682,2.365200955033824,17,13.238515666489645,1.1639474731396737,4,"MN"
36992,4.624,"NM",8196,243,"8196_20181231",0.7431192660550459,1.2225689579134824,8,7.150174144642492,0.5191731191139446,2,"MN"
11773,3.9243333333333332,"NM",8197,144,"8197_20181231",6.931002185451139,2.388984981076499,3,10.945563509239221,0.17125340366139777,2,"MN"
26346,5.2692,"NM",8199,369,"8199_20181231",0.09268699601445918,2.5993403486728446,5,7.8099378408267555,0.4436940474320716,2,"MN"
122270,3.3045945945945947,"SM",81,1836,"81_20181231",0.25655644241733183,2.6434004703650777,37,17.514284365113095,0.7209274010086576,7,"AR"
417415,4.910764705882353,"NM",8200,6833,"8200_20181231",0,2.529370873145145,85,10.078801317948912,0.7838348585325878,2,"MN"
105725,4.066346153846154,"NM",8202,2397,"8202_20181231",0.37789831316683553,4.612865327668341,26,8.344581799819377,1.1949594438006952,2,"MN"
115317,3.976448275862069,"NM",8205,2350,"8205_20181231",0.4827441124040878,3.71846249169095,29,7.928634759188316,0.6109212588449076,2,"MN"
34491,4.311375,"NM",8207,336,"8207_20181231",0.7888820764357245,1.5655419565244348,8,8.462122362228632,0.6851183611720794,2,"MN"
115776,4.824,"NM",8210,2534,"8210_20181231",0.6546367274947426,3.384664628891617,24,10.22229677237093,0.9409174208662068,2,"MN"
226181,7.799344827586207,"NM",8212,2539,"8212_20181231",0,1.928701822323035,29,7.813485121611182,0.8574092731533337,2,"MN"
132185,5.507708333333333,"NM",8214,1982,"8214_20181231",0,2.1042369703787025,24,10.232595762830272,0.7986501687289088,7,"MN"
25796,3.685142857142857,"NM",8218,471,"8218_20181231",0,4.039280938015115,7,15.07976752350119,0.6920038565608185,4,"MN"
224714,3.51115625,"SM",8231,4003,"8231_20181231",0.5469955549413851,3.4513409049949524,64,9.622706361376975,0.8245598993555748,4,"MS"
217727,3.455984126984127,"NM",8232,4362,"8232_20181231",2.0269988129112306,3.566834940484599,63,14.910536779324055,1.7462435782101513,4,"MS"
315992,5.543719298245614,"NM",8234,4243,"8234_20181231",0.7694731866169442,2.1947673319843872,57,10.172062542968332,1.5134697230460648,4,"MS"
1047355,4.593662280701754,"NM",8235,16457,"8235_20181231",1.2966258909288584,2.7506346587244317,228,9.776987936679642,1.1645623727426908,4,"MS"
392464,4.4097078651685395,"SM",823,6287,"823_20181231",0.2937862385781476,2.7172191923300195,89,13.511213713533579,1.300506854814859,8,"VA"
150852,4.866193548387097,"NM",8243,2737,"8243_20181231",2.5475183486692883,3.557993579828749,31,9.992879024023217,0.7411057022594116,2,"MS"
182575,4.24593023255814,"NM",8250,3035,"8250_20181231",0.8805900439808507,2.9602259293883897,43,16.28118188423347,0.9630630611089541,4,"MS"
142544,4.598193548387097,"SM",8251,2184,"8251_20181231",1.051154086088584,2.460083592060588,31,10.855031292052033,1.5467211345724972,2,"MO"
465174,5.409000000000001,"SM",8252,6232,"8252_20181231",1.0862967486064592,2.4835219647756017,86,9.024399391945707,0.8555514649121765,2,"MO"
106071,4.079653846153846,"SM",8254,1916,"8254_20181231",0,2.459645112416509,26,18.55147420033553,1.6242581193919903,4,"MO"
910199,4.691747422680413,"SM",8255,13224,"8255_20181231",0.14089116055157042,2.7455465089016435,194,8.799749042297918,0.9372785266564371,4,"MO"
102634,3.539103448275862,"NM",8259,1757,"8259_20181231",0.10564965880356092,2.8395945067198296,29,9.370704785265696,0.5065608290882109,2,"MO"
123449,5.367347826086957,"SM",8267,1639,"8267_20181231",0.01006137438374082,2.4005878168910124,23,10.95624013409494,1.618006253942265,8,"MO"
65036,5.9123636363636365,"NM",8268,524,"8268_20181231",0,1.5835766511425882,11,15.662097662464813,0.7073309041770227,7,"MO"
23137750,8.219449378330372,"N",8273,314793,"8273_20181231",0.4024794183582563,2.917399137946828,2815,8.846036706346466,0.9016299537202124,4,"MO"
148114,3.3662272727272726,"SM",8274,2261,"8274_20181231",2.0607676498361385,2.7915544657432716,44,10.197041616072413,1.2760812201689808,2,"MO"
69100,4.064705882352942,"NM",8276,1202,"8276_20181231",1.21888692085392,2.72649511725711,17,14.250599520383695,2.013685936274859,2,"MO"
172289,5.3840312500000005,"NM",8282,2461,"8282_20181231",1.1927316859387116,2.368076605125379,32,11.393829194840615,1.6585147423532656,4,"MO"
270893,4.2327031250000005,"NM",8283,5974,"8283_20181231",1.503680633060828,4.735305545843841,64,9.943098093446078,1.7043044028810124,4,"MO"
208841,3.7293035714285714,"NM",8295,2966,"8295_20181231",0.5859847655484749,2.779212252953351,56,9.230647412231647,1.1118850605081645,2,"MO"
179759,3.391679245283019,"SM",8296,3317,"8296_20181231",0.11511561757521,3.16113247274321,53,9.146920502848873,2.1286954242932214,2,"MO"
200741,4.01482,"SM",829,2867,"829_20181231",0.7079490226405366,2.782291621373743,50,8.930163591254459,-0.1597681541621121,4,"VA"
122026,6.1013,"NM",8317,1476,"8317_20181231",2.015220302446353,1.8563316603626427,20,12.285573041113949,1.4988570323423387,2,"MT"
344725,4.055588235294118,"NM",8321,4773,"8321_20181231",0.17364482778317245,2.39757806468968,85,9.28990159509991,1.0005685241091522,2,"CO"
240722,5.871268292682927,"NM",8322,3183,"8322_20181231",0.04088904465667806,2.2923557633501925,41,10.338044035679157,1.5242455113022548,2,"NE"
17442,3.4884,"NM",8323,314,"8323_20181231",0.26666666666666666,2.7111823483272515,5,9.499970551858178,-0.20461753572281147,2,"NE"
52649,5.2649,"NM",8333,1120,"8333_20181231",0.006610404777119186,3.2480541354722385,10,10.53628122250698,0.47301759254450076,2,"NE"
96439,3.8575600000000003,"NM",8350,1840,"8350_20181231",0.018433179723502304,2.919928695779082,25,9.184819222995733,0.7151271279201893,2,"NE"
85466,7.769636363636365,"NM",8355,1168,"8355_20181231",0.1910201611377993,2.0982354598181288,11,11.72644489871771,1.5384652424828278,2,"NE"
83843,4.657944444444444,"NM",8383,1262,"8383_20181231",0.37089309744969967,2.2553306188264646,18,10.112588578074604,1.1592709473819798,2,"ND"
147317,5.89268,"NM",8386,1851,"8386_20181231",0.9162078458362011,1.9503452280648914,25,11.58994360838169,2.3058168452843706,2,"ND"
415221,5.00266265060241,"NM",8387,8324,"8387_20181231",1.3440992970846297,3.086364374907172,83,10.167101126278505,1.6399970893228988,2,"ND"
75358,5.382714285714286,"NM",8390,998,"8390_20181231",1.0728196250825683,2.4092429504616937,14,9.320123168893414,1.2012845736374094,2,"ND"
44537,3.1812142857142858,"NM",8397,634,"8397_20181231",0.007496251874062968,3.448665762098598,14,13.667240086454061,0.9113523292627771,8,"OH"
81317,8.1317,"SM",8403,944,"8403_20181231",0.32138806032853,2.0123790335259444,10,20.539544774550894,1.2311309231546945,2,"OH"
1210156,4.636613026819923,"NM",8405,20261,"8405_20181231",0.2729346795508545,3.1532079987399304,261,9.676079629690225,0.597824492220187,4,"PA"
419992,5.0601445783132535,"NM",8421,5913,"8421_20181231",0.3533759654513745,2.4718958986622424,83,10.175838410977306,1.2764528865545501,8,"PA"
1057573,5.842944751381216,"NM",8426,11955,"8426_20181231",0.5232866295958482,1.9678752357089848,181,9.656293263174197,1.0884725672763254,5,"PA"
823142,3.957413461538462,"NM",8432,12633,"8432_20181231",0.07295268875489323,2.5637412734863885,208,7.91746694143279,1.383675798402296,4,"TN"
463407,3.7072559999999997,"NM",8439,8243,"8439_20181231",0.7445476886309136,3.576221525587025,125,10.465353060058199,1.2627234135355452,4,"TN"
286485,3.6728846153846155,"SM",845,4397,"845_20181231",2.0780686241507325,2.7314224790739217,78,11.685791687021519,0.9969674396930018,6,"WV"
2652009,6.35973381294964,"NM",8468,36059,"8468_20181231",0.28545883397032756,2.4966719032831612,417,9.22160391363635,1.4655346482439042,4,"CA"
67368,4.2105,"SM",847,950,"847_20181231",2.659225213394616,2.887163369692488,16,10.53419870194708,0.6732606150243421,8,"WV"
139711,4.657033333333334,"NM",8487,1728,"8487_20181231",2.9865966177466325,2.5207317018906603,30,15.56439765840119,2.7024261022917226,2,"IL"
162766,3.014185185185185,"NM",8491,2709,"8491_20181231",0.21114813323081053,2.996227797469357,54,14.646510584368727,0.8186719074869804,2,"IL"
37427,3.7427,"NM",8492,633,"8492_20181231",1.1228230980751603,3.05126221642474,10,8.561130993172416,0.8190629313352243,8,"IL"
76629,5.1086,"NM",8499,1177,"8499_20181231",2.7047698512028924,2.595314104656439,15,10.253066947073258,1.2246804287310293,2,"IA"
167316,5.228625,"NM",8500,2285,"8500_20181231",0.09912284152145695,2.2377813870350622,32,11.115659422447157,1.3767097390908942,2,"IA"
68805,6.8805000000000005,"NM",8503,779,"8503_20181231",0.23355479467585769,1.7832486265753986,10,13.815032228360957,1.432180733864097,2,"IA"
238891,18.37623076923077,"NM",8506,1123,"8506_20181231",0,0.7334033769950242,13,17.258936737885193,1.4381213913171547,2,"IA"
57042,5.185636363636363,"NM",8507,678,"8507_20181231",1.817086993482573,1.870720370145588,11,11.41212023675411,1.783253482610155,2,"IA"
91420,4.811578947368421,"NM",8510,1629,"8510_20181231",0.044814788880330504,2.633963539186927,19,10.596533253485045,1.6707732070727572,2,"IA"
192033,4.800825000000001,"NM",8511,3602,"8511_20181231",0.35333631015938965,2.9501878713691094,40,9.551798599041451,1.5381676337967045,2,"IA"
76069,10.867,"NM",8513,712,"8513_20181231",3.6607156730216444,1.326446258665125,7,11.093464305257116,0.1958601909434248,2,"IA"
52707,7.529571428571429,"NM",8516,1164,"8516_20181231",0,3.475187804387353,7,9.28636779505947,-0.7686788972020088,7,"IA"
37859,7.5718000000000005,"NM",8519,351,"8519_20181231",0.044992351300278954,1.7311499973243432,5,14.523616734143049,1.410071172472842,2,"IA"
109950,9.1625,"NM",8522,778,"8522_20181231",0,1.1297142805622424,12,13.068320070654183,1.5300280399953117,2,"IA"
506469,4.185694214876033,"NM",8527,7854,"8527_20181231",0.8068199716490787,2.5858842589083126,121,12.143836060867633,1.1598874601580145,4,"LA"
224752,6.243111111111111,"NM",8531,2566,"8531_20181231",3.3952730621207468,2.1275719976400964,36,10.066901030359903,1.2769090751098773,7,"LA"
101859,2.910257142857143,"NM",8532,2060,"8532_20181231",0.7977058677962648,3.609199261373174,35,13.05924317313078,0.5223711106064047,4,"LA"
151387,4.883451612903226,"NM",8533,2031,"8533_20181231",1.6157134228499743,2.783519122663465,31,12.751334356949624,1.2094460325388139,2,"LA"
279198,5.369192307692307,"NM",8534,2789,"8534_20181231",2.0983286568256676,1.7839929541813744,52,11.264330616423177,0.9705337762397798,7,"LA"
61687,4.745153846153847,"NM",8535,1011,"8535_20181231",0,2.774634365215785,13,10.669958738628267,0.9138807600056746,4,"MN"
142406,4.593741935483871,"NM",8536,2352,"8536_20181231",1.2776776930251577,2.879780777075829,31,9.869830009369561,0.7563686863363857,2,"MN"
266964,4.524813559322034,"NM",8537,5054,"8537_20181231",0.3069393673907133,3.0467753045848447,59,8.27563334868724,0.8801465774013655,4,"MN"
108992,6.411294117647059,"NM",8541,2111,"8541_20181231",0.7566326222275942,2.711295344562404,17,10.911608585275792,0.8731290092658588,2,"MN"
244640,3.8831746031746035,"NM",8544,4927,"8544_20181231",0.8248282944990051,3.1773795892923387,63,11.195697610855653,0.9210434593094298,4,"MN"
216649,2.8136233766233767,"NM",8545,4813,"8545_20181231",3.5561341791086116,3.8870730405115053,77,8.342473138268208,1.0650152264622335,2,"MN"
227825,5.695625000000001,"NM",8546,2154,"8546_20181231",1.5581979968875943,1.8289513109966318,40,8.664653464887257,0.90928618101609,4,"MN"
294138,2.1469927007299274,"SM",8552,7462,"8552_20181231",0.7519804384598636,4.126519929090103,137,9.419058599834132,0.8756778913069131,8,"MS"
67784,4.2365,"NM",8556,1435,"8556_20181231",0.8680555555555556,3.3136824259237847,16,15.463613291624858,3.0676755910832894,6,"MS"
66542,2.2180666666666666,"NM",855,1807,"855_20181231",2.369109639093845,5.044103572260017,30,11.016274403643427,0.9441527199358493,4,"AL"
152514,3.6312857142857147,"NM",8560,2716,"8560_20181231",0.08300395256916995,2.929352211870002,42,7.637274190663566,1.3395935734722324,4,"MO"
90590,5.328823529411765,"NM",8564,1527,"8564_20181231",0,2.2359988253178553,17,21.66521549847627,1.6097895936981756,4,"MO"
179213,4.26697619047619,"NM",8569,3119,"8569_20181231",0.3578272261546283,2.7475117200343036,42,9.978409458273681,0.6339969512966186,2,"MO"
93208,4.43847619047619,"NM",8572,1273,"8572_20181231",0.4305217243528012,2.9397843335628933,21,9.818905516399662,1.266316868596912,4,"MO"
472108,3.446043795620438,"NM",8576,8451,"8576_20181231",0.783829431741823,2.819659923681318,137,15.081289340448823,1.0972191879685442,2,"MO"
55786,3.281529411764706,"SM",8584,1153,"8584_20181231",1.2267417972647767,4.220432374687245,17,8.869211015673425,0.19151837170728964,8,"MO"
42034,4.670444444444445,"NM",8594,636,"8594_20181231",1.039787798408488,2.2476720539441293,9,14.746639089968976,1.521715862608137,2,"MO"
136059,3.7794166666666666,"SM",8595,2690,"8595_20181231",0.3374983409491667,3.4311847408061222,36,13.049527649314202,0.18994780072778297,4,"NE"
43230,7.205000000000001,"NM",8604,659,"8604_20181231",0,2.3472013428389604,6,11.278108158334883,0.8715541331956062,2,"NE"
237786,3.835258064516129,"NM",861,2993,"861_20181231",2.6876366286130677,2.141797231131417,62,10.938319442096732,0.8992015331666199,7,"AL"
108767,4.35068,"NM",862,1538,"862_20181231",0.4250962587077964,2.8009963572951757,25,10.39841488762408,0.9927327132613384,4,"AL"
59522,5.9521999999999995,"NM",8632,1154,"8632_20181231",1.0420749279538903,2.5857015127745773,10,11.347587449823871,1.0971627698283515,2,"ND"
280686,7.586108108108108,"SM",8637,3437,"8637_20181231",0.2639653693965473,2.0836216861250247,37,11.602637132771791,2.1191592193713227,2,"ND"
105506,4.795727272727273,"NM",8640,1838,"8640_20181231",0.2529174246794161,2.637682905706131,22,9.337979753979603,1.1239805101402998,2,"ND"
72170,5.155,"NM",8642,899,"8642_20181231",0.1274534794799898,2.0541754539727752,14,12.845811568968854,1.057215633644655,2,"ND"
121528,3.1161025641025644,"NM",8647,2540,"8647_20181231",0.6590422231847074,3.977639398987049,39,9.114460668864814,0.6867319667395351,8,"OH"
740176,4.044677595628415,"NM",8660,12701,"8660_20181231",0.1832234264821102,3.07653197824576,183,10.659553923958661,1.838995908234104,4,"TN"
36969,2.1746470588235294,"SM",8661,696,"8661_20181231",6.984615384615385,3.3590037686383747,17,13.030861853880783,0.720956906439456,8,"TN"
5133339,3.711741865509761,"NM",8663,136012,"8663_20181231",0.5371831926708539,4.4892667452295125,1383,10.923430424337402,1.6948711735106075,4,"TN"
778632,4.99123076923077,"SM",8668,15735,"8668_20181231",1.4689603848517867,3.39750357746195,156,11.788535151510407,1.1906456374959582,4,"VA"
45504,3.792,"NM",8672,628,"8672_20181231",6.2120620496255015,2.7016885553470917,12,10.557951130275708,0.7372254718022293,2,"VA"
1393009,5.256637735849057,"SM",8675,21260,"8675_20181231",1.099467512033298,2.586839149134825,265,10.224750793154492,1.0421331546145707,4,"VA"
209720480,9.797733239897221,"SM",867,2834754,"867_20181231",1.4204241228490677,2.578556897373536,21405,9.953285534842832,1.3789930892256508,4,"GA"
49271,9.8542,"NM",8681,410,"8681_20181231",0.0060139523694972335,1.4780099444814752,5,13.141862489120976,1.3703677636508915,2,"WA"
101129,4.3969130434782615,"NM",8693,1998,"8693_20181231",0.3155240307573819,3.6898784017344886,23,19.24713058832972,1.5974473568484675,2,"WI"
220351,5.007977272727273,"NM",8695,3562,"8695_20181231",0.670007223337637,3.085220330069757,44,12.235267522852823,1.4664826071489334,4,"WI"
602047,5.788913461538462,"NM",8698,8406,"8698_20181231",0.11511305391954987,2.4841985938446487,104,9.212221592642637,0.9775789484208591,4,"WI"
81187,5.412466666666666,"NM",8700,937,"8700_20181231",0.803629727603007,2.477698158291271,15,12.306523715242756,1.0361050636117344,4,"WI"
179910,4.283571428571428,"NM",8714,3265,"8714_20181231",2.9536697934677543,2.907318646828273,42,8.71847247861754,1.1845461256100553,2,"WI"
197445,5.062692307692307,"SM",8718,5830,"8718_20181231",0.012036953447082544,10.302586833156106,39,9.478154930730447,2.1567471389014643,4,"WY"
53644,5.3644,"SM",8724,859,"8724_20181231",0.10400939439691326,2.662497596860139,10,13.083543579007639,1.897120222285903,2,"WY"
46895,3.1263333333333336,"SM",8725,1150,"8725_20181231",0,4.374010331490279,15,7.619370132069083,-1.1097266568024298,4,"WY"
18449940,2.9926909975669096,"SM",8728,450260,"8728_20181231",0.7151118829138258,4.698825240176901,6165,8.239080225528157,1.045210292312942,4,"AR"
218625,3.769396551724138,"NM",872,3082,"872_20181231",1.9070965294345104,2.6113799047130533,58,17.324283744157697,2.433467807152528,4,"GA"
73256,5.635076923076923,"NM",8730,1115,"8730_20181231",0.23316107254093368,3.065313209563243,13,11.833115678053474,0.6811807132362762,4,"AR"
139720,3.992,"NM",8735,2526,"8735_20181231",0.8805315140067472,3.400962244620624,35,9.170607116970974,0.8963216117597395,4,"AR"
396886,3.9295643564356437,"SM",8738,5643,"8738_20181231",1.4731486907704199,2.0994191137674916,101,12.748658216284115,1.9309223712873504,4,"AR"
32580905,7.621264327485381,"SM",873,418399,"873_20181231",0.431156833533909,2.3927339893545,4275,10.510437969484125,1.4525489072153777,4,"GA"
564490,5.1317272727272725,"NM",8745,9265,"8745_20181231",0.42394173809035124,3.083161083688435,110,10.96998917571542,1.444868743004759,4,"IN"
202670,3.8975000000000004,"NM",8751,4438,"8751_20181231",3.191006528645742,3.482672752884667,52,8.888747229468647,0.5229541763207118,2,"IA"
181726,5.6789375,"NM",8752,2422,"8752_20181231",0.44680877325071894,2.3328086947955398,32,10.28505521691164,1.3253423323734053,2,"IA"
61648,5.604363636363637,"NM",8756,826,"8756_20181231",0.2710459183673469,1.9759394605782292,11,10.99528749604516,0.8812495957570662,2,"IA"
51170,4.264166666666667,"NM",8758,907,"8758_20181231",0.513838194124526,2.480040369111371,12,9.048496009821976,1.01705125547154,2,"IA"
110431,5.019590909090909,"NM",8760,1558,"8760_20181231",0.00861008610086101,2.410014888411728,22,11.642948341581159,1.3840985777451913,2,"IA"
282968,4.287393939393939,"NM",8761,5025,"8761_20181231",1.0731029519077941,2.767429218701973,66,10.29529217007435,0.9310145603989026,2,"IA"
105200,5.0095238095238095,"NM",8762,1541,"8762_20181231",0.8243648876198844,2.6566040294496,21,11.476286926281194,1.822236369012753,2,"KY"
118213,4.7285200000000005,"NM",876,2189,"876_20181231",2.3883144510958294,3.0869010186859036,25,18.796183987543767,1.79405238221712,2,"GA"
315618,7.6979999999999995,"SM",8772,4027,"8772_20181231",0.3988864920885504,2.1558154800978695,41,15.524461471642583,1.2042339217095517,8,"KY"
875638,4.035198156682028,"NM",8774,9681,"8774_20181231",0.45474543819896457,2.239282552194899,217,10.501819075656933,1.3867991888727045,4,"KY"
139065,3.8629166666666666,"NM",8775,2373,"8775_20181231",0.7406247008346171,2.859537975774251,36,10.251905180233264,2.051185437678721,2,"KY"
169949,2.880491525423729,"NM",877,1995,"877_20181231",4.18511758109535,4.019467938231643,59,9.810780637219821,0.39852424210782783,4,"GA"
396009,4.212861702127659,"NM",8785,7124,"8785_20181231",0.19061803761488413,3.375723926923057,94,9.457279769486146,0.9865699522845651,4,"KY"
326868,2.193744966442953,"NM",8798,7236,"8798_20181231",1.5232635375198933,3.6451262313684563,149,12.924495906404566,1.1692083893023575,4,"LA"
82473,5.4982,"NM",8799,1078,"8799_20181231",2.835978835978836,2.3794250382205746,15,15.232627264478582,0.9212500741804125,7,"LA"
118097,3.2804722222222225,"NM",879,2641,"879_20181231",1.0272842290555035,3.851847991257201,36,17.163208530356666,1.4959502663719826,8,"GA"
268406,3.1953095238095237,"NM",8800,4434,"8800_20181231",1.7748562947867406,2.9387153626279234,84,9.846410509620853,1.1274270227040477,4,"LA"
738997,4.59004347826087,"NM",8810,10997,"8810_20181231",1.54194667210474,3.0527630123791516,161,8.737459560145092,0.867040062787628,4,"DE"
594309,4.468488721804511,"NM",8811,8432,"8811_20181231",1.8676768396896262,2.40056615685396,133,9.359232628511213,0.9132164361987388,4,"MD"
426918,4.7968314606741576,"NM",8813,6605,"8813_20181231",0.6112115313311086,2.8178012612791794,89,9.43920288197357,0.8666368953243356,4,"MD"
464984,4.894568421052632,"NM",8816,6195,"8816_20181231",0.9513036237519541,2.1088249643433854,95,12.946413452094694,1.5387862017075262,4,"MD"
153673,7.68365,"NM",8821,2163,"8821_20181231",0.1936600272449468,1.99602103800942,20,12.054647913377243,2.1019697300662767,2,"MN"
50259,4.569,"NM",8822,761,"8822_20181231",0.032071840923669014,2.689251688286953,11,9.350163627863488,1.5795989516265936,2,"MN"
149831,4.280885714285715,"NM",8824,2680,"8824_20181231",0.025530524294846917,2.684692076971795,35,14.116424813163981,1.628474200002921,2,"MN"
85362,8.5362,"NM",8827,824,"8827_20181231",0.5669442170145057,1.5001179728538254,10,23.953691085656757,2.9406286090379625,2,"MN"
111154,5.850210526315789,"NM",8831,1387,"8831_20181231",0.06903163950143816,1.9824929476167228,19,11.758877258724125,1.7216386124039962,4,"MN"
82184,4.83435294117647,"NM",8833,1488,"8833_20181231",0.6547899159663866,2.8578388409931614,17,10.088456216643605,1.6134986426521145,2,"MN"
55468,5.042545454545455,"NM",8840,742,"8840_20181231",0.34254691169183704,2.3599609790445735,11,11.053820751984242,1.041536780184396,2,"MN"
87973,7.331083333333333,"SM",8842,896,"8842_20181231",0.03027493424662718,2.236508227754631,12,7.936561158798283,1.5439626584799353,4,"MN"
360848,5.820129032258064,"N",8843,4721,"8843_20181231",0.10866917005371583,2.1214104751213325,62,10.711471207697766,1.2237819554057248,4,"MN"
46083,5.120333333333333,"NM",8845,609,"8845_20181231",1.7000675523530735,2.17706498728007,9,13.857954905648418,1.8279340342637562,2,"MN"
69884,4.36775,"NM",8848,977,"8848_20181231",1.1714564632491251,2.8759491233770142,16,7.690287565107017,0.8648905575009327,2,"MN"
61756,4.411142857142857,"NM",884,944,"884_20181231",1.6332346815740435,3.0955393701722307,14,10.75161429186397,0.7293599611912653,8,"GA"
276484,2.5134909090909088,"SM",8850,8686,"8850_20181231",0.20995655886032788,4.889843739185992,110,8.992501592433797,1.2807427433684409,4,"MN"
136586,4.709862068965518,"NM",8851,1899,"8851_20181231",0.3415319110386375,3.4176028234217,29,9.677373048627311,1.876312865248803,4,"MN"
296376,6.174500000000001,"NM",8853,4527,"8853_20181231",0.972256887779591,2.5931681966064013,48,9.435489906584023,1.868497166100831,4,"MN"
24917,4.152833333333334,"NM",8857,414,"8857_20181231",1.1916326662780907,2.7989126063667222,6,22.951826970342452,1.6769347081248893,2,"MN"
44720,5.59,"NM",8858,723,"8858_20181231",0.5221674876847291,2.653880858441995,8,13.020189534404613,0.9952053219157481,2,"MN"
101049,3.3683,"NM",8863,2281,"8863_20181231",0.5016011207845492,4.1704877032096705,30,11.49215688249932,0.7367653188828679,4,"MN"
43366,4.818444444444444,"NM",8864,696,"8864_20181231",1.5440640932265113,2.7027898131990074,9,13.291396589251118,1.2731199034915257,8,"MN"
53514,4.4595,"NM",8865,1013,"8865_20181231",0.0407859696264485,3.504800775630199,12,10.495794769384386,0.8053418402451992,8,"MN"
1766499,4.427315789473684,"N",8866,35185,"8866_20181231",1.9011117122196906,3.233344873633711,399,11.925736222048366,1.274732159048891,4,"MN"
176649,4.308512195121951,"NM",8867,3343,"8867_20181231",1.1255586193781495,2.9358876187979592,41,9.793712886612445,2.3995290622405876,2,"MN"
975235,4.688629807692307,"SM",8870,15383,"8870_20181231",1.3780017865642544,2.9309314854013344,208,10.742113421612439,1.1082458542207525,4,"MS"
44830,2.0377272727272726,"NM",8871,1453,"8871_20181231",1.3756613756613756,4.802724733075657,22,9.143493255336796,-0.3061497837817152,4,"MS"
1178729,3.8646852459016396,"NM",8878,20322,"8878_20181231",0.40663082231826575,2.922032251051804,305,8.713567090475651,0.8135198449617563,4,"MS"
3239014,4.058914786967419,"NM",8879,56480,"8879_20181231",0.6833212278756834,2.8730323171505776,798,8.204035519524254,0.9056643171344574,4,"MS"
165383,9.187944444444446,"NM",8884,1354,"8884_20181231",0.009855407098708942,1.2982686424140186,18,11.479027329246447,1.5827523045672105,2,"MO"
51495,3.2184375000000003,"SM",8885,937,"8885_20181231",4.598834343375765,3.5076963669733314,16,11.110687895177877,1.0243715053992914,4,"MO"
1419839,3.6406128205128203,"SM",8888,43348,"8888_20181231",0.9118932228315108,4.643323782057621,390,10.013486437310554,1.5853776725204156,4,"MO"
661538,5.168265625,"NM",8889,11711,"8889_20181231",0.48916695535308086,3.2147768302266275,128,9.517195778183515,0.5725413280839554,4,"MO"
495007,4.159722689075631,"NM",8892,7397,"8892_20181231",1.9908660430894651,2.5313680740877746,119,9.403145584083884,1.142965426585991,4,"MO"
27316,3.902285714285714,"SM",8893,407,"8893_20181231",3.5511577678436885,3.085869216224894,7,12.403779504578454,0.29253326674039454,4,"MO"
94885,3.7954000000000003,"NM",8896,1478,"8896_20181231",0.001491735783757981,2.9709395692632596,25,7.698324612864013,1.3683261103900388,4,"MO"
287783,3.307850574712644,"NM",8898,5631,"8898_20181231",0.12584213749808607,3.194834370437178,87,9.546654289257287,0.6228122516656447,4,"MO"
79062,3.437478260869565,"NM",889,1382,"889_20181231",0.6018115443950571,3.9625914106987272,23,9.627313530687378,2.228114707445302,4,"GA"
521255,4.4935775862068965,"NM",88,8172,"88_20181231",0.37698393531622215,2.9073349715060774,116,9.456070606812093,0.9538098941607657,4,"AR"
457301,3.9085555555555556,"SM",8903,7649,"8903_20181231",1.1202863825660334,2.872729227131033,117,10.163649655444255,1.4027732989358273,4,"MO"
882086,5.582822784810126,"NM",8904,13349,"8904_20181231",0.008421510643561317,2.7374489493825114,158,12.741840111484185,2.0343839280134404,2,"MO"
70719,4.4199375000000005,"NM",8908,926,"8908_20181231",1.1932040462750795,2.572988259292312,16,9.170145548911204,0.46794775211228423,8,"NY"
587500,8.047945205479452,"NM",893,4382,"893_20181231",0.5322211223445894,1.3053914429015725,73,18.699910952804988,2.247860451618555,8,"TN"
611574,3.0578700000000003,"NM",8941,19470,"8941_20181231",0.5176976994444928,4.635454011562066,200,9.775447743894858,1.885719530533474,2,"ND"
187287,7.203346153846154,"NM",8942,2291,"8942_20181231",0,1.9293398236527104,26,11.839174774352362,1.467034489926724,2,"ND"
162470,6.769583333333333,"NM",8943,2201,"8943_20181231",1.3990504182681438,2.4553291863232163,24,8.619007803790414,1.04958147204943,2,"ND"
31378,5.229666666666667,"NM",8946,544,"8946_20181231",0.3333752673292238,3.0955120063306714,6,8.377281947261665,0.43889106856675464,2,"ND"
85846,3.179481481481482,"NM",8975,1640,"8975_20181231",0.11474908200734395,3.4066703969981806,27,8.336435551419266,2.131226166237992,8,"OK"
249759,4.16265,"NM",8980,3790,"8980_20181231",1.7521216319248918,2.9069398213497926,60,10.15088709710748,1.5842949040913084,2,"OK"
195698,3.6240370370370374,"NM",898,3428,"898_20181231",0.760910303231036,3.215957866754611,54,12.99189726341538,1.18524736792137,4,"MS"
78586,4.365888888888889,"NM",899,1147,"899_20181231",1.611364070125692,2.206012989320331,18,11.653393913673016,0.8476123734133487,2,"IL"
613362,4.350085106382979,"NM",89,12270,"89_20181231",0,3.1620130648505893,141,11.856462233593282,0.8369892039539621,4,"AR"
38095,4.761875,"NM",9003,533,"9003_20181231",1.9819959046478386,2.1802876031984764,8,10.855471220746363,1.0603880154513683,2,"SD"
122988,4.555111111111111,"NM",90040,1885,"90040_20181231",0.6637168141592921,2.7712363330529857,27,8.11525997136086,1.0437342304457526,4,"CO"
105287,7.5205,"NM",9005,1028,"9005_20181231",0,1.9760792432790215,14,12.462786649799785,1.6133811543227454,2,"SD"
87210,3.6337500000000005,"NM",9007,1522,"9007_20181231",0,3.034747076499072,24,11.465536471113094,2.428276139256254,2,"SD"
579759,5.856151515151515,"SI",90140,9149,"90140_20181231",0.47057728194561954,2.7862520742903936,99,8.46036199015932,0.44529308183392635,5,"MA"
973897,7.917861788617887,"SI",90141,16801,"90141_20181231",0.700772419523895,2.792349420687637,123,12.687423566494996,1.0083634789397606,4,"MA"
441932,4.803608695652174,"SI",90146,6939,"90146_20181231",0.25117268285045113,2.8718574318243277,92,12.560549145770716,0.6307437732442275,5,"MA"
2805410,11.887330508474575,"SI",90160,32471,"90160_20181231",0.4527069903788013,1.9296403947130767,236,12.474082848719863,1.045907979711076,4,"MA"
612603,5.620211009174312,"SM",90169,10804,"90169_20181231",0.020675117176759465,3.149106120145832,109,9.21124140813289,0.5465320975682278,4,"MA"
1077667,6.997837662337662,"SM",90173,16667,"90173_20181231",0.14891946402910658,2.4997981741296758,154,10.871212514402567,0.6348513291891755,4,"MA"
627483,5.363102564102564,"SI",90175,14953,"90175_20181231",0.09324889555931035,3.4041057393349816,117,11.42761839167081,0.6100043742441118,4,"MA"
575198,5.810080808080808,"SI",90181,9443,"90181_20181231",0.6831486243337269,2.6579537021179425,99,10.862205268736773,0.9694154250156991,4,"MA"
4838114,9.486498039215688,"SI",90183,62135,"90183_20181231",0.46094786453250863,2.1055798275374196,510,12.704299847911996,0.8656765492011128,4,"MA"
1370984,6.889366834170854,"SM",90188,16272,"90188_20181231",0.3817859002356079,2.1281839398248783,199,10.536342955980386,0.8945915777830075,4,"MA"
838488,7.4865,"SM",90190,12052,"90190_20181231",0.08331895590407379,2.828102324065245,112,12.180194581750655,0.8500654384473569,4,"MA"
447540,6.303380281690141,"SI",90191,7398,"90191_20181231",0.23378359473365146,2.845133301753764,71,11.776821361447524,0.5331338577492789,4,"MA"
1682487,4.133874692874693,"SI",90196,38419,"90196_20181231",0.35337304264290303,4.08918861370563,407,8.860734606809087,0.5545685964806346,4,"MA"
631053,8.644561643835617,"SI",90203,6976,"90203_20181231",1.1930971843778382,2.139670134591997,73,20.091346980904866,1.23766660616643,8,"MA"
856280,5.633421052631578,"SI",90206,12569,"90206_20181231",0.5283119002149663,2.77866703717152,152,11.651998543986108,0.9157581300390868,5,"MA"
753767,6.030136000000001,"SI",90208,13159,"90208_20181231",0.061530681051921776,2.862646418174342,125,12.187543293684564,0.7172977141367504,4,"MA"
2408613,25.08971875,"SI",90211,12658,"90211_20181231",0.0240222784389671,0.8633929071999243,96,9.09384530418411,1.308976160090295,4,"MA"
2867537,9.220376205787781,"SI",90213,30225,"90213_20181231",0.5030541765643561,2.299992451144852,311,8.810442112178082,0.7592284754186851,4,"MA"
1600728,7.020736842105263,"SI",90215,24848,"90215_20181231",0.7391397160849611,3.227013129671466,228,9.421077128164136,0.8348245880255188,4,"MA"
1127653,5.220615740740741,"SI",90227,20127,"90227_20181231",0.09492195001508874,2.8336405697683626,216,12.716298893486547,0.7808480011076212,4,"MA"
250973,5.975547619047619,"SM",90229,3721,"90229_20181231",0.3859977970588803,2.7626601962181754,42,8.775213142025368,0.5980487696365763,5,"MA"
212784,4.25568,"SM",90234,4880,"90234_20181231",0.2998678548436282,3.533129614515915,50,9.555708177755422,0.2989352212120637,5,"MA"
1031589,5.429415789473684,"SI",90235,16575,"90235_20181231",0.39381170838735413,2.9526701216364426,190,10.845482356587274,0.6282360763679515,4,"MA"
484353,4.286309734513274,"NM",9023,7734,"9023_20181231",0.22427802789063359,3.2825541306122736,113,10.61331755297618,0.7779102891838604,4,"WV"
421885,5.2735625,"SI",90245,5893,"90245_20181231",0.12459469196589408,2.86647480699831,80,9.039712988514276,0.8699668559885086,4,"MA"
141926,3.461609756097561,"NM",9024,2547,"9024_20181231",1.6702122048559223,3.5139482607760586,41,10.746990025313188,0.9199164489015504,5,"WV"
3470490,17.09600985221675,"SI",90250,25745,"90250_20181231",0.17249347930700837,1.3190893897551836,203,9.468671197661399,1.1490013291466168,5,"MA"
874944,6.386452554744526,"SI",90251,17385,"90251_20181231",0.21166465185696262,2.978385306415974,137,14.244199834570201,0.6299404392532578,4,"MA"
889548,5.2635976331360945,"SI",90253,19055,"90253_20181231",0.7692124502869663,3.5008278893743783,169,11.394185013283536,0.7915863241576905,4,"MA"
314124,4.688417910447762,"SM",90258,5522,"90258_20181231",0.36355707445577684,3.095767357874357,67,11.789359658002823,0.457944108003103,5,"MA"
554783,6.376816091954023,"SI",90259,7518,"90259_20181231",0.42551542584237284,3.028569195124758,87,8.962818216753554,0.2962160346788092,5,"MA"
384568,5.573449275362319,"SI",90268,5964,"90268_20181231",2.878334955160561,2.7293795164383567,69,10.59740696058519,0.47159329793985666,4,"MA"
615040,3.170309278350515,"SI",90270,19900,"90270_20181231",0.6957667387429118,5.581460921667107,194,10.882265966544386,-0.3676094810115429,4,"MA"
1158222,6.656448275862068,"SM",90282,19211,"90282_20181231",0.2349595869510444,2.9729510522117235,174,9.729622145975485,0.3356628428255228,4,"MA"
1762949,6.70322813688213,"SI",90290,25175,"90290_20181231",0.6011480676666231,2.5778923222401002,263,8.719451275411245,0.601829168517536,6,"MA"
603861,5.440189189189189,"SI",90291,10976,"90291_20181231",0.4141989392514876,3.183928102241415,111,11.00761123331669,0.4982045771492862,4,"MA"
849359,5.700395973154363,"SI",90297,15214,"90297_20181231",0.4033144687036532,3.073076862219095,149,12.335439180831358,0.7733812730727239,4,"MA"
257078,3.9550461538461543,"NM",902,3931,"902_20181231",0.7512435434677293,2.5688370485463494,65,10.25916710980348,1.3303462169593065,4,"IL"
2116384,7.374160278745645,"SB",90300,24493,"90300_20181231",0.7941152377601648,2.0972420518258152,287,10.58504844621665,0.8554883990163334,4,"MA"
1418126,6.951598039215686,"SM",90303,20547,"90303_20181231",0.6567241767807238,2.5545408484746743,204,10.299931110096324,0.7348062471310245,4,"MA"
542386,6.779825,"SI",90308,7503,"90308_20181231",0.416394281329051,2.2171131629311795,80,12.832390381895332,0.44372068174273815,5,"MA"
112054,3.735133333333333,"NM",9030,1406,"9030_20181231",0.48014049247094875,2.798805460138334,30,10.835952458364943,0.9448996952631183,5,"WV"
418121,5.889028169014084,"SI",90311,5416,"90311_20181231",0.8190927055496945,2.875643012236055,71,8.770843087117802,0.3613983785648015,4,"MA"
69805,5.369615384615385,"NM",9035,1207,"9035_20181231",1.5598548972188633,2.6994156210139124,13,14.746995103131027,1.370472546053217,8,"WI"
95320,5.607058823529412,"NM",9036,1934,"9036_20181231",4.588941379207891,2.965399083132954,17,18.900450380493865,1.1015551116822093,4,"WI"
364816,5.612553846153847,"NM",9037,5263,"9037_20181231",1.1649131442400378,2.292214746609311,65,10.616037806951187,0.9562698864141352,2,"WI"
290251,5.3750185185185195,"SM",90384,3246,"90384_20181231",2.195201339161164,2.194207850753304,54,17.791365043011194,1.2147694141062912,5,"PA"
915767,5.087594444444445,"NM",903,19399,"903_20181231",1.2589730619800465,4.308336472231117,180,9.980378227370432,0.7162152498964961,4,"IL"
400174,6.2527187500000005,"NM",9047,5245,"9047_20181231",0.039010230747612194,1.9217017561027017,64,11.220963443728465,1.6848449265216923,2,"IA"
3031968,2.4139872611464965,"NC",90544,180739,"90544_20181231",0,11.170046790320733,1256,19.688115917190487,2.564301597186867,9,"NY"
91023,7.585249999999999,"NM",9057,884,"9057_20181231",0.2568493150684931,2.3452157598499066,12,9.694505901714386,0.3765404421847181,7,"AL"
333612,3.23895145631068,"NM",9064,10090,"9064_20181231",1.3329393888232315,4.870742308284841,103,9.205657807673706,1.0793208315289053,4,"GA"
223068,3.4318153846153847,"NM",9068,4365,"9068_20181231",1.1231807971083663,3.370224579877959,65,12.261315658056022,1.1919470173938966,4,"GA"
185617,3.788102040816326,"NM",9069,2708,"9069_20181231",3.986392872027665,3.1028422855812354,49,13.90338008251165,0.41023821535288807,4,"GA"
48765,2.2165909090909093,"NM",9070,1176,"9070_20181231",1.2182351298519967,4.951817821372546,22,8.943797846517706,0.36201279111861956,8,"GA"
229095,3.8829661016949153,"NM",9079,3374,"9079_20181231",0.8074283407347598,2.979094447539198,59,10.10629227533678,0.6772483581051594,4,"IL"
185535,3.1446610169491525,"NM",9080,3607,"9080_20181231",0.8604495259424059,3.4481435763657737,59,10.3242146242196,0.6109848647258072,4,"IL"
6289875,5.455225498699046,"SM",9087,93601,"9087_20181231",0.611068768912142,3.0428195843501444,1153,10.823232380013202,1.399144382120075,4,"IN"
924303,5.601836363636363,"SM",9092,14271,"9092_20181231",0.5965024926352069,3.2269259768483614,165,10.591784611530732,1.0259679780015079,4,"IN"
93667,11.708375,"NM",9096,835,"9096_20181231",1.8505489471014613,1.4893097941802698,8,13.004411043947067,1.285264371894961,2,"IA"
422134,6.808612903225806,"NM",9099,4371,"9099_20181231",0.397444996451384,1.8210529609863777,62,12.305877632510798,1.2671543670366545,8,"IA"
213142,5.32855,"SM",90,3066,"90_20181231",1.3114861597226206,2.5751772013973917,40,9.673091859069407,1.2581018388506342,4,"AR"
209438,4.759954545454546,"NM",91005,3357,"91005_20181231",0.00801249949921878,2.8519296672201078,44,17.174643372784658,1.1940220616233288,4,"CO"
578799,5.310082568807339,"NM",9100,6041,"9100_20181231",0.3624239756800075,1.994188772098491,109,9.940865061658354,1.959853097706751,2,"IA"
15780,5.260000000000001,"NM",9102,235,"9102_20181231",0.04906771344455348,2.512409223170404,3,8.216077327786614,0.6112917817932856,7,"IA"
49276,7.039428571428572,"NM",9104,593,"9104_20181231",0,1.7860662199448165,7,21.03963990126325,1.591036000525555,2,"IA"
141370,7.0685,"NM",9105,1345,"9105_20181231",0.19465054502152607,1.9970930147713375,20,11.76735507945699,1.1105500798253474,2,"IA"
51408,7.344,"NM",9106,667,"9106_20181231",0.48426150121065376,2.217860566932892,7,11.54402624661219,1.2323733576927665,2,"IA"
39737,3.3114166666666667,"NM",9120,1031,"9120_20181231",0.4362918378395592,4.327110073901206,12,9.589076124478993,0.6422854101414563,2,"ND"
77754,4.573764705882353,"NM",9121,1208,"9121_20181231",0,3.0645757268031515,17,9.448869641430155,1.140818029834394,2,"ND"
56353,5.123,"NM",9122,909,"9122_20181231",2.625125404079813,2.72377582304232,11,11.571854347544383,0.5748402624566632,2,"ND"
1097329,5.432321782178217,"NM",9123,20472,"9123_20181231",1.11249122978772,3.078630370898555,202,11.321147485681522,1.8341021441125724,4,"ND"
21991,7.330333333333333,"NM",9127,236,"9127_20181231",0,2.2384789773484974,3,12.429540460494888,0.08572898211121906,2,"ND"
202861,1.7047142857142858,"SM",91280,10157,"91280_20181231",2.7828185419893017,8.688229720241242,119,10.695456814777833,0.0998199345765541,4,"AR"
41013,6.8355,"NM",9128,645,"9128_20181231",0.5734792245716497,2.6133659258817628,6,9.23414987389817,0.7353196901720549,2,"ND"
234794,1.082,"N",91325,69904,"91325_20181231",0,43.464622477555146,217,72.04959001085004,11.775771999220728,7,"GA"
255780,5.22,"NM",9137,4051,"9137_20181231",0.024144175217728724,3.0126804792299553,49,9.999045323277405,0.9523159367853364,4,"OH"
731579,4.3034058823529415,"SM",9139,10723,"9139_20181231",0.6062846715062595,2.543601090786627,170,9.91418337773233,1.3573244429538807,4,"OH"
131695551,7.143390702972446,"SM",913,2044429,"913_20181231",0.3867769938110264,2.935583437916449,18436,7.270408718241342,1.1549257345776867,1,"IL"
411180,2.723046357615894,"NM",9155,13582,"9155_20181231",0.5918427465788275,5.715376330086286,151,8.358569223357291,0.9843723491977071,4,"SC"
311746,3.7112619047619044,"NM",9168,5298,"9168_20181231",3.470466263410278,2.9465964084628773,84,14.346902620846963,0.9979326942396736,4,"TN"
424576,5.177756097560976,"NM",9172,6063,"9172_20181231",0.13439715305185648,2.5336885192645053,82,10.191238845637983,1.6399194334351244,4,"TN"
559994,3.943619718309859,"NM",9176,10094,"9176_20181231",2.4476558115223623,3.7804392402192715,142,10.99674825384318,3.910496021911087,5,"TN"
82047,5.4698,"NM",9179,1270,"9179_20181231",1.9336736418647102,2.7183227329854898,15,12.261713985027148,2.1982233309212784,8,"TN"
40434,3.110307692307692,"NM",9188,639,"9188_20181231",0.6007372684658444,2.883858267716535,13,12.328565830721002,1.1466535433070866,4,"TN"
41531,1.9776666666666667,"NM",9189,4038,"9189_20181231",3.809486445133195,13.426746949103832,21,5.705475810738968,-1.5017909338791418,4,"TN"
91898,3.829083333333333,"NM",9196,1609,"9196_20181231",1.0873206834587152,3.27261473357053,24,10.599508654134754,0.5234866626133946,7,"TN"
1086881,4.605427966101695,"NM",9204,19478,"9204_20181231",0.17061365020987856,3.142878026387086,236,16.269985259612696,1.9161571023207196,4,"UT"
49748,2.4874,"NM",920,707,"920_20181231",0.1883390102183931,2.630960573356384,20,11.545795657255336,0.5979455848537237,2,"IL"
238733,3.563179104477612,"NM",9244,3853,"9244_20181231",1.2177012177012176,3.111468561001525,67,11.979880529972117,1.3258549282515626,2,"GA"
272552,4.955490909090909,"NM",9245,3695,"9245_20181231",2.8804313217719852,2.3440253381465737,55,13.40937916039735,0.9042177032330506,5,"GA"
373415,5.5733582089552245,"SM",924,4933,"924_20181231",0.3449079468655325,2.9187790907988105,67,10.958869976411698,0.9997016468438498,4,"IL"
143939,3.7878684210526314,"NM",9259,2368,"9259_20181231",0.05426099538781538,2.356574139717511,38,15.7364309154069,0.8943665812292088,2,"IL"
80516,3.2206400000000004,"SM",925,1824,"925_20181231",0.23905767809797016,3.762780180888714,25,9.721583779552994,0.35882815572158866,4,"IL"
560757,4.918921052631579,"NM",9260,10364,"9260_20181231",1.9835250551953836,3.202606512715702,114,9.338600789757349,1.073912361916267,4,"IL"
435474,4.398727272727273,"N",9263,6698,"9263_20181231",0.09000247657821457,2.5278056336433097,99,8.815348653316594,1.018565706050294,7,"IL"
57747,4.81225,"NM",9264,890,"9264_20181231",0.4477014067249464,2.4290011438900736,12,15.437374880320306,1.2003784722712572,2,"IL"
99495,5.852647058823529,"SM",9265,1199,"9265_20181231",2.1165682703177993,2.1141395811248658,17,14.462896573762471,1.4453607712317307,2,"IL"
352234,3.9137111111111107,"N",926,5626,"926_20181231",0.9940394202757226,2.8399721268417886,90,12.302380365176422,1.0455587401584734,4,"IL"
69261,3.46305,"NM",9273,1104,"9273_20181231",0.3301577199228306,2.340450791174126,20,11.686416184971097,1.454301850312908,8,"IL"
44825,7.470833333333334,"NM",9274,384,"9274_20181231",3.7925003199522203,2.0506441063419327,6,13.886670165909765,1.5768578495449221,2,"IL"
711379,6.132577586206897,"SM",9288,8522,"9288_20181231",0.7876892579442667,2.344827344213286,116,9.794826098881968,1.937501681351444,2,"IN"
157885,5.63875,"NM",9293,1713,"9293_20181231",0.299392293126865,2.0871451853184957,28,9.958281238039346,0.6761350570403032,4,"IA"
33596,4.799428571428572,"SM",9295,461,"9295_20181231",0,2.079891966191205,7,11.981965842589275,0.6752113049664202,7,"IA"
598700,5.927722772277228,"SM",9298,8892,"9298_20181231",0.714502944798018,2.400066584974177,101,11.126094499989874,1.6700448749153698,4,"IA"
226265,6.856515151515152,"NM",9299,2110,"9299_20181231",0.15633774056868652,1.7153288265664688,33,11.739640415666294,1.385423465089567,2,"IA"
74578,7.457800000000001,"NM",9300,744,"9300_20181231",0.16548764298314209,1.4144655573564429,10,15.287745429925526,1.814914059679044,2,"IA"
134130,3.945,"NM",9306,2080,"9306_20181231",0.7427993420044343,3.3829467070692303,34,12.881971705229454,0.07229876710739783,2,"KY"
141880,3.0843478260869563,"NM",9307,2396,"9307_20181231",3.2961383197501712,3.225783756402319,46,12.896091221221292,0.41509540158721225,7,"KY"
223491,3.492046875,"NM",9309,3761,"9309_20181231",1.6402058201640206,3.2642847735696408,64,10.8137995057953,1.1122847664022806,2,"KY"
139441,4.498096774193549,"NM",9310,2088,"9310_20181231",0.3294931689005519,3.3051080111871793,31,13.31004783974804,0.6827553862608169,8,"KY"
116750,3.0723684210526314,"NM",9313,1957,"9313_20181231",1.3941652495869363,3.7296180994359336,38,13.051299758719765,1.6867189292673987,8,"KY"
1065453,4.978752336448598,"NM",9314,14782,"9314_20181231",0.2601784528856156,2.6488066820171903,214,9.601857862788535,1.0459239976895949,4,"KY"
125860,4.661481481481482,"NM",9315,1743,"9315_20181231",0.05974350123469903,2.5805068937872573,27,17.74984001490494,1.1136423168205234,8,"KY"
415850,4.5201086956521745,"NM",9319,6681,"9319_20181231",0.8650957989245639,2.8466697103829337,92,10.770430683096825,0.741540788880636,4,"LA"
45488,3.249142857142857,"NM",931,859,"931_20181231",0.01986491855383393,3.5633193195324,14,9.15302647478853,0.5454738970783886,2,"IL"
166505,3.2648039215686273,"NM",9320,3919,"9320_20181231",0.9802082356251759,3.848017715726388,51,11.762241329058583,0.6723142701157534,4,"LA"
382804,4.301168539325843,"NM",9322,6803,"9322_20181231",0.8690921863086926,3.110805861311446,89,11.923440180412868,1.1301481228333536,4,"LA"
139054,3.862611111111111,"NM",9323,2446,"9323_20181231",5.118525600870397,3.010028228762146,36,13.788729842362745,1.0810864457989335,8,"LA"
278968,17.4355,"NM",9325,1711,"9325_20181231",3.8512926715211435,1.3294788577964196,16,12.218788470826631,1.6675709974731268,7,"LA"
190355,3.8847959183673466,"NM",9326,3551,"9326_20181231",0.2896181545531192,3.2008345753874625,49,10.798958333333333,1.246126437746264,4,"LA"
314264,3.2735833333333333,"NM",9327,5930,"9327_20181231",2.6320102936476064,3.42356484463089,96,13.456510705130864,1.293295761802962,4,"LA"
88383,5.199,"NM",9328,1304,"9328_20181231",1.7034029138179319,2.9889166964604934,17,8.848907032760746,0.7281611250148968,4,"LA"
84432,4.2216000000000005,"NM",9330,1701,"9330_20181231",0.07987763426240653,2.911032475150017,20,10.374163706946394,1.6618954055893758,2,"MN"
89113,8.101181818181818,"NM",9332,1312,"9332_20181231",1.8290222800017932,2.1949048461425784,11,12.497313439589155,1.2236481842458113,8,"MN"
68588,17.147000000000002,"N",9336,206,"9336_20181231",0.8244793880152996,1.2803056787306728,4,17.055355483271377,1.2128404693125294,4,"MN"
76217,4.234277777777778,"NM",9337,1253,"9337_20181231",0.182164618187148,2.7413246432975162,18,8.790534985158656,1.5605733662145498,2,"MN"
61696,5.141333333333333,"NM",9340,950,"9340_20181231",0,2.327568517798243,12,15.132404568632746,0.9555281283592787,2,"MN"
33372,5.562,"NM",9349,531,"9349_20181231",0,3.0193735759064024,6,9.735487518224286,0.10330212625290723,2,"MN"
37048,3.3680000000000003,"NM",9351,722,"9351_20181231",2.2051733534565883,3.1058203019503385,11,10.820556653667397,1.159718066712914,8,"MN"
29897,4.271,"NM",9354,419,"9354_20181231",0,2.4220323300495292,7,13.850810660357665,1.1804005878190824,2,"MN"
150301,3.0060200000000004,"NM",9356,2904,"9356_20181231",0.25711869185226954,3.2207346642256516,50,10.813761534262433,1.0744620067317927,4,"MS"
477285,7.954750000000001,"NM",9359,5569,"9359_20181231",0.6540510747749403,1.9264632110170141,60,9.350021213406873,1.4602334336782608,8,"MS"
297303,2.498344537815126,"NM",9366,10567,"9366_20181231",1.5243026776848654,5.310641335829757,119,9.246430612044804,1.985331562774999,2,"MS"
335784,4.418210526315789,"SM",9369,5524,"9369_20181231",0.5883053197086122,2.688519336096905,76,12.863809291778331,2.3605678033582733,2,"MO"
18836,3.7672000000000003,"NM",9374,325,"9374_20181231",0.6620025577371549,2.6865213386552043,5,10.759760075765548,0.6908197727970524,2,"MO"
17491,2.4987142857142857,"NM",9377,360,"9377_20181231",1.4961799660441426,4.820182857395554,7,7.241419294990724,-0.29296982963528023,2,"MO"
222158,4.443160000000001,"NM",9378,3556,"9378_20181231",0.3608367597812725,3.0559454030105395,50,10.230631956080483,1.9180494785216984,2,"MO"
91855,4.8344736842105265,"N",9385,961,"9385_20181231",0.09581337221412205,1.8386880712140528,19,11.806916677555643,0.9139424842814856,2,"MO"
141121,2.7138653846153846,"NM",9388,3154,"9388_20181231",3.700429286254637,4.1228349803421525,52,13.62845116644075,0.9917472461304148,2,"MO"
81444,4.286526315789474,"NM",938,1342,"938_20181231",0.3434958955151468,2.90720789970193,19,13.448437000418112,0.23132362898581454,2,"IL"
159344,4.426222222222222,"NM",9392,2241,"9392_20181231",2.3836303412409325,2.455525125491687,36,16.515088747968516,1.3745251229055626,4,"MO"
31829272,9.971576441102757,"N",9396,333816,"9396_20181231",0.6248229002995698,2.0983525240175593,3192,8.093722666575115,0.9190690200397372,4,"NJ"
46455,4.6455,"SM",939,614,"939_20181231",0.27680534071480906,2.776117970838767,10,8.749485897352642,0.684761227685289,2,"IL"
62570,4.171333333333333,"NM",93,867,"93_20181231",0.2194812261926356,2.6678956729458503,15,8.311998091754791,2.4001324210990953,4,"AR"
21250,2.65625,"SM",9406,409,"9406_20181231",1.0488245931283906,4.09514681536987,8,8.166708850080148,0.46179315152043215,7,"NY"
483741,4.83741,"SM",9410,7416,"9410_20181231",0.4085560098526769,2.9080539669235526,100,11.20877293279975,1.1577007594483522,4,"NY"
39476,6.5793333333333335,"NM",9417,661,"9417_20181231",0,2.6957356369121075,6,10.57702007464945,2.0101467160290687,2,"ND"
153496,6.13984,"NM",9420,2631,"9420_20181231",0.3119370437091116,2.648942111620537,25,9.97762892716683,0.6799319418648448,2,"ND"
45876,3.5289230769230766,"NM",9422,746,"9422_20181231",0.6370106761565836,3.302060918184519,13,10.581100452089535,1.42481565181377,2,"ND"
2142520,6.139025787965616,"NM",9423,28733,"9423_20181231",0.6742899792243381,2.695725064543153,349,9.724108181746354,1.5256108880992851,2,"ND"
462781,3.6439448818897637,"NM",9437,6806,"9437_20181231",0.5999551033085171,2.761593079790477,127,9.839979103506158,1.0607013194205832,8,"OH"
16751,3.3502,"NM",9438,267,"9438_20181231",0.7631210091885999,2.951676505588352,5,11.670864819479428,0.30916769722565746,7,"OH"
64863,3.815470588235294,"NM",9439,887,"9439_20181231",1.4803024273776362,2.7132207849155887,17,11.479502032195091,0.9140797296774442,7,"OH"
32688,1.9228235294117648,"NM",9440,681,"9440_20181231",0.624687656171914,4.2853985868636855,17,7.509592545221999,0.3583608574380782,8,"OH"
1045174,5.199870646766169,"SM",9443,14488,"9443_20181231",0.21921657068612238,2.5277354699041688,201,11.031955248548872,1.2345110200826432,4,"OH"
180599,4.013311111111111,"NM",9450,1797,"9450_20181231",0.2594687766459764,2.1705051090003007,45,38.38890708350217,1.0592381628862855,6,"OH"
678137,6.5205480769230775,"SM",9457,7705,"9457_20181231",0.1304273483881486,2.0449878329555173,104,12.416994101680915,1.4460533159351088,4,"OH"
156842,5.601500000000001,"NM",9462,2355,"9462_20181231",1.3965181753999276,2.9605702304323587,28,10.029781857562787,1.2453503864970774,4,"OH"
592197,4.775782258064516,"NM",9463,6614,"9463_20181231",0.34148353727150016,2.5233112372755935,124,8.390987196271515,1.3715464545776772,4,"OH"
414960,9.020869565217392,"NM",9465,3316,"9465_20181231",3.9721216245776922,1.556177631388395,46,13.248220048148337,1.4614095895095591,2,"OK"
82938,5.183625,"NM",9467,2265,"9467_20181231",0,4.130168950113548,16,10.17861261307434,2.6478001547253625,4,"OK"
269736,3.8533714285714282,"NM",9472,5878,"9472_20181231",0.5706773894215899,3.3630515994241765,70,12.771276595744682,1.650932376296883,2,"OK"
225144,3.8817931034482758,"NM",9486,4270,"9486_20181231",0.13097727429398653,2.9923213368600035,58,12.40240732293821,1.73166536552749,4,"OR"
214025,4.2805,"NM",9489,2962,"9489_20181231",2.843693981672997,2.990986985651874,50,8.52085208520852,0.9032039708932007,4,"TN"
92781,2.811545454545455,"NM",9499,1907,"9499_20181231",4.415100045360617,5.23573221549346,33,2.6748730180703006,-1.671374959613616,4,"TN"
110051,3.7948620689655175,"SM",94,1638,"94_20181231",1.5224665391969407,2.6408212032094744,29,11.07433947814671,0.6977118305536325,4,"AR"
41272,1.5285925925925925,"NM",9502,2421,"9502_20181231",1.9627749576988156,11.309642014714644,27,14.028916597933142,-5.29397803943602,4,"VA"
377255,3.3385398230088494,"SM",9507,6464,"9507_20181231",1.1061880347757327,3.2468818158987007,113,11.620444227892733,1.1460349119905628,8,"VA"
322613,6.087037735849057,"NM",950,5192,"950_20181231",0.07773273497204786,2.6818572957250955,53,11.366684633415645,1.137709530024037,2,"IA"
122386,4.220206896551724,"NM",9517,2208,"9517_20181231",1.122451576777215,3.4122449262456125,29,10.739107247162002,0.8281559150776352,8,"WI"
232548,7.7516,"NM",951,2953,"951_20181231",2.431616748166259,2.0214329842591217,30,11.551518157022745,1.4553426005746486,2,"IA"
101109,4.04436,"SM",9523,1714,"9523_20181231",0.5139984033837061,3.533464586968428,25,10.829251915633147,0.2086892078157671,4,"WI"
98236,7.556615384615385,"NM",9526,972,"9526_20181231",0.036017413636506,2.030179024877649,13,9.655732480802639,1.2717788144348487,8,"WI"
180547,8.59747619047619,"NM",9529,2148,"9529_20181231",1.5114864581439897,1.7100162312400826,21,19.17331996100991,1.5328242471328406,2,"WI"
388747,4.683698795180723,"NM",9536,7245,"9536_20181231",0.5176424734784356,2.993902196006536,83,9.363822041611106,1.4026277682568784,4,"WI"
4512819,8.001452127659576,"NM",953,60692,"953_20181231",0.5220759031868196,2.191935154472187,564,9.557051353801912,1.3020136390540693,4,"IA"
204125,4.4375,"SM",954,3716,"954_20181231",1.5460575235715772,2.703365700228326,46,13.068090492646467,1.3626075461841527,2,"IA"
284755,3.199494382022472,"SM",955,5267,"955_20181231",0.35066006600660066,3.424650161077688,89,8.188522862962703,1.1633189252110085,4,"IA"
177134,5.904466666666667,"SM",956,2447,"956_20181231",0.5975838232443956,2.181072802229439,30,10.088053362876796,0.27752827103341854,2,"IA"
1575399,5.728723636363637,"NM",958,19442,"958_20181231",0.6889296907204379,1.8968182433059657,275,11.013819794174909,1.6852505553814554,2,"IA"
15250,2.5416666666666665,"NM",9614,329,"9614_20181231",1.7203202180207802,3.560151865724111,6,12.514875049583498,0.9843148784946375,7,"AL"
101075,3.062878787878788,"NM",9615,2442,"9615_20181231",1.8308217107819855,4.396043766706717,33,11.548978776214215,0.7718323444124079,2,"AL"
313857,4.548652173913044,"N",961,3900,"961_20181231",1.5242607354567617,2.483512733775388,69,11.664299978523507,1.0948750610936435,4,"IA"
356733,3.9201428571428574,"NM",9620,6409,"9620_20181231",0.10576969960655173,3.200253449380084,91,9.02567536509864,0.9487288285019071,4,"FL"
2942070,3.7288593155893537,"SM",9622,60242,"9622_20181231",0.38594257237405777,3.844345916758743,789,10.525341628296655,1.0093235258109259,4,"FL"
277591,4.550672131147541,"NM",9631,2408,"9631_20181231",0.6484496097795407,2.988276570148768,61,9.868527959065677,1.0111970363050151,2,"IL"
429797,4.7230439560439565,"NM",9632,6546,"9632_20181231",0.8411061820697523,2.737207826536616,91,8.546435465667033,0.7364220528914256,4,"IL"
244728,17.48057142857143,"SM",963,1647,"963_20181231",0.3929649074682471,1.0426040044317955,14,9.815449002832604,1.125429631929571,2,"IA"
480610,3.8448800000000003,"NM",9647,7620,"9647_20181231",0.2768147491198366,2.891535180379941,125,9.973169606563413,0.9074509953199975,6,"IN"
59104,4.925333333333334,"NM",9658,847,"9658_20181231",0.3507810359002466,2.561939148821337,12,11.51307915883057,1.4756769497210902,2,"KS"
88233,5.8822,"NM",9659,1354,"9659_20181231",3.5353974604279004,2.407456198129364,15,12.650381169662234,1.4348131559302681,2,"KS"
62262,6.2262,"SM",9661,627,"9661_20181231",0.9681081638972031,1.8597423110482705,10,14.504026650279764,1.5970218647101158,2,"KS"
306392,3.979116883116883,"NM",9665,4616,"9665_20181231",0.34927448077460127,2.8760117261623246,77,9.720823258057214,1.3671587033820902,4,"KS"
84158,6.473692307692308,"NM",9668,896,"9668_20181231",3.268741436680368,1.9146864745970504,13,24.176658432246793,0.7608264522410124,7,"KY"
86423,4.32115,"NM",9669,1253,"9669_20181231",2.172374752335126,2.96228611852092,20,16.960969409790348,1.4664053173772713,8,"KY"
45830,7.638333333333333,"NM",966,487,"966_20181231",0,1.6274026912739186,6,29.6147812445529,1.0560804698692452,2,"IA"
69972,3.042260869565218,"NM",9672,1421,"9672_20181231",1.5981456630474562,3.8316884463254377,23,9.525782879560179,0.4992092172576185,2,"KY"
527152,3.6355310344827587,"NM",9678,7751,"9678_20181231",0.42159309211177787,2.684320336571722,145,14.113117415922934,1.9977699312395465,4,"KY"
229376,10.426181818181819,"SM",968,1906,"968_20181231",0.027855440580218514,1.5409181949972635,22,10.177789343224731,0.7277920437224503,2,"IA"
123077,7.2398235294117645,"SM",969,1880,"969_20181231",0.07550460471744262,2.13096781934521,17,14.113544241637326,1.3033995223607804,2,"IA"
8850543,7.44995202020202,"NM",9712,124751,"9712_20181231",0.657029710131824,2.7191370074412666,1188,10.456068693521397,1.491484804012975,4,"MA"
457362,3.9427758620689657,"NM",9719,9121,"9719_20181231",0.6715839712399666,3.5367579937636924,116,9.140640137706662,0.9588898864601083,4,"MI"
57249,3.8166,"NM",9727,972,"9727_20181231",2.9610809562305116,2.8525539438962113,15,10.407643085040014,1.5224304756749443,2,"MN"
70391,6.399181818181819,"NM",9728,863,"9728_20181231",0.5580723524391045,2.8718710647665806,11,8.551866105790745,1.0056078491769416,4,"MN"
28764,2.8764,"NM",9733,646,"9733_20181231",0,4.145173859798865,10,8.769109872838978,0.764463576650462,4,"MN"
111034,11.1034,"NM",9735,1142,"9735_20181231",1.0881991785578184,1.7275578056521084,10,8.745557892030376,2.378343660269004,2,"MN"
466891,5.492835294117647,"NM",9737,6197,"9737_20181231",0.13530247034581017,2.13315827692745,85,9.579169848067368,2.3643548226916105,4,"MN"
153493,3.837325,"NM",9745,2915,"9745_20181231",0.08002716073333979,3.300226899091045,40,10.52168738428987,1.0896591078925557,4,"MN"
137185,3.5175641025641027,"N",9746,2859,"9746_20181231",1.0133777343974277,4.0243217431079215,39,10.533574822482741,0.7457138217051146,4,"MN"
47627,4.762700000000001,"NM",9747,702,"9747_20181231",1.9387398191175735,2.2591176740041146,10,15.4671730201647,0.5205340262682291,8,"MN"
488971,7.886629032258065,"NM",9751,5980,"9751_20181231",0.5686977784767422,2.152652385476825,62,12.03530254837128,0.8343920929907104,4,"MN"
33435,6.687,"NM",9752,221,"9752_20181231",2.4696584815128424,1.2164351224564762,5,17.841928084130245,1.0598642651105932,2,"MN"
178467,6.609888888888889,"NM",9757,2508,"9757_20181231",0.3165306249610568,2.3184482488192817,27,7.995113183831217,0.7052358241209241,2,"MN"
304701,4.914532258064517,"NM",9760,5142,"9760_20181231",1.5280028545516717,2.8569853188938827,62,8.456876456876456,0.9455212313422929,4,"MN"
22596,4.5192,"NM",9764,203,"9764_20181231",0,1.6277110036811993,5,11.605284589629898,1.3482946733490044,2,"MN"
72166,6.013833333333333,"NM",9769,1040,"9769_20181231",1.2600477949163589,3.0225222544360086,12,6.557682923328645,0.25364814043321404,8,"MN"
97710,3.6188888888888893,"SM",976,1486,"976_20181231",2.7039170036351754,2.7251401199623535,27,10.691065017949741,0.7304499290620742,2,"MI"
268556,5.067094339622641,"SM",9770,4029,"9770_20181231",0.37892859796418754,2.642576533125971,53,11.614563110603868,1.8237177259252075,2,"MN"
95273,5.014368421052631,"NM",9773,1723,"9773_20181231",4.288399460630083,2.7702547766753223,19,18.517938437121497,-0.1693966380964776,8,"MN"
178222,4.455550000000001,"NM",9775,3034,"9775_20181231",0.380530270255953,2.906074738221714,40,9.738275014999378,1.6458108527418989,4,"MS"
126745,3.4255405405405406,"NM",9777,2584,"9777_20181231",5.198236954200974,3.7409413287617452,37,9.96134359166823,0.5858483888032474,2,"MS"
297479,3.627792682926829,"SM",977,5016,"977_20181231",0.1984144757468536,2.838502910746955,82,11.912482217008519,1.5484306873436,2,"MI"
224420,4.315769230769231,"NM",9788,2524,"9788_20181231",0.4257461711525102,2.0411826205572083,52,9.419158542751457,2.2749606256814787,4,"MO"
121031,4.322535714285714,"NM",9791,1708,"9791_20181231",0.4568715496679843,2.282037546794155,28,10.574010959900681,1.344606247890586,6,"MO"
254742,4.548964285714286,"SM",9793,4086,"9793_20181231",0.002925801669657486,2.808163907969061,56,14.99517763058259,1.7260721525713947,4,"MO"
183238,5.089944444444445,"NM",9794,2710,"9794_20181231",0.012844445205596753,2.6000103805779387,36,11.213924363339526,1.3759672319756402,4,"MO"
188542,10.474555555555556,"NM",9797,766,"9797_20181231",0.08299165143506397,2.0987384301808825,18,11.969892022741131,1.0982311962809053,4,"MO"
249801,6.245025,"NM",9803,2056,"9803_20181231",1.3598250843122492,1.7579670048160672,40,21.02234722412501,1.4206373603852855,4,"MO"
74807,4.6754375,"NM",9811,942,"9811_20181231",0.9332253803213022,2.8490189379286592,16,16.65375241261746,0.39812851362531315,4,"MO"
49645,5.516111111111112,"NM",9812,744,"9812_20181231",0.008624159144483412,2.3017666310177627,9,19.74192237350132,1.3368338948705782,2,"NE"
87542,7.295166666666667,"NM",9818,1214,"9818_20181231",0.18293696989855313,2.2322184742998457,12,13.62947203677891,1.1735782764611655,2,"NE"
52123,5.2123,"NM",9819,711,"9819_20181231",0,2.501686530245109,10,17.246688643676343,4.142037971023804,2,"NE"
86406,3.2002222222222225,"NM",9822,1817,"9822_20181231",1.1357679538703476,3.0220621047196503,27,8.659430918157817,0.6857172228335657,2,"NE"
355048,4.4381,"SM",982,4685,"982_20181231",0.9200856104272594,2.368572772955634,80,9.987933035547146,0.9501969590163887,2,"MI"
331905,5.7225,"SM",9831,4390,"9831_20181231",3.6555667624150057,2.3268640766658626,58,12.306276895681851,1.3819062807489269,4,"NY"
70737276,9.943389935338768,"SM",983,967129,"983_20181231",0.47277946415669536,2.5978673512042585,7114,10.19530369194371,1.6971302782675959,4,"TX"
219071000,6.5588156043232235,"NM",9846,3824000,"9846_20181231",0.6295617281815351,2.895765376047758,33401,9.343550081161082,1.4929053517401374,4,"NC"
47424,3.3874285714285715,"SM",9860,735,"9860_20181231",0,2.6055854769281956,14,10.384607586724247,0.625922768200628,5,"OH"
47816,7.969333333333334,"NM",9865,451,"9865_20181231",3.687964412634509,2.213082325014012,6,14.889591217199651,1.1436319277307045,2,"OH"
319392,11.829333333333333,"SM",9871,2937,"9871_20181231",0.28344698027227944,1.5746468048903048,27,15.239107473370881,2.2586751761638117,2,"OH"
41434,4.1434,"NM",9875,726,"9875_20181231",0,3.1432385843405846,10,10.112276189534079,1.6675277111391873,4,"OK"
45117,2.5065000000000004,"NM",9879,922,"9879_20181231",2.708695391622221,4.154405763008418,18,11.162870945479641,0.5588042008681348,7,"OK"
89936,3.1012413793103453,"NM",9881,1590,"9881_20181231",1.0276763347719795,3.6083375532791817,29,9.655729792225577,0.9287665571373098,4,"OK"
109342,4.205461538461538,"NM",9882,290,"9882_20181231",0.2231553953038431,0.50085470988277,26,11.707820684037545,0.21917895037049162,4,"OK"
694582,5.033202898550725,"NM",9888,10645,"9888_20181231",0.7842702598372984,2.91717523818828,138,11.22696482112486,1.2009430137181707,4,"PA"
2077686,5.142787128712872,"NM",9889,23057,"9889_20181231",0.661164446587705,2.800634216780809,404,8.89690424236523,0.9289956818126802,4,"PA"
762088,2.7611884057971015,"NM",9923,18694,"9923_20181231",1.1592237349261114,5.098475002286249,276,9.43860805377974,1.538438089748457,4,"SC"
178976,6.883692307692308,"NM",9932,2079,"9932_20181231",1.1797060996634101,1.8829897762692134,26,9.99238707024456,2.344501306100364,2,"SD"
205409,5.705805555555555,"NM",9935,3240,"9935_20181231",0.89237458851275,2.608747904609755,36,9.001860339434,1.1039002749649303,2,"SD"
67676,3.9809411764705884,"NM",9947,818,"9947_20181231",0.1181050697694764,2.02492445994498,17,12.062403673764665,0.8824281054103215,2,"SD"
1105154,3.9469785714285712,"NM",9963,24662,"9963_20181231",0.3107198924785558,3.943799159927039,280,9.026203729163724,0.8658507673933509,4,"TN"
287116,4.285313432835821,"SM",9967,5283,"9967_20181231",0.39015355987694145,3.434959003361497,67,8.687785384061945,0.5174264104660671,4,"TX"
153342,3.931846153846154,"NM",9973,2954,"9973_20181231",1.316538882803943,3.8088509393607834,39,11.793502746975637,0.6666520049043594,4,"TX"
1734034,14.82080341880342,"NM",9978,8884,"9978_20181231",0.31856913591125996,0.8869396353826856,117,8.537665862077672,1.1561030844141977,9,"TX"
61457,4.097133333333334,"SM",9986,911,"9986_20181231",0.3971782559724939,2.479203242161222,15,19.544081477691027,1.248625855251284,8,"VA"
310701,4.438585714285715,"NM",9997,4228,"9997_20181231",1.927856685733563,2.7035473878951533,70,9.027149685372644,0.8326502180451029,4,"WV"
153628,3.413955555555556,"NM",9998,3152,"9998_20181231",1.8033077331936493,3.901011905232348,45,11.361068176799884,0.7337037417573588,6,"WV"
59892,1.9964000000000002,"SM",999,930,"999_20181231",0.2486828240252898,3.33642357531773,30,11.54334185048061,0.5984461156350102,7,"MI"
124365,5.181875000000001,"NM",99,1614,"99_20181231",0.5535322700619222,2.1393821678070584,24,14.34403164311136,1.7652825537642938,2,"AR"