"ASSET","ASTEMPM","BKCLASS","CERT","ESAL","ID","NCLNLSR","NONIXAY","NUMEMP","RBC1AAJ","ROA","SPECGRP","STALP"
148421,7.811631578947368,"NM",10004,1857,"10004_20221231",0.34513718997372345,2.6986991759177283,19,9.011059153287912,0.787475311584826,4,"WI"
394798,4.9974430379746835,"NM",10011,6692,"10011_20221231",0.18934229476716274,2.5989957940352437,79,9.175189903702375,0.9795354129116508,4,"WI"
211285,5.153292682926829,"NM",10012,3044,"10012_20221231",0.11707284899251393,2.3677787135816333,41,9.906152241918665,0.6053481190342505,2,"WI"
154195,7.70975,"NM",10015,1731,"10015_20221231",1.1751118810451855,2.3636653899487157,20,13.257295411292027,1.6109603355441708,4,"WI"
2635396,7.340935933147633,"N",10044,29983,"10044_20221231",0.6078732266449531,1.860709494237851,359,16.934963696898446,1.2034110115494125,4,"WI"
307673,5.043819672131147,"NM",10055,5359,"10055_20221231",0.001222023303984407,2.918480854586467,61,8.344964349094676,0.5220255101583862,4,"GA"
81497,4.289315789473684,"NM",10057,1313,"10057_20221231",0.9463560150182584,2.878548616667965,19,21.485720137742103,0.7848441287758084,7,"GA"
1981367,5.709991354466859,"SM",1005,24877,"1005_20221231",0.036060201557547654,2.282106252832987,347,9.36476206478074,1.2403077805237843,4,"MI"
130148,6.5074,"NM",10072,1850,"10072_20221231",0.711248921139277,2.6681959132581787,20,10.411811029885532,0.6348569400793871,2,"GA"
51477,3.4318000000000004,"NM",10074,1064,"10074_20221231",0.6626450964262864,3.881819747269536,15,14.21220337641261,0.03297440087345524,8,"GA"
42651,5.331375,"NM",10075,585,"10075_20221231",0,2.074168358364264,8,10.719397885210324,0.9964369829095959,2,"IL"
40407,8.0814,"NM",10077,370,"10077_20221231",0,1.4648828093752502,5,24.471343510328097,0.5999520038396928,2,"IL"
113473,2.7017380952380954,"SM",1008,3184,"1008_20221231",0.5983319881624967,5.062953487687306,42,8.957306052257533,0.15415766691897714,4,"MI"
399944,4.9993,"NM",10101,5372,"10101_20221231",0.24136392560139844,2.426229730554557,80,9.976103530171434,1.01098960720123,2,"IN"
391537,6.991732142857144,"NM",10111,5038,"10111_20221231",0.028295197316388035,2.1075520099401572,56,12.58937957305967,1.2486911371729386,2,"IA"
240295,5.860853658536586,"NM",10118,4019,"10118_20221231",0.20019693285242549,2.803622159090909,41,10.792667961298823,1.3543146306818183,2,"IA"
33790,5.631666666666667,"NM",10120,642,"10120_20221231",4.034528054043911,2.761634355175014,6,17.06245270938828,-0.3299543054877778,2,"IA"
170719,8.53595,"NM",10121,1928,"10121_20221231",0,1.7388746231488112,20,19.124688223766256,1.1003370566154773,2,"IA"
221591,8.86364,"NM",10122,2329,"10122_20221231",0,1.753896350962332,25,8.667365670872151,1.0674135121359398,2,"IA"
67810,7.5344444444444445,"NM",10123,832,"10123_20221231",2.6834302871082754,2.147477681405351,9,9.126561712140736,0.13779777479818045,7,"IA"
159630,6.940434782608696,"NM",10125,1829,"10125_20221231",0.19201359388275274,1.6307097052401873,23,9.149949487660557,0.9945374482739829,2,"IA"
250257,8.3419,"NM",10127,3358,"10127_20221231",0.06435374538798158,2.2670490971312014,30,11.171283927439607,1.4858417366752825,2,"IA"
130015,8.667666666666667,"NM",10132,1757,"10132_20221231",0,1.776053689041404,15,9.31959244105055,0.5365461063824598,2,"IA"
212590,4.338571428571429,"NM",10137,3133,"10137_20221231",0.42881199979167034,2.7171952663910663,49,12.19487648673376,0.7570340701859162,4,"KY"
31690,5.281666666666667,"NM",10145,277,"10145_20221231",0,2.4086961380158054,6,23.341836734693878,1.1143323628191677,4,"KY"
2382585,6.336662234042553,"SM",1014,30391,"1014_20221231",0.10564064100932853,2.249538017543043,376,8.699984510439013,1.0671822208151553,4,"MI"
371707,4.223943181818182,"NM",10157,6515,"10157_20221231",0,2.986222221513242,88,7.896782136948352,0.5835788618430883,4,"MI"
366425,4.885666666666666,"NM",10159,8051,"10159_20221231",0,3.4971222778883546,75,9.11843688714566,0.8765618424057944,4,"MN"
77475,19.368750000000002,"N",10160,317,"10160_20221231",0.41231847040793984,0.9941758339146894,4,27.79457728762737,1.8076957162951668,4,"MN"
93409,6.227266666666667,"NM",10162,1297,"10162_20221231",0.5564156409509649,2.14883322308342,15,9.56800886135669,1.377083827377758,2,"MN"
195261,8.8755,"NM",10163,2832,"10163_20221231",0.010286100539285557,2.2419433919320118,22,9.898498531225695,1.6142794548347672,4,"MN"
314380,6.415918367346939,"NM",10165,4190,"10165_20221231",0.1037696412324489,2.269233229872066,49,8.989812858923923,1.4391520441193482,2,"MN"
285216,7.922666666666667,"NM",10167,3271,"10167_20221231",0.0946730623579904,1.6842335147956147,36,11.829112719635193,1.042192917649482,8,"MN"
462251,8.721716981132076,"NM",10168,4427,"10168_20221231",0.17352657995218868,2.029668533497092,53,8.114660461180453,1.5437841647720023,2,"MN"
230557,5.763925,"NM",10169,3475,"10169_20221231",0,2.286143709509964,40,9.22164986038851,1.5316563714594087,4,"MN"
103523,4.929666666666667,"NM",10174,1703,"10174_20221231",0.03631228565664717,3.043915415749262,21,7.625274495970746,0.7536002613005607,4,"MN"
157433,6.29732,"NM",10175,2162,"10175_20221231",1.0229952082752327,2.488671616084211,25,9.94768562425429,0.8784271595386348,4,"MN"
134796,5.860695652173913,"NM",10176,2023,"10176_20221231",0.04957954600690225,2.618339007359228,23,9.15146274432582,0.4526766121394934,2,"MN"
122054,6.780777777777778,"NM",10178,1469,"10178_20221231",1.2896302089964895,1.9329723215489152,18,7.279013952731563,1.0957209796474983,2,"MN"
65808,6.580800000000001,"NM",10185,1120,"10185_20221231",0.38470242136229915,2.7246373266139887,10,10.952293969007824,1.5672016048144433,8,"MN"
53564,10.7128,"NM",10187,358,"10187_20221231",1.0186355022109916,1.307796878495345,5,14.343490970247869,0.9916025674117667,2,"MN"
187686,6.4719310344827585,"NM",10191,3977,"10191_20221231",0.06579423035210757,3.0932995158644245,29,15.956745713563919,2.6828863122853606,4,"MN"
179389,4.484725,"NM",10194,2682,"10194_20221231",0.06651221053331707,2.4135504921593767,40,7.143772317325207,0.5254026189299775,8,"MN"
80926,6.743833333333334,"NM",10197,878,"10197_20221231",0,2.0876148999767765,12,9.272711194208977,0.9938645097975563,4,"MN"
38526,6.421,"NM",10200,408,"10200_20221231",0,1.8636066451476727,6,10.282348590898286,0.3320514602542124,2,"MN"
72812,5.200857142857143,"NM",10202,1033,"10202_20221231",0.15195347885801117,2.4544470022902254,14,8.371897937783991,1.8804111753531503,4,"MN"
260083,15.299000000000001,"NM",10212,2968,"10212_20221231",0.057992382356554864,1.8748960087192394,17,11.115049293631317,1.0601386346879804,4,"MN"
803933,25.93332258064516,"NM",10214,4622,"10214_20221231",0.4749903344990073,0.8633031019762829,31,12.847792489668572,1.8063712382503034,8,"MN"
326369,10.19903125,"NM",10218,2945,"10218_20221231",0.3450716133193885,1.6167751935526558,32,6.719687440550386,1.080492416735925,8,"MN"
331939,8.096073170731708,"N",1022,2769,"1022_20221231",1.7375889069912653,1.3501870786660557,41,10.889782563465305,0.9077791704357572,2,"WI"
157557,6.564875000000001,"NM",10236,2290,"10236_20221231",0.1902261789267439,2.4202603866347,24,9.492694604866973,1.320142029073473,2,"ND"
107808,10.780800000000001,"NM",10243,1158,"10243_20221231",0.08503627328532327,1.5322941032386657,10,8.466265751903403,1.4677862977942069,2,"ND"
4910204,7.024612303290414,"NM",10248,88662,"10248_20221231",0.2767402296760042,3.2334075023000586,699,8.464942526830207,1.7163930394128626,4,"ND"
379153,9.97771052631579,"NM",10249,4297,"10249_20221231",0.3621058257616248,1.960100987030691,38,9.499697070989848,0.8643126635662958,2,"ND"
143547,7.555105263157895,"NM",10250,2112,"10250_20221231",1.4019008496662373,2.4349931261295548,19,8.937478368859301,1.2540074173204685,2,"ND"
70782,7.8646666666666665,"NM",10253,632,"10253_20221231",8.84278644842025,2.240278289845854,9,11.612957321333743,0.3194366657003825,4,"ND"
798208,7.82556862745098,"NM",10255,9173,"10255_20221231",0.04453545167177372,1.8387592407001576,102,8.146042977699155,1.4673793251347294,4,"OH"
313555,7.12625,"NM",10266,3054,"10266_20221231",0.1855152972390349,2.1395090019409637,44,11.61840231872267,1.357280074477756,4,"OH"
339494,7.223276595744681,"SM",1027,3318,"1027_20221231",0.31961964537439347,2.0282331500862396,47,9.792139022570689,2.14424410875259,2,"AR"
122193,4.3640357142857145,"NM",10280,1609,"10280_20221231",5.263582897056646,2.509072800584923,28,14.338388201042967,1.2099843276634228,8,"OH"
214896,5.241365853658537,"SM",1028,3272,"1028_20221231",0.7000933457794373,3.5437048886415976,41,10.458570849173913,0.8679348078082254,4,"AR"
53233,6.6541250000000005,"SM",10306,424,"10306_20221231",0,1.681747122080629,8,9.259074425258675,0.5047063410794521,2,"TN"
1856952,5.876430379746836,"NM",10307,25612,"10307_20221231",0.46004792202001205,2.330445205287148,316,10.070610235797348,1.554974401959428,4,"TN"
847944,5.2021104294478535,"SM",10308,13355,"10308_20221231",1.038017168501142,2.59191168920158,163,9.834363594319539,1.229451655138871,4,"TN"
129292,7.605411764705883,"SM",10315,991,"10315_20221231",1.0801265880842086,1.7496434949950852,17,7.787545185672035,0.7744465519389719,2,"TN"
275314,6.11808888888889,"NM",10317,2972,"10317_20221231",0.48845831190972316,1.8721453991140349,45,12.52395423371361,1.294061857088006,7,"TN"
149827,5.350964285714285,"NM",10319,2810,"10319_20221231",1.5314464684614144,4.33228760873812,28,10.091807024142879,0.838877971983774,4,"TN"
70131,4.1253529411764704,"NM",10327,1457,"10327_20221231",0.1157491137958475,3.4657446341879465,17,14.678322776527247,0.6565961513988883,4,"TX"
118124,4.72496,"NM",10330,1682,"10330_20221231",0.7163365331631913,2.6785714285714284,25,8.655180789784163,1.2945551501543644,7,"TX"
806597,10.89995945945946,"NM",10334,9664,"10334_20221231",0,2.1902013176898314,74,10.405768564172114,1.020216897213478,4,"TX"
716830,11.751311475409837,"NM",10344,5764,"10344_20221231",0.03482394054270362,1.4677895469510034,61,11.112553176148245,2.085728055388195,4,"TX"
168747,5.27334375,"NM",10345,1979,"10345_20221231",0.025965174210090716,2.5361219392637895,32,8.434828186731744,0.9138442146541864,7,"TX"
45310,4.531000000000001,"SM",10352,840,"10352_20221231",2.233410792667183,3.0614397839480127,10,10.50864347298644,1.1836441893830703,2,"TX"
2312638,3.7726557911908642,"NM",10363,49130,"10363_20221231",0.0836114828860018,3.654097228091356,613,9.929462184852461,1.3864383892718835,4,"VA"
127245,5.783863636363637,"NM",10374,1368,"10374_20221231",0,1.622522916856919,22,10.905661274599161,0.760483812558847,2,"WI"
427218,6.017154929577465,"NM",10378,6170,"10378_20221231",0.9917733406335983,2.6709851097837976,71,11.16136374882478,1.1533414751360755,4,"WI"
331547,6.630940000000001,"NM",10380,4721,"10380_20221231",0.0454881688248748,2.3028662739617793,50,11.63519118349994,1.0681455012883787,4,"WI"
165352,4.239794871794872,"NM",10382,2754,"10382_20221231",0.37466169686112477,2.8718019231575953,39,10.629583330933055,0.5331099126981538,4,"WI"
450014,8.182072727272727,"SM",10383,5151,"10383_20221231",0.4978972870880469,1.8841436382444214,55,9.32525493312144,0.9921180420714755,4,"WI"
324362,4.383270270270271,"NM",10384,4906,"10384_20221231",0.23215518811772132,2.6156412960792026,74,9.013659945106376,0.7138578458214051,4,"WI"
115889,5.518523809523809,"NM",10407,1968,"10407_20221231",0,2.7028153979585032,21,18.351011589078766,1.1149843218360131,2,"CO"
7783278,8.324361497326203,"SM",1040,90305,"1040_20221231",0.6871849068719447,2.6385249532918538,935,9.0990591154678,1.386738662538232,4,"IL"
304885,6.351770833333333,"NM",10434,3553,"10434_20221231",0,2.037813008670998,48,10.66920973502136,0.6811374336401526,2,"IL"
66855,4.457,"NM",10437,844,"10437_20221231",1.0147980680300073,2.2824165232765092,15,8.744823901331316,0.777558996919329,8,"IL"
240637,7.077558823529412,"NM",10438,2682,"10438_20221231",0.7183384519285826,1.796945953655215,34,10.17007029350035,0.9073603684966511,2,"IL"
124611,7.7881875,"NM",10439,97,"10439_20221231",0.059265781630994316,0.19894083551675965,16,6.240818224081822,0.10424847275987406,8,"IL"
185063,7.402520000000001,"NM",10446,2242,"10446_20221231",0.005075304835496682,1.9176995059690383,25,8.91583831761776,1.1295737873112854,2,"IL"
117784,8.413142857142857,"NM",10458,1109,"10458_20221231",0.06520682419054619,2.0417265388006136,14,8.45270162542272,1.0950526527693898,2,"IL"
223188,5.722769230769231,"NM",10460,3420,"10460_20221231",0.045564782832365695,2.2312318155285773,39,11.28379377894128,2.0181086792247926,4,"IL"
40609,5.801285714285714,"NM",10463,266,"10463_20221231",0,1.3646222290922967,7,8.971052568150595,1.985344198785607,4,"IL"
119996,4.137793103448276,"NM",10464,2142,"10464_20221231",0,3.1685430311601723,29,8.396466256834085,0.6833445807545008,2,"IL"
194721,5.1242368421052635,"NM",10467,2530,"10467_20221231",0.7296704767961442,2.37482945889781,38,9.549631196032525,1.116547126446158,2,"IL"
52691,7.527285714285715,"NM",10469,691,"10469_20221231",0,1.7453768070442959,7,15.847368323750716,0.8278393206858919,8,"IL"
43297,4.810777777777778,"SM",10471,862,"10471_20221231",0.8711069996916435,4.14132789675141,9,10.93661971830986,-1.1645669611481875,2,"IL"
190833,5.612735294117647,"NM",10473,3667,"10473_20221231",0.26055972088189444,3.178948773080739,34,7.9866458568047225,0.9394794444480316,2,"IL"
381356,6.809928571428571,"NM",10474,4310,"10474_20221231",0.186960625369744,2.358140885247103,56,9.43973696869103,1.3645421976429866,2,"IL"
446299,5.377096385542169,"NM",1047,6455,"1047_20221231",0.08125696361533166,2.2231551064572015,83,10.477768921424072,0.9853652901267443,4,"IL"
28413,4.7355,"NM",10489,503,"10489_20221231",0,2.9448393067242793,6,6.5991973477578085,0,2,"IA"
89441,7.453416666666667,"NM",10492,1319,"10492_20221231",0,2.1453583361380875,12,13.763981343114612,1.2337203522622664,4,"IA"
182031,8.274136363636364,"NM",10494,1941,"10494_20221231",0,1.8666069829901524,22,12.55500244455309,1.082699194270367,5,"IA"
186550,8.479545454545455,"NM",10497,1744,"10497_20221231",0.049266977752440475,1.5962284880631827,22,11.092905405405405,1.9063560962870243,2,"IA"
238076,6.10451282051282,"N",1049,3057,"1049_20221231",0.8764924526999713,2.104998020942032,39,13.784622370213409,0.969084170480306,8,"IL"
129662,5.18648,"NM",10500,2161,"10500_20221231",1.0537362353008828,2.7253625907663284,25,14.523336643495533,0.4161416224850809,2,"IA"
144832,5.364148148148148,"SM",10502,2630,"10502_20221231",2.3109362617457263,2.7478751572348896,27,11.149000323055386,0.9840645479627224,2,"KS"
79548,7.231636363636364,"SM",10503,1251,"10503_20221231",0,2.2118257405563146,11,15.84533083522335,0.6677938099759902,2,"KS"
191863,6.189129032258064,"NM",10505,1922,"10505_20221231",0.029376811013633514,1.895399126496038,31,8.890593047034764,0.8997282692703352,7,"KS"
183728,3.4665660377358494,"NM",10520,3748,"10520_20221231",0.36081090152379675,3.3157720413190637,53,7.15937952387576,0.7462686567164178,8,"KY"
391962,5.850179104477612,"NM",10523,3728,"10523_20221231",0.15071854188573433,1.7351269282786568,67,10.03059323641422,0.2831855655679516,7,"LA"
196097,8.52595652173913,"NM",10528,1910,"10528_20221231",1.5792142265312936,1.7547397101629107,23,9.504202484300455,1.894850040585465,5,"LA"
227936,3.618031746031746,"NM",10531,4959,"10531_20221231",1.326295769020837,4.041737599740588,63,9.739232346908878,1.3585298301971338,2,"LA"
269071,4.484516666666667,"NM",10532,3975,"10532_20221231",0.9206056404997738,2.8101534067351546,60,9.580726320499373,1.8393798938056254,4,"LA"
302683,5.310228070175438,"NM",10533,5305,"10533_20221231",0.5557828399328012,3.134131414418128,57,10.374398733957563,1.5333578183692547,2,"LA"
207784,6.49325,"NM",10561,3365,"10561_20221231",0.2644989394174556,2.653793155719024,32,12.609066594086457,1.926394873052683,2,"MN"
48592,8.098666666666666,"NM",10567,775,"10567_20221231",0.16902528750869983,2.489189511666276,6,6.150753768844221,0.7652714862312848,8,"MN"
195942,6.5314000000000005,"SB",10568,2663,"10568_20221231",0.16382953972623987,2.433656368117022,30,9.781119157625623,0.37787541898113297,4,"MN"
48690,6.9557142857142855,"NM",10571,671,"10571_20221231",0.8790191996298867,2.5648387405493347,7,12.257443341727152,0.7225571825055029,2,"MN"
127823,5.5575217391304355,"NM",10576,1943,"10576_20221231",0,2.552434865789048,23,7.531691575272983,0.620438013530261,2,"MN"
2556235,9.363498168498168,"SM",1058,33967,"1058_20221231",0.49735320913574815,2.336498808292102,273,10.578231113865677,0.9969039709324652,4,"MO"
207917,4.331604166666667,"NM",10594,3901,"10594_20221231",0.03186562619496098,3.2156342690543918,48,10.705102178914602,1.3727058299504975,4,"MS"
255402,5.804590909090909,"NM",10595,3187,"10595_20221231",1.1655912023993455,1.8528741349841744,44,8.376302712133722,1.9578968760094695,2,"MO"
58572,3.66075,"NM",10597,819,"10597_20221231",0.824258923169994,3.1993043563860986,16,8.925229399473062,0.4081163890518164,8,"MO"
165424,4.353263157894737,"SM",105,2280,"105_20221231",1.7496452811090726,3.175085218469166,38,8.77770114802224,0.9748992872637123,2,"AR"
457426,3.2908345323741006,"NM",10608,7709,"10608_20221231",0.9144070872598707,3.3812258524634022,139,8.495250001108259,0.8926198827312067,4,"MO"
1123137,6.2745083798882675,"NM",1060,14102,"1060_20221231",0.049508950876877504,2.2432783116683055,179,9.785211529698396,1.1838495811164698,4,"MO"
1003955,4.921348039215687,"NM",10618,12763,"10618_20221231",0.6440700573405398,2.6074874880021937,204,9.589686557690072,0.8568790278349102,2,"MO"
1913413,6.294121710526316,"NM",10619,25077,"10619_20221231",1.2288389801050437,2.576439203592658,304,10.852178067942527,1.2504577897750144,4,"MO"
148760,6.198333333333333,"NM",10623,1487,"10623_20221231",0.8813401836466987,1.967385376244607,24,8.068528703790864,0.8045149923903018,8,"MO"
35515,3.946111111111111,"NM",10626,484,"10626_20221231",0.09510725985416887,2.750777825721618,9,12.253254638389201,-0.06813072014171188,2,"MO"
134151,5.159653846153846,"NM",10628,1337,"10628_20221231",0.2935036481263306,2.1080638854459903,26,7.644494052809655,0.14789633693238466,2,"MO"
7724198,8.669133557800224,"NM",10634,80594,"10634_20221231",0.2713916418226138,1.8098473826964956,891,9.381631528493308,1.2104622933376046,4,"NE"
16543,3.3085999999999998,"NM",10635,311,"10635_20221231",0,2.9593234396009,5,8.453464845725847,0.33300242526294627,2,"NE"
127928,5.562086956521739,"NM",10637,1929,"10637_20221231",6.027300303336704,2.678600382657198,23,10.152466954587096,0.5366929338132762,2,"NE"
231397,6.2539729729729725,"NM",10639,4123,"10639_20221231",0.13241362320625732,2.886931846159177,37,11.45580589254766,1.5816119037154428,2,"NE"
502721,6.206432098765432,"NM",10641,6943,"10641_20221231",0.611278983719783,2.635633535064044,81,9.769859874358986,1.0831680578325782,4,"NE"
599933,10.343672413793103,"NM",10643,7544,"10643_20221231",0.04107155490225363,2.441955192735646,58,9.427776844285484,1.897994313903207,4,"NE"
34154,3.4154000000000004,"NM",10644,396,"10644_20221231",4.711468224981739,2.4635373396104496,10,7.48894783377542,0.08365642019754455,2,"NE"
72357,8.039666666666667,"SM",10647,821,"10647_20221231",1.840112695897165,2.325050341491769,9,8.375014049679667,0.7295438571517541,2,"NE"
571761,5.551077669902912,"SM",10663,6075,"10663_20221231",0.12794009223251848,2.3315293199455334,103,8.900250047813675,0.9110590494957435,5,"OH"
1577103,6.16055859375,"SM",10667,28253,"10667_20221231",0.18924052400770927,2.9473461262666536,256,8.138679928581567,0.9584665343271379,4,"OK"
142580,4.599354838709678,"NM",10672,2178,"10672_20221231",4.299598200487654,2.812891485777753,31,10.448647386503886,0.8388127111547063,4,"OK"
159205,6.368200000000001,"NM",10674,2227,"10674_20221231",0.2939708247822952,2.501277262304518,25,10.632294719522854,1.7086332147512675,4,"OK"
868113,5.392006211180124,"NM",10677,11905,"10677_20221231",0.1409216709320145,2.6872178374130677,161,9.191976918253692,0.987819485711619,4,"PA"
632066,5.311478991596639,"NM",10678,8292,"10678_20221231",0.21041188847758147,2.418941767692738,119,9.349739676980565,1.0567557891270773,4,"PA"
546201,6.91393670886076,"NM",10685,6510,"10685_20221231",0.08268585339933743,1.9832539055550145,79,10.076778630873678,1.1055702436135013,4,"PA"
1451135,21.340220588235294,"SM",1068,9154,"1068_20221231",0.1141117541060386,1.4287136496428043,68,10.770083930985924,1.7039653686787024,4,"MO"
692789,5.498325396825397,"NM",10693,12696,"10693_20221231",0.9043136865670818,3.767004013246496,126,9.882123574000676,0.9262202987573468,4,"TN"
37740,3.774,"SM",10704,945,"10704_20221231",0,3.474991454939045,10,17.491151757490613,-0.38737609661615585,7,"TX"
317203,7.2091590909090915,"NM",10709,3488,"10709_20221231",2.7251926711803707,1.9908851043415685,44,10.102507570862002,1.6793795474534259,4,"TX"
339571,13.060423076923078,"NM",10719,2453,"10719_20221231",0.11710973181871415,1.2334322125967145,26,10.127699408731154,0.8280941494336487,2,"TX"
849272,5.980788732394367,"SM",1073,9323,"1073_20221231",0.4297704889308546,2.2841614014569434,142,13.73822525994667,1.658428562494476,4,"MO"
81378,5.086125,"NM",10741,1324,"10741_20221231",0,2.7752409819970474,16,8.575345124584516,0.44682971258443854,2,"WI"
160558,8.450421052631578,"SM",10788,1393,"10788_20221231",0,1.4430041530974194,19,12.838310260223992,1.4204669949579367,2,"IL"
259167,18.511928571428573,"NM",10791,1824,"10791_20221231",1.2593664651369079,1.266172331231937,14,15.336436029556202,1.6517508323474865,2,"IL"
148456,4.948533333333334,"NM",10799,1979,"10799_20221231",0.3518356643356643,2.06512754490296,30,11.640658515658515,1.026870102606629,2,"IL"
46262,4.205636363636364,"NM",107,680,"107_20221231",0.3261534280084256,2.7592436899629718,11,12.022352785263065,0.5791281326583546,4,"AR"
28380,3.5475,"NM",10803,459,"10803_20221231",0.021080368906455864,3.0708799589649445,8,7.760440092723939,0.6175505851544889,2,"IL"
131917,6.9430000000000005,"SM",10804,1985,"10804_20221231",0.33500837520938026,2.604384009156701,19,9.619255743277645,0.6207301515386359,7,"IL"
44651,7.441833333333334,"NM",10809,482,"10809_20221231",0.4741134079271762,1.569456037840846,6,9.455758271855812,0.6673448803561491,2,"IL"
21136,3.019428571428571,"NM",10816,644,"10816_20221231",0,8.012762408904681,7,10.351444706398377,-3.1724738044305867,4,"IL"
56026,8.003714285714286,"NM",10820,631,"10820_20221231",0.13936687619101795,1.9636824324324325,7,15.75451840023227,0.8709881756756757,2,"IL"
107183,6.304882352941177,"NM",10821,1202,"10821_20221231",2.369658598155575,1.7484321125078055,17,11.115957833515086,1.1556665671182544,2,"IL"
277179,5.039618181818183,"NM",10829,5020,"10829_20221231",0.29966970711114027,2.846666696017528,55,10.02282957969241,0.9491334891864087,2,"IL"
315030,9.844687500000001,"SM",10831,2489,"10831_20221231",0.04497459271143093,1.3407516993102375,32,13.662073575387346,1.1051633684300342,2,"IL"
24581,6.14525,"NM",10840,576,"10840_20221231",0,2.8057876246689246,4,9.840793724042456,0.349741034447527,2,"IL"
39396,4.3773333333333335,"NM",10843,738,"10843_20221231",0.4682378648353363,3.8260357063922794,9,13.278368981140027,0.35117015790378425,4,"IL"
266369,4.4394833333333334,"N",10844,4165,"10844_20221231",0.18606930253809123,2.7758188551140095,60,10.828522845862494,0.9433357450978597,4,"IL"
213050,6.266176470588236,"NM",10845,2289,"10845_20221231",0.9169303225042591,2.249423857244306,34,9.736147889333287,1.1019758165166729,2,"IL"
278469,5.460176470588235,"NM",10849,3768,"10849_20221231",0.09551548090699348,2.264205489322961,51,8.83734262342072,1.017220474717271,2,"IL"
241022,4.918816326530612,"NM",10853,3717,"10853_20221231",0.6111860411426627,3.2104518670866855,49,9.693020902838652,1.0799857679657738,4,"IL"
168230,5.80103448275862,"NM",10855,2393,"10855_20221231",0.46207811481123373,2.7486336102518574,29,9.781564242390859,0.4486127063089979,2,"IL"
102499,11.388777777777777,"NM",10858,842,"10858_20221231",0,1.3819984477484744,9,14.304741608950453,0.6676964282996758,2,"IL"
174092,3.626916666666667,"NM",10860,2867,"10860_20221231",1.4131198480005542,3.078680065017856,48,10.16474524493581,0.7728423558700368,4,"IL"
321425,7.839634146341464,"SM",1086,3451,"1086_20221231",0.038600427851471324,1.6582883456670305,41,12.92092146372375,1.290868009219944,5,"MO"
105916,7.565428571428571,"NM",10871,1284,"10871_20221231",2.0688458930570666,2.1704712739912466,14,12.288294014281975,1.6407493085838765,8,"IL"
22194,4.4388,"NM",10872,339,"10872_20221231",0.7709675642931879,2.5656163991074608,5,10.24651563989649,0.7336534203877509,2,"IL"
112179,3.50559375,"NM",10878,2813,"10878_20221231",0,4.868238074659971,32,14.889401826014634,0.9021703289388798,4,"IL"
62452,5.6774545454545455,"NM",10883,857,"10883_20221231",1.0386330249220381,2.4912616393069937,11,12.8731867103416,0.6551797086897353,2,"IL"
20232,3.372,"NM",10885,403,"10885_20221231",0.7022900763358778,3.057977791837446,6,9.398780426346823,0.07793946395987493,5,"IL"
653519,4.507027586206896,"NM",10886,11446,"10886_20221231",0.06248278033612784,3.1288409201070224,145,9.061175567979616,1.5505475433287215,2,"IL"
443289,13.037911764705882,"NM",10903,4080,"10903_20221231",0,1.4700885941636828,34,11.171171585443242,1.5347345796236826,4,"IA"
99623,6.641533333333333,"NM",10906,1018,"10906_20221231",1.9115814375937308,2.0426699997789535,15,9.897562840870213,0.5485970584748198,8,"KS"
360681,5.635640625,"NM",10907,5497,"10907_20221231",0.5430414762913331,2.2750850321083034,64,11.333714161362277,0.8424788596062756,2,"KS"
292232,5.03848275862069,"NM",1090,4962,"1090_20221231",0.09207627297796277,2.6035434960421275,58,14.114169656192857,0.8317954749785375,4,"MI"
289625,6.162234042553192,"NM",10918,3894,"10918_20221231",0.5998262946477038,2.475645458801762,47,12.761851867674912,1.4451254251820596,8,"KS"
110114,8.470307692307692,"NM",10919,1286,"10919_20221231",0,1.6556879947956473,13,16.732130267988758,0.9989228696458978,2,"KS"
207440,7.6829629629629625,"SM",10920,2091,"10920_20221231",0.24779022892858463,1.6383791498979683,27,17.462163133980564,0.9625832440475064,2,"KS"
147272,4.331529411764706,"NM",10928,2418,"10928_20221231",0,2.5960708184694212,34,9.979656853337428,0.6043169411843865,4,"MI"
141934,4.4354375,"NM",1092,1954,"1092_20221231",0.6125262095208511,2.9472562851439106,32,9.65282030104097,1.2334949959350734,4,"MI"
427321,3.849738738738739,"NM",10956,7654,"10956_20221231",0.7131234734005686,3.04535286820884,111,10.415688692398776,1.1098516061476855,4,"MN"
837228,6.862524590163935,"NM",10958,12271,"10958_20221231",0.5261915829370329,2.6760735006304106,122,9.44287133354858,1.2715141537704013,2,"MN"
410474,5.948898550724637,"SM",1095,4331,"1095_20221231",1.3853990745698948,2.03329704338891,69,7.688064631135687,1.2883338022483455,4,"MI"
90538,10.059777777777777,"NM",10960,1127,"10960_20221231",0,2.0422474042908383,9,11.540987986951535,0.9374424029032115,2,"MN"
267438,6.219488372093023,"SM",10962,4809,"10962_20221231",1.1888174905206537,3.0875993529905847,43,8.819454851833305,0.6814872413704569,4,"MN"
151738,4.7418125,"NM",10965,3002,"10965_20221231",0.17133066818960593,3.3503013342044543,32,9.18441776799733,0.6777768917949127,7,"MN"
191703,5.325083333333334,"N",10967,3377,"10967_20221231",0.030038813308775284,2.8690034134662743,36,9.322914066010886,0.9454487830157567,2,"MN"
58918,4.532153846153846,"NM",10969,1019,"10969_20221231",0.8621875716578766,2.8024231607489147,13,10.562943567835733,1.2716445573269723,4,"MN"
124079,6.530473684210527,"NM",10971,1667,"10971_20221231",0,2.7981845455594447,19,8.380910800644815,1.3907877575710954,4,"MN"
759764,6.844720720720721,"NM",10973,11807,"10973_20221231",0.07606076330885646,2.2996508355363856,111,10.284267741509868,0.958978238294685,4,"MN"
276418,6.91045,"N",10976,3419,"10976_20221231",0.009926467780976306,2.1551072316148288,40,9.078735266980445,1.107982564396876,4,"MN"
154554,7.7277000000000005,"NM",10980,2156,"10980_20221231",0.04819116938365156,2.010399878047033,20,9.47741989308382,1.5185489681554225,2,"MN"
42178,7.029666666666667,"NM",10982,531,"10982_20221231",0.1026928343222273,2.019216699995123,6,15.784890562485291,1.71926059601034,2,"MN"
151284,5.818615384615384,"NM",10984,2648,"10984_20221231",0,2.8527612203347026,26,10.354585431308207,1.3369441127110306,4,"MN"
90592,6.470857142857143,"NM",10987,1256,"10987_20221231",0.20148365234911622,2.4173820860898516,14,9.494436894853067,0.537812069611733,4,"MN"
2225072,4.97778970917226,"N",10988,53533,"10988_20221231",1.4647128251947261,3.5545125064545333,447,26.207820613266968,2.919063533582018,4,"MN"
206645,6.665967741935484,"NM",10989,2901,"10989_20221231",0.04477059934206684,2.2650509684093016,31,11.175578134338652,1.555436598575437,8,"MN"
88625,9.847222222222221,"SM",1098,1003,"1098_20221231",0,2.075963873376601,9,10.35758323057953,0.27379156259891735,2,"MN"
100551,5.02755,"NM",10991,1545,"10991_20221231",4.509563081242323,2.7519576812730833,20,10.881225292516737,0.8432934661262119,8,"MN"
72434,7.243399999999999,"NM",10993,1163,"10993_20221231",0.10568387071980324,2.5366433663376897,10,9.969212927809147,0.614499522796466,2,"MN"
481852,9.448078431372549,"NM",10998,5197,"10998_20221231",0.09974011937024645,1.8249737425116566,51,7.166503323546163,1.4933881243070217,2,"MN"
265060,5.762173913043478,"NM",109,3541,"109_20221231",0.875376593819664,2.28574364730853,46,12.86316667438951,1.367572716529053,8,"AR"
182370,6.288620689655173,"NM",11002,1782,"11002_20221231",0.3780186822456184,2.306490965780567,29,13.09070976529409,0.995959472452717,2,"MO"
79918,2.9599259259259263,"NM",11003,1758,"11003_20221231",1.4048206188847345,5.171559974896054,27,20.867898868764296,-0.5687612771632541,4,"MO"
350059,7.779088888888889,"SM",1100,4493,"1100_20221231",0.24245423057892135,2.290663900175521,45,8.65191967197838,1.0129119588811404,2,"MN"
177944,9.365473684210528,"NM",11013,1526,"11013_20221231",1.1548981866072334,1.4090015317595679,19,18.218516236402483,1.0135685652518713,2,"MT"
6351237,12.988214723926381,"SM",11035,89476,"11035_20221231",0.3579411085572336,2.1454088176915285,489,10.853433007354433,1.279942514408591,4,"NJ"
32216733,8.974020334261839,"SM",1105,315481,"1105_20221231",0.3610336278403557,2.3153457007761857,3590,8.07051197759953,0.9169389196133901,4,"MT"
109180139,10.3625796317388,"NM",11063,1559299,"11063_20221231",0.9735242363580218,3.3455447816160944,10536,9.254650794391054,1.2163452366555492,4,"NC"
27656568,10.45221768707483,"NM",110,226373,"110_20221231",0.2427619585759345,1.6994587003518813,2646,15.90303486883836,2.1224037197190535,4,"AR"
2017848,4.670944444444444,"NM",11112,31958,"11112_20221231",0.8777574001075289,3.064649996130636,432,7.823297774192454,1.0786691825970984,4,"PA"
444375,5.290178571428571,"NM",11113,4698,"11113_20221231",1.4865857635055766,2.036493555119443,84,19.211155966397182,0.6635501982548118,6,"PA"
9106184,7.704047377326565,"NM",11124,103219,"11124_20221231",0.2652009991668969,2.135549974056593,1182,10.732106826880607,1.5203212277928877,4,"PA"
60291,4.637769230769231,"NM",11133,811,"11133_20221231",0.19290406075257002,2.5966365542312353,13,11.06334240754266,0.7950195869745016,2,"SD"
378232,4.111217391304348,"NM",11159,8108,"11159_20221231",0.0346476335666274,3.700795179805336,92,10.625643279869628,0.6636155985260836,4,"TX"
82463,4.850764705882353,"NM",11175,1698,"11175_20221231",0.3785398592240956,5.10147868947521,17,16.37198103980137,0.953899681066976,2,"TX"
421521,4.257787878787879,"SI",11178,10557,"11178_20221231",0.6374379198509376,4.993596313295931,99,12.240583459038152,0.719496726609723,4,"TX"
1474550,8.474425287356322,"NM",1117,22162,"1117_20221231",0.04057655355843286,2.4089542634642793,174,9.63127565765651,1.332469427213301,2,"SD"
136861,5.9504782608695646,"NM",11181,1899,"11181_20221231",0.2415703763767822,2.8629220476116384,23,9.46808591580373,0.8520601332177494,8,"TX"
142976,7.9431111111111115,"SM",1118,1626,"1118_20221231",0,1.900178284688769,18,10.61730574662692,0.9497201756871635,2,"SD"
142725,6.796428571428571,"NM",11225,1822,"11225_20221231",0,2.052462812096134,21,10.261399328100975,1.8139043072346988,4,"WI"
428047,6.294808823529412,"NM",11228,5080,"11228_20221231",0,1.9480317931013076,68,17.922623355360724,1.314127587845275,4,"WI"
516263,6.0736823529411765,"NM",1122,6633,"1122_20221231",0.7865029152710581,1.9802453300645826,85,9.288011205587011,1.7393539846982657,2,"SD"
185660,9.283,"NM",11232,2129,"11232_20221231",0.3907474854675704,1.9453259853032054,20,9.031333989581144,0.9798230260063427,4,"WI"
100455,9.132272727272728,"NM",11235,780,"11235_20221231",0.28095406499273057,1.5606916498942986,11,14.865275526742302,1.7877013444243786,4,"WI"
1251474,5.740706422018349,"NM",11236,20386,"11236_20221231",0.9223786370749384,2.779993663739531,218,8.614873151270338,1.1790318518939733,4,"WI"
22808174,8.225089794446447,"SM",11241,225203,"11241_20221231",0.4223469549213435,2.1307100949883946,2773,10.930689323968442,1.5529937423441957,4,"AR"
156176,5.385379310344828,"NM",11242,2226,"11242_20221231",0.022482736470210374,2.266037718392772,29,15.955126406285874,1.8008027945815992,2,"AR"
178169,4.688657894736842,"SM",11243,2706,"11243_20221231",0.2828773132394782,2.562946227244922,38,11.324714195697183,1.8340246739387662,2,"AR"
201356,5.162974358974359,"N",11252,3293,"11252_20221231",2.984223752792256,2.6160918151262638,39,29.506266455037423,1.2990316221133578,2,"AR"
224764,5.108272727272728,"SM",11259,3568,"11259_20221231",0,2.655062039073388,44,10.049219974112678,1.4850346998207087,4,"CO"
220505,7.1130645161290325,"SM",1125,3164,"1125_20221231",0.37124766546713434,2.068505094651437,31,13.07793576717679,1.5290338585463554,2,"SD"
49087,4.9087000000000005,"NM",11261,698,"11261_20221231",0.07587810549504344,2.5960797952947607,10,15.596649669267473,1.9336032925082187,2,"CO"
329476,5.314129032258064,"NM",11295,5108,"11295_20221231",0.1442882645544829,2.852602150952744,62,10.057629494287108,1.341530502929169,4,"GA"
309826,4.694333333333334,"NM",11299,7578,"11299_20221231",1.1939604209873433,4.233248881294752,66,8.715521780678545,1.172818641056095,4,"IL"
26162,5.2324,"NM",11300,364,"11300_20221231",0.013969406998672905,2.284771595836314,5,11.073379595452531,0.7664569251208082,8,"IL"
31267,6.2534,"SM",11302,292,"11302_20221231",1.6238928003633886,1.5795701271697549,5,15.173192771084338,0.9017909453296419,2,"IL"
559734,6.663500000000001,"NM",11306,9761,"11306_20221231",0.8551928890819892,2.6385726019481868,84,9.128644759861196,0.8006795100108292,4,"IL"
308919,7.53460975609756,"NM",11307,4235,"11307_20221231",0.18088478500551267,2.2999299027220172,41,13.713527766062592,1.3189438676783896,2,"IL"
301798,5.294701754385965,"NM",11310,4014,"11310_20221231",0.8767011272706033,2.3852288096827023,57,9.559501462579846,1.0426093551664117,4,"IL"
123850,4.128333333333334,"SM",11317,1781,"11317_20221231",1.2928875852130455,2.995757601932168,30,10.508491214292725,1.0016311804630427,4,"IL"
68257,5.250538461538462,"NM",11319,701,"11319_20221231",0.14241325737959606,2.0481964323700126,13,7.798360733405979,0.3768195216823168,2,"IL"
93159,4.903105263157895,"NM",11324,1191,"11324_20221231",0.09918364232852674,2.2298412043720353,19,7.752306976643551,0.8947291537774111,2,"IL"
335086,10.809225806451613,"NM",11329,2252,"11329_20221231",0.13797544037161386,1.2728507083870715,31,10.723946704623824,1.505724169656588,8,"IL"
54979,7.854142857142857,"NM",11343,636,"11343_20221231",0.32192477126397834,1.7319923734117342,7,13.212128056010389,1.3062715589386815,2,"IA"
448401,9.964466666666667,"NM",11347,6346,"11347_20221231",0,2.090452967811429,45,10.710990181000827,0.9999559529969537,4,"IA"
148908,5.72723076923077,"SM",11348,3032,"11348_20221231",0.2952652114309818,3.1333205644563016,26,10.202786200004052,1.5228234684766098,2,"IA"
37190,7.438,"NM",11351,374,"11351_20221231",0,1.8181725712774508,5,10.21048503072297,0.8035559895436006,2,"IA"
79022,7.183818181818182,"NM",11352,1084,"11352_20221231",0.009830908375933936,2.034946820056436,11,9.704487887250764,1.1008093274210051,2,"IA"
117677,4.70708,"NM",11355,1616,"11355_20221231",1.8458571526964667,2.62001750605979,25,13.199847606146554,1.0528884998653378,8,"KY"
299994,5.1723103448275864,"NM",11358,3752,"11358_20221231",0,2.308329570240181,58,12.862495609070685,2.545219368702147,4,"KY"
1687848,7.213025641025641,"NM",11406,21236,"11406_20221231",0.15960642017347193,2.625276502456118,234,8.741700367327548,1.0681120458352578,4,"MI"
472144,6.13174025974026,"NM",11407,6896,"11407_20221231",0.03797343136222505,2.560941583173919,77,7.752949195197399,0.6542490421568131,4,"MI"
121392,4.8556799999999996,"NM",11409,2094,"11409_20221231",0,2.4322440537078207,25,10.022699898082092,0.6873207077144489,8,"MN"
100545,6.2840625,"NM",11411,1501,"11411_20221231",0.0060485090425210185,2.622869492720504,16,5.477820178892322,0.34910347013442783,2,"MN"
223966,6.3990285714285715,"NM",11415,3255,"11415_20221231",0.24760091884271618,2.1130834691564373,35,7.5296342213937235,1.0480478751666922,2,"MN"
43704,7.284,"SM",11417,588,"11417_20221231",0,2.5046529125252444,6,9.904432984813361,1.3834989902189838,2,"MN"
177427,4.669131578947368,"SM",1141,3958,"1141_20221231",0.08586003131365848,3.6064310697192554,38,12.996099003078566,1.6198469062393215,4,"CO"
317943,7.948575,"NM",11431,3473,"11431_20221231",0.11114345444441505,2.170351462490373,40,10.529434209260987,0.8604579249519354,8,"MS"
1425798,21.280567164179104,"NM",1143,6463,"1143_20221231",0.6017121515628122,1.902027755841524,67,10.749903598882579,1.4523016285942705,4,"KS"
151538,8.914000000000001,"NM",11445,2616,"11445_20221231",0.13959630258441805,3.35162558726734,17,16.018063069588166,1.704801586370968,2,"MS"
286316,4.771933333333334,"NM",11446,4251,"11446_20221231",1.0659390791690062,2.689283646702847,60,10.71655610586541,0.6744597905039484,4,"MS"
459339,3.674712,"NM",11448,7015,"11448_20221231",0.2850055417744234,3.3639055112025535,125,9.278264007182955,1.0678089412314313,4,"MS"
893681,6.9818828125,"NM",11459,12691,"11459_20221231",0.1349471283000422,2.2970584408157255,128,10.998627735372684,1.4401475155603076,4,"MO"
159262,5.3087333333333335,"NM",11462,2489,"11462_20221231",0.27843727081753655,2.321927643870729,30,8.34208971927752,1.1593553932543788,2,"MO"
175052,5.835066666666666,"SM",11463,2028,"11463_20221231",0.9732401279599194,1.966826587692538,30,14.08678496461385,1.545533521023653,8,"MO"
59954,6.661555555555555,"NM",11465,821,"11465_20221231",0.7742451110167586,2.397931041316418,9,13.705745354623595,1.5622884057061512,2,"MO"
127475,3.749264705882353,"NM",11466,1696,"11466_20221231",1.107155351593851,2.784722962282866,34,9.212228006078437,1.6632919901300958,5,"MO"
77734,7.7734,"NM",11475,936,"11475_20221231",1.0566762728146013,2.3271395162810604,10,12.53721335657771,0.9514905411395469,4,"NE"
249262,9.231925925925927,"SM",11477,2124,"11477_20221231",0,1.400320397851679,27,14.576419710013225,1.10654121267503,2,"NE"
490849,5.3353152173913045,"SM",1147,8407,"1147_20221231",2.3343193595607623,2.5335761522175972,92,9.09423430157203,1.8875947517527518,2,"KS"
499556,6.018746987951807,"NM",11482,7251,"11482_20221231",0.33273688654777944,2.2340501862252053,83,15.03968887116075,1.0784999576019674,2,"NE"
446182,8.418528301886793,"NM",11491,3937,"11491_20221231",0,1.53157041901796,53,12.573796988115054,1.5659217106943255,2,"NM"
1244117,7.54010303030303,"NM",11492,16856,"11492_20221231",0.15518340931100455,3.079306016614002,165,9.789519396116875,1.0381327918123517,4,"NM"
669571,4.524128378378379,"N",11501,11283,"11501_20221231",0.6239964308609944,2.7564421130944488,148,7.702671832918413,0.6324061972564978,4,"NY"
3729898,7.20057528957529,"NM",11507,48129,"11507_20221231",0.23350773930481028,2.0220506314025517,518,8.175351198261303,1.303611765419683,4,"NC"
156283,5.209433333333334,"NM",1150,2183,"1150_20221231",0.17079905491189618,2.3099978305896554,30,8.712023962344887,0.30056634941565297,8,"KS"
239388,7.040823529411765,"NM",11519,4790,"11519_20221231",0,2.681589012232986,34,12.124822718427389,1.4199293961373993,2,"ND"
479101,3.959512396694215,"SM",11521,13551,"11521_20221231",0.10288346605391423,4.732722323584354,121,6.914241828034931,0.6020475419293472,4,"OK"
990001,6.428577922077922,"N",11522,12571,"11522_20221231",0.03973628084630169,2.377221373893014,154,8.26085872829339,1.4624644209062045,4,"OK"
368346,7.8371489361702125,"SM",11526,4529,"11526_20221231",0.8518661287798697,2.2503936899579835,47,9.934161250234938,2.0501103707218453,2,"OK"
55615,4.278076923076923,"NM",11527,1196,"11527_20221231",1.1076858770050682,3.3263965427228954,13,11.787548761760188,0.8592435756134347,2,"OK"
472776,4.72776,"NM",11539,6032,"11539_20221231",0.5607283917326269,4.639299485861182,100,6.390398843918564,-1.2908045294512127,4,"SC"
322321,6.715020833333334,"NM",11557,3320,"11557_20221231",0.02033364116206759,1.817214571570204,48,12.053238369027843,0.9887073958094041,7,"TX"
602799,10.764267857142856,"NM",11559,5971,"11559_20221231",1.1184613142940405,1.6464355026567252,56,13.655565761214595,1.063738738053025,5,"TX"
1369624,5.903551724137931,"NM",11569,18521,"11569_20221231",0.2039654867893425,2.5664581939933635,232,9.215561086306193,1.1333108158454699,4,"TX"
60065,6.0065,"NM",11570,871,"11570_20221231",0,2.5259019144746193,10,7.617973366554992,0.7951600132639458,8,"TX"
3563307,8.648803398058252,"NM",11578,46800,"11578_20221231",0.29127484274496734,2.231516185477404,412,11.297697802634026,1.2566935947731779,4,"VA"
700254,9.72575,"NM",11580,6161,"11580_20221231",0.1342629669760211,1.9447491627540063,72,15.64014845224026,1.5548128842605877,7,"VA"
242399,5.509068181818182,"NM",11582,3372,"11582_20221231",0.6945543025454436,2.653545280244297,44,11.378085801019532,0.9154342703624634,4,"VA"
586885,5.484906542056074,"SM",11595,8954,"11595_20221231",0.3133286463206027,2.5114362509047696,107,9.681723498551301,1.4562602449927462,2,"WI"
268555,5.713936170212766,"NM",11601,2642,"11601_20221231",2.3060668705993637,1.8712261299916817,47,10.068791595785957,0.5786101985003261,8,"WI"
360222,9.73572972972973,"NM",11608,4106,"11608_20221231",0,1.7857543042694153,37,10.280050404317652,1.3558286477923995,4,"WI"
609959,5.979990196078432,"NM",11623,11509,"11623_20221231",0.8011882704948471,3.875834113860365,102,10.700213164524255,1.4826045341508203,4,"WI"
120125,7.5078125,"SM",1163,1317,"1163_20221231",0,2.3720175123424756,16,7.072670603674541,0.5855190493299799,5,"NE"
806375,6.399801587301587,"NM",1164,7225,"1164_20221231",0.12259161667694492,1.7547849256830874,126,8.890793367842493,1.9051092997477623,7,"NM"
143562,17.94525,"NM",1165,1104,"1165_20221231",0.04044372544488098,1.2571687270862197,8,10.701857364471092,1.9649081586310544,2,"OK"
3040810,6.910931818181818,"NM",11666,42604,"11666_20221231",0.24535428701374298,2.151301792865543,440,9.020352360121041,1.2488000803080035,4,"ID"
173918,8.6959,"NM",11667,1339,"11667_20221231",0.5268983838831083,1.2492423410825335,20,15.708349845684571,1.3792971788838668,2,"IL"
273513,5.160622641509435,"NM",11669,3321,"11669_20221231",0.6105399839195806,2.167810768027625,53,9.014379141739322,1.256559535458327,4,"IL"
1231629,7.202508771929826,"NM",11670,15972,"11670_20221231",0.09642651484696704,1.9782333361508297,171,9.481052557328171,1.3143955250582906,2,"IL"
164054,7.457,"NM",11671,1711,"11671_20221231",1.9892227347656846,2.0792831069211712,22,11.875276426360019,0.8999613100745201,2,"IL"
225672,5.7864615384615385,"NM",11674,3138,"11674_20221231",0.10617357590217714,2.4445415990971036,39,12.611349427808552,1.0684336829616847,4,"IL"
241018,12.685157894736841,"SM",1167,1759,"1167_20221231",1.250162781612189,1.2338123660055356,19,9.67460689347908,0.9030104549156377,4,"WY"
174099,5.120558823529412,"SM",11680,2270,"11680_20221231",0.3033711190694646,2.0921392698181887,34,11.695398522361707,0.844697729286701,2,"IL"
36564,6.094,"NM",11681,584,"11681_20221231",0,3.154193312738731,6,13.407646035863957,0.3343011558152924,2,"IL"
108233,6.3666470588235295,"NM",11682,870,"11682_20221231",0.7979023344987031,1.5932840330963551,17,12.764254567533257,0.6638683471234813,7,"IL"
118286,9.857166666666666,"NM",11686,1099,"11686_20221231",0.3846191777039221,1.6890097880344106,12,11.918278575526385,1.4414824915121263,2,"IL"
177527,8.069409090909092,"SM",1168,1955,"1168_20221231",1.0486390004462294,2.343345048159899,22,7.282157202848275,-1.2081270897294958,7,"WY"
193034,5.849515151515151,"NM",11699,2710,"11699_20221231",0.9572906307293676,2.497537794305349,33,12.433837663374844,1.9206308546393256,4,"IL"
271785,9.371896551724138,"SM",1169,2898,"1169_20221231",0.7383085332523535,1.81331049786956,29,10.47037874392269,1.3340213794899405,2,"WY"
335559,6.711180000000001,"SM",11702,3923,"11702_20221231",0,2.116291410428187,50,9.261500106412088,1.316222337903296,2,"IL"
67449,3.7471666666666668,"NM",11706,1175,"11706_20221231",1.2668079034977733,2.7108734026519348,18,9.960710449254675,0.47502595049173985,2,"IL"
317587,7.939674999999999,"SM",11708,2512,"11708_20221231",0.008864630756469597,1.384800659028235,40,12.517704441352572,1.0539051943681215,4,"IL"
252278,8.699241379310344,"NM",11711,2326,"11711_20221231",0,1.5033333255278643,29,10.024924370707206,1.483429379629131,2,"IL"
80982,5.3988,"NM",11715,1071,"11715_20221231",1.3739393630226666,2.6486558071778568,15,8.989756929319078,0.6908993685704505,2,"IL"
21179,7.059666666666668,"SM",11716,291,"11716_20221231",0.8099352051835854,2.262779505258363,3,11.534754203705686,0.44562397258917424,2,"IL"
127457,5.09828,"NM",11719,1896,"11719_20221231",0.1812314383930033,2.1603345691752986,25,11.99192379051747,1.1378983042209736,2,"IL"
615407,6.546882978723405,"NM",11722,7269,"11722_20221231",0.48899170389278873,1.9572953144403826,94,10.649603750344456,1.2678067940997224,2,"IL"
121815,5.075625,"NM",11726,2409,"11726_20221231",0.04128393023015792,3.1513675186383048,24,11.330717812322067,0.4903816766035481,2,"IL"
745082,3.942232804232804,"NM",11729,16573,"11729_20221231",0.16745959500541024,3.2827787270726674,189,9.814346635378055,0.5982950982879187,4,"IL"
36807,6.1345,"NM",11731,504,"11731_20221231",5.241783546158677,2.437625466016633,6,12.816451448361029,0.8079459972204451,2,"IL"
217551,5.438775000000001,"NM",11732,3129,"11732_20221231",0,2.3793829534010804,40,10.711982966959056,0.8436327016387438,4,"IL"
274304,1.9454184397163123,"NM",11734,13567,"11734_20221231",0.33654024739051297,7.966312758899519,141,9.21366219134616,0.16149457393289354,2,"IL"
612018,6.510829787234043,"NM",11739,7975,"11739_20221231",0.7749900699730918,1.9253903125751852,94,9.974564819966616,0.843374277409664,4,"IL"
483167,7.433338461538462,"NM",11741,5622,"11741_20221231",0.0195066883038727,2.300746273930588,65,8.877154235635492,0.8462718104916503,2,"IL"
151384,5.822461538461539,"NM",11746,1718,"11746_20221231",0.5668310293211235,1.779829312435065,26,7.49338034858076,0.7975555854898231,2,"IL"
249285,5.419239130434782,"NM",11747,3447,"11747_20221231",1.5342268365000047,2.6007939801583264,46,11.456356736242885,0.49604184447698313,8,"IL"
123409,5.142041666666667,"NM",11750,1336,"11750_20221231",0.5284405334301007,1.8961379462311165,24,16.436882837525037,0.6666421832012557,7,"IL"
113419,5.400904761904762,"NM",11759,1798,"11759_20221231",0.13555181505369937,2.3597583833754183,21,19.96673396959805,0.8717578741132117,2,"IA"
32239,8.05975,"NM",11761,269,"11761_20221231",0,1.5530770338733617,4,12.861197842747657,0.5542230544265827,2,"IA"
755877,5.814438461538462,"SM",11763,9667,"11763_20221231",0.12274728012623537,2.5127389799339452,130,8.5591969957348,0.9023577517925495,4,"IA"
99848,9.07709090909091,"NM",11764,1069,"11764_20221231",0,1.6372530708429867,11,10.954938793815169,0.9686418349950923,2,"IA"
428503,6.492469696969697,"NM",11767,6458,"11767_20221231",2.0834840721178196,2.083984671194271,66,9.341229000443658,1.2556830386506665,2,"IA"
1545185,8.307446236559139,"NM",11771,19932,"11771_20221231",0.1219329772116221,2.123509798570962,186,9.286382457329106,0.6964162755038072,2,"IA"
374902,5.135643835616438,"NM",11777,4807,"11777_20221231",1.2594906323532027,2.3567388663753266,73,8.938419236185984,0.9227283109685168,8,"KS"
253886,4.882423076923077,"SM",11778,3723,"11778_20221231",0.32563606194690264,2.2708055371245566,52,8.561197251325488,1.1845077406203517,2,"KS"
197621,5.489472222222222,"NM",11782,3018,"11782_20221231",0.5311210604863489,2.430517491071274,36,14.146913728793164,0.9015272592994341,4,"LA"
223316,4.2135094339622645,"NM",11785,3874,"11785_20221231",1.6538500712976165,3.6507882716823947,53,9.103965417539602,1.4182753734822349,2,"LA"
187830,5.3665714285714285,"NM",11788,3003,"11788_20221231",0.009588859220794547,2.599036001866367,35,9.414098507350047,1.1987145234590728,4,"LA"
216902,4.820044444444445,"NM",11792,3020,"11792_20221231",0.3701723357874388,2.5703738826675955,45,8.916684411772875,1.1603957755296332,2,"LA"
902322,5.604484472049689,"NM",11807,15884,"11807_20221231",0.06257397036089042,2.8547854823425043,161,10.267813002540047,1.0848161837327932,4,"MI"
316371,4.943296875,"SM",11810,4332,"11810_20221231",1.3906526060070672,2.467935340353729,64,9.12967726921069,0.6822198955054626,4,"MI"
48668073,7.405367163724894,"NM",11813,745623,"11813_20221231",0.5644754224699433,2.588465997044052,6572,8.428882159945763,0.969133662828918,4,"MS"
55454,4.265692307692308,"NM",11817,903,"11817_20221231",0.35888601780074647,3.2816893566079233,13,15.122989251965663,0.6420696567276372,7,"MS"
161765,5.777321428571429,"NM",11821,2282,"11821_20221231",0.5505790448462486,3.1105659868798097,28,11.865255101717572,1.1632291622708084,2,"MT"
263248,6.749948717948718,"NM",11823,3383,"11823_20221231",0.04171987003628364,2.1164207698025796,39,8.380133986179722,1.4769564046575507,8,"MT"
543664,3.801846153846154,"SM",1184,10047,"1184_20221231",0,3.014523273520302,143,8.456599556809788,1.5368226868390333,5,"TX"
812493,6.018466666666667,"SM",11860,8744,"11860_20221231",0.08250036908059852,2.023098285033559,135,8.57440773899356,0.8915195412316507,4,"OH"
157492,6.847478260869565,"NM",11862,2047,"11862_20221231",0,2.729778880199464,23,9.631192074145094,0.787831663635721,8,"OK"
2378265,8.374172535211267,"NM",11868,25492,"11868_20221231",0.16394970676752213,2.0236659644685777,284,8.682069495269259,1.3187753983458081,4,"PA"
52507,5.2507,"NM",11891,711,"11891_20221231",0,2.020526848016862,10,15.469739754254752,0.519176601407976,2,"TX"
156311,13.025916666666667,"NM",11902,816,"11902_20221231",0,1.0800317173871434,12,17.213836315149003,0.854780979463122,2,"TX"
213826,5.215268292682927,"NM",11903,3552,"11903_20221231",0.43316974263265823,2.874213719778079,41,9.961360088885291,1.2965505724305568,4,"TX"
195594,5.752764705882353,"NM",11904,2023,"11904_20221231",0.002950244132701981,1.926058419547135,34,12.67019378840319,1.4849763387348143,5,"TX"
164191,5.661758620689655,"NM",11905,1924,"11905_20221231",0.6711783735544565,2.1552225146424213,29,11.299058108575275,2.0775292817841793,8,"TX"
290856,18.1785,"NM",11907,3010,"11907_20221231",0.14489788960485492,1.5848867536333713,16,9.843803080570433,1.6776427986616838,2,"TX"
116963,7.797533333333334,"NM",11916,1245,"11916_20221231",0.08083069079151899,1.7194653191673146,15,14.830226795935458,2.188246811206127,4,"TX"
267451,5.046245283018869,"NM",11922,4056,"11922_20221231",0.9149667931688804,3.1293322539813815,53,9.307069596375149,0.9663048396117079,4,"TX"
160005,5.1614516129032255,"NM",11932,1997,"11932_20221231",0.10472513559560467,2.5443379235786407,31,7.393000999139107,1.057058996835603,5,"TX"
504523,11.211622222222223,"NM",11934,5391,"11934_20221231",0,1.9872973144037398,45,9.836737962378834,1.049299871130303,4,"TX"
957622,11.400261904761905,"NM",11935,6807,"11935_20221231",0.6656604610073575,1.2190382878273938,84,8.870207569831857,1.163641550033796,7,"TX"
495448,4.384495575221239,"NM",11952,9188,"11952_20221231",0.4629977874671557,3.3440788803151005,113,8.252846392314641,0.8141354629352605,4,"WV"
328344,4.156253164556962,"NM",11953,5579,"11953_20221231",1.6369073797167737,2.9848422088579802,79,12.08562725143814,0.8094328986667247,4,"WV"
3906943,8.02247022587269,"NM",11971,44182,"11971_20221231",0.23302522832269376,2.2425755015712907,487,10.096878375264048,1.3004535064399951,4,"ME"
306277,6.005431372549019,"NM",1198,3556,"1198_20221231",0,2.17842090685192,51,8.11985008902194,1.2886098054120931,8,"TX"
13778066,12.001799651567945,"SI",12010,147203,"12010_20221231",0.5704914379449936,1.8577882893174131,1148,9.366909579592757,1.2906400726557246,4,"NJ"
1548301,31.597979591836733,"SI",12013,5915,"12013_20221231",1.1986630042691202,0.8609289907531746,49,11.309630218344575,-3.5320010975474485,9,"NJ"
6471595,14.038167028199567,"SI",12054,140882,"12054_20221231",3.4691576972740132,3.7741076755297294,461,21.784876950866757,0.7379937664414297,4,"NY"
177580,4.228095238095238,"NM",12079,3221,"12079_20221231",0.7099232143909192,2.8177687673134595,42,10.996339386031677,1.051769491066308,4,"GA"
15053,5.017666666666667,"NM",12086,123,"12086_20221231",0,3.154287494483242,3,20.317210643596802,0.0064903034865910324,2,"IL"
223698,7.4566,"NM",12087,2139,"12087_20221231",0.3153213852580515,1.7777840362034276,30,12.732569065965043,0.8365265972333455,4,"IL"
3350152,6.781684210526316,"N",1208,46896,"1208_20221231",0.4559180457052798,2.391440072659175,494,9.894924552373674,1.3269787445892416,4,"TX"
29571,3.696375,"SM",12098,468,"12098_20221231",0.16167059616032334,3.3176921551781113,8,11.009891566674598,0.7170709140175798,8,"IL"
1307150,5.423858921161826,"N",1209,18555,"1209_20221231",0.2664848261753755,2.742482074257644,241,8.875167634377084,1.2605302460955945,4,"TX"
62807,4.831307692307693,"NM",12107,1001,"12107_20221231",2.6772322060280174,2.88517114637254,13,8.05946677927108,0.2267262328638078,2,"IL"
1564284,9.838264150943397,"SM",1210,18134,"1210_20221231",0.18795649429195627,2.2149936457762864,159,11.00035876128126,1.6320969435866017,4,"TX"
460594,9.799872340425532,"NM",12113,3523,"12113_20221231",0,1.0581706575501195,47,11.480108098712499,1.4649417309687072,2,"IL"
52906,7.558,"NM",12121,539,"12121_20221231",0,1.8058433637552724,7,9.97698482495369,0.39497082727099037,2,"IL"
214235,6.3010294117647065,"NM",12126,3141,"12126_20221231",1.2504966926115513,2.6049268839086777,34,10.152631699025804,1.600915501693249,2,"IA"
130783,9.341642857142858,"NM",12128,1342,"12128_20221231",0.06653479590001798,1.52785535705218,14,15.618066778054725,1.0708429042095924,2,"IA"
90693,4.318714285714286,"NM",12135,2118,"12135_20221231",0.2288784953726739,3.8621146216082924,21,9.700354395935967,0.4920669477631503,2,"KS"
118752,5.397818181818182,"NM",12136,1836,"12136_20221231",0.05198518422249659,2.390834385378186,22,7.908398998639091,0.8585685305903553,2,"KS"
52078,6.50975,"NM",12139,708,"12139_20221231",0,2.191199060269269,8,11.553160215580597,0.4423812535766995,2,"KS"
1991593,1.1572300987797792,"SI",1213,42176,"1213_20221231",6.964412986310796,12.262510272224178,1721,17.211249087012153,-1.6544765056145723,9,"TX"
270499,3.339493827160494,"NM",12149,2759,"12149_20221231",0.433860220515732,2.3689085209461385,81,11.894363953292224,1.5399066995427906,8,"KY"
188112,6.486620689655172,"NM",12162,2288,"12162_20221231",0.042270429298479954,2.077629463226126,29,11.582610416597948,1.0429933910322626,7,"KY"
295752,5.687538461538462,"NM",12163,4088,"12163_20221231",1.1439691342054645,2.2910529023120962,52,12.87426869949337,0.8337174579634047,8,"KY"
396988,7.784078431372549,"NM",12166,4018,"12166_20221231",0.09750868760913539,1.8761497145237143,51,10.068865378443927,0.9105522100550126,4,"KY"
177332,5.720387096774194,"NM",1218,2732,"1218_20221231",0,2.5771131311416413,31,9.504807530865579,0.9863689785162858,2,"TX"
556347,4.415452380952381,"SM",1219,8976,"1219_20221231",0.28371008318489815,2.71904844091589,126,10.344651117735541,1.1072877114256128,2,"TX"
307136,5.118933333333334,"NM",12201,4618,"12201_20221231",0.016759191369016442,2.4286137596962494,60,10.272278453841455,0.8481471343801558,8,"MS"
687181,3.9267485714285715,"NM",12203,13866,"12203_20221231",1.2825961077271382,3.7866293295831834,175,14.195376161246308,0.439856028774067,4,"MS"
1323586,4.884081180811808,"NM",12204,17424,"12204_20221231",0.5292089530064499,2.5224576736272053,271,9.22720637464192,0.8013546000862164,4,"MS"
323302,5.6719649122807025,"NM",12206,5165,"12206_20221231",0.6130529183873302,3.4412543663469726,57,9.571083385537372,0.7860390199812278,4,"MS"
144294,8.487882352941178,"NM",12207,2220,"12207_20221231",0.39226984619476085,2.547428918401785,17,11.00316499243154,0.6841625892270868,7,"MS"
391811,4.6095411764705885,"SM",12208,6291,"12208_20221231",0.004447896316115413,3.1257660859791314,85,9.205125345822779,1.0958580893538332,4,"MO"
240618,4.374872727272727,"NM",12214,3274,"12214_20221231",0.7828353058722948,2.2141205834153,55,8.792987188132164,1.419048167360108,2,"MO"
534540,2.6727,"NM",12219,24219,"12219_20221231",0.12122365099976332,6.92952887956708,200,15.371866498600706,0.9322039903249189,5,"MO"
120158,5.721809523809524,"NM",12220,1850,"12220_20221231",0,2.9578077424967377,21,7.896441721816289,0.9553560836727432,2,"MO"
471473,8.271456140350878,"SM",12223,4129,"12223_20221231",0.4327043326015063,3.262129463607483,57,9.167217224847962,0.8774762201193639,4,"MO"
47203,4.291181818181818,"NM",12225,740,"12225_20221231",0,2.862088908959824,11,7.535922695613979,0.25946965195414323,7,"MO"
72777,6.06475,"SM",12226,1013,"12226_20221231",0,2.4557432360289564,12,10.27384767711509,1.3052809156719127,2,"MO"
6436322,7.475403019744483,"SM",12229,97884,"12229_20221231",0.5205376447518401,2.6026973182355593,861,9.057195558245517,0.6136523704067287,4,"MO"
258058,5.266489795918368,"NM",12230,3861,"12230_20221231",0.304795830694069,2.6664055931168726,49,9.744712164380461,1.3034480905157355,8,"MO"
133958,5.35832,"NM",12231,2082,"12231_20221231",0.017811201266574313,2.443859879195563,25,17.1517299929996,1.0429604029900257,2,"MO"
141804,4.889793103448276,"NM",12232,1690,"12232_20221231",0.12745812090313183,1.9890821011532482,29,11.54361250063343,1.6217779545208053,2,"MO"
582850,6.938690476190477,"NM",12241,6653,"12241_20221231",0.38244601004038237,1.8865897849298177,84,9.99372553913565,1.2407017573419743,2,"NE"
205211,6.840366666666667,"NM",12244,2512,"12244_20221231",0.42761443271105615,2.161699903792477,30,10.166432255039851,1.4485116987700337,2,"NE"
65494,8.18675,"NM",12246,1112,"12246_20221231",1.3910513285178285,2.3564594433456048,8,12.859252527547426,1.1340658231362049,2,"NE"
368894,4.918586666666667,"SM",12248,5750,"12248_20221231",1.5721120984278878,2.869308611698759,75,8.757409186603876,0.7966259280719012,2,"NE"
429143,4.715857142857143,"NM",12258,6455,"12258_20221231",4.585594516999707,3.005259376400055,91,9.541926474039007,1.0988849238876146,4,"NM"
561054,7.48072,"SM",12259,6293,"12259_20221231",1.3004686373467915,2.162552121571466,75,9.04644207550898,0.8142730507143795,4,"NM"
12054744,15.395586206896553,"SM",1225,120430,"1225_20221231",0.04756359167774904,1.574914670274533,783,10.909030089561263,0.9263224148608895,4,"CA"
429685,5.508782051282052,"NM",12266,7057,"12266_20221231",0.35843164890708723,3.2782752151665275,78,14.20405798393297,1.0813797381378616,4,"NC"
117015,5.318863636363637,"SM",12283,1529,"12283_20221231",0.6669595431127442,2.0314527852420627,22,13.994727348411267,0.6827985591764398,2,"OK"
18983,4.74575,"NM",12284,320,"12284_20221231",0,2.570760572705454,4,10.881486747232659,0.4448398576512456,2,"OK"
463900,7.363492063492064,"NM",12285,6630,"12285_20221231",0.7864416216488636,2.5856000256312814,63,8.777876200108722,1.4586691135047485,2,"OK"
23102,3.8503333333333334,"NM",12293,440,"12293_20221231",0,2.68351951888953,6,15.145281563383902,1.80940892641737,2,"SD"
119592,7.4745,"NM",12298,1295,"12298_20221231",1.3534878910117174,2.277297852139739,16,12.214926995829547,2.577030437090484,4,"TX"
1106115,6.785981595092025,"SI",12299,18724,"12299_20221231",0.07029766864861817,2.819481251950052,163,11.920327694797214,1.3864891623611975,4,"TX"
274491,5.48982,"NM",12303,4212,"12303_20221231",0.12563700786290039,3.1970691546005057,50,12.20151448316424,0.12794634200613508,4,"TX"
121722,11.065636363636365,"NM",12305,748,"12305_20221231",0,1.2218591081239838,11,12.22935918292049,0.504645660858644,2,"TX"
258421,13.601105263157894,"NM",12308,3023,"12308_20221231",0.2699265799702481,2.065544447729523,19,11.31206729695526,0.8313051453917678,4,"TX"
131143,5.701869565217391,"N",12309,1490,"12309_20221231",0,2.067831006703155,23,9.356158398538348,1.5850808683352806,4,"TX"
156348,9.196941176470588,"NM",12315,1769,"12315_20221231",0.18125086036800808,2.033688882164561,17,13.604653984276425,0.6732733187079204,7,"TX"
637500,7.5,"NM",12322,7062,"12322_20221231",0.3338599014453116,1.7790477624463525,85,8.367035776439605,1.5528911916720955,8,"WI"
121211,10.100916666666667,"NM",12325,1582,"12325_20221231",0.004137018037398643,2.2615802037541903,12,11.53815886806113,0.8804998630333546,2,"WI"
396205,6.190703125,"NM",12327,4020,"12327_20221231",0.024279265507256804,1.5840569461263825,64,12.276912976624454,2.2345749830794492,4,"WI"
431663,8.63326,"NM",12331,4153,"12331_20221231",0.03801396871507112,1.6417117656955016,50,10.569822996011881,1.7430782520920718,4,"WI"
173695,4.453717948717949,"NM",12349,2436,"12349_20221231",0.23394152331588192,2.3976459263966508,39,8.224482391092366,1.5221109096686165,8,"WI"
70996,7.888444444444444,"NM",12354,839,"12354_20221231",1.3873586220853102,1.9534591125556653,9,16.612625244646978,0.7559997130512037,8,"WI"
81333,6.256384615384615,"NM",12355,1349,"12355_20221231",0.7236976855328736,2.522006601980594,13,15.695826131102757,2.179403821146344,2,"WI"
351995,7.183571428571429,"N",12365,3942,"12365_20221231",0.03143204392104271,2.0116983777416797,49,9.531305510705714,0.8927586446412009,2,"IL"
154203000,7.721345951629863,"SM",12368,2235000,"12368_20221231",0.7303768991340257,2.441058516323755,19971,8.79767114723351,1.4952817924792539,4,"AL"
127193,10.599416666666666,"NM",12372,1400,"12372_20221231",0.03666422238517432,1.6705657252650958,12,12.292171604118746,0.8827147095000363,2,"CO"
363029,4.033655555555556,"NM",1237,6010,"1237_20221231",0,3.040435598813313,90,9.457463172627874,0.8002034835299892,2,"ID"
3135836,10.452786666666668,"NM",12383,39133,"12383_20221231",0.033053186553809774,2.0548143338184115,300,7.265882432856557,1.0259187337497881,4,"IL"
173299,6.93196,"NM",12384,2032,"12384_20221231",0.24552475335922505,2.0914804969719287,25,12.99975552114742,0.8820160240261163,2,"IL"
300206,6.981534883720931,"NM",12386,3693,"12386_20221231",0.2620931688125894,2.0854821703585626,43,9.842676755922893,0.9680307017514272,2,"IL"
102676,4.2781666666666665,"NM",12388,1322,"12388_20221231",1.956074124914207,2.414075440092244,24,12.380915498412207,0.25821499261974606,5,"IL"
94654,11.83175,"NM",12395,652,"12395_20221231",1.1147529174470536,1.7041459857078396,8,11.22982635342186,1.039906817633294,2,"IL"
103863,8.65525,"NM",12402,1107,"12402_20221231",0.1227070421363504,2.2819191465272226,12,11.778129013138399,0.6828249108534145,2,"IL"
169230,5.83551724137931,"NM",12410,2337,"12410_20221231",0.05768343331795108,2.3528653022801125,29,9.514034669442394,0.7394072974465273,4,"IL"
74611,3.5529047619047622,"NM",12417,1387,"12417_20221231",1.1302687004526306,2.948043707788804,21,9.711965027096241,0.28339339768620575,2,"IA"
53455,4.111923076923077,"NM",12422,827,"12422_20221231",0.8714596949891068,2.4550952886054076,13,14.533941982035046,0.6006027100880181,2,"KS"
18066,3.6132,"NM",12425,220,"12425_20221231",0.7414448669201521,2.436673271568575,5,10.879796246055037,0.9264713757832164,8,"KS"
305731,9.264575757575757,"NM",12426,4131,"12426_20221231",0,2.3692926651340733,33,10.44826316609315,1.3953248127951001,4,"KS"
26329,3.7612857142857146,"NM",12432,545,"12432_20221231",7.547169811320755,3.527085977735953,7,19.851490892214873,0.04012197079120526,8,"KS"
16995485,7.28169880034276,"NM",12437,261654,"12437_20221231",0.48661883751672275,2.3369600268282076,2334,10.301979250837293,1.0978247899243,4,"MS"
35158162,9.693455197132618,"NM",12441,443050,"12441_20221231",0.18830620009885696,2.0641858378379996,3627,9.542127514069865,1.5100145758476873,4,"MS"
101066,8.422166666666667,"NM",12444,1061,"12444_20221231",0.7455281718469254,1.9863195887658867,12,6.9263471459149155,0.5190165501402426,7,"MN"
87639,7.303249999999999,"NM",12457,835,"12457_20221231",0.1526562181966212,1.5715203483443827,12,11.5442009716472,1.5581362147885753,2,"MO"
1035266,7.963584615384616,"NM",12484,20124,"12484_20221231",0.14086673023098453,2.938465895968158,130,9.587313311077699,0.9236374611670995,4,"OK"
222304,7.4101333333333335,"SM",12485,3625,"12485_20221231",0.4570749869883763,2.5037298953777083,30,16.337540716612377,1.8253566205990244,8,"OK"
339176,7.066166666666667,"NM",12493,4001,"12493_20221231",0.0063807251056010005,1.8724974396293008,48,13.351174458313183,1.1344754611174694,4,"NE"
1210973,10.530199999999999,"NM",12501,8944,"12501_20221231",0.10491140814423375,1.495231774489048,115,11.421467933578661,1.2684735726161627,2,"TX"
878450,7.9139639639639645,"NM",12506,10674,"12506_20221231",0.22830211213905757,1.944379081187346,111,11.40886762500662,1.7853366644313167,7,"TX"
219584,5.106604651162791,"NM",12511,3196,"12511_20221231",0.15632680360035134,2.198556576249447,43,9.372580085270007,0.7420354262074448,2,"WI"
110345,4.597708333333333,"NM",12512,1982,"12512_20221231",0.12442350442947675,3.154127934528196,24,9.87373975313295,0.6495647645800713,4,"WI"
269088,7.474666666666668,"NM",12513,2866,"12513_20221231",0.4323730352109312,1.875832433694272,36,12.682249650176667,1.0127077637403026,4,"WI"
607423,1.594286089238845,"NM",12514,37274,"12514_20221231",0.025440226528625785,9.22945368488385,381,8.736188301144539,-0.35807514567679377,4,"WI"
1675982,5.2538620689655176,"NM",12517,34722,"12517_20221231",0.35163414559679135,3.272102545883377,319,10.527082754769605,1.1157473811770011,4,"WI"
239328,2.7196363636363636,"NM",12531,5428,"12531_20221231",1.8498834880013082,3.536186268191062,88,10.294013313022974,1.5853952099063258,6,"AR"
92888,7.1452307692307695,"NM",12549,709,"12549_20221231",0.02338251455561531,1.9064630433475351,13,7.8221692034040915,0.6057919950823945,8,"IL"
26183,5.2366,"NM",12585,406,"12585_20221231",0,3.6583687574543564,5,10.84787563992377,0.11085965931679868,2,"OK"
987557,17.63494642857143,"NM",12591,5186,"12591_20221231",0,1.0378730411935408,56,7.557792752127934,1.2793422495865638,7,"WY"
441288,6.586388059701493,"SM",12592,6567,"12592_20221231",0.0025874024549274494,2.4402500782351075,67,10.318627954134364,1.0505204633345744,8,"WY"
632965,4.654154411764706,"NM",12594,13200,"12594_20221231",0,3.2017172534449494,136,10.378815901129268,1.8878595483768505,4,"CO"
209055,9.955,"NM",12602,2410,"12602_20221231",0.1634907586155935,1.8869681144619885,21,24.6881528039732,1.0097103033641972,2,"KS"
388138,5.544828571428572,"NM",12608,5087,"12608_20221231",0.018811706950015473,2.332491013596427,70,9.74023561952276,1.3373211526721904,4,"LA"
351530,9.250789473684211,"NM",12609,3981,"12609_20221231",0,2.315414104702397,38,8.80453594399814,0.5124965771327574,8,"LA"
894031,5.259005882352942,"NM",12611,14227,"12611_20221231",0.6769574880512225,2.5531154702212295,170,13.96179369489744,1.2994023617231885,4,"LA"
9631077,11.788343941248469,"SM",12614,99708,"12614_20221231",0.5368783297541911,1.7331196010112533,817,9.93933491382607,0.9608270894505648,4,"LA"
486629,5.467741573033708,"NM",12616,6324,"12616_20221231",0.3595487284678679,2.041180663839392,89,15.586965216349716,1.475434463535691,4,"MO"
980781,8.241857142857143,"NM",12627,12269,"12627_20221231",1.856294652864393,2.460052252895674,119,12.018057702454744,1.9527499672007513,4,"MO"
19309880,6.8256910569105695,"SM",12633,243456,"12633_20221231",0.20489707931857226,2.1399042251103153,2829,8.30892338872526,1.3140152895456036,4,"MO"
2087762,7.149869863013699,"NM",1265,24558,"1265_20221231",0.15846773431900132,2.0936210985909316,292,10.683081702482559,1.1981719214493236,4,"WA"
133133,6.656650000000001,"NM",12661,1620,"12661_20221231",0.66579178656136,2.1647295864918403,20,8.618985924152923,0.6010562520666137,4,"WI"
125503,5.704681818181818,"NM",12694,1462,"12694_20221231",0.5643236227954298,2.259215787314038,22,12.115442828237768,0.8572455539333097,2,"MO"
313905,6.0366346153846155,"NM",12706,4191,"12706_20221231",1.712868083270413,2.2543015456401285,52,8.180697085740247,0.3522244904572114,4,"IL"
122644,6.4549473684210525,"NM",12717,1734,"12717_20221231",0,2.072370598040136,19,10.694871283177012,0.8449546664122055,2,"IA"
78201,5.213400000000001,"NM",12722,1378,"12722_20221231",0.5150346954510409,3.3922194581915526,15,11.865932839606371,1.6132764632562153,4,"LA"
37377,4.672125,"NM",12745,787,"12745_20221231",0.2799913848804652,3.375626274511892,8,11.86722855210447,2.2016111427613048,2,"NE"
94219,3.1406333333333336,"NM",12757,1987,"12757_20221231",0.11021028629338739,3.740928120664743,30,9.078085854439042,1.1526381004524104,4,"OK"
49676,4.139666666666667,"NM",12758,823,"12758_20221231",0.15759110735894188,2.9848704879981653,12,11.815606992870398,1.4361169329047776,4,"OK"
647283,5.884390909090909,"NM",12761,10499,"12761_20221231",0.15254586683158114,2.6832281661178223,110,10.854395487246965,1.5538800830347408,4,"OK"
2146467,8.725475609756097,"NM",12769,23853,"12769_20221231",0.05430470124714394,2.017358622531623,246,10.624590412316746,1.7506095885541462,4,"TX"
653980,7.693882352941177,"NM",12781,8910,"12781_20221231",0.6977880621469739,2.1958962746161315,85,12.233343130733413,1.5349757756032245,4,"WI"
517890,5.509468085106382,"SM",12788,8245,"12788_20221231",0.01866585781282811,2.244809441430358,94,10.19086132536717,0.7510821373607852,4,"WI"
862539,5.103781065088757,"NM",12814,13327,"12814_20221231",2.251511436181457,2.3386818982809054,169,10.998953986461533,0.724697876412596,2,"WI"
763899,5.341951048951049,"N",12815,14026,"12815_20221231",0.19648024640759096,2.9396383567199162,143,11.053844849120319,1.2996377566881556,4,"IL"
10412724,9.133968421052632,"NM",1281,153553,"1281_20221231",0.05344025134957736,2.36716967347133,1140,8.338258252191526,1.074061548086605,4,"WA"
845171,6.169131386861314,"NM",12828,12658,"12828_20221231",0.22815938060996277,2.5655755457396965,137,10.727096055809586,1.330868086626095,4,"IN"
159290,5.138387096774193,"SM",12836,2321,"12836_20221231",0,2.4465071424266167,31,15.013684732085977,0.9408715568681815,4,"IN"
2738488,7.544044077134987,"SM",12839,30778,"12839_20221231",1.2534000757851853,2.0223751982499425,363,10.161604442050304,1.6235781861646967,2,"IN"
6722761,7.283598049837487,"NM",12854,83114,"12854_20221231",0.13984327726121853,2.1398990798064075,923,10.58815537073393,1.7007282944380253,4,"IN"
1542625,12.541666666666666,"NM",12855,15804,"12855_20221231",0.24351928263992997,1.6251817812041298,123,10.099972079928202,1.5254656931764539,4,"IA"
233722,8.059379310344827,"NM",12857,3067,"12857_20221231",0,2.2801076638337516,29,10.415270114646178,0.7009549732176417,4,"IA"
546629,13.332414634146343,"NM",12858,4825,"12858_20221231",0.37336381674312874,1.6786669473507592,41,9.149137491811631,1.5190343431487316,4,"IA"
64215,8.026875,"NM",12865,806,"12865_20221231",1.7140724548823074,2.387959565498566,8,10.073072344927919,1.158532157048544,2,"KS"
605740,6.656483516483517,"NM",12869,8261,"12869_20221231",0.17945112637446006,2.657399688412825,91,8.900675820816604,1.5124870262545875,4,"KY"
981838,5.9505333333333335,"NM",12874,15304,"12874_20221231",0.06736728644570197,2.6206356313408,165,10.555987479601713,1.0946485785559361,4,"ME"
354731,4.379395061728395,"NM",12885,8055,"12885_20221231",0.42752361654156795,3.5354152013395312,81,9.024298615153869,0.9034153801882612,8,"MD"
55905,4.3003846153846155,"NM",12893,922,"12893_20221231",0,2.739579413277725,13,20.511949055523754,0.5351415363050376,8,"MI"
104154,4.005923076923077,"NM",12899,1384,"12899_20221231",0.49017383016384514,2.4640568889951244,26,9.90224959828602,0.7077510882373262,8,"MI"
2502223,6.5675144356955375,"SM",1291,29009,"1291_20221231",0.48134341651039453,2.2935632072171948,381,8.856430147442374,1.2243324167502059,4,"AR"
15939263,11.21693384940183,"N",12923,211055,"12923_20221231",0.395890629312627,2.1484170472140214,1421,8.891102702560257,1.2732519235750794,4,"MN"
2277724,11.863145833333334,"SM",12944,24680,"12944_20221231",0.5375837087350185,1.9471655798365457,192,9.092525678470997,1.1198991876300044,4,"NY"
742510,5.755891472868217,"SM",1294,11225,"1294_20221231",0.3926096501129882,3.0735616487584,129,8.20556163513841,1.0569590685305639,4,"AR"
179581,5.28179411764706,"NM",12956,2510,"12956_20221231",0.6084533789777483,2.213405347562042,34,10.432782324934466,1.0711554786916948,8,"NY"
347346,5.513428571428571,"NM",12959,5502,"12959_20221231",2.097846812072734,3.1325052093884325,63,10.548951059257709,0.7905960305266875,4,"NY"
1084777,5.679460732984293,"NM",12969,18384,"12969_20221231",0.14864481597568158,3.1454115653978585,191,10.060899284632857,1.1200168521740936,4,"OH"
273519,4.273734375,"NM",1296,3938,"1296_20221231",0.26374288836140314,3.24578244413228,64,15.669350525989056,0.9706632483136438,8,"AR"
1112249,6.012156756756757,"SM",12978,15059,"12978_20221231",0.43389505299679215,2.901076739143666,185,8.805349895097455,1.0604001873124067,4,"OH"
84990,10.62375,"SM",12980,562,"12980_20221231",0,1.582108107049864,8,12.668955943596114,0.8895534368331409,5,"OH"
3533305,7.109265593561369,"SM",12982,50768,"12982_20221231",0.30973364476809234,2.636376512138323,497,10.101440145709775,1.277384593739987,4,"OH"
345804,6.916080000000001,"NM",12985,3708,"12985_20221231",1.8849209754088516,1.8186269366628194,50,12.22476772304951,1.4887488759545864,4,"PA"
1747013,3.3726119691119694,"SM",1299,63480,"1299_20221231",0.6822335796032086,8.750446408170243,518,7.862850974997793,2.1610386796811927,9,"AR"
343697,5.0543676470588235,"NM",13000,5021,"13000_20221231",0.15320706153233327,2.7711713434975236,68,9.21470921794111,1.148601490669845,4,"TX"
328592,5.665379310344827,"NM",13006,3396,"13006_20221231",0.3539885349981948,2.1883238522376782,58,9.635513210251847,1.4400106339246814,7,"TX"
3112618,5.1194375,"SM",13012,46559,"13012_20221231",0.6395725017571474,2.6534704858936773,608,8.788016483289846,1.4859283827033258,4,"VA"
67035,3.9432352941176467,"NM",13018,697,"13018_20221231",1.144950767117014,2.3066214138178904,17,13.672690403769309,0.18046544920731689,7,"WV"
324417,4.99103076923077,"NM",13020,4631,"13020_20221231",2.0389453911377533,2.9714651990091223,65,9.9078355237572,1.0857335837389712,4,"WV"
1388430,18.76256756756757,"NM",13023,8098,"13023_20221231",1.1940928428100328,2.5796789196551404,74,9.215424092995935,1.1768907588874933,4,"WI"
422498,8.622408163265305,"NM",13025,4342,"13025_20221231",0.02584621986842811,1.704902554652152,49,9.95720158655527,0.896294337182991,8,"WI"
117365,6.520277777777778,"NM",13030,1667,"13030_20221231",0.02368171771392485,2.415811193461077,18,8.661099862024477,1.1501796016298698,2,"WI"
305821,6.506829787234043,"NM",13032,4298,"13032_20221231",0.6314869238495592,2.57962678063268,47,9.8074845627559,1.2851545325854314,4,"WI"
256860,6.115714285714286,"SM",13033,3529,"13033_20221231",0.10833622465959059,2.4660180679943187,42,10.68998018735453,1.3177344806017772,8,"WI"
72460,4.262352941176471,"NM",13054,1295,"13054_20221231",1.738579573449708,3.917206137769676,17,14.199525665386057,0.2999985646001694,7,"WI"
1010110,6.196993865030675,"NM",13055,13580,"13055_20221231",0.2119920591801296,2.026983152645907,163,12.763085665040816,1.2609179011499219,4,"WI"
634681,10.236790322580646,"N",13058,7077,"13058_20221231",1.0874536991363153,2.0601465529731846,62,9.23419935719771,1.0112074655619294,4,"WI"
1843469,5.707334365325077,"SI",13063,30464,"13063_20221231",0.09538698364495078,2.8488862727492132,323,10.136204814079889,0.7448548431395298,4,"ME"
405161,3.3209918032786887,"SM",13068,7178,"13068_20221231",0.14732009843410324,3.0193854832098044,122,8.099566723600535,0.6941751282025405,2,"MO"
677678,4.458407894736842,"SM",13071,10810,"13071_20221231",0.3572019738467702,2.377877221480978,152,10.231417503001744,1.413184793647994,2,"MO"
148090,6.438695652173913,"NM",13080,2249,"13080_20221231",0.07576627252898634,2.5683021843212317,23,10.989017928752313,1.0153903611832995,8,"IL"
635954,6.556226804123712,"SM",13083,11095,"13083_20221231",0.540006866466621,3.087532624854714,97,8.903703584710163,1.4062247664163665,4,"AR"
6412535,10.529614121510672,"SM",13102,51803,"13102_20221231",0.3627234038217253,1.6177203481911513,609,11.223669474092333,1.6879501383787556,4,"IN"
790697,5.306691275167785,"NM",13107,11206,"13107_20221231",0.06334270639786176,2.4913086634997965,149,9.165742557365862,0.9160158501275933,8,"IN"
816726,5.373197368421053,"NM",13109,13888,"13109_20221231",0.3060189211268348,3.1210136981284853,152,9.189178475378542,0.8993656503101559,4,"IN"
219083,4.868511111111111,"SM",13111,3437,"13111_20221231",0.05311939040920248,3.0969848878480732,45,10.148769797098504,0.5950638515862271,4,"IN"
326078,3.8362117647058827,"NM",13112,6023,"13112_20221231",0.4280219697990093,2.9650405210239086,85,9.093391509968365,0.6936974342468163,4,"IN"
255181,5.2077755102040815,"NM",13113,4016,"13113_20221231",0.0020559421869057043,2.6265697764901654,49,13.531855680349866,0.7562062787069072,5,"IN"
543581,4.768254385964912,"SM",13130,9683,"13130_20221231",0.026735859986357854,2.9546007956806952,114,7.896048264820332,0.9664975585821285,8,"IN"
278919,5.468999999999999,"NM",13157,4774,"13157_20221231",0.1001585397206273,2.985181812667378,51,8.50414102623421,0.3866129429228217,4,"KS"
146123,6.353173913043478,"NM",13167,1705,"13167_20221231",0.19568548862430743,2.289799814383433,23,12.827409585495738,1.361716979685298,4,"KY"
435535,6.404926470588236,"SM",13179,6888,"13179_20221231",0.020583055897698946,2.6340252745230894,68,8.442311056682996,1.6054007507971018,4,"MI"
209615,5.822638888888889,"NM",13195,2495,"13195_20221231",1.8330017951579254,2.535634207699781,36,9.643897623576434,0.7198542057814359,2,"ND"
76875,5.491071428571429,"NM",13196,976,"13196_20221231",0,1.796885220952803,14,12.037904041349863,1.2855872717515227,2,"ND"
1304394,7.012870967741936,"NM",13198,18709,"13198_20221231",0.6351411376364127,2.1214017366901334,186,7.780302015940957,1.36710320259135,4,"ND"
12140146,8.147748993288591,"N",131,148647,"131_20221231",0.3778408480738843,2.4878193724548705,1490,10.436115008093994,1.0112362657496243,4,"FL"
238437,5.183413043478261,"NM",13209,3610,"13209_20221231",0.6223287755639328,2.6650467362975445,46,10.84099340521745,1.0760722595728256,4,"OH"
536504,5.895648351648352,"NM",13216,7226,"13216_20221231",0.4059343590250166,2.73753200791128,91,8.991136378685686,0.4405962160473913,8,"OH"
785773,10.91351388888889,"NM",13220,5219,"13220_20221231",0.00031549622824259135,1.293814587933169,72,10.56158989042978,1.274247857726618,8,"OH"
659936,7.763952941176471,"NM",13232,6030,"13232_20221231",0.08590460364179188,1.5857212847255195,85,11.522161180924376,1.8695723853803723,4,"WA"
225020,8.036428571428571,"NM",13242,2907,"13242_20221231",0,2.2230811179027117,28,10.358224947439032,1.0094064378005498,4,"WI"
160956,5.365200000000001,"SM",13249,2229,"13249_20221231",0.05750170235303019,2.3401444154247963,30,10.245246693762503,0.5887233061914273,8,"MI"
73846,8.205111111111112,"NM",13251,1105,"13251_20221231",0.1317661940652506,2.433122444954935,9,23.754107710274027,1.3338201354873438,2,"NE"
989298,6.59532,"SM",13255,14995,"13255_20221231",0.7608695652173914,2.3695276335691013,150,9.848396197563837,1.068301446028937,2,"NE"
580371,5.580490384615384,"NM",13264,9181,"13264_20221231",0,2.740112943530034,104,9.45198116425208,1.0056615687960666,4,"WI"
195641,3.7623269230769227,"SM",13274,4084,"13274_20221231",0.1238121525176452,3.2521594338640853,52,10.58714173517979,1.1632724128821537,4,"OK"
1117965,7.4037417218543045,"SM",13297,12266,"13297_20221231",0.12068434421972586,1.842984363400453,151,9.313885566026716,0.9718907872412894,9,"NY"
441843,0.4564493801652893,"NM",13303,116266,"13303_20221231",0.7074629818381996,28.534247063673874,968,14.461502005720957,-0.7474496043050618,8,"AR"
520972,5.31604081632653,"NM",13305,7318,"13305_20221231",0.1224913936734066,2.7323580623837875,98,9.771448601882694,1.2825234362861377,4,"IN"
5328781,14.248077540106951,"NM",1331,64671,"1331_20221231",0.016256871090414682,1.7037140716085581,374,9.354361569352754,1.445406078012531,2,"CA"
1325575,5.1578793774319065,"SM",13339,22612,"13339_20221231",0.38189078462894777,3.075930002110431,257,11.055661204335795,1.0251318408423642,4,"OH"
1122225,5.474268292682927,"SM",13341,16514,"13341_20221231",0.07720252366471803,2.5607642957528634,205,11.088457336538985,1.194752929961429,4,"OH"
379476,5.198301369863014,"SM",13366,6321,"13366_20221231",0.5680462261309088,2.794885562082833,73,10.44981788097259,1.5586507485313625,4,"OK"
107411,6.7131875,"NM",13380,1305,"13380_20221231",0.09053870529651425,2.309598918431726,16,12.163669315488638,0.6280982424515548,7,"IL"
133796,8.919733333333333,"NM",13381,1301,"13381_20221231",0.001881467544684854,1.5415449657483182,15,11.95305237062287,1.314223730875048,2,"MO"
147269,7.0128095238095245,"NM",13382,2205,"13382_20221231",0,2.189391974166734,21,7.419991608834109,0.6747494850782554,2,"MN"
1421424,31.5872,"NM",13397,4485,"13397_20221231",0.5057000876936568,0.6499612567933841,45,20.861479916539487,0.7741979836479155,9,"NY"
387661,5.100802631578947,"NM",13407,5784,"13407_20221231",3.442088952213731,2.4957461971175805,76,12.875400275217663,1.4619890291311728,4,"TX"
249907,10.412791666666667,"NM",13411,2410,"13411_20221231",0.0740011075662457,1.7883920740160895,24,12.248589004747608,1.8567683036093217,2,"IA"
71844,6.531272727272728,"NM",13413,885,"13413_20221231",2.072457510695922,2.1491786073211268,11,8.045354872734338,0.7502637754832173,7,"KS"
65812,9.401714285714286,"NM",13415,583,"13415_20221231",0.04605535854096624,1.581745229329213,7,12.751525428861266,0.9474574438997095,2,"OK"
58758,3.672375,"NM",13416,1256,"13416_20221231",2.2912193468188495,3.143437949328177,16,10.208155118334759,1.5766770786851108,2,"OK"
7608489,7.827663580246914,"NM",13421,100146,"13421_20221231",0.618672805293727,2.6170841329366956,972,9.33476005976191,1.55092261335623,4,"NE"
217699,6.80309375,"SM",13430,3211,"13430_20221231",0.026380656383706645,2.3525512059702316,32,9.519027210018342,1.187324767161884,4,"MN"
83942,5.995857142857143,"NM",13450,981,"13450_20221231",0.08510058889607516,2.5195766595697515,14,9.325379196547566,0.11470195534614216,2,"KS"
745127,4.435279761904762,"NM",13454,10581,"13454_20221231",0.1277823076267783,2.3495817752695274,168,9.984666419731566,1.1224388430432044,2,"WI"
96274,7.405692307692307,"NM",13551,1186,"13551_20221231",2.7553455349061373,2.1365982475093026,13,10.785923259876661,1.8834364531159633,2,"OK"
373015,7.314019607843137,"SM",13561,5189,"13561_20221231",0.6314756912513029,2.6336935675396513,51,7.470342796367505,0.4075528732477564,8,"PA"
648602,7.050021739130434,"NM",13565,9304,"13565_20221231",0,2.379334247397206,92,10.08213208179685,0.942988514318545,4,"WI"
36597,4.574625,"NM",13582,594,"13582_20221231",4.10935202007094,2.9778268940775545,8,8.048640837582136,0.16331774556184028,8,"IL"
68331,5.256230769230769,"NM",13584,1222,"13584_20221231",3.5760079783444936,2.8557898742929524,13,8.960023821931065,0.14961666177628385,2,"KS"
377767,6.745839285714285,"N",13599,5724,"13599_20221231",0.006675488783215466,2.794547720956925,56,9.064304740036963,0.7228085204595617,4,"TX"
140971,5.221148148148148,"NM",13600,1447,"13600_20221231",0,2.550752767140534,27,8.804075223973912,1.037495555672128,5,"TX"
34745,6.949,"NM",13611,415,"13611_20221231",0,1.9760304004676994,5,10.033989317643027,0.7541654486992108,2,"NE"
112766,12.529555555555556,"NM",13616,665,"13616_20221231",4.7503992792497645,0.9956850654422762,9,24.023814006868047,1.9805962618265658,2,"IA"
982277,9.9219898989899,"NM",13622,8968,"13622_20221231",0.6971635668671049,1.645942928253838,99,9.694907539580537,1.2653525085997945,2,"NE"
481308,7.639809523809523,"SM",13632,4918,"13632_20221231",0.02226134230035823,1.8799309664694281,63,10.684531868592334,1.1528567164953807,4,"AR"
249932,6.2483,"NM",13652,3204,"13652_20221231",0.26936831140569123,2.416231742306721,40,9.13501981103322,0.9788775220187899,2,"MN"
263601,6.759,"NM",13656,3751,"13656_20221231",0,2.179228109499071,39,8.033680987465313,0.7904544408669641,2,"IA"
1014460,5.483567567567568,"NM",1365,14308,"1365_20221231",0.6091887317916114,2.5473960608480244,185,9.18214750230712,1.0482674118339748,2,"KS"
201636,9.601714285714285,"NM",13662,2014,"13662_20221231",0.042059678009798346,1.6188468733158687,21,12.368252127637545,0.972764670019497,2,"NE"
147293,8.66429411764706,"NM",13692,1684,"13692_20221231",0.7338101619387442,1.854367291772259,17,9.565105104696919,1.8604494002365264,2,"NE"
18724,4.681,"NM",13696,374,"13696_20221231",0.6032523168386081,3.081232492997199,4,14.823688733788218,0.4619391616295641,2,"NE"
578554,5.964474226804123,"N",13703,6614,"13703_20221231",1.1592157505768264,1.979359257720204,97,10.201383375274185,1.1470982446067814,8,"OH"
423090,8.814375,"NM",13712,5506,"13712_20221231",0.13988288874430707,2.154484104321791,48,9.07795713254215,0.6669035566139373,2,"IA"
84012,6.462461538461539,"NM",13715,1052,"13715_20221231",2.732549907971117,2.0759222379346958,13,11.871451868018685,0.6936051319440026,8,"IA"
1684434,7.077453781512605,"NM",13716,16589,"13716_20221231",0.5183786788402746,2.2629853946698995,238,10.893581604575377,1.4594148492611754,4,"OH"
1302709,,"NC",13718,0,"13718_20221231",0,0.43468055997356403,0,96.30166117052424,1.6500103458605748,9,"UT"
15398,3.0796,"NM",13729,273,"13729_20221231",0,2.9647198339756895,5,15.01907286480895,0.28358189716289206,2,"KS"
271931,12.949095238095238,"NM",13735,2636,"13735_20221231",0,1.4357046439939818,21,12.82074513667886,1.6062719252443445,2,"IA"
71803,8.975375,"NM",13736,665,"13736_20221231",0.35219141323792486,1.597995668699726,8,16.129466287935415,1.059345443295324,2,"IA"
255162,4.8143773584905665,"NM",13737,4362,"13737_20221231",0.11310711909514304,3.2024629915200857,53,7.916367531375614,0.335100887086515,8,"IA"
884021,6.314435714285715,"NM",1373,11570,"1373_20221231",0.6190728950528099,3.347998385405692,140,9.867510745558292,1.8146415270609562,4,"LA"
308456,15.4228,"N",13748,2228,"13748_20221231",0,1.4184496481699458,20,7.97212104230877,1.1077837470508853,4,"NY"
72271,5.162214285714286,"NM",1374,891,"1374_20221231",0.0323642051890609,2.612340438637999,14,11.053899177809152,0.5837866896634757,4,"LA"
224302,11.80536842105263,"NM",13753,1728,"13753_20221231",0.7625571208265135,1.372773517684396,19,12.623689709361564,0.7838709992600967,8,"IA"
434338,5.869432432432433,"NM",1376,6408,"1376_20221231",0.5721000478319329,2.5310988928430027,74,10.551561506191605,0.8407037021844008,4,"LA"
49078,7.011142857142858,"NM",13774,703,"13774_20221231",0,2.2083141890913005,7,14.417763692507721,1.1859081821455624,2,"IA"
199379,4.334326086956522,"NM",13775,2978,"13775_20221231",0.2599335188620903,2.6330985102205795,46,13.305460161346042,0.8721762227790135,4,"TN"
184679,5.276542857142857,"N",13784,2495,"13784_20221231",0.2300868880748388,2.336912661874715,35,9.281581354565285,0.685236524204373,7,"MI"
101743,4.239291666666667,"NM",13788,1553,"13788_20221231",0,2.6679396806942037,24,10.569901961735015,1.153027322320222,4,"MO"
114178,8.782923076923076,"NM",13794,1381,"13794_20221231",0.3409733541798343,1.9456434195464394,13,10.290739345377025,1.3732903071420024,2,"ND"
97264,6.484266666666667,"N",13798,1139,"13798_20221231",0.8130849957454855,2.0630452118019478,15,17.550791823527582,1.1417731918903897,7,"KS"
236936,7.643096774193548,"NM",13801,2398,"13801_20221231",0.13753975758617726,1.9786095790672604,31,9.602090561728666,1.0326590403852471,8,"IN"
117909,4.71636,"SM",13802,1755,"13802_20221231",0.005962673662870431,2.644900501769542,25,8.396223222444075,0.6905320947680429,8,"OH"
197433,8.974227272727273,"N",13809,2597,"13809_20221231",0.042096400757735214,2.386277012436101,22,8.261904507754876,1.0643509436366314,4,"MN"
135207,4.22521875,"NM",1380,2340,"1380_20221231",0.8902817562105138,2.8492803913760736,32,12.31622349630566,1.2593150918709823,4,"LA"
133251,6.66255,"N",13813,1880,"13813_20221231",2.17571406028089,2.367817935482237,20,10.865238681595601,0.9623217277895721,7,"IL"
165376,7.51709090909091,"SM",13816,2040,"13816_20221231",0.40788812211507697,1.898635852079546,22,13.904430145791958,1.3394810711579308,2,"IA"
195965,8.9075,"NM",13819,2234,"13819_20221231",1.0287301871815224,1.9924911078909233,22,9.65644203593746,1.595090677556756,2,"NE"
380631,4.585915662650603,"NM",13821,5726,"13821_20221231",0.22198197709688244,2.7286316075553745,83,10.816075123864687,1.4357929066449246,2,"AR"
48609,2.5583684210526316,"NM",13832,1263,"13832_20221231",1.9057948559033158,4.482274185562528,19,10.5173348322727,1.7852614290947297,7,"GA"
592663,4.8578934426229505,"SM",13838,11142,"13838_20221231",0.3498806462303926,3.388859499383392,122,9.615979350273067,1.295100081837297,4,"KY"
340251,5.48791935483871,"NM",13843,4934,"13843_20221231",0.33467048710601716,2.557101549735683,62,13.130263803699455,1.0302012703207564,2,"IN"
972103,8.679491071428572,"SM",13868,9255,"13868_20221231",0.026044794152075553,1.7735751778456679,112,8.903596260811806,1.2259695811234033,2,"NE"
47523,6.789000000000001,"NM",1386,363,"1386_20221231",0,1.574799811787048,7,9.702902284046026,0.9135110617499566,2,"MN"
5453779,7.5746930555555565,"NM",13876,69412,"13876_20221231",0.5012634154369721,2.522638137160457,720,9.221158841298138,1.2232243095731443,4,"PA"
2192138,6.6028253012048195,"NM",13879,35066,"13879_20221231",0.671826460446378,2.5602322841966063,332,10.964660578260368,1.0425650080812154,4,"PA"
150992,7.9469473684210525,"NM",13883,1913,"13883_20221231",0.4398303511502706,2.374263464502826,19,9.92771377083038,0.9428988969484242,2,"KS"
268303,7.060605263157894,"NM",13887,2770,"13887_20221231",0.803574369051409,2.0823792296887342,38,11.111981788903298,1.1237932189740862,7,"AL"
341950,7.598888888888888,"NM",13892,5024,"13892_20221231",0.10160421313406492,2.3698157734425864,45,8.605732670371454,1.253564469403892,2,"NE"
342121,5.106283582089552,"NM",13897,4442,"13897_20221231",0.16290703512915403,2.6893627409806187,67,7.990816834677703,0.8904114141860335,5,"MO"
23852,4.7704,"NM",13902,342,"13902_20221231",1.25719478945774,2.3564414864842713,5,13.301825993555315,-0.008196318213858335,2,"IL"
227034,3.8480338983050846,"N",13905,4695,"13905_20221231",0.6332193624986213,3.436819745416173,59,10.534533839871171,1.0003971514774654,4,"OK"
554007,5.485217821782179,"N",13919,9256,"13919_20221231",0.03847515798648943,2.6149200804350308,101,9.826260682571679,1.7300677474953376,4,"TX"
62711,5.2259166666666665,"NM",1391,798,"1391_20221231",4.6705119697820425,1.9095432336725087,12,9.405816610838055,0.6350202459396058,2,"MN"
35959,5.993166666666667,"NM",13926,432,"13926_20221231",0,2.0815140680693545,6,18.145549962514725,0.4942909396470762,2,"KS"
41449,6.908166666666666,"NM",13931,323,"13931_20221231",9.02826171118854,1.9994016753091342,6,11.567945909913343,1.0071798962903868,2,"IA"
225163,4.690895833333333,"NM",13946,3183,"13946_20221231",0.9727626459143969,2.6981803338107424,48,10.697873156779476,1.714624542092317,2,"OK"
345425,10.467424242424244,"NM",13947,3042,"13947_20221231",0,1.4533303291487734,33,8.927948264956706,1.3246996656163232,2,"CO"
805257,7.126168141592921,"NM",13951,6823,"13951_20221231",0,1.814009601071015,113,9.21301083788829,1.3851169180321414,7,"LA"
971627,9.16629245283019,"SM",13953,10222,"13953_20221231",0.16473708671416856,1.9234379342770602,106,11.158236640933065,1.6906063630033212,2,"IA"
187721,2.1331931818181817,"NM",13955,5062,"13955_20221231",0.8303273023357097,4.566388383682181,88,11.798086296378994,2.2736940773119323,8,"TN"
49551,4.12925,"NM",13957,919,"13957_20221231",4.966778771224674,3.316460115203351,12,9.062750732371764,-0.3301281808039949,2,"KS"
78714,3.4223478260869564,"NM",13959,1747,"13959_20221231",0.18769062328927816,8.21301074878654,23,26.193255684380883,2.774420623379378,7,"KS"
52684,2.508761904761905,"NM",13960,2187,"13960_20221231",0.23038321167883213,5.922205078827392,21,14.207512375036396,0.8410575283349382,4,"MO"
134788,5.860347826086957,"SM",13962,2076,"13962_20221231",0,2.561820530411189,23,8.401376973265558,1.1619354878583923,2,"NE"
109500,6.4411764705882355,"N",13983,1048,"13983_20221231",0.2773690938472299,1.7508718462319912,17,10.17767620171041,0.7305021439430244,7,"IL"
14668,1.629777777777778,"N",13986,859,"13986_20221231",0,13.625215117145684,9,12.190352020860495,-9.241568085423527,7,"CO"
45815,6.545,"NM",13990,448,"13990_20221231",0.19956616052060738,2.0113633433328464,7,11.800232798190322,1.0465106284221113,2,"IA"
35497,5.071,"NM",13999,580,"13999_20221231",0.22061943148069582,2.8560139978551673,7,9.949009494783729,0.4374329739797934,2,"SD"
3163444,7.108862921348314,"SM",1399,46827,"1399_20221231",0.15157314699429492,2.519139308613064,445,7.310745695740607,1.4843392835488594,4,"MN"
424408,8.007698113207548,"SM",14009,5077,"14009_20221231",0.008183417667998745,1.9999440318449628,53,9.810643417000083,1.532701688357385,4,"MI"
930088,5.439111111111111,"NM",14017,11931,"14017_20221231",0.22942844700309092,2.466922578713087,171,9.525007359040917,0.9082521225531813,4,"MD"
65975,10.995833333333332,"NM",1401,449,"1401_20221231",0.05792827426404761,1.29403111123219,6,9.980495622854898,0.8354446472516595,2,"MN"
49885,7.126428571428571,"NM",14024,807,"14024_20221231",0.28174625761284083,2.704937112218771,7,6.591445398481033,0.9310762760159568,8,"KS"
368809,6.585875000000001,"NM",14025,3939,"14025_20221231",0,1.858619621161528,56,9.037072430366228,1.9682462975827315,4,"MO"
88549,6.811461538461539,"NM",14026,1480,"14026_20221231",0.22427286531947205,3.5157372163171505,13,13.637506571879216,1.3735277219189888,2,"NE"
3149346,6.672343220338983,"NM",14028,36256,"14028_20221231",0.6983510230135879,2.2978195759610998,472,9.352911331255289,1.0740733868609105,4,"LA"
572061,7.527118421052632,"NM",14029,9779,"14029_20221231",0,2.707249956743365,76,10.883579025806497,1.184218242209643,4,"OK"
1316544,6.89290052356021,"NM",1402,15076,"1402_20221231",0.49046564706160284,2.253214329749167,191,9.012359199765925,0.9857917967299842,2,"MN"
423510,6.050142857142857,"SM",14036,4257,"14036_20221231",0.05320575124844991,1.8938862612650094,70,11.335509042743002,1.1768437099249054,4,"MO"
331577,5.817140350877193,"NM",14056,3746,"14056_20221231",0.06518690821777116,2.4983109511550907,57,10.533341314497784,1.0214800640711457,4,"MO"
317286,7.378744186046512,"NM",14058,5001,"14058_20221231",0.41576713917073005,2.2886971313312148,43,13.265808890025385,0.8886946643665158,2,"NE"
2038739,5.961225146198831,"NM",14065,29247,"14065_20221231",0.02316952014519566,2.715462660126849,342,8.61449328942312,1.1785752985327496,4,"GA"
59002,11.8004,"NM",14069,622,"14069_20221231",4.614001508033176,1.8851642198913074,5,19.586318465449505,0.8561145412767065,2,"NE"
1165269,5.445182242990654,"N",14073,17716,"14073_20221231",0.27805098011571844,2.730767619938434,214,8.175017963032035,1.1028821521558554,4,"MI"
1315093,5.3242631578947375,"NM",14078,23869,"14078_20221231",0.3880506971108373,3.15870394590312,247,8.560934746501756,1.0448326274355573,4,"WI"
630557,5.838490740740741,"SM",14079,12369,"14079_20221231",1.6758903918661403,2.7694466675470686,108,10.047015716406603,1.2482080378551506,2,"IA"
55069,1.8356333333333335,"NM",14083,2676,"14083_20221231",0.7870286848277106,6.218700385842093,30,14.391624992703003,-1.5758752114122574,5,"KS"
74745,4.1525,"N",14095,1122,"14095_20221231",0.3079416531604538,2.537018578187822,18,10.013929732239593,1.1474535802869794,4,"TX"
46701,5.189,"NM",14096,726,"14096_20221231",1.7127493610382714,2.697315683428299,9,9.783363577301342,0.7041185518989536,2,"NE"
359764,5.6213125,"NM",1409,6055,"1409_20221231",0.4267680110897381,2.9145671161659843,64,8.745921167026093,0.6752411200248385,2,"MN"
431450,4.494270833333333,"NM",14113,7131,"14113_20221231",0,2.693228997687482,96,9.79391625697766,1.0886870255535375,4,"IN"
838127,5.513993421052632,"SI",14134,14333,"14134_20221231",2.1004746451485574,2.9634999147194265,152,11.538503440887549,0.22175291875104258,5,"VT"
228201,3.741,"SI",14136,4049,"14136_20221231",0.5551824170798977,3.264719543474172,61,10.03247059226703,0.46492387818726943,8,"VT"
151800,7.590000000000001,"NM",1413,1376,"1413_20221231",0.4537067187669597,1.6380954375475296,20,8.03570845069502,0.8684589075611553,7,"MN"
1414255,7.482830687830688,"SI",14140,18324,"14140_20221231",0.25282684441906816,2.4460669830673236,189,10.339156796419188,0.7064306141122418,4,"VT"
1335789,7.105260638297873,"NM",14158,19110,"14158_20221231",0.24951310073896266,2.6039799919568063,188,7.838418494947535,1.0756454551245507,4,"VT"
146645,5.056724137931035,"SB",1415,2124,"1415_20221231",0.017567804970337435,2.6422713562828726,29,10.547373676140213,0.911223559975959,4,"MN"
368796,4.553037037037037,"NM",14168,6615,"14168_20221231",0.5485221969606319,3.0346794489257825,81,10.230963253597983,0.5549740351433559,8,"VT"
86198,7.836181818181819,"NM",14178,1102,"14178_20221231",0,1.9211590176488398,11,13.949031737493275,0.812541183594237,2,"MO"
336354,6.864367346938775,"N",1417,3689,"1417_20221231",0.05213621271574788,2.0426759597806217,49,8.727313287760728,0.9237888482632541,4,"MN"
300239,5.361410714285715,"NM",14184,4204,"14184_20221231",2.4542625709823107,2.7129608928321614,56,10.032419836887696,0.6105796322663225,4,"AL"
546799,7.194723684210526,"SM",14185,7035,"14185_20221231",0.35425501093054496,2.529215706215734,76,12.618185782414363,1.8500584005941763,2,"MO"
197382,5.482833333333334,"NM",1418,2776,"1418_20221231",0,2.4811093467666865,36,8.043224991114094,1.1620880625151555,4,"MO"
327907,7.807309523809524,"SM",14195,4663,"14195_20221231",0.0020826463492945035,2.133480104882246,42,11.539636617575539,1.725548918480287,2,"IA"
1845506,4.373236966824645,"NM",14207,44303,"14207_20221231",0.6042546450379832,4.52886509774397,422,9.231750457125177,0.1833587978078599,4,"IA"
203300,5.647222222222222,"SM",14208,2579,"14208_20221231",0.026579956940469752,2.265526171163212,36,9.0076797360507,1.3333000911630386,2,"IA"
1040259,7.1250616438356165,"NM",14209,15242,"14209_20221231",0.061441642008601825,2.1607277234632636,146,13.340374067386637,1.0812646785733793,4,"IA"
828402,6.228586466165414,"SM",14222,10755,"14222_20221231",0.5610450201717831,2.116168436001994,133,9.244002936653889,1.5981916509319751,2,"WI"
157945,7.521190476190476,"N",14225,1858,"14225_20221231",0.6602936828619297,2.2482278749581415,21,9.334196471921024,0.8576241637844872,8,"IN"
184684,8.029739130434782,"NM",14230,2579,"14230_20221231",0.2005699741670951,2.8108692906662376,23,8.961867221754728,1.1908474072385191,4,"IA"
1297773,6.424618811881189,"NM",14240,19813,"14240_20221231",0.2325771439999828,2.534667565615248,202,8.150375917783071,0.31097349194486007,4,"NH"
209991,8.076576923076924,"NM",14247,1929,"14247_20221231",0.0008650369370772132,1.3802768449042548,26,13.544199582607364,1.3826266522670472,2,"IA"
78251,1.7389111111111113,"NM",14251,4298,"14251_20221231",0,8.507261645973086,45,10.448637644848105,-1.017563981169065,4,"IA"
69363,4.6242,"NM",14260,1081,"14260_20221231",0.1288441325060184,2.5798315356716714,15,19.03671063382748,1.1090174489349889,2,"OK"
900683,7.322626016260163,"SM",14264,13291,"14264_20221231",0.022712271014173877,2.4165993184450683,123,9.290212743751896,1.238345582999767,4,"NE"
1248794,7.218462427745665,"N",14266,18371,"14266_20221231",0.5064030569094075,2.3119613160081385,173,11.172257183732645,1.5382588156677872,4,"WI"
373570,10.376944444444444,"NM",14269,3534,"14269_20221231",0.004969579076652208,1.3762874021741172,36,10.310310853687334,1.936707461771532,2,"KS"
792654,4.718178571428571,"NM",1426,13496,"1426_20221231",0.21614884768279705,2.789491856542948,168,12.27630374651719,1.4806956244595866,2,"MO"
144775,8.516176470588235,"NM",14275,1568,"14275_20221231",0,1.869846314405408,17,13.083228247162673,1.5241790217541915,2,"NE"
572592,4.617677419354838,"NM",14276,9965,"14276_20221231",0.7699334125670156,2.7933626327851195,124,10.79045970180108,1.7441500356997732,4,"MI"
82894,6.376461538461539,"NM",1427,1042,"1427_20221231",0.43671410285370077,2.087782021402511,13,12.356725578643792,1.0481617512476664,8,"MO"
78266,5.590428571428572,"SM",14281,1413,"14281_20221231",0.7238941025019123,2.627445856168156,14,11.562464106589074,0.7276398080465689,2,"NE"
115303,3.719451612903226,"SM",14291,2601,"14291_20221231",0.25511031359111,3.9411821404474523,31,14.266364068568969,1.198597738818145,4,"IA"
118287,5.632714285714286,"NM",14293,1581,"14293_20221231",0.13238365155131265,2.1469744788160097,21,10.987772631280059,0.7987559079955298,2,"MO"
226220,17.40153846153846,"NM",14311,1826,"14311_20221231",0.008820286659316428,1.2428691421971791,13,9.293382039846708,1.337363944983026,2,"NE"
541855,12.601279069767441,"SM",14312,3690,"14312_20221231",0,1.2341225642142208,43,10.115431522109313,0.8570030783474313,2,"NE"
81079,4.05395,"NM",14316,1699,"14316_20221231",0.3809468838833494,3.498453904972466,20,9.7375220998232,0.9296947035420096,2,"WI"
418248,13.491870967741935,"NM",14327,3555,"14327_20221231",0.5088262692911744,1.6194465007659138,31,13.425363044810378,2.0309043959036415,4,"NE"
589276,3.367291428571429,"SM",14331,11736,"14331_20221231",0.19024563328392652,3.899629212830357,175,9.2591696673555,1.1839599371196543,8,"OK"
408101,5.36975,"NM",14333,7239,"14333_20221231",0.04468186512034315,3.0388206742370376,76,13.023652557407248,0.8928196051635233,8,"PA"
481509,6.506878378378379,"NM",14334,5791,"14334_20221231",2.0581541941910597,2.4301906338069674,74,10.340797463131416,1.4506289285178073,4,"MO"
40042,5.00525,"SM",14344,627,"14344_20221231",0.3726590876928157,2.839966624109055,8,12.065266336450083,1.279241603249123,2,"KS"
219555,4.989886363636364,"SM",14345,3564,"14345_20221231",0.07978260739158863,2.7846820598378317,44,9.624501822714995,1.4582492253963004,2,"KS"
131450,5.477083333333333,"NM",14349,1650,"14349_20221231",0.836387099915996,2.302487215321072,24,9.06853138081874,0.6909796036516094,8,"MO"
192470,6.873928571428571,"SM",1434,2719,"1434_20221231",0,2.1023220063464363,28,13.307181496184162,1.348747591522158,2,"NE"
168363,6.4755,"NM",14352,2272,"14352_20221231",0.6232496842567679,2.340582983810312,26,8.0655124335963,0.7818092191718273,2,"IA"
359418,5.61590625,"N",14355,5762,"14355_20221231",0.12240246493239726,2.9102842116875696,64,11.83776080877608,0.509608465922095,4,"OH"
1451067,6.308986956521739,"NM",14359,16756,"14359_20221231",0.2690410230791615,2.0346843973122994,230,8.383427572793247,1.0024158308262094,4,"PA"
1310158,10.235609375000001,"NM",1435,11145,"1435_20221231",0.10715948507274853,1.4200644024262705,128,9.959845878587656,1.8730710113593978,4,"NE"
1784652,6.283985915492958,"NM",14382,19568,"14382_20221231",0.28597917497960607,1.8146044172835503,284,9.218935294308054,0.9061684805927851,2,"IA"
111284,7.948857142857143,"NM",1438,1556,"1438_20221231",0,2.1590772668926097,14,13.816189896530737,0.8200430337898362,2,"NE"
177871,12.70507142857143,"NM",14392,1832,"14392_20221231",0.3135740353612302,1.8224527990933455,14,19.46932232097842,1.7417433688454826,2,"IA"
80588,3.503826086956522,"N",14399,1172,"14399_20221231",0.22746419545071608,2.7105207287886977,23,11.051342450983839,0.3341407395970046,2,"TX"
124929,9.609923076923078,"NM",1439,956,"1439_20221231",0,1.4785369375803679,13,17.30532199690682,2.2272028869060203,4,"NE"
29818,4.259714285714286,"N",14400,330,"14400_20221231",0,2.3361108190516244,7,11.643075681672999,0.3384239301861003,7,"WI"
55948,6.216444444444445,"SM",14404,643,"14404_20221231",1.483004505883897,2.2015105254700305,9,10.430306998399534,1.2569857339261166,2,"TX"
681375,7.487637362637362,"NM",14410,11215,"14410_20221231",0.016604519299166287,2.4817293956642694,91,8.299737032938252,1.0943350847846927,4,"IA"
210861,6.589406250000001,"SM",14413,2964,"14413_20221231",0.031120521848436954,2.3935564603566886,32,8.61462763084236,0.5786734798331248,2,"IA"
162426,12.494307692307693,"NM",14415,1597,"14415_20221231",0.5035894139076396,1.4483771952661368,13,12.710772029234906,1.9557219471370897,2,"IA"
277174,5.54348,"NM",14420,4682,"14420_20221231",0.08032128514056225,2.879960296156315,50,10.337828592279505,1.082072903319709,2,"KS"
366657,4.700730769230769,"N",14427,6219,"14427_20221231",0.11133046668649882,2.694151008934156,78,9.52282568940534,0.9468778684037296,4,"LA"
449750,9.369791666666666,"NM",14445,3791,"14445_20221231",0,1.7054486781225255,48,14.436509334877131,2.175197883858922,2,"WI"
183447,6.1149000000000004,"N",14468,2638,"14468_20221231",0.06304299013765825,2.433158606839861,30,14.397326344535966,0.5967221763659726,2,"WI"
301621,5.29159649122807,"NM",14488,4289,"14488_20221231",0.040011816573866675,2.576142428527626,57,11.901523939042438,1.1584851602724564,4,"MO"
179620,3.9915555555555557,"SM",14491,2846,"14491_20221231",0.5118362124120281,2.7712042151817284,45,12.732561891037362,0.9304258475013047,8,"VA"
520412,4.265672131147541,"NM",14492,8974,"14492_20221231",0.18107954532057918,2.8557349612195857,122,9.479634591075898,1.2451573916908831,2,"MO"
582728,5.603153846153846,"NM",14507,8358,"14507_20221231",0.24593460897546401,2.9458527983795646,104,7.769820290567816,0.6858968200248642,4,"WV"
379172,5.416742857142857,"SM",14513,5665,"14513_20221231",0.027484895154602534,2.8105217914014697,70,9.139195133872807,1.1095333170737567,2,"MI"
1918861,7.296049429657795,"SM",14521,28050,"14521_20221231",0.6855595281862297,2.3027182173788803,263,8.926300017948325,1.3165203817508881,2,"IA"
317675,7.2198863636363635,"NM",14522,3218,"14522_20221231",0.7906887724586713,1.9860554220406839,44,10.348553591062469,0.861301139755173,2,"IA"
151975,5.24051724137931,"NM",14523,1929,"14523_20221231",0.6485108441806154,2.652239906790803,29,9.30279541796583,0.5818894102808034,2,"OH"
8454890,9.415244988864142,"N",14531,96589,"14531_20221231",0.4197896719658298,2.10217397872851,898,9.639979794827969,1.8198368329460666,4,"TX"
239997,4.528245283018868,"N",14534,3766,"14534_20221231",0.1645354861482755,2.964702453584401,53,11.346178548490688,2.0242050368117224,2,"AR"
425243,6.0748999999999995,"NM",14546,3598,"14546_20221231",0.010495975197203225,1.6940609598644372,70,11.372021186974077,1.816307934486906,4,"MO"
91516,5.71975,"NM",14556,1291,"14556_20221231",0,2.2327887827848367,16,9.69550233390045,0.5403853067810135,2,"KS"
113830,6.695882352941176,"NM",14560,1418,"14560_20221231",0.2917390975738795,2.34943880410206,17,11.842426491411384,0.6470237790077908,8,"WI"
102200,6.8133333333333335,"NM",14561,947,"14561_20221231",0.8680506784279575,1.8094946643106051,15,14.337908464807308,0.622908419629019,5,"IN"
436090,6.229857142857143,"N",14567,5140,"14567_20221231",0.77790299638273,1.9777016003304844,70,10.321298185577952,0.8461923435624559,2,"IL"
68398,6.218,"NM",14574,957,"14574_20221231",1.780852571513818,2.5111876075731496,11,9.048971458160079,1.432013769363167,2,"MN"
1176849,7.641876623376623,"NM",14578,12469,"14578_20221231",0.04389956635794208,2.029307630535703,154,8.899085186260509,1.3819173558155122,9,"IN"
69372,8.6715,"NM",14581,612,"14581_20221231",4.956463496316142,1.4368188427705553,8,10.155097539119046,0.6996933442750399,2,"NE"
270211,4.033,"N",14584,4207,"14584_20221231",1.3407202216066483,2.606325106934974,67,10.024416662077067,0.5016479097641819,7,"CO"
781550,1.532450980392157,"NM",14587,59454,"14587_20221231",2.591726736540007,14.681118723046188,510,10.29504738763464,0.7946752898745391,5,"MI"
350650,5.844166666666667,"SM",14597,4456,"14597_20221231",0.2626249841792178,2.2899091680858854,60,10.578905076337211,2.1654700780029046,8,"AR"
160131,6.40524,"NM",14604,1718,"14604_20221231",0.22284756900954827,1.8861499460829754,25,9.169318845219488,1.256172080440417,2,"MO"
178425,5.406818181818182,"N",14619,2421,"14619_20221231",0.48527292379751397,2.402258295415053,33,7.951898505167462,0.6847155380943504,8,"NY"
545780,6.346279069767442,"NM",14633,8230,"14633_20221231",0.20392165033296786,2.681832534330796,86,10.096696152932795,0.82354441371228,2,"IA"
52978,4.075230769230769,"SM",14636,996,"14636_20221231",0.14012143858010276,2.9955820823445523,13,13.645696853550268,0.7073950131481153,2,"KS"
250949,5.228104166666667,"NM",14642,2735,"14642_20221231",0.8251361677912366,1.9685999784708579,48,11.052657473397153,0.9672625385956338,7,"SC"
659868,5.408754098360657,"N",14644,8675,"14644_20221231",0.20217123810413845,2.2288585326287205,122,9.176858027795037,0.6914855471174604,4,"AR"
914939,6.443232394366197,"N",14646,11083,"14646_20221231",0.26246719160104987,2.047349989693788,142,7.857691686975304,0.7777582255309315,4,"NJ"
122907,4.5521111111111106,"NM",14649,1883,"14649_20221231",0.006876727777854186,2.7462536938873123,27,10.349589246288392,0.4848739000242437,2,"IA"
205591,6.046794117647059,"NM",1464,2469,"1464_20221231",0.3597924917721872,2.5021394675937363,34,7.912285825545172,0.9926536710892213,5,"NY"
3979185,7.910904572564612,"NM",14650,42565,"14650_20221231",0.2369067845112865,1.8744801261094828,503,13.33438439708676,1.1986129866549249,4,"IA"
590524,12.564340425531915,"NM",14660,5398,"14660_20221231",0.00028910423942456697,1.4760033895693705,47,14.407433520013836,1.545849061448784,4,"WI"
469976,5.340636363636364,"NM",14662,10098,"14662_20221231",0.1457993819847092,3.6526560251823867,88,9.31917659019942,1.6916133122979866,4,"IL"
261957,4.36595,"N",14674,3453,"14674_20221231",0,2.3410787099547905,60,10.139151348565537,0.953897207499513,2,"IL"
722995,5.2773357664233576,"NM",14679,13445,"14679_20221231",4.049975187552909,3.8749782002613578,137,16.133886521333423,0.15020915804034085,4,"DC"
247960,7.513939393939395,"SM",1468,1707,"1468_20221231",0.10376355517754624,1.4617029563901136,33,8.215299690779537,1.38329090275286,2,"TN"
266870,7.849117647058824,"NM",14690,3041,"14690_20221231",0,1.909749375327864,34,8.899317016777962,1.2242750697634739,2,"IA"
447074,6.3867714285714285,"SM",14692,6475,"14692_20221231",0.3253936795070448,2.5112991841601993,70,8.46824765467667,0.9752180171469305,2,"IA"
111631,6.566529411764706,"NM",14694,1616,"14694_20221231",0.9938035753172451,2.566460252502606,17,8.121130576288445,1.1815366219593644,2,"IA"
352825,5.2660447761194025,"SM",14695,4392,"14695_20221231",1.3842171807533576,2.299757515107194,67,9.514626169030114,0.8128111719650333,2,"MO"
123049,4.394607142857143,"NM",14701,1631,"14701_20221231",0.10228671486277978,2.2690514465509604,28,11.90688725766334,1.2698511338715823,8,"MO"
241327,4.640903846153846,"NM",14705,4610,"14705_20221231",1.6650233584524732,2.938062444511963,52,9.157340102303756,0.9787899228224357,2,"IA"
1670754,9.71368604651163,"N",14712,19214,"14712_20221231",0.5647253890937131,4.022786836115751,172,20.86552430104628,2.4369816289909454,4,"SD"
340547,4.365987179487179,"NM",14722,7940,"14722_20221231",0.3768802321315412,3.8447455144635665,78,8.428397386200022,0.4716512157446633,4,"MI"
421640,7.146440677966101,"NM",14730,4784,"14730_20221231",0.05330879258390524,1.6979871143499552,59,10.285791130875923,1.8295835708698478,2,"CO"
130158,6.507900000000001,"N",14731,1533,"14731_20221231",0.15916986791961923,2.170669351634788,20,12.85886745388988,1.1152827859779157,2,"GA"
404673,3.8540285714285716,"NM",14735,6509,"14735_20221231",0.6006874074827037,3.4116600786334113,105,7.827418009274453,1.0762393010551428,2,"KY"
210766,4.30134693877551,"NM",14744,3472,"14744_20221231",0.374133727284738,3.3127859002994335,49,10.761351295823427,0.6344670184439221,4,"WV"
146591,6.107958333333333,"NM",1475,1823,"1475_20221231",0.26015938879009415,2.4364222174036243,24,11.245165768684098,1.1467081361735865,4,"TN"
286770,8.69,"N",14761,2507,"14761_20221231",0,1.7084689246440015,33,9.409281964525524,0.8056314670519559,2,"IL"
810907,17.62841304347826,"NM",14769,8291,"14769_20221231",0,1.5219959561372156,46,11.66681346212188,1.0141738379776088,4,"WI"
180286,4.872594594594594,"NM",14772,2593,"14772_20221231",6.3909813389147345,2.343259618855787,37,11.852998108069684,1.0748748147561935,8,"IA"
154443,5.940115384615385,"NM",14773,2124,"14773_20221231",0.16543248778950684,2.0759258422760976,26,9.597947182174783,1.744887621235489,2,"IA"
2961239,14.034308056872039,"NM",14778,21077,"14778_20221231",0.8190867362501744,2.4676576970262145,211,9.290773038887371,0.9037365656594267,4,"TX"
287246,5.862163265306122,"N",14779,3262,"14779_20221231",0.22642317255915817,2.133838110787929,49,10.167947245504593,1.0302569120811393,8,"TX"
84364,6.489538461538462,"NM",14785,1226,"14785_20221231",0,2.374455479601502,13,7.7294745840405366,0.9767354702576989,2,"IA"
364969,7.018634615384615,"NM",147,4294,"147_20221231",0.016444010977794913,2.116569415249302,52,10.626761063623233,1.225254932074577,4,"GA"
511811,7.9970468750000006,"NM",14801,6607,"14801_20221231",0.007975166558286197,1.7902290748103986,64,13.604834008992547,1.6423832125533295,7,"ND"
235943,6.939500000000001,"NM",14807,3110,"14807_20221231",0.19213583556747094,2.0357702275998832,34,12.9518627219949,1.1278398544567894,2,"IA"
230874,7.4475483870967745,"NM",14809,3664,"14809_20221231",0.012339850204948818,2.6775741926786134,31,11.588240414526762,1.812979868574173,2,"IA"
392830,2.9536090225563907,"NM",14812,9753,"14812_20221231",0.0005394208777456523,4.043404211395541,133,8.522169826249328,0.27714698596201487,2,"IA"
27304,3.900571428571429,"N",14820,480,"14820_20221231",0.3781194857574994,3.0353997632315997,7,8.525000869898047,0.566656079461785,5,"NY"
403361,12.60503125,"N",14836,2895,"14836_20221231",0.11990580893081579,1.3847971136857262,32,9.537870668533856,1.2263626864863455,7,"OH"
6574512,8.375174522292994,"NM",14843,75127,"14843_20221231",0.4118833595061461,2.0663093588701593,785,9.360019228766332,1.0798448349555412,4,"IA"
490857,5.11309375,"NM",1484,6831,"1484_20221231",0.5543288487213721,2.7478816347056823,96,9.64408456349511,1.000376718439917,4,"TN"
1188606,4.973246861924686,"NM",14851,25787,"14851_20221231",0.21128205128205127,3.54061708180003,239,12.372001236399392,2.7572963083055715,4,"TN"
37684,4.187111111111111,"N",14853,623,"14853_20221231",0.064217237741388,3.6169839074403396,9,7.380377378519679,0.060374541702342535,2,"MN"
301781,5.114932203389831,"NM",14857,4559,"14857_20221231",0.363973293847477,2.924514395821686,59,9.03719582656462,1.5517289460858847,6,"IL"
1153211,8.803137404580152,"NM",14863,16224,"14863_20221231",0.5224864232204692,2.582770840316587,131,10.930283643897955,0.6676479656468387,4,"PA"
98120,7.008571428571429,"N",14864,838,"14864_20221231",0,1.7176982219586547,14,11.47017078833338,0.7792586119000802,7,"TX"
370101,5.969370967741935,"NM",14867,6249,"14867_20221231",0.2778203493623501,2.901724547657301,62,9.435702408497965,1.8081769051379397,2,"IA"
149233,5.14596551724138,"NM",14868,2468,"14868_20221231",1.8554920728234712,2.9446305702655,29,9.541974425104986,0.7781260131849129,2,"IA"
1939730,8.015413223140495,"SM",1487,23171,"1487_20221231",0.07296875177893677,1.987244597472478,242,8.120303755631351,0.9221278895990334,4,"TN"
432063,6.858142857142857,"SM",14883,5515,"14883_20221231",0.2543082724273589,2.3397138245981015,63,8.92855889803451,1.1252766231983802,4,"IN"
787709,6.013045801526718,"NM",14885,13285,"14885_20221231",0.39374196044801874,2.7626283012711808,131,8.5197098035133,0.9688930271426748,7,"AK"
230631,7.20721875,"NM",14894,2353,"14894_20221231",0.016858076072068275,1.9018175087651867,32,9.816158373461745,0.9121639273704971,8,"KY"
668488,6.963416666666667,"SM",14899,11234,"14899_20221231",0.01637660803840989,3.323200213779092,96,9.021190524500355,1.4068032093656677,4,"OK"
375667,6.059145161290323,"NM",148,5280,"148_20221231",0.09358497292720426,2.091852540272615,62,10.067329272202628,1.3561028500619579,4,"GA"
117264,4.188,"NM",14904,1958,"14904_20221231",0.04377988819290093,2.7291035365417553,28,8.432475177928126,0.5860300697589663,2,"IA"
95696,7.361230769230769,"NM",14907,1067,"14907_20221231",0.1712753810256665,1.7663604836050864,13,12.642734687516235,1.016205027189223,8,"WI"
303108,6.735733333333333,"NM",14911,3453,"14911_20221231",0.011890606420927468,1.9853168702643347,45,12.455339261395498,1.1391611283171907,8,"WI"
121321,6.740055555555555,"NM",14912,1442,"14912_20221231",0.16400888171174807,2.0010345931831806,18,11.85273746701847,1.020634386264544,2,"NE"
194152,5.710352941176471,"NM",14914,3318,"14914_20221231",0.00314685094625808,3.1664613003983146,34,8.639798081123496,0.5748345129953863,4,"WI"
100195,14.31357142857143,"SM",14920,861,"14920_20221231",0.09188763454975059,1.6523018376289218,7,15.88006230529595,1.6424018865346803,2,"OH"
365524,5.7113125,"NM",14922,5297,"14922_20221231",0.3778895417893305,2.4158562015501746,64,9.527303274865604,1.1487968299038114,2,"NE"
62128,8.875428571428571,"NM",14926,592,"14926_20221231",0.774233508826262,2.052209804965653,7,14.788885725291841,-0.006614697195699124,7,"MI"
685738,5.575105691056911,"NM",14929,11430,"14929_20221231",0.07809693391437453,3.2026642173592115,123,8.517728431964617,0.6587381775212899,4,"MI"
194129,7.76516,"SM",14930,2567,"14930_20221231",0.17762146303529452,2.123175740903154,25,10.07023997762647,1.8492345420397212,2,"IA"
21271,2.658875,"SM",14944,337,"14944_20221231",0.4243542435424354,2.8878910590158213,8,11.070982080844562,0.798876064020275,8,"KS"
184032,5.751,"NM",14952,2883,"14952_20221231",0.1875468867216804,2.8412136214698944,32,7.757381197617939,0.7873841716442238,8,"KS"
130315,10.024230769230769,"NM",14960,1145,"14960_20221231",0,1.7092035844860065,13,10.25236089841756,0.86193742994466,2,"WI"
382789,8.3215,"N",14966,3936,"14966_20221231",0.28580192514618746,1.6413641028767694,46,8.568514021681553,1.138107286935138,8,"OK"
1294758,5.509608510638298,"NM",14969,20780,"14969_20221231",0.07254853330885756,2.746858174504064,235,8.387627719088675,1.0982954429135874,4,"PA"
432399,4.32399,"NM",14974,8683,"14974_20221231",0.06931900740513627,3.2309647505725936,100,8.183859831895143,0.710388618885351,4,"KS"
818495,10.360696202531646,"NM",1497,8415,"1497_20221231",0.03457695100446043,1.5468365359159466,79,11.848255676812801,1.2241827586070642,4,"TX"
129106,5.6133043478260864,"NM",14982,1970,"14982_20221231",0,2.6533302318368612,23,7.624337483051892,0.8412809180429557,8,"IA"
222733,3.90759649122807,"NM",14991,3936,"14991_20221231",0.14039922780424707,2.6821548001503372,57,12.60677557555444,1.1402333733123187,2,"OH"
1078437,9.893917431192662,"NM",14995,7600,"14995_20221231",0.09044530491566914,1.1902005945771321,109,9.293833570165363,1.2169193834349863,4,"WI"
70921,7.880111111111112,"NM",14999,592,"14999_20221231",0,1.5925681995539147,9,14.676794382195363,1.0017544539331316,8,"MI"
139349,4.805137931034483,"NM",149,1807,"149_20221231",2.3267316938052747,4.3946585018250275,29,10.583499832285726,-2.6239878957016938,2,"GA"
298020000,7.395587760875499,"SM",14,4186000,"14_20221231",0,2.719450716230288,40297,6.688016982651343,0.9104205257014174,1,"MA"
200202,7.414888888888889,"NM",15010,2609,"15010_20221231",0.8513815302600644,2.262220809971402,27,9.413114855337238,0.8902305271681751,2,"NE"
10625188,8.541147909967846,"SM",15019,117718,"15019_20221231",0.42775537780583206,1.8908690645924684,1244,10.190590354865481,1.4233375587115988,4,"NC"
957924,5.601894736842105,"SM",15032,15253,"15032_20221231",0.1529020228761877,2.7438020962837855,171,9.877002586110043,1.0365864353374141,4,"MI"
136866,4.147454545454546,"NM",15035,1881,"15035_20221231",0.14285896503781936,2.900880377274131,33,9.875696334210268,0.6204766416397617,4,"AR"
187356,5.063675675675675,"NM",15038,2799,"15038_20221231",0.4307323465769985,2.4447508784401557,37,11.159703483142582,0.836686144734391,8,"KS"
373102,7.315725490196079,"NM",15046,5086,"15046_20221231",0.5706976819810201,2.282216538270472,51,12.29838653035194,1.140836511986121,8,"WI"
294448,6.134333333333333,"NM",15050,3676,"15050_20221231",0,2.1447690280030156,48,9.529730494733224,1.0681471799016125,4,"AR"
447424,5.523753086419753,"N",15059,8401,"15059_20221231",0.06487648912220301,3.735960200869754,81,9.067287920029479,1.6574097342607303,4,"LA"
213964,5.943444444444444,"NM",15064,3330,"15064_20221231",0.43403769274700177,2.4412773207653102,36,11.618626331811264,0.548013485856805,2,"MI"
90982,7.581833333333333,"N",15078,812,"15078_20221231",0.081799591002045,1.7464579649398564,12,8.635123499693973,1.1439299670356058,2,"TX"
737722,5.018517006802721,"NM",15085,11933,"15085_20221231",0.2869140927907615,2.8067445312506347,147,7.911610529494528,0.9575712881954989,4,"SC"
1648757,7.231390350877193,"NM",15091,25441,"15091_20221231",0.6690340056070218,2.49315165613185,228,10.598955921562512,1.2955318605370372,4,"WI"
111313,3.9754642857142857,"NM",15092,1267,"15092_20221231",0,2.0049456481242407,28,17.466752009103192,0.9244930883960955,8,"WI"
36583,4.572875,"NM",15098,385,"15098_20221231",0,1.549773515088361,8,11.99637962244634,1.1749569359675052,2,"KS"
106051,5.581631578947369,"NM",15101,1294,"15101_20221231",0.5566238234996458,2.1599987134488816,19,14.371867743935113,1.4714928415491684,8,"MO"
330534,9.443828571428572,"NM",15104,3063,"15104_20221231",0.37989544568491934,1.7446396975591532,35,8.936022361967128,0.7885221940149243,7,"SC"
83870,4.6594444444444445,"NM",15105,839,"15105_20221231",0.0757493777729683,2.3663800877773102,18,12.568832435389684,1.1098418805988097,7,"TX"
323616,5.6774736842105265,"NM",15111,4739,"15111_20221231",0.27460126391814627,2.282617877378118,57,8.854510658036611,0.9451464648518769,2,"KS"
121638,5.288608695652174,"NM",15113,1854,"15113_20221231",0.18590521101375018,3.1929578166403396,23,10.713327969965137,1.264649120128811,4,"SC"
2040399,1.9069149532710281,"NM",15118,120300,"15118_20221231",10.978910178815703,9.160512478806835,1070,11.991392179492857,0.16255920928543185,4,"OK"
214920,9.76909090909091,"NM",15126,1456,"15126_20221231",0,1.1816386201310725,22,17.105057110182077,1.4938049513517366,4,"WI"
949124,11.166164705882354,"NM",15136,9052,"15136_20221231",0,1.4883520889541677,85,10.243499422634649,1.4787265297693388,4,"WI"
551193,7.34924,"NM",1513,6797,"1513_20221231",0.11001473518594687,2.0461956705426156,75,8.661017226966514,2.8597433467824507,4,"WI"
147573,6.707863636363637,"NM",15146,1836,"15146_20221231",0.5272255834053586,2.6304595579383294,22,9.84771175131486,0.6547724147525107,4,"WI"
100003,5.00015,"NM",15152,1384,"15152_20221231",0.03298198359146316,2.3147395791013246,20,9.066826967162172,0.997399853741773,2,"WI"
224724,6.242333333333334,"NM",15164,3024,"15164_20221231",1.9578652297368937,2.322344585771079,36,13.683286516853933,0.7809848389838164,2,"KS"
200081,5.407594594594595,"NM",15165,2731,"15165_20221231",0.3192083632591174,2.3703389951310303,37,9.796988885829796,0.9418228395602248,4,"MI"
265623,5.5338125,"NM",15194,4092,"15194_20221231",0.6254664579576902,2.5280695400217312,48,15.535638882654363,1.5627442383575745,2,"KS"
672645,6.1149545454545455,"NM",15200,11078,"15200_20221231",0.055279701568022456,2.7835551714460376,110,11.375368329998786,1.1918827733995594,2,"IA"
444357,8.228833333333334,"NM",15205,7011,"15205_20221231",0.001671402306535183,2.4040334791004225,54,9.204004320427153,0.6468444461017941,4,"TN"
711286,6.239350877192983,"NM",15206,10654,"15206_20221231",0.6220454577022979,2.40224911502606,114,9.636350917866672,1.178021803752237,4,"TX"
111527,5.069409090909091,"N",15214,1169,"15214_20221231",0.05001100242053252,2.2170096718044987,22,15.228948270256495,0.7673923033657029,2,"OH"
157671,6.306839999999999,"NM",15216,2086,"15216_20221231",0.05151688609044075,2.375403031958138,25,9.020677552266138,1.196196334768853,4,"GA"
2108480,15.503529411764706,"NM",15219,16683,"15219_20221231",0.62506576243729,2.2857683782201423,136,8.080402512139061,1.2996536181412859,4,"IA"
144800,4.137142857142858,"NM",15228,3553,"15228_20221231",0,3.8698852945763993,35,8.567818838489954,0.8958067811519443,4,"WI"
2978956,9.109957186544342,"NM",15229,51946,"15229_20221231",0.14960933522999317,2.8021881103701247,327,10.33993912055475,1.557681553302184,4,"WI"
103837,6.1080588235294115,"NM",15237,1213,"15237_20221231",0.3597122302158274,2.1988033338585415,17,15.349299309767831,0.7746817441752417,2,"KS"
316202,6.32404,"NM",15242,3479,"15242_20221231",0.10513280272442306,1.7962763123744996,50,8.149750050930061,0.9925156188491663,8,"WI"
634206,8.932478873239436,"SM",15243,6638,"15243_20221231",0.5879868846109362,1.4447077867848972,71,15.229588104386933,0.8782290783024735,4,"WV"
170162,4.0514761904761905,"NM",15249,2563,"15249_20221231",0.161195299970543,2.7238939265668045,42,9.672823970748848,0.8624950452412294,4,"KY"
66590,3.6994444444444445,"NM",15254,1204,"15254_20221231",0,2.8811909325625975,18,8.324680601327254,1.1639648573311647,2,"KS"
98496,5.4719999999999995,"NM",15255,1051,"15255_20221231",0.32366558309058413,2.3562168607453637,18,9.622744108262284,1.1078130417501755,4,"TN"
70188,5.013428571428571,"NM",15258,995,"15258_20221231",0,2.7072544313923625,14,13.00710999581765,1.0722355549941756,2,"KS"
126827,7.460411764705882,"NM",15259,1506,"15259_20221231",0.017557861133280128,2.1915346244131455,17,8.458442722170693,0.7385696756295347,2,"KS"
143644,5.745760000000001,"NM",15261,2371,"15261_20221231",0.0013164823591363876,2.4099274873127055,25,12.374079299026661,0.5939913306376153,2,"KS"
576639,6.628034482758621,"NM",15264,7343,"15264_20221231",0.05829422139846342,2.370505609705822,87,8.934495160049384,0.9446073817816213,4,"MO"
266215,6.655375000000001,"NM",15270,4150,"15270_20221231",0.2572048195058061,2.765951838596975,40,13.907051683143537,0.34988908133496927,4,"AL"
542207,5.115160377358491,"NM",15271,8003,"15271_20221231",0.04929596400498337,2.64944215026402,106,9.246685415829651,0.5324526496118412,4,"WI"
631282,10.884172413793104,"NM",15272,7544,"15272_20221231",0.09521572549584158,1.8322981953145812,58,9.223180528329914,1.4451840736307118,2,"IA"
784147,5.158861842105264,"SM",1527,11002,"1527_20221231",0.4991822156947829,2.4673288550586348,152,9.999423115028355,1.4872469948005405,2,"AR"
222889,5.4363170731707315,"NM",15282,3186,"15282_20221231",0.6945564516129032,2.6407302227257787,41,8.43197808066501,1.2114791326397982,4,"MO"
452216,9.228897959183673,"NM",15286,4263,"15286_20221231",0.037413335515777905,1.3833028207184364,49,8.719903805656,1.0388677609674086,2,"MN"
2258187,5.1556780821917805,"SM",1528,29804,"1528_20221231",0.41881739328287787,2.5961114704074943,438,12.011376905837638,1.4252297982877014,4,"AR"
425097,6.072814285714286,"NM",15305,5588,"15305_20221231",0.6209441305810124,2.0749931833186697,70,14.858282523220694,1.641539910227421,2,"KS"
316563,6.207117647058824,"NM",15306,4883,"15306_20221231",0.015409032775012713,2.273594252922445,51,10.116895183566871,0.9539955784875584,2,"ND"
2442888,4.498872928176795,"NM",15310,34873,"15310_20221231",0.7400931509735653,2.6843639061004025,543,10.7012720117443,1.1519336769611008,4,"AL"
151939,4.604212121212121,"NM",15311,2482,"15311_20221231",0.6253637803375882,2.6683365742724363,33,11.233474317027106,1.1120266306318183,8,"IA"
604447,4.544714285714286,"NM",15321,9783,"15321_20221231",0.030240421927900912,2.594760271675273,133,11.329295222845293,1.3921248472500865,2,"IA"
395569,6.820155172413793,"NM",15323,6070,"15323_20221231",0,2.267635771835004,58,10.849363851046332,1.1399710674891002,4,"KS"
712980,7.350309278350515,"NM",15324,7593,"15324_20221231",0.19020721782369776,1.8239512245428702,97,9.773305061225395,1.4034489870954434,4,"MN"
52905,5.878333333333334,"NM",15326,463,"15326_20221231",1.1570726063060457,1.513645881392625,9,10.462753198294243,0.8624055080384712,5,"OH"
435547,6.913444444444445,"SM",15334,4550,"15334_20221231",0.029743186176854224,1.7438126337765611,63,9.87726806493828,1.3180062005391648,2,"IA"
270734,5.885521739130434,"NM",15336,3698,"15336_20221231",0.48099983110960987,2.506529085562438,46,13.444672023528176,2.024797196586977,8,"GA"
620811,6.146643564356436,"N",15345,8231,"15345_20221231",0.6592958607747078,2.79349569735971,101,9.181344670826201,1.0550713603162425,8,"TX"
64623,7.1803333333333335,"NM",15346,801,"15346_20221231",0,2.585772135731402,9,12.356518011653199,0.6042918147554632,4,"TX"
134388,5.168769230769231,"NM",15347,2159,"15347_20221231",0.352284081883631,3.214726487349813,26,8.822341961831706,0.6042264087020701,4,"MO"
64245,4.588928571428572,"SM",15348,856,"15348_20221231",0.5069648441201554,2.5782344698738906,14,12.087624903920062,1.3264829518916395,7,"OK"
141227,9.415133333333333,"NM",15355,1643,"15355_20221231",0.7874015748031495,1.9380621866373238,15,12.357724721077142,1.308399329281189,4,"TX"
4592140,7.972465277777778,"NM",15359,57844,"15359_20221231",0.19082872587392197,2.0635208512994074,576,8.352317950084885,0.9457711678217705,4,"NC"
80871,7.35190909090909,"SM",15362,1135,"15362_20221231",0.46721985497495705,2.330806853805381,11,13.97684777475718,1.3787524140499556,8,"MT"
73023,6.638454545454545,"NM",15364,968,"15364_20221231",0,1.9983800507230018,11,12.581460674157302,0.9679860843701451,2,"NE"
179777,4.6096666666666675,"NM",15367,2411,"15367_20221231",0.07835395636600456,2.7385466165538026,39,8.393264809594752,1.0276448609478395,8,"TX"
4586445,11.025108173076923,"NM",1536,52943,"1536_20221231",1.3653777855369729,1.6791308614971543,416,14.428828772440141,0.44104139904601775,4,"CA"
3775612,5.027446071904128,"SM",15399,55169,"15399_20221231",0.6371728353269133,2.364845390732356,751,8.212047653030927,1.1200997683190803,4,"OK"
230257,8.528037037037038,"NM",15405,2559,"15405_20221231",0.059614609085967774,1.7818662545897899,27,10.832443487231462,1.1775734720784836,2,"IA"
130204,5.007846153846154,"NM",15415,1656,"15415_20221231",0,1.9892499567554358,26,10.54706752094628,0.8180760691722595,2,"MO"
734517,7.419363636363637,"NM",15423,9777,"15423_20221231",0.07835770208169743,2.5045903925540345,99,11.420040467068105,0.8933655657222277,4,"MO"
177830,7.731739130434783,"NM",15427,1798,"15427_20221231",0.306996000280682,1.7926110239627848,23,15.90733723143401,1.6806404500459782,2,"IA"
43771,3.6475833333333334,"NM",15442,724,"15442_20221231",2.1902901785714284,2.9721598409133767,12,12.469010093855145,0.28714449796855984,7,"TX"
530050,7.361805555555555,"NM",15443,9155,"15443_20221231",0.6274720445334244,2.375983011656453,72,8.704753419065495,1.3168120998852781,4,"MN"
635919,7.850851851851852,"NM",15444,7728,"15444_20221231",2.107431063116847,1.8397188867227243,81,12.080554882066737,2.2158765281987556,4,"ND"
1117262,9.157885245901639,"N",1545,10786,"1545_20221231",1.7560107230879614,1.7618585975261787,122,8.948724901475044,0.9443923953569078,4,"IA"
68684,6.868399999999999,"NM",15460,557,"15460_20221231",0.08209431724892821,1.9420696149031105,10,9.370617833869504,0.20508540469592076,2,"TX"
425906,5.131397590361446,"NM",15463,6841,"15463_20221231",0.3704259898883716,2.4982457570355776,83,9.832195787608269,1.6707392273534323,4,"TX"
892197,5.94798,"NM",15465,10714,"15465_20221231",0.3729018759697212,2.0947935857941387,150,8.351891016214045,1.0963995202288397,7,"FL"
48521,6.065125,"NM",15469,579,"15469_20221231",1.150864639236732,1.947197542783352,8,21.21238363282096,0.7271438522736994,2,"KS"
70487,5.873916666666666,"NM",15471,962,"15471_20221231",0.6163507384579602,2.0747280551891176,12,10.40048836582007,0.633907138686447,2,"ND"
676375,7.4326923076923075,"NM",15472,8525,"15472_20221231",0.130802057757512,2.107995633235822,91,9.62311932072099,1.2953980360266966,2,"ND"
439361,9.763577777777778,"NM",15477,4369,"15477_20221231",0.25787965616045844,1.9362755563311382,45,8.967845235702255,1.1960168045698332,4,"GA"
591971,8.456728571428572,"NM",15478,7705,"15478_20221231",0.26266740549370676,2.091909993328457,70,9.177479862988502,1.174615582686269,2,"ND"
237208,8.471714285714286,"NM",1547,2298,"1547_20221231",0.009891740396768697,1.6008754995470549,28,10.004515663443806,1.5597741835576469,2,"IA"
184624,4.6156,"NM",15480,3707,"15480_20221231",0.17401702689678558,3.51302086923143,40,9.810918747015267,1.4309754491481481,4,"TX"
620188,5.906552380952381,"NM",15489,8344,"15489_20221231",0.5702478475298838,2.708833592576098,105,8.715515520217975,1.0517833567466772,4,"MO"
585309,5.97254081632653,"NM",15496,9127,"15496_20221231",0.21364408837096382,2.277001958157271,98,15.758742347023055,1.2838541525409939,2,"GA"
121850,4.686538461538462,"NM",15501,1567,"15501_20221231",0.24518295445460114,2.776008483356966,26,12.774708754600194,0.8087652099058118,7,"TX"
448360,8.006428571428572,"SM",1550,4862,"1550_20221231",0.06439734815022745,1.9521762030529695,56,9.095926989151689,1.461396346009553,4,"IA"
361152,3.6852244897959183,"SM",15510,7763,"15510_20221231",0.7749403263250826,3.4013370483983105,98,9.453079674778865,0.8735863123506503,4,"OK"
1670131,5.839618881118882,"SM",15511,25649,"15511_20221231",0.5910199148822356,2.794476522503611,286,8.346033307761376,0.8641729272555495,4,"TX"
221078,11.0539,"NM",15519,2117,"15519_20221231",0,1.6109224089822012,20,9.097761849790658,2.3669953452126156,4,"TX"
213886,12.581529411764706,"NM",15523,1806,"15523_20221231",0,1.5041958895564593,17,12.700422131018296,1.696425396209042,7,"TX"
1114078,5.305133333333333,"SM",1552,19362,"1552_20221231",0.19495772337474396,2.8116829158883654,210,11.718575683630066,1.0961097020625892,4,"IA"
104952,4.373,"NM",15532,1501,"15532_20221231",0.10817937492604926,2.8994738605527965,24,12.55691349149293,1.0990386633333455,4,"IN"
346040,8.440000000000001,"NM",15539,5492,"15539_20221231",0.020943313431645013,2.4522705537739786,41,9.701165230378967,1.0862468313961882,2,"ND"
544033,6.554614457831326,"NM",1553,6032,"1553_20221231",1.0954083499901468,1.8104221047417732,83,9.39258561683166,1.058457751800551,2,"IA"
1196346,9.647951612903226,"NM",15545,12714,"15545_20221231",0.05191004047450758,1.7246985740378247,124,9.749321372962397,1.4776572233695573,4,"NE"
145593,5.599730769230769,"NM",15546,1654,"15546_20221231",0.9184999327926877,2.0958554149132307,26,9.22964912771975,0.755803218329985,8,"MO"
90910,6.060666666666666,"SM",15547,1190,"15547_20221231",1.6174305172096448,2.9946221477362913,15,12.676206496244877,1.7778321237361567,2,"AR"
1964850,6.992348754448399,"SM",15555,32263,"15555_20221231",0.15321124701343167,2.831922817999808,281,9.14751508337391,1.0389800575280428,4,"IA"
1000918,8.071919354838709,"NM",15562,11924,"15562_20221231",0.012496079036424796,1.8177921989888588,124,9.217299250685674,0.9941252979543203,4,"SD"
1034888,6.720051948051948,"NM",15565,9757,"15565_20221231",1.2451703897225588,1.6581051294504427,154,9.377312297324812,1.193447155079015,4,"IL"
303152,4.663876923076923,"NM",15566,4908,"15566_20221231",0.1699098490556234,3.3835491642506836,65,8.903517058279554,0.7413394236279588,2,"IN"
58624,3.664,"NM",1556,771,"1556_20221231",0.15049780041676314,2.522496667510016,16,11.711926855895197,-0.2360120385020599,2,"IA"
1263190,7.056927374301677,"N",15572,14968,"15572_20221231",0.14073901539379197,2.143654230319901,179,10.046010989526478,1.1873858696858293,4,"TN"
87729,5.8486,"NM",15578,1492,"15578_20221231",4.82332963229051,2.5669637784252317,15,9.210301699120281,1.237460626252801,2,"MN"
191283,6.59596551724138,"NM",15580,1655,"15580_20221231",0,1.9328894191546455,29,9.330492485526113,0.5181487646956185,7,"GA"
902427,4.557712121212122,"NM",15584,15194,"15584_20221231",0.0961455695894162,2.714345704558471,198,8.533211248028065,1.0024181060604547,4,"MO"
142599,4.45621875,"NM",15585,2135,"15585_20221231",0.24097556235728512,2.7240233447823297,32,7.742334013520454,0.8021278378151965,2,"MI"
216007,4.1539807692307695,"NM",15590,2848,"15590_20221231",0.5973664793688631,2.6693826767656,52,11.609665639871864,1.7876327987715386,4,"KY"
69345,9.906428571428572,"NM",15593,710,"15593_20221231",0,1.6910710876707098,7,13.782462999162245,0.7280011169332206,2,"SD"
72140,5.549230769230769,"NM",15597,1008,"15597_20221231",6.618495874128865,2.7289951080039008,13,10.422485077487542,1.0894722437016546,2,"MN"
184693,5.95783870967742,"NM",15598,2268,"15598_20221231",0.014080307447654386,2.1344964355040603,31,10.56855976749798,0.5386062163775069,2,"ND"
224718,4.781234042553192,"NM",155,3077,"155_20221231",0.17881930268637217,2.347836348462891,47,9.521918782478936,0.7861495059398433,8,"GA"
103333,6.4583125,"NM",15606,1935,"15606_20221231",0.21650994459892597,2.7060494941156144,16,9.188445129987405,1.1864764720563672,2,"MO"
226374,7.0741875,"NM",15610,2851,"15610_20221231",0.04473338900155076,1.980403506667169,32,9.93353012011529,1.161182865284398,2,"IA"
3611269,20.63582285714286,"NM",15614,25838,"15614_20221231",0.011739673826652414,1.2601605652083931,175,11.372946731577633,1.4219804372213702,4,"IA"
97650,6.510000000000001,"NM",15621,1080,"15621_20221231",0.43704798195816164,2.502676659528908,15,8.042836041358935,2.038722341184868,2,"MN"
216041,6.354147058823529,"NM",15629,3865,"15629_20221231",0,2.6085297097361724,34,11.238434034190679,1.3564167398663975,2,"SD"
125185,8.345666666666666,"NM",1562,1371,"1562_20221231",0,2.9002089164225686,15,11.838916110132697,0.6562582598022354,4,"KY"
871669,8.146439252336448,"NM",15632,8412,"15632_20221231",0.2857881463056182,1.8301897798454467,107,9.62867556823786,1.3659950856036862,4,"IN"
215538,10.776900000000001,"NM",15651,1634,"15651_20221231",0.10655108582780261,1.326685166554267,20,9.13239555203253,1.1801970127472332,2,"IA"
686274,7.888206896551724,"NM",15657,8161,"15657_20221231",0,2.2352348890040714,87,10.147006360752513,0.8459473139144134,4,"TX"
901338,5.301988235294117,"NM",15663,11846,"15663_20221231",1.65450458239668,2.069089186939909,170,11.84347221084401,0.7822032931579709,4,"MS"
213220,4.023018867924528,"NM",15664,2761,"15664_20221231",0.41998602375960864,2.7335843860744733,53,9.629534443207021,0.7712159630418262,8,"WV"
430706,5.593584415584416,"NM",15669,6200,"15669_20221231",0.5380975491385587,2.7965043695380776,77,10.012341493786046,1.326146055748072,7,"TX"
140087,4.518935483870967,"NM",1566,2067,"1566_20221231",0.9457063244110445,2.6164787651028405,31,10.537868220234676,1.5016250165965281,8,"KY"
393799,6.789637931034483,"NM",15671,5271,"15671_20221231",0.06716026733062508,2.3074960628121106,58,11.276095303807177,1.0607415474512325,4,"SC"
288721,4.582873015873016,"NM",15673,4861,"15673_20221231",1.5069076457229371,2.7360809189669135,63,13.60427232961958,0.7821350338043771,7,"TN"
300783,6.684066666666667,"NM",15675,3426,"15675_20221231",0.17468728638782913,2.1586163170237147,45,14.064492801262244,1.2452538539400202,4,"KY"
265066,11.524608695652175,"NM",15687,1392,"15687_20221231",0.9664874494373252,1.031203466533787,23,12.547779437880244,2.940259407227385,4,"IN"
548368,6.687414634146342,"SM",15690,8158,"15690_20221231",0.1392709992496742,2.3565656760107205,82,7.927356065891403,1.5543962408273548,4,"IA"
394045,3.863186274509804,"NM",15699,8559,"15699_20221231",0.06368052916465526,3.4211100542855863,102,9.291013524563759,0.9885779107265383,4,"GA"
218674,4.462734693877551,"NM",15701,3126,"15701_20221231",0,2.7603868065224555,49,11.065694145290777,0.8390204507663562,2,"MO"
435491,5.1844166666666665,"NM",15703,6142,"15703_20221231",0.07466815229208015,2.474969244308469,84,10.472919455151972,0.9712808651218939,4,"KY"
343305,6.477452830188679,"SM",15708,3350,"15708_20221231",0.324688501968424,1.9448175422727916,53,8.83556768299917,1.230552597926064,8,"KY"
1240396,7.427520958083832,"N",15728,15053,"15728_20221231",0.14568992490613267,1.9509407476719278,167,7.009268362736543,1.3271619809832134,2,"ND"
395096,5.564732394366197,"NM",15729,5981,"15729_20221231",0.0613781736721907,2.7943383405084368,71,10.643109431792514,0.7418892591064277,4,"AR"
121514,7.147882352941176,"NM",15731,1795,"15731_20221231",0.21572668923609256,2.9404249139197267,17,10.12174806833487,1.5340947737830648,4,"TX"
503113,7.187328571428571,"NM",15734,6736,"15734_20221231",0.0017469690087697843,2.104902503517424,70,9.0031522386237,0.7358038046866201,2,"SD"
21509,5.37725,"NM",15738,384,"15738_20221231",0,2.8454107551788583,4,40.182370820668694,13.948040325340214,7,"IA"
124770,13.863333333333333,"NM",15741,1147,"15741_20221231",0,1.4385992409569763,9,12.182332909366922,1.33864098352528,2,"ND"
129163,6.798052631578948,"SM",15744,1340,"15744_20221231",0.5140121109702859,1.8884859853282039,19,8.039876101404385,1.3941492030872902,7,"MT"
68401,8.550125,"NM",15749,493,"15749_20221231",0,1.3910213105693054,8,12.242717025325721,1.1699318307437205,2,"SD"
39977,4.441888888888889,"NM",15751,402,"15751_20221231",0.4984768762115757,2.302308149100007,9,8.515347570170745,0.4429387770995785,7,"MO"
1540979,4.519,"NM",15752,27341,"15752_20221231",0.29024208584559946,2.8404427279413054,341,9.553118449836315,0.8690207541718469,4,"IL"
78231,5.587928571428571,"SM",15759,885,"15759_20221231",0,1.973679401365981,14,12.911282162937537,1.2548702366709634,2,"CO"
347898,6.56411320754717,"N",15760,3762,"15760_20221231",0.6561740432335517,1.8984608337046307,53,15.624720157607236,0.7805796345064059,2,"IL"
34031,3.0937272727272727,"NM",15762,579,"15762_20221231",0.41043180846515603,3.0418886812907986,11,11.549509969584319,1.3176712107581943,2,"OK"
178784,4.157767441860465,"N",15763,2659,"15763_20221231",0.28971729929155066,2.3972276552245053,43,10.071348988687006,1.0311013846218593,2,"IL"
39752,6.625333333333334,"NM",15767,435,"15767_20221231",0.2971089018397898,1.812831190313615,6,12.97376467867513,1.3488041084428886,2,"MN"
626401,7.038213483146068,"NM",15771,6211,"15771_20221231",0.19222626492751232,1.7758076754123238,89,10.5625611666453,1.6385927079589473,2,"GA"
251841,9.686192307692307,"NM",15772,2068,"15772_20221231",0.5478257572885469,1.6830025971602307,26,8.950714288707577,1.1367435965226045,2,"IA"
69877,8.734625,"SM",15778,691,"15778_20221231",0.293513354857646,1.8566310420208891,8,13.805958885501251,0.2353048336167112,2,"OK"
683601,12.207160714285715,"SM",15779,5571,"15779_20221231",0.24196163995813125,1.85728419919807,56,8.431063758654972,1.513299409968449,4,"WI"
74952,4.6845,"SM",15784,1320,"15784_20221231",0.36121277989994727,3.1279558176240765,16,8.616626486442561,0.80067619044881,5,"KS"
66095,5.507916666666667,"NM",15792,816,"15792_20221231",1.7799902865468675,2.25140712945591,12,10.049535697514125,0.7701385946861949,2,"MO"
5323235,8.683907014681893,"N",15797,82748,"15797_20221231",0.10050924685071026,2.4938219102185686,613,9.23087632201626,1.248295501253551,4,"TX"
446344,4.799397849462365,"NM",15799,7454,"15799_20221231",0.41957191503161995,2.8685140789601005,93,9.724505680733794,0.7046940718882908,4,"WI"
471161,3.8619754098360657,"SM",15801,9189,"15801_20221231",1.3163555669612867,3.38809060866795,122,12.906527319551172,1.167289923633112,4,"MS"
467069,5.766283950617284,"NM",15808,8643,"15808_20221231",0,2.670110686415034,81,13.414423327258525,1.3754927138079311,4,"IA"
1848598,6.021491856677525,"NM",15809,28369,"15809_20221231",0.10487580201502765,2.4134385132995857,307,10.372088051604122,1.9305006132111522,4,"TX"
191224,7.082370370370371,"NM",15813,3060,"15813_20221231",0.2849573816487446,3.3120417703733667,27,11.760476857291549,0.7137875358161347,4,"GA"
3821266,7.657847695390782,"NM",15815,56421,"15815_20221231",0.4116991165623124,3.0350664571588557,499,9.697278894751479,0.5554885164209551,4,"KY"
40731,3.39425,"NM",15817,882,"15817_20221231",2.520673508020325,4.955756369380001,12,22.476090593552573,1.0539789908811734,8,"MS"
126441,6.32205,"NM",15820,1438,"15820_20221231",10.785003341188055,1.966528661983948,20,11.435558665877124,1.6117464875803396,2,"MN"
147651,4.474272727272727,"NM",15826,2815,"15826_20221231",0.1491774376949478,3.3613795289636066,33,10.352016241662863,1.123593996394828,4,"GA"
234036,3.079421052631579,"NM",15830,6597,"15830_20221231",0.08359076867163366,4.727861873054275,76,9.399106401634223,1.9021334408590433,4,"IA"
125358,9.642923076923077,"NM",15839,1174,"15839_20221231",1.795392479518241,1.407805663914377,13,16.68752793920429,1.5624286709342616,2,"IA"
64738,8.09225,"NM",15847,750,"15847_20221231",8.071194022747823,1.8816529873481238,8,10.968064023237167,0.38678422517711436,2,"SD"
28267,7.06675,"NM",15853,342,"15853_20221231",0,2.178607233747204,4,8.555474815466402,0.6632220251407419,2,"KS"
509754,6.293259259259259,"NM",15871,6626,"15871_20221231",0.1527915642426164,1.9616929489785395,81,9.977626524168466,0.803941436658516,7,"MS"
174290,15.844545454545454,"NM",15873,1298,"15873_20221231",0,1.541680302959465,11,11.674357939557709,1.5814203562578895,2,"IL"
534385,4.567393162393162,"SM",15883,7505,"15883_20221231",0.7518796992481203,2.3586633918405346,117,12.100980596703526,0.8213103247411924,2,"IN"
437564,5.0294712643678166,"SM",15898,5627,"15898_20221231",0.4596575048314366,2.415635567405853,87,13.016433386095649,0.69742879119503,7,"TX"
197432,9.8716,"SM",15899,2433,"15899_20221231",0,1.962679511230136,20,12.662072602441041,1.0668153256443755,4,"KS"
84966,5.6644000000000005,"NM",15904,1161,"15904_20221231",0.2191875867289012,2.5816132286708187,15,13.480826984844796,1.7416569390175423,4,"GA"
120023,4.138724137931034,"NM",15907,2232,"15907_20221231",2.765284609978918,3.4176687884254737,29,11.594919022993892,0.4141400879500633,2,"NE"
197168,7.041714285714286,"SM",15908,2398,"15908_20221231",0.011937228542831696,2.0979587217719438,28,9.810132666794848,0.6253390098376265,2,"KS"
1438145,7.413118556701031,"SI",15912,18573,"15912_20221231",1.6981858905778389,2.3031074161862093,194,12.76647534923265,1.3840591501113566,4,"CT"
204023,7.286535714285714,"SM",15913,2532,"15913_20221231",4.457867412140575,2.2153208305243135,28,10.840094014082807,1.0389325271851582,4,"IL"
126838,5.284916666666667,"N",15928,1748,"15928_20221231",0.5479202325369416,2.5163495650636936,24,10.61507083746845,1.3461562740666861,2,"IL"
27008,5.4016,"NM",15930,422,"15930_20221231",0,3.189000779755676,5,8.435521794176163,-2.372589921824495,2,"IA"
994381,5.682177142857142,"NM",15932,12675,"15932_20221231",0.21211616843881728,2.8943833491934248,175,7.777566232452828,0.9235974822132463,4,"SC"
114231,11.423100000000002,"NM",15939,757,"15939_20221231",0,1.3659461702545883,10,11.21025189101858,1.090208868730844,2,"TX"
306662,6.388791666666667,"N",15945,6404,"15945_20221231",0.19192187764376012,3.039128182323654,48,7.599254907936349,1.0573218351033378,4,"IL"
406525,13.113709677419356,"NM",15947,2453,"15947_20221231",4.51618384164472,1.2175042709012434,31,9.639913340139952,0.7747105542416355,2,"IA"
1881339,6.465082474226804,"NM",15953,27570,"15953_20221231",0.24601553209093,2.7787608180764676,291,10.690760265233582,1.3947287123026204,4,"MS"
474328,6.6806760563380285,"SI",15966,6716,"15966_20221231",0.9723284731998569,2.323405220524259,71,26.42861088331896,0.44226145358641195,8,"NY"
524847,6.323457831325301,"SI",15969,6787,"15969_20221231",0.14031568618469115,2.76692530213657,83,9.614475513824962,0.3885003885003885,4,"NY"
76187,0.6144112903225806,"N",1596,18106,"1596_20221231",0,70.35669408670712,124,76.2740919199407,30.409618968875684,7,"MI"
1247761,5.0721991869918694,"SI",15970,22339,"15970_20221231",0.5098353435604633,3.264822150761141,246,9.697694294796078,0.4847602066122089,4,"NY"
828530,5.63625850340136,"SB",15987,13269,"15987_20221231",0.11951950134648551,2.7649887247040503,147,8.886320783407335,0.7185261229891264,4,"NY"
923496,7.2148125,"SI",15990,12066,"15990_20221231",0.934020772621983,2.0435332353216538,128,13.584254242298044,0.906899535284719,4,"NY"
1949094,12.10617391304348,"NM",15995,30622,"15995_20221231",0.5800441952381022,2.915761962842953,161,13.005937882365595,-0.03847802284117001,4,"NY"
98894,7.607230769230769,"NM",1600,1077,"1600_20221231",0.24671052631578946,2.4428437206388978,13,8.990466187282864,1.0575216619688903,2,"MN"
6834299,13.37436203522505,"SI",16026,55027,"16026_20221231",1.0222198074306477,1.4196813920127342,511,12.866701023547087,0.4778517869598493,4,"NY"
304279,4.474691176470588,"SI",16030,5641,"16030_20221231",0.3065213410507711,3.4975488593610846,68,14.532012516415636,0.4033924319644228,5,"NY"
1335810,7.03057894736842,"SI",16032,21294,"16032_20221231",0.4413804112500125,2.797234940587871,190,9.750781915983758,0.6193712105834351,4,"NY"
277985,5.914574468085107,"SI",16039,3536,"16039_20221231",0.8585835222278762,2.914986898728827,47,10.464113619071773,0.42482663324893155,4,"NY"
384938,4.694365853658536,"SB",16040,4891,"16040_20221231",1.4266736732848746,3.0649451257502744,82,10.975248515578091,0.2726819506895262,6,"NY"
229337,4.680346938775511,"NM",1604,3904,"1604_20221231",0.1462077782538031,3.1094321282212722,49,9.09976483512711,1.4129598332799447,4,"MN"
16801651,12.815904652936691,"SI",16068,178709,"16068_20221231",0.49072610392822247,1.7713375158153288,1311,7.384501096655505,0.5656426081292099,4,"NY"
469126,6.339540540540541,"NM",16075,8036,"16075_20221231",0.05287599429858844,2.5676801898241077,74,12.39392113435615,1.7472256396224406,4,"LA"
191612,8.33095652173913,"NM",16079,1934,"16079_20221231",0.3150989203987809,1.7305748252013906,23,10.27986657462494,1.254139133995032,2,"NE"
631063,6.248148514851485,"NM",1607,11217,"1607_20221231",0.03153136367414916,2.804182129534731,101,8.206669459851497,1.0973373221004024,4,"MN"
54548,6.8185,"NM",16094,726,"16094_20221231",0,2.228503098162844,8,8.659641338509891,0.9671216136686521,2,"IA"
234556,7.818533333333334,"NM",1609,2708,"1609_20221231",1.562020394938781,1.7311993102147494,30,15.071289083006109,0.8133942284374748,7,"MN"
362837,5.669328125,"NM",160,5128,"160_20221231",0.2492249711263753,2.442186231152545,64,11.382278643089407,0.9565865675394293,4,"GA"
559839,7.366302631578948,"SI",16101,10508,"16101_20221231",0.5140217164585247,3.0151805382796915,76,9.854166334945058,0.5545507924675211,4,"CT"
77447,3.87235,"NM",16103,1212,"16103_20221231",2.4232797768138963,2.978024234955843,20,8.09498819207557,0.4387684609496069,2,"MO"
285774,6.350533333333333,"NM",1610,5711,"1610_20221231",0.12510751427007585,3.240440473216953,45,8.866151291461422,0.7486281563947187,8,"MN"
52590,5.843333333333334,"SM",16110,665,"16110_20221231",0.5869642338826716,2.7889191622718292,9,11.31917053930566,0.8010103254323702,2,"NE"
663555,7.372833333333334,"NM",16111,11390,"16111_20221231",0.11085316584298255,2.771879719485025,90,8.613502025334096,1.4613270132731233,4,"MN"
151970,3.534186046511628,"NM",16114,2644,"16114_20221231",0.21661005267562644,2.710171527210902,43,9.740616094629173,1.4844200882852998,4,"LA"
407729,7.693,"NM",16116,5845,"16116_20221231",2.0568962856566277,2.532602779871054,53,9.21051637422335,0.9608138658628486,2,"NE"
192996,8.391130434782609,"NM",1611,2886,"1611_20221231",2.461017143841714,2.297366039281491,23,9.722427831236121,0.4211562473161612,2,"MO"
112090,5.899473684210527,"NM",16120,1457,"16120_20221231",0.029916234543278818,2.091764166907865,19,10.209841588416602,0.9943870402957591,2,"KS"
591720,7.586153846153847,"NM",16125,8275,"16125_20221231",0.030372775194217026,2.3018039170653384,78,10.720418759761916,1.5514534345238462,2,"CO"
178189,4.3460731707317075,"NM",16126,2703,"16126_20221231",0.6142704481329715,2.4455209322091562,41,9.305439686276177,0.82372506656167,4,"MO"
522049,5.613430107526882,"SM",16127,10312,"16127_20221231",1.6125270344769091,2.639885808673608,93,9.190409457289032,0.9535061784332675,4,"OK"
73944,3.5211428571428574,"NM",1612,1214,"1612_20221231",0.10094473922609033,2.990084922858032,21,7.825059426482913,0.7044484460450847,8,"MO"
5337737,8.896228333333333,"N",16130,60741,"16130_20221231",0.2646745409473814,1.7090615368448938,600,9.642583234309642,1.0709564804554075,4,"AK"
82893,5.920928571428571,"SM",16151,1381,"16151_20221231",0.006220839813374806,2.734098961162575,14,7.433708724864309,0.8112161752899949,2,"IA"
218448,5.201142857142857,"NM",16152,4333,"16152_20221231",0.05509433962264151,3.3659849419622736,42,9.8059184552437,0.48995884530415323,4,"GA"
76365,9.545625,"SM",16154,862,"16154_20221231",0,1.7710691686489348,8,13.377051873553933,1.5566837719813307,2,"NE"
1513958,4.899540453074434,"NM",16160,28820,"16160_20221231",0.18842865443678924,2.88211315074795,309,10.305775617153296,1.3707883106563699,4,"WI"
157890,7.894500000000001,"NM",16161,2280,"16161_20221231",0,2.6744970903035314,20,14.332066553827483,1.8366400237675162,2,"SD"
209341,4.272265306122449,"NM",16162,3442,"16162_20221231",0.9459784826327727,2.616030784679545,49,7.893943679605303,1.370544456775279,2,"MO"
97702,4.247913043478261,"SM",16167,1259,"16167_20221231",0,3.0811362469653925,23,8.534660549686436,0.37325414209836316,8,"OH"
305994,5.884500000000001,"SM",1616,4168,"1616_20221231",0.2980273042001437,2.4182567964612147,52,10.399070981176022,1.0104300353748232,2,"MO"
854535,5.659172185430464,"NM",16175,9909,"16175_20221231",0.20740987826964566,2.4125030189938945,151,11.4064212904359,1.0031264213628366,4,"AL"
147598,6.7090000000000005,"NM",16176,1575,"16176_20221231",0.4202245680091441,2.0066257348005876,22,10.981721214031907,1.36270378702234,4,"TX"
136083,6.185590909090909,"NM",16177,1503,"16177_20221231",0.11725546561767153,1.927626776275092,22,8.56896179581265,0.07989023521444297,2,"IA"
2796291,5.029300359712231,"NM",1617,57493,"1617_20221231",0.3963919890578293,3.3150266941403723,556,10.961861270657588,1.2129013596014502,4,"MO"
116441,4.851708333333334,"NM",16185,1242,"16185_20221231",0.1298232960692391,2.105432726617658,24,12.634577770218556,1.1761323088222049,5,"AL"
6029685,8.170304878048782,"NM",16191,68499,"16191_20221231",0.31446648018997453,1.8882397684341616,738,9.272925211403109,1.511212421937874,4,"MT"
46573,3.881083333333333,"NM",16193,820,"16193_20221231",0,4.046802146564617,12,6.699267529959914,-0.46500521559903985,8,"OH"
77953,9.744125,"N",16198,700,"16198_20221231",0.06312292358803986,1.5334618426255437,8,16.321441294722376,1.2097172795571371,2,"IL"
229631,8.201107142857143,"NM",16201,2488,"16201_20221231",0.6371331997248063,1.8892982989607743,28,11.234089651355838,2.0149534047614788,2,"IN"
1713639,5.581885993485343,"SM",16216,24655,"16216_20221231",0.3329427369789198,2.628262239132771,307,9.748313100252124,0.8066720201914941,4,"AR"
799417,10.382038961038962,"NM",16221,9036,"16221_20221231",0.620603873409073,2.0679316985200207,77,7.935094260867877,0.9503124911918315,4,"SD"
88375,4.208333333333333,"NM",16222,1564,"16222_20221231",1.5586506722486113,3.330831627448748,21,13.561011801256637,0.7737474237463781,8,"OH"
141597,7.452473684210527,"NM",16228,1706,"16228_20221231",0.3954485151546076,2.301985892307095,19,14.19791515853482,1.1644373803071904,4,"GA"
50126,5.569555555555556,"NM",1622,674,"1622_20221231",1.7705303199820988,2.7715963591667534,9,7.624318035159076,0.9077982277850526,8,"MO"
324294,6.48588,"NM",16231,4709,"16231_20221231",0.5999227567266018,2.169453537035513,50,9.759819864898674,1.3723305243030715,2,"ND"
890181,6.05565306122449,"NM",16243,15059,"16243_20221231",1.0555557803667028,2.8301791301183274,147,8.412791298062029,1.0810611041394342,2,"OR"
321414,4.944830769230769,"SB",16246,5227,"16246_20221231",0.30390829212987747,2.5056943598553794,65,10.71414000711051,1.211628346353204,4,"GA"
68594,0.5668925619834712,"NM",16247,10762,"16247_20221231",1.6073519497569455,27.105272263809272,121,17.279311581211903,-3.8149228941510285,2,"MO"
526034,4.242209677419355,"NM",16249,14003,"16249_20221231",0,4.448003555298493,124,6.54098763597286,0.5696075079538775,4,"IL"
2041285,6.500907643312102,"SM",16250,27408,"16250_20221231",0.5767188800138962,2.6462176467106144,314,8.010703014852345,0.624951183383725,4,"IL"
842617,6.5829453125,"NM",16265,11099,"16265_20221231",0.15114715327451683,2.256083007465647,128,11.294805820943985,1.6807392636439278,2,"IA"
155438,5.359931034482759,"NM",16275,2151,"16275_20221231",0.10694736842105264,2.879281781168787,29,12.150911016665104,1.5313169905888868,4,"GA"
537448,5.217941747572815,"N",16276,5912,"16276_20221231",0.184599537633133,1.9480135132198941,103,9.160617235683013,0.8359600297596528,4,"IL"
25862,2.873555555555556,"NM",16281,258,"16281_20221231",0.1436130007558579,2.0667518512246565,9,6.100307062436029,0.27325769355111845,2,"GA"
82076,10.259500000000001,"NM",16282,634,"16282_20221231",0.013692534145757026,1.5009271461392235,8,7.794073986105338,1.0834198280989422,7,"AR"
214753,8.259730769230769,"NM",16283,2333,"16283_20221231",0,2.4049469832992245,26,8.968718388050743,1.5885888330049922,4,"GA"
224391,4.986466666666667,"NM",16288,3793,"16288_20221231",0.6166346735386152,3.291347450629788,45,11.644740103751177,0.2739624958905626,4,"GA"
762741,6.3561749999999995,"NM",16307,11379,"16307_20221231",0.14695712309820194,2.4048896672273123,120,7.738522536728815,1.135321397465925,2,"IA"
69980,6.998,"NM",16318,708,"16318_20221231",0.8711651834328414,1.954121583045341,10,9.688106934765223,0.3792402507674444,7,"IL"
41100,6.8500000000000005,"SM",16330,568,"16330_20221231",0,2.249904102448092,6,10.743762225084682,0.6245635431932409,4,"NE"
350396,5.938915254237289,"NM",16332,4323,"16332_20221231",0.6228869310327598,2.302360106409955,59,7.329639858716343,1.2635605840560264,2,"IL"
205033,9.319681818181818,"NM",16333,2086,"16333_20221231",0.6033437442586809,1.7475557728898459,22,9.59419136662025,1.2407907206616993,2,"NE"
193625,5.5321428571428575,"NM",16334,2574,"16334_20221231",0,2.628985254266513,35,11.481442221784757,1.415075261355194,4,"TX"
207410,5.458157894736842,"NM",16339,3387,"16339_20221231",0.05890395020070975,2.8498461837986886,38,9.086089594439372,0.8100556162034962,2,"NE"
70006,4.375375,"NM",16344,883,"16344_20221231",0.2515644162133266,2.5037878893964303,16,10.022724870521087,0.7365729473280326,8,"IL"
468428,8.516872727272727,"NM",1635,3728,"1635_20221231",1.6539623184237022,1.4060632375047806,55,12.404126298792475,0.033237281796193195,2,"MO"
62237,6.915222222222223,"NM",16363,306,"16363_20221231",1.3395621095289019,2.1408656399362718,9,5.1137012912809965,-0.6767421962589248,2,"IA"
215887,6.74646875,"NM",16369,2954,"16369_20221231",0.3445928107935361,2.415696602484112,32,8.826123773904452,0.983014719472979,4,"AL"
177312,5.066057142857143,"NM",16370,2526,"16370_20221231",0.8183152992228342,2.5418285048568725,35,10.602022964001437,0.7327327189046192,2,"OH"
99797,4.536227272727273,"NM",16386,1655,"16386_20221231",1.7239161199022257,3.35125572897312,22,11.851438034337248,0.3938669020190759,4,"AL"
1317381,8.44475,"NM",16389,15741,"16389_20221231",0.03383613429651532,2.089614599452849,156,8.931761525470264,1.5135944857988886,4,"SC"
50184,4.562181818181818,"NM",16394,1201,"16394_20221231",0.1863484716419705,3.512956284901325,11,12.06104781818537,1.2971500737968076,2,"IL"
64386,4.024125,"NM",16395,965,"16395_20221231",0.009425781397277835,2.755584339562718,16,12.035062043625153,2.0036367485972986,5,"AR"
186292,3.65278431372549,"NM",16396,3174,"16396_20221231",0.705233184319627,3.841288365556577,51,8.030242781115692,0.5885261345692567,4,"FL"
164739,2.8901578947368423,"SM",1639,3872,"1639_20221231",0.44744301543795534,4.577008162331223,57,8.015914628504458,0.5577447104917282,4,"MO"
967774,7.868081300813008,"NM",16402,9133,"16402_20221231",0.19780104161186804,1.6097626324463594,123,10.366163064462508,2.04052809269973,4,"KS"
172548,6.9019200000000005,"NM",16410,2799,"16410_20221231",0.2617632267797965,3.0992963996339924,25,8.877409984304355,0.9456859571581103,4,"KS"
87496,5.4685,"NM",16413,1107,"16413_20221231",0.5319612801953432,2.2293318811476803,16,13.130601792573623,0.35623929296711027,2,"IL"
476954,0.7570698412698413,"N",16416,26553,"16416_20221231",1.4501076812634601,9.284909926102799,630,14.516080456061095,2.9245412083611844,7,"OK"
169833,4.590081081081081,"NM",16417,2437,"16417_20221231",2.451937491316207,2.62174295712995,37,9.742049163754007,1.0353900280384087,4,"LA"
1128504,3.3889009009009015,"SB",16418,46379,"16418_20221231",0.14329861320948944,5.968717100618487,333,10.300851779649545,1.135285442957524,4,"GA"
44049,6.292714285714285,"NM",16423,582,"16423_20221231",0.6170922921679733,2.1976022021521033,7,8.327649706724866,0.42769069772732443,2,"MO"
324593,6.49186,"NM",16436,4309,"16436_20221231",0.025584877832208353,2.0914477383028593,50,8.565676775536165,0.7498262852649874,2,"KS"
159888,7.267636363636364,"NM",16440,1371,"16440_20221231",0.4710175676822541,1.829474946556129,22,13.170231277676056,1.202487095260441,7,"GA"
96400,6.426666666666667,"NM",16448,1167,"16448_20221231",0.08659284779925198,2.090839754885201,15,9.140590054260098,0.5917471004392079,2,"SD"
12304953,8.586847871598046,"NM",16450,138052,"16450_20221231",0.20370249341428803,2.1778014125504646,1433,10.72087593250665,1.209030195005826,4,"IL"
125241,3.4789166666666667,"NM",16453,2241,"16453_20221231",0.43427401666910365,3.845320451337219,36,9.196542100170337,0.4206192662743012,8,"WV"
331443,4.304454545454545,"NM",16464,5022,"16464_20221231",1.5867766570516941,3.0104084823241073,77,9.609133662225092,0.6727601062692207,2,"AR"
2858671,7.503073490813649,"NM",16470,49290,"16470_20221231",0.11608140506841888,2.566752031687253,381,8.576705870271494,1.1413837362089176,4,"TX"
128782,4.2927333333333335,"NM",16471,3229,"16471_20221231",0.26641215038592414,5.175651725795342,30,10.425760688149955,0.05368076626403339,4,"KS"
18353,4.58825,"NM",16472,429,"16472_20221231",0.0556689552792726,3.21950675147863,4,11.712588343746798,1.461890414016293,2,"MN"
148756,4.79858064516129,"NM",16473,2277,"16473_20221231",0.13172610910898472,2.6807803057955146,31,12.895533402116799,0.8050452204242202,2,"KS"
72344,7.234400000000001,"NM",16477,825,"16477_20221231",0.38309659928095713,1.8589948324857302,10,7.821017671211761,1.0373245761300698,2,"ND"
262643,6.5660750000000005,"NM",16479,2987,"16479_20221231",0.011104119628382128,1.9527075524363984,40,7.974547713624126,1.2130153919770317,2,"IL"
1117412,6.691089820359282,"N",16501,14579,"16501_20221231",1.3933415536374847,2.0304227217008863,167,9.231375866967493,0.8212548726179988,4,"IL"
18583,3.7166000000000006,"NM",16516,298,"16516_20221231",0.012368583797155226,2.439595811432995,5,13.155255239402418,0.42272745793097827,2,"NE"
590392,5.089586206896552,"NM",16539,8613,"16539_20221231",0.1579374226320058,2.64552932217785,116,10.114731040216283,0.6734991345837007,4,"LA"
1238214,4.992798387096774,"NM",16546,18936,"16546_20221231",2.0544082140800537,2.8572888891606456,248,10.043370869556762,1.033042140562402,4,"LA"
155978,5.999153846153846,"NM",16547,2586,"16547_20221231",0.01880836727016993,2.710641054685792,26,8.997446445358598,0.9976112972523956,2,"IA"
387680,7.048727272727273,"NM",1654,4802,"1654_20221231",0,2.1009410845879986,55,8.194938539407087,1.1954811497628448,4,"MO"
1019684,8.497366666666666,"NM",16553,11036,"16553_20221231",0.20334858220849628,1.8713147682721654,120,11.806213859724144,0.9452867047013066,2,"NE"
601888,7.9195789473684215,"NM",1655,6326,"1655_20221231",0.020223988966322087,1.7044924977520415,76,11.920022010635467,2.1286040260085977,4,"MO"
26693,6.67325,"NM",16561,308,"16561_20221231",1.079974588833204,2.31252196696169,4,11.904213677181671,0.8027925999297059,2,"MN"
176980258,15.777860212177945,"N",16571,1681141,"16571_20221231",0.44812425144238704,2.389878299210669,11217,10.784559989356111,0.6094157598897301,4,"IL"
64244,5.353666666666666,"NM",16581,1037,"16581_20221231",0,3.0430838510551403,12,17.189935426408372,1.0950764927193677,4,"TX"
12075,4.025,"SM",16583,209,"16583_20221231",0,3.13093425822753,3,9.966698382492863,0.21971468478789685,8,"KS"
84015,4.942058823529412,"NM",16584,864,"16584_20221231",0.7729826863287601,3.0101220370365414,17,14.362248546870735,0.9190905953084907,4,"GA"
26539,2.4126363636363637,"NM",16585,695,"16585_20221231",6.9383650774872825,4.227008476205973,11,13.421311798306087,-0.7544267096640582,8,"IL"
602223,5.236721739130434,"NM",16595,8941,"16595_20221231",0.15813628874449503,2.590325224927016,115,10.27273745238919,1.8540978234561551,2,"AL"
196106,7.263185185185185,"NM",16600,1358,"16600_20221231",0.501689362137811,1.8449268210727416,27,9.930331755907897,0.8268357603032189,7,"NM"
198593,5.226131578947369,"NM",16601,2274,"16601_20221231",0.1140488741150781,2.1379066830698346,38,10.236859011490138,2.059045298996578,2,"MO"
123064,4.922560000000001,"SM",16603,1381,"16603_20221231",1.5579122237675784,2.647236173898495,25,9.564151434496772,0.8373910346005444,2,"KY"
2369774,3.828390953150242,"SM",16604,50233,"16604_20221231",0.47789437403990304,3.6485796874416563,619,8.822465656014565,1.1175257168091048,4,"AL"
55549,5.0499090909090905,"NM",16609,1361,"16609_20221231",0.10347098109302981,4.543381187881115,11,16.9044194814786,-1.0743265952849665,2,"GA"
506829,7.4533676470588235,"NM",1660,4589,"1660_20221231",0.8533598221038255,1.8838853612038848,68,11.526698975414371,0.893586973369916,7,"SC"
266425,3.976492537313433,"SM",16612,4354,"16612_20221231",1.9323775645862529,2.4637983012160474,67,13.376338452470613,2.3550385954785815,8,"MS"
371477,5.38372463768116,"NM",16620,3356,"16620_20221231",0.4698559921894069,1.699763324772436,69,8.980409799190218,1.3779257474349467,7,"WV"
339162,5.560032786885246,"NM",16629,4619,"16629_20221231",1.8756111292186435,2.513023709881777,61,8.462021270749394,0.7098937033564342,4,"KS"
156413,0.577169741697417,"NM",16635,26225,"16635_20221231",1.6736738789681085,28.281847952740574,271,15.110568220655434,0.24699034994173932,4,"MN"
908945,7.574541666666667,"SI",16636,12714,"16636_20221231",0.3066258056278016,2.2860941786360947,120,19.647915167778272,0.32925553590408213,5,"CT"
66184,6.016727272727272,"SM",16643,786,"16643_20221231",0.010836192884233339,2.4695374856737518,11,7.643088388003176,0.5334787209407985,4,"TX"
671228,5.413129032258065,"NM",16652,14472,"16652_20221231",0.1944340026183779,3.3880140799808682,124,10.320912330040397,1.8445970689126876,4,"TX"
113331,4.722125,"NM",16656,1542,"16656_20221231",0.7104297128050098,2.2664832855264527,24,11.89093552653476,0.6111770580777935,4,"MN"
715822,10.226028571428571,"NM",16659,11615,"16659_20221231",0.09575252686099331,2.2812658924951568,70,9.392296192983933,1.570157992956802,4,"MN"
891968,5.792000000000001,"SM",16664,15062,"16664_20221231",0.030972988064493612,2.954969377431602,154,11.253078941706903,1.3122264317897137,4,"KY"
731397,7.463234693877552,"NM",16666,10932,"16666_20221231",0.35013479563646077,2.3087254626223195,98,9.126998224969638,1.1170468611752462,4,"IL"
75344,9.418000000000001,"NM",16667,606,"16667_20221231",1.8927159114921364,1.5190370273452833,8,8.664511012140808,0.8661520345414104,5,"IL"
500932,5.329063829787234,"NM",16689,6575,"16689_20221231",0.8193103260943378,3.0129968474749673,94,11.90685701805907,0.9899449964081642,4,"LA"
317258,8.57454054054054,"NM",16695,3318,"16695_20221231",0,1.804976633372454,37,11.44850714324795,1.6142875181635388,2,"TX"
241436,8.325379310344827,"NM",16704,2953,"16704_20221231",0.0010548189403288926,1.9770606627907552,29,6.870558750963163,0.8994123564850718,7,"MN"
179500,8.159090909090908,"NM",16707,1737,"16707_20221231",0.6939666776345308,1.7849320691070507,22,11.989510032027397,1.472209671170099,2,"NE"
329667,12.20988888888889,"NM",16720,2740,"16720_20221231",0.7230324065722347,1.4130125732933996,27,7.42226313190732,2.095327978643097,4,"NM"
790549,8.149989690721648,"NM",16723,8162,"16723_20221231",0.1443552066803148,1.7939014646065166,97,11.17967346210119,1.2508629243424165,4,"SC"
357241,7.144819999999999,"NM",16733,5207,"16733_20221231",0,2.2303833446563237,50,10.23309696954723,1.6054450162018947,4,"MN"
1094534,3.761285223367698,"NM",1673,38338,"1673_20221231",1.2359976250388758,9.309238671814127,291,17.644832741956733,1.2085554474183802,9,"SD"
17062,3.4124000000000003,"NM",16744,308,"16744_20221231",1.9029292281376953,3.365314152357975,5,26.89755529685681,2.5874023382450764,2,"KS"
127023,4.704555555555555,"N",16752,1874,"16752_20221231",0.43771801507820407,2.868353915113764,27,8.49139515188316,0.7975538526347676,4,"IL"
1008648,7.30904347826087,"NM",16753,12073,"16753_20221231",1.4755772465706651,2.219110568487304,138,10.512356480858298,1.3175108257258092,4,"TX"
359029,5.279838235294117,"NM",16757,3913,"16757_20221231",0.008916132627472834,1.8366741083322369,68,9.277271444018899,0.4458474744915436,8,"IN"
56708,4.050571428571429,"NM",1675,1322,"1675_20221231",0,3.6081358866168993,14,10.484054769543645,3.4602762450863715,8,"SD"
38725,6.454166666666667,"NM",16778,523,"16778_20221231",0.05285627159991868,2.072682050573442,6,14.143142286854863,0.5910982144227964,2,"MN"
309124,4.985870967741936,"NM",16780,5347,"16780_20221231",0.011915772510880234,2.984316549855958,62,9.767074014142999,1.1223099496925657,4,"GA"
66800,4.175,"NM",16788,1321,"16788_20221231",0.1372846051884113,3.331172136312957,16,7.812704554380555,1.0816084153376315,2,"KS"
1054618,2.636545,"NM",1678,55064,"1678_20221231",0.5642522904660581,8.59414692375611,400,12.597063947588302,0.28234458469597645,4,"SD"
45588,2.84925,"SM",16795,844,"16795_20221231",0.3921427543531444,3.0374819173317293,16,11.582987158130022,2.734749605838467,8,"OK"
839698,13.12028125,"NM",16810,5629,"16810_20221231",0.06296857474566599,1.2294808142012925,64,9.975904702250963,0.9507078759114839,2,"NE"
522552,5.024538461538461,"NM",16817,8053,"16817_20221231",1.3645181281788945,2.7765713345905185,104,12.23650375781844,0.5203451562991503,4,"TX"
381433,4.285764044943821,"NM",16820,6406,"16820_20221231",0.26711006221840805,2.634790536882794,89,9.527717544070995,0.46275630858651573,8,"MD"
427662,5.482846153846154,"NM",16825,6703,"16825_20221231",0.024125973591061146,2.5340563038767385,78,9.51578403027525,1.6176147699827212,4,"GA"
37695970,10.3759895403248,"NM",16835,302948,"16835_20221231",0.1355161063846287,1.240533210640025,3633,10.122830504854369,1.4184077581146508,4,"TX"
127614,5.5484347826086955,"NM",16840,1877,"16840_20221231",0,2.3690066985706646,23,11.245733263630493,0.8890714794434935,4,"WI"
985331,3.676608208955224,"NM",16849,21652,"16849_20221231",2.0155525810182024,5.813383644032504,268,10.565663826267137,1.4790898913624708,4,"AR"
290216,5.47577358490566,"NM",16852,3203,"16852_20221231",0.3193447026198568,2.1223028993321584,53,14.472605475401334,1.3923727808170814,2,"KY"
174580,4.849444444444445,"NM",16854,2190,"16854_20221231",0.03787993575562896,2.2345771912297985,36,9.516550522648084,0.8839698581539469,4,"NM"
870953,8.45585436893204,"NM",16858,11518,"16858_20221231",0.019477415051910262,1.9404852445061558,103,9.175947571642459,1.3081567755957841,4,"GA"
360735,6.441696428571428,"NM",16863,6070,"16863_20221231",0.15118468123624773,2.694114782080269,56,10.642161787050432,0.6132762580541381,4,"MN"
224067,6.789909090909092,"NM",16866,2405,"16866_20221231",0.02111215834118756,2.0957427656759995,33,10.271476288229358,1.5400089230504308,4,"TX"
36066,7.2132000000000005,"NM",16868,195,"16868_20221231",0.36263166983249867,2.621065580245799,5,7.063207363532715,0.45424279700707604,2,"NE"
251167,7.611121212121212,"NM",1686,3535,"1686_20221231",0.007514402604992903,2.0580965334471544,33,8.776806092242333,0.759293884558662,2,"SD"
62643,7.830375,"NM",1687,1174,"1687_20221231",0.03746160185809545,2.7964445642385893,8,12.387675564379734,0.4471860968004754,2,"SD"
23954627,8.55522392857143,"NM",16889,257283,"16889_20221231",0.28827433943998876,1.9504854416995807,2800,9.685688190718821,1.2517883928051774,4,"SC"
680790,7.018453608247422,"NM",16891,7423,"16891_20221231",0.010332215158048452,2.212072169782867,97,9.98068163591484,1.1377886795861583,2,"TX"
207530,9.882380952380952,"NM",16895,1757,"16895_20221231",0.7105670465738005,1.9078934112673651,21,15.551274023409277,2.076759008643808,2,"TX"
357772,5.3398805970149255,"NM",16897,5428,"16897_20221231",0.6265689946088316,2.5858364121757296,67,13.655835592651142,1.1928826068271223,4,"GA"
107639,6.7274375,"NM",16900,1354,"16900_20221231",0.07828080442845693,2.458543987510305,16,9.762741568324904,1.2584535247641768,4,"IL"
30526,6.1052,"NM",16905,364,"16905_20221231",0.1666203832268814,2.1108692515666854,5,12.20535112961489,1.0162282875298754,2,"NE"
54152,4.512666666666667,"NM",16906,1184,"16906_20221231",0,3.7607041497546074,12,11.221116369710469,0.9121110810971994,2,"MN"
63197,2.8725909090909094,"NM",16908,1176,"16908_20221231",0.03734827264239029,2.8755265269280916,22,10.16748705491274,0.3196770634841039,7,"OK"
225164,3.3112352941176475,"NM",16910,5631,"16910_20221231",0.20889337876478947,4.6836770696965075,68,12.150759685286587,0.6266111135747103,4,"AL"
74905,3.4047727272727273,"NM",16916,1290,"16916_20221231",0.8876160298986453,3.623000304079862,22,6.03294330872358,0.31767692874395237,4,"GA"
60859,3.8036875,"NM",16934,588,"16934_20221231",1.736430542778289,2.6760523330942685,16,8.724790759442849,-0.012637791419571517,7,"TX"
122516,4.90064,"NM",1693,2368,"1693_20221231",0.12311287781568542,3.9930265195860994,25,12.580428231035542,-0.06635350237418285,4,"TN"
75251,5.375071428571429,"NM",16941,1415,"16941_20221231",0.030584781012967948,3.0317255408207173,14,14.263869829445209,0.6806712827132966,8,"KS"
43017,4.779666666666667,"NM",16953,768,"16953_20221231",3.627777985983585,2.6223124586152613,9,10.471482362724942,0.4363212201207667,2,"NE"
2847684,7.454670157068064,"NM",16958,41800,"16958_20221231",0.725923417288168,2.5881164229553066,382,8.832037583323412,1.1037447378416303,2,"MN"
86436,3.6015,"NM",16959,1583,"16959_20221231",0.47127372434771436,3.514694771473111,24,9.018436093581462,1.010175878195503,4,"MO"
402497,5.227233766233766,"NM",16968,5747,"16968_20221231",0.14395138586408013,2.459794767801903,77,10.111593671230608,1.3369667906998952,4,"SC"
842410,5.69195945945946,"NM",1696,13780,"1696_20221231",0.10524058466190561,2.647399877220671,148,12.854863736696023,1.6803362554186376,4,"TN"
434445,4.722228260869565,"NM",16970,5297,"16970_20221231",1.0101010101010102,2.6081845384487234,92,10.910450899983749,1.2057168478537599,2,"KY"
309842,6.592382978723404,"NM",16971,3857,"16971_20221231",0.006979445532905593,2.0803467536217033,47,12.385818735035272,1.1804671125237,2,"KS"
452375,4.1125,"NM",16976,7443,"16976_20221231",0.7613769471494257,3.113523941587016,110,9.441969211018417,0.5097372076038068,5,"PA"
6600477,9.48344396551724,"NM",16980,72103,"16980_20221231",0.13704747902876319,1.8289381246978855,696,9.032982163555637,0.9978417955818148,4,"CO"
987787,8.37107627118644,"SM",16982,11135,"16982_20221231",0.22456606742644603,2.024557082874487,118,9.232371305439614,1.0293344036367926,2,"IL"
391931,5.296364864864865,"N",169,5129,"169_20221231",0.1267831653234744,2.514040288793887,74,7.133679077327966,0.6460747522234594,7,"GA"
79084,3.594727272727273,"NM",17001,1684,"17001_20221231",2.152913799742186,4.432061353746284,22,29.033817056126647,1.327033276364733,4,"OK"
376709,8.561568181818181,"NM",17009,7377,"17009_20221231",0,5.438363952807044,44,12.977849717010853,7.6749117754619585,4,"MO"
563299,6.549988372093023,"NM",1700,7524,"1700_20221231",0.010241147677349507,2.4257599364642846,86,8.752190645612984,1.45816750409318,4,"TN"
539144,7.00187012987013,"NM",17011,5092,"17011_20221231",0.01828158628770231,1.8416738313727452,77,15.15771137948399,2.796886708168935,4,"GA"
706771,5.235340740740741,"NM",17040,9103,"17040_20221231",0.7250264526609141,2.10630075647974,135,8.171861492488548,2.0536287672410327,4,"KY"
165559,3.0659074074074075,"NM",1705,2931,"1705_20221231",0.8187510033713277,3.8290711174070955,54,12.933529092825333,0.1318073854740273,4,"TN"
49567,8.261166666666666,"NM",17062,532,"17062_20221231",2.02982434985329,1.6151970343406645,6,13.838463562220468,0.8095682696512356,2,"MN"
508032,5.237443298969072,"NM",17068,7226,"17068_20221231",0.13603484584897516,2.513659743322067,97,10.896076832472593,0.7019794800562055,2,"KS"
116415,4.6566,"NM",17073,1570,"17073_20221231",0.649331741548496,2.2526764981882694,25,10.24522518273992,0.8544930236381196,2,"GA"
994588,6.416696774193548,"NM",17077,15938,"17077_20221231",0.21334249935066862,2.7001484804188363,155,9.394872396763452,0.8410601797879179,4,"AL"
980770,7.9094354838709675,"N",17093,14121,"17093_20221231",0.705526738318921,2.2317965388586125,124,8.798342541436464,0.4778949292198336,4,"FL"
315211,7.688073170731708,"NM",17094,4214,"17094_20221231",0,2.247456117613436,41,10.478866221031822,1.9041732299164555,4,"TX"
124375,11.306818181818182,"NM",17096,1069,"17096_20221231",0.004692632566870014,1.3291445142580958,11,12.526888316362001,1.7384914333060435,2,"ND"
157782,4.508057142857143,"NM",170,2981,"170_20221231",0.6824393162669599,3.489477183455541,35,9.230719251510623,1.3528267280491966,4,"GA"
585233,5.418824074074075,"NM",17108,10071,"17108_20221231",0.08068107551632997,2.8931256217502335,108,13.837680619352069,1.3893019646452733,4,"TX"
43857,7.3095,"NM",17114,518,"17114_20221231",1.2912826420890937,1.97003448752868,6,10.205140935659317,1.0160226291612804,2,"KS"
1004795,7.334270072992701,"SI",17115,13568,"17115_20221231",0.03179543417565238,2.6569326286928185,137,9.149853223494437,0.6433930774444676,4,"ME"
1484968,5.689532567049809,"NM",1711,20334,"1711_20221231",0.6788427181998112,2.2613148318265117,261,9.467086523723816,1.3036284731952055,4,"TN"
852086,4.532372340425532,"NM",17120,14631,"17120_20221231",0.34024421266853216,2.614229335312454,188,8.362303980630232,1.2570978235761832,4,"MS"
35943,7.188599999999999,"NM",17122,337,"17122_20221231",0,2.5249880732130183,5,8.151339865423209,-0.031998696780349306,7,"MN"
662318,5.256492063492064,"SI",17123,10107,"17123_20221231",0.23254475580669157,2.6139463621743095,126,9.255552336385692,0.7182620486098416,4,"DE"
150638,4.7074375,"NM",17126,2734,"17126_20221231",0.5548115553854984,2.9902382569062067,32,11.393954568849198,1.1896351235818532,2,"GA"
259345,8.365967741935485,"NM",17128,2412,"17128_20221231",0.09588313537852688,1.6608575828807652,31,20.13977204319937,1.453756991164789,4,"WI"
17430,3.4859999999999998,"NM",17138,335,"17138_20221231",1.512364602493358,3.675937391925209,5,11.222169020828346,2.28142396554994,4,"OK"
206342,6.2527878787878794,"NM",1713,2884,"1713_20221231",0.4369853235606469,2.5931178134415545,33,9.3972868879267,1.935470854085962,6,"TN"
604832,8.518760563380281,"NM",17145,4960,"17145_20221231",0.0006184406637105203,1.2509077668293032,71,16.07191146276729,1.5380429596210423,2,"NE"
2406732,6.593786301369863,"NM",17159,37121,"17159_20221231",0,2.541100084541481,365,15.058653221969227,1.522294019308229,4,"UT"
708489,12.00828813559322,"SM",1715,4933,"1715_20221231",0.060501405397229535,1.157064894995755,59,20.293168897123312,1.4279532553322059,4,"TX"
38813,7.762600000000001,"SM",17160,526,"17160_20221231",0,2.218557640405481,5,13.258761352557851,0.0866624078283391,2,"KS"
705542,7.349395833333333,"NM",17162,7118,"17162_20221231",0.12064114271290377,1.5678398452990425,96,10.702143385070215,0.47856710020362425,4,"WI"
149088,4.659,"NM",17169,2031,"17169_20221231",0,2.274452200333259,32,9.864190107706786,0.8588969090746351,4,"LA"
36596,4.5745000000000005,"NM",17174,485,"17174_20221231",0,2.6874044711691893,8,7.106061871745608,0.4367032265649933,2,"ND"
1552881,6.4703375,"SI",17180,22890,"17180_20221231",0.29531481782564845,2.686626179022613,240,9.197776939084672,0.7724032370073272,5,"NH"
170373,6.552807692307692,"NM",17190,1989,"17190_20221231",0.3250121747231574,2.435216117999992,26,21.860000128169798,1.085840872794138,4,"GA"
208411,6.51284375,"NM",17193,2153,"17193_20221231",0.39601769911504425,1.9425065150717125,32,13.174007599837486,0.19273038637293183,7,"FL"
48369,6.046125,"NM",17205,643,"17205_20221231",0.36677240285487706,2.3773444707434264,8,15.495086923658352,0.8599349622004318,2,"NE"
181566,7.56525,"NM",17208,1930,"17208_20221231",0.051955452389531816,2.015372649494441,24,11.894640087321193,1.0231276021411904,4,"WI"
564054,5.4235961538461535,"NM",1720,9522,"1720_20221231",0.008955598144400065,3.2721900639422303,104,8.521125704689936,1.2937752459512895,4,"TX"
1335234,6.096958904109589,"SM",17211,19653,"17211_20221231",0.08816593225106195,2.6324989455891954,219,8.804018805950923,0.972944540397164,4,"AR"
387121,10.753361111111111,"NM",17214,3618,"17214_20221231",0,1.5197624781404935,36,10.280167008453695,1.465958539692199,8,"TX"
399855,12.116818181818182,"NM",17224,3888,"17224_20221231",0.049005094487947806,1.8962859025510561,33,8.094023457046267,0.9894592733018724,4,"IL"
283649,9.149967741935484,"NM",17229,3582,"17229_20221231",0,1.836553941167993,31,12.986753982326556,1.7999821848474158,2,"NE"
705700,11.0265625,"N",17230,7399,"17230_20221231",0,1.6295414101827297,64,14.734373311525188,1.130168050352788,4,"IL"
120205,5.008541666666667,"NM",17232,1626,"17232_20221231",0.11331250214607011,2.4856711312054256,24,7.994934430873311,1.0786245619650638,5,"MI"
155536,6.22144,"NM",17241,2122,"17241_20221231",0.07843052988955262,2.3548114596073715,25,11.531765018607123,1.1861512469163955,2,"IL"
273656,6.364093023255814,"NM",17244,4060,"17244_20221231",0.004567785943400056,2.593848085373509,43,9.191575809925597,0.5951035781544256,4,"CO"
169282,8.4641,"SM",17259,1767,"17259_20221231",0.02074129384190986,1.7211725661485076,20,9.718626865311393,1.0919673569850605,2,"IA"
528294,4.2604354838709675,"SI",17262,23053,"17262_20221231",0.0806968773683613,5.6700857873022406,124,9.251204034962713,0.6330839489238496,8,"CT"
31844724,8.960248733821047,"NM",17266,439422,"17266_20221231",0.24881396060673122,2.3626460966707814,3554,9.893652781446683,1.1422359671788085,4,"OR"
332800,7.923809523809524,"NM",17280,3604,"17280_20221231",0,0.9003302418573252,42,8.256544395983601,1.1219407038034273,2,"ND"
96504709,13.640241554770318,"N",17281,1183770,"17281_20221231",0.3297043877703625,2.167804556873834,7075,8.20213642166357,0.6717710062189894,4,"CA"
785842,5.9085864661654135,"NM",17282,12276,"17282_20221231",1.7036676929725059,2.4775805613496926,133,11.129899071022336,0.9113231777915365,2,"IA"
2419852,6.126207594936709,"NM",172,29047,"172_20221231",1.1207061207503926,2.0828322601608775,395,8.394172951751214,1.7914535496410466,9,"GA"
7419533,9.736919947506562,"NM",17308,88781,"17308_20221231",0.12757868116865598,2.2491581450076366,762,8.986925973645416,1.0781799746939758,4,"HI"
108668,6.392235294117647,"NM",1730,1245,"1730_20221231",1.1549242344411894,2.1662472108117945,17,8.488923464473586,1.0568147158550747,2,"AL"
251496,4.4910000000000005,"NM",17317,4060,"17317_20221231",0.9597241842591404,2.610067902981248,56,9.746306419368722,0.831845206249262,2,"KS"
593255,9.127,"NM",17320,6040,"17320_20221231",0.30304682590017246,1.6721960799911124,65,8.51752838013297,1.2002301369712711,2,"IL"
3866130,5.4994736842105265,"NM",17323,50494,"17323_20221231",0.17798133330900398,2.3465710466562157,703,10.569852890289742,1.5449715295403281,4,"MO"
296885,6.058877551020408,"NM",17327,3353,"17327_20221231",2.2736531825153374,2.0896238677038133,49,10.395963267837049,0.5848947189505889,5,"TN"
437379,7.28965,"NM",17348,6450,"17348_20221231",0.07470969371712975,2.648086299695078,60,13.417672080336288,0.547727824677279,4,"IA"
77944,4.8715,"NM",17350,1051,"17350_20221231",0.3400038857586944,2.4313798714289523,16,8.787341500107457,0.72421243564779,7,"TX"
313520,5.8059259259259255,"NM",1735,4237,"1735_20221231",0.07949721759738408,2.6752946277321294,54,11.581347951597207,0.8028761575517361,4,"AL"
171335,4.079404761904762,"NM",17369,3209,"17369_20221231",0,3.0900401426208144,42,7.617063619065354,0.610335242616978,4,"KS"
349535,6.9907,"NM",17374,4774,"17374_20221231",0.04174956782673929,2.4224320631250107,50,10.480884965896715,1.8871014659258407,4,"KS"
46899,6.699857142857143,"NM",17375,534,"17375_20221231",0.12650888197775553,2.0986884831472916,7,11.768693647888279,0.5688034206660884,2,"KS"
382157,4.837430379746835,"NM",17388,6002,"17388_20221231",0.796307896119979,2.8447117423583514,79,21.02863733298516,0.9735504346423143,4,"LA"
6150272,7.201723653395785,"NM",17393,83611,"17393_20221231",0.37735262159242544,2.4149818006211166,854,10.091203372827438,1.4032112848992675,4,"IN"
163079,7.765666666666667,"SM",17399,1877,"17399_20221231",0.022909245025830173,2.2210148947648323,21,10.34719187981044,1.036218548375783,2,"KS"
45199,5.649875,"NM",17403,552,"17403_20221231",0,2.4580785870070434,8,14.310185185185183,1.0390968572347956,2,"KS"
103460,7.390000000000001,"NM",17410,995,"17410_20221231",0,1.7698744018064099,14,8.33285177694308,1.1409850204538785,2,"KS"
482099,9.096207547169811,"SM",17411,5460,"17411_20221231",0.24846483051266907,2.6245741472552178,53,10.010953601395254,0.3307214502187042,4,"CO"
677634,5.9441578947368425,"NM",17431,10933,"17431_20221231",0.7925099736342462,3.083909590187405,114,9.624738130887291,1.808247787279972,2,"AR"
3589007,6.1772925989672975,"SM",17437,58791,"17437_20221231",0.1842397052456986,2.5994359297670817,581,10.747690695645472,1.1560097723836698,2,"SD"
4554611,13.050461318051575,"N",17438,34724,"17438_20221231",1.2747326029327954,1.5103955212497702,349,8.712444140916704,3.220458818437362,5,"MI"
19044,3.8088,"NM",17441,192,"17441_20221231",0,1.832727736342194,5,7.077984677051094,0.5524744480567773,2,"IA"
380965,10.025394736842106,"SI",17443,4918,"17443_20221231",0.1384659330231567,2.1108173529055554,38,14.1419297966653,0.43226547853658187,5,"NH"
570848,6.961560975609755,"NM",17445,6374,"17445_20221231",1.1106776836058017,2.142925566243477,82,8.093704751527351,1.2460048483712787,7,"OR"
129706,4.0533125,"NM",17446,573,"17446_20221231",0.22363667641493207,1.0310645993877425,32,9.747550835254655,0.27371910374625735,7,"TX"
126927,5.518565217391305,"NM",1744,1472,"1744_20221231",0.2587037291867345,2.195152358723561,23,8.851079198825405,1.3358709357724616,7,"AL"
41384,5.912,"NM",17450,770,"17450_20221231",0.22515871844086816,2.7241172249154206,7,8.4796728409911,0.3124435526784712,2,"IA"
167245,6.4325,"SM",17451,2440,"17451_20221231",0.021195625993544968,2.763267287240433,26,8.125173048911147,0.6019117003945464,2,"KS"
518302,7.973876923076923,"NM",17453,5674,"17453_20221231",0.083481706767907,1.8558725258354847,65,9.120804222461866,1.169482523439953,2,"IL"
105293,13.161625,"NM",1745,936,"1745_20221231",0,1.2708207840567696,8,16.84753826884441,0.8497315792355815,2,"AL"
2054334,14.070780821917808,"NM",17470,24644,"17470_20221231",0.4364392200217726,1.73516153302739,146,9.186250921573135,0.18219987382314146,4,"IL"
847636,8.561979797979797,"SM",17477,7780,"17477_20221231",0,1.8441924326777888,99,10.66347738396832,1.3469532585243926,2,"KS"
871148,8.066185185185185,"NM",17478,9236,"17478_20221231",1.2671060667134917,2.017682502685687,108,11.762289340017144,1.969208509552541,4,"NE"
13520414,4.5692510983440355,"SM",17491,491504,"17491_20221231",1.4084264005832157,5.014482687999262,2959,10.26001165342878,0.962717647077841,4,"TX"
1228854,7.632633540372671,"NM",17509,15369,"17509_20221231",0.26497060110745346,2.030758545248343,161,9.489924216057918,1.199345406333298,4,"FL"
227261,5.8272051282051285,"N",17513,2819,"17513_20221231",0.3177838346318049,2.3501440609015214,39,10.345671625554136,1.4382465865267857,4,"IL"
2844673,6.805437799043062,"NM",17514,35338,"17514_20221231",0.47596831820836394,2.229688913533606,418,10.087071390517158,2.443161812532212,4,"IL"
187590465,10.14221804714533,"N",17534,2136007,"17534_20221231",0.3941720820767663,2.0713277228698477,18496,8.77677230597296,1.152975638492099,4,"OH"
287427,5.423150943396227,"NM",1753,4296,"1753_20221231",0.26594977252397395,2.6187678121300695,53,10.109310964479263,1.6493441987028548,4,"AR"
147192,4.59975,"NM",17543,1946,"17543_20221231",0.31471917366042607,2.17648160490903,32,9.452587690529228,2.0752659149622956,8,"GA"
52038,10.4076,"NM",17551,484,"17551_20221231",0,1.5736641887941443,5,15.405337312738618,0.5751752101382699,2,"IA"
656186,8.749146666666666,"NM",17563,7056,"17563_20221231",0.22453960505879741,2.1413104988917584,75,11.996672533723219,0.970983330725821,7,"SC"
24360,6.09,"NM",17569,211,"17569_20221231",0.8938177604899445,1.6838311439451386,4,15.032760032760034,0.41586144475158393,2,"KS"
447160,14.905333333333335,"NM",1756,3001,"1756_20221231",0,1.3439697056437694,30,9.358186989169361,1.6097680659674443,4,"AR"
215786,8.991083333333334,"N",17572,1955,"17572_20221231",0.16290105531553226,1.4961452676061855,24,10.840956751663983,1.103640768489988,2,"IL"
586236,7.3279499999999995,"NM",17580,8268,"17580_20221231",0,2.2024450091605843,80,9.788929817126837,1.275921798442154,7,"FL"
190038,6.3346,"NM",17587,2242,"17587_20221231",1.9092838296505734,2.5845246827297013,30,9.518168088841927,1.5056211393590473,6,"LA"
809214,5.187269230769231,"NM",17588,12125,"17588_20221231",0.05991184132189187,2.591787223369442,156,9.42541157733598,2.0895344228754014,2,"TX"
14660,3.665,"NM",17589,197,"17589_20221231",1.0466712422786548,2.620298672566372,4,14.393051630247466,0.08987831858407079,2,"NE"
422053,8.44106,"NM",175,5144,"175_20221231",0.721667820881063,2.1627180400101613,50,9.181183652836646,2.3504293375871437,4,"GA"
300795,5.277105263157895,"N",17603,6071,"17603_20221231",3.060475781026082,3.519832022774396,57,8.676930099244506,2.20696276689658,4,"TX"
55734,6.192666666666667,"NM",17607,605,"17607_20221231",0,2.384315518888278,9,8.115794079043313,1.1525113683721377,2,"KS"
975852,6.255461538461538,"SM",17612,25269,"17612_20221231",0.023015112813963387,3.82052296542278,156,9.961536669582909,1.8115610979817522,4,"TX"
977048,8.210487394957983,"NM",17614,10452,"17614_20221231",0.04231977917266197,1.6902005489110392,119,19.511285025777877,1.4679738029891543,7,"KS"
63028,3.707529411764706,"NM",17621,1292,"17621_20221231",2.1911125686644257,3.7803915329021045,17,11.030133146461107,1.6385266417394393,6,"LA"
282088,7.233025641025642,"NM",17622,3645,"17622_20221231",0.24333910748164647,2.061070759611368,39,9.863264372490214,1.1063348111415057,4,"MI"
51288,2.8493333333333335,"NM",17629,1267,"17629_20221231",0.04295958494431777,3.3242751700174793,18,16.424247189244436,0.11853455901605701,2,"KS"
17558,3.5116,"NM",17632,268,"17632_20221231",7.366296670030273,2.4289342635005493,5,10.951174573929064,-0.11091024034249083,2,"KS"
453701,6.301402777777778,"NM",17636,6545,"17636_20221231",0.23186149237564946,2.7402641309475717,72,7.972149610576912,0.46256336633759276,2,"KS"
464756,5.958410256410256,"NM",17639,6939,"17639_20221231",0.11812099468455524,2.820629408263098,78,9.46870761826668,1.5556185242052223,4,"NE"
453122,4.53122,"N",17643,5979,"17643_20221231",0.8675799086757991,2.227065539673408,100,10.4158443532726,1.236668584325353,4,"NM"
164518,6.854916666666667,"NM",17650,2499,"17650_20221231",0,2.284264916884949,24,13.524988591948892,0.7092350196108513,2,"KS"
22034,4.4068,"NM",17652,409,"17652_20221231",0,2.9425308528274083,5,11.35028476613301,0.22103518143304474,8,"KS"
1795136,5.828363636363636,"SI",17658,28890,"17658_20221231",0.07192977547046518,2.779347725245723,308,13.051373479443015,0.5281284309992436,4,"ME"
100874,12.60925,"NM",17661,1015,"17661_20221231",0.6463333682702721,1.745904729153302,8,17.45850851958398,1.366743601104858,2,"KS"
130130,11.83,"NM",17671,1749,"17671_20221231",0,2.4772092256754834,11,10.669176171795279,1.4981610073634613,4,"KS"
472684,5.137869565217391,"NM",17672,6695,"17672_20221231",1.1623066370216188,2.1736153549012114,92,10.71017730466894,1.060544435973896,2,"KS"
618429,6.375556701030928,"NM",17676,8186,"17676_20221231",0.5305508278244434,2.0849213398511766,97,10.671828461647562,0.9672646783218312,4,"KS"
439956,5.86608,"NM",17685,6092,"17685_20221231",0.5429647160698248,3.011363370556286,75,11.156659451371805,0.7255902730670808,2,"KS"
18139330,10.184912970241438,"NM",1768,203550,"1768_20221231",0.34662211946526095,1.954311101791149,1781,8.408347785850177,1.159071597896184,4,"CA"
248929,6.550763157894737,"NM",17734,2830,"17734_20221231",8.129568943786236,2.9244418983765277,38,11.887379620673704,0.5445756376662458,7,"FL"
5832156,6.401927552140505,"N",17735,66816,"17735_20221231",0.14796239620614868,2.0566249738942157,911,8.548631228973418,1.731280331487771,4,"WV"
497776,4.786307692307693,"SI",17736,7067,"17736_20221231",0.6539350646645979,2.9050746768188094,104,7.039960059143192,0.24662176295862445,8,"IN"
818034,10.225425,"NM",17739,9793,"17739_20221231",0.7996219794674827,2.1277019834272277,80,13.725614972018635,2.0345619613689148,4,"TX"
1004289,6.60716447368421,"SI",17741,14833,"17741_20221231",0.21451513097798863,2.535547281258187,152,13.96714800063912,0.8241769147103423,4,"ME"
1276362,6.478994923857869,"SI",17743,20763,"17743_20221231",0.24651866062936437,2.6395688619043955,197,11.030371480086558,0.4174462540008013,5,"ME"
1607984,7.921103448275861,"SI",17748,21840,"17748_20221231",0.49492227311362746,2.7610363291286513,203,9.098208755574072,0.3990099837064517,4,"ME"
1276951,7.016214285714286,"SI",17749,17293,"17749_20221231",0.028145190552597708,2.3259192075223023,182,14.44870966515906,0.6331337924512865,4,"ME"
1450036,6.971326923076924,"SI",17751,25269,"17751_20221231",0.577285346024192,2.537916630110856,208,9.570768154756827,0.5788317800651495,4,"ME"
95140,4.757,"NM",17759,1384,"17759_20221231",0,3.111006159185593,20,8.068467863735526,0.9261525996182735,8,"OH"
2127985,9.628891402714933,"SI",17764,26408,"17764_20221231",0.8995853102108353,2.1692717112169024,221,15.870642178924943,0.0044155878167537145,4,"RI"
287654,4.051464788732394,"NM",17767,4783,"17767_20221231",0.940380085530679,2.6370479457600653,71,12.31370162886497,1.2896309793790532,4,"LA"
358044,11.549806451612902,"NM",17769,3251,"17769_20221231",0.6159853240655031,1.579962783472989,31,9.544425241134629,0.954823894895859,2,"KS"
175455,4.498846153846154,"NM",17773,3090,"17773_20221231",0.14793036178219104,2.957309983461232,39,8.137986886919093,0.45856506081963616,8,"SC"
166357,11.882642857142857,"NM",17775,1596,"17775_20221231",2.060598544973545,1.6368070714082188,14,10.485835989395609,1.5338790193718124,2,"TX"
112864,4.180148148148148,"N",17782,2112,"17782_20221231",0.5596309460788021,3.443506300649158,27,12.059178588857781,0.07043149900292757,4,"CO"
132641,5.101576923076923,"NM",1778,1776,"1778_20221231",0,2.4723654564425157,26,15.258080223994156,1.0978209916680528,2,"CO"
888799,8.629116504854368,"SB",17797,12087,"17797_20221231",0.07637620372079405,2.284755965213019,103,10.35941932785335,0.1654164253370301,4,"MA"
6055752,11.050642335766424,"SM",17798,77552,"17798_20221231",0.22066710936302805,2.0482893481834106,548,9.717884463921205,1.4340936483599849,4,"MA"
192719,6.645482758620689,"NM",1779,2440,"1779_20221231",0,2.6178098535955217,29,8.453931500241197,0.607215264819865,4,"CO"
1055153,6.029445714285714,"NM",17809,16039,"17809_20221231",0.050965573151441686,2.1340811841178144,175,9.676119182864372,0.8535578130030844,9,"OR"
375585,7.222788461538461,"NM",1780,4463,"1780_20221231",0.1284737538597265,2.4548568323614175,52,9.183001043159038,1.1271641713807032,4,"CO"
375335,8.15945652173913,"N",17811,4097,"17811_20221231",0.06367921114965097,1.7176779869776164,46,10.838229688342075,1.2076251349493285,8,"TX"
58008,7.251,"NM",17813,669,"17813_20221231",0,1.9962047053635263,8,9.912812422153948,0.9605169084385169,2,"ND"
195486,4.767951219512195,"NM",1781,3489,"1781_20221231",0.798514911519697,2.6049342432776923,41,8.302485715681009,0.7038497822896016,2,"IL"
20658,5.1645,"NM",17825,157,"17825_20221231",0,1.4665643024468986,4,13.133685652769621,0.5462705958778716,2,"NE"
178735,7.7710869565217395,"NM",17830,1636,"17830_20221231",0.3376844494892168,1.9532534797917607,23,16.415613726127173,1.454120758958711,2,"MO"
230242,5.35446511627907,"SM",17832,2875,"17832_20221231",0.19075555395592828,1.981860359802284,43,11.683967220004202,1.3995633840724901,2,"KS"
19808858,9.45079103053435,"SB",17838,282603,"17838_20221231",0.3290467005910076,2.8353563313142973,2096,10.285178793215282,1.1716049094348304,4,"DE"
166543,5.947964285714286,"NM",17841,1764,"17841_20221231",2.1125851559698816,2.1513620273622633,28,9.722937834477168,1.3589530916496537,8,"LA"
4142065,8.027257751937986,"NM",17842,50257,"17842_20221231",0.1344933357391093,2.0974105330321744,516,10.301241775371475,1.4081411416571714,4,"TX"
519156,8.373483870967743,"NM",17863,6682,"17863_20221231",0.12010523506310292,2.61640895583918,62,6.867968092052347,0.4480277630851956,4,"MN"
283286,6.158391304347826,"NM",1786,3437,"1786_20221231",0.8032255016222005,2.010402080416083,46,8.348410073046358,1.153934490601824,2,"IL"
6474352,13.544669456066945,"NM",17870,72923,"17870_20221231",0.2505428710762237,2.0349764789909113,478,9.01384721613559,0.8688630722361713,4,"MA"
128086,5.822090909090909,"N",17872,1710,"17872_20221231",1.184052757793765,2.534327537115372,22,9.619563621413679,0.3360270011076996,4,"CO"
99133,3.6715925925925923,"NM",17878,1723,"17878_20221231",4.295002031694433,4.414346074324338,27,8.885820933681035,0.33325260547495,8,"LA"
145647,4.161342857142857,"NM",17881,1844,"17881_20221231",0,3.163079856593805,35,18.726900572106377,0.3947642835152394,4,"TX"
1640422,8.772310160427807,"SI",17897,21156,"17897_20221231",0.23986524131962786,2.239757939737797,187,12.52614652313078,0.2895155526556981,4,"ME"
56683,3.7788666666666666,"NM",178,1112,"178_20221231",3.024488304093567,4.253974175630583,15,10.842631375171589,-0.5630513931204101,5,"GA"
397356,7.224654545454546,"SM",17903,4665,"17903_20221231",1.0036871174045128,2.0270065729405,55,15.666660993335457,1.0792961651174213,2,"IA"
243791,4.975326530612245,"NM",17906,3420,"17906_20221231",0.04831618108904672,2.486587675489145,49,10.497674712232486,1.0299350951331459,4,"LA"
1426476,7.468460732984294,"NM",17910,18533,"17910_20221231",0.3546571330772449,2.3716875842288467,191,12.18140029254864,1.659773778356752,4,"GA"
143610,5.523461538461539,"N",17913,2367,"17913_20221231",0,3.118467401776523,26,12.272076405984384,1.230069777254292,4,"TX"
101723,12.715375,"NM",17922,865,"17922_20221231",0,1.353597720256471,8,7.439667183039584,0.9192195044724134,2,"ND"
221188,3.8804912280701758,"NM",17927,3012,"17927_20221231",0.5990603948992865,2.650304520178541,57,11.59451410219305,0.9534286068308242,2,"KS"
745735,5.780891472868217,"NM",17933,11201,"17933_20221231",0.4254486006010709,2.6115496544392993,129,9.388043959035079,0.8444596048497564,4,"MO"
725763,9.304653846153846,"NM",17937,7725,"17937_20221231",0.8834172704654805,1.9507513654835913,78,11.83343306578504,1.3141517451274285,4,"KY"
6944336,9.51278904109589,"SI",17943,95874,"17943_20221231",0.23685196309868045,2.3481506663413323,730,12.968676675396901,0.5419283734472369,4,"CT"
304804,6.773422222222223,"NM",17950,3621,"17950_20221231",0.20490349134260574,2.4628577400564353,45,9.094072308773034,2.1589540211549996,4,"TX"
761892,6.296628099173554,"SI",17951,11506,"17951_20221231",0.012956067664471646,2.626478473710204,121,9.22724899293989,0.9578970263460375,4,"NH"
377339,7.25651923076923,"NM",17959,4659,"17959_20221231",0.7378019945344901,2.074876586619135,52,12.315811116441642,1.5716895569008393,8,"CO"
1317746,7.161663043478262,"SI",17960,17403,"17960_20221231",0.15117631272922444,2.497527551133239,184,9.213575811261249,0.7675868752496673,4,"NH"
2209740,8.035418181818182,"NM",17964,25726,"17964_20221231",0.690937389860417,1.9525580132030866,275,10.408583368056776,1.3109388331724137,4,"UT"
113386,5.1539090909090906,"NM",17975,1595,"17975_20221231",1.7825039856178555,2.8574071779045798,22,8.65538977824135,0.4721616625676168,8,"AL"
250106,8.067935483870967,"NM",17979,2390,"17979_20221231",0.19883040935672514,1.698408079411282,31,9.284069457913787,1.5560811651935764,4,"TX"
11761,3.9203333333333337,"NM",17982,176,"17982_20221231",6.483180428134556,3.3876894809370692,3,6.416288124594419,0.3609160706083076,7,"KS"
24576937,11.913202617547261,"NM",17985,195031,"17985_20221231",0.11126871024520842,1.7165339354395701,2063,8.041807371594894,1.1004489511037712,4,"HI"
169127,5.637566666666667,"NM",17993,2611,"17993_20221231",0,2.6503420876139208,30,12.047293841571648,0.7699666480180026,4,"IA"
44406,5.55075,"NM",17995,686,"17995_20221231",0.018679368637340057,1.8859489209507438,8,11.879721840659341,1.2478948556348421,2,"KS"
2432022,8.272183673469387,"SM",18012,33190,"18012_20221231",0.07685886135812511,2.462802770786707,294,10.560446467434621,1.1479447148680868,4,"NH"
2733504,7.100010389610389,"SM",18013,44632,"18013_20221231",0.07587040081788846,2.7271946044838504,385,8.690498430625794,0.7103588693658821,4,"NH"
197041,5.052333333333333,"NM",18019,3186,"18019_20221231",2.0910899486738135,3.7138496372646266,39,7.697471007982486,0.13905038441409423,4,"KS"
382131,5.459014285714286,"SI",18028,6200,"18028_20221231",0.6006279833172108,2.8229656213883154,70,13.579721709903977,0.675459452597504,5,"NH"
702716,6.218725663716814,"SI",18030,10212,"18030_20221231",0.14906399778036092,2.8535182339858776,113,7.902461525558771,0.38579136089102245,4,"NH"
648071,4.947106870229008,"SI",18031,10013,"18031_20221231",0.13601652924679228,2.751709001659836,131,8.498024600999274,0.6341989128468152,5,"NH"
136711,2.9719782608695655,"NM",18033,2197,"18033_20221231",0.02806000163683343,3.036989253617558,46,7.06347119990653,1.5621105719186619,8,"MO"
530980,5.589263157894737,"SI",18038,8272,"18038_20221231",0.5395892111778399,2.9233206284878017,95,13.47753269294015,-0.2822405557967868,5,"NH"
23579258,11.358024084778421,"SM",18053,239409,"18053_20221231",0.12442612926732494,1.7892633938325038,2076,7.269820472022917,0.9873930529613004,5,"HI"
1921523,9.021234741784038,"NM",18059,20507,"18059_20221231",0.09176547827470953,1.6538632825299513,213,12.946079398749186,1.8339593892226322,2,"ID"
91319,7.024538461538461,"NM",18063,1259,"18063_20221231",0,2.5109905978243434,13,10.374332725555238,0.992477342636185,4,"OK"
80691,11.527285714285714,"NM",18071,698,"18071_20221231",0,1.2819100091827365,7,16.20835766740808,0.6734006734006733,2,"IA"
33965,3.087727272727273,"NM",18089,513,"18089_20221231",0,2.891292919790831,11,10.348843981130978,0.13003901170351106,2,"KS"
441388,5.658820512820514,"NM",1808,6293,"1808_20221231",1.2172218482582162,2.9474963256809215,78,8.320609109549252,0.9490688002287235,8,"IL"
31105,6.221,"NM",18094,382,"18094_20221231",0.44863167339614174,2.3699363826095703,5,17.606164945072962,0.5311926374814554,2,"KS"
1244001,4.995987951807229,"NM",18100,19626,"18100_20221231",1.0498636616474963,2.8324277427860736,249,8.240077053674316,1.216846343170327,4,"KS"
66040,8.255,"NM",18101,741,"18101_20221231",0,1.7323892508300365,8,7.969767150726089,0.7183469342495605,2,"KS"
142448,10.174857142857144,"NM",18109,1345,"18109_20221231",0,1.8060883336266056,14,12.579723528902484,1.5322892838289635,4,"KS"
361181,5.8255,"NM",18118,4607,"18118_20221231",1.7161656586324836,2.6000701851535863,62,7.5879287593626294,0.7942512564108342,4,"KS"
175150,8.7575,"NM",18120,2644,"18120_20221231",0.6292392605399654,1.9810042875123062,20,15.949630945872062,0.9496714125491397,2,"KS"
2508364,8.445670033670034,"SM",18129,42685,"18129_20221231",0.871868567211714,3.406670431571189,297,11.054928259736178,1.7840266614730034,4,"RI"
198130,8.614347826086956,"NM",18132,1508,"18132_20221231",0,1.2941772807178369,23,11.069196100640257,1.0304396379048837,5,"TX"
89713,3.322703703703704,"N",18136,1909,"18136_20221231",0.6366210115540593,3.9596684844058907,27,10.426669700762318,0.6825053406042902,4,"FL"
536503,6.311800000000001,"NM",18143,9496,"18143_20221231",1.7730649979518502,2.95062590940781,85,9.08723285607188,0.8587104060677022,4,"GA"
72746,3.828736842105263,"NM",18145,1678,"18145_20221231",4.3251512412210555,3.562379367588305,19,10.223855208545963,0.7201539858669781,2,"SD"
310727,6.341367346938776,"N",18150,3249,"18150_20221231",0.18301401201029455,1.7901770573506102,49,12.560175464322151,0.8956898646032024,7,"TX"
201918,5.04795,"NM",18155,2569,"18155_20221231",0.35043891606814476,2.348831202004285,40,11.821763061451389,0.8541640859291951,4,"TX"
96526,7.425076923076923,"NM",18164,914,"18164_20221231",4.394229799253505,2.0861046661510696,13,13.901003949967084,0.7806135601959268,2,"MT"
102282,6.016588235294117,"NM",18165,1359,"18165_20221231",0,2.072214350470984,17,13.023194109713224,1.2526071820011173,8,"KS"
336817,11.227233333333334,"NM",18171,3111,"18171_20221231",0.2897713102651091,1.4039173439373056,30,11.605374259844401,1.1615257468460047,4,"IL"
1190321,6.399575268817204,"N",18185,16691,"18185_20221231",0.017987884916429258,2.6294861668147886,186,11.471619309675619,1.3758064709641802,4,"TX"
2985601,8.579313218390805,"SI",18190,39243,"18190_20221231",0.6848970847405562,2.1985663072635346,348,10.72888281224803,0.6666248642479474,4,"CT"
1048056,7.763377777777778,"SI",18194,16447,"18194_20221231",0.11672591288088793,2.5515225895056246,135,11.174577868097055,0.6077708545279362,4,"CT"
2071879,7.479707581227436,"SI",18198,28574,"18198_20221231",0.45429994259390705,2.6606931042053508,277,8.736914017351543,1.0004180992129263,4,"CT"
1846410,7.857063829787235,"SI",18199,23603,"18199_20221231",0.09732440655637148,2.473990395192547,235,7.394595558948487,0.6179921228819056,9,"CT"
1108849,6.802754601226994,"SI",18200,16297,"18200_20221231",0.2943481418105215,2.336599797894765,163,11.163057103803851,0.31351938740837554,4,"CT"
2081590,9.592580645161291,"SI",18204,31481,"18204_20221231",0.2908809647190363,2.4276699933010084,217,9.469594516271126,0.5459161670498458,4,"CT"
1919285,7.439089147286822,"SI",18213,36392,"18213_20221231",0.17740757807716975,2.9209449140266415,258,12.422402714875671,0.6464239336258871,4,"CT"
207882,13.8588,"NM",18216,1942,"18216_20221231",0.42913261221678184,1.7758223743231476,15,9.772720871940745,0.6860595346693787,4,"TX"
204803,5.3895526315789475,"NM",1821,2955,"1821_20221231",0.23696930932883162,2.4116638570384765,38,12.81452109993836,1.2397384896776011,2,"IN"
71166370,17.144391712840278,"N",18221,715736,"18221_20221231",0.39206358778049066,2.1598524580560614,4151,9.769477428377666,1.1598484351971563,4,"CT"
388705,13.882321428571428,"SI",18227,3792,"18227_20221231",0.23771205835018974,1.5315990231767647,28,43.04440927287962,-1.6926447914111655,7,"CT"
1094062,7.058464516129033,"SI",18229,14834,"18229_20221231",0.22020709953408563,2.4600567609214754,155,8.670603162647227,0.4628711234543411,5,"CT"
403286,4.689372093023255,"SI",18237,7242,"18237_20221231",0.5148691211795183,3.0855030287055785,86,13.248875554881243,0.5387152072590583,4,"CT"
1572496,7.746285714285714,"SI",18238,20988,"18238_20221231",0.690734878098324,2.2114366735418005,203,13.874642074992993,0.3113924473384327,5,"CT"
1623924,6.939846153846154,"SI",18258,22116,"18258_20221231",0.40496626126103286,2.412223518894384,234,9.72893240924472,0.668541789873483,4,"CT"
2834447,12.061476595744681,"NM",18266,31392,"18266_20221231",0.9199500055518653,1.8955833368474388,235,15.073779424585876,2.3322243030958303,4,"MA"
1277978,8.999845070422536,"SM",18272,16180,"18272_20221231",0.009409431690561227,2.3442546465021326,142,10.089119373345449,1.4173816661167198,4,"IA"
174141,9.165315789473684,"N",18282,1105,"18282_20221231",0,1.3098139905779356,19,10.100739350890125,0.5842132350030257,7,"TX"
181254,9.539684210526316,"NM",18284,2347,"18284_20221231",0.01144323745535094,1.887479411679718,19,13.001629488115974,0.8576299592567979,2,"IA"
846991,6.093460431654676,"N",18296,13110,"18296_20221231",0.5400583734467833,3.079432699687012,139,8.129238927322332,0.3796436632156011,4,"HI"
7554150,9.29169741697417,"NM",18297,81785,"18297_20221231",0.06860545787031881,1.7169743969533808,813,10.999264554113388,1.521575992196289,4,"TX"
58734,4.8945,"SM",1829,921,"1829_20221231",0.8075788165864265,2.8305397829122803,12,12.413927734790942,0.4046067120326963,2,"IN"
139701,4.108852941176471,"NM",18301,2755,"18301_20221231",4.402596361887972,3.3052942190883137,34,14.367304831463192,0.5483029875143156,4,"TX"
37500,3.75,"NM",18302,499,"18302_20221231",1.2136308230430866,2.914586425583592,10,8.967441860465117,0.5208473890163271,8,"TX"
745652,7.932468085106383,"NM",1833,9898,"1833_20221231",0.09353602673555425,2.535368694737291,94,8.976707314103589,1.0483300188326452,4,"IN"
56938,0.7029382716049383,"NM",18342,35600,"18342_20221231",0,75.73696693099318,81,62.71855302822691,47.594306565815224,7,"MA"
561714,5.975680851063831,"NM",18344,8856,"18344_20221231",0.5737273096972162,3.185091813614919,94,10.671657965481709,0.7830988375706048,4,"TX"
1680875,9.44311797752809,"NM",18355,21952,"18355_20221231",0,1.994021843059321,178,10.13582029394239,0.5277177845093654,4,"TX"
177757,7.406541666666667,"NM",18356,1998,"18356_20221231",0,1.6652826666039102,24,10.756627037762392,1.2108599739337316,2,"IA"
542602,5.96265934065934,"NM",18361,10773,"18361_20221231",0.30987568301001134,3.3470579741136124,91,7.885975632337147,0.7206225484432738,4,"WI"
374384,10.118486486486487,"NM",18374,4034,"18374_20221231",0.005391087454220682,1.7222452222919644,37,14.26486150181066,1.4436624420732114,2,"KS"
83526,8.352599999999999,"NM",18378,961,"18378_20221231",0,2.127068150780126,10,12.378120124804992,1.977206531066072,2,"MN"
125919,4.663666666666667,"NM",18380,1485,"18380_20221231",0.2592188660755212,2.3267156847169175,27,10.69953917786776,0.6148439535578335,8,"MO"
442357,8.847140000000001,"NM",18384,4555,"18384_20221231",0.05349166867260424,1.7089241650097602,50,9.839890709115073,1.0350149481517192,2,"IA"
545162,5.562877551020408,"NM",18385,6574,"18385_20221231",0.14077885020698003,1.8949155300980687,98,9.446852542152882,1.3720202105287203,2,"MO"
673367,7.829848837209302,"NM",18389,6948,"18389_20221231",0.16088478086923344,1.9611089436631968,86,7.991021193311432,2.2877274681364446,4,"NM"
139551,6.977550000000001,"NM",18394,2689,"18394_20221231",0.1343354448703547,2.7891101015690802,20,13.675443125107556,1.1024885354061833,2,"IA"
176381,6.082103448275862,"NM",1839,1966,"1839_20221231",0,2.50915266506118,29,9.502780307751307,0.6675993336767033,2,"IN"
128446,6.4223,"NM",183,1547,"183_20221231",0.1083130246412131,2.352070353882094,20,14.414018339404597,2.160560909882647,7,"GA"
462020,11.5505,"NM",18400,4874,"18400_20221231",0.9824836279705158,1.8555864599774783,40,10.927116122080664,1.3230874683216722,4,"IA"
1768593,8.342419811320756,"NM",18402,15079,"18402_20221231",0.18536840549054392,1.4167538539803997,212,9.89892630141246,1.032583870619861,4,"IL"
7377141,7.005831908831909,"SI",18408,109857,"18408_20221231",0.12043027051146568,2.630307661401577,1053,7.120995904197097,0.719697481409942,4,"ME"
386799237,14.356205211001003,"N",18409,2736642,"18409_20221231",0.5411456820615134,1.3931843348237072,26943,10.125097424706349,0.9903222098941122,9,"DE"
4865566,11.640110047846889,"NM",18429,41984,"18429_20221231",0.9954900236169222,1.4686965069417022,418,9.411776177564027,1.3671846209247684,4,"IL"
559190,4.546260162601627,"NM",18431,10330,"18431_20221231",0.4202091910973071,3.1941913065591216,123,7.822362758736334,1.6072816603050957,8,"KS"
198340,6.839310344827586,"NM",1843,2322,"1843_20221231",0,2.300676595125224,29,8.696960270878058,0.6429446972621844,2,"IN"
688368,6.953212121212122,"SM",18443,8141,"18443_20221231",0.052260564099743015,2.1114559077781383,99,11.639045492030604,1.3488359337904126,2,"IA"
118977,6.261947368421053,"NM",18448,1323,"18448_20221231",1.4604065094948686,1.728173021092283,19,7.692060637204522,0.6113705212661515,2,"IA"
87183,4.588578947368421,"N",18454,918,"18454_20221231",0,2.0488625318087,19,13.326429208853439,1.476578967486867,7,"TX"
43939,6.277,"NM",18463,664,"18463_20221231",0,3.0927379241737594,7,9.469635155612542,0.14590471979661768,8,"IA"
1541582,8.660573033707866,"NM",18467,19745,"18467_20221231",0.2167654171655744,2.220382122878069,178,9.994286639120338,1.156756976038009,4,"CT"
262230,9.712222222222223,"NM",18474,2049,"18474_20221231",0,1.4939418626431036,27,8.96475606546817,1.2739126608187794,2,"KS"
320397,6.161480769230769,"NM",1847,4205,"1847_20221231",0.4635501115731005,2.58921179685246,52,12.419366293952896,2.776845586806184,2,"IN"
26061,6.51525,"NM",18483,300,"18483_20221231",0,2.1626991708379504,4,10.955292319449752,0.615184746475106,2,"SD"
923127,5.76954375,"SM",18487,15345,"18487_20221231",0.4838209666788061,2.798599398833396,160,10.801488480159943,1.5150412898807923,4,"IL"
1287359,5.696278761061946,"SM",18489,22588,"18489_20221231",0.04170354518394197,3.047432201176102,226,9.794829890605502,1.6143459048534414,4,"NE"
215165,4.6775,"SM",1849,3726,"1849_20221231",0.5474826351171005,3.256879236112083,46,10.132306772312752,0.88535617160423,4,"IN"
21936467,18.356876150627617,"NM",18503,142546,"18503_20221231",0.4396590031242095,1.4028286243098465,1195,10.529689397216984,1.715410346341653,4,"CA"
93299,4.66495,"NM",18508,1490,"18508_20221231",0.8039859585550901,2.5577023498694516,20,12.604816112989441,1.3671018276762401,4,"IA"
261120,7.68,"NM",18514,2562,"18514_20221231",0.2016550245710289,1.946469416280799,34,12.20373114909889,1.267077460617811,4,"NM"
175807,5.860233333333334,"NM",18518,2632,"18518_20221231",0.14529870625444885,2.6118895388382533,30,7.041204839664947,1.0847385448888942,2,"IA"
552555,4.977972972972974,"NM",18519,9772,"18519_20221231",0.1030137511379426,3.334204687834964,111,10.642257026116622,1.2474608899651707,4,"AR"
601839,5.326008849557523,"NM",1852,8456,"1852_20221231",0.22060183350505932,2.678189514798799,113,8.050759412259437,0.7961514991845109,2,"IA"
2099142,6.5803824451410655,"N",18561,37810,"18561_20221231",0.5526310449093897,5.012957613404949,319,12.014961557783934,1.501986712704393,4,"MN"
331446,9.469885714285715,"N",18564,4304,"18564_20221231",0,1.956084568108449,35,10.246257489639204,1.4528673031131079,4,"IL"
346254,6.412111111111112,"NM",18566,4639,"18566_20221231",0,2.5376964199321237,54,6.876666012762668,0.7422701779098708,4,"IL"
42230,14.076666666666668,"NM",18568,238,"18568_20221231",0,1.040478905359179,3,22.660075976017207,2.259122006841505,2,"IL"
1337361,7.038742105263158,"NM",18569,18774,"18569_20221231",0.6098606282149592,2.3125022073919603,190,9.334955447563152,1.109684730682825,4,"WI"
582298,23.29192,"SM",18576,3565,"18576_20221231",0.1938569261483646,1.0372568175513501,25,11.72483539928445,2.3610515234063376,4,"TX"
393175,8.737222222222222,"SM",1857,4483,"1857_20221231",0,1.7160063738856817,45,10.078829835317912,1.3197066192658036,2,"IA"
613249,5.896625,"NM",18584,7955,"18584_20221231",0.16727693571994728,2.0306276759377986,104,8.684736893660991,1.3904593050165037,4,"MI"
552382,7.566876712328768,"NM",18592,6390,"18592_20221231",0,1.7538932668101315,73,12.887123010053065,2.417356052090731,4,"OK"
115764,6.809647058823529,"NM",18600,1423,"18600_20221231",0,2.467212600667529,17,9.640535672331428,0.378854013225141,7,"AL"
1521301,8.7431091954023,"NM",18609,19833,"18609_20221231",0.16977357372287177,2.287941960382352,174,8.030143928771292,0.9511481081503053,4,"TX"
51973,8.662166666666666,"NM",1860,443,"1860_20221231",5.864311127469022,1.6014721224510222,6,12.244042743671308,1.4263111090579417,8,"IA"
422409,4.855275862068965,"SM",18610,6998,"18610_20221231",0.40580183107434614,2.9201149643036923,87,8.851311982144797,0.8960366248204605,2,"KS"
4147962,6.8223059210526324,"NM",18618,104491,"18618_20221231",0.03801404094604324,3.7888163860861224,608,19.717771853728777,-0.782204253260045,4,"CA"
183611,3.8252291666666665,"NM",18620,3044,"18620_20221231",0.25401952866896704,3.3860665745013194,48,8.985316556467128,1.4307323554230928,4,"KY"
133059,7.392166666666666,"NM",1862,1195,"1862_20221231",0.009325052686547678,1.381768366992934,18,17.309957027320017,1.3039327025432246,2,"IA"
203893,7.551592592592592,"NM",18641,3941,"18641_20221231",0,3.43065417379712,27,11.893306404237448,2.588709143683758,4,"IL"
87954,6.765692307692309,"NM",1865,1081,"1865_20221231",0.05770084332001775,2.249042748245723,13,12.053128244919384,1.177343359337401,2,"KS"
347761,6.440018518518519,"NM",18660,6028,"18660_20221231",0.16815749580861167,2.7195825951638457,54,9.742030708327764,3.4376435044573337,4,"TX"
76519,4.027315789473684,"NM",18677,1431,"18677_20221231",0.36675260539598387,3.169365461633647,19,9.044812231345396,1.0990326915656559,7,"TX"
234417,16.744071428571427,"NM",1867,1805,"1867_20221231",0,1.6482068769319773,14,12.85590472827657,1.4868706694593423,2,"KS"
437277,7.2879499999999995,"NM",1868,4959,"1868_20221231",2.0135465709473994,2.012714932896475,60,14.02082574226503,1.4940758822266353,2,"KS"
406530,5.978382352941177,"NM",18698,5498,"18698_20221231",0,2.2371763295271636,68,10.434137978964927,1.550034881887342,4,"TX"
578747,4.822891666666666,"SM",1869,10364,"1869_20221231",0.1581447316125482,2.886070207616569,120,9.192461501833902,0.8636075571109875,4,"KS"
236572,7.392875,"NM",18710,3244,"18710_20221231",0,2.2555222979077185,32,11.830943461223786,2.7337034391724946,4,"CO"
27775362,10.686941900731052,"SM",18714,237053,"18714_20221231",0.1735587797928631,1.478835121223355,2599,7.402664618019483,1.1538292944850892,5,"CO"
57023,4.751916666666667,"NM",18719,795,"18719_20221231",1.0868814332097543,3.6046918100986742,12,11.32724769977541,0.911988758483918,8,"MN"
28782,4.797,"NM",18724,489,"18724_20221231",1.0022836843440752,2.8331584470094437,6,9.917734703244713,0.7345225603357817,2,"NE"
208029,9.455863636363636,"N",18734,2748,"18734_20221231",2.0033728426365585,2.1058657561693686,22,18.00257138926184,0.5865853527933632,4,"NY"
803622,7.049315789473685,"NM",18740,12238,"18740_20221231",0.02106783843977608,2.323719473743645,114,9.64246908470016,1.3420323727086672,2,"NE"
538097,6.8986794871794865,"NM",18748,7684,"18748_20221231",0,2.2872443685256467,78,10.647235905856595,0.8915087977534134,2,"NE"
891514,7.555203389830509,"NM",1874,13330,"1874_20221231",0.09812024009825193,3.010138517900909,118,7.177166234192301,0.4706852846323694,4,"KS"
163549,7.110826086956522,"NM",18761,2193,"18761_20221231",0,2.4005762845734178,23,10.433410400381666,0.6917121307415154,4,"NE"
228338,7.365741935483871,"NM",18780,3488,"18780_20221231",0,2.395820808464807,31,9.443496855986355,1.4266624711021971,2,"TX"
105126,5.532947368421053,"NM",18820,1185,"18820_20221231",0,2.5745116408174593,19,7.595418699960921,0.7841504458554527,2,"NE"
44154,5.51925,"SM",18838,617,"18838_20221231",0,2.159338910087527,8,11.081254880345414,0.9689341263213263,2,"IA"
498067,5.355559139784947,"NM",18841,8102,"18841_20221231",0.268237194867245,2.5585816635699277,93,7.845261327823431,1.3789338413526524,8,"MO"
77113,8.568111111111111,"NM",18855,1018,"18855_20221231",0.48980521699510193,2.037719806196721,9,14.529521383247236,1.198443123428647,7,"IL"
121213,6.379631578947369,"SM",18856,1637,"18856_20221231",0.046931709148554504,2.5044746713482438,19,13.77131061899544,1.4180349002010437,4,"OK"
326719,7.598116279069767,"SM",18858,3670,"18858_20221231",0.31774694841386975,2.0235732227862777,43,10.633019004437584,0.9011224507720141,8,"OH"
136877,6.2216818181818185,"NM",18879,1664,"18879_20221231",0.41999107983547257,2.689417257373422,22,10.401554010987343,0.5409309497833228,8,"MO"
622165,8.522808219178081,"N",18880,6339,"18880_20221231",0.19340207950023533,1.6607193529270525,73,12.476196628919672,1.0962865370474804,7,"WY"
315796,6.31592,"N",18885,4282,"18885_20221231",0,2.3988763001239413,50,9.496693908727622,1.1110270680562966,4,"MN"
108240,5.412000000000001,"NM",18889,1555,"18889_20221231",1.8088886118556378,2.5681227844558103,20,11.191200606589948,1.2145733138375232,4,"IL"
56392,9.398666666666667,"N",18892,575,"18892_20221231",0,2.0889085693382876,6,9.612341772151899,0.7893571552338229,2,"TX"
235652,8.416142857142857,"N",18895,1851,"18895_20221231",0,1.217328153585336,28,10.711447772458103,0.4537033681982079,5,"TX"
2041413,5.48766935483871,"N",18922,30286,"18922_20221231",0.6976059912542747,2.679928504001882,372,9.875251067337079,0.8622667277109469,4,"WI"
25813,0.7592058823529412,"NM",18924,603,"18924_20221231",2.7755957056821154,4.467594283984509,34,61.787674124103,-2.870533710504066,7,"OK"
142070,10.147857142857143,"NM",18930,1335,"18930_20221231",0,1.6505092219927904,14,8.371794682749163,0.6817625030623315,7,"FL"
31760,5.293333333333334,"N",18937,456,"18937_20221231",0,2.1090689966857488,6,11.969563944980978,0.7778344842004291,2,"MN"
46475,4.2250000000000005,"NM",18942,801,"18942_20221231",0.21851236780001748,3.080082135523614,11,12.308973558192795,0.7578942262607319,5,"TX"
717639,7.973766666666667,"NM",1895,9663,"1895_20221231",0.1255994738244944,2.2768872488450116,90,9.82973908869613,1.0682158658887162,4,"MD"
4041345,30.84996183206107,"NM",18983,19846,"18983_20221231",0.00003197080170621774,0.8434739167017249,131,8.683192250338616,1.2574411022297014,4,"CA"
501127,5.388462365591398,"NM",19001,7013,"19001_20221231",0.46722502129616805,2.452086135344659,93,9.977681528662421,1.412044423641259,4,"MO"
3251543,10.660796721311476,"NM",19008,23888,"19008_20221231",0.4394814780381383,1.4448097108008662,305,10.540001761006131,1.418499371176239,4,"IL"
473709,6.671957746478873,"NM",1900,5568,"1900_20221231",0.969666927227317,2.090887332300678,71,8.799654038051512,1.1378682104471995,2,"MN"
320069,5.819436363636364,"SM",19011,2849,"19011_20221231",1.8832760495094298,1.7728384936765893,55,22.098361877089562,1.0911428055783026,4,"VA"
305800,5.662962962962963,"N",19024,4396,"19024_20221231",0.06900925096985974,2.6038972696954144,54,8.86973059477226,1.6845409992852045,4,"TX"
112064,10.187636363636365,"NM",1903,1400,"1903_20221231",0.03595784252944823,1.847469066366704,11,10.180928240538414,1.3876265466816649,2,"MN"
514883,7.151152777777778,"SM",1905,6807,"1905_20221231",0.08886868630119846,2.507192551342777,72,8.887920556821335,0.7860854632276416,2,"MN"
92405,5.435588235294118,"NM",1906,1198,"1906_20221231",0.9855923648710654,2.487156661911861,17,9.389319608226378,0.6842630229839445,2,"MN"
394357,8.048102040816326,"N",19070,6610,"19070_20221231",0.021772641369760416,2.238137430076603,49,11.886277908043635,1.0010783485469767,2,"MS"
4352084,19.69268778280543,"N",19080,29752,"19080_20221231",0.80873148583669,1.1562952208137978,221,9.05257677325445,1.698224335964808,4,"TX"
89746,5.609125,"NM",19087,2364,"19087_20221231",0.0026761222987890547,4.058519528923556,16,11.14879544247574,0.6255883652571517,2,"NE"
176823,10.401352941176471,"NM",1908,1934,"1908_20221231",0.03635720462227812,1.5950259795898192,17,15.066274583503764,0.8194830446101963,2,"MN"
595469,6.844471264367817,"NM",19101,8874,"19101_20221231",1.6562610821807866,2.4678346100724986,87,8.784587678464618,0.8513439808352936,4,"MD"
26586,6.6465000000000005,"NM",19105,258,"19105_20221231",0,1.7140746213520501,4,10.494649998198653,0.3952715182859254,7,"IL"
2022880,6.002611275964392,"SM",19123,34265,"19123_20221231",0.28378457213077424,2.773968063265747,337,9.606593911878196,1.1161839352384495,4,"ND"
280367,11.214680000000001,"NM",1913,1803,"1913_20221231",0.24808256793864217,1.113058822501696,25,12.689795903856888,0.8564510821930971,7,"MN"
658112,5.35050406504065,"NM",19143,10498,"19143_20221231",0.2788577223017606,2.7369492448732378,123,12.48561906230356,1.7698709080874182,4,"LA"
350306,8.146651162790697,"NM",19163,3999,"19163_20221231",0.1672453530485797,2.29506442595423,43,9.313646909934613,1.4518182381930336,4,"GA"
960547,7.0628455882352945,"N",19184,12506,"19184_20221231",0.02402298743341201,2.347198794830927,136,11.330298719772404,1.3741315282962705,4,"WY"
269460,8.420625,"NM",19188,3716,"19188_20221231",0.35421920782220484,1.944724757516113,32,9.771945560742713,1.083018630093719,8,"MN"
715014,6.11123076923077,"NM",19212,8756,"19212_20221231",0.4958130262128262,2.5205380464719576,117,9.892773344838114,1.8587894546682224,4,"MO"
1398477,7.098868020304569,"N",19213,25335,"19213_20221231",0.00011589043254945046,2.5539528886571023,197,9.332044768940436,1.0799385385859337,4,"NE"
1224531,6.918254237288135,"NM",19215,27318,"19215_20221231",0.1966115875339887,3.5200508733680365,177,8.49561347763752,2.3614665412647047,4,"TX"
3198052,6.580353909465021,"SM",19220,42002,"19220_20221231",0.02162815327308012,2.2656777074908008,486,8.94339627377051,1.4847425055259764,4,"CO"
5446634,7.271874499332443,"NM",19222,103344,"19222_20221231",0.39320369329275456,3.213635349262082,749,7.634620812404959,0.8813321591397706,4,"CA"
373893,3.2797631578947373,"N",19226,7698,"19226_20221231",0.7692690811784895,3.5612163243531607,114,10.173330439971789,1.0578821018938385,8,"MS"
55546,5.049636363636363,"N",19230,688,"19230_20221231",0.34057319110654155,2.3603176602134783,11,11.382189759204946,0.734617865143241,2,"IL"
251511,3.929859375,"NM",19234,6131,"19234_20221231",0.7112782353096947,4.104771319384188,64,10.11146691437092,0.8198633505138202,4,"LA"
457589,4.622111111111111,"N",19254,10216,"19254_20221231",0.6702976633621984,3.6274967161137415,99,10.602326498422713,1.151039069068612,4,"MN"
296437,5.02435593220339,"N",19263,395,"19263_20221231",0.8426754613437593,0.25606684060572255,59,8.274642742336129,0.009888067080647076,4,"OK"
244695,5.31945652173913,"NM",19274,3683,"19274_20221231",0.6579830137013533,2.581328957040532,46,9.75749904232108,1.597090449082859,2,"NE"
118215,10.746818181818183,"NM",19278,982,"19278_20221231",0,1.6209220676046232,11,10.842034910467065,1.0498010228924353,7,"TX"
322312,5.860218181818182,"NM",19285,3349,"19285_20221231",0.3408082600629185,1.9911265942487002,55,9.651122733393882,1.2325875948709657,8,"WV"
920605,4.769974093264249,"NM",19288,17549,"19288_20221231",0.7497221801941869,3.29757038042023,193,8.7078786823579,1.4227823696377884,4,"OK"
82178,8.2178,"NM",1929,820,"1929_20221231",0.0617678381256656,2.257603929695949,10,16.326990203805877,1.2187065461190523,2,"MN"
4920698,9.028803669724772,"N",19300,61434,"19300_20221231",0.26230351494990306,2.0737602196097153,545,8.91907469606249,1.655692350519987,4,"NE"
188657,5.548735294117647,"NM",1931,3455,"1931_20221231",0,2.959909102280782,34,7.7802490178552866,0.5180753033398657,4,"MN"
2703177,9.619846975088969,"NM",19333,27375,"19333_20221231",0.8208732582218946,2.248982156933603,281,11.673206692297757,1.6761016064407934,4,"IL"
117210,5.8605,"NM",1933,1949,"1933_20221231",1.3362192329708071,2.518883072866345,20,8.438048560057007,1.1944601672757245,2,"MN"
210377,5.259425,"NM",19349,2903,"19349_20221231",0.16551386581140434,2.281632877909838,40,9.341262322606061,1.8346080314561,2,"MO"
155646,6.225840000000001,"NM",19351,2282,"19351_20221231",0,2.2675584548584165,25,10.345021002904259,0.9526067451156753,4,"CO"
81626,6.802166666666667,"NM",19354,1063,"19354_20221231",3.3226047022804885,2.117808945682321,12,17.95616078361106,2.276674478550764,4,"LA"
854876,10.057364705882353,"NM",19358,7864,"19358_20221231",0.001952549150543492,1.497453226091589,85,10.483366986655236,1.2694122546512885,4,"TX"
294227,6.686977272727273,"NM",1936,3417,"1936_20221231",1.4639988024549673,2.106664690110168,44,11.620190007518282,1.0200119545401072,2,"MO"
1190663,6.299804232804233,"SM",19371,17526,"19371_20221231",0.25227032553504075,2.733922860449935,189,12.927025848813672,1.019478257530459,4,"AR"
148034,4.229542857142857,"NM",1937,2060,"1937_20221231",3.3331058175778674,2.327246929598589,35,10.811198067698774,0.4956611107664337,7,"MO"
139606,5.170592592592592,"NM",19381,2484,"19381_20221231",2.0738132844620742,3.454780880941218,27,10.630590723328856,1.1085716518205968,4,"CO"
554503,7.595931506849316,"NM",19396,7583,"19396_20221231",0.07581481586541065,2.034845286393611,73,8.170645432538283,1.1316250388102451,4,"ND"
585086,6.359630434782609,"NM",19401,10735,"19401_20221231",0,2.678208015629664,92,9.650468883205455,1.2780506335983501,4,"TX"
4942746,13.251329758713137,"NM",19416,62500,"19416_20221231",0.5563715064209426,1.877980706268072,373,13.462805015704394,1.1143481108625053,4,"CA"
153241,7.662050000000001,"N",1941,2049,"1941_20221231",0.18910262210238685,2.0105014290896275,20,11.587753200810747,1.2773051305732566,2,"MO"
327443,5.367918032786885,"NM",19420,5168,"19420_20221231",0.33227053188155653,2.75463270964517,61,10.94953337406216,0.9829411757654654,4,"GA"
828225,7.598394495412844,"NM",19434,11271,"19434_20221231",1.1472107248818726,2.39545779132938,109,9.30769698088163,0.7858348421441619,4,"CA"
221006,3.0274794520547945,"NM",19440,4120,"19440_20221231",0.12243677215544796,3.5013709276970575,73,9.501639138971257,1.0673805565750556,4,"AL"
744567,7.091114285714286,"NM",19448,7939,"19448_20221231",0.4899989209232973,1.742706466434155,105,10.941956007526574,1.5248327890264102,8,"MS"
3460034,6.395626617375231,"NM",19459,36200,"19459_20221231",0.40156639076157213,1.9252318111897104,541,8.727954286236338,1.0610193276921702,4,"IL"
95045,6.788928571428571,"NM",1945,1304,"1945_20221231",0,2.0470413348009213,14,11.154069205490044,1.248938909625562,2,"MO"
199413,3.438155172413793,"NM",1946,4042,"1946_20221231",0.062452165926832996,3.2597772361373316,58,9.260769664570914,1.140922032648066,2,"MO"
1012629,5.47367027027027,"N",19482,13774,"19482_20221231",0.00691649237607074,2.4182729755227674,185,7.614614991866674,1.1191100739201654,4,"OH"
1282477,8.784089041095891,"N",19502,15143,"19502_20221231",0.1800718315736898,1.9527316582427683,146,8.876935250781788,1.1295440877772756,4,"TN"
1441880,4.5200000000000005,"NM",19506,29804,"19506_20221231",3.0177765212245307,3.298128607680452,319,8.469754251338625,0.8920176310126984,4,"IL"
1028537,8.716415254237289,"NM",19512,10514,"19512_20221231",0.3033478804126538,1.9416393533202312,118,11.713796246691667,0.9636731852900076,4,"MO"
657243,7.732270588235295,"SI",19525,9765,"19525_20221231",0.028219889378033637,2.482369482174817,85,16.139253595528192,0.8445812637894371,4,"AK"
2360784,7.664883116883117,"SI",19531,36381,"19531_20221231",0.4430483465768761,2.624556056582933,308,11.024619042962561,0.7039672627088576,4,"ME"
774373,5.303924657534247,"SI",19532,11284,"19532_20221231",0.1464314454639323,2.5091916004866244,146,13.39880604698591,0.7225766856537427,5,"ME"
245181,6.626513513513514,"NM",19540,3105,"19540_20221231",0.002203431845098741,1.8828301540279628,37,9.114592727083258,1.0931274303919767,4,"IA"
265130,5.763695652173913,"NM",19544,3468,"19544_20221231",0.20104132591865662,2.245465608159008,46,8.167259465217471,1.1322049915084624,4,"MT"
1715530,5.855051194539249,"NM",19559,32118,"19559_20221231",0.31070708718786877,3.423974460145291,293,11.995416444096191,2.7238433631340824,4,"TX"
203223,5.645083333333334,"NM",1956,2842,"1956_20221231",0.577808176235056,2.1974643515942964,36,10.948466691531564,1.097024175523868,2,"MO"
2268039,12.326298913043479,"NM",19573,32765,"19573_20221231",0.10718652777562802,2.0441073844375897,184,11.745048276522995,2.1538871732968916,4,"IL"
12493973,6.517461137193531,"NM",19581,233534,"19581_20221231",0.1327890169794529,3.482486071445105,1917,9.869009674277859,1.0444861051900551,4,"ND"
92793,5.7995625,"NM",19589,1574,"19589_20221231",1.9879739845379802,2.8247534780530796,16,9.305274923692016,0.5108013662292337,4,"MN"
265886,5.3177200000000004,"NM",19590,4227,"19590_20221231",0.16008397848051437,2.9842820972700483,50,9.946055293324342,1.5663967632864553,4,"GA"
100495,9.135909090909092,"NM",19595,1003,"19595_20221231",0,1.8963741766759208,11,9.329405021669398,1.4344086068926587,7,"TX"
2441289,5.377288546255507,"N",19600,46667,"19600_20221231",1.087090281361126,3.7978325221740854,454,16.446664169198204,1.2779956176153495,4,"MO"
927490,8.50908256880734,"N",19603,9181,"19603_20221231",0.17929060069539288,1.9186270061898176,109,10.486741440894788,1.0467368389105367,4,"TX"
1398059,8.683596273291926,"NM",19608,19448,"19608_20221231",0.0837366257482603,2.375386135726764,161,10.498990669104078,1.0202178780952844,4,"WI"
8748621,6.729708461538462,"NM",19629,87465,"19629_20221231",0.6750653163230579,1.860991192171388,1300,13.090171664329189,2.027334889602221,4,"TX"
361928,5.483757575757576,"NM",19638,6139,"19638_20221231",0.16916186629505706,2.7235554176508066,66,8.968599905605375,1.9846305917729807,4,"LA"
536478,8.794721311475412,"SM",19644,5608,"19644_20221231",0,1.7125463599154809,61,10.092399902952764,1.451009944294221,4,"AR"
225870,6.453428571428572,"SM",1964,3315,"1964_20221231",0.16037673516214868,2.288599987917873,35,10.18450378469302,1.802688360796825,4,"MO"
243370,6.953428571428572,"NM",19674,2377,"19674_20221231",1.6858029369289502,1.8975990791813682,35,10.8103819751808,1.3998818862728761,4,"WV"
301630,4.309,"NM",19679,5777,"19679_20221231",0,3.3229368497761924,70,7.358760239799903,0.6906186445741963,8,"OK"
59786,4.982166666666667,"NM",19680,1113,"19680_20221231",0,3.246584862409111,12,13.526842795702496,1.2014784235220086,4,"GA"
292019,4.562796875,"NM",19681,4178,"19681_20221231",0.5608384315629839,3.0681075766816823,64,10.24586533285178,1.301398592094695,4,"WV"
142467,8.380411764705883,"NM",19687,1310,"19687_20221231",0,1.6266421635582486,17,13.5103591160221,1.1444441685085387,7,"KS"
169675,3.85625,"NM",19689,2046,"19689_20221231",0.9069922648548704,2.926640762380169,44,9.684429755059536,1.1291763571388054,8,"IL"
2809418,16.52598823529412,"NM",19690,32886,"19690_20221231",0.5149800958735717,2.7692905867806927,170,12.526611485141743,2.208664790418626,4,"ME"
307066,3.3376739130434787,"NM",19700,6068,"19700_20221231",0,3.2057387896916762,92,10.588242575789462,2.3387006223498408,4,"TX"
689190,8.204642857142858,"NM",19716,7694,"19716_20221231",0.105965100263846,1.8307667732174255,84,12.3083295093593,1.1099432152482607,4,"IA"
159790,5.154516129032258,"NM",19720,2479,"19720_20221231",0.44028253829984665,2.65028606663432,31,11.266029670605985,1.3608381853469191,4,"GA"
141955,5.459807692307693,"SM",1972,1727,"1972_20221231",0.5752961082910322,2.065251490118164,26,9.38820170576002,0.8866638781414478,2,"MT"
341078,6.9607755102040825,"SM",19742,4039,"19742_20221231",0.011586504396187148,2.008982056042118,49,11.881317285113045,1.195536068183905,4,"NE"
159390,3.391276595744681,"NM",19744,3977,"19744_20221231",3.9047155399620608,4.0414197008185155,47,11.518537265120697,0.5209803368143757,7,"LA"
178079,9.893277777777778,"NM",19749,1677,"19749_20221231",0.18671251645488005,1.750078996621375,18,10.843144986199633,0.9421469960676063,4,"KS"
161974,3.8565238095238095,"NM",19755,2696,"19755_20221231",0.8465041050614441,2.853440562977918,42,11.2127054071422,0.87241076173827,4,"LA"
1895358,7.0722313432835815,"NM",19772,32849,"19772_20221231",0.6202414835657618,2.8565067603568526,268,8.013397674858576,1.4173100774575278,4,"WI"
63035,3.9396875000000002,"NM",19774,930,"19774_20221231",2.079968262064666,2.6040559500021256,16,9.229775553043758,0.25509119510224904,2,"MO"
1053393,7.215020547945206,"SM",19788,14027,"19788_20221231",0.06679428956762683,2.341974808383426,146,9.0271988628724,1.2366768198462041,2,"TX"
1189869,11.332085714285714,"SM",1978,11057,"1978_20221231",0.004433301739688752,1.4678451555008125,105,12.690253117084586,1.993012919979578,4,"MT"
618334,6.0620980392156865,"NM",19795,8981,"19795_20221231",0.6098311700218733,2.2379720351449692,102,9.151148120947674,0.7039951886229281,4,"WI"
78004,5.571714285714286,"NM",19796,823,"19796_20221231",1.295790717574671,1.7580311897588623,14,10.830195042437188,1.367870623679745,5,"IL"
442035,7.0164285714285715,"NM",197,5070,"197_20221231",0.0026709259031735943,2.1371437806282882,63,11.23649302230626,1.3322966646268337,2,"IN"
203421,6.164272727272727,"NM",19800,2442,"19800_20221231",0.20504754013173604,2.2414126007435278,33,11.370016544804399,0.4541056978261159,7,"LA"
110335,7.881071428571429,"NM",19809,1279,"19809_20221231",2.516460960200464,2.274330241803171,14,10.920816340973628,1.3521515616690492,2,"NE"
181345,6.044833333333333,"NM",1980,2632,"1980_20221231",0.38823500503722636,2.5320964685837644,30,9.984944646305587,1.4806326807820316,4,"MT"
60275,4.0183333333333335,"N",19819,894,"19819_20221231",0.33548859338782483,2.7040162457667516,15,11.330064548162861,0.14085030244119887,7,"GA"
727001,10.239450704225352,"N",19827,6922,"19827_20221231",0,1.4475053819403374,71,11.892707830948087,2.248344556014117,4,"OR"
166970,8.3485,"SM",1982,1604,"1982_20221231",8.251720605940807,1.632495755147452,20,15.824006898749602,0.9386547604763931,2,"MT"
578817,4.287533333333333,"SM",19836,10854,"19836_20221231",0.3698751490263611,3.1736503444355897,135,21.77155660140323,0.83577055943012,4,"ME"
162919,5.617896551724138,"NM",1983,2443,"1983_20221231",0,2.8501726098790034,29,9.233560658199337,0.32368288145775687,2,"NE"
1121085,5.072782805429864,"NM",19850,20358,"19850_20221231",0.5752443500277551,3.309819123712854,221,12.169963673116643,0.6990212939385495,4,"NE"
68747,17.18675,"NM",1986,788,"1986_20221231",0,1.6391435004192063,4,31.593238428578157,0.9812880150977048,2,"NE"
2460850,12.243034825870646,"NM",19899,19296,"19899_20221231",1.015502382954425,1.2856539913562761,201,12.107674636622383,2.0567639283176753,4,"KS"
388302,7.924530612244898,"NM",19904,3374,"19904_20221231",0.2748044234647519,1.5850175215921352,49,8.279164449790649,1.9663577202490359,7,"NM"
264709,7.353027777777778,"NM",1992,3525,"1992_20221231",0.09027650984926866,2.3255813953488373,36,10.896042183282601,1.1835072015490202,2,"NE"
68935,6.8935,"NM",1993,1076,"1993_20221231",0.19311328322291216,2.297402064818168,10,12.887607746557709,0.7019423898369517,2,"NE"
10777878,12.096383838383838,"NM",19953,108167,"19953_20221231",0.22070565299864517,1.871793939352109,891,10.030231879461848,1.1283306760223484,4,"NJ"
12512286,19.581042253521126,"NM",19977,127854,"19977_20221231",0.28684570761265676,2.0060543362597922,639,10.234280980105822,0.9006492988176393,4,"NY"
274535,8.319242424242425,"N",19978,2273,"19978_20221231",1.4816270387109451,1.8922309507452433,33,7.631842631679851,0.2725589175303922,7,"NJ"
855988,5.862931506849315,"NM",20015,29232,"20015_20221231",0,7.813243523909875,146,15.177165892025629,3.1798154002003196,7,"NJ"
226508,3.6533548387096775,"N",20026,5931,"20026_20221231",0.339015041523898,4.6362565955240855,62,8.60457184832797,-1.179860393902983,4,"FL"
416733,8.33466,"NM",20040,7531,"20040_20221231",0.18233670257903048,3.1782458992798928,50,9.039060419184986,1.0860390731552756,4,"IL"
523723,4.476264957264957,"NM",20093,8676,"20093_20221231",1.1018719177455012,2.7993266754826505,117,9.235610618063413,1.6935181287686187,2,"OK"
2681992,103.15353846153847,"NM",20099,4109,"20099_20221231",0,1.2477678231691751,26,10.392313484114995,0.568008959900072,4,"TX"
364587,4.446182926829268,"NM",20100,7708,"20100_20221231",0.28712260380586446,4.167609080067443,82,9.160115588975547,0.885118949705967,4,"TN"
987221,10.615279569892474,"NM",20130,8373,"20130_20221231",0.90349994409035,1.5379418211448015,93,11.869825922775275,1.8285864896343083,2,"NE"
1035891,8.490909836065574,"NM",20156,12967,"20156_20221231",0.07000739850916063,1.8926054577578098,122,9.96173155597671,1.1535621161837948,4,"OK"
971089,7.768712000000001,"NM",20161,13889,"20161_20221231",0.0004964060204122156,2.3490359790678905,125,8.934466212153868,2.0422170076063306,4,"NM"
87471,4.859500000000001,"NM",20162,1645,"20162_20221231",0.36922862566835607,3.287391626473806,18,9.123360940610974,0.5102816853033968,4,"MT"
2522199,10.211331983805668,"NM",20164,42513,"20164_20221231",1.9910891240009416,2.752560498801167,247,9.32953456701481,1.1042174839588144,4,"UT"
468425,5.8553125,"NM",20179,9561,"20179_20221231",0.3619455035803962,7.704082651137215,80,10.791879428539739,0.29693905513039914,4,"MI"
644790,5.656052631578947,"NM",20198,9338,"20198_20221231",0.24319518194717243,2.5826406575892835,114,10.215571560094286,0.9354005134853973,2,"GA"
197040,5.052307692307692,"NM",20215,2282,"20215_20221231",0.2896741986337362,2.683781119130964,39,10.691063518510994,1.2132807089415016,4,"WV"
390603,8.680066666666667,"NM",20220,4955,"20220_20221231",0.20030597921234009,2.2313278215695376,45,12.387280739205474,1.0667335907173396,4,"NJ"
2624622,9.113270833333333,"NM",20231,20677,"20231_20221231",0.04166641505788009,1.9187746991448793,288,10.239720378045842,1.0958047734934917,4,"TX"
25260713,23.966520872865274,"N",20234,180851,"20234_20221231",0.2770020218404288,1.4674096003367063,1054,9.32315271157928,1.1716127821983995,4,"FL"
135192,4.361032258064516,"SM",20239,1439,"20239_20221231",0.43720381037481454,2.199002625717236,31,8.154894705338195,0.8953894908725745,8,"KY"
2376539,6.546939393939395,"N",20241,37639,"20241_20221231",0.10521256072090522,3.0676295547034886,363,8.835829688695418,1.1820940462468537,4,"TX"
687271,4.042770588235294,"NM",20250,14643,"20250_20221231",1.8549061113146037,3.0025725694130214,170,10.519675647157326,0.8266214029829003,4,"IL"
656371,8.308493670886076,"NM",20268,11474,"20268_20221231",0.09438921465269126,2.7612360457833205,79,11.677260560864736,1.8430933950093826,4,"MN"
316641,3.0741844660194175,"SM",20279,7031,"20279_20221231",0.803395877550489,3.629196988266556,103,9.503453321264276,0.8764624375838732,2,"OK"
6057275,6.90681299885975,"SM",20296,123744,"20296_20221231",0.2091978924186612,3.1211003909920327,877,12.914770317560972,0.9430542468991279,4,"WI"
721362,13.358555555555554,"NM",20310,4348,"20310_20221231",1.1038923704938768,2.414874081272626,54,8.490386547153218,0.7735859587377047,4,"MT"
617677,7.353297619047619,"NM",20311,9445,"20311_20221231",0,2.3452765392186286,84,8.54499516749073,1.3018431929874046,4,"MT"
521070,4.652410714285715,"NM",20353,10122,"20353_20221231",0.7895236821920892,3.329598832751446,112,12.180155923703705,0.8298407688356546,4,"LA"
4281261,6.021464135021097,"NM",20369,57274,"20369_20221231",0.08779534108547245,2.3352819635094733,711,10.775264566821976,1.4749838812552345,4,"IL"
958937,7.550685039370078,"NM",2036,14510,"2036_20221231",0.2612030022742834,2.491538548117569,127,9.504805506720468,1.4985518816313148,4,"NC"
845747,8.54289898989899,"SM",20387,11653,"20387_20221231",0.05913204823633849,2.4966085041457724,99,14.121789408241892,1.377340384252641,4,"CA"
183521,3.52925,"NM",20429,3033,"20429_20221231",0.3655496109380961,2.765534846906187,52,10.928732056913473,1.138999293364202,4,"AL"
30993,7.7482500000000005,"NM",20454,321,"20454_20221231",0,1.823963482263638,4,8.263752455795679,0.7308676167945685,7,"IL"
296399,5.292839285714286,"NM",20468,4941,"20468_20221231",0.07893916836893675,2.610152791012751,56,11.582912537466585,0.8767494473723446,2,"AL"
91578,9.1578,"NM",20479,864,"20479_20221231",6.210587454364421,1.83640851617276,10,9.85647204748826,1.0315486739848234,2,"MT"
1124658,5.68009090909091,"SM",20484,16437,"20484_20221231",0.1496176845407313,2.7823282119420107,198,8.404197388877476,1.2373053919411685,4,"VA"
2018808,12.461777777777778,"SM",20488,17388,"20488_20221231",0.004256303492944714,1.5606058971757046,162,8.725107196612957,1.4183602011581278,4,"NE"
24967889,8.769894274675096,"NM",20504,309092,"20504_20221231",0.7540401250910552,2.2944344313456733,2847,10.563083072808837,1.5608152424825728,4,"GA"
291618,6.9432857142857145,"NM",20537,3984,"20537_20221231",0,2.143241561240854,42,12.86844071025706,1.3264615679053988,4,"OK"
484339,4.892313131313132,"NM",20568,6299,"20568_20221231",0.751660614170934,2.343218819922614,99,10.209335688163703,1.0169812797975928,7,"NC"
155321,7.060045454545454,"NM",2057,2201,"2057_20221231",1.0732155016727358,2.173484260490232,22,9.803249513891178,0.5296026763186275,2,"ND"
7347241,7.551121274409044,"NM",20624,116377,"20624_20221231",0.6587212732815623,2.5563797110090616,973,10.668763871910338,1.3572337626531623,4,"IL"
85593,7.781181818181818,"NM",20657,1017,"20657_20221231",1.5415415415415417,1.9530764372703175,11,8.850689351716046,2.258905083717484,4,"MT"
361181,6.336508771929824,"NM",20666,5863,"20666_20221231",0.4536694882065321,3.0567609354354044,57,9.636526635315581,1.0913885867104278,4,"IL"
281118,6.247066666666667,"NM",2068,3814,"2068_20221231",3.2757010922753302,2.359509391051348,45,20.162508089451357,0.8366460437241349,4,"OH"
369168,3.69168,"NM",20698,6937,"20698_20221231",0.28122630974021207,2.9525457145753835,100,10.224410750428044,1.3438801681683754,4,"LA"
1035492,4.749963302752294,"SM",20720,15312,"20720_20221231",0.008955758552749417,2.8226949440178855,218,7.716321282370406,1.2799707435258623,4,"TN"
1094760,13.857721518987342,"N",20727,13135,"20727_20221231",0.10561518616428321,1.9208859475020816,79,10.687085716055943,1.0166975575877661,4,"TX"
1834148,7.054415384615385,"SI",20741,27010,"20741_20221231",1.7295118574009953,2.637500396335106,260,10.286866316301946,0.7175343711615526,4,"NY"
46727,15.575666666666669,"NM",20769,347,"20769_20221231",0,1.5462143972071634,3,8.166634087009404,-0.17203470905154328,7,"IL"
885269,5.674801282051282,"NM",20776,14477,"20776_20221231",0.30028787928923595,2.8357512186827805,156,9.046947661435938,0.8441680504135596,4,"ND"
1249213,4.322536332179931,"NM",20818,17711,"20818_20221231",0.6676052900107073,2.2367784405329694,289,9.179077065329944,1.6816091533404083,4,"TN"
1062134,5.590178947368421,"NM",20845,20574,"20845_20221231",0.06239589016082905,2.8551741514823514,190,10.641487663844751,3.456804724599749,4,"TX"
1086631,6.139158192090396,"NM",20856,15109,"20856_20221231",0.9840482761846845,3.0016247157907605,177,9.985944300117007,0.8015290350750653,4,"LA"
280725,3.341964285714286,"NM",20872,5978,"20872_20221231",0.7287347656740797,4.126291150010588,84,6.284628433720905,0.9525421490413478,4,"KY"
2537646,5.2214938271604945,"NM",20884,36081,"20884_20221231",1.9938866848324837,4.16164205278423,486,8.109903038616425,0.7403072157484389,4,"GU"
643822,8.149645569620253,"N",2093,12517,"2093_20221231",0.05315783407699419,2.543295865025666,79,10.204551428949085,0.7550156293983012,4,"DC"
1543207,7.245103286384977,"N",20954,16654,"20954_20221231",0.006411829826029023,2.016149450875909,213,10.174721138746142,1.6373634191594089,4,"TN"
1181012,8.8135223880597,"NM",20989,11384,"20989_20221231",0.10344041584285976,1.6061687484068314,134,11.914936029711743,1.4936698105191606,2,"MT"
599950,6.451075268817204,"SM",20993,9210,"20993_20221231",0.8132742059531017,2.4500726522600016,93,9.345271674405373,1.2575136062270886,4,"TN"
1812261,7.488681818181818,"N",2102,17876,"2102_20221231",0.1466573824738266,1.5837113557659253,242,8.619946837966552,0.9014395229569467,9,"SC"
3066490,10.721993006993008,"NM",21031,39563,"21031_20221231",0.2667812153633589,1.939132116315025,286,7.578002202799169,1.21566291574725,4,"FL"
122319,3.305918918918919,"NM",21050,1866,"21050_20221231",0.2822185699819048,2.6664302344291313,37,15.585990802041744,1.0261815865259893,4,"AL"
808228,5.020049689440994,"NM",21074,12711,"21074_20221231",0.20459411247270576,2.8255561164006213,161,9.304664086106206,1.2102960649160948,4,"TX"
277071,4.696118644067797,"N",2107,3363,"2107_20221231",0.31567649472820253,2.628989296463995,59,10.324970192039371,0.6832197760020317,4,"SC"
458882,4.329075471698113,"NM",21083,8119,"21083_20221231",0.1909786625997829,3.341156689282032,106,12.151440097527532,1.031450069597194,4,"MS"
78283,4.8926875,"NM",21085,1354,"21085_20221231",0.5511131901705966,2.878026878316912,16,10.550040386669792,2.0330248006715395,2,"WI"
247424,7.277176470588236,"NM",210,2915,"210_20221231",0.10585810062091039,2.9061245139706733,34,10.800486125177233,0.2567306999659926,4,"IN"
636480,5.486896551724138,"NM",21121,8012,"21121_20221231",0.5730453514570983,1.955442791490898,116,11.174501353744361,1.8345473918026471,2,"KS"
330099,5.79121052631579,"NM",21161,5963,"21161_20221231",0,2.953025456987815,57,11.254677485087623,1.364364678197056,4,"KY"
226132,9.831826086956521,"NM",21163,1687,"21163_20221231",0.026475455046883617,2.3086192339475597,23,8.458815113952246,1.0645848119233499,8,"FL"
90986,3.4994615384615386,"NM",21219,1744,"21219_20221231",0.6038601903758606,3.747823862465844,26,9.620362860666393,0.6995334180017794,8,"KY"
463867,5.656914634146342,"NM",21227,5278,"21227_20221231",0.04652316853793189,2.030761561549087,82,14.128584801293506,1.1253621909044647,4,"TN"
565435,5.284439252336449,"NM",21247,7546,"21247_20221231",0.160829710078458,2.3818323756844317,107,8.405021925536966,1.268171140001839,4,"KY"
58584,4.184571428571429,"SM",21255,911,"21255_20221231",0.9323832625833839,2.959569655382159,14,11.392526044155597,1.7810640764888137,8,"OK"
3489838,15.30630701754386,"NM",21265,40458,"21265_20221231",0.0814962106131244,2.2017834218549956,228,8.823764011467233,0.6462569080503867,9,"FL"
144675,13.15227272727273,"NM",21284,953,"21284_20221231",0,1.4106511351231215,11,8.495304347826087,0.4654233587616601,7,"FL"
1059217,5.5456387434554975,"NM",21292,12335,"21292_20221231",0.09785737513398933,2.053416430720016,191,9.453094261143274,1.445187116656098,4,"GA"
439310,6.973174603174603,"NM",21329,7498,"21329_20221231",0.056498536661123915,2.760175560840594,63,9.866833144575853,0.937452064666199,4,"TX"
40265,1.25828125,"NM",21342,2189,"21342_20221231",0.2206129202436334,12.949941213710773,32,39.783535585437846,-10.443045129782039,4,"KY"
83950,4.938235294117647,"SM",21379,1223,"21379_20221231",0.18730522678464742,2.6928137768646554,17,10.650302466263378,1.1426856575636557,4,"AR"
1897811,5.406868945868946,"N",2138,33156,"2138_20221231",0.4797494683212975,2.6562989644577018,351,8.621940034988345,1.0507819931401188,4,"GA"
68063,6.8063,"NM",21448,1001,"21448_20221231",0,3.2319757407987044,10,16.486078522216076,1.7890012319125657,4,"UT"
113229,4.52916,"NM",21455,1834,"21455_20221231",0.1552826757656866,2.8698598759721428,25,12.119792035085238,-2.2887578141293363,4,"TX"
165032,7.175304347826088,"NM",2145,1763,"2145_20221231",0.8073959251039913,2.131998628398174,23,9.893490839248836,2.0008542432427556,4,"GA"
214866,8.95275,"NM",21486,1626,"21486_20221231",0.04046378858774021,1.3703893207747169,24,14.671767777980202,1.361219770284421,4,"IL"
525353,11.420717391304349,"SM",214,4197,"214_20221231",0.4289939143606662,1.4215397246551849,46,11.905885384984186,1.3375351471982095,2,"IA"
227336,5.286883720930233,"NM",21525,3071,"21525_20221231",0.20840484479968616,2.3252753231978125,43,9.462729420759604,1.132384791771926,5,"MN"
147612,5.271857142857143,"NM",21526,1941,"21526_20221231",0.0453712590524387,2.238862911980895,28,24.704968320094302,1.3018201386555577,7,"GA"
82934,5.183375,"NM",21529,1598,"21529_20221231",0.567258501354198,3.352889770305767,16,15.53598270743009,0.23412635812067903,4,"LA"
242479,6.553486486486487,"NM",2154,3700,"2154_20221231",0.8331800141929718,2.998294060169046,37,8.211118977782272,0.627634290358054,8,"GA"
295324,5.790666666666667,"NM",21557,4755,"21557_20221231",0.2901032239127244,2.9757579508261127,51,9.536831132731063,1.1869654917771175,4,"MT"
372209,7.44418,"N",21567,5080,"21567_20221231",0.4030320241163877,3.19387580601354,50,14.694662176258458,1.4406571408452524,4,"TX"
1788405,6.387160714285714,"NM",21573,27001,"21573_20221231",0.1950921432977434,2.5482528363220025,280,9.359603435595977,1.626887434068246,4,"TN"
90056,5.003111111111111,"NM",2157,1201,"2157_20221231",4.880981855480494,2.5248267424114688,18,9.25614856176365,0.3145225094356753,2,"GA"
2611099,12.926232673267327,"SB",21591,21481,"21591_20221231",0.3867290860981071,1.495799920306424,202,8.492837616436393,1.227063925723305,4,"NY"
970584,11.693783132530122,"NM",21606,9065,"21606_20221231",0,1.5778687653070587,83,10.078975681745522,2.282552935360442,4,"CA"
201635,5.600972222222222,"N",2160,2425,"2160_20221231",0.21108834668156704,2.607050227874396,36,15.20848063525654,1.5465214956041782,8,"GA"
93218,10.357555555555557,"NM",21635,842,"21635_20221231",0,1.816023509562029,9,8.882452832154355,0.4733252764284012,4,"IL"
115513,8.250928571428572,"NM",21692,1063,"21692_20221231",0.056897532716081306,1.609575193626256,14,10.160800257698302,1.3024109787779028,7,"FL"
273359,17.0849375,"NM",21693,1903,"21693_20221231",0,1.731506984715612,16,12.682192494855627,1.207730534446134,4,"TX"
1037682,10.697752577319587,"NM",21714,10423,"21714_20221231",0.12163804109168802,1.736127117888765,97,9.880164909458037,1.5695926031784082,4,"MN"
16474239,15.932532882011607,"NM",21716,124910,"21716_20221231",0.054298790051139995,1.2601448382241445,1034,9.4236282718726,1.4488400641096306,4,"CA"
156902,9.806375000000001,"NM",21721,1594,"21721_20221231",0,1.841226821490511,16,8.604079847713123,0.6738318279863991,4,"IL"
143550,11.9625,"NM",21728,1289,"21728_20221231",0.14968916586476044,1.5371995098201188,12,14.469679401704447,1.227604655272235,2,"ND"
86064,6.6203076923076924,"NM",21752,1152,"21752_20221231",0.5179110919292188,2.4974820369237,13,11.697096677641424,1.3493390648116466,2,"OK"
62920,,"SM",21761,0,"21761_20221231",0,0,0,99.49087078651685,1.5954267646094817,7,"MI"
427188,5.33985,"NM",21784,7102,"21784_20221231",0.03650295643779414,2.9299327781796523,80,10.489612749492984,0.919642306266636,4,"GA"
310778,4.708757575757576,"SM",21805,4889,"21805_20221231",0.47919226926715414,2.5636865787352523,66,9.444945628322037,1.2847288795638014,2,"AR"
55113,5.5113,"NM",21807,889,"21807_20221231",1.0254229278896134,3.0270737225217825,10,9.645205087894812,0.8072196593391421,7,"TX"
7003100,70.73838383838384,"SM",21843,31125,"21843_20221231",0,6.362869401306728,99,20.675677542177194,1.0061447093247022,4,"NY"
778498,9.158800000000001,"NM",21848,10239,"21848_20221231",0.2626421999143263,1.9805494861955213,85,9.440556340213694,1.6578839456756576,4,"OK"
3244415,5.258371150729335,"N",21868,236960,"21868_20221231",0,19.98544096598484,617,11.41224241759409,3.7075452683071495,9,"NY"
200929,5.740828571428572,"NM",21874,2849,"21874_20221231",0.0923968365828831,2.501502145101476,35,10.176650941157487,0.6998848036495429,4,"TN"
564898,4.8281880341880345,"SM",21883,7644,"21883_20221231",0.25139067180145486,2.4694344745907144,117,10.659242445478755,1.2636037350241565,4,"VA"
185380,5.9799999999999995,"NM",21897,2296,"21897_20221231",0,2.56782820124649,31,8.155861605643265,0.8809296484961071,4,"MO"
987478,4.4885363636363635,"SM",21906,18633,"21906_20221231",0.33081134149334646,3.346643317487647,220,9.476896600028017,1.4431867680891382,4,"MS"
319073,5.801327272727272,"NM",21928,5050,"21928_20221231",0,2.400689782595307,55,9.436435523114355,1.0959536860257437,4,"ND"
9926655,8.170086419753087,"NM",21943,133106,"21943_20221231",0.33044066659713067,2.227733529149058,1215,10.512422507384427,1.3242922037554319,4,"CA"
183771,6.1257,"SM",21955,2971,"21955_20221231",0.8816973732471857,2.7396916248768566,30,11.705116060036907,0.8401720982955693,4,"KS"
2285315,8.527294776119403,"NM",21956,35642,"21956_20221231",0.33118234943670555,2.586897418017342,268,8.532781764153407,0.768604512793272,4,"CA"
487966,12.19915,"NM",21978,3802,"21978_20221231",0.18843098715095596,1.8654353595090596,40,13.640865355908193,3.3490479090446654,4,"OK"
310948,6.097019607843137,"NM",21988,3903,"21988_20221231",2.8478396227378044,2.2565972228694204,51,10.208788091802631,0.8838132019635877,2,"IL"
85526,4.072666666666667,"NM",21998,1300,"21998_20221231",1.4032695102912411,3.205598786277101,21,11.148442272449604,0.9624953098745493,2,"MS"
510700,5.37578947368421,"NM",22015,7543,"22015_20221231",0.0639729778141713,2.491007714551873,95,10.22200632289051,1.2693849133078836,4,"TN"
472434,4.631705882352941,"SM",22020,9713,"22020_20221231",0.40052696731371257,3.4770481513636318,102,8.851808872849693,1.3340652524017715,4,"TN"
160112,4.709176470588235,"NM",22034,2274,"22034_20221231",1.9741531595747979,2.5828335451546334,34,7.414340310900725,1.1345385333321916,8,"IL"
212468,7.082266666666667,"N",22046,2504,"22046_20221231",0.10530831935722922,2.3136405075948066,30,9.788387508257216,1.1735924243092621,4,"LA"
66450,6.040909090909091,"NM",22059,685,"22059_20221231",0,2.9811341343647317,11,15.062799313273697,0.8714550723231931,4,"NM"
238873,3.791634920634921,"NM",2205,4883,"2205_20221231",1.1435847466239442,3.2682977203113315,63,8.980963327768036,1.4548900795983937,2,"MT"
554293,10.65948076923077,"SM",22065,7570,"22065_20221231",1.02379865068242,2.2475257760668548,52,10.044102773042269,1.6287552068093754,4,"OK"
148665,6.757499999999999,"NM",22070,2265,"22070_20221231",0.6733965434763943,2.4879515976676543,22,15.581260766580534,0.8282022258436559,5,"TN"
420883,4.837735632183908,"NM",22081,5997,"22081_20221231",0.251324812967581,2.85692339562826,87,11.021838894910408,1.071171701701259,4,"MS"
244530,13.585,"NM",22086,2041,"22086_20221231",0,1.731640244590213,18,9.070971695011508,2.160975818994346,4,"NM"
572305,5.556359223300971,"SM",2208,11579,"2208_20221231",0.25397538911052425,3.2827934988787875,103,8.042162205696798,1.6230944340490376,4,"WY"
340039,5.313109375,"NM",22090,4302,"22090_20221231",0.2267244035071323,2.4985646688126346,64,9.457148449155996,2.58291588551091,4,"TN"
582751,5.657776699029126,"N",22092,8701,"22092_20221231",0.3457852532759632,2.4568923221666683,103,10.796603851729136,1.2987804699146828,4,"GA"
2931809,9.396823717948719,"NM",22134,29309,"22134_20221231",0.19105071719914402,1.5644085148091484,312,9.475042244399607,1.9310636315837637,4,"UT"
289962,6.169404255319149,"NM",22138,4176,"22138_20221231",0.01524248810423211,2.3629416410939448,47,10.407792840800381,1.2128144596688488,8,"GA"
768894,5.960418604651163,"NM",22139,12825,"22139_20221231",0.0018815843693023274,2.859668055339889,129,9.39885815752803,0.8852499182636149,4,"LA"
1239412,9.318887218045113,"SM",22180,18739,"22180_20221231",0.016871108843341465,2.635725976971617,133,11.225444340505145,0.5549987675551643,4,"MN"
336954,7.487866666666667,"NM",22205,4810,"22205_20221231",0,2.957232037184823,45,9.690884476534297,0.10592832236616793,4,"GA"
61332,3.4073333333333333,"N",22229,1162,"22229_20221231",0,3.831585918414927,18,12.018758158348508,-0.2077976490145661,4,"AL"
216216,6.75675,"NM",22242,3970,"22242_20221231",0,3.331361904284872,32,7.656551360501742,0.8264590180356862,4,"MN"
767763,6.0453779527559055,"N",2224,9732,"2224_20221231",0.3603575784711822,1.8728691848086267,127,8.835714837029457,0.8806267406892138,2,"MT"
2927951,5.60910153256705,"NM",22257,52352,"22257_20221231",0.32538412136884715,3.263637243135005,522,8.97387310914616,0.746715396548604,4,"GA"
72317,4.5198125000000005,"SM",22263,1274,"22263_20221231",0.31690525625614685,2.5714378420472,16,10.206762622801005,0.9869346081464017,2,"MN"
383633,4.678451219512195,"N",22271,4611,"22271_20221231",0.055005920776194664,2.0359467733900023,82,14.081042920257694,1.501572115772218,7,"AL"
137405,3.9258571428571427,"NM",22273,2029,"22273_20221231",0.4522880454061724,3.384410913923853,35,13.308822962671785,2.886404503166289,4,"WV"
488345,13.198513513513515,"NM",22282,4666,"22282_20221231",0.034555847847195016,1.494982332213464,37,11.877851820575739,1.1296470504252945,4,"IL"
244784,4.7073846153846155,"SM",2228,4323,"2228_20221231",0.005216007928332051,2.9756362976845416,52,8.834547870588828,0.33935876508876933,4,"WY"
388926,8.6428,"SM",2229,4777,"2229_20221231",0,1.9094748462792517,45,11.012789000955223,1.3004671609824303,4,"WY"
903424,9.313649484536082,"SM",22308,9572,"22308_20221231",0.030757080318987415,2.222563783720691,97,8.773022870479199,1.3466896719892478,4,"MI"
1370768,10.966144,"SM",22319,11999,"22319_20221231",0.0018414367858980833,1.9950190182405378,125,12.374309979099001,1.2912059428400298,4,"MO"
1264296,8.263372549019609,"NM",2232,14059,"2232_20221231",0.36571779801006493,1.9347446121652536,153,9.491468207112451,1.1913017963520132,2,"WY"
1844102,9.03971568627451,"SM",22334,17113,"22334_20221231",0.08192434409993128,1.8344624884998513,204,9.864600350848013,1.2406345061357933,4,"WI"
219074,7.066903225806452,"NM",22340,3298,"22340_20221231",0.46506597447544884,2.221904870207434,31,12.354254527412554,1.8331486520913938,4,"OK"
1734819,6.911629482071713,"SM",22354,16686,"22354_20221231",0.30097846181594096,1.83077233213996,251,10.695120516521008,1.5674190262527463,4,"TN"
54524,3.0291111111111113,"NM",22355,806,"22355_20221231",0.2459987244510584,2.928536965766413,18,15.04984845307764,1.088383470035793,4,"KY"
112755,8.673461538461538,"NM",22358,995,"22358_20221231",0.9141140223563262,1.496554583551777,13,12.230241310604384,0.9260306266854442,2,"AL"
627723,7.133215909090908,"NM",22366,9352,"22366_20221231",0.32879151172306853,2.361320552730768,88,13.952792877510648,1.1831247987948486,4,"CA"
1710167,6.357498141263941,"N",22373,28568,"22373_20221231",0.11784821323866869,2.741412427319907,269,11.567782427771462,1.15234059830617,4,"TX"
311968,9.175529411764707,"N",22381,3025,"22381_20221231",0.29527454136508513,2.055470237850072,34,10.332400255851221,0.9456862910464788,7,"TX"
650597,5.24675,"NM",22394,7227,"22394_20221231",1.0060601704394858,2.039388258362427,124,17.63293030240672,2.620801011835936,8,"MO"
1241477,12.932052083333334,"N",22396,12086,"22396_20221231",0.02045574544056428,1.511813625164033,96,9.2059821911743,1.8395245964061713,4,"TX"
787974,12.91760655737705,"N",22398,12147,"22398_20221231",1.613805865440277,2.570859858390604,61,10.880141588975377,0.729296796610116,4,"NY"
1746469,6.985876,"NM",2240,19234,"2240_20221231",0.4939902076277426,2.108411026175563,250,9.400121307483705,2.1920631480311017,4,"NM"
683707,8.765474358974359,"NM",2241,7194,"2241_20221231",0.20760162269596233,2.2241656975985875,78,10.493602529200505,2.088072842799538,4,"NM"
44090,7.348333333333334,"NM",22430,449,"22430_20221231",0,2.4294629974097317,6,14.184270863477504,0.9800427655024946,8,"OK"
215141,6.519424242424242,"N",22434,4300,"22434_20221231",0.11947021533220152,3.0602150484136716,33,12.061573221608448,1.5854575728402494,4,"IL"
1235452,7.4875878787878785,"NM",22444,26402,"22444_20221231",0.8608881707049592,3.168425924591335,165,14.45959807503428,0.6276314799066641,4,"IL"
201286,6.099575757575757,"NM",22447,2673,"22447_20221231",3.2463674523732644,2.405662293350664,33,10.204786182811569,1.1530728299281043,2,"CO"
68463,3.2601428571428577,"NM",22448,1240,"22448_20221231",2.140491639966614,3.348182044037693,21,12.622069955051904,-0.034666250671658606,4,"OK"
326263,3.7937558139534886,"NM",2244,5811,"2244_20221231",0.9740414222500153,3.535493833843854,86,9.741404231906223,1.3574019549310379,8,"NM"
1084578,8.033911111111111,"NM",22451,15084,"22451_20221231",0.06375573439361051,2.757441818853242,135,8.22866159804906,1.2920154870541476,4,"TN"
204418,5.678277777777778,"NM",22460,3245,"22460_20221231",5.311367831020576,3.067318506277399,36,8.545384311409682,0.9130344970047511,4,"CA"
192924,2.3243855421686748,"NM",2247,4352,"2247_20221231",0.08504935439808252,3.9625124143598223,83,8.077180380972502,0.9513054613100489,4,"NM"
282636,6.8935609756097564,"SM",2249,3173,"2249_20221231",0.5641019169369392,2.0144271760165,41,11.009627858380023,1.8587636780454324,2,"NM"
86463,6.651000000000001,"SM",22502,1492,"22502_20221231",0.5234593275313915,2.5312785487949965,13,10.010873840316497,0.383143525794879,7,"MT"
135611,5.650458333333333,"SM",22514,1945,"22514_20221231",1.0694461409008862,2.4821770376058776,24,12.315914405904785,1.8969133609178537,4,"UT"
234273,5.206066666666667,"NM",22526,3203,"22526_20221231",0.5907282088176442,2.363699525738672,45,12.858432388199464,1.0159724047694918,4,"TX"
349267,8.315880952380953,"NM",22536,4483,"22536_20221231",2.1491829955081627,2.247753118441511,42,9.968370785355466,1.3785173254497831,4,"IL"
1247359,4.470820788530466,"NM",22537,25182,"22537_20221231",0.06330522325642068,3.1874442947588406,279,9.186960090360822,1.6706770171700198,4,"AL"
33557,4.793857142857143,"SM",22549,251,"22549_20221231",0,2.1409365025182208,7,25.217675551989537,0.12276698825628957,7,"AL"
436054,8.899061224489797,"NM",22551,4228,"22551_20221231",0.010795086531140984,1.6620672353236328,49,9.21365475579871,1.1651180591925756,4,"TX"
2398640,6.087918781725888,"NM",22559,36582,"22559_20221231",0.44398345662583005,2.7405276196986157,394,8.9995409809786,1.2689659286033335,2,"ND"
110745,6.514411764705883,"NM",22567,1123,"22567_20221231",0.10898833183741505,1.6559429207004353,17,11.07011070110701,1.3505985324325513,8,"MO"
299715,6.51554347826087,"NM",22578,5430,"22578_20221231",0.010942769316474837,2.4305653083163317,46,10.644356377513576,2.76347136433392,4,"UT"
3607850,7.3479633401222,"NM",22597,45924,"22597_20221231",0.9898593006585585,2.376232698305447,491,11.045506744100479,1.0866743638111553,4,"CA"
112567,6.621588235294118,"SM",22598,1119,"22598_20221231",0.45966842327960916,2.064346698809681,17,9.56535243176088,0.8914857538719271,8,"IL"
326318,15.53895238095238,"NM",22600,2415,"22600_20221231",2.361034343675774,1.5779249384356517,21,8.017421394904838,2.448852844958945,8,"NM"
197309,4.6978333333333335,"NM",22601,2930,"22601_20221231",0.32587366019878294,2.6257493763271538,42,7.201451534588944,1.2672338706880901,2,"MO"
130113,5.20452,"NM",22621,2005,"22621_20221231",0.8486187845303867,3.004536804422038,25,19.2935278787577,1.4291933903267147,4,"AL"
221653,5.990621621621622,"NM",22636,2068,"22636_20221231",0.5592899089600315,1.8330612268782662,37,8.681438598762634,0.8148564272715039,2,"MO"
189914,6.330466666666667,"SM",22639,2454,"22639_20221231",0.3494556136768191,2.310880327683798,30,10.246205490454518,1.0261620250170669,4,"WY"
3959561,43.99512222222222,"SM",22653,12408,"22653_20221231",4.639351467500122,0.5226449269861013,90,9.576857347902184,3.2552126828029904,9,"UT"
86106,2.8702,"NM",22657,1880,"22657_20221231",1.394313644199088,4.725645157885107,30,10.625610948191595,0.22871700317388827,4,"TX"
245413,6.292641025641026,"NM",22669,2767,"22669_20221231",0.061166236237596844,2.1592533423021942,39,8.5711767002355,0.9627511981838055,7,"NV"
253188,11.508545454545455,"NM",226,2532,"226_20221231",0.005883638442012541,1.9291203325529263,22,12.160186042845037,0.6769058019681271,2,"IA"
89544919,8.964352687956753,"N",2270,1235433,"2270_20221231",0.2781836942649435,2.0801312360341226,9989,7.648084442674596,1.0072694502552069,4,"UT"
301954,6.03908,"SM",22717,4097,"22717_20221231",0,2.432808078988789,50,7.977050204287954,1.0131182255995774,4,"OK"
714278,6.3210442477876105,"NM",22738,15356,"22738_20221231",0.4160686058976362,3.137173442713598,113,9.676026298626901,1.4835966173646047,4,"UT"
259413,5.8957500000000005,"NM",22739,4232,"22739_20221231",0.4187586909677625,3.1494199673225927,44,11.26528076675615,1.499889509299489,4,"LA"
133026,12.093272727272728,"N",2273,1057,"2273_20221231",6.324318636220141,1.3889462292026682,11,11.164973956332682,1.4707790484391312,7,"NV"
228529,4.86231914893617,"NM",22756,3686,"22756_20221231",0.6833315901405014,2.923512203770463,47,11.421811330675197,1.7240041959695054,4,"TN"
169491,7.369173913043479,"NM",22811,2130,"22811_20221231",0.07258792845868818,2.065370619283349,23,10.276973121853928,0.9569437488907253,4,"IL"
104445496,15.26088486265342,"N",22826,99780,"22826_20221231",0.6562791404262237,0.19951336231421407,6844,10.860852052148179,-0.42318708297116125,9,"CA"
63740,3.98375,"NM",22835,926,"22835_20221231",0.1737183446571958,2.594640713892311,16,10.397129576775667,0.6749249464357914,8,"TN"
135977,9.065133333333334,"NM",22838,1119,"22838_20221231",0.3884253583169681,1.5121193623909566,15,8.11887368741779,1.0863770176401049,2,"IL"
68918,11.486333333333334,"NM",22839,303,"22839_20221231",2.7235628105039034,1.2513247626946826,6,21.48028962188254,0.5889434153534238,7,"OK"
301938,3.9728684210526315,"SM",2284,5712,"2284_20221231",0.876548693973233,3.2475886981294275,76,10.041632845434787,0.7202313645045102,4,"OH"
111484,4.129037037037038,"NM",22855,1617,"22855_20221231",0.4416333777185974,3.706164720977924,27,9.05365765603141,0.5785512161031998,4,"OK"
29430409,10.586478057553956,"SM",22858,262098,"22858_20221231",0.24016925502709308,1.8334225433736422,2780,10.956071960851926,1.337838517533324,4,"VA"
538273,4.763477876106195,"SM",2285,9983,"2285_20221231",0.032336100946985816,2.983075050959106,113,8.358256479070244,0.6134286361385474,4,"OH"
357797,7.951044444444445,"NM",22867,4332,"22867_20221231",0,1.9360556479709676,45,7.439468940303713,1.7852623703002761,7,"MO"
320703,6.971804347826088,"NM",2286,4580,"2286_20221231",0.07252537187264353,3.184908566372932,46,11.392212398750596,0.40956034994336105,4,"OH"
733423,5.0932152777777775,"NM",22874,13291,"22874_20221231",0.549307858186287,2.826024592569058,144,9.030981573371534,0.8514786030346431,4,"IL"
1087807,5.332387254901961,"NM",22876,16995,"22876_20221231",0.2467819860736175,2.7697039713316505,204,8.256894083665738,0.9214563756907703,9,"MO"
175199,3.2444259259259263,"SM",22888,3165,"22888_20221231",0.33225961904278795,3.0791383481165764,54,14.433232938694498,0.8656836769957379,8,"VA"
246627,11.210318181818183,"NM",22895,1749,"22895_20221231",0.1821616515989745,1.2632052501351603,22,14.71949281640463,1.5919306401265967,2,"MO"
92880,6.191999999999999,"NM",2289,1143,"2289_20221231",3.4421244678694505,3.2368786930830726,15,6.408691281020137,0.04344803614876608,5,"OH"
1254978,8.04473076923077,"NM",228,14114,"228_20221231",0.6430253561058143,1.8551902914268499,156,10.717119558830323,1.5468546592828645,2,"IA"
294310,10.511071428571428,"NM",2290,2539,"2290_20221231",2.4792286388347526,1.51349661433788,28,30.592450537048876,1.9350898725549743,7,"OH"
3140875,7.058146067415731,"SM",22918,36971,"22918_20221231",0.15433200626683966,2.0367510622347624,445,9.883154563501465,1.6570882565996148,2,"VA"
173327,8.253666666666666,"NM",22925,2471,"22925_20221231",0.927927452944588,2.1216186702442985,21,14.347238688687309,0.7536480114128453,4,"OH"
716176,4.711684210526316,"NM",22939,13600,"22939_20221231",0.0011884162689433553,2.9789623872137247,152,9.441560318753302,0.9393212702159336,2,"WA"
124938,4.308206896551725,"N",22942,1800,"22942_20221231",0.056728737360128206,2.639632400033836,29,11.571646083572999,1.5656532089471078,4,"TX"
9101588,13.152583815028901,"N",22953,123510,"22953_20221231",0.5433670461088104,2.8278743463396045,692,9.26816789079805,0.9051747798620887,4,"FL"
53851,5.983444444444444,"NM",22954,952,"22954_20221231",0.03527425735090327,3.1965556767913905,9,15.904475366679202,0.5573784698286898,5,"WV"
2108227,11.777804469273741,"N",22957,16687,"22957_20221231",0.3004571534967588,1.8439632047246757,179,9.149940997306194,1.5083154003652488,4,"TX"
701415,5.894243697478991,"NM",22964,10493,"22964_20221231",0.15972841034279978,2.4826735280742085,119,8.86456455771293,1.374584377356099,4,"TX"
277737,6.4590000000000005,"NM",22971,3464,"22971_20221231",1.3763318832356093,2.6331842212281416,43,12.084354086998088,0.49744379248242604,4,"IL"
147269,4.750612903225806,"NM",22993,2411,"22993_20221231",0,2.19889099410732,31,8.789789511332478,1.8733026954967196,4,"ID"
754054,6.283783333333333,"SM",23007,12247,"23007_20221231",0.01076651365794372,2.560292234877528,120,9.549784075765428,1.094564021982357,4,"OR"
102565,5.398157894736842,"NM",2300,1237,"2300_20221231",0.060307359577432565,2.496893792555042,19,10.858292399488287,0.5109090005466925,8,"OH"
105597,9.599727272727273,"NM",2301,1327,"2301_20221231",0.09734390209984703,2.1312650089085134,11,9.807977519319335,2.172902626074831,2,"OK"
2421530,10.047842323651453,"NM",23030,28917,"23030_20221231",0,1.973013544914625,241,10.864089374829721,1.1837915605763079,4,"CA"
1305491,5.907199095022625,"NM",23041,22199,"23041_20221231",0.13579016122933066,2.5950694807470516,221,9.097184560678192,0.8702853155646888,4,"WA"
549989,8.088073529411766,"N",23086,10436,"23086_20221231",0.9641974526329131,2.5094060158353715,68,23.546041474628527,1.565936744543507,4,"CA"
54296,4.524666666666667,"NM",2308,1010,"2308_20221231",5.244233638067552,2.766722590449823,12,14.43072550430947,1.1134600771898675,2,"OK"
336954,7.1692340425531915,"NM",23090,4117,"23090_20221231",1.4249542285068755,1.937025183532309,47,17.45291972188397,2.0480981984673576,4,"LA"
6312363,7.632845223700121,"NM",23091,81845,"23091_20221231",0.09422151653020541,2.435814152217419,827,9.194167771517177,1.2590493213880516,4,"CO"
83905,5.993214285714286,"NM",23099,1139,"23099_20221231",0.01590258530601118,2.212249464876435,14,15.187672757745174,1.1918661218135824,2,"KS"
336694,9.619828571428572,"NM",230,3191,"230_20221231",0.6387596899224807,1.5703943237361833,35,8.657580919931856,1.386042399167191,2,"IA"
525943,4.825165137614679,"SM",23123,11655,"23123_20221231",0.42193361392900974,3.6274024688266673,109,8.947344468210988,0.504387372692029,8,"TN"
78725,6.055769230769231,"SM",23126,978,"23126_20221231",1.1031185118386009,2.1950756409466923,13,13.543314997613844,1.1135743169735413,8,"MI"
697664,4.983314285714286,"NM",23144,11567,"23144_20221231",0.9406038502408496,2.6183631012717647,140,11.298894197643817,1.2505391427867798,4,"LA"
327664,5.3715409836065575,"NM",23152,4217,"23152_20221231",1.034640787168082,2.5152032186702624,61,13.321955533489518,1.209469653727604,4,"AL"
2395777,5.494901376146789,"NM",2315,33543,"2315_20221231",0.5866157044564886,2.5619060891911962,436,9.37064684411841,1.1752848912318932,4,"OK"
50131,3.8562307692307694,"SM",2317,1005,"2317_20221231",0.7177033492822966,6.00655737704918,13,14.98539515365944,-1.8491803278688526,4,"OK"
274344,5.275846153846154,"NM",23189,4243,"23189_20221231",0.2707984552482208,2.454933108837686,52,8.772497241353069,0.8901740451309457,2,"IA"
261097,10.042192307692307,"SM",231,2637,"231_20221231",0.10002147353669148,1.7017452449126902,26,7.856652181631535,1.1595927921209832,8,"IA"
159374,3.124980392156863,"NM",2320,2745,"2320_20221231",2.2099227522497413,3.2249277674549823,51,11.684548813199049,1.4337065753504619,4,"OK"
420737,7.791425925925926,"SM",23210,7424,"23210_20221231",0,5.0557499674592865,54,12.806109582892796,1.0134442308358609,4,"CO"
9145613,2.0184535422644005,"N",23220,325677,"23220_20221231",1.1699997868146819,6.098892151672063,4531,8.878273378729682,2.10217307724439,4,"TX"
128608,6.124190476190476,"NM",23222,1895,"23222_20221231",0,2.3664612361694597,21,12.053746271804295,2.090578449569393,7,"LA"
82288,10.286,"NM",23242,848,"23242_20221231",4.244159059260405,2.3900405603942163,8,44.618272097691936,2.2775680634344884,4,"CA"
44512,4.4512,"NM",23244,690,"23244_20221231",4.162396531336224,2.606318870523416,10,15.59225223980285,0.7898588154269972,2,"IL"
321482,6.303568627450981,"NM",23257,3732,"23257_20221231",0.08665397492286483,2.294540434917141,51,9.50868061065795,1.4810665091760424,4,"IL"
478858,5.911827160493827,"NM",2326,8040,"2326_20221231",0.022467113762230536,2.9358621169609105,81,10.642104276845503,0.7854709515783256,4,"OK"
85110,10.63875,"SM",23270,499,"23270_20221231",0.006079766536964981,1.416327289238971,8,7.886628997601155,0.9399049037391509,7,"NE"
1618881,8.993783333333333,"SM",23275,17386,"23275_20221231",0.12781002109083453,1.9694038733292236,180,9.245827009730563,1.664666481238581,4,"CA"
295126,4.404865671641791,"SM",2327,5300,"2327_20221231",0.05749968375173937,3.5116160251570423,67,16.096041749963174,0.5698379791541988,4,"OK"
1705192,7.750872727272728,"SM",23286,22007,"23286_20221231",0.10811509688004352,2.4935119030577098,220,8.404324704424514,0.7737829956752776,4,"MA"
5272127,9.265601054481547,"NM",23287,79175,"23287_20221231",0.22032493648790802,2.459035042503154,569,9.909321498226317,0.8367014639553959,5,"MA"
86473,5.764866666666666,"NM",2328,1548,"2328_20221231",0,2.724721582376963,15,10.58073104442842,0.8470871752360631,7,"OK"
1864517,8.964024038461538,"SI",23293,22901,"23293_20221231",0.19119766834760152,1.9211882959292796,208,10.796497002023871,0.9087882937931717,9,"MA"
6619741,10.557800637958533,"NM",23296,88696,"23296_20221231",0.34539591754829563,2.0613993037469664,627,11.12822551260393,0.8876243095125697,4,"MA"
1448597,13.666009433962264,"SM",23298,16340,"23298_20221231",0.029275337804870117,1.8590267834075775,106,9.796050203026947,0.3573344544247944,5,"MA"
124966,7.8103750000000005,"NM",232,1699,"232_20221231",7.547527017433146,1.9945316718941244,16,21.066024593134216,2.0409521142190457,4,"IA"
47127,3.1418000000000004,"NM",2331,1193,"2331_20221231",8.896440129449838,3.5711224262373777,15,14.11236977013395,0.4526050506609062,4,"OK"
105857,3.6502413793103448,"NM",23373,2044,"23373_20221231",1.43156270663434,4.56074001150176,29,12.055754281858599,0.015595605938026962,4,"NY"
403414,8.964755555555556,"NM",23376,3052,"23376_20221231",0,1.4236816104605887,45,11.789544911014751,1.4541172067266188,4,"AL"
147497,4.33814705882353,"N",23404,2902,"23404_20221231",0.351783478853376,3.3158566718288123,34,8.80825502718681,0.5191021598381521,4,"CO"
251393,8.379766666666667,"N",23430,2354,"23430_20221231",0,1.6439366718708763,30,9.876100050885366,1.7341624031365168,4,"TX"
1502758,1.8998204804045513,"N",23472,97103,"23472_20221231",0,12.857075653961731,791,67.902690687688,15.092805068160922,9,"CA"
2733258,7.991982456140351,"SM",23473,34707,"23473_20221231",0.5086633798596906,2.1292331199892804,342,8.60003971375931,1.162799736302753,4,"OK"
5539254,10.257877777777777,"N",23474,62414,"23474_20221231",0.06968610282129165,2.21770746148754,540,8.133743250901835,0.9261698849826586,4,"TX"
5331967,3.733870448179272,"SI",23498,200756,"23498_20221231",1.3436236952038958,5.825620824589066,1428,13.248074433201781,1.9397140320344273,4,"TX"
111542,13.94275,"NM",234,636,"234_20221231",0,0.8472573225941347,8,25.97636152063318,1.5326994054653553,2,"IA"
148793,4.959766666666667,"NM",23523,1971,"23523_20221231",0.14632466861766225,2.594011476494044,30,9.73912810338356,0.9598048282505071,4,"AL"
1382388,8.694264150943395,"SM",23537,20611,"23537_20221231",0.6769703484841657,2.5113593808697767,159,11.33561674744357,0.9224647809685556,4,"WI"
343382,7.007795918367347,"NM",23546,3762,"23546_20221231",0,1.5215788565525372,49,13.18612399184966,2.098893662030221,4,"IL"
119453,7.02664705882353,"NM",23551,1093,"23551_20221231",0.4140786749482402,1.4853186879951397,17,14.934300607749407,1.721946423004053,2,"MO"
371832,5.809875,"N",23597,5716,"23597_20221231",1.8700429648545625,3.2183759944753567,64,9.794216074442486,0.4730080258781165,4,"TX"
610304,7.353060240963855,"NM",2359,6897,"2359_20221231",0.08698037064608392,2.3158055288747583,83,6.464883223113811,0.8273786396277882,8,"PA"
313938,9.513272727272726,"NM",235,3080,"235_20221231",0,1.6369552895851858,33,10.775208128816757,2.255602839503074,2,"IA"
2099129,9.718189814814814,"SI",23620,28470,"23620_20221231",0.0677566506636021,2.207097298659361,216,11.688179367323782,0.5588337257507692,4,"MA"
11656860,8.898366412213742,"NM",23621,150907,"23621_20221231",0.45747882307841087,2.437997232617537,1310,10.20092361766174,0.8574018458050212,4,"MA"
3093991,8.407584239130435,"SI",23622,43280,"23622_20221231",0.10951155073731708,2.2153531844395276,368,13.329804660707156,0.17303868745476153,4,"MA"
6659837,10.230164362519202,"NM",23623,83995,"23623_20221231",0.25100632047588456,2.081795916673391,651,8.401617035593226,1.1840080110405504,4,"RI"
5825549,5.837223446893788,"NM",23627,111010,"23627_20221231",0.35985523764667904,3.1270807030895713,998,14.09119502760356,1.477132374878383,4,"KY"
2550980,10.412163265306123,"N",23647,41404,"23647_20221231",0.005919675835216235,3.4221315473700686,245,12.564511014255478,0.8054341809755629,9,"TX"
866056,7.873236363636364,"N",23737,14162,"23737_20221231",0.007646697104769309,4.061566798772116,110,9.774149324471246,0.07860408627432755,4,"OK"
99934,5.551888888888889,"NC",23741,3846,"23741_20221231",0,327.9754166174211,18,57.216798423448935,5.6842958971997275,7,"MA"
186374,4.437476190476191,"N",23749,4899,"23749_20221231",0.8433929331006057,4.322758064278089,42,19.892453001641,-0.11068858136594628,4,"CA"
271349,5.32056862745098,"SM",23764,5867,"23764_20221231",0.13061690978759447,3.9652090791720975,51,11.174157471367483,1.690758738004546,4,"CO"
644949,16.97234210526316,"NM",23772,2152,"23772_20221231",0.2568509320289335,1.1811307846089598,38,14.38748987901759,1.6313464647255405,5,"TX"
358349,5.513061538461538,"N",23798,3965,"23798_20221231",0.6804566110970479,1.7599376409638636,65,12.047696682042522,1.0225243230136067,8,"OK"
2146224,8.449700787401575,"SM",23799,27292,"23799_20221231",0.2211655633657343,2.1536354107997417,254,9.02012215823633,1.669765646272459,4,"TX"
124275,5.403260869565218,"NM",2379,1590,"2379_20221231",0.39684475888428067,2.2067240830150836,23,23.307566174748185,1.1179473918240044,8,"TN"
148675,5.506481481481482,"NM",23805,3044,"23805_20221231",0,3.108234957696922,27,18.598515965724285,0.6496211061586568,4,"CA"
903260,5.313294117647059,"NM",23806,11294,"23806_20221231",0.2924596404213909,1.9872967294755146,170,8.812949444174876,1.6035443811443142,4,"MT"
441576,5.017909090909091,"SM",2380,7502,"2380_20221231",0.27977519058718786,3.1025201134411944,88,8.782547079447072,0.9564968410747755,4,"TN"
327701,5.958200000000001,"NM",23815,3626,"23815_20221231",1.4044841081160162,2.1534223137142834,55,8.733366342761652,1.2000173791400142,8,"AL"
39252,5.607428571428572,"SM",23826,342,"23826_20221231",0,0.03066471958410707,7,31.0390543003922,0.00945876922494845,7,"WY"
361045,10.618970588235294,"NM",23864,5265,"23864_20221231",0,2.206733277368339,34,10.518885122293675,0.9025017411822032,4,"CA"
623090,7.69246913580247,"N",23886,8001,"23886_20221231",0.0008943243938157469,2.3037155541257217,81,8.739874867549723,0.9416256931659086,4,"TX"
242600,2.92289156626506,"SM",2391,4885,"2391_20221231",2.3993771895679252,3.1319035827432353,83,8.205445544554456,0.6403789498750618,7,"TN"
743590,6.699009009009009,"NM",23966,10406,"23966_20221231",0.7047677484547672,4.255656051852342,111,9.421158838175872,0.08355385204410798,4,"MA"
145583,5.599346153846154,"SM",23986,2622,"23986_20221231",0.06807635666453639,3.551767004084532,26,7.935027866553729,0.5045123585347348,4,"MN"
96392,2.142044444444444,"SM",23989,2233,"23989_20221231",0.7481446013885564,4.646599860716683,45,11.928597525966907,0.038573972368525306,8,"VA"
1659376,7.864341232227488,"SI",23992,24028,"23992_20221231",0.3182946461108202,2.6245467530783064,211,17.05535776433738,0.8801019167744508,4,"MA"
1087572,12.35877272727273,"NM",23998,11719,"23998_20221231",1.192739940932463,1.8391090368781053,88,15.295521511249003,1.2208849335771255,4,"CA"
362596,5.493878787878788,"NM",24015,6454,"24015_20221231",2.1181884963975226,3.349584618881435,66,10.914231073047022,0.11011215670835885,4,"MD"
29132,0.9710666666666667,"N",24038,2917,"24038_20221231",0,17.018924412217093,30,48.14523341083885,-0.13046583168534387,5,"TX"
41183756,17.032157154673286,"NM",24045,406490,"24045_20221231",0.3773463568470137,1.8965194061364303,2418,8.388959627813817,1.10373886253602,4,"CA"
95957,8.723363636363636,"NM",24064,735,"24064_20221231",0,1.441220741390763,11,9.697129869443415,0.8399503545667095,7,"TX"
107508,7.679142857142857,"N",24085,1503,"24085_20221231",0,2.5117648233144045,14,10.566921986866602,0.8420945650418235,7,"TX"
5916905,9.075007668711656,"NM",24156,90106,"24156_20221231",0.08799749985292026,2.6393449255967076,652,9.796733793184828,1.012241966128153,4,"FL"
7348419,11.7763125,"NM",24170,73545,"24170_20221231",0.16478175705619383,1.7979442997933779,624,11.07367781529746,1.5780133682554396,4,"CA"
182860,7.033076923076924,"N",24199,3234,"24199_20221231",0.49132288687290526,2.6899489193269552,26,11.041123697511566,1.3366630944092868,4,"MI"
181729,8.653761904761906,"N",24211,1509,"24211_20221231",0,1.534461640735631,21,11.750714644205381,0.6408767831855788,7,"CA"
115890,5.7945,"NM",24272,1712,"24272_20221231",0,2.704136388945975,20,9.007529567967017,0.619167312181524,4,"TX"
595511,6.268536842105263,"SM",2429,10689,"2429_20221231",0.11695374024364195,3.255771527624334,95,10.854946374154057,0.9510132670960936,4,"VA"
83120,4.889411764705883,"NM",24303,1358,"24303_20221231",0,2.7327792331187295,17,12.134426420140706,1.1025234790442107,4,"TX"
299543,6.6565111111111115,"N",24305,3828,"24305_20221231",0.29594709618280624,2.3008706711696103,45,11.208833892850206,1.2690620212317416,4,"TX"
581115,24.213125,"NM",24332,8726,"24332_20221231",1.395054173095322,0.4568303052303224,24,38.40844433809258,5.292194508192183,4,"CA"
3061875,4.65330547112462,"N",24347,43584,"24347_20221231",1.8051150057782481,2.4599254363773033,658,10.692440187301454,1.515126670706137,4,"TX"
630697,3.799379518072289,"NM",24353,12273,"24353_20221231",0.2083500659066535,3.7435516080898146,166,10.25916732982177,1.4239335848526995,4,"TX"
67694,4.835285714285715,"N",24367,1259,"24367_20221231",0,3.223268331500407,14,10.212383317632954,0.7465822626360166,8,"TX"
2894890,9.982379310344827,"N",24387,35854,"24387_20221231",1.1397147760628277,2.0972495014496504,290,14.881371184339118,0.8115251899087964,4,"NY"
880734,5.5742658227848105,"SM",2443,12835,"2443_20221231",0.25081552998485324,2.8667862093405714,158,12.237209559535112,1.0473442515232,4,"WV"
124521,4.016806451612903,"N",24443,1777,"24443_20221231",0.12623606143488322,3.063932785301493,31,9.616017914773103,1.16837505187934,8,"LA"
117184,5.580190476190476,"NM",2444,1387,"2444_20221231",0.4653868528214078,2.5518314047891706,21,14.473875274401443,1.2160938007417916,8,"WV"
602346,5.682509433962264,"SM",24472,8020,"24472_20221231",0.005093909866903412,2.2973117937863794,106,9.19906598520599,1.4671992031457182,4,"OK"
157479,3.8409512195121955,"NM",2448,2252,"2448_20221231",0.6627640095933156,3.2580499801120855,41,13.285266254971063,0.6924429890808083,4,"WV"
253832,5.518086956521739,"NM",24498,3380,"24498_20221231",0.033821871476888386,2.5028380431382558,46,9.564449908193259,1.5080229219484136,2,"TX"
2485002,20.203268292682928,"NM",24516,23397,"24516_20221231",0.9620663200068196,1.3618273132639556,123,8.337921853297201,1.0017214113807114,4,"NY"
276639,5.885936170212767,"NM",2452,3060,"2452_20221231",0.07538229592935602,2.2912949795814614,47,7.537780417725716,0.8987799557024223,7,"WV"
217111,5.049093023255814,"NM",2453,3160,"2453_20221231",2.731184737143029,2.909097594346104,43,9.173771852366546,0.6869979351357837,4,"WV"
1260196,13.848307692307692,"NM",24540,9529,"24540_20221231",0.03421668173611028,1.2327517583951726,91,17.394645747767846,2.4490506964624017,4,"NH"
266402,7.010578947368421,"SM",2455,3345,"2455_20221231",0.09636571329576153,2.1777876752116567,38,12.095548317046688,1.0037001785500594,4,"WI"
2184597,9.840527027027028,"SM",24563,21574,"24563_20221231",0.05810828027456939,1.691411289010216,222,9.716248851937817,1.4054933901827547,4,"TX"
415176,8.833531914893618,"NM",245,4604,"245_20221231",0,2.049610968883969,47,8.847933389357365,1.340407318882305,4,"IA"
547475,6.365988372093024,"N",24603,9000,"24603_20221231",0.47379285421145806,2.682402251256636,86,7.906727275643139,1.3394565633371605,4,"TX"
199666,5.396378378378378,"N",24677,2957,"24677_20221231",10.700276921543642,2.596534866336339,37,9.714088725141663,1.653843863908496,4,"OK"
175713,3.4453529411764703,"NM",2467,4022,"2467_20221231",0.08439609902475619,3.4281668398611393,51,8.991240757668677,0.35401512150304704,4,"WI"
607078,7.68453164556962,"SM",2468,6270,"2468_20221231",0.05516513563427913,1.7374110394661277,79,9.453509046348683,1.6860504256925701,4,"WI"
185709,4.7617692307692305,"NM",2469,2869,"2469_20221231",0.3397106693985436,2.6309828054139413,39,12.167310862744882,0.9699171721526002,4,"WI"
209026000,29.461028893587034,"SM",24735,1644000,"24735_20221231",0.18720790852402053,1.2903329522382951,7095,7.962574261136828,0.9569929993881674,9,"CA"
197241,7.044321428571429,"NM",2477,2728,"2477_20221231",0.3106966028289452,2.3619557232463824,28,11.446311633784871,1.7566604217289061,4,"WI"
944447,8.212582608695651,"NM",24823,14072,"24823_20221231",0.3711657930498932,2.3888264461566084,115,8.919826643378332,1.3467981092568277,4,"FL"
785072,11.377855072463769,"SM",24829,10343,"24829_20221231",0.018690961721868904,2.8853346491604905,69,16.517521732731936,0.6858959251134599,4,"PA"
255558,8.5186,"NM",2482,1774,"2482_20221231",0.0012284710449374707,1.1746530603336733,30,14.042119510485568,1.6290808865941455,8,"WI"
143406,5.515615384615385,"NM",24865,2286,"24865_20221231",0.07452700757126644,2.667825908784443,26,10.979249523242379,1.3401429578118011,4,"NM"
192197,17.472454545454546,"NM",24867,1877,"24867_20221231",11.12146918989466,2.3126259849734287,11,29.92530242601855,3.7864865572397184,7,"DE"
2057791,9.065158590308371,"N",24897,25239,"24897_20221231",0.171442350198931,2.062872370013138,227,9.137192105464443,1.6770762509965387,4,"TX"
198557,6.2049062500000005,"NM",248,3301,"248_20221231",0.08410479820899135,2.48073758717058,32,11.068716647947422,1.1298874291534986,4,"IA"
90593,7.549416666666667,"N",24902,759,"24902_20221231",0.1085972850678733,1.9343909027669577,12,8.351689093407193,0.8141338910113913,7,"TX"
1017597,5.848258620689655,"SM",24919,17858,"24919_20221231",0.07969432532461955,2.9651149995386406,174,8.95293693360102,0.9588594962928743,4,"NC"
3104798,12.080926070038911,"NM",24920,29772,"24920_20221231",0.1046997162575737,1.8216424385583407,257,13.982627086444207,0.888401104484289,4,"NY"
597227,5.97227,"NM",24922,7759,"24922_20221231",1.33808965313089,2.000966285790141,100,8.718086337224252,1.1830936374056373,2,"UT"
44515,,"NC",24938,0,"24938_20221231",0,26.401472603925956,0,101.15386394117377,18.75145355310232,7,"NY"
449571,5.6196375000000005,"NM",24961,3893,"24961_20221231",0.327882460363576,2.509473315432853,80,14.997165116230235,1.3126971192362615,5,"TX"
172174,2.9685172413793106,"SM",24966,3360,"24966_20221231",0.9481558803061934,3.064706990066002,58,8.283320219847118,0.8648367155733379,4,"MT"
291556,10.79837037037037,"N",2496,2360,"2496_20221231",0,1.9719000581908146,27,6.787430351893496,0.9325169540219369,5,"CT"
31679817,7.177122111463525,"SM",24998,506811,"24998_20221231",0.14800011895932663,2.4658543542462072,4414,8.860851974893684,1.38024525457578,4,"MO"
81987,4.099349999999999,"N",25054,1642,"25054_20221231",1.001199784866162,3.6576702272683637,20,10.264185099281551,-0.1322692062354264,8,"WY"
82877,6.375153846153846,"N",25065,1653,"25065_20221231",0.8937234121949399,3.1665547683705277,13,16.019121236777867,2.189532331927089,8,"LA"
2187455,13.502808641975308,"NM",25093,22177,"25093_20221231",0.06162778671364834,1.7001938569556034,162,10.154835772425441,1.3511990530036404,4,"NY"
3942106,6.188549450549451,"NM",25103,86221,"25103_20221231",0.28432771252236827,3.5950356253872737,637,10.324018467526058,1.6182798712648137,4,"TX"
189617,6.320566666666666,"N",25122,2208,"25122_20221231",0,1.659928420556359,30,10.753711090292734,1.2843514913631338,7,"FL"
596976,5.282973451327433,"NM",25158,9785,"25158_20221231",0.15485149741398,2.965062231632973,113,12.996639704849036,-0.13798430535215514,4,"HI"
136081,9.072066666666666,"N",25161,1072,"25161_20221231",0,1.4753551480226257,15,14.561985429129894,1.4495235171167768,2,"OK"
343097,7.299936170212765,"NM",25173,3313,"25173_20221231",0.04611347574833754,1.9968764587571532,47,9.47360557024818,1.2150306495083207,4,"KY"
18204000,,"N",25178,0,"25178_20221231",0.7511881036332976,0.4081863593009909,0,12.173866836707582,1.2770979162288432,5,"CA"
81330,9.036666666666667,"NM",251,793,"251_20221231",0,1.947109066178741,9,13.80986876932936,1.0284206470118382,2,"IA"
982653,7.61746511627907,"N",25247,26843,"25247_20221231",0.4886160736468647,4.30626836820244,129,17.161456712558813,0.6307614234707415,4,"LA"
731074,14.334784313725491,"N",25249,6994,"25249_20221231",0,1.8189291306326558,51,9.74090861735268,1.1535173447933855,4,"CA"
535219,6.607641975308643,"N",25258,9242,"25258_20221231",1.0079872816426603,2.9142240055675703,81,9.454525781254372,0.20669850355190217,4,"FL"
23537,7.845666666666666,"NM",25260,325,"25260_20221231",3.9832285115303985,1.9583769248726839,3,9.769628186668927,0.246418288560139,7,"IA"
415445,7.989326923076923,"NM",25267,5350,"25267_20221231",1.5170770769175608,2.129843619568118,52,9.287366926729744,0.7920744740279098,4,"IA"
477602,5.61884705882353,"NM",25291,7751,"25291_20221231",0.1512799664917338,2.7810072370129295,85,9.193752638243986,0.8271303954111004,2,"NE"
285368,10.191714285714285,"SM",252,2372,"252_20221231",1.0424311250863783,1.590129708040179,28,16.490174672489083,1.770228295340931,4,"IA"
190177,5.94303125,"SM",25328,2691,"25328_20221231",0,2.2722347692003213,32,11.14580751755473,1.6371614351404737,4,"TX"
2036937,20.78507142857143,"NM",253,10787,"253_20221231",0.01211502294559974,0.9264737385118512,98,9.944548382930256,1.7261034302225677,2,"IA"
269150,13.4575,"NM",254,2073,"254_20221231",0,1.2216422840338519,20,10.606181383383456,1.4758908435981906,2,"IA"
58203,4.477153846153846,"NM",25591,950,"25591_20221231",0.6233226560470955,2.7206645898234685,13,14.648440779861962,0.5036344755970924,2,"NE"
1251146,1.1446898444647757,"N",25620,161020,"25620_20221231",3.07696035854719,82.29351866817521,1093,49.1451054656438,41.21564416941821,3,"NV"
654463,7.271811111111111,"NM",25621,8602,"25621_20221231",0.07468468796066047,2.2184077872414396,90,9.104500719459404,1.0837513347073577,4,"TX"
148117,7.795631578947368,"N",25644,3278,"25644_20221231",0.13407052346827394,3.798103599694238,19,13.097817470802728,0.5775083457393078,4,"CA"
863439,8.465088235294118,"N",25665,9631,"25665_20221231",2.56872212928097,2.050109048597033,102,8.18584359348915,1.4897093036424038,8,"KS"
23537,,"NC",25677,0,"25677_20221231",0,38.717471382738545,0,86.46818447168711,6.939438349110786,7,"DE"
3892731,8.728096412556054,"NM",25679,20695,"25679_20221231",0.0031883610107594925,1.6079750918431748,446,8.95165054015414,1.853746810929492,4,"TX"
160099,5.336633333333333,"NM",25703,2426,"25703_20221231",0.5791254055795473,2.491930947742476,30,12.98760158689754,2.219140250629471,2,"OK"
359341,10.266885714285715,"NM",25726,5003,"25726_20221231",0.0810061148584757,2.231972688800906,35,12.449335379166598,2.5780926121203187,4,"CA"
814463,5.429753333333333,"N",25738,16734,"25738_20221231",0.001877860536419398,3.831703711965485,150,10.95682368782004,0.2359373940124988,4,"OK"
99454,5.234421052631579,"SM",25744,1906,"25744_20221231",0.5801504802689027,3.867838888763094,19,10.161912555529577,-0.28509616077365013,2,"KS"
151014,5.0338,"N",25749,1807,"25749_20221231",2.918247969984971,2.9250767759672733,30,22.379241308700102,0.2828417552277071,4,"NY"
114688,7.168,"NM",25750,1146,"25750_20221231",0.4281287697802587,1.9832841181854288,16,13.160118689903847,0.9575368250185636,2,"OK"
299488,8.09427027027027,"NM",25752,2014,"25752_20221231",0.06479299108861615,1.5021257018696201,37,9.576850400721538,2.111498190243389,4,"TX"
504548,10.511416666666667,"NM",25795,4848,"25795_20221231",0.05738997356583036,1.8801639011066327,48,9.221654279781495,1.0109657564664836,4,"GA"
88392,2.5254857142857143,"NM",25796,2400,"25796_20221231",0.6037321624588364,5.818872323224728,35,9.158507573312292,1.183280377521668,4,"GA"
177865,11.857666666666667,"NM",25803,2133,"25803_20221231",0.09942184941349463,2.05034633031586,15,17.459329306565962,1.4537015713298729,6,"CA"
16995,0.7725000000000001,"NC",25824,5351,"25824_20221231",0,103.5745434024215,22,45.84224353882813,22.27837061358506,7,"NY"
331815,10.055,"SM",25849,3701,"25849_20221231",0,3.4331040971548066,33,13.480457753858952,1.105391537024498,8,"MO"
139199,5.353807692307693,"SM",25851,2023,"25851_20221231",1.6917053628334697,2.544667576977825,26,9.794920756158106,0.8059442738818973,2,"KS"
4976744,6.798830601092896,"SM",25858,61853,"25858_20221231",0.5368826385603176,2.4976519523671277,732,10.769688330884716,1.2971065584001564,4,"KS"
228142,5.431952380952381,"NM",25869,3797,"25869_20221231",0,2.6573403686639296,42,11.509097141534339,1.0636634387057124,4,"CA"
573144,12.459652173913044,"SM",25883,6073,"25883_20221231",0,1.5608316703337939,46,19.075110317169255,2.5228129424005186,4,"IL"
820297,4.250243523316063,"NM",25886,13339,"25886_20221231",0.27763885809741334,3.1937277599195215,193,8.93241456018734,0.8813121294343511,4,"TX"
421466,5.4735844155844156,"N",25894,6616,"25894_20221231",0.7495716105976947,5.887642020489985,77,14.196686317629279,1.3210418024039952,4,"SD"
7488838,7.200805769230769,"NM",258,100686,"258_20221231",0.2905813623974854,2.419880477097974,1040,8.94543871399866,1.2505449772382295,4,"KY"
449668,,"NC",25927,,"25927_20221231",0,0,,0,0,7,""
145654,5.022551724137931,"NM",26021,1696,"26021_20221231",0.5865250916445456,2.108251023052283,29,16.31038704209436,0.9997473611398201,8,"AL"
421888,,"NC",26028,,"26028_20221231",7.785045433349717,0,,0,0,4,"NY"
430577,11.040435897435897,"N",2608,4224,"2608_20221231",0,1.8062166793602439,39,9.909730266238583,1.0272277227722773,5,"MA"
114230,5.7115,"N",2616,2077,"2616_20221231",0.030463424850538823,3.3638752403707097,20,10.269965650493775,0.7809309117171189,4,"MA"
756138,6.5184310344827585,"N",26181,11464,"26181_20221231",0.20961191087005476,2.385738935199273,116,10.26304354280193,1.2482341403452077,4,"TX"
415343,2.945695035460993,"SM",26185,15667,"26185_20221231",0.18983605068350062,5.320375467404547,141,9.278634160119015,0.37446102527575276,2,"NE"
169266,1.3650483870967742,"SM",26189,33311,"26189_20221231",0,28.138054074525293,124,20.340686993824423,7.202484024265322,8,"PA"
406872,5.150278481012658,"SM",26217,4646,"26217_20221231",0,2.0548105994285755,79,9.355170703174167,1.1453924607549026,2,"KS"
264042,5.38861224489796,"N",26219,4042,"26219_20221231",2.328687264825905,2.549176214801923,49,13.91150908034765,1.777542043624392,2,"TX"
1530912,10.705678321678322,"N",26223,18880,"26223_20221231",0.005319879596038516,1.989670833885105,143,13.427224140799687,1.7644048202775202,4,"TX"
135095,4.22171875,"N",26228,2559,"26228_20221231",0.3593027392387051,2.998306892150703,32,9.001051679377523,1.6155260880081415,2,"TX"
70783,2.83132,"N",26260,1326,"26260_20221231",0.07819372495357248,3.739100612763323,25,7.917892899924578,0.4734575451226286,4,"OK"
239807,8.88174074074074,"NM",26271,3355,"26271_20221231",0,2.2403545557487985,27,11.464517069716095,2.3130464306934897,4,"CA"
1164741,12.524096774193548,"N",26299,12660,"26299_20221231",0,1.8140766978594312,93,10.659919672845612,1.0598375744686335,4,"FL"
195676,4.348355555555556,"NM",262,2999,"262_20221231",0.47936326087611925,3.0001058026769165,45,8.729657798676639,1.049846149818772,4,"KY"
6685012,37.768429378531074,"SB",26312,26706,"26312_20221231",0,0.7249410276334275,177,7.428285652187502,1.1339435838517347,5,"CA"
444412,3.3165074626865674,"N",26323,16494,"26323_20221231",0.36254710487323977,5.291312844320723,134,15.146517793531961,0.4914228821653949,4,"FL"
1116398,6.891345679012345,"NM",26333,14194,"26333_20221231",0.25355253645901416,2.2664513251381893,162,9.21155606487272,1.2969232597377403,4,"NY"
1866085,14.030714285714286,"SI",26336,17872,"26336_20221231",0.08031168106497674,1.8208402711226181,133,9.612250205904028,0.8201601271557563,4,"MA"
153244,6.965636363636364,"NM",26340,1654,"26340_20221231",0.01395147676381545,1.7194464171623915,22,11.757940854326398,0.8813594699370512,2,"KS"
6097782,26.170738197424892,"N",26342,27667,"26342_20221231",0.2996791399838057,1.270970688193381,233,9.518900700855179,1.2130501288166367,5,"GA"
206417,4.914690476190477,"N",26351,5714,"26351_20221231",1.8419097784981093,20.300785856124467,42,15.567387288214105,1.2917131697618047,4,"TX"
176889,7.07556,"NM",26358,2965,"26358_20221231",0.03323512503592987,2.256452658388073,25,5.696980337078652,0.8166306838771583,8,"MO"
330579,6.481941176470588,"NM",26363,4662,"26363_20221231",0.05168517717197942,2.541814416167195,51,18.120880557163396,0.8777104841999561,4,"CA"
348663,4.413455696202532,"N",26379,5497,"26379_20221231",0.6707533492549524,3.0180170514483753,79,11.573110564538428,1.021857425951583,4,"MS"
1466260,6.516711111111111,"N",26381,21783,"26381_20221231",0.26622271767190797,2.582866982350409,225,8.801167840805709,1.012388851200412,4,"LA"
122878,15.35975,"NM",26392,1186,"26392_20221231",0,7.7490799476015395,8,95.27544751965124,3.239949332618708,7,"DE"
392259,6.881736842105264,"SI",26393,5496,"26393_20221231",0.5169198179459824,2.9247459047171427,57,12.702576512169653,0.6891672009543102,5,"MA"
1214701,13.496677777777778,"SI",26395,13544,"26395_20221231",0.17147520522298498,1.8863430885536083,90,18.912533988111946,1.9034725091120273,4,"MA"
765250,7.808673469387755,"SM",26397,9299,"26397_20221231",0.35453965847018076,1.9582764864683608,98,11.332068092071406,0.7065610707997466,5,"MA"
469233,15.136548387096774,"N",26398,4972,"26398_20221231",0,1.5126834894423205,31,11.30891617641563,1.3289173483633554,4,"FL"
978255,4.636279620853081,"NM",26403,17796,"26403_20221231",0.11604781626237642,3.7296206866642976,211,12.519004913734216,0.8223538485787059,4,"ID"
557992,8.584492307692306,"SI",26411,7296,"26411_20221231",0.06455320137420073,2.1689635704040677,65,9.851932156969031,0.14833197469843465,5,"MA"
63493,3.7348823529411765,"NM",26416,1146,"26416_20221231",1.2395736793327155,3.352230712349026,17,10.656136659810649,0.9629447046257498,2,"OK"
705339,6.241938053097345,"N",26442,9871,"26442_20221231",0.16075858858757985,2.440118651575408,113,8.89856753530485,0.5588595965354604,4,"FL"
1063625,16.115530303030305,"SI",26444,10012,"26444_20221231",0.07347020144946852,1.8808807423719633,66,13.888536880161439,0.5944530149047502,4,"MA"
153836,9.61475,"SM",26450,1887,"26450_20221231",1.4445874346399545,2.0994630073860168,16,14.131853997908317,0.5646570182319792,8,"MA"
1392664,8.70415,"SI",26451,18095,"26451_20221231",0.07460226097938519,2.407740015913373,160,9.330187689290458,0.6917697918195992,4,"MA"
689291,8.72520253164557,"SI",26455,8941,"26455_20221231",0.47189727053676106,2.3448846112113975,79,11.349432658177093,0.7643773963062296,4,"MA"
8785,,"NC",26474,0,"26474_20221231",0,10.985531251522387,0,103.15953868332532,13.165586788132705,7,"CA"
3592881,11.665198051948051,"SM",26483,47466,"26483_20221231",0.42682932895505243,2.2804682131852947,308,10.487458825773416,0.9589800241893262,4,"MA"
1616227,9.131225988700566,"SI",26484,21504,"26484_20221231",0.4882792973576932,2.1622109203590067,177,11.417044640433112,1.1105298586495311,4,"MA"
566973,14.920342105263156,"SM",26487,5893,"26487_20221231",0.5729292996880253,1.970001292619145,38,19.74062885436963,0.9543719646532586,4,"MA"
451321,6.182479452054795,"N",26499,7412,"26499_20221231",0.2046904996627406,2.759569228220398,73,8.985923585176673,1.1504354420761826,4,"MN"
126126,8.4084,"SI",26512,1477,"26512_20221231",0.23546501411618614,2.292502603434065,15,9.362661239976974,0.48942915286805483,5,"MA"
118073,6.214368421052632,"SM",26513,1582,"26513_20221231",0.16741411148765195,2.37260398216275,19,9.855957153074634,0.42391400789334455,5,"MA"
300926,6.998279069767442,"SI",26516,4450,"26516_20221231",0.4818359162417636,2.782101042135087,43,7.786691676562668,0.3109890667682803,5,"MA"
1465307,9.101285714285714,"SI",26517,18223,"26517_20221231",0.11342460665595122,2.225477763148628,161,10.087855652580334,0.6913300816658016,4,"MA"
52276,7.468000000000001,"NM",26519,524,"26519_20221231",1.1263987352715954,1.5491945406628036,7,15.250100847115771,2.2638950364862724,2,"MN"
107356,3.4630967741935486,"NM",26520,1796,"26520_20221231",1.6320971667150415,2.4750120732296255,31,11.072309525789196,2.070741808496627,8,"MO"
448111,8.454924528301886,"NM",26522,4872,"26522_20221231",2.796577395339843,1.6831680378412244,53,11.99683406363991,1.6155407506065322,2,"KS"
1350307,9.002046666666667,"SM",26523,17174,"26523_20221231",0.7376869614765998,2.2543857856993044,150,9.97748061700575,1.0025534909541631,4,"MA"
505325,6.1625,"NM",26530,9929,"26530_20221231",0.4956437987951109,3.1344549395820644,82,10.064630774536605,1.3570772232938486,4,"AK"
359522,6.4200357142857145,"SI",26536,5534,"26536_20221231",1.4511413488925666,2.921170474044639,56,8.506326924739861,0.6325936454743472,4,"MA"
225251,2.5309101123595505,"NM",26539,2582,"26539_20221231",1.3246205597849705,2.302835755042215,89,13.30980648780032,1.065651617920895,7,"FM"
236986,5.924650000000001,"N",26542,5171,"26542_20221231",2.0116849068879112,3.1169893493544354,40,10.05675851275534,2.415626804830295,4,"TX"
1154848,7.309164556962025,"N",26543,20248,"26543_20221231",0.04337351422084155,2.940602490020479,158,9.715157875018877,1.2852190592086274,4,"TX"
186150,10.950000000000001,"SM",26554,1426,"26554_20221231",0.00704515947221691,1.4185173969722547,17,11.179039301310043,0.7259029222961727,5,"MA"
860247,11.028807692307693,"SI",26555,11561,"26555_20221231",0.160963310129345,2.4029923667855955,78,16.04143267535206,0.8258245322273057,4,"MA"
722191,8.597511904761905,"SI",26559,10710,"26559_20221231",0.030087150746824276,2.807996930021753,84,9.791653954371334,0.39836487327256953,4,"MA"
525921,6.413670731707318,"NM",26564,7381,"26564_20221231",0.31688999433475823,2.591003026604813,82,9.302816118182621,1.6434984919458078,2,"LA"
88912,9.879111111111111,"SI",26567,1186,"26567_20221231",0,2.2507041121937506,9,24.661445402428566,0.04463468740096679,5,"MA"
154430,11.030714285714286,"SI",26576,1631,"26576_20221231",0,1.980790891237141,14,11.238417470875465,0.27877334726783365,5,"MA"
97323,5.1222631578947375,"NM",26588,1619,"26588_20221231",0.6959751200217398,3.1334163626084544,19,8.33289103550767,0.6143749126419373,4,"SC"
1355003,13.028875,"SM",26590,9549,"26590_20221231",0.3127734253215733,2.321104786951805,104,9.333400807955892,0.9178775634146424,4,"MA"
932279,8.475263636363636,"SM",26591,13064,"26591_20221231",0.20968183061354728,2.526207579969452,110,11.083259217224766,0.7085950537506495,4,"MA"
307961,6.15922,"SM",26602,4992,"26602_20221231",0.33074896989348207,2.770033751531229,50,7.248740399245607,0.3523207710142292,5,"MA"
19159409,12.321163344051447,"NM",26610,208482,"26610_20221231",0.7034071851772998,1.7236630456996895,1555,10.939896219042021,1.2573031966491133,4,"CA"
795668,7.95668,"SM",26620,9450,"26620_20221231",0.2765238236547232,2.4361203161751668,100,8.813190710385364,0.796557929883777,4,"MA"
15286,1.1758461538461538,"NC",26622,3235,"26622_20221231",0,56.603536306245125,13,77.8177165834044,6.728036419427048,7,"NY"
1132317,22.64634,"SM",26626,8209,"26626_20221231",0.43381253297152716,1.2840233159533845,50,13.058348574212342,1.408226283413731,4,"TX"
751976,6.372677966101695,"NM",26627,11196,"26627_20221231",0.12803035660721993,2.5686944905530606,118,7.6487809286125295,1.0029560950447383,4,"TX"
388440,7.3290566037735845,"N",26633,9159,"26633_20221231",0,3.6519731885208717,53,14.49154265437824,0.06035501612023115,7,"NY"
639977,6.666427083333333,"SI",26634,11009,"26634_20221231",0.022146998795279635,2.5644768947525707,96,13.239729846189011,1.387362971586432,4,"MA"
5175518,9.17645035460993,"SI",26647,67750,"26647_20221231",0.31841835451608536,2.31488401306457,564,10.555872660791582,2.0256771091637717,4,"PA"
101175,6.3234375,"NM",26653,1197,"26653_20221231",0,2.2165635745721763,16,8.587073677727307,1.305276243370861,8,"TX"
52313,4.359416666666667,"NM",26658,847,"26658_20221231",0,3.3851086047649686,12,11.839106654512307,1.6048921273586905,4,"TX"
239870,4.135689655172414,"SM",26677,7190,"26677_20221231",0,6.715740618684582,58,15.097299518171292,1.4253700698839125,4,"OK"
146810,3.967837837837838,"NM",26687,2366,"26687_20221231",1.0398796231514582,3.22807141201523,37,9.022144483680407,0.7678784190244081,4,"FL"
298115,17.536176470588234,"NM",26689,991,"26689_20221231",0.7928334997110282,0.492315073515211,17,46.318576529784124,2.051933988443302,4,"WI"
411957,6.3378,"NM",26703,5318,"26703_20221231",0.11508906122738058,2.451897775552903,65,13.154594311445106,1.2335220198441732,4,"KY"
363166,4.0805168539325845,"NM",26704,7053,"26704_20221231",0.314540059347181,4.285714285714286,89,15.093848976777346,1.0705049261083743,4,"CA"
83043,3.7746818181818185,"NM",26708,1872,"26708_20221231",5.44454370210165,4.650040374602055,22,7.033739693459457,0.5487697348270388,4,"TX"
2058437,9.89633173076923,"NM",26725,19030,"26725_20221231",0.08844188783229665,2.4982422973624367,208,8.08927574631709,0.6291658246188125,9,"FL"
155610,2.7300000000000004,"NM",26727,3938,"26727_20221231",0.0025493728542778475,4.785531500613232,57,13.35777325186694,1.7710341751807746,4,"TX"
419295,2.541181818181818,"NC",26732,28038,"26732_20221231",0,48.116043348430935,165,61.02828125075783,0.6770089066268918,7,"CA"
123019,5.591772727272727,"NM",26738,1157,"26738_20221231",0,2.0925778574020466,22,10.330189432023108,1.0064225542792893,7,"TX"
25199,3.149875,"NM",26755,638,"26755_20221231",0,4.948941409361949,8,17.23718364698248,0.5753647329583403,5,"MN"
643520,8.357402597402597,"NM",26760,7201,"26760_20221231",0.04307710992443478,1.9050047105395218,77,8.985114547464454,1.4819747329431894,2,"IA"
385677,8.205893617021276,"N",26790,6094,"26790_20221231",0.1561398902875461,3.3124081819119966,47,26.443025195329646,-0.20262302609228017,4,"NJ"
111569,11.1569,"NM",26798,1956,"26798_20221231",0,2.5343086308789387,10,16.38375852101325,1.4112514657382007,4,"UT"
405902,5.138,"NM",26799,7124,"26799_20221231",1.7643946259252277,2.595251997211422,79,28.6182008155978,2.6511504836073416,4,"AL"
267317,4.2431269841269845,"NM",267,4267,"267_20221231",0.29814681294697665,2.5903826543000044,63,16.747693110923624,1.6738090613315202,8,"KY"
10835,0.9850000000000001,"NM",26816,979,"26816_20221231",0,13.605102329686433,11,11.106163163519772,-1.432116034703835,6,"UT"
285077,5.70154,"N",26829,6354,"26829_20221231",0.20148966516492722,3.3636161914434215,50,9.917840164391647,0.6603483737721147,4,"FL"
76785,5.484642857142857,"N",2682,875,"2682_20221231",1.3033622969399319,2.770201386701966,14,9.825671504143664,0.6298338412925473,8,"KY"
134921,7.101105263157894,"NM",26847,1665,"26847_20221231",0.7269220784037385,2.1647119640722434,19,8.7223971156558,1.3108277138518487,4,"MD"
1920444,5.305093922651934,"NM",26856,25487,"26856_20221231",0.2521836118158381,2.125465815543647,362,10.970034682708782,1.4508883178347598,4,"TX"
162064,8.1032,"SM",26871,2787,"26871_20221231",0,4.049675674761683,20,12.988097179194522,0.3648415053061352,4,"VA"
9768688,35.01321863799283,"N",26876,87543,"26876_20221231",0.018605475325595817,2.913656465541051,279,9.694377063593555,0.33965293774322397,9,"NY"
9123708,11.153677261613693,"N",26881,173135,"26881_20221231",0.17016823024650607,14.557780152101559,818,15.258707887262801,1.8377409615544806,6,"UT"
290367,6.0493125,"SM",26891,3827,"26891_20221231",0,2.8486087899350054,48,12.84008298321159,1.879056248216246,5,"MN"
2627954,5.879091722595079,"SM",26906,36138,"26906_20221231",0.018238745174332004,2.697722480856082,447,8.689019004641088,0.9246628071342546,4,"TX"
653333,8.06583950617284,"NM",26912,8138,"26912_20221231",0.19044806523448918,1.9577281822679669,81,9.031589499481862,1.0544191159087197,4,"SC"
698088,5.02221582733813,"N",2691,10512,"2691_20221231",0.6499449536416814,2.855585691508787,139,9.281004727016203,0.7323370654410389,4,"KY"
560585,7.2803246753246755,"SI",26922,9799,"26922_20221231",0.1650736339693099,2.862453208992476,77,8.805612463930355,0.4320185756668272,4,"MA"
43463,6.2090000000000005,"NM",26941,545,"26941_20221231",0.32135280169724195,2.9933762607029935,7,9.161376545272303,1.3593667059013592,2,"MT"
296189,7.404725000000001,"SM",26944,4078,"26944_20221231",0.21461803992195708,2.5718908411972645,40,9.621013788954722,1.7590480661027672,2,"IA"
369148,6.05160655737705,"NM",26955,5693,"26955_20221231",0,2.4558227554719476,61,16.181628850158937,1.7861040542030544,4,"TN"
329165,3.783505747126437,"N",2695,5004,"2695_20221231",0.5921809221994994,2.5322983551239173,87,11.03937322040661,1.2961075041882038,8,"KY"
537950,3.091666666666667,"NM",26960,15927,"26960_20221231",2.1402987134370863,4.256374230340096,174,10.759901210300903,1.8582895987437498,4,"MO"
4267402,7.606777183600713,"NM",26962,57066,"26962_20221231",0.027526446294604566,2.3183802408435885,561,10.738783416992694,1.3351583987134965,4,"TN"
1166483,5.662538834951456,"N",2700,15884,"2700_20221231",0.8046053154561593,2.8605867702067633,206,8.222212591757952,0.7715038184055644,4,"KY"
21946,2.4384444444444444,"NM",27010,887,"27010_20221231",9.375,8.268336251569657,9,7.830867563581102,-7.304433950584531,7,"CO"
221472,7.6369655172413795,"SB",27015,4939,"27015_20221231",0.11765401124965752,4.67436744878305,29,11.307680829634052,-1.7236473472246543,5,"MA"
227206,6.311277777777779,"N",27026,4085,"27026_20221231",0.5095310335729833,3.4519319683758494,36,11.405526473647187,0.5800020333961103,4,"CO"
202453,7.230464285714286,"SM",27043,2723,"27043_20221231",0,2.3348005912647385,28,14.255978653398603,1.197556432866305,4,"TX"
1942679,4.692461352657005,"N",27046,29995,"27046_20221231",0.5976011853083113,2.645103586954272,414,8.774855310028792,0.8960747701848369,4,"KS"
2130380,24.48712643678161,"N",27052,13740,"27052_20221231",0.23042353492466433,1.5368747138730396,87,9.619237901262407,1.1918425799036958,4,"IL"
47553,2.9720625000000003,"NM",27053,1014,"27053_20221231",0,3.3350641051244163,16,12.22774168895682,0.5491872029396493,4,"WI"
3376883,14.746213973799128,"NM",27054,44304,"27054_20221231",0,2.563983668400522,229,11.642174285048934,0.847537495959424,9,"NJ"
2054921,23.351374999999997,"NM",27074,11665,"27074_20221231",0.553766507645597,1.218588063769398,88,14.994380707831438,4.783779046290966,4,"TX"
670405,10.990245901639344,"NM",27086,5498,"27086_20221231",0,2.187519894661166,61,7.641989190101678,1.3532251477833661,7,"FL"
191454,5.038263157894737,"N",2708,2674,"2708_20221231",0.47712814298697365,2.995619644313336,38,9.386177096900909,0.5581277210118935,4,"KY"
74965,0.2828867924528302,"NC",27102,41315,"27102_20221231",0,84.57141601500805,265,90.75772511035872,26.877999071609658,7,"WI"
398189,4.855963414634147,"NM",2710,5750,"2710_20221231",1.6340074436123941,3.2271777478512766,82,9.078119370879648,1.0101536002421794,4,"KY"
321531,4.871681818181818,"NM",27118,4693,"27118_20221231",0.005187050815807825,2.832166230715514,66,9.233260999465358,1.3727912522830183,8,"AL"
2145608,8.38128125,"NM",2711,21400,"2711_20221231",0.08446898487102925,1.5506511806721983,256,9.78724980739823,1.5935483394203438,4,"KY"
1300337,11.113991452991453,"SM",27132,11733,"27132_20221231",1.5095186598379888,1.7473735559997743,117,10.113072617053,1.3497299867068306,4,"CA"
131130,3.362307692307692,"SB",27153,2136,"27153_20221231",0.306866677133437,2.9716066337580473,39,10.18756840397026,1.189387417070577,8,"GA"
696971,5.1627481481481485,"SM",2718,8454,"2718_20221231",0.17648628126988036,2.3437203297773284,135,11.55993907168632,0.8751074356658667,4,"KY"
87826,5.166235294117648,"NM",27201,1428,"27201_20221231",2.4173595619549784,2.9489095787786566,17,7.064859740114884,0.9792180662356607,5,"OK"
593503,14.47568292682927,"NM",27205,3623,"27205_20221231",0.0664232917257834,1.8052069481237016,41,7.655117394250813,1.292394000510003,7,"FL"
5351295,5.747900107411386,"SM",2720,63007,"2720_20221231",0.4127083659644056,2.0270548469663563,931,12.975989278298558,1.5027220429644097,4,"KY"
4075196,8.037861932938856,"SM",27210,43683,"27210_20221231",0.9877010692136342,1.8753840723652357,507,10.014870639723286,2.73467725544516,4,"OK"
783711,1.530685546875,"NM",27211,53263,"27211_20221231",3.270902457831495,6.591790269028055,512,12.720314824410941,0.08393252927984314,4,"TN"
146469,5.0506551724137925,"SM",27219,2388,"27219_20221231",0,3.2425785786393617,29,12.059952878466284,0.49868308196771083,4,"KY"
405962,4.8911084337349395,"NM",27233,6091,"27233_20221231",0.1963250574209778,2.2481787057626064,83,8.83693128043588,1.2944854158140902,4,"AL"
2993588,6.493683297180044,"NM",27235,40148,"27235_20221231",0.16331384475367394,2.560726282468682,461,9.029412222634528,0.8341491049810073,4,"IN"
13020948,11.741161406672678,"NM",27237,142258,"27237_20221231",0.170624106754665,1.9982931730532978,1109,10.45082219250342,1.6082765530423284,4,"MO"
773352,13.809857142857142,"SI",27238,7191,"27238_20221231",0.5148422918030993,1.4764519964396965,56,12.993214798288106,0.5887824096284224,5,"MA"
137793,5.741375000000001,"N",2723,1450,"2723_20221231",0.0013316820475943163,2.05947729032792,24,12.87234115618926,1.1512973155116253,4,"KY"
220634,12.257444444444445,"NM",27254,1622,"27254_20221231",0,2.01523241475179,18,10.971583486928047,1.3125170830187352,4,"GA"
610873,5.221136752136752,"N",2725,7254,"2725_20221231",0.4978148420547171,2.339331459553509,117,8.282522040389225,1.5401199275861943,8,"KY"
778489,9.7311125,"NM",27267,9111,"27267_20221231",0,1.684705198414412,80,14.30091997081368,1.7413299792588144,4,"NY"
439231,6.365666666666667,"SI",27269,7360,"27269_20221231",0.15952620716472077,2.988539400089466,69,8.21070067914527,0.6814178022496985,5,"MA"
895584,18.658,"N",27290,4285,"27290_20221231",0.2632036315325904,1.6181698993912512,48,10.513407222807574,1.4186100726566733,4,"NY"
96300000,10.028116213683225,"SB",27314,1355000,"27314_20221231",1.7381015290238833,4.762415819269673,9603,12.848142011334735,3.2453739726149915,3,"UT"
11353376,23.60369230769231,"SM",27330,76892,"27330_20221231",0.5632477075362846,0.830172956147939,481,5.119847223993598,-4.932850026238837,9,"CA"
5972192,11.440980842911877,"NM",27332,59660,"27332_20221231",0.5473754189211305,2.1936609105470697,522,5.271861263377119,0.19742638991493847,4,"PA"
90141,6.0094,"SM",2733,861,"2733_20221231",0.11143539400371451,1.917463911146713,15,9.663014869637594,1.4222090047654794,8,"KY"
169842,3.692217391304348,"SM",27351,4778,"27351_20221231",0.16396400637027622,6.843962531836699,46,17.1109788910009,0.9362799466437067,4,"KS"
186552,4.5500487804878045,"N",2735,3131,"2735_20221231",0.15157205708767035,3.179401471643934,41,9.015761405854853,0.9023914213926777,4,"KY"
843382,6.487553846153847,"NM",27362,11349,"27362_20221231",0.29707669139566467,2.0700977197487904,130,10.676286736409859,1.1920607547289754,4,"IL"
886967,6.875713178294574,"NM",27381,9204,"27381_20221231",0.0258856520929138,1.5773307909798167,129,10.966185980502445,1.3761888808494205,4,"AL"
103572,10.3572,"SI",27385,1855,"27385_20221231",0.20869108948673915,2.553294656884923,10,16.98416187954617,1.0509074456935703,4,"PA"
17664869,,"N",27389,0,"27389_20221231",0.4540127142184552,0.32528479940910554,0,9.671571603351481,0.5657374831993739,5,"NV"
624296,5.335863247863248,"N",2738,8357,"2738_20221231",0.1265407030774597,2.5333470216605063,117,10.639757750829872,0.9821268799863201,8,"KY"
824264,4.338231578947369,"NM",27394,13866,"27394_20221231",2.633519736002151,2.820383374103182,190,13.460563702913067,1.5977880012872319,4,"OK"
160983,4.236394736842105,"NM",27398,2585,"27398_20221231",0.0690840604978987,2.923594301229158,38,9.9751239286123,1.2880541371450784,4,"TX"
4438333,8.02591862567812,"NM",27408,72120,"27408_20221231",0.19248436889839957,2.418106439307366,553,9.367476695264001,1.02299930177342,4,"MA"
293261,7.519512820512821,"NM",27409,3965,"27409_20221231",0.7252062676843332,2.6568301993032657,39,7.060938689105344,0.5340310701531641,4,"MO"
945407,5.166158469945356,"N",2740,17411,"2740_20221231",0.5271601299634148,3.0537702952986456,183,7.990708429146459,1.0929516476949825,4,"KY"
379838,3.9982947368421056,"SB",27417,11624,"27417_20221231",1.2240453686200379,5.4200745599765145,95,12.696622172087485,2.478879392794462,4,"RI"
155378079,77.9619061716006,"N",27471,436318,"27471_20221231",0.4622551718126909,16.975975734429433,1993,9.693112521615197,4.697132796896359,3,"UT"
10406351,5.698987404162104,"NM",27476,146708,"27476_20221231",0.38681441286455964,2.569238400522864,1826,9.721542341527382,1.6436285973331466,4,"OK"
13753,1.3753,"NC",27479,1661,"27479_20221231",0,18.696548796021105,10,89.59254728521691,6.474798325953782,7,"MA"
275716,5.626857142857143,"NM",27496,3768,"27496_20221231",0.18568712550786814,2.3765109171508025,49,9.647913543102668,0.7819598557228998,4,"SC"
9120524,15.302892617449663,"NM",27499,120411,"27499_20221231",3.6635875982141344,10.515670846578029,596,16.68998262089811,4.034798819755653,3,"DE"
619701,7.844316455696203,"NM",27503,8503,"27503_20221231",0.08537279453614115,2.1308956486203052,79,19.781137723621164,0.36938784929464796,4,"NY"
395993,3.807625,"N",2750,6226,"2750_20221231",0.16032035569742917,2.3445520449008748,104,12.789795551439711,1.2856494294039063,8,"KY"
1014728,6.187365853658537,"NM",27510,13169,"27510_20221231",0.15697019303208662,1.9378543832129933,164,13.559131951860055,1.42014159676051,4,"AL"
151396,5.822923076923077,"N",2753,1757,"2753_20221231",0.9229676961306355,1.944711612249701,26,11.032883669877311,1.1536533207821311,7,"KY"
117948,5.1281739130434785,"N",2754,1834,"2754_20221231",0.03858322401419863,2.7879260395790544,23,10.775020561430908,0.8262989636278523,4,"KY"
196692,10.927333333333333,"NM",27556,2665,"27556_20221231",0,2.327997079214404,18,11.552780680427853,2.0755038950422047,4,"IL"
151645,3.698658536585366,"NM",27560,2993,"27560_20221231",0.04227782571182054,3.3752065248747734,41,9.643612714498394,1.1611287403949542,4,"AL"
109576,21.915200000000002,"SI",27567,627,"27567_20221231",0.7200285250917289,0.8713421971764844,5,7.551555447444526,0.08529981509201374,5,"MD"
1091378,8.26801515151515,"N",27572,19173,"27572_20221231",0.022086331387084414,2.7552724482074735,132,10.336760250847766,1.2347513274092035,4,"CA"
7602722,11.642759571209801,"N",27589,93742,"27589_20221231",0.377586336984791,1.9911405368466153,653,8.804666733937665,1.856006818372071,4,"IL"
657695,5.621324786324787,"NM",2759,8968,"2759_20221231",0.17742786271355643,2.4447438918656235,117,8.742325242939224,1.5216166268129925,4,"KY"
277592,5.237584905660377,"NM",275,3773,"275_20221231",0.08973512666061556,2.7618462148182674,53,8.250223674840688,0.6421414422549335,8,"KY"
1151256,9.514512396694215,"SL",27619,13825,"27619_20221231",0.09659661739856998,2.0841046069096243,121,20.714319301563748,0.19630455063750388,5,"NC"
271788,4.606576271186441,"SB",27643,3448,"27643_20221231",0.14249633093279634,2.6984128149463658,59,13.383347355412582,0.22024863133829675,5,"OH"
576756,7.5888947368421045,"SB",27654,8468,"27654_20221231",0.45585181883233433,2.433294958912905,76,9.99419752462567,1.0847821546863108,4,"LA"
191398,4.668243902439024,"NM",2765,2591,"2765_20221231",0.08940989469501291,2.497209062049714,41,10.221649727454091,1.2324289016901735,4,"KY"
468066,4.500634615384616,"SB",27664,9266,"27664_20221231",1.6115051790641568,3.14294911257154,104,9.344439316224431,0.4390822007986728,4,"IL"
3646842,7.150670588235294,"SM",27677,58315,"27677_20221231",0.2084397162656861,2.954297112181246,510,10.844625595209886,1.0557864690410623,4,"NC"
536877,6.100875000000001,"SI",27678,8620,"27678_20221231",0.46673057680062136,2.743113662986562,88,11.586200317731704,0.8771659844264565,4,"TX"
313858,8.718277777777779,"N",2767,3171,"2767_20221231",0,2.095909008788803,36,11.54931728722304,1.347014251251368,4,"KY"
264519,7.557685714285714,"SB",27683,3567,"27683_20221231",0.1481011319157939,2.2471297928756835,35,24.811737309280065,0.07718614924238826,5,"IL"
577080,30.37263157894737,"SI",27686,3149,"27686_20221231",2.068101582963216,0.9065380128432687,19,14.839435997140619,1.41767865574069,7,"PA"
473367,7.172227272727273,"SB",27697,5926,"27697_20221231",0.4320229204296448,2.1502681225061684,66,17.39086313339146,0.6257553238643864,5,"LA"
109335,13.666875000000001,"SB",27704,1258,"27704_20221231",0,1.7693784587584231,8,23.118791188267625,1.3740917818017542,4,"NC"
323074,7.34259090909091,"SI",27711,3593,"27711_20221231",0,2.2679281959440627,44,11.710868896492892,0.8075736159316791,4,"PA"
39141,5.591571428571428,"SB",27716,829,"27716_20221231",0.10089320157868187,3.314489844771392,7,33.71738393764826,0.2209659896514262,5,"LA"
221589,4.9242,"SI",27723,3775,"27723_20221231",2.621233317335675,2.821981908055409,45,7.333004414211053,0.2930660570892679,8,"IL"
160450,6.685416666666668,"SB",27727,2079,"27727_20221231",0.05285788344836699,2.3042113272962745,24,13.426557824557719,0.7836082261226259,2,"KS"
280296,6.093391304347826,"SI",27742,4314,"27742_20221231",0.03030673916971191,2.713942077990284,46,10.679221629259205,0.9431456597618022,4,"IN"
258851,7.613264705882353,"SL",27752,3542,"27752_20221231",0.1461380861641618,2.445545144324813,34,11.7273162556859,0.48530273292048814,4,"LA"
374189,16.26908695652174,"SI",27760,2419,"27760_20221231",0.4119318181818181,0.9880585516178736,23,9.096635145978304,0.4394122826326216,5,"PA"
506725,4.222708333333333,"SI",27763,9177,"27763_20221231",0.50173712149269,3.1183948386546447,120,10.036459551676574,0.7615543418439867,5,"PA"
153193,4.642212121212122,"SB",27767,3176,"27767_20221231",0.7665113820332375,3.1462375769048747,33,14.800162370087822,0.0416469474680549,4,"IL"
3392287,4.818589488636364,"SB",27774,56563,"27774_20221231",0.42992353626996666,3.722783819286594,704,9.707957166464562,0.6266322715650393,5,"ND"
612736,5.374877192982456,"NM",2777,8698,"2777_20221231",0.07655022563931138,2.4469106037586847,114,9.400701844550266,0.7733623415032125,4,"AL"
868598,8.042574074074075,"SI",27799,12436,"27799_20221231",0.8589355737774397,2.436411511406724,108,18.260990305450026,0.5697655296047467,4,"PA"
208583,4.256795918367347,"N",2779,4121,"2779_20221231",1.4228378180585621,3.2190628685881717,49,10.964977878988174,0.7482429143014353,4,"AL"
281273,5.3070377358490575,"SB",27806,4385,"27806_20221231",0.7813818684824806,2.5308487403141218,53,11.632955037201446,0.5275934504681218,5,"OH"
4995759,5.775443930635838,"SM",27811,79859,"27811_20221231",0.1530693955366091,2.619865610065809,865,8.555843535000205,1.38627335563404,4,"MI"
487232,7.8585806451612905,"SL",27824,7336,"27824_20221231",0.2182719108082998,2.540481443458474,62,14.659348084468975,0.24575653263604014,5,"NH"
39204,7.8408,"SB",27841,523,"27841_20221231",0,2.1154479295145525,5,29.265691651432054,0.5380756057650256,5,"KY"
42459,7.0765,"NM",27847,752,"27847_20221231",1.290649120587119,2.7699329086888667,6,16.696394925260645,0.15794511053800347,5,"OH"
249562,10.398416666666668,"NM",2784,1619,"2784_20221231",0.017962409575597253,1.269874631042164,24,19.912733842251498,1.4727630876478133,7,"AL"
1017629,13.389855263157894,"N",27861,9680,"27861_20221231",1.8491389965574474,2.16706849932824,76,16.534639106158387,0.771859553211022,4,"PA"
999867,6.755858108108109,"SB",27872,11738,"27872_20221231",0.13559441421452093,2.5209135801144726,148,9.737862936405312,1.8334458750050413,4,"NM"
142601,4.074314285714285,"NM",2787,2336,"2787_20221231",0.869553439612087,3.1635481486881925,35,11.937408009915561,1.0914455542356234,4,"AL"
570363,5.880030927835052,"SB",27884,6366,"27884_20221231",0.47331711511748403,1.8919736799325741,97,16.472204854303772,0.14273316686489723,5,"WV"
44872,8.9744,"SI",27897,670,"27897_20221231",0,2.528804630243518,5,11.84434285209479,0.1836687153941262,5,"NC"
119893,8.563785714285714,"SL",27898,1630,"27898_20221231",0.7407500724372945,2.446346280447663,14,15.053642010163749,0.2958086460390608,8,"MO"
106408,4.8367272727272725,"SB",27910,2333,"27910_20221231",1.0443443002032762,3.220303985204737,22,24.66726140592757,0.20020289620871376,4,"IL"
587264,5.992489795918368,"SB",27932,8483,"27932_20221231",0.2174731667970169,2.6943294613565603,98,8.444244481243755,0.987267567518897,4,"MN"
906837,7.885539130434783,"SI",27943,11319,"27943_20221231",0.18926580283813063,2.22047955833044,115,11.547467161135959,0.6996440661337118,4,"PA"
46665,9.333,"N",2794,434,"2794_20221231",0.09201940772963026,1.9343048369487823,5,31.969117245148947,0.5624910998243698,7,"AL"
241881,4.83762,"SB",27965,3452,"27965_20221231",1.4453092044208218,3.1517683927771976,50,8.5745598260038,0.2950519112286013,4,"OH"
116242,2.473234042553192,"SB",27969,3271,"27969_20221231",0.908972578965637,5.370987297811062,47,15.284410863211917,-1.62076259031329,7,"OH"
9950802,14.174931623931624,"SB",27981,55119,"27981_20221231",0.10776738693936651,1.2051597611559324,702,9.21402400784789,0.8147383861864923,5,"KS"
357790,7.4539583333333335,"NM",27989,4992,"27989_20221231",0.7328930206921305,2.390408670799154,48,12.471978747886864,0.7320840697478536,4,"IL"
1060078,6.127618497109826,"SI",27998,12126,"27998_20221231",0.35328286773373474,2.1726361512007557,173,13.331856364811227,1.2246855120728195,5,"OH"
109668,9.969818181818182,"SI",28035,1726,"28035_20221231",0.3525343301288149,2.5503152225283787,11,18.287350574973864,0.4387255557636232,5,"NC"
140648,2.653735849056604,"N",2804,3234,"2804_20221231",0.6236553283041477,4.418992009746774,53,14.704326019770395,0.8910403233020889,8,"AL"
217343,5.433575,"NM",2805,3215,"2805_20221231",0.057460649715775004,2.58364552383413,40,9.560222207500923,1.3963767624319354,4,"AL"
178287,6.6032222222222225,"SB",28060,1859,"28060_20221231",0.024031109363394067,2.0493231179411726,27,10.997259961182783,0.5254674661387622,5,"OH"
89056,5.2385882352941175,"SB",28063,778,"28063_20221231",0.002080515967960054,1.9881483635834838,17,13.553621542527052,0.6884673761894807,8,"OH"
250231,7.359735294117647,"SL",28080,3142,"28080_20221231",1.0209859657987126,2.0590926408224193,34,15.278340138422708,0.9145884469093704,8,"OH"
35587,5.931166666666667,"NM",28085,331,"28085_20221231",0,1.7739138319939247,6,12.094852900437697,0.719766954195618,5,"OH"
21645013,10.095621735074626,"NM",28088,195502,"28088_20221231",0.16990583819495353,1.739566677483888,2144,8.610977288533032,1.289673895199064,4,"WA"
3221051,6.710522916666666,"N",28094,46842,"28094_20221231",0.4325650966247169,2.549901750117068,480,10.43430104523279,1.1144468903583824,4,"LA"
129578,8.098625,"SB",28103,1523,"28103_20221231",0,1.8349569922476858,16,26.262104882013514,0.1577153117303796,5,"IL"
484908,6.06135,"N",28105,6202,"28105_20221231",0.3307276007215875,2.1513562673538145,80,7.939157429420194,0.6394643829104113,8,"IL"
2019897,15.7804453125,"SI",28116,14287,"28116_20221231",0.14707552608613766,1.1502138136914473,128,25.035535398364832,0.9361481640597559,5,"WA"
403579,5.528479452054794,"NM",28151,15879,"28151_20221231",1.3591352151516418,8.512544802867383,73,11.575910009721172,-0.2651804439272163,4,"IL"
297675,5.315625,"SM",28155,4438,"28155_20221231",0.04238226270677167,2.6446385377719164,56,9.632400913390963,0.12902332062566801,8,"NH"
128699,5.5956086956521744,"SL",28157,1887,"28157_20221231",0.08484322856765776,2.650155376109858,23,19.28128562727429,0.9581392806560359,4,"OH"
270820,4.751228070175438,"SM",28167,5188,"28167_20221231",1.628561078163605,3.5587092115834107,57,6.977321850287879,0.41525375800777364,4,"CT"
14213677,6.580406018518518,"SI",28178,204115,"28178_20221231",0.7505292980161601,2.4100411589600466,2160,10.36523536120116,0.9975891275924409,4,"PA"
189253,4.205622222222223,"SI",28186,2993,"28186_20221231",0.9799101350705398,2.8590634681926494,45,11.612762261054002,0.5661031848286501,4,"PA"
144446,4.2484117647058826,"NM",281,2108,"281_20221231",0.6635057987642204,2.7618727310222457,34,8.828738846717272,1.011048874974568,8,"KY"
405558,6.648491803278689,"SB",28208,5155,"28208_20221231",0.3365554423329098,2.630454534538381,61,14.205157304079188,0.9436114602262267,5,"CO"
418054,7.600981818181819,"SB",28213,5940,"28213_20221231",0,2.498027397486636,55,9.586265986387971,0.35501681359629195,4,"MA"
71681,3.58405,"SB",28217,1965,"28217_20221231",0.3813868271981155,5.298348021822899,20,10.833698350124106,-1.0523571528493127,5,"OH"
376834,14.493615384615385,"SI",28222,3800,"28222_20221231",0.34910194788768023,1.5380897261406565,26,9.917718076006318,0.3327524581197451,5,"NJ"
102704,7.336,"SB",28246,1516,"28246_20221231",0.043462316813125616,2.559094317878494,14,15.312079030085316,0.6037598349299427,8,"KS"
1921729,7.941028925619835,"SI",28262,25641,"28262_20221231",0.9731863300902542,2.356560075314003,242,10.503080158350574,1.0951532989807045,4,"PA"
1812804,14.619387096774194,"N",28263,14746,"28263_20221231",0.0479577971385181,1.7009903562810926,124,9.892237557362256,1.2004983347808378,4,"OH"
66091,3.3045500000000003,"SI",28266,1344,"28266_20221231",0,3.539911783392053,20,9.844661367826166,0.044077905417934535,5,"WA"
229576,4.1741090909090905,"SB",28277,3916,"28277_20221231",0.7535143822723219,2.7653740364698294,55,17.34218520460563,0.47242690753506067,5,"MO"
101567,5.974529411764706,"SB",28288,1778,"28288_20221231",0.4623513870541612,3.4320801776946843,17,8.73138605616896,0.09823670288671137,5,"ME"
180302,3.919608695652174,"NM",2828,2833,"2828_20221231",0.06466302367941712,2.78081588629649,46,10.488494679270614,1.5340194229793513,4,"AL"
753306,6.124439024390244,"NM",2829,8070,"2829_20221231",0.08820970354809712,2.078647874878454,123,9.274537587226133,1.1871094073594883,4,"AL"
116920,2.487659574468085,"SB",28302,4511,"28302_20221231",0.510470559251047,6.352117652997695,47,13.494366160588239,-0.11872243442688848,5,"IL"
95798,5.322111111111111,"SI",28314,1438,"28314_20221231",0.3942309568883078,2.908033060628656,18,19.678739766807244,0.26255264180468185,8,"NC"
140107,4.670233333333333,"SL",28315,2195,"28315_20221231",0.449695195820936,3.333696574823924,30,10.334067016131367,0.6337608112138384,5,"CO"
1004612,2.595896640826873,"SI",28316,42079,"28316_20221231",0.8627783240239048,6.099917928963486,387,15.83088124683209,0.20019640120876878,9,"LA"
921097,7.140286821705426,"NM",2832,9726,"2832_20221231",1.615879531863664,2.389635893633649,129,9.97690172987764,1.3656038168592524,4,"AL"
3423751,6.363849442379182,"SM",28332,38845,"28332_20221231",0.15993226084117024,2.2201962550109453,538,9.814986764088074,1.420639948013228,4,"MO"
303419,4.816174603174603,"SB",28346,6891,"28346_20221231",0.020689496632209717,4.016735254168297,63,13.085891597494474,0.613101535965496,4,"OH"
419610,6.878852459016394,"NM",28348,4248,"28348_20221231",0.6609636394025497,2.0262791064478587,61,19.237603169443513,0.8755439290016053,8,"OH"
133822,3.717277777777778,"SB",28349,4913,"28349_20221231",0.15228117195589938,5.12594899746934,36,10.163579227205323,0.23827136460969436,5,"OH"
12963839,13.718348148148149,"N",28359,125453,"28359_20221231",0.23474166579439867,1.8158452546858268,945,9.20385301813607,1.1921474257270481,4,"NJ"
1342486,7.8969764705882355,"NM",28362,17850,"28362_20221231",0.02531264537667953,2.711643557642091,170,9.963680295420525,1.533050792487266,4,"NM"
606558,8.424416666666666,"SB",28368,10179,"28368_20221231",2.139915074309979,2.7535512124801502,72,8.370418794012263,0.3978674863110469,4,"MA"
86156,4.786444444444445,"SB",28369,1588,"28369_20221231",0.3312251240390382,3.6465421753057594,18,10.354802052365155,0.12089893539851744,5,"ME"
954358,4.77179,"SM",28380,16745,"28380_20221231",1.3270671523816069,3.0550058068361836,200,7.77885025705635,0.3748423980975239,4,"NY"
304317,5.6355,"NM",2838,5193,"2838_20221231",0.5077558065036327,2.895741231526373,54,8.979131525033768,0.644911401003238,4,"AL"
118056,0.8141793103448276,"SB",28390,18925,"28390_20221231",0,40.21268613891406,145,94.98120889445663,0.788836718507771,7,"MO"
881470,5.185117647058823,"NM",28396,14690,"28396_20221231",0.08717399930260801,2.415153768717021,170,9.09765634562615,1.2280537978447292,4,"SC"
939278,9.487656565656566,"NM",28400,12467,"28400_20221231",1.2469975453677304,2.275960657538724,99,9.072191508101163,0.9757325694889932,4,"WI"
402961,8.223693877551021,"SI",28401,4088,"28401_20221231",0.9013953488372093,1.7138807385091757,49,20.71107005664027,0.7547275835492638,8,"IL"
2019046,7.084371929824561,"NM",28405,33833,"28405_20221231",0.1230712139220337,2.8557392316413353,285,10.412546751553865,0.9287896148361205,4,"WA"
184656,3.7684897959183674,"SB",28425,2910,"28425_20221231",0.8550445882147228,2.496520439197897,49,10.75018216107325,0.23042424867261202,5,"IL"
218746,4.206653846153847,"SB",28445,4299,"28445_20221231",0,3.3074688937762495,52,8.798118658625647,0.567723255268776,8,"IL"
1835032,6.096451827242524,"SI",28453,21545,"28453_20221231",0.17147123159317418,2.1397012497066044,301,11.314984876923786,1.3863786213425722,4,"WA"
59159,5.378090909090909,"SL",28463,909,"28463_20221231",1.0834627469392177,2.682993035142078,11,15.045288979144505,0.3972352427107333,8,"OH"
292760,8.871515151515151,"SI",28471,3067,"28471_20221231",0.6172147623424271,2.0933183652785314,33,19.559833716477712,0.7632465213771163,8,"NC"
121151,5.5068636363636365,"SI",28478,1658,"28478_20221231",0.47720580769621285,2.4816295515969986,22,9.885315596393184,0.0215868958907185,8,"IN"
24537,4.0895,"SL",28480,417,"28480_20221231",1.1750154607297465,4.2400746314308435,6,8.296319796954315,0.2714565363675292,4,"WI"
356248,11.491870967741935,"SB",28481,4288,"28481_20221231",0,1.9695541482265722,31,17.429062576741902,0.5760773115654985,5,"MA"
15821645,8.113664102564103,"NM",28489,217953,"28489_20221231",0.22534245575156409,2.26413885232531,1950,9.549006147080426,1.2557805325940177,4,"WA"
114728,5.214909090909091,"NM",284,1386,"284_20221231",0.21023041253213523,2.3919291852944227,22,8.76098667422739,1.9973011378889456,4,"KY"
60590,5.049166666666667,"SB",28507,839,"28507_20221231",0.03629544492166233,2.4101218648196614,12,13.1323133798749,0.19572130580079128,5,"KS"
651678,7.577651162790698,"NM",2850,7128,"2850_20221231",3.175793616555276,1.885861718254199,86,12.339924015606814,0.9263801092934539,2,"ID"
2027068,2.7318975741239893,"SI",28513,100252,"28513_20221231",0.2624033883972252,6.740694357805242,742,17.07626642424182,0.9620897099457595,4,"WI"
378875,4.985197368421052,"SI",28515,5928,"28515_20221231",0.36152770330405365,2.8886506770901392,76,10.716699997183337,0.2642137908665848,8,"TX"
935505,5.5355325443786985,"SI",28530,17598,"28530_20221231",0.30243720583438183,3.221743375478878,169,8.189874794005974,0.6865937419370076,2,"WI"
1324581,7.318127071823205,"NM",28533,16277,"28533_20221231",0.9409467712892283,2.2076583425129837,181,11.200962575256318,1.1377389286991355,4,"IN"
123635,5.887380952380953,"NM",28543,1949,"28543_20221231",0.051917999228646865,2.355633640020343,21,11.221474626353665,0.6380322714873549,2,"NE"
153786,4.96083870967742,"SL",28555,2993,"28555_20221231",0.077932092435665,3.6447354399024774,31,24.470511783350794,0.013645827106070964,4,"OH"
111354,3.592064516129032,"SB",28585,1894,"28585_20221231",0.5715658021133526,3.3696729435084243,31,8.805077865525131,0.45941665200114856,5,"NY"
864750,4.777624309392265,"NM",28593,14067,"28593_20221231",0.030823743331537635,2.8080041528649824,181,8.092591011532942,0.9681366490334702,4,"MI"
914024,7.553917355371901,"SI",28599,14280,"28599_20221231",0.37597147875103853,2.483035830550312,121,12.706555729838536,0.5312781272463178,5,"WA"
52631,8.771833333333333,"SI",28611,773,"28611_20221231",0,3.3016682113067657,6,10.191131792485482,1.6682113067655238,5,"IL"
336426,3.9579529411764702,"SI",28614,6976,"28614_20221231",0.044087002944874026,3.597832607019065,85,10.738979604043305,0.06395870875439484,4,"WI"
95700,13.671428571428573,"NM",28635,468,"28635_20221231",1.4516256179825895,0.9772028443923836,7,13.792044720654717,4.160273998764969,5,"KS"
75563,5.812538461538462,"SB",28637,995,"28637_20221231",0.27324440469980377,2.741068739398999,13,21.833751499945457,0.12417371638723178,5,"PA"
53576,6.697,"SB",28652,757,"28652_20221231",0.16271684644253734,2.3100863868317645,8,20.2135676083001,1.2088956895719283,2,"OK"
44181,4.909,"NM",28663,512,"28663_20221231",0,2.705589335413306,9,20.87062472308374,0.3789154597507578,5,"OH"
78697,3.93485,"SB",28667,1474,"28667_20221231",0.6879073135409124,3.59710470973737,20,7.473242364119799,0.35335257005917736,4,"MI"
82582,4.857764705882353,"SL",28677,1063,"28677_20221231",0.6017051456164176,2.854012089265763,17,13.558664015717461,0.23156768938417316,5,"OH"
2582111,6.162556085918854,"SI",28679,44828,"28679_20221231",0.15552306722766956,2.81918398508227,419,11.175583289339714,0.6480754997036472,4,"WI"
503452,8.832491228070175,"SI",28701,5757,"28701_20221231",0.47193064328484763,1.867978700285176,57,12.285664046768677,0.8833890205751825,5,"PA"
61742,7.7177500000000006,"SL",28703,629,"28703_20221231",0,1.9776857345423338,8,17.868726334686,0.7649539161909027,5,"OH"
1056311,8.450488,"SB",28706,11095,"28706_20221231",0.5830008272103547,1.731924105069619,125,13.770981550479416,0.657274176250569,5,"PA"
128545,6.121190476190477,"SI",28708,1732,"28708_20221231",0.03605208465877762,2.390106705162472,21,9.52751096552107,0.31444593197486337,4,"NJ"
5623771,14.094664160401003,"SB",28710,41473,"28710_20221231",0.30372123909028315,1.3587857617419659,399,12.684266754046025,1.1267708873068412,4,"NY"
170869,14.239083333333333,"SL",28712,2267,"28712_20221231",0,2.143567346132738,12,33.3317992763086,0.9546739412476549,4,"NY"
3081,1.5405,"SB",28722,132,"28722_20221231",1.361031518624642,5.728470498376933,2,13.036463375282349,-2.132264018840303,5,"IN"
34343,5.723833333333334,"SI",28723,537,"28723_20221231",0.41847738612586516,2.9470441307824373,6,28.229020159399905,0.024068418490963646,5,"IL"
338458,10.25630303030303,"SI",28729,3224,"28729_20221231",0.27126422807470785,2.2054273427757414,33,10.898719184192233,0.47777453188461794,5,"NJ"
300445,5.891078431372549,"SB",28735,4647,"28735_20221231",0.41425790611458363,2.6845173242553004,51,10.794346900558589,1.2275629701179938,8,"KS"
468264,5.927392405063292,"SI",28747,6037,"28747_20221231",0.25290288529204785,2.155058151023969,79,20.308164439613837,0.3703221722568445,5,"IL"
8283971,15.227887867647057,"SI",28765,79755,"28765_20221231",0.8172653559494774,1.6483138425753794,544,7.998843982889851,0.6296992104829712,4,"NJ"
150155,6.256458333333334,"SB",28769,1479,"28769_20221231",0.10407872977692459,2.0094748572373087,24,19.007207102950346,0.5498563042191641,5,"IN"
649513,9.84110606060606,"SL",28778,7137,"28778_20221231",0.039490516713944046,1.8909601237260307,66,19.56531505363851,0.28665372876152967,5,"NJ"
429911,6.717359375,"SB",28780,5781,"28780_20221231",1.1447016583238112,2.114910515012042,64,15.352083131271893,0.23662385267970856,5,"MD"
1210083,7.51604347826087,"SI",28788,19421,"28788_20221231",0.2705929023499911,2.4437950416194796,161,7.4044368799617635,0.3528285274224656,9,"NJ"
81451,5.430066666666667,"SI",28790,1153,"28790_20221231",0.41235224044717306,2.8978405596296173,15,17.817589975158167,0.5551881122155867,5,"WI"
163306,4.297526315789474,"SI",28793,3297,"28793_20221231",0.320299395645614,3.167253704878247,38,10.391648765595475,0.3331838498160894,4,"PA"
1401542,5.67425910931174,"SM",287,17904,"287_20221231",0.48508389924757506,2.4844608356796094,247,9.55951195032619,1.0405862216307296,4,"KY"
92050,6.136666666666667,"SB",28805,1057,"28805_20221231",1.0578870190629146,2.256473829785879,15,13.03830102082105,-0.21545822551577304,7,"NY"
1574423,7.755778325123153,"N",28808,20766,"28808_20221231",0.13329316722704862,2.4066486914342753,203,10.307609012951565,0.7482775360284484,4,"IL"
398578,6.3266349206349215,"SM",28812,5478,"28812_20221231",0.10200752176675655,2.7441936149439834,63,8.654064799125646,0.3733017958900642,4,"AR"
597039,7.107607142857143,"SI",28818,7997,"28818_20221231",0.144423201243415,2.211007718368535,84,7.325586007218499,0.5583336599381785,5,"NJ"
10094596,13.317408970976253,"SB",28834,109118,"28834_20221231",0.08934864742773277,1.754194674871955,758,9.738620155208334,0.9215767420755102,4,"NJ"
465342,11.63355,"SI",28836,4773,"28836_20221231",0,1.4810868082883497,40,14.369329013795065,0.6492792522249984,7,"PA"
309393,6.066529411764707,"SM",28837,4903,"28837_20221231",0.01007914783457466,2.9601569227065725,51,7.1884779446292475,0.5872697380168536,8,"VT"
430502,7.175033333333333,"SI",28841,6720,"28841_20221231",0.2770517043826984,2.335318970836024,60,14.351664496604148,-0.05479746136666222,8,"IL"
1369956,5.393527559055118,"SB",28845,25114,"28845_20221231",0.02989820425274676,3.0341800842068496,254,8.487555699195825,0.895371660484664,4,"ID"
563653,6.405147727272728,"SB",28859,8128,"28859_20221231",0.4573640425204129,2.5870901639344264,88,23.947926824304353,1.4089893556466302,4,"SC"
90962,6.497285714285715,"SL",28860,1001,"28860_20221231",4.493827160493828,1.912663629250851,14,14.60190151895878,0.18786010821567992,5,"CO"
1102209,9.185075000000001,"SB",28865,11649,"28865_20221231",0.2801274613645375,2.3998684874425735,120,9.411510401624508,1.3106082671826087,4,"MN"
416983,6.835786885245902,"SI",28868,5809,"28868_20221231",0.46702384903513344,2.512726832426969,61,12.31130467714448,0.5156538722736678,5,"TX"
444366,5.846921052631579,"SB",28870,6356,"28870_20221231",0.28091564570799366,2.949889703293294,76,8.629588818651047,0.3906539957099435,5,"NY"
358106,4.774746666666666,"SB",28894,7164,"28894_20221231",0.3703988375625414,3.4760768512908062,75,10.573890066334535,0.44007271151132904,4,"IN"
63211,4.515071428571429,"NM",288,771,"288_20221231",0.6390876736443305,2.5207338136212987,14,8.59837553181994,1.1638943781411921,8,"KY"
1436326,4.274779761904762,"SM",28905,31841,"28905_20221231",2.8435972022280622,3.6550759907453045,336,12.531049305653868,1.8028821019260468,2,"AR"
213663,7.630821428571429,"SI",28908,2923,"28908_20221231",0.07546175406655008,2.492197881179021,28,8.970750616703866,0.3746160899993709,4,"PA"
633943,7.371430232558139,"SB",28914,8931,"28914_20221231",0.11343615531821298,2.334311545158738,86,11.092396424197066,0.6324700028060511,4,"OR"
363836,3.675111111111111,"SB",28924,6810,"28924_20221231",0.18299242228776252,2.9367114486616512,99,11.65648368305703,0.08917250094066113,5,"IL"
254022,7.056166666666666,"SI",28925,2963,"28925_20221231",0.2785328116132501,2.043360101350661,36,10.427450964594605,0.4652573769229198,2,"IL"
452884,6.861878787878788,"SM",28930,5815,"28930_20221231",0.0581601246123858,2.264141558586901,66,10.094438099996431,1.671992936992502,2,"MO"
308118,7.900461538461538,"N",28942,3125,"28942_20221231",0.3332582328864857,2.1807561186030298,39,12.195640727916846,0.6307943972869,5,"NY"
71883,7.1883,"SB",28949,782,"28949_20221231",0.7334730424842827,2.0946259038546504,10,15.531616720694194,0.3286744183540416,5,"MS"
77616,5.970461538461539,"SB",28983,1022,"28983_20221231",0.9137251130133692,2.462678119677469,13,9.382970569189496,0.43567421572059994,5,"WI"
159472,6.3788800000000005,"NM",28989,2546,"28989_20221231",0.45861560131464213,2.9501620369436163,25,14.013755440321516,0.43922841088102627,2,"IA"
262901,9.38932142857143,"NM",289,2140,"289_20221231",1.2211085011386256,1.4804079780504442,28,8.62254535869613,0.81627164077737,4,"KY"
26306,6.5765,"SB",29005,375,"29005_20221231",0,2.4512387981022665,4,19.317489335770873,0.28616612696739213,5,"OH"
881478,8.315830188679247,"SI",29009,12807,"29009_20221231",0.23717689051703386,2.131997460375352,106,22.26102100889151,0.30929606762678064,5,"IL"
774703,5.533592857142857,"NM",29011,10513,"29011_20221231",0.20034134698721281,2.4369698854645625,140,8.204786021049895,0.8914880763943508,5,"OH"
6977262,8.58211808118081,"NM",29012,88296,"29012_20221231",0.1856643703630194,2.010726898998098,813,9.442420946322304,1.2021088935617037,4,"WA"
180715,6.454107142857143,"SI",29024,2521,"29024_20221231",1.129442602729165,2.8817625992953344,28,10.998166181864171,0.8808322445809064,4,"IN"
450320,5.925263157894737,"SB",29035,5845,"29035_20221231",0.23183113256175966,2.372318062414298,76,18.149448758230772,0.8931053516264869,5,"WV"
1096108,6.643078787878787,"SB",29042,16627,"29042_20221231",0.23825826739703793,2.5118399608237905,165,9.137926634070931,0.798632440600068,4,"MN"
934570,6.068636363636364,"SI",29047,14663,"29047_20221231",0.5644591608542318,3.0814879886687203,154,13.656130663253204,0.3972857152791689,5,"MO"
82149,6.319153846153847,"SB",29049,1054,"29049_20221231",0.16454134101192924,2.59428426117914,13,12.98477778627706,0.2616290442470952,8,"MN"
573940,4.519212598425197,"NM",29056,8432,"29056_20221231",0.037886760681961694,2.983426985288241,127,9.017624084077426,0.6399507558757893,4,"IN"
1502767,10.018446666666668,"NM",29058,20582,"29058_20221231",0.017000617435359595,2.3456177514253436,150,10.310537023231674,1.0119239516495322,4,"WA"
38262,6.377,"SB",29059,600,"29059_20221231",1.392270498268235,2.8899905073304506,6,14.69312830881375,0.4429912456491931,5,"NM"
52480,7.497142857142857,"SI",29061,531,"29061_20221231",0,2.458747878961878,7,13.096069708445162,0.3165453856148526,5,"NC"
27884,6.971,"SB",29065,427,"29065_20221231",0.7686362074888354,3.209002475105048,4,18.018152616441938,-0.3813388591492546,5,"GA"
124440,4.786153846153846,"SL",29066,2587,"29066_20221231",0.07490415225254526,3.2063390981995994,26,10.062309318955915,1.0203862784854398,2,"CO"
574029,8.969203125,"SB",29087,9209,"29087_20221231",0.8397340302701349,2.720691203589488,64,10.342776491298643,0.3835484174412475,4,"AZ"
251030,6.973055555555556,"SB",29089,2342,"29089_20221231",0.2666160548054155,1.77226937875829,36,10.125438125611797,0.8321893308068602,8,"TN"
251837,4.418192982456141,"SB",29090,3936,"29090_20221231",0.4564425894680757,2.924087511645383,57,15.43189169761591,0.21967202492566315,5,"OH"
99401,6.2125625,"SM",29093,882,"29093_20221231",0.15354550530429928,1.9884049099084908,16,11.093818984547461,0.4264886592276842,7,"MO"
541100,5.465656565656566,"SB",29120,9849,"29120_20221231",0.2119157848324515,2.809335029076534,99,11.862153649997916,0.21227824836927478,4,"WI"
191921,3.916755102040816,"SI",29121,3998,"29121_20221231",0.15531765531765532,3.3616492931809674,49,9.14124141645348,0.16617510884992193,8,"IL"
142139,6.460863636363637,"SB",29135,1792,"29135_20221231",0.24708543587958934,2.413459821491838,22,17.669207522064394,0.1948624342073563,5,"OH"
711527,5.880388429752067,"SB",29140,14089,"29140_20221231",0.1007897498205114,2.920187075665311,121,8.8525384496382,0.8681794361513173,2,"ND"
56317,6.257444444444444,"NM",29143,871,"29143_20221231",0.12855749623193544,2.7338592583652437,9,18.13538557106621,0.37487702205008355,4,"MO"
1402231,10.31052205882353,"SI",29147,15437,"29147_20221231",0,2.3670335822143134,136,16.496211934286038,1.9775035880067116,4,"NY"
200083,4.547340909090909,"SB",29164,4566,"29164_20221231",1.6897287341314713,3.9710074491766676,44,14.875518248473337,0.22494893512785005,5,"GA"
249504,12.475200000000001,"SI",29170,2649,"29170_20221231",0,2.289244120404576,20,9.413072802416835,0.48097158970820153,4,"NJ"
222073,6.729484848484849,"SB",29173,2876,"29173_20221231",0.5923638712785643,2.875678755851702,33,8.701140296136609,0.7746811329269636,4,"OH"
545520,6.270344827586206,"SM",29177,6467,"29177_20221231",0.28385838062561886,2.104178603040028,87,8.493937219053375,1.5976448808388801,4,"TN"
75053,5.003533333333333,"SI",29186,1140,"29186_20221231",0.0015249946625186812,2.8155460440917155,15,21.790255208265133,0.7917897091131163,5,"TN"
394538,7.44411320754717,"SI",29188,5354,"29188_20221231",0.43472612717943004,2.2943026184408577,53,15.517580947557697,0.6751017123440783,8,"WI"
164445,4.3275,"NM",291,2290,"291_20221231",0.5293021104050726,2.0964445786210257,38,24.641794515565465,1.26274354984789,2,"KY"
156268,4.340777777777777,"SI",29206,2362,"29206_20221231",0.13811700483409517,2.876641122776067,36,10.984163192532579,0.88996700033866,2,"TX"
210690,7.023,"SI",29208,2112,"29208_20221231",0.4424829352511405,2.5396180414465666,30,11.233670923234993,0.6613233557592401,8,"TX"
14304653,140.24169607843137,"NM",29209,37661,"29209_20221231",0.4770845220078861,0.665240736117762,102,8.37505840927268,1.1242265675169874,5,"TX"
588604,7.8480533333333335,"SI",29227,5506,"29227_20221231",0.6557315739116072,2.151531250277766,75,11.433740085928928,0.4753641381602024,4,"IL"
101135,6.3209375,"SB",29231,1569,"29231_20221231",0,2.571094202527356,16,6.464642444983883,0.12707706978008773,8,"PA"
93674,8.515818181818183,"SB",29238,865,"29238_20221231",0.8627478431303922,1.913782279838852,11,33.67306978853209,0.40632320166429986,5,"SC"
114073,5.432047619047619,"SB",29241,1425,"29241_20221231",1.2822225190329906,1.9770660340055357,21,22.405850216642975,0.8261612108057176,5,"TX"
103299,7.378500000000001,"SB",29268,1461,"29268_20221231",0,2.2531935560018734,14,18.441228204343833,0.36763140887965295,5,"LA"
238651,10.847772727272728,"SB",29293,1941,"29293_20221231",0.06476296753880796,1.6840550968937944,22,9.974661919369874,1.0050440818262163,5,"WI"
931741,7.336543307086614,"SB",29294,10453,"29294_20221231",0.16205007771616292,1.831612658983462,127,13.284460916178704,0.5398686656953194,4,"WI"
1156139,5.667348039215687,"SM",292,14949,"292_20221231",0.17726204524594794,2.3048508772799488,204,8.218850918455292,1.2303823921851123,4,"KY"
429543,7.280389830508475,"SL",29331,8024,"29331_20221231",0.16266082575326055,3.2010402892082213,59,16.222921734844988,0.46514811166487824,4,"GA"
558320,6.89283950617284,"NM",29332,6216,"29332_20221231",0.007283787392867627,2.118509796596375,81,8.597784175041152,1.3532028232343112,2,"AL"
232834,6.467611111111111,"SB",29345,2568,"29345_20221231",0.4109344291584777,2.287457110179184,36,14.476611834913122,0.5099232192600051,8,"OH"
140621,4.39440625,"SB",29357,2515,"29357_20221231",0.9925162211142098,3.2843120131344534,32,11.451726568005638,0.8935620218674677,5,"GA"
15823,3.1646,"SB",29379,274,"29379_20221231",2.6160889470241986,4.108048562183003,5,4.8254364089775565,-0.14343744979689257,5,"NE"
174030,7.566521739130435,"SB",29384,1835,"29384_20221231",0.12170432869530619,2.076811044476711,23,13.865867652683923,0.4594861496166525,5,"IL"
70889,7.0889,"SB",29399,902,"29399_20221231",4.415172364621582,5.239955241509356,10,12.76543209876543,-1.2135042168300214,4,"IL"
99709,7.122071428571429,"SB",29426,1221,"29426_20221231",0.3358844189506296,1.8933682181767344,14,14.390221783335516,0.5152837555797442,5,"MN"
58319,8.331285714285714,"SI",29430,505,"29430_20221231",0.08781810198354364,2.3865292825796827,7,7.744942832014072,0.069230502959604,5,"PA"
44750,5.59375,"SB",29449,819,"29449_20221231",2.8095055576849366,3.3203133411137475,8,8.766175006786717,-0.2648498968592678,5,"IL"
227260,6.142162162162162,"NM",2945,4061,"2945_20221231",0,3.105106988718868,37,9.581428738231873,0.9387630525059886,2,"WA"
93126,15.521,"SI",29471,492,"29471_20221231",0.6531729735015156,1.0703856394400069,6,13.472760022866265,-0.515331100231899,5,"PA"
426464,5.841972602739726,"SB",29476,5959,"29476_20221231",0.4012050469933963,2.784391461327603,73,9.905423937201494,0.3333392572298355,4,"NE"
36100,6.016666666666667,"SB",29486,349,"29486_20221231",4.129619485061734,2.2087029644894547,6,16.82319761233263,0.5632062788416118,8,"SC"
2548129,6.096002392344498,"SB",29488,33094,"29488_20221231",0.1260099290322703,2.3601757097024967,418,9.241101951792055,0.49359343145499507,5,"OH"
24050,6.0125,"SB",29490,339,"29490_20221231",0.9875286332400101,2.108734291683557,4,10.133509275789802,0.9159936387165175,5,"WV"
147130,8.65470588235294,"SB",29495,1612,"29495_20221231",0.3333166883052032,2.767581546675565,17,22.528169293158793,-0.09385167264536581,5,"OH"
235191,4.70382,"SB",29496,3648,"29496_20221231",0.05322284347333421,3.1095952201104757,50,11.031217267372975,0.7853417198580925,4,"NY"
6855,3.4275,"SB",29501,146,"29501_20221231",0,3.0810782462764843,2,23.31820057779612,0.18355359765051393,5,"IA"
791958,8.608239130434782,"SB",29510,12230,"29510_20221231",1.0785249739653047,2.7810477394961293,92,10.970784576103958,0.9546457668275462,4,"GA"
103385,5.16925,"SL",29517,1519,"29517_20221231",0.20719724414953794,2.626084865443893,20,17.18502601221443,0.5091853762688644,5,"MT"
1654591,9.907730538922156,"SI",29520,17409,"29520_20221231",0.3935689650500695,1.8981628372904222,167,11.002710888775837,0.892303033568404,4,"PA"
125761,6.28805,"SB",29521,1632,"29521_20221231",0.3639579577536651,2.703066740952533,20,18.592033132409245,0.05204092253249497,5,"OH"
2066734,6.798467105263158,"NM",29523,28990,"29523_20221231",0.6688340745023343,3.1774122412449777,304,7.64996869723587,0.6946575390214088,4,"IN"
28389,5.6777999999999995,"SI",29532,332,"29532_20221231",5.215307050169436,2.253321476092727,5,15.345512800764041,0.08358017344557593,2,"IL"
143749,5.74996,"SI",29535,1792,"29535_20221231",0.5146444642039177,2.42521307181105,25,12.226082308925708,0.5136852749829892,8,"IL"
543770,6.797124999999999,"SB",29537,8017,"29537_20221231",0.793674863929787,2.999181799827859,80,11.710951220894,0.9121991929162339,4,"WY"
5684000,5.507751937984496,"NM",29546,73145,"29546_20221231",0.08019449514734782,2.3592542664335934,1032,11.520447895274511,1.4807792027150082,4,"MO"
331946,6.383576923076924,"NM",29548,4165,"29548_20221231",0.017718977024393127,2.1902010103961067,52,10.733122362869198,1.3749248853388056,7,"AL"
5651849,23.163315573770493,"SB",29566,26640,"29566_20221231",0.08642963717748099,1.6055815816151466,244,8.021341362013237,3.647715410706335,4,"IN"
183227,6.107566666666667,"NM",29571,2518,"29571_20221231",0.37243947858473,3.3882130778408728,30,20.88920772281031,0.2764171847386316,4,"OH"
179596,6.19296551724138,"SL",29577,2998,"29577_20221231",0.5273566249176005,3.002420546731779,29,12.174428886426469,0.493051955349795,4,"LA"
149358,6.22325,"SB",29578,1830,"29578_20221231",0.5807991348609998,2.4826542797296276,24,8.929847607250057,0.31531317379838414,4,"OH"
38586,6.431,"SB",29582,461,"29582_20221231",1.4619327890639833,2.7785840567854976,6,15.765205678168066,0.15040768398553975,5,"SC"
1212712,7.9783684210526316,"SB",29613,15049,"29613_20221231",0.9679703665406162,2.4645713421523188,152,19.690291356741483,0.27666823830832055,4,"MD"
109906,4.995727272727273,"SB",29617,1636,"29617_20221231",0.7268687509919061,3.036287567506856,22,9.085329547015986,-0.02714313793393922,5,"OH"
624594,7.435642857142858,"SL",29624,8837,"29624_20221231",0,2.323308625655068,84,11.321788958426739,0.43025982405615093,8,"OR"
34460,11.486666666666666,"SB",29627,429,"29627_20221231",0,2.1378892701814913,3,17.40178781463185,0.7126297567271638,5,"PA"
749050,7.643367346938776,"SL",29632,10741,"29632_20221231",0.3232070528797449,2.5412738669336656,98,9.86160029726236,0.6062296546264513,4,"CT"
181529,5.339088235294118,"SB",29636,2954,"29636_20221231",1.8028222943705676,2.963765751917324,34,14.118369625907315,0.36107071567201726,5,"ME"
348545,6.114824561403509,"SB",29637,4757,"29637_20221231",0.459903479123577,2.2133973996608254,57,9.676270553388866,0.6464104013566987,7,"WY"
194112,5.546057142857142,"SI",29645,3535,"29645_20221231",0.31162866983762505,2.900496048338778,35,10.017206828173034,0.6499651728759159,4,"IL"
48082,12.0205,"SB",29646,395,"29646_20221231",0,1.69220070385434,4,16.73815208434575,0.3498198217183318,5,"MS"
908733,10.326511363636364,"SI",29657,12829,"29657_20221231",1.1456628477905073,2.1880043299402794,88,17.950355436429323,0.5990108216819736,5,"WI"
603775,7.454012345679012,"SB",29672,7037,"29672_20221231",0.1958458090879988,2.1414707844661693,81,13.51749838525868,0.4235383962196527,5,"PA"
823727,7.420963963963964,"SB",29675,12277,"29675_20221231",0.04397993811143109,2.403795667114143,111,9.876038368520055,0.7023476572721337,4,"IL"
196989,4.690214285714286,"SL",29676,3440,"29676_20221231",0.6604055751630077,2.604046064310965,42,14.395071702686327,0.5943284088979454,4,"WI"
86053,14.342166666666666,"SI",29677,751,"29677_20221231",0,1.484659301132931,6,11.7314085129135,0.7926769297058314,4,"IL"
171864,4.774,"SB",29679,3926,"29679_20221231",0.21078180889115994,3.8289838781376555,36,10.811159907000775,1.6207221858243346,4,"LA"
2812950,7.623170731707318,"SB",29683,32994,"29683_20221231",0.2888891172823011,1.8812719116853522,369,16.153543543532873,0.4446913651034971,9,"TN"
35065,5.844166666666666,"SB",29685,441,"29685_20221231",4.154589371980676,2.3804843958155892,6,15.812249372529788,0.49411430692961195,5,"VA"
445408,4.8945934065934065,"NM",29690,5559,"29690_20221231",0.7582868379992799,2.4841476183193536,91,11.573631617242865,1.5813559521428655,4,"IN"
86387,5.0815882352941175,"SI",29691,1505,"29691_20221231",0.280225076781671,2.9184300487041814,17,13.787306106420576,-0.01011392777756551,5,"WI"
371482,4.082219780219781,"SB",29692,7839,"29692_20221231",1.6594826794251343,3.4003025837781733,91,11.764830806559083,0.761672412514828,5,"NE"
273279,5.814446808510638,"SL",29695,3597,"29695_20221231",0.33760529679766627,2.3379334870541806,47,11.552059557349962,1.7960866190208518,4,"OH"
174190,4.976857142857143,"SM",29696,3319,"29696_20221231",0.37656456156616624,3.258768039193574,35,9.256113657501517,0.9678645710412594,4,"WY"
271364,5.538040816326531,"NM",296,3131,"296_20221231",1.3059152238275369,2.1622605122787837,49,10.503089143865843,1.536575329425168,8,"KY"
642730,5.588956521739131,"SB",29700,11227,"29700_20221231",0.15135910545481296,3.028817558949548,115,10.70741767866847,0.9256292913799086,4,"LA"
253548,3.20946835443038,"SB",29705,6392,"29705_20221231",0.1124363746866216,4.3392047795632465,79,8.35063342868819,0.5042399351382963,4,"OH"
2517837,5.828326388888889,"SB",29708,62981,"29708_20221231",0.6946344177238392,4.174404524288088,432,15.214138197244637,1.2080384120825325,5,"MO"
75295,5.378214285714286,"SI",29710,1086,"29710_20221231",3.5154292260327917,2.9539533145503074,14,12.640602744831808,0.1669798643487388,5,"IN"
110616,3.9505714285714286,"NM",29731,2876,"29731_20221231",1.2857047069867238,4.543226766428428,28,13.520231634920057,2.009809279677302,4,"AL"
185569,8.068217391304348,"SB",29743,2005,"29743_20221231",0.5190884064873941,1.8618402384052775,23,9.940366475116557,0.7800661962716088,6,"ME"
537395,6.7174375,"SB",29744,10467,"29744_20221231",0.022139138265137324,3.2756822123147047,80,9.201231831614498,-0.09751613315505533,5,"NH"
236600,7.16969696969697,"SI",29745,3291,"29745_20221231",0.0282910168305831,2.512500531184045,33,11.741070121963967,0.6595535221043387,4,"WI"
180975,4.308928571428571,"SB",29749,3287,"29749_20221231",0.48397989044796275,3.310477226340981,42,14.425360357872647,0.5154363354223794,8,"OH"
153139,4.138891891891892,"NM",29764,2486,"29764_20221231",0.08926464401875583,2.7381848888216016,37,8.055312839251199,0.3523879504203205,4,"MO"
547269,6.290448275862069,"SI",29771,7875,"29771_20221231",0.21752159098777724,2.5713626566582004,87,9.444260697464232,1.4167861117578828,4,"NC"
212693,7.334241379310345,"SB",29772,2615,"29772_20221231",0.9802517671869508,2.102426816989189,29,14.483644794547335,-0.09278789972292248,7,"GA"
38670,3.867,"SB",29774,548,"29774_20221231",0,2.7558215142032756,10,15.205292449858238,0.6527614093550617,5,"KY"
1022264,6.195539393939394,"SI",29782,8754,"29782_20221231",0.2192721748893732,1.687891046419142,165,9.29936632191714,1.436305886828015,4,"TN"
440094,5.0585517241379305,"SM",29783,9254,"29783_20221231",0.4574325778056333,3.2644344275148027,87,9.538742802239229,0.9887607693649803,4,"CO"
681500,8.41358024691358,"N",29787,7566,"29787_20221231",0.10620641420131481,1.96430525510775,81,8.546433870012935,1.4403462642496754,4,"OH"
173979,4.832750000000001,"SM",297,2564,"297_20221231",0.1754248160657712,2.698568887248906,36,9.691597309314787,1.3928464862230059,8,"KY"
580200,10.54909090909091,"SI",29800,5183,"29800_20221231",1.6040813149645856,1.4762583340834305,55,22.768153048360475,0.8868000794260021,8,"IL"
251998,5.039960000000001,"SB",29804,4806,"29804_20221231",1.2611614660908486,3.122158410656888,50,30.36960834741715,0.11860546823424804,5,"LA"
812420,7.66433962264151,"SI",29809,6802,"29809_20221231",0.10427579132260899,1.6383208775406561,106,14.50181751093249,0.5235446766849848,5,"IL"
151706,5.418071428571429,"NM",29813,2170,"29813_20221231",1.3694037981260792,2.3592242082261783,28,19.954645570775064,0.5638840280649113,7,"OH"
487689,7.067956521739131,"SB",29835,7572,"29835_20221231",0.20740903206734354,2.6801343381290534,69,11.582560401749907,0.45214085790983954,5,"MA"
526440,5.317575757575758,"SB",29838,8007,"29838_20221231",1.02091537117566,2.9295060152227888,99,12.85074417407982,-0.08969520963080646,5,"OH"
538484,5.609208333333334,"NM",29839,7108,"29839_20221231",0.544337230502938,2.356768614635324,96,9.19121869176882,1.1387945065530993,8,"IN"
207975,11.554166666666667,"SM",29842,3069,"29842_20221231",0.08612880711602144,2.326960695225309,18,14.8943049229277,0.7552973409234365,5,"MA"
8408012,7.821406511627908,"NM",29845,87027,"29845_20221231",0.5145375650303099,1.9235193202896652,1075,9.551116352818674,1.2808017671707115,4,"OH"
459614,5.407223529411765,"SB",29846,6486,"29846_20221231",0.2752767104433102,2.7610126988021957,85,13.913003023959062,0.8534080408694168,8,"MI"
731510,7.6198958333333335,"NM",29847,7489,"29847_20221231",0.35115364838190655,1.93021747661533,96,7.686859104410932,1.3556825632218634,4,"OH"
31487,7.8717500000000005,"SB",29857,368,"29857_20221231",0,2.331638348009426,4,20.27174761830392,0.10541981892595807,5,"KS"
204152,6.585548387096774,"NM",29858,2695,"29858_20221231",0.4741231908838514,2.69907795473596,31,7.636348919680483,1.636968336803396,4,"OH"
271748,6.628,"SB",29874,3048,"29874_20221231",0.26869518487793936,2.1170312421159783,41,29.14859223336967,0.3162749610415062,5,"MI"
700384,11.481704918032786,"SI",29875,8034,"29875_20221231",1.652907234798047,1.7350261534411517,61,17.49099079279604,0.775160526044707,4,"NJ"
324668,7.378818181818182,"NM",29878,4358,"29878_20221231",0.27593093842798205,2.511522970694541,44,9.131093946918556,1.1153113306448528,4,"IN"
763820,4.173879781420765,"N",2987,19752,"2987_20221231",0.24727049229307102,3.743575032517331,183,7.672551037461188,0.9585642034547497,8,"WA"
410444,5.4725866666666665,"SB",29881,6148,"29881_20221231",0.812687431412114,3.0034050880816094,75,11.5165821666124,0.6022819280977739,8,"IN"
328286,10.589870967741936,"SB",29904,2401,"29904_20221231",0.07710524866442695,1.2932348573507864,31,38.947121806359746,0.6450807902992634,8,"TN"
254999,7.96871875,"NM",29907,3555,"29907_20221231",0.40335091529630784,2.403658884935989,32,11.612767494571711,1.3142220000519358,2,"IN"
78247,8.694111111111111,"SL",29910,856,"29910_20221231",0.39469974626444887,2.111573971231677,9,17.462209196268958,0.2520909823810867,5,"IN"
1597455,6.856030042918454,"NM",29922,23591,"29922_20221231",1.2408104962750106,2.346520151927923,233,10.099751994429038,1.201357836167675,4,"WA"
227923,4.55846,"SB",29933,3852,"29933_20221231",0.5093638046080445,2.882244086215731,50,9.250676276996009,0.6718324344848179,6,"IN"
254739,4.631618181818182,"SB",29937,3900,"29937_20221231",2.029016072197471,2.3500711817603,55,12.16185978119281,0.27065761454063325,5,"KY"
951277,15.594704918032788,"SI",29941,8714,"29941_20221231",0.26532732940768966,1.6000057383226254,61,13.44146343746003,0.7634658930690477,5,"NJ"
99105686,13.25296683605242,"N",29950,1014496,"29950_20221231",0.695815837465084,2.6097433278865023,7478,11.345158782921311,0.30292220754956695,4,"DE"
2192809,5.3223519417475735,"SM",29961,54127,"29961_20221231",0.7012718310716242,4.333371314601487,412,9.350827482224465,0.7861207704715392,4,"IN"
11213,3.737666666666667,"NM",29966,168,"29966_20221231",2.551477170993733,3.573073184043116,3,20.056150201789787,-0.34110483857213514,5,"OH"
147491,5.267535714285715,"SL",29975,2291,"29975_20221231",1.2945625072241211,2.8855285757585962,28,9.494946824331917,0.7058902771697033,5,"OH"
122548,5.328173913043479,"SB",29980,1353,"29980_20221231",2.7373369730057626,2.327559125078934,23,7.634458164527789,-0.1705607402494788,7,"IL"
34814,4.35175,"SI",29986,457,"29986_20221231",1.2199254490003388,2.6976095114085257,8,19.974473516273132,0.282946822479713,5,"IL"
327504,6.179320754716981,"SL",29988,4470,"29988_20221231",0,2.4397805369861874,53,24.10346162781693,1.0593441119615679,4,"KS"
602280,6.767191011235955,"SI",29995,7913,"29995_20221231",0.5085116231228143,2.4461963206106407,89,11.271854918561147,0.7907373845198159,4,"PA"
48353,3.4537857142857145,"SB",29999,994,"29999_20221231",1.0770304299020053,3.8148639926991392,14,25.568322213985667,-0.3329784303972309,5,"SC"
16117865,15.663620019436346,"SB",30012,106184,"30012_20221231",0.23603550999308334,1.2813504918592837,1029,9.954480852082622,0.5164140424762248,5,"OH"
15829,7.9145,"SI",30031,225,"30031_20221231",1.1827573922337016,2.2289553091356122,2,24.059350153383836,0.8381865368615812,5,"PA"
1092301,10.30472641509434,"SI",30039,14518,"30039_20221231",0.4623093662326451,2.0437755651073353,106,10.40662757179319,0.408602257372228,4,"NJ"
63851,4.911615384615384,"SI",30043,929,"30043_20221231",1.1930222371099486,2.6305778129045767,13,11.240159014732248,0.4497344355021838,5,"IL"
2040012,10.303090909090908,"SI",30052,28240,"30052_20221231",0.525070107505726,2.5562283522073734,198,14.6123582481364,0.2033501764075458,4,"NJ"
189900,5.275,"SB",30058,1947,"30058_20221231",1.9694377922226023,2.06771309020624,36,9.694304752641052,0.3801958327138336,8,"IN"
34385,6.877,"SL",30065,540,"30065_20221231",0,3.891451396916597,5,36.63414634146341,0.028613613212622038,5,"IN"
47322,6.760285714285715,"SM",30067,666,"30067_20221231",3.285724857544587,2.644207863757244,7,13.510673234811165,0.7471349000788281,8,"IA"
128944,7.584941176470589,"SI",30072,1804,"30072_20221231",0.5333153959986932,2.3975079093448697,17,15.915371931535798,0.4533070237492099,5,"NJ"
3812457,12.582366336633664,"SL",30076,44134,"30076_20221231",0.2946883844612399,1.887622301217498,303,10.395311315488302,0.800323705590766,4,"NJ"
146987,4.741516129032258,"SL",30084,2055,"30084_20221231",0.36029724522731255,2.6637320911348734,31,10.126650029772458,0.7356160439239693,2,"OH"
378977,10.827914285714286,"SI",30085,4235,"30085_20221231",0.344435077268269,2.264553231407198,35,9.996052839324246,0.5973056969554585,4,"PA"
101588,5.975764705882353,"SI",30103,1353,"30103_20221231",0.16799664006719867,2.273117974168859,17,13.740656797029462,0.3755829944989237,5,"NJ"
566560,7.357922077922079,"SB",30111,6390,"30111_20221231",0.2530383066750397,2.1088942382159406,77,14.94068633885822,0.8575526039094632,5,"SC"
621206,7.223325581395349,"SI",30117,8047,"30117_20221231",0.281809317943643,2.341656764254407,86,10.952619689044058,0.7972857984285644,4,"PA"
221830,4.621458333333334,"SI",30119,3225,"30119_20221231",0.5545027023232961,2.8389487367760635,48,13.717688563508801,0.4108944139549324,5,"PA"
107687,7.179133333333334,"SI",30121,1067,"30121_20221231",0,2.0879213562117536,15,21.381597758334763,0.19023699969074773,5,"PA"
62640,4.818461538461539,"SI",30128,974,"30128_20221231",0.6370784388025768,2.8673777290110207,13,8.955929330464828,0.24204088877414356,8,"IN"
268858,6.252511627906977,"SB",30133,3580,"30133_20221231",0.5052337561870598,2.3756237437701646,43,15.377954176438752,0.8879131304715366,4,"IN"
180572,6.449,"SB",30150,2843,"30150_20221231",0.14800369138618516,2.594970288624788,28,20.46049839011916,0.2774830220713073,5,"KS"
30012,7.503,"SI",30152,356,"30152_20221231",4.39798836406666,1.77132314315366,4,10.394749859842364,0.5669515304488206,5,"IL"
285811,14.29055,"SI",30154,1984,"30154_20221231",0,1.0608485315781477,20,33.6222794019466,0.2499854426147875,7,"PA"
555565,13.889125000000002,"SB",30155,4514,"30155_20221231",1.016148111621155,1.4400888665179772,40,22.723736360950316,0.6625068342170808,5,"PA"
121198,7.129294117647059,"NM",30166,1597,"30166_20221231",0.33537604456824516,2.8644842183290424,17,11.277533039647578,0.9523350490876363,4,"AL"
421805,7.149237288135593,"SB",30167,7350,"30167_20221231",0.08875954014104918,2.7704662803267346,59,17.75156167771503,1.1419184753361822,4,"AL"
39365,6.560833333333334,"NM",30176,588,"30176_20221231",0,2.8931337932800503,6,12.634524869609464,0.4136565764008923,5,"OH"
365190,4.508518518518518,"SM",3017,7274,"3017_20221231",0.09805984146397996,3.381177587755843,81,9.814008487313234,1.1468423723054149,4,"CO"
1941231,4.6330095465393795,"SM",30182,44435,"30182_20221231",0.3210889268742548,4.082578850438523,419,9.820016187782436,0.8716973570734823,4,"MT"
159056,8.371368421052631,"SI",30183,1644,"30183_20221231",0.7297056199821588,2.192650261781438,19,13.09591081886366,0.3748827298082052,7,"NJ"
30692,5.115333333333333,"N",3018,414,"3018_20221231",1.5031921067904817,2.8366850525883036,6,10.532422755602704,1.1613964164582549,2,"CO"
110521,5.023681818181818,"NM",3019,1796,"3019_20221231",0.5135173290040235,2.954410293968605,22,10.538825826042947,1.0211359850998285,4,"CO"
272593,4.326873015873016,"NM",30219,5123,"30219_20221231",0.8928047277067882,3.3405905118173207,63,7.725632564873266,0.2870249390345883,4,"OH"
62270,4.1513333333333335,"N",30220,1030,"30220_20221231",0.021510002151000216,2.8291286345375344,15,10.049431300091184,0.10005079501900967,5,"IL"
539043,7.18724,"SI",30260,9284,"30260_20221231",0.6515059602191743,2.8103690791817266,75,10.767680161263229,0.6784802605364201,5,"NY"
278738,3.5283291139240505,"SI",30270,5784,"30270_20221231",0.15354956211733706,3.3553626463716437,79,15.338086984843374,0.6592776123010792,4,"LA"
57457,3.0240526315789475,"SI",30291,1181,"30291_20221231",0.021252479455936526,3.778291599501091,19,18.90804496285447,0.6400484321548663,2,"TX"
150257,6.2607083333333335,"N",3029,1374,"3029_20221231",0,1.8552288497177087,24,9.987255477110432,1.1562351851053743,2,"CO"
2127713,11.501151351351352,"SB",30303,19057,"30303_20221231",2.0501074226612093,1.829866525117126,185,33.165855201172285,1.1829064989837745,4,"NY"
270873,5.41746,"SI",30313,4345,"30313_20221231",0.020768911247519267,2.638313552987298,50,6.594518204470229,-1.393766546380305,5,"WI"
431413,9.179,"SB",30315,4856,"30315_20221231",0.49041824220573216,1.913647380935736,47,17.015522584661465,0.9535052268015053,5,"NC"
824071,5.644321917808219,"NM",3031,10935,"3031_20221231",0.02074108133502594,2.0937527245157526,146,9.16389021476887,1.3720721540882548,2,"CO"
58961,3.1032105263157894,"SI",30332,1574,"30332_20221231",2.1652450411346087,4.859211637331003,19,31.32152145643693,1.7001535517397641,8,"LA"
78335,6.025769230769232,"SB",30339,1211,"30339_20221231",3.7661354663175337,2.9728243795161795,13,14.700645008112065,1.0995915802701852,8,"LA"
568358,7.016765432098766,"N",3034,6603,"3034_20221231",0.013267796589250615,1.8894210727926182,81,10.386972725820003,1.5970211471512747,2,"CO"
551789,10.218314814814814,"SB",30350,4993,"30350_20221231",0.37584603553731216,2.299962269953552,54,11.038686794314525,0.726111639299295,5,"VT"
166716,9.806823529411766,"SI",30357,1550,"30357_20221231",0.9945408356305064,1.5637603070130488,17,26.357668589616072,0.3412059883459467,7,"IL"
56413,9.402166666666668,"SB",30358,817,"30358_20221231",0.24790640021767393,2.5374899183902233,6,23.35493388124967,0.6595765040394789,5,"NC"
331161,7.701418604651163,"SI",30367,4459,"30367_20221231",0,2.5865341488339983,43,8.716562279397408,0.3027057091404204,8,"NJ"
18626645,6.035853856124433,"NM",30387,198428,"30387_20221231",1.4738527388924518,2.3048805428526036,3086,11.42972455016594,1.5878380062715203,4,"PR"
108280,6.369411764705882,"SL",30388,1345,"30388_20221231",0.2972639978096337,2.0253341130646123,17,12.037856484909785,0.06885241797173296,8,"CO"
712939,6.601287037037037,"SB",30394,12210,"30394_20221231",2.222756238187027,3.8175037292129885,108,10.571782376981629,-0.1872205853662311,4,"NY"
49795,4.9795,"SB",30395,1043,"30395_20221231",0.7724137931034483,3.2862326439037517,10,22.542443723503773,0.20180356994472168,8,"NE"
616636,14.681809523809523,"SB",30397,4101,"30397_20221231",0.33024208766916485,1.4485741330668318,42,16.111473732201954,0.5317049278584338,5,"NY"
375602,4.268204545454545,"NM",303,4963,"303_20221231",1.6811218742960126,2.7781157266105616,88,11.552658630034577,1.702733153838423,4,"KY"
2660709,9.143329896907217,"SI",30401,34868,"30401_20221231",0.08126599744213832,2.2507628133502813,291,12.739943874486261,0.8501868640270699,4,"PA"
332383,5.361016129032258,"SI",30402,4650,"30402_20221231",0.21628820816501745,2.5564856665071147,62,8.601539479223044,0.48170084854862505,5,"NJ"
322879,6.209211538461539,"SB",30422,5314,"30422_20221231",0.059676845792578,2.6333995536733075,52,22.601088880935716,0.7954247910696226,4,"WI"
627019,8.957414285714286,"SI",30428,7261,"30428_20221231",0.05897479102411007,2.0129528037703635,70,12.093164131516254,0.5663256808786391,4,"NJ"
172281,7.830954545454546,"SB",30429,2459,"30429_20221231",1.220331744326996,2.3576342718390473,22,14.663524635584668,0.7203561311210037,5,"NY"
251122,7.8475625,"SI",30431,3225,"30431_20221231",2.4273721939256743,2.6344863101314817,32,8.594675629276786,0.5779005879367263,4,"PA"
121849,12.1849,"SI",30434,2002,"30434_20221231",0.2522663500971293,2.6254418877543473,10,21.854727737369767,0.40593686777798044,4,"NC"
173686,5.602774193548387,"NM",30439,3907,"30439_20221231",0.26757206457705623,3.540088572547199,31,14.648151645342525,0.31473966282414667,4,"OH"
1196746,5.726057416267943,"SL",30441,15406,"30441_20221231",0.13086036913039167,2.291067188753821,209,10.28885366693015,0.548544130363375,5,"LA"
57302,5.7302,"SL",30447,906,"30447_20221231",0.9585473486218622,2.882760704510879,10,28.96868685062322,0.2266155581242556,8,"LA"
616578,4.706702290076335,"SI",30464,13466,"30464_20221231",0.6206415620641562,3.79973532059611,131,8.683033874723474,0.4766224513771138,4,"PA"
2778051,12.184434210526316,"SI",30470,28148,"30470_20221231",0.08340044674377826,1.83617579313609,228,9.207211624808695,0.8883235366904607,4,"NJ"
80987,4.04935,"N",3047,1668,"3047_20221231",0,3.6816577435951037,20,10.764053464783393,0.5973786596865603,4,"CO"
35612,7.122400000000001,"SB",30492,510,"30492_20221231",0.19319165944973685,2.4196006706294773,5,24.364846870838882,0.20140658000740308,8,"MN"
64359,4.597071428571428,"NM",304,876,"304_20221231",0.7840871574777154,2.3773653127636494,14,19.512920442628854,0.7653368687477401,2,"KY"
199267,4.634116279069767,"SI",30516,3179,"30516_20221231",0.4728381530506141,3.059517344917907,43,11.606984734176319,0.3503721331374178,4,"WI"
293064,12.211,"SB",30519,2842,"30519_20221231",0.02384746926003048,1.7185605219559685,24,15.193102625465826,0.7959145331260995,4,"NJ"
699568,5.979213675213675,"SB",30530,9545,"30530_20221231",0.5151301172863958,2.7098498861979867,117,12.401823451102615,0.8479589150228913,4,"NY"
1126810,7.665374149659864,"SI",30544,12868,"30544_20221231",0.5072085174882447,2.374135091515616,147,15.669917951860551,0.5969046118221708,5,"PA"
166960,7.58909090909091,"SB",30551,1670,"30551_20221231",0.9378462512530997,1.5164984882239672,22,25.649274789266524,0.4285628269562476,5,"PA"
74934,5.352428571428571,"SI",30585,1045,"30585_20221231",0.6307695849351965,2.1736844871997056,14,11.286148455852102,0.5835041791515534,8,"WI"
165840,4.87764705882353,"SM",30595,2478,"30595_20221231",0,2.3110176968825873,34,9.219253198711812,0.5543735210040498,4,"MO"
9554,2.3885,"SI",30618,183,"30618_20221231",4.580965909090909,4.133720348313482,4,7.298245614035087,-2.01181062956661,7,"IL"
117074,6.161789473684211,"SI",30619,1323,"30619_20221231",0.212048802873736,2.4597766791521796,19,9.281216264843469,0.8566293594316012,8,"SC"
317862,6.91004347826087,"SI",30637,3693,"30637_20221231",0.211302394898853,2.0072108598805984,46,12.79303048678218,0.5960907475949577,5,"PA"
239949,9.997875,"N",3063,2190,"3063_20221231",3.4502241139025953,1.6036126873116157,24,12.305368796365025,0.9542465000647716,2,"CO"
65541,5.958272727272727,"SI",30656,720,"30656_20221231",0,2.019025026970002,11,8.038847876074065,0.16837625686170496,8,"IL"
12922116,9.055442186405045,"N",3066,117609,"3066_20221231",0.37661340167928115,1.6032725700552228,1427,9.945170872210305,1.689115030988205,4,"TX"
705466,8.01665909090909,"N",3067,9153,"3067_20221231",0.899434923180935,2.271876984034266,88,11.252010727587948,2.0066419806290465,4,"TX"
344147,4.98763768115942,"SB",30680,5076,"30680_20221231",0.3042170646519025,2.2359091173913686,69,16.0263296563811,0.9027600868660258,6,"MD"
87898,6.278428571428571,"NM",30688,1301,"30688_20221231",0,3.487450872768886,14,10.42495339642132,0.26796671516821063,4,"OH"
204607,2.2000752688172045,"SL",30692,3953,"30692_20221231",3.0433648176172836,4.097492636187907,93,8.877610016397016,0.26810371636176544,8,"GU"
360790,6.115084745762712,"NM",306,5497,"306_20221231",0.3929976743957845,2.7657040299292412,59,9.668990866450235,0.8660968596731435,4,"LA"
821617,9.028758241758242,"SI",30704,10313,"30704_20221231",0.5777751433694412,2.199971685885414,91,11.22794198419389,1.0550259304263176,4,"NJ"
162793,3.4636808510638297,"SL",30707,3123,"30707_20221231",0,3.092065721273722,47,16.236560450544896,0.35467112584279026,5,"CO"
334499,5.574983333333334,"SB",30722,6221,"30722_20221231",0,3.2839718628813084,60,19.359261152032413,0.26871187206016417,4,"CA"
223481,4.9662444444444445,"N",3075,3374,"3075_20221231",0.020100502512562814,2.505434098709124,45,9.937574195528633,0.8523455118101683,4,"TX"
18252788,11.97689501312336,"NM",3076,197201,"3076_20221231",0.27695500066699363,1.8793547799738741,1524,10.993298250875183,1.2271397047120276,4,"TX"
6649091,5.781818260869565,"N",30776,175917,"30776_20221231",1.157743755776178,5.867233496724329,1150,8.485099467553638,1.736733924737939,4,"SD"
26612483,7.866533550103458,"NM",30788,310013,"30788_20221231",0.21436352252416027,1.9469642737669692,3383,8.969992762909477,1.1904403210175025,4,"MT"
80879,5.391933333333333,"N",3078,1107,"3078_20221231",0.8422193217918093,2.7798030210783984,15,7.591937850253746,2.02440814874389,8,"TX"
107989,6.352294117647059,"N",3079,1127,"3079_20221231",0,2.0766281380314013,17,9.928596690786392,0.7603108411929883,2,"TX"
183373,4.074955555555555,"NM",307,3415,"307_20221231",1.5130019763332048,3.2739596573273917,45,10.284849868706473,1.0601130934155136,4,"LA"
342021,6.000368421052632,"SB",30812,5010,"30812_20221231",0.17508183172569788,2.5761528336188095,57,9.812881336187438,0.48554822156765787,5,"MS"
238339,5.071042553191489,"SI",30819,4126,"30819_20221231",1.6321979763092374,2.7027809965237544,47,11.57889839970227,0.4990895547094852,8,"IL"
2170062,8.443821011673151,"SM",30836,21610,"30836_20221231",0.17751045823453435,1.76947762028048,257,10.873758603168737,0.7723306163533408,5,"HI"
1578620,6.118682170542636,"NM",30846,40234,"30846_20221231",0.21585850563112796,4.013188177996439,258,7.684734462650869,0.4498522016594654,4,"GA"
328083,6.8350625,"SI",30864,4109,"30864_20221231",0.15862126224071105,2.389554641387945,48,8.144191426119617,0.6068194013105478,8,"IL"
101068,10.1068,"SL",30878,976,"30878_20221231",0.8694054980713892,1.7292171145812434,10,12.66991155695376,0.3118748845367665,5,"ME"
1271037,7.894639751552795,"SB",30879,16382,"30879_20221231",0.09960168883170659,2.1775961623468976,161,9.553110294734477,0.7822520726840013,4,"CA"
260487,6.353341463414635,"N",3087,4109,"3087_20221231",0.07713945616683401,2.2943266107648848,41,9.049741739191962,1.7080959181453046,4,"TX"
93220,7.7683333333333335,"SL",30889,1143,"30889_20221231",0,2.255950959894473,12,9.812146021420961,0.6016673057121016,5,"OH"
3078918,6.195006036217304,"N",30895,50149,"30895_20221231",0.2128101870017442,3.207625935494459,497,10.024143460682023,0.9635475899503843,4,"KS"
2408423,12.287872448979593,"NM",30903,21843,"30903_20221231",0.3384638189589149,1.527018957577612,196,10.327075873863265,1.3760128523068489,4,"MD"
969875,6.380756578947368,"N",3091,13593,"3091_20221231",0.012317167051578136,2.3910962699617855,152,11.001545833671464,1.548979108890395,4,"TX"
133242,4.037636363636364,"N",30943,2460,"30943_20221231",0.6596272662817786,3.0733534451976188,33,13.412794789886068,0.3703012518239541,8,"MN"
2730489,10.66597265625,"SB",30953,18636,"30953_20221231",0.3446773726073472,1.3277200055932306,256,9.779626512437597,0.6100258658609697,5,"CA"
167609,8.821526315789475,"SM",30969,1625,"30969_20221231",0,1.7659104065036502,19,10.566921969550613,0.8211164633850909,5,"IL"
204781,4.550688888888889,"SL",30976,2570,"30976_20221231",0.7309240797546013,3.5018893800071034,45,10.721733057903707,1.050751805517187,5,"NY"
153881,8.548944444444444,"SL",30987,1390,"30987_20221231",0.8485168982260469,1.9504864536574542,18,19.39530645088319,0.20763661515980883,7,"SC"
180579,5.311147058823529,"N",3098,5031,"3098_20221231",0.08668925841279848,5.239941595949695,34,10.564326706540426,-0.9712624358799996,4,"TX"
1111332,0.3945090521831736,"SB",30996,304149,"30996_20221231",4.002029366121524,48.10062411343971,2817,8.637194716745274,-2.01217145354893,5,"NJ"
758554,11.321701492537313,"N",3099,6063,"3099_20221231",0.019220024583752375,1.8264921650685544,67,11.153182498763794,1.429707253650346,7,"TX"
539421,4.948816513761468,"NM",31028,7987,"31028_20221231",0.1130853060798832,2.5898926715939306,109,8.485933244112708,0.984870024524822,4,"MN"
582041,16.167805555555557,"N",3103,2835,"3103_20221231",0,0.9640648406029347,36,9.475517119286799,1.3173841536196436,7,"TX"
273336,8.282909090909092,"NM",31043,3445,"31043_20221231",1.4084159940853922,2.303427684537276,33,9.226497759113391,1.3140717893407692,4,"TX"
254944,5.09888,"SB",31077,4289,"31077_20221231",0.5496040987424313,3.18089912394491,50,9.204032547751801,0.41722984898916393,4,"NC"
146660,10.475714285714286,"SL",31083,1712,"31083_20221231",0.2527231191992319,2.0123133758277394,14,13.09437174751816,0.3688782385238264,8,"MD"
123411,6.495315789473684,"SB",31089,1586,"31089_20221231",0.0014848471349874531,2.339316791315194,19,11.01876743811325,0.8011358874367103,8,"SC"
962003,5.0366649214659684,"N",3108,18595,"3108_20221231",0.16290340500978828,3.01910890480282,191,9.270614690363363,1.5621130812402673,4,"TX"
45930,5.1033333333333335,"SB",31090,591,"31090_20221231",0.34204405527431936,2.748383818917641,9,19.021303339618143,0.38762066609436047,5,"KY"
144914,6.900666666666668,"N",3109,1492,"3109_20221231",0,2.306680992026512,21,9.458621034724308,1.5319659041532832,8,"TX"
1316994,5.084918918918919,"NM",31100,19572,"31100_20221231",1.1149627068499988,2.560036590707261,259,10.406284438833689,0.8143905535886389,4,"SC"
243549,5.6639302325581395,"N",3110,3611,"3110_20221231",0.0027462417681403,2.7875386029720204,43,8.85010275102453,1.877051576308262,4,"TX"
237620,7.200606060606061,"SM",31121,2844,"31121_20221231",0.7268967968081154,3.02151592373864,33,9.079352026281452,4.358044791413855,4,"MD"
139570,1.2923148148148147,"SB",31127,10765,"31127_20221231",0.518425483017557,12.787031882353677,108,12.110256097064452,-0.5887632999518355,5,"AL"
468335,7.937881355932204,"N",3113,5829,"3113_20221231",0.04991109586049849,2.0795963146588536,59,10.022041404882067,1.2323375949012831,4,"TX"
301633,5.914372549019608,"NM",31146,3711,"31146_20221231",0.0773874013310633,2.2043374932549566,51,10.260850994250399,1.033283199963261,4,"TN"
240011,3.4784202898550722,"NM",31158,5121,"31158_20221231",0.7636975271087572,3.2607564122070167,69,10.83142888680842,1.309267370814949,4,"MS"
1433961,15.254904255319149,"SM",3116,15301,"3116_20221231",0.001200423749583603,1.6561690777048732,94,10.350051622781448,2.3084149451918767,4,"TX"
387454,5.535057142857143,"SB",31184,5136,"31184_20221231",0.31829872438851775,2.251735787481902,70,14.342653044956272,0.4650046347249425,5,"PA"
2300787,9.094019762845852,"SB",31189,26347,"31189_20221231",1.0860974428269128,3.91378009177303,253,20.47028014801896,-1.1409803713868956,4,"NY"
81201,9.022333333333334,"SB",31197,799,"31197_20221231",2.002604345144267,1.6463580132280042,9,23.21367395879215,1.1130475360579783,5,"KY"
164514,4.83864705882353,"SB",31198,3396,"31198_20221231",0.2210949747108758,3.6244548596886204,34,15.470814620797016,1.2547153619005023,4,"TN"
420575,5.683445945945945,"SM",31217,6393,"31217_20221231",0.38402635975496563,2.5487141718736908,74,10.929494285526339,1.1069188639432321,4,"NC"
631768,3.433521739130435,"NM",3121,26908,"3121_20221231",0.24165843881622495,5.703613155625428,184,12.29155037819035,1.8285887528943903,4,"TX"
1146163,5.8180862944162435,"NM",31223,14211,"31223_20221231",0.26188101654394863,2.1706002646790576,197,9.181366555223983,1.0353958032233783,4,"IN"
76465,5.461785714285715,"SB",31232,889,"31232_20221231",0.6003609106052193,2.5021238186258894,14,20.502235077570337,0.47653180418392266,7,"TN"
496449,5.17134375,"NM",31236,7449,"31236_20221231",0.73803133316964,2.939774953419947,96,10.788613621691413,1.0314004607160177,4,"KY"
193576,8.416347826086957,"NM",31249,1276,"31249_20221231",0.04075997633291697,1.5538808972402418,23,8.67818545628501,0.7928803254614338,4,"MN"
32044,6.408800000000001,"SI",31266,341,"31266_20221231",2.1819181093707063,2.0555675764185755,5,21.288855193328278,0.2923993707565541,8,"NC"
59741,9.956833333333334,"SB",31267,785,"31267_20221231",0.5681136227245449,2.5308278137976736,6,27.115158149640905,-0.19980219582613215,4,"MD"
650424,6.77525,"N",3126,7511,"3126_20221231",0.03019452240394851,2.546131164887278,96,8.882268425277694,1.3040282889665253,2,"TX"
272901,4.264078125,"SM",31272,4257,"31272_20221231",0.0802596072919107,3.298906200653582,64,8.611643824937245,1.0421125732892473,4,"TN"
602839,7.728705128205129,"N",3127,6097,"3127_20221231",0.020628774532236608,1.6210690033762978,78,10.313837613697165,1.0399875893926591,4,"TX"
3765448,5.386907010014306,"SB",31313,69447,"31313_20221231",3.7027186397620113,3.1781321000540106,699,8.784640421574705,1.1805123620510858,9,"FL"
92179,5.422294117647059,"SL",31329,1008,"31329_20221231",1.3758735416757473,2.070753271811898,17,22.221000670631824,0.8821886971202839,5,"MO"
74804,6.233666666666667,"NM",3133,1018,"3133_20221231",0,2.5587130842417536,12,6.82394151286372,0.8905191658758493,7,"TX"
15227,3.80675,"SI",31345,205,"31345_20221231",0.16381507098653078,3.155256428198832,4,15.232307390707705,0.8333439356734819,5,"NC"
1099887,2.385872017353579,"SB",31361,58584,"31361_20221231",7.533508905106288,8.396814801824888,461,8.135391664371374,1.0862469621167814,5,"TX"
659945,4.3704966887417225,"N",31390,20780,"31390_20221231",0.4114001136763472,4.841582991361282,151,13.013403351814326,-0.10435362725309658,4,"FL"
226073,6.649205882352941,"SB",31406,4044,"31406_20221231",0,2.9062080447035674,34,18.805253961768823,0.28058766961737197,4,"CA"
35412,5.902,"SB",31409,589,"31409_20221231",2.1950811443868163,3.0495808222697596,6,28.76331897528905,0.377008618137745,5,"KY"
224256,9.344,"NM",3140,3068,"3140_20221231",0.018408904245376532,1.9852050917610866,24,9.835810684744075,1.6698028445981454,2,"TX"
143309,5.971208333333333,"SL",31410,2346,"31410_20221231",0.15998976065531806,3.179906125343112,24,8.317507734983463,0.2762298754573018,5,"SC"
236734,7.891133333333333,"N",3144,2912,"3144_20221231",0.4182123497149133,2.365275063864603,30,10.573946780247121,1.1093074770544382,8,"TX"
877861,9.050113402061855,"SI",31461,8714,"31461_20221231",0.39823061404208315,1.639189266443564,97,9.31233719837747,1.2080088302938887,4,"PA"
9709667,4.371754615038271,"NM",31469,130263,"31469_20221231",2.5293964768876376,3.3960258721439303,2221,9.416747998234664,1.6275627321320425,9,"PR"
142529,5.9387083333333335,"NM",31479,1408,"31479_20221231",0.22807292631819026,1.8590561800249725,24,8.982231422180853,0.9361254130271436,4,"AL"
494217,5.883535714285714,"SM",31485,7789,"31485_20221231",0.11772747119105911,3.11928813380959,84,8.841217311237688,0.9311500976004016,4,"NE"
161439,2.989611111111111,"SM",31488,2885,"31488_20221231",0.08588066079233637,3.8166505544773717,54,9.203952752635372,1.3562102192469188,2,"MO"
56456,7.057,"N",3149,556,"3149_20221231",1.0356359451975978,2.0271565773648708,8,12.428677747457206,0.8994091091317913,8,"TX"
54239,4.930818181818182,"NM",314,830,"314_20221231",0.16766467065868262,2.8136143621002687,11,9.64885219127121,0.623754889278709,2,"LA"
584189,4.264153284671533,"SB",31516,13419,"31516_20221231",0.8979562816161539,3.717330286978779,137,9.346288690065554,0.3844628580631363,5,"IN"
203025,9.228409090909091,"NM",31539,2118,"31539_20221231",1.0448191789655894,2.0835404009110268,22,17.273692883448984,0.738041715217405,5,"OH"
125356,3.6869411764705884,"NM",31545,2346,"31545_20221231",0.14720694196947393,3.636335321508106,34,10.932999279884783,0.7303816984099794,4,"TN"
67973,11.328833333333334,"N",3158,437,"3158_20221231",0,1.2244398187829069,6,13.868270500220037,0.4285539365740174,2,"TX"
521191,8.272873015873015,"N",3161,6166,"3161_20221231",0.03821398498545869,2.1428814482101535,63,8.7609661144419,1.0378385735674425,4,"TX"
64087895,20.313120443740097,"SM",31628,470624,"31628_20221231",0.20622762419088198,1.3584459641294557,3155,9.659070141353723,1.823788415436147,4,"CA"
322477,4.299693333333334,"SI",31694,4225,"31694_20221231",0.12164952071258546,2.4256047516613775,75,11.26938042786539,0.892986405338957,8,"TN"
157961,4.6459117647058825,"NM",3170,2117,"3170_20221231",0.3430722790915268,2.4739607631955685,34,8.500925966070621,0.8330956233821284,2,"TX"
91962,5.109,"NM",31711,902,"31711_20221231",1.470955529557136,2.460150739556503,18,15.263141238646794,1.6440586118229727,2,"AR"
25674,5.1348,"SB",31723,499,"31723_20221231",1.9580172869994708,3.3384405089150255,5,12.515121951219513,-0.3454854069968305,5,"KY"
138484,4.1964848484848485,"NM",31762,2598,"31762_20221231",0.13943026959911253,3.4465305023800954,33,8.850706208474502,0.9662280971231124,4,"TX"
39751,5.678714285714285,"SB",31774,666,"31774_20221231",0,2.8618152085036797,7,13.87192068896455,-0.3097202606605714,5,"SC"
676516,12.764452830188679,"NM",3178,8672,"3178_20221231",0,2.0778890854251273,53,9.936311188966119,1.3492319794101715,4,"TX"
144334,5.5513076923076925,"N",3179,3222,"3179_20221231",0,3.7081913736351115,26,10.521581489323424,1.1631196092255862,2,"TX"
262016,3.6903661971830988,"SB",31823,5113,"31823_20221231",0.7665402348452157,3.0967499996309,71,11.705178507248114,0.5979421930157398,4,"FL"
1123771,17.026833333333332,"NM",3182,13734,"3182_20221231",0.4293442055053695,2.1850118431314187,66,9.331164762025484,0.7867395583782786,4,"TX"
882038,10.889358024691358,"N",3183,13442,"3183_20221231",0.40338280615847577,2.0344982827582223,81,11.115456451819536,2.90469385298435,4,"TX"
891834,15.37644827586207,"SM",31840,11456,"31840_20221231",0.009199578449696355,1.8464951510902938,58,11.350645838489957,1.6309827198868774,4,"TN"
78741,4.9213125,"N",3184,1441,"3184_20221231",0.8403516890328552,3.250190729755399,16,15.474576688931062,2.4768918575261702,4,"TX"
116006,2.90015,"SB",31864,3948,"31864_20221231",1.3705258064855426,5.506297050284801,40,13.220479240123767,0.745887802771562,5,"MS"
142999,7.944388888888889,"SI",31900,1787,"31900_20221231",0.05154274510596582,2.5720718816355976,18,21.730344568976292,0.4793654646844711,5,"SC"
221395,3.304402985074627,"SI",31905,4279,"31905_20221231",0.1707578815223774,3.2443090651993933,67,11.188663863775842,0.7770772736264462,8,"TX"
157749,5.842555555555555,"N",3190,1858,"3190_20221231",0.08405904307185366,2.4957520457087456,27,8.17769953340638,1.4479654003176181,8,"TX"
362870,4.269058823529412,"SM",31928,5912,"31928_20221231",0.17084869897103955,2.906422363015876,85,9.05257685414472,1.0798146532938786,6,"VA"
370405,10.583,"SI",31936,3740,"31936_20221231",0.01869301227507806,1.8353437764685079,35,9.884227105339528,1.461003453122237,5,"TX"
586874,19.56246666666667,"N",3193,2253,"3193_20221231",2.6989351938112884,0.7414023959284134,30,11.254681196319124,1.609420338754302,7,"TX"
5999551,7.9781263297872345,"SB",31945,44462,"31945_20221231",0.36936948166790295,1.6076430324255226,752,10.071878539088878,1.2489072650254733,5,"NY"
616490,19.2653125,"NM",3195,2932,"3195_20221231",0,0.9891516629063856,32,11.312852382263465,1.509653455305321,7,"TX"
68688,8.586,"SB",31972,944,"31972_20221231",0.17427894050964815,2.54739372639466,8,14.900232839164138,2.6236629996400094,5,"SD"
154387,11.027642857142856,"N",3197,1163,"3197_20221231",0,1.5019307578846186,14,10.586105820534641,1.6269190186557063,2,"TX"
162317,5.236032258064516,"SB",31994,1673,"31994_20221231",1.08054234344471,2.25422814094871,31,11.154439386023833,0.28277964380854276,5,"PA"
596220,8.767941176470588,"SM",31999,6783,"31999_20221231",0.15136952272167975,1.7375741682131463,68,13.807434543548917,1.3538935666570202,2,"NE"
76685,3.651666666666667,"SI",32018,1386,"32018_20221231",0.170307604970459,3.605303481201008,21,8.309469919593843,0.7268859143692935,8,"TX"
273211,4.793175438596491,"SM",32025,5256,"32025_20221231",0.06918316884536707,3.2123807675794764,57,9.344907648573427,0.5263568011563042,4,"AR"
674475,6.187844036697248,"N",3206,11719,"3206_20221231",0.0071655093983745855,2.761456499198234,109,11.882279484872875,1.2030195642725439,4,"TX"
253474,7.681030303030304,"N",32082,3226,"32082_20221231",0.10143495947912352,2.2610417885462484,33,9.646569820441412,1.5315699213630933,4,"MN"
848960,5.145212121212121,"NM",32084,11457,"32084_20221231",0.11081693130666027,2.4633091168126526,165,9.70273763649988,1.500150163939309,4,"OK"
1605411,7.869661764705882,"N",3210,19779,"3210_20221231",1.733574631848913,2.3202677019462863,204,13.316255160178672,1.3023789831969,4,"TX"
410056,4.020156862745098,"SI",32135,6419,"32135_20221231",0.25858047768095566,3.3674486952063676,102,11.152356480794058,1.1773151177801189,2,"TX"
21691786,15.169081118881119,"SM",32172,218728,"32172_20221231",0.21051223372041566,1.7923623359008094,1430,11.798690134847947,1.4037000241059594,4,"CA"
7971940,31.26250980392157,"NM",32178,37612,"32178_20221231",0.09227482468710194,0.8433389576183605,255,10.742479627209569,1.1408745634213802,4,"CA"
289364,7.82064864864865,"N",3217,2792,"3217_20221231",0.2879130926982192,1.9624464640881603,37,10.097394545101114,0.9307480493668765,2,"TX"
110900000,7.298453438631129,"SB",32188,2541000,"32188_20221231",1.0598290598290598,5.1971005319271315,15195,8.49128398886213,0.12159518160879841,9,"TX"
510181,3.9857890625,"N",3218,8443,"3218_20221231",0.4432545674058048,3.0132097086996055,128,9.774791733032155,1.2045198748795178,4,"TX"
311688,6.360979591836735,"N",3219,3896,"3219_20221231",1.4098874275929907,2.3599075810605057,49,12.247627867322265,0.9567398443358414,8,"TX"
148716,5.94864,"NM",321,1943,"321_20221231",0.7098077039001749,2.607266948581895,25,12.480661546254842,0.5696662806044118,4,"MS"
1115484,10.140763636363635,"NM",32203,14584,"32203_20221231",0.4045033848619239,2.2940104392187117,110,8.533892743517148,1.6698026310610057,4,"CA"
2444260,8.953333333333335,"SB",32232,35076,"32232_20221231",2.140971447711363,2.556107355744075,273,16.557940530584634,0.8472426218491612,5,"MI"
1191714,11.034388888888888,"SB",32242,9069,"32242_20221231",1.58694045422321,1.3949919969728701,108,8.355959776775888,1.2439308423097017,5,"OH"
11417843,7.7831240627130205,"SB",32245,134594,"32245_20221231",0.48855207921203925,2.422326301032214,1467,10.557631091101118,0.5851999231963617,5,"PA"
310557,3.6111279069767446,"SB",32257,5603,"32257_20221231",0.43584789147626546,3.6772624694657794,86,14.876756611143538,0.40079988642983366,5,"NY"
466608,15.5536,"N",3225,4400,"3225_20221231",0.09595400740683274,1.5909015122639554,30,9.22481837816611,1.866533957875089,4,"TX"
804412,6.817050847457628,"SM",3226,11577,"3226_20221231",2.302276162154928,2.287606931982916,118,9.833764226917477,0.9172722948094616,4,"TX"
122046,5.08525,"NM",32277,1953,"32277_20221231",0,2.8064040517554187,24,17.09418694307767,0.565720838583539,4,"CA"
1508627,20.115026666666665,"SB",32282,7623,"32282_20221231",0,0.8790892541628742,75,12.941228610913017,1.4649033570701933,4,"CA"
87221,5.4513125,"NM",32286,1727,"32286_20221231",0.019090475216472353,3.254392004340709,16,17.884724162212706,0.6360598033002156,4,"OH"
902137,5.500835365853659,"N",3228,12610,"3228_20221231",0.5608836267191889,2.16802790518721,164,9.859714677581346,1.058503844296017,8,"TX"
98153,4.4615,"NM",32292,1067,"32292_20221231",0.8530574249568892,2.853022322548282,22,9.475385112571368,1.0756942822794773,6,"OH"
139225,6.053260869565217,"NM",32293,1915,"32293_20221231",0.1213058087232832,2.1828930444246564,23,17.279721496953872,0.8258852500467224,4,"OH"
3307068,6.0128509090909095,"SL",32296,52273,"32296_20221231",0.24019164181394775,2.3853675590133006,550,11.963731863866766,1.4435354284950408,5,"OH"
25850,1.4361111111111111,"SL",32306,1776,"32306_20221231",0,9.953091171517922,18,10.241274994466169,0.5562905941784941,5,"OH"
74748,4.67175,"NM",32307,1028,"32307_20221231",0.04478193146417445,2.626107743623736,16,10.175154801840385,0.3979757807113518,5,"OH"
473512,8.455571428571428,"NM",3230,5393,"3230_20221231",0.2908363519119858,2.206933797846577,56,8.178599134155801,1.4117073205916773,4,"TX"
42913,6.130428571428572,"N",3232,450,"3232_20221231",0.3373715687777948,1.9461549226786092,7,14.002237800561733,0.5116856762997691,7,"TX"
137523,4.742172413793103,"SI",32348,1980,"32348_20221231",0.7762964150130719,2.6738816738816737,29,9.952356498915895,0.33910533910533913,5,"NC"
347273,3.9462840909090913,"SB",32360,9430,"32360_20221231",7.518632078704825,3.9540991607868037,88,26.792436778186612,1.4236652434950317,4,"MD"
800304,3.175809523809524,"SB",32363,25399,"32363_20221231",0.4112593824127759,4.615631213236881,252,11.550764024138752,0.3171743020053207,4,"MD"
41053,4.105300000000001,"N",3237,478,"3237_20221231",0.5728172192327721,3.1262258536725382,10,10.092849391052695,0.07893301696342292,2,"TX"
471573,3.102453947368421,"N",32441,20985,"32441_20221231",1.2494296643413232,6.7411900717212525,152,10.764076009278568,1.7256131513653838,4,"OH"
483178,5.490659090909091,"SB",32459,8147,"32459_20221231",0.37827451126004863,3.0394786243412004,88,9.96715227802713,1.5729173741057436,4,"LA"
9335429,10.225004381161007,"NM",32489,114290,"32489_20221231",0.3440812877949525,2.416885224117889,913,8.627812601734913,0.9118000047533058,4,"WA"
91167,5.362764705882353,"N",3248,937,"3248_20221231",0.3458807079515767,2.4187864076629895,17,18.132065718202863,1.3111579109740918,7,"TX"
449244,3.5939520000000003,"NM",324,8708,"324_20221231",1.314508921182429,3.0503406569398894,125,11.297314521941278,1.5508416168136585,4,"MS"
3954479,7.50375521821632,"N",3250,55437,"3250_20221231",0.32658742465661017,2.491581866445518,527,8.736847211396752,1.3130173819179163,4,"TX"
9545970,8.997144203581525,"SB",32526,114601,"32526_20221231",0.2753636033733965,2.2069269965448997,1061,7.775506911425925,0.8599049321770665,5,"HI"
836968,7.822130841121495,"SI",32527,9888,"32527_20221231",0.885205479038618,2.3751993069826844,107,13.388728473288673,1.4648495826558368,4,"MD"
221965,5.161976744186046,"NM",32532,2965,"32532_20221231",0.03810652891862139,2.5427400708941708,43,11.049939551752999,1.9128913093010311,4,"GA"
90036656,12.009691343203949,"N",32541,345410,"32541_20221231",0.9353475443616742,0.7928237474745562,7497,10.86742926727246,0.6100975030584991,4,"NY"
7589906,4.788584227129338,"N",32551,306473,"32551_20221231",0.8482603654550669,12.471244238301486,1585,12.541311970162669,2.1914866588038975,6,"UT"
221666,7.916642857142857,"N",3255,2434,"3255_20221231",0.0069017875629788115,2.0034241616639568,28,11.989746963840227,1.2531273337083355,5,"TX"
2362329,11.871,"SI",3256,24031,"3256_20221231",0,1.7199214103220166,199,7.836610018117432,1.9282685128713575,4,"TX"
6665954,47.9565035971223,"NM",32574,21171,"32574_20221231",14.807997351819571,3.7712514496581298,139,13.262388848749348,7.0051466891087895,9,"TX"
3170695,9.163858381502891,"N",32612,60853,"32612_20221231",0.9267344682103145,3.16196166266886,346,12.037856011317407,0.6003329634999828,4,"OH"
1371445,6.823109452736318,"SB",32629,18097,"32629_20221231",0.7629980708314478,4.809314871014096,201,15.1884329655037,2.018637536052942,4,"SD"
2471026,7.650235294117646,"NM",32647,34510,"32647_20221231",0.25330570981570444,2.581858106247816,323,8.423200088407778,0.9404645607072274,4,"IA"
331621,3.0147363636363633,"N",3268,6305,"3268_20221231",1.0529984317044634,3.145160149397318,110,9.649827697771357,1.6475911568860468,4,"TX"
598620,6.436774193548387,"N",3269,6635,"3269_20221231",0.04973639709539441,2.0708195259745135,93,10.447623859442494,0.7849846983218677,4,"TX"
1090690,8.940081967213116,"NM",32718,16257,"32718_20221231",1.0143935363674708,2.5152244491342852,122,9.341516937278497,0.849477149833096,5,"FL"
286162,5.299296296296296,"N",3275,5138,"3275_20221231",0.4104151853618584,3.0246849929468445,54,10.15934475055845,1.0991839944220096,7,"TX"
2728475,5.5120707070707065,"N",3276,46255,"3276_20221231",0.4959551494802425,2.622507270422911,495,12.588715286027153,1.3626933961951515,4,"TX"
22629483,10.863890062409986,"NM",32773,298186,"32773_20221231",0.2845410702795216,2.036989967758535,2083,11.407264294523477,0.900308086131495,4,"MA"
4148631,13.25441214057508,"NM",32779,41056,"32779_20221231",0.11622205676721085,1.711225303552914,313,9.493974939419866,1.1143831938279625,4,"CA"
492129,13.670250000000001,"N",3279,4882,"3279_20221231",2.3214602161970586,1.6573599476529006,36,11.142181340341656,0.9278318894712806,7,"TX"
204571,4.352574468085106,"NM",327,3393,"327_20221231",0.045391641295322444,3.3989154347909993,47,15.274839785338404,0.6501119302172991,4,"MS"
392666,6.437147540983607,"N",3281,3674,"3281_20221231",0,3.037711024594439,61,9.04575410615457,0.8967598870721883,7,"TX"
660103,4.460155405405406,"NM",32838,14422,"32838_20221231",0.04951761589185353,3.778560156552465,148,9.945228274846386,1.0419868783751491,4,"SC"
3944563,1.3583205922865014,"N",3285,164578,"3285_20221231",0.18598663176547156,8.96223463655373,2904,8.889805872553803,1.277591206162301,9,"TX"
712858,5.657603174603175,"N",3286,11146,"3286_20221231",0.4825365370324498,2.686193679363345,126,8.70500213766567,1.1957784194250123,4,"TX"
220598,7.878500000000001,"N",3289,2141,"3289_20221231",0.04623251255212716,1.9716273307008176,28,12.20138832106108,0.9317744278049582,8,"TX"
77385,3.685,"NM",32908,2214,"32908_20221231",0.019881506222911446,4.076644062450717,21,13.610117897178197,0.8279451190663932,4,"CA"
2018525,6.347562893081761,"SM",32912,20568,"32912_20221231",0.6636712968800812,2.3490206901718977,318,11.568251029261074,1.070219992158224,9,"KY"
434956,14.99848275862069,"N",3292,2268,"3292_20221231",3.0245031023241142,0.7976383620492664,29,8.880065717415116,0.8328667946315677,2,"TX"
209848,8.071076923076923,"NM",3293,2021,"3293_20221231",0.06059804764108328,1.827590475962268,26,9.194775341638502,1.303924152748824,8,"TX"
2790209,8.480878419452887,"SM",32941,31721,"32941_20221231",0.027799396554910236,2.0779226331798877,329,9.995665606189773,2.071619978368994,4,"TX"
33594,6.7188,"SB",32957,819,"32957_20221231",0,27.252515441700936,5,97.73906984845846,14.04549800434037,5,"CT"
4417042,8.381483870967743,"NC",32961,255210,"32961_20221231",0,16.971716061795917,527,62.82427154860445,13.10832099144201,9,"CA"
48131,3.4379285714285714,"NM",32968,820,"32968_20221231",0.9655969933506793,4.392489090886615,14,8.964916598822349,1.3577159056727388,7,"AL"
3069873,3.721058181818182,"NM",32974,112104,"32974_20221231",1.1077887506824668,5.754234100829169,825,8.53334683525898,1.7351723776679047,4,"LA"
201363000,610.1909090909091,"N",32992,109000,"32992_20221231",0.42685908364059255,0.5512430864289787,330,10.137523961742138,1.8533437474088506,9,"UT"
2111560,10.300292682926829,"NM",33005,25296,"33005_20221231",0.4234392479840444,1.8886167289001246,205,8.665606297256891,1.1067207773233019,4,"IL"
601767,6.916862068965518,"NM",33009,8316,"33009_20221231",0.08289654563078035,2.2860744101705666,87,10.277045818094928,1.4089466369135721,4,"DE"
278621,6.633833333333333,"NM",33010,4174,"33010_20221231",0.208955223880597,2.6566814812548287,42,10.785789907069757,1.0177698562653468,4,"GA"
57366,5.215090909090909,"N",33013,844,"33013_20221231",0,2.4469364355826504,11,18.179601080045295,0.6764031432646327,4,"CA"
457381,5.380952941176471,"SM",3301,7380,"3301_20221231",0.204912840782406,3.298915383003801,85,9.88757206158176,1.1632848505242002,4,"TX"
216989,5.710236842105263,"NM",33026,2837,"33026_20221231",1.4359146996750094,2.9023192789766736,38,10.772900052172616,3.095552767055837,4,"FL"
270427,3.919231884057971,"N",3302,11891,"3302_20221231",0.11842486410959838,7.901689957253842,69,8.008355464442685,-0.4318218675511684,4,"TX"
27311,4.551833333333334,"N",3303,300,"3303_20221231",0,2.342339708687486,6,7.876411083418853,0.266756316277982,7,"TX"
502423,5.126765306122449,"N",3305,7205,"3305_20221231",0.07351229493132727,2.7116133594894434,98,12.539911630007094,1.1465940257560572,7,"TX"
181369,8.244045454545455,"SB",33103,2740,"33103_20221231",0.31495029690626947,3.220249215744475,22,12.13425865205317,0.02735436709560642,5,"CA"
2028684,28.57301408450704,"SB",33111,9527,"33111_20221231",0.03688630331821146,0.7904526367782839,71,12.372370230857,2.0941718795131465,5,"CO"
1580780,7.9436180904522615,"NM",33119,19057,"33119_20221231",0.12715434541745407,2.11489003800134,199,7.800803462457051,1.1202114134141639,4,"KY"
485553000,94.06296009298721,"SM",33124,1535000,"33124_20221231",1.0141164018559314,1.1725742111679187,5162,9.38574416759499,0.6800598485860647,9,"NY"
131978,8.248625,"N",33131,1753,"33131_20221231",0.477902817111343,2.6427189713969894,16,9.243131117218448,1.3095921360700393,4,"MN"
610796,5.655518518518519,"SM",33136,8111,"33136_20221231",0.6942938253396762,2.56762930789427,108,8.777872266824255,0.9060508648838589,4,"PA"
255860,9.476296296296297,"NM",33137,4689,"33137_20221231",0,3.21827429833067,27,10.025801695539993,0.4516455485734795,4,"WI"
73314,14.6628,"NM",33183,1329,"33183_20221231",0,2.3331416947775034,5,7.787882138316103,1.3460876873382328,4,"WA"
1910220,7.64088,"NM",33188,29368,"33188_20221231",0.6386609072720055,4.315418699379067,250,10.103025326862275,-0.9341443903417223,4,"NY"
634388,8.458506666666667,"NM",33204,7221,"33204_20221231",0.042223064052782776,2.2290559720503675,75,9.751717104109895,1.530500209104109,4,"MN"
163503,5.450100000000001,"N",3320,1854,"3320_20221231",0,2.3316049234704073,30,12.608734020826503,0.7780342085281541,7,"TX"
2656653,5.664505330490406,"NM",33216,56862,"33216_20221231",0.4573895956148516,3.2345741357418674,469,7.310074926856062,1.2394067565270765,4,"AK"
4616,0.17096296296296296,"NC",33239,4740,"33239_20221231",0,124.33052792654935,27,58.78971255673222,59.22654239410169,7,"OH"
1333228,12.697409523809524,"N",3325,11761,"3325_20221231",0.12407616713356202,1.9313654719152369,105,9.058714307697132,2.04191043441754,4,"TX"
143946,8.467411764705883,"SM",3327,1761,"3327_20221231",1.2894815373258572,2.042163909619287,17,16.932091242710293,1.3068748495374352,8,"TX"
50933929,25.698248738647834,"NM",33306,394174,"33306_20221231",0.5049939301217673,1.032637468838587,1982,11.6154971052408,1.3816118999615183,4,"IL"
768602,7.535313725490195,"N",3330,13089,"3330_20221231",1.7411968331641798,3.0064387875141447,102,10.468575308782786,0.9210269096673555,4,"TX"
150100,2.084722222222222,"NM",33316,5551,"33316_20221231",25.227381522259456,4.945515193669741,72,21.015007666785987,-1.8158485843423806,7,"GU"
66602,7.400222222222222,"NM",3335,812,"3335_20221231",0,2.201872407054295,9,11.985581255632322,0.48930497934539885,4,"TX"
72808,7.280800000000001,"SM",3336,692,"3336_20221231",0,1.736952782675556,10,9.562723157595949,1.2181828849164564,7,"TX"
679005,5.1053007518797,"N",3337,12077,"3337_20221231",0.15030981212515715,2.9414621286750933,133,11.226274831408967,1.0499620252171862,4,"TX"
435481,12.808264705882353,"SM",33380,4955,"33380_20221231",0,1.7621306820422253,34,12.085169072755319,1.0975914686618153,4,"NE"
581146,20.039517241379308,"N",3339,2690,"3339_20221231",0,0.8284953995303053,29,7.783352718664833,1.0876638740789706,7,"TX"
742176,6.567929203539824,"N",33418,16071,"33418_20221231",0.41070881104356494,3.448192632144959,113,11.135687069569695,1.0343907433158164,4,"VT"
230089,4.260907407407408,"N",3342,3669,"3342_20221231",0.2177027356725951,3.4363263075920485,54,9.428304843691967,1.049232227040784,4,"TX"
3828547,9.547498753117207,"NM",33440,32171,"33440_20221231",0.12428936593604047,1.4247694372446833,401,10.949946985193035,1.27319551499885,9,"FL"
531826,4.431883333333333,"NM",33450,11370,"33450_20221231",0.06341491639183013,3.1553489918392823,120,10.429526193529972,0.9233403064666104,2,"NE"
1968293,9.940873737373739,"SM",33457,22286,"33457_20221231",0,1.848910669309934,198,7.557497240595018,1.197586398103552,4,"CA"
1241838,8.063883116883117,"NM",33458,5206,"33458_20221231",0.09994693799846889,0.7839186174699333,154,7.217475573536911,-0.30078752706544803,4,"WI"
301149,4.182625,"NM",33470,5212,"33470_20221231",1.2156287457287511,3.2244092270804785,72,9.96995338501088,0.8545455520719627,4,"AR"
1413286,3.4137342995169084,"NM",33492,29944,"33492_20221231",3.025058760779606,5.780634269945053,414,12.624766451411237,0.07778288514796743,6,"LA"
31498000,281.23214285714283,"SM",33497,18000,"33497_20221231",0,0.42002460531236285,112,7.136871911930423,0.775013142705392,5,"TX"
2431532,10.66461403508772,"NM",33503,27032,"33503_20221231",0.4297920917496606,2.0229952410970937,228,10.341464946374618,1.712689621819196,4,"NJ"
429399,7.533315789473685,"N",33506,6415,"33506_20221231",0.5683239446484497,2.4269148956196,57,8.459754477431373,0.9590949306326826,4,"GA"
59712,4.976,"N",3351,692,"3351_20221231",2.371598313530088,4.703992657182194,12,15.753189120146724,-1.489797456042413,7,"TX"
6425969,21.491535117056856,"NM",33539,48968,"33539_20221231",0.10777103924714455,1.104911634201586,299,10.304885301974265,2.068558593308874,4,"CA"
158219,7.91095,"NM",33552,1407,"33552_20221231",0,1.6146031613905418,20,8.72988602810569,0.8183185848290957,2,"IA"
43900126,8.729394710678068,"N",33555,554966,"33555_20221231",0.35943857730188833,2.1354864324771716,5029,9.385417447768276,1.170620957520367,4,"FL"
352386,6.648792452830189,"N",33565,4540,"33565_20221231",0,2.724619445577075,53,13.22871176691546,0.8211413978379245,5,"FL"
59416,3.961066666666667,"NM",33568,1249,"33568_20221231",9.222677512078773,5.951420972908702,15,9.46094426316841,-1.4609758180041552,4,"PA"
529900,6.972368421052631,"SI",33645,9637,"33645_20221231",0.479141107762934,2.9556111697026157,76,8.430030320504473,0.35052967442024036,4,"MA"
3654574,,"OI",33646,,"33646_20221231",0,0,,0,0,4,"NY"
5279558,,"OI",33648,,"33648_20221231",0,0,,0,0,9,"NY"
301039,,"NC",33649,,"33649_20221231",0.04131883296360332,0,,0,0,4,"NY"
55267334,,"OI",33653,,"33653_20221231",1.3088409269095935,0,,0,0,4,"NY"
142186,,"OI",33656,,"33656_20221231",0,0,,0,0,7,"NY"
5773447,,"OI",33661,,"33661_20221231",1.6670775210231137,0,,0,0,9,"CA"
2592437,,"OI",33664,,"33664_20221231",0,0,,0,0,4,"IL"
9084593,,"OI",33681,,"33681_20221231",1.7915861383528586,0,,0,0,4,"NY"
14172680,,"OI",33682,,"33682_20221231",0,0,,0,0,4,"NY"
1243430,,"NC",33684,,"33684_20221231",0,0,,0,0,9,"NY"
9345767,,"OI",33686,,"33686_20221231",2.5172377505849965,0,,0,0,4,"NY"
133692,6.3662857142857145,"NM",3368,2249,"3368_20221231",0.38977789746715236,2.870722893108416,21,16.347724881935584,0.8234572975525255,5,"TX"
15842594,,"NC",33690,,"33690_20221231",0,0,,0,0,4,"NY"
52969707,,"NC",33692,,"33692_20221231",0.028111015515030247,0,,0,0,9,"NY"
4578685,,"NC",33693,,"33693_20221231",0.18372123048703934,0,,0,0,9,"NY"
963828,8.168033898305085,"NM",33708,9643,"33708_20221231",2.2464089359180983,1.9140094804440018,118,11.018444162788523,1.707629718326433,4,"IL"
344606,8.014093023255814,"NM",33739,3412,"33739_20221231",0.08674046134733118,1.8068286404350833,43,12.2826279660727,1.9547320541218813,4,"TN"
483180,10.737333333333334,"NM",33753,3981,"33753_20221231",0.5459021938346089,1.3552360520513007,45,10.525821481218328,1.072459812079621,4,"IL"
1801604,7.414008230452675,"NM",33758,23583,"33758_20221231",0.4211726215590049,2.179670478052078,243,10.018728981483342,1.1007143591985802,4,"ND"
407691,5.995455882352942,"NM",33761,8030,"33761_20221231",0.14595971511862726,3.090480841600678,68,8.033946722373134,0.7312124437645993,4,"MN"
343458,5.7243,"NM",3376,5418,"3376_20221231",0.744904383709199,2.682273379624624,60,10.55028791617959,0.9104990786887448,4,"TX"
851810,19.809534883720932,"N",33785,4768,"33785_20221231",0,1.7035492390070714,43,8.411055390775122,1.9053242222739575,7,"MO"
206677,4.052490196078431,"NM",33794,3354,"33794_20221231",0.3440851281838259,2.7583221192513783,51,10.854210297546134,0.846308930122832,4,"TN"
66257,3.4872105263157898,"SI",33802,1238,"33802_20221231",2.585249267849328,4.1852942423264174,19,10.058443555828976,0.27228053699591415,5,"PA"
3032940,31.925684210526317,"N",33803,15367,"33803_20221231",0.3007420530618765,1.2279865081917642,95,9.042638366641008,1.1785509903490463,4,"IL"
191932,6.397733333333334,"SM",33805,2515,"33805_20221231",0,2.543017693540641,30,9.209756097560975,0.6387428459761799,4,"IL"
352586,11.0183125,"N",33812,3856,"33812_20221231",0.009803114253336,1.9445268159853282,32,13.743362881164234,1.4181866310151467,4,"WI"
90642,2.665941176470588,"SB",33818,3423,"33818_20221231",2.3488268582692187,5.8582594399960035,34,11.52557697434768,2.5854524053068557,5,"AR"
649242,5.235822580645161,"NM",33823,15187,"33823_20221231",1.5757295779527787,5.20445594156519,124,15.721268560907331,3.7932613430341697,4,"UT"
20258988,9.999500493583415,"NM",33826,237150,"33826_20221231",0.11500009924865348,1.9050728109036144,2026,9.469873598597497,1.2451817301521366,4,"WA"
136536,0.20408968609865472,"SB",33831,32629,"33831_20221231",0,94.95693570523999,669,41.87863412881934,562.2716664125022,7,"OH"
151982,5.066066666666667,"NM",33832,1903,"33832_20221231",0.04534834429251654,2.457064590384437,30,9.192602616147948,0.9992290489963968,4,"MO"
4550164,21.36227230046948,"N",33849,32535,"33849_20221231",0.2616415059735984,1.48344489069028,213,9.45582955810613,1.319994381215688,4,"IL"
399086,7.98172,"N",3384,4489,"3384_20221231",0.14927861019020983,2.093679484245177,50,12.872248240881682,1.0990665230942216,4,"TX"
98180,6.545333333333334,"NM",33851,1078,"33851_20221231",0,2.0306935253738385,15,7.989749312831959,0.9437247918749789,4,"TN"
38012,0.30168253968253966,"N",33855,9890,"33855_20221231",0,108.6667505566832,126,95.65439948273074,35.58395658144535,7,"OH"
576539,6.4059888888888885,"NM",33859,7902,"33859_20221231",0.35626503030785445,2.4913075311323087,90,7.363161549886704,0.3540324415571094,4,"NY"
3514345,10.813369230769231,"N",33860,41684,"33860_20221231",0.2160795676954381,2.021721445237233,325,8.036699340165065,1.1314956611037434,4,"IN"
2304453,8.931988372093024,"SM",33867,27197,"33867_20221231",0.21304328087746482,2.0501749999430707,258,11.01445454167415,1.541639056070574,4,"IA"
61369,0.4321760563380282,"NC",33879,18474,"33879_20221231",0,100.1567204916445,142,88.19152271114851,19.817218123228088,7,"FL"
1573379,7.3867558685446015,"NM",3387,21898,"3387_20221231",0.3124787020603802,2.4357484831189735,213,10.015855533246782,1.5779443585486899,4,"TX"
172313,6.892520000000001,"NM",33880,2135,"33880_20221231",0,1.7297207235450287,25,12.294376763713952,1.3444248843016335,4,"WI"
175618,8.780899999999999,"N",3388,1691,"3388_20221231",0.043660972548163514,1.7078490036974758,20,16.827730968567405,1.3859807474674353,2,"TX"
42076662,132.7339495268139,"SM",33893,58028,"33893_20221231",0.18933541569547094,0.8578374277863947,317,7.4082268435685386,1.35566241408137,4,"FL"
916573,8.813201923076923,"SM",3389,12083,"3389_20221231",0.050483987796044696,2.345417924556791,104,8.97645806905959,1.2324196605137958,4,"TX"
5152676,15.566996978851964,"SM",33905,53785,"33905_20221231",0.07346245356718528,1.6972448355442469,331,9.484960257395707,1.3161307732227805,4,"CA"
317842,8.149794871794871,"SB",33922,3943,"33922_20221231",0,2.339625452972597,39,9.583560044059295,1.1337680766505862,4,"SD"
277065,7.104230769230769,"NM",33926,3085,"33926_20221231",0.6568578246207218,2.1306953483376505,39,8.370169930320307,1.070767201415252,8,"MI"
1044183,8.032176923076923,"N",33928,15507,"33928_20221231",2.313693649995841,2.673308430004656,130,9.266075648261184,0.7488140247813011,4,"CT"
9659979,16.799963478260867,"N",33935,103587,"33935_20221231",0.09933974742457588,1.9968436983293765,575,10.697048453926696,1.6693167214091877,4,"IL"
35996617,371.0991443298969,"N",33947,26695,"33947_20221231",1.622357474758938,4.72848705925098,97,10.166230393920479,1.1161569198936996,9,"DE"
210929,6.203794117647059,"N",33959,3271,"33959_20221231",0.03267067344737248,2.866932414493063,34,15.909435392194013,0.5162041208073929,5,"FL"
137385,0.7850571428571428,"NC",33962,34962,"33962_20221231",0,34.7385292606425,175,94.47965100622947,13.573931915611556,7,"GA"
99739,4.1557916666666666,"SM",3399,1741,"3399_20221231",1.2513113682321997,3.4604027511780933,24,8.04502014584929,0.9068330547415864,2,"TX"
425298,5.990112676056338,"N",3400,8496,"3400_20221231",0.7809543557709754,2.890892583501064,71,11.595177914488287,1.4771509960561269,4,"TX"
839512,8.654762886597938,"NM",34010,11034,"34010_20221231",0.029342190938538,1.7690553279475816,97,22.39534875301835,1.2649051206555109,4,"CA"
2764711,28.50217525773196,"N",34011,15150,"34011_20221231",0.10580717680550296,1.410786123875109,97,9.64686417999468,1.217381291075646,4,"IL"
164087,6.836958333333334,"N",34014,2111,"34014_20221231",0,2.346948614053942,24,8.73991505045284,0.37038517706763113,2,"TX"
115466,6.414777777777778,"N",3401,1127,"3401_20221231",3.8742724097788126,1.9685864273251605,18,9.16653893969584,0.8885781986910377,2,"TX"
164890,7.495000000000001,"SM",34020,1957,"34020_20221231",0.018206193415978417,2.283358460172239,22,10.354814427333853,1.3572365296049234,4,"KS"
286432,5.404377358490566,"NM",34023,3558,"34023_20221231",0.5352259025810436,2.6012158334998317,53,9.807655013134466,1.025187118480194,4,"TN"
482468,17.231,"NM",34038,4428,"34038_20221231",0.14854627216377903,1.6158070190954634,28,14.15669030492506,2.4592841149598206,4,"IL"
259382,10.37528,"SM",34040,3875,"34040_20221231",0,2.368292050844124,25,10.3270135648613,0.6377371804679133,4,"CO"
1672295,6.583838582677165,"NM",34047,24872,"34047_20221231",0.49835340858669946,2.4187410224977843,254,8.625643243755684,0.9637853442534042,4,"SC"
212280,6.63375,"NM",34052,2815,"34052_20221231",0.31849371209105176,2.7463569770625735,32,10.209455693851012,0.7358127465408093,4,"WI"
151525,6.8875,"NC",34056,3533,"34056_20221231",0,15.988009316316356,22,85.55987067398749,5.858907725274711,7,"NY"
23285,0.72765625,"NC",34057,4407,"34057_20221231",0,32.44590918063459,32,85.70741097208855,23.374271565522626,7,"OH"
383686,10.369891891891893,"SI",34058,3630,"34058_20221231",0.20701487919444211,1.4729342617405707,37,14.636793786930232,0.5714538130262021,5,"NJ"
3354633,7.09224735729387,"SM",3405,51013,"3405_20221231",0.440051622651012,2.5820921677692876,473,10.67288482296742,1.8562302755581521,4,"TX"
3043,,"NC",34065,0,"34065_20221231",0,151.05809674027338,0,99.96714848883047,0.03286014721345952,7,"MO"
1537741,11.390674074074074,"N",34068,19153,"34068_20221231",0.06410190624227836,2.108923279793506,135,8.328109176833678,1.6905281868337594,4,"GA"
691947,1.0190677466863034,"N",34069,137759,"34069_20221231",4.736055776892431,12.599612891248265,679,85.72548790122012,1.6715305738083397,7,"DE"
2437042,28.671082352941177,"N",34073,12777,"34073_20221231",0.5739494113898642,1.1476214717949773,85,9.292686320077118,1.316104341394188,4,"IL"
551829,10.219055555555556,"NM",34074,7191,"34074_20221231",0.010744095783613912,2.107064765645063,54,10.872220864891277,0.9640980636593095,4,"WI"
861302,6.33310294117647,"NM",340,11209,"340_20221231",0.6057701604597295,2.4343753653454248,136,10.777751474077704,1.0665220949451093,7,"MS"
3890541,9.132725352112676,"NM",34102,37514,"34102_20221231",0.2537288934993892,1.9160855113604416,426,10.398830000174412,1.5563074026414252,4,"WV"
460689,8.226589285714287,"NM",34108,6018,"34108_20221231",0.9544881594121276,2.597260678089427,56,8.860165042954065,1.0457847297891028,4,"IL"
663593,10.533222222222221,"N",34110,8669,"34110_20221231",0,2.1198360301004913,63,10.788136049399805,3.037135338721319,4,"GA"
3016741,9.28228,"NM",34120,41475,"34120_20221231",0.3195936227070602,2.1137621678581935,325,9.779667581213879,1.4987570042083391,4,"MI"
301544,6.03088,"NM",34138,6071,"34138_20221231",0.025775611584965788,3.29105125544512,50,11.425054185192218,1.42659971623714,4,"GA"
384036,8.72809090909091,"NM",34146,4059,"34146_20221231",0.46420741894880524,1.8535385139584637,44,9.090835837973296,1.5540346474372624,4,"MO"
3166822,10.957861591695503,"SM",34147,34403,"34147_20221231",0.13834489811320114,1.8196464327056048,289,8.1307563417684,1.0447254766455023,4,"RI"
376176,11.7555,"SM",34148,3223,"34148_20221231",0.09428458316837873,1.545011293059338,32,9.89604541740773,1.7814403462809467,4,"WY"
514809,5.307309278350515,"NM",34150,7753,"34150_20221231",0.10534974672766369,2.627976365536485,97,9.125833448247064,1.0926064545968033,4,"KY"
262130,8.455806451612903,"NM",34160,2961,"34160_20221231",0.5968136099609134,2.175752352674752,31,9.710877231435203,1.4747464898595943,8,"GA"
338539,14.719086956521739,"NM",34162,4377,"34162_20221231",0.04462664106688807,1.8390618643281473,23,17.77155998006569,1.771851647423529,4,"WI"
186877,6.028290322580646,"NM",34171,2998,"34171_20221231",0.018524031623168274,3.0034810401000955,31,11.533172722572413,0.8925585025333548,4,"MN"
234875,8.388392857142858,"NM",34193,2302,"34193_20221231",0.002012679883264567,2.3731384872596673,28,16.37004952346754,1.4957893433233227,7,"DE"
1458130,4.276041055718475,"N",34207,29872,"34207_20221231",0.6900985637275995,4.231748812020398,341,8.983798534655584,1.5833633489780359,4,"OK"
506960,7.921250000000001,"NM",34209,5155,"34209_20221231",0.14190051020408165,1.8913902637962963,64,11.497926866171145,1.635540271920443,4,"NC"
975709,12.509089743589744,"NM",34210,11320,"34210_20221231",0.045158808476475604,2.1221201305716493,78,19.258640219498073,0.988162808892142,4,"CA"
1020038,5.024817733990147,"SM",34211,17033,"34211_20221231",1.2005609458550435,2.5643389791613522,203,9.002664318475983,1.14422524302877,2,"NE"
6463617,7.429444827586207,"SM",34217,69963,"34217_20221231",0.34086698777324936,1.9555398284695398,870,11.073630349024395,1.1632191232076168,4,"MS"
209664000,162.0278207109737,"N",34221,273000,"34221_20221231",0.0954845068687242,0.42168185847743744,1294,7.631811487481591,1.297848335561899,9,"NY"
506951,8.74053448275862,"NM",34229,4934,"34229_20221231",0,1.6963680081444739,58,8.7956483013106,1.2225055462769907,4,"GA"
636370,8.264545454545454,"NM",34233,8234,"34233_20221231",0.3425472976955266,2.2730623802408574,77,7.7299475894198055,0.9326627211417036,4,"FL"
289499,5.567288461538462,"NM",34240,4328,"34240_20221231",0.2217873450750163,2.5289467593279484,52,11.915170345749484,0.970332168143431,4,"WI"
1332441,12.570198113207548,"SM",34252,22940,"34252_20221231",0,2.7457955920749946,106,9.643716058133903,0.4528817800065481,9,"CA"
1587159,9.982132075471698,"NM",34254,14813,"34254_20221231",0.07775631077186204,1.8094241357143892,159,12.118026398019826,1.5947350180963085,4,"KY"
336115,5.5100819672131145,"NM",34256,4569,"34256_20221231",0.7607697640864205,2.480872661162033,61,10.4811876119785,1.0091226855108377,4,"KY"
548324,7.511287671232876,"NM",34259,5240,"34259_20221231",2.9779781914984387,1.9232143884540884,73,23.582702485188392,3.2893922461212295,4,"NJ"
4255659,17.229388663967608,"NM",34294,51978,"34294_20221231",0.17282086219526105,2.2665420705064565,247,9.419598954995106,3.4974448651676813,4,"MD"
652501,4.694251798561151,"SM",342,11755,"342_20221231",0.6111821692531009,3.064827615253498,139,8.787529862628261,0.8106084254964918,4,"MT"
6909609,12.164804577464789,"SM",3430,40293,"3430_20221231",0.08075218469088816,1.4327981602710116,568,8.255501019048939,1.6696532987661088,9,"CA"
422101,4.351556701030928,"NM",34313,9622,"34313_20221231",0,3.7619788970120873,97,17.56225121035942,3.7209498430015318,6,"NV"
972145,8.101208333333334,"N",34319,13255,"34319_20221231",0,2.3437897063232938,120,12.357839658425014,1.6667639500485714,4,"TX"
4106,2.053,"N",34331,272,"34331_20221231",0,13.331365604092877,2,84.0009770395701,1.0822510822510822,7,"NM"
81947,5.463133333333333,"NM",34334,1558,"34334_20221231",0,3.430185633575464,15,13.606088233804387,1.1433952111918213,4,"IL"
2349497,391.5828333333333,"NM",34351,2764,"34351_20221231",0,37.820916661852586,6,30.86760961810467,20.11415493077099,9,"NV"
1183734,12.72832258064516,"N",34352,13646,"34352_20221231",0.01864239357976679,2.076701175446324,93,15.751772143870541,0.5467272424354163,4,"DC"
974972,6.964085714285714,"NM",34363,16372,"34363_20221231",0.34299603262118616,3.052213983737148,140,8.316927160814252,0.8818579185258395,4,"NE"
28398434,12.926005461993627,"NM",34383,434123,"34383_20221231",0.25082674397140464,2.303428792863415,2197,11.480332754744419,1.109878797485866,4,"TX"
554781,10.668865384615385,"NM",34384,5060,"34384_20221231",0.32584666890996833,1.3749828355396363,52,12.51003620332253,1.911463522234915,2,"IA"
81949,9.105444444444444,"NM",34386,1230,"34386_20221231",0.3879597014557726,1.9338182603488727,9,41.15494907544745,4.007519313641763,4,"OH"
134612,12.237454545454545,"NM",34393,2013,"34393_20221231",0.7202609098343695,2.476359257076998,11,18.561351970817057,1.5270755209641738,4,"IL"
233294,7.0695151515151515,"N",34394,2617,"34394_20221231",0,1.922358652590344,33,12.31087573796974,1.7920771073140784,4,"SD"
3765608,4.2120894854586135,"N",34395,134858,"34395_20221231",7.738495843596875,5.704193759845819,894,10.314739871713476,1.2645679721238237,4,"IL"
1296197,16.002432098765432,"NM",34401,12607,"34401_20221231",0,1.801141391030946,81,8.299566236922852,0.7723869679764709,4,"CO"
3141703,7.0127299107142855,"SM",34403,52228,"34403_20221231",1.2627243024661472,5.643490021482815,448,8.564666029566604,1.450076397852154,4,"WA"
1961456,8.795766816143498,"NM",34404,43425,"34404_20221231",1.0556054428551325,7.35744592161391,223,14.728832130181546,3.0113641464418897,4,"UT"
221594,9.233083333333333,"NM",34407,2411,"34407_20221231",0.0007934492827218485,1.590686662079517,24,10.817250979096872,0.9919354494053089,2,"IA"
408086,5.299818181818182,"NM",34409,6382,"34409_20221231",0.5877411276133716,3.026942262159611,77,10.424243017121839,1.6695123775527576,4,"LA"
1871361,9.746671875,"NM",3440,24068,"3440_20221231",0.8709248372980821,2.046985175306641,192,8.665338746639971,0.8501114645745872,4,"CA"
1092763,12.008384615384614,"SB",34415,9776,"34415_20221231",0.03326347170604095,3.203913961780664,91,7.835008536536092,1.6432829454654443,9,"TX"
256364,8.011375000000001,"SM",34416,3738,"34416_20221231",0,2.332454565622444,32,18.722336432872183,0.8605073080173828,4,"IL"
926473,13.827955223880599,"SM",34422,6667,"34422_20221231",0.05477426364075326,1.360782161986382,67,9.418200468491067,1.1538207951473594,4,"PA"
52959,4.073769230769231,"NM",34441,960,"34441_20221231",0,3.100530768826528,13,15.514178967354688,0.15361169389231819,4,"WY"
20879065,31.302946026986504,"SM",34444,112365,"34444_20221231",0.4297335746805726,1.5097189382398504,667,8.149653882563856,1.1877878889031224,4,"PA"
98422,5.789529411764706,"N",34455,1532,"34455_20221231",2.313228238519534,2.4634724688606595,17,9.582953626245354,0.6551788481012393,2,"TX"
758627,11.156279411764707,"SI",34456,8200,"34456_20221231",0.35587940057629397,2.1580995139500194,68,10.325231660891017,1.0350811705589984,4,"TX"
250523,11.929666666666666,"SM",34457,1794,"34457_20221231",0.10591116700867148,1.5458435559342654,21,8.003955838722367,0.7403201520167244,7,"TN"
131664,7.3146666666666675,"NM",34460,2267,"34460_20221231",0,3.6584063234351634,18,9.503411705693606,0.6267023606067079,4,"AL"
233670,77.89,"NC",34465,415,"34465_20221231",0,1.5059145650174335,3,98.59683568675077,2.2289246828809173,7,"DE"
14574,0.8572941176470588,"N",34478,631,"34478_20221231",0,12.125824454591577,17,75.232070411882,3.138363412336015,7,"NC"
146254,7.3126999999999995,"NM",34488,1993,"34488_20221231",0,2.1791387539270106,20,10.4892655291114,1.0590520444600646,4,"IA"
513567,11.671977272727274,"N",34489,4996,"34489_20221231",0,1.827189960184724,44,7.133754992307573,0.6518952964951258,7,"FL"
852776,8.52776,"NM",34496,8617,"34496_20221231",0,1.619818677547285,100,19.754222465051903,1.2539801327028677,4,"CA"
8389661,12.847872894333843,"SB",34507,56282,"34507_20221231",0.6762487120022279,1.337703834774116,653,6.95622911092473,1.0959658003670703,9,"IA"
369605,3.8500520833333334,"NM",34517,7163,"34517_20221231",0.548254771437695,2.9785461249374956,96,10.335429541300375,1.1821003355062958,4,"TN"
5904023,11.761001992031872,"NM",34519,64103,"34519_20221231",5.698324657196676,7.533591163429107,502,22.64840758194621,3.1580949673073704,3,"UT"
164930,4.997878787878788,"NM",34526,2459,"34526_20221231",1.0067565470216355,2.6598108606000985,33,7.924329632236807,0.6398400582491882,4,"IL"
2427913,4.7235661478599225,"NM",34533,38897,"34533_20221231",0.13185368088611268,2.891189726512856,514,9.01820608060009,1.224823478770792,4,"AR"
332493,2.7253524590163933,"N",34535,14060,"34535_20221231",0.7385375004794567,14.779156677931072,122,19.25389706386881,1.9313160098972726,3,"FL"
113791,5.172318181818182,"N",34548,2533,"34548_20221231",2.4080208803894996,3.845318944397928,22,12.18343832399298,-0.5435475479200478,4,"CA"
3552312,11.723801980198019,"SM",34562,39244,"34562_20221231",0.0028989595085871884,2.633167093328173,303,10.378882331303123,-0.11364100124796547,4,"AR"
351364,5.405600000000001,"NM",34566,5463,"34566_20221231",0.5967613638408684,2.669706241609927,65,12.693107418418023,1.1912392516356864,2,"MO"
279061,16.41535294117647,"SI",34585,3185,"34585_20221231",0.7499837766179347,1.8013834985320392,17,11.911654531833026,1.500215280892808,4,"WA"
1493108,0.8119129961935835,"NC",34588,218066,"34588_20221231",0,28.547796676794064,1839,95.54443169643334,17.657522891285616,9,"OR"
20342081,10.837549813532233,"SM",34589,229767,"34589_20221231",0.23889029035891177,2.062751445109963,1877,11.022583005714202,1.2484351872016546,4,"VA"
4853001,7.70317619047619,"NM",34598,61018,"34598_20221231",0.19715916323294091,2.020392459490112,630,11.551764918118222,1.388264657905865,4,"MI"
789920,26.33066666666667,"NM",34599,5299,"34599_20221231",0.4856145137282903,1.2977223274631215,30,10.059941232128102,6.066629070995112,4,"UT"
3029565,7.930798429319372,"NM",34603,55580,"34603_20221231",0.46861713245768594,3.491930446005965,382,9.827406994419235,0.9689591637693482,4,"WV"
353552,3.4325436893203887,"NM",34606,11185,"34606_20221231",0.6788139874270319,4.749893980416571,103,10.338233902437667,1.0165964653639572,4,"OK"
4534480,14.30435331230284,"NM",34607,39591,"34607_20221231",0.21380824059221018,1.642008768643128,317,10.837295529304134,0.9866647619634011,4,"IN"
258240,5.869090909090909,"NM",34610,2970,"34610_20221231",0.003995023342350672,2.2232614508089554,44,10.96146753372804,1.457212437426595,8,"MO"
2906669,9.111815047021944,"NM",34618,25752,"34618_20221231",0.006621600169105481,1.6509976498560957,319,9.43516895220102,1.2293820003287808,4,"MI"
9572,,"NM",34619,0,"34619_20221231",0,2.5260061391541613,0,96.0925124089133,3.9009208731241474,7,"IA"
609770,4.726899224806202,"NM",34627,14859,"34627_20221231",0,3.5144140544838267,129,9.523969569813147,1.1223984331033678,4,"WA"
1176504,0.6238091198303288,"NC",34629,219108,"34629_20221231",0,33.5524964968715,1886,58.07086328323532,20.85144934061936,9,"MA"
466339,7.644901639344262,"NM",34643,6943,"34643_20221231",0.19348003699015093,2.3411800242476404,61,11.438094886980961,0.713567506506726,4,"FL"
95359,7.335307692307693,"NM",34644,1260,"34644_20221231",0.2237008962284314,2.290359396579671,13,8.619605291693775,0.7860273644102796,4,"MN"
2489041,10.2429670781893,"N",34656,30172,"34656_20221231",0.04287780788813942,1.9771468114607695,243,11.88557498811175,2.104496251352769,4,"TX"
210323,6.009228571428571,"N",34662,2775,"34662_20221231",1.211790695739784,2.5278529191601944,35,9.057864230278023,0.9391572635422815,4,"GA"
161934,8.0967,"NM",34666,1559,"34666_20221231",2.8847744480498823,2.222970369713153,20,10.977785289091695,0.9838679684433008,4,"KS"
1531794,25.5299,"N",34681,8941,"34681_20221231",0.5375391726059916,1.3363891269720296,60,9.476097135303045,1.2917572146132794,4,"IL"
804494,5.510232876712329,"NM",34685,14796,"34685_20221231",0.2429072504564666,2.734239206134247,146,11.890939863793353,1.2466773024201996,4,"OR"
206408,8.600333333333333,"NM",34686,1937,"34686_20221231",0,1.6731101268673523,24,10.796408011142962,1.2109638915997298,4,"IA"
5302687,63.127226190476186,"NM",34697,10874,"34697_20221231",1.230792918777706,19.769394495961357,84,10.22492406905621,3.341813967655965,4,"UT"
6265921,24.963828685258964,"SM",34699,55565,"34699_20221231",0.00049589410016193,2.192544492561832,251,9.91878672378164,0.9366278022530378,4,"NY"
151480,1.1563358778625954,"SB",34710,59267,"34710_20221231",0,118.14088078753207,131,20.643923992301648,22.98231036287122,5,"OH"
122317,24.4634,"SI",34711,1020,"34711_20221231",3.207995984549244,1.342026379855848,5,19.234526891700455,0.7197996077891915,7,"PA"
3554665,19.531126373626375,"N",34717,23883,"34717_20221231",0.14139301719760225,1.4736148899575072,182,8.420110291079238,0.8280206515011084,4,"WI"
376504,13.944592592592594,"NM",34719,2802,"34719_20221231",0.3766485209344384,1.529571031948662,27,14.37183015337945,1.7588621148097752,2,"KS"
2686283,18.15056081081081,"NM",34726,12763,"34726_20221231",0.43128279499795213,1.9231385281500029,148,8.115211748514886,1.48294625064855,4,"NM"
1312940,5.783876651982379,"NM",34728,27824,"34728_20221231",0.4727992033657259,3.4226673811882713,227,11.709263725463108,1.5479905336358113,4,"TN"
7278,0.4043333333333334,"NC",34732,3047,"34732_20221231",0,71.12141181726795,18,90.76943991299619,5.151904389590082,7,"IN"
11097748,22.37449193548387,"SM",34742,84052,"34742_20221231",0.0846465610257347,1.3558661539079266,496,11.783637403132987,1.4263530687044768,4,"MD"
109892,3.9247142857142854,"SB",34748,3239,"34748_20221231",0,6.974159286892213,28,16.342552337636278,0.5920770644601201,7,"IN"
145201,6.914333333333333,"NM",34752,1397,"34752_20221231",0.05612722170252573,1.671482764759857,21,9.281782365780336,0.7114586614442816,2,"IL"
1621725,10.599509803921569,"N",34755,16309,"34755_20221231",0.1471569763406182,1.999756979184623,153,9.620047535440387,1.3678251103145675,4,"VA"
451784,12.549555555555555,"SM",34759,2847,"34759_20221231",0.05053448746248667,1.5964877270005986,36,26.023848050547077,1.4331628312449451,4,"PA"
476242,6.435702702702703,"SM",34760,7636,"34760_20221231",0.7936409748855624,2.4803265534787853,74,10.281713693724559,0.7116780161099941,4,"OH"
39416491,25.578514600908502,"SB",34775,283027,"34775_20221231",3.747803964387232,2.435340664628003,1541,9.12342421686034,-0.9673145644109734,9,"FL"
362955,8.641785714285714,"NM",34778,3502,"34778_20221231",1.6508411528618774,1.5891805383876574,42,10.535076650468495,1.048859155335854,4,"IL"
1170585,3.4838839285714287,"NM",34781,39656,"34781_20221231",1.5438350212239713,6.108245786637225,336,11.800437190029918,1.962444652073128,4,"UT"
263221,5.061942307692307,"NM",34784,4083,"34784_20221231",1.2125445830209682,2.765141241939486,52,9.725735257650152,2.387901911627653,2,"LA"
375051,5.770015384615385,"NM",34786,6515,"34786_20221231",3.1291251754560117,3.02528971527147,65,8.833694873737635,0.664637067324934,4,"PA"
3840762,17.070053333333334,"NM",34788,41689,"34788_20221231",0.28386994191464476,1.5867489548062195,225,8.556590090777979,1.2684744332093445,4,"CA"
13490,0.6423809523809524,"SB",34799,5359,"34799_20221231",0,47.967941625048596,21,78.72325300348334,41.14457170768663,5,"WI"
954107,6.235993464052288,"NM",34803,14720,"34803_20221231",0,2.3903409936676785,153,10.809657590238608,1.0750761696981292,4,"LA"
1492501,11.845246031746031,"SM",34805,15980,"34805_20221231",0.005424271557738565,1.867149385969831,126,10.087724599081852,1.5916230281802537,4,"CA"
934997,8.99035576923077,"SM",34811,10085,"34811_20221231",0,1.986788068551143,104,9.864146032608458,0.6729680571431416,4,"NE"
1196164,6.262638743455497,"NM",34812,22535,"34812_20221231",0.11067824491164367,2.7937436635883914,191,11.536344240134204,1.4869716477795265,4,"SC"
134668,14.963111111111111,"NC",34813,1008,"34813_20221231",0,2.1309447419729013,9,99.51345099063468,8.279294898689503,7,"SD"
1222521,13.434296703296702,"SM",34836,10290,"34836_20221231",0.0485663949882088,1.772470592975509,91,7.261375438140984,1.3628986603338271,4,"MN"
372312,5.171,"SM",34847,7140,"34847_20221231",0,2.8518032725303413,72,11.618849318543337,0.9912964174547472,4,"TN"
378266,9.954368421052632,"SM",34849,4698,"34849_20221231",0,1.9903932690958033,38,9.061148661165598,1.3257247364031939,4,"IA"
102776,10.2776,"NM",34857,931,"34857_20221231",0,1.8196844363906557,10,12.49322650565103,1.1780561221008257,4,"IA"
136875,5.703125,"NM",34860,2769,"34860_20221231",0.5106751627207131,4.250903403696076,24,17.688293552358378,-1.5897526368683856,8,"NC"
584582,6.568337078651686,"N",34876,11342,"34876_20221231",0.20666422191697378,2.9171110503088817,89,9.427898359529246,0.4505879513557347,4,"CT"
1920139,8.384886462882097,"SM",34885,29443,"34885_20221231",0.46073746101039753,2.686244142281065,229,9.522388043529492,0.5479611234473981,4,"TX"
242130,7.8106451612903225,"SM",34887,1617,"34887_20221231",0.9124007864268551,1.5419646459417098,31,12.208007013706554,0.6939956655396118,4,"AR"
1984512,18.37511111111111,"NM",34888,10675,"34888_20221231",0.9292823868557586,1.167573892978358,108,15.847151904430085,2.215044557653317,4,"NJ"
775153,3.995634020618557,"SM",34890,13365,"34890_20221231",0.5838050128888683,3.2149887576431766,194,10.395731896819642,1.0813560224235979,4,"VA"
62761,3.691823529411765,"NM",34900,874,"34900_20221231",0.42038885969521805,2.8642403271272188,17,9.404600811907985,0.2502886140580857,4,"IL"
1476523,8.389335227272728,"NM",34908,24211,"34908_20221231",0.35143417954483314,2.7015287257137346,176,8.92960806515579,1.2555434432231658,4,"FL"
232703,4.847979166666667,"N",34918,3372,"34918_20221231",0.019778816322609447,2.587594064155693,48,10.469174938072719,1.8224238679995115,2,"TX"
170912,8.138666666666667,"NM",34930,1789,"34930_20221231",0.20695497388935952,2.189879253509003,21,9.77894973070018,1.097937636076312,4,"KS"
826846,7.12798275862069,"NM",34936,12267,"34936_20221231",0.04281588247778465,2.489368635765639,116,8.612453229892111,1.0454091013328934,4,"TN"
152983,5.666037037037037,"SM",34938,2458,"34938_20221231",0.6174673230351383,2.7703906398402327,27,11.85399443651833,1.6691651735521067,4,"MS"
4401730,4.52387461459404,"NM",34953,159876,"34953_20221231",0.5514646710093986,5.062840973208753,973,10.542969279989427,0.6220230919329648,5,"MI"
495574,5.386673913043478,"N",34955,7497,"34955_20221231",1.2441216739091612,2.857222500975637,92,8.374306600019846,0.37201282921598144,4,"IA"
566692,8.333705882352941,"NM",34966,6176,"34966_20221231",0.053061878473732296,2.1516837380197233,68,10.206295095294845,0.7066846912424826,4,"SC"
11556290,15.91775482093664,"SM",34967,97008,"34967_20221231",0.39435043815024934,2.271812742445466,726,13.075621249284378,1.5636030629487925,4,"NY"
56050000,7.830399552947751,"SM",34968,492000,"34968_20221231",3.3767745980563397,2.4739962572018737,7158,7.2017021276595745,1.2872145614264145,9,"PR"
903989,8.950386138613862,"SI",34969,12830,"34969_20221231",0.4194684769573411,2.767624825963516,101,9.237823814852067,1.0946212942384732,4,"NY"
494712,7.275176470588235,"NM",34973,5608,"34973_20221231",0.35290505377138126,2.110162714985032,68,9.397263546446888,1.070935401176601,4,"IA"
811027,6.593715447154472,"NM",34978,9647,"34978_20221231",0.3000125480533406,1.839291235075745,123,10.195447574230545,1.5584473818980795,4,"LA"
3082034,8.75577840909091,"NM",34980,34560,"34980_20221231",0.12343585743836685,1.9293515997558928,352,10.354746323261717,1.199004715244343,4,"LA"
149509,7.119476190476191,"NM",34995,1929,"34995_20221231",7.878886832843511,2.1542989838630953,21,9.325167170437783,0.3194840923545682,2,"NE"
938661,3.2036211604095564,"N",34997,29697,"34997_20221231",1.7639006619428146,5.844981410293651,293,10.785610060050436,0.11619246433119813,4,"FL"
1028049,8.78674358974359,"NM",34998,14785,"34998_20221231",0.08175004979844583,2.7327259659041294,117,11.60617172767575,2.186587882736846,4,"GA"
1052701,2.494552132701422,"NM",35014,56457,"35014_20221231",0.31336070534389393,9.024250421296774,422,17.124837100657565,3.04566240736917,4,"KS"
477356,6.281,"N",35015,7421,"35015_20221231",0.4288374828465007,2.6613834030070076,76,10.392000068787027,0.5707499234979245,4,"TX"
132970,6.331904761904762,"NM",35019,1694,"35019_20221231",0.09536096931620576,2.903462045999406,21,18.715735543662706,0.6744806240111647,4,"LA"
646301,5.571560344827587,"NM",35020,8579,"35020_20221231",0.3414502446871023,2.6945276819312793,116,8.674182428025714,1.5225921417904205,4,"LA"
2160944,8.856327868852459,"N",35028,26777,"35028_20221231",0.6929753641980018,2.2575622911615145,244,10.634144741158718,1.9015228810746643,4,"TX"
256601,8.553366666666667,"NM",35029,3010,"35029_20221231",0,2.083013218288911,30,9.820885380865471,1.2473652069420642,4,"GA"
234670,12.351052631578948,"SM",35031,2269,"35031_20221231",0,1.605489986376889,19,8.95564487694803,1.2273531696013649,4,"IA"
261900,6.3878048780487795,"NM",35033,4207,"35033_20221231",0,2.9518319136066116,41,11.92947462154942,0.7425651343446672,4,"NY"
738123,13.180767857142857,"N",35052,4707,"35052_20221231",0.9654576411103085,1.280977882604397,56,7.387604386840556,1.0927948149396083,7,"FL"
179410,6.186551724137931,"NM",35056,2001,"35056_20221231",0.341550151586865,2.2428951435215487,29,8.479470228207672,1.0541833272852037,8,"FL"
137992,7.262736842105262,"SM",35060,1427,"35060_20221231",0.2809716709630782,1.9887945311674124,19,13.279414293082697,1.0782620952112476,8,"OH"
120225,2.2683962264150943,"NC",35063,7316,"35063_20221231",0,10.580695437201053,53,98.97929869032531,2.33363116031601,7,"IL"
23822,1.2537894736842106,"NM",35075,3900,"35075_20221231",0,29.541965959106825,19,73.1317665698442,7.691851047770889,7,"PA"
233736,8.059862068965518,"SM",35084,2022,"35084_20221231",0.15162441522900835,1.5397108616060955,29,14.570749058152504,1.534083579851561,4,"AR"
52948,5.883111111111111,"NM",35094,555,"35094_20221231",0,1.8264360783575473,9,12.112445414847162,0.631740526607318,2,"MO"
15845722,6.011275417298938,"NM",35095,349538,"35095_20221231",0.06052822160450075,3.275100831139397,2636,9.86622923974755,1.156739198917815,4,"VA"
211140,5.706486486486487,"SM",35101,3588,"35101_20221231",0.06338885611357276,2.9184144938472145,37,12.818945118336982,0.9692425782781865,4,"OH"
185315,4.118111111111111,"NM",35103,5469,"35103_20221231",0,4.058534411007104,45,9.368568539798709,0.6631914448796689,4,"ID"
337371,4.751704225352112,"NM",35109,5741,"35109_20221231",0.4219227065240392,3.0434273344768594,71,9.864970692232848,1.0795171061508262,4,"IL"
2418508000,17.490565901283674,"N",3510,19677000,"3510_20221231",0.530915719288147,1.7638006383309472,138275,7.6806276527025705,1.1144286599798237,9,"NC"
723014,4.986303448275862,"NM",35111,13768,"35111_20221231",0.5097143491247377,2.976991366027474,145,10.952866652351299,1.1996770812177224,4,"VA"
528198,6.1418372093023255,"SB",35115,10789,"35115_20221231",0.5342492533993083,4.969047738836247,86,9.089977362263127,-0.9034303205838418,6,"MI"
290619,7.088268292682928,"NM",35117,4996,"35117_20221231",0.2330546388277352,2.7496693880754606,41,12.120426103455873,1.3139324974121194,4,"OH"
109902,4.9955454545454545,"NM",35118,2100,"35118_20221231",0,3.0357030665455813,22,8.475102271124276,0.769159008394114,4,"KS"
1717531000,8.184955203964925,"N",3511,26192000,"3511_20221231",1.0889432387384839,2.6207984910463438,209840,8.34483900270618,0.9238703224531917,9,"SD"
619074,5.246389830508475,"NM",35131,9408,"35131_20221231",0.5495845757894056,2.408880956894439,118,8.430348497913617,0.8140789085199881,2,"IL"
501086,5.826581395348837,"NM",35138,8567,"35138_20221231",1.0526591221299142,2.693350691653512,86,9.773203653941131,1.2913325233955195,4,"TN"
780659,11.828166666666666,"SI",35139,10780,"35139_20221231",2.0539876486779933,2.6191602869490858,66,13.095316091300854,1.433105477145036,4,"WA"
11886358,424.5127857142857,"NM",35141,4696,"35141_20221231",0.16346126064432698,0.684997157775522,28,15.040452692445374,1.9510318823677744,6,"UT"
91580361,10.222163299475389,"NM",3514,1171767,"3514_20221231",0.8147853081973155,2.0978545410477225,8959,8.729159995692305,0.8885650373829833,4,"CA"
774320,9.559506172839507,"NM",35151,8700,"35151_20221231",0.5071892549206524,2.3240481396827493,81,8.698958882258271,1.3252626729631185,4,"NJ"
354791,15.425695652173912,"SB",35154,4628,"35154_20221231",0.03587967791730986,2.2069620274174504,23,12.374956682453506,0.22324120783728785,4,"NY"
1068094,5.367306532663317,"SB",35157,19081,"35157_20221231",0.28847335658150636,4.096929826866906,199,10.241830525994315,0.7578186737034293,6,"NV"
433272,6.564727272727272,"SB",35161,4561,"35161_20221231",0.0739037608802759,1.8837519473983484,66,8.780019553029279,1.2926686153129836,4,"KY"
127407,0.5817671232876712,"SB",35164,26422,"35164_20221231",0,102.72827296905885,219,57.2516178149981,27.712042837880723,5,"CA"
352016,10.353411764705882,"NM",35169,3325,"35169_20221231",0.4481690654035343,1.7414001324554909,34,10.261804178521137,1.5672900865156114,2,"IL"
105252,6.57825,"NM",35172,115,"35172_20221231",0.4685652874798495,0.18250664908932723,16,9.800477456669837,0.09479714297358259,4,"MN"
65008,1.4132173913043478,"SB",35206,9497,"35206_20221231",0,25.522915761404736,46,97.78207919993548,6.052099321952302,7,"NH"
918549,5.850630573248408,"SM",35207,16312,"35207_20221231",0.10308640366876858,3.1855594691322273,157,8.980955326953355,0.894573480931482,4,"VA"
277045,13.192619047619049,"NM",35212,2369,"35212_20221231",0,1.5142954006102385,21,7.904689863842663,1.0547331148529024,7,"FL"
934534,5.465111111111111,"NM",35214,18932,"35214_20221231",0.07068975566452107,3.3371039999111445,171,10.369112513448332,0.7497190155655338,4,"SC"
482522,11.221441860465116,"SM",35218,4419,"35218_20221231",0.22526449206177893,1.5498823516935931,43,10.584874666838449,1.9589697197853493,4,"FL"
219946,6.109611111111111,"SM",35220,3252,"35220_20221231",2.9706922111985405,2.7274469153560665,36,9.014979301251342,0.8309019236060599,2,"WY"
555103,8.81115873015873,"NM",35221,4383,"35221_20221231",0.48137358794935714,1.5141565957926877,63,11.1938056506297,1.8430223686579892,8,"IN"
502227,9.65821153846154,"NM",35223,4454,"35223_20221231",4.5270463651974815,1.7304322284010687,52,8.634775495837108,0.811065174951494,4,"IL"
146078,5.217071428571429,"NM",35229,1683,"35229_20221231",0.17331022530329288,2.280180562521702,28,13.008584547813934,1.090577054155896,4,"IL"
1421875,7.483552631578948,"NM",35230,18304,"35230_20221231",1.13902819192193,2.6494775261729635,190,10.760636979037532,1.387407290613209,6,"IL"
348315,11.235967741935484,"NM",35236,3054,"35236_20221231",0.005170096163788647,1.7000331270466211,31,8.532605850497625,1.142736528578674,7,"GA"
3060083,24.878723577235775,"SB",35237,16312,"35237_20221231",0.25246594645373416,2.8026598243818803,123,16.56439133523392,4.066629848957113,2,"WI"
405324,9.42613953488372,"NM",35241,3665,"35241_20221231",0.802116891099554,1.8185788396386224,43,17.01845478825876,0.9332761328345568,4,"SC"
7048,0.20729411764705882,"NC",35248,3613,"35248_20221231",0,66.6322602242928,34,94.88861763808362,6.151313954137142,7,"VA"
74568,4.9712,"NM",35261,1528,"35261_20221231",0,3.716147017905072,15,9.197948393391611,0.43359482027095686,4,"WA"
41858,4.65088888888889,"SB",35267,1257,"35267_20221231",0,4.86476638781248,9,98.1834982856309,7.604890370421432,5,"DE"
3098582,6.075650980392156,"N",35274,54994,"35274_20221231",3.4131758011088476,3.624147880447208,510,8.903716720267896,0.46980090441659855,4,"VA"
574033,5.627774509803921,"NM",35276,7628,"35276_20221231",0.4052834220658401,2.1662013258878807,102,9.316919237368465,1.5228576990565184,2,"MO"
2069955,6.993091216216216,"N",35278,42832,"35278_20221231",0.574248286450232,5.308390907200996,296,9.469577252961626,1.9645503246932539,4,"MD"
295793,4.108236111111111,"NM",35286,6798,"35286_20221231",0.23478926473679407,3.3001647659354503,72,8.19796225267391,-0.06429102187187026,4,"NJ"
378436,7.140301886792454,"NM",35292,4711,"35292_20221231",0.007227217701865225,2.5701904758000325,53,10.881614694918467,1.9356225413054822,4,"KS"
3694134,12.607965870307167,"NM",35295,39074,"35295_20221231",0.0839720744031636,1.937528366122892,293,9.42897392627698,0.9334140489653858,4,"SC"
158743,6.901869565217391,"NM",352,1966,"352_20221231",3.3436837322023627,1.9361780796744474,23,10.085956557091416,1.1817439108361765,2,"MT"
126404,4.681629629629629,"NM",35303,2080,"35303_20221231",0.13262336942536473,2.932741653082171,27,11.253518332071756,0.3637626033931051,7,"MI"
15784,2.630666666666667,"NM",35314,535,"35314_20221231",5.107799160758211,8.879621690440928,6,24.62167954796389,-3.799984410320368,4,"AL"
131567,0.3038498845265589,"NC",35317,116882,"35317_20221231",0,143.05829152701898,433,40.058358643280805,17.688369749825785,7,"PA"
402224,4.905170731707317,"NM",35320,6154,"35320_20221231",0.4690186192674906,2.510011333585191,82,11.793788637803148,1.298325147966251,8,"GA"
396974,2.835528571428571,"NM",35323,22160,"35323_20221231",0.07429020139188273,8.359368075004937,140,25.079404161024254,7.539578250143976,4,"UT"
552488,8.124823529411765,"N",35331,8832,"35331_20221231",0.004689611657521924,3.688192551994575,68,13.028265471298717,-0.6171538287664796,4,"CA"
462519,12.84775,"NM",35333,6859,"35333_20221231",0,2.245280461542042,36,10.247036741944914,1.1100903907928898,4,"WI"
3224069,17.81253591160221,"NM",35361,21564,"35361_20221231",0.014424748870120848,1.3075067628587627,181,10.685377794265396,1.7031732249819846,4,"CA"
584845,7.595389610389611,"SM",35365,9971,"35365_20221231",0.08555513616763316,2.9197406571346716,77,11.269807917914237,1.2461894709180692,4,"NC"
399524,7.398592592592593,"N",35366,5041,"35366_20221231",0.22362943937649454,1.954648575650465,54,10.138287258009555,1.3087301342814754,4,"CA"
263803,13.884368421052631,"NM",35377,2785,"35377_20221231",10.170634374569975,1.6999434419319381,19,23.533915114584097,1.1670881843437306,7,"NY"
208316,0.2741,"SB",35388,65064,"35388_20221231",0,83.74250444181226,760,86.70330100635663,31.374463281018656,5,"PA"
131848,1.5154942528735633,"SB",35393,17184,"35393_20221231",0.13804296120806245,29.49800287715914,87,10.592434597135767,2.058165821221389,5,"IL"
87733,2.74165625,"SB",35394,8213,"35394_20221231",0,43.99721186258338,32,32.22450871757762,5.095522843003658,7,"CT"
465755,6.380205479452055,"NM",35406,7971,"35406_20221231",1.3934063774382155,2.692194062573967,73,10.97531627044782,1.619074192773707,4,"MN"
582302,7.976739726027398,"NM",35407,7169,"35407_20221231",0.09819784337310922,2.1270195465474,73,8.466445985764476,1.7049167923454747,4,"CO"
916141,11.172451219512194,"NM",35412,9497,"35412_20221231",0.10525893873197832,1.7233946631886672,82,10.511584332466658,1.0882635935371658,4,"IL"
14656,,"NC",35413,0,"35413_20221231",0,14.00121381490734,0,100.73569856985698,6.139645170851505,7,"CA"
439557,4.883966666666667,"NM",35417,8039,"35417_20221231",0.3234753484964447,3.1591596334737653,90,9.788554573337368,0.9247962509181779,4,"TN"
323353,4.429493150684932,"NM",35420,5402,"35420_20221231",0.018762092755096056,2.7439285610817667,73,8.825895398628747,0.9606677889354001,4,"MO"
306407,9.285060606060606,"N",35427,3839,"35427_20221231",2.0583657387668297,2.282346284938986,33,13.203416705027877,1.3457878214441676,2,"GA"
583694,12.160291666666666,"NM",35430,5079,"35430_20221231",0,1.9147420739908434,48,11.285802813832179,1.0299072868519612,4,"FL"
216751,7.225033333333333,"NM",35439,2981,"35439_20221231",0.001849112426035503,2.4065099087957407,30,10.730770668261325,0.8209616526345647,4,"MS"
477336,5.821170731707317,"NM",35441,6360,"35441_20221231",0.9379209928286636,2.3015879939399757,82,11.39226209648745,1.9788131773545843,4,"NM"
89545,3.7310416666666666,"NM",35442,1369,"35442_20221231",0.9048448256220807,2.7983736484426833,24,12.178456591639872,1.8502662769639047,8,"KY"
7897432,11.01454951185495,"N",35444,97460,"35444_20221231",0.651646248615042,2.5624197060042713,717,10.732790337892245,1.927519050220876,4,"DE"
174862,7.285916666666666,"NM",35450,1995,"35450_20221231",0.7025191767615375,2.2960978383431474,24,9.779566029601956,1.5594431541108102,4,"KY"
275269,4.587816666666667,"NM",35455,4156,"35455_20221231",0.18041185063514398,3.0338523809347304,60,8.486570411601306,0.6705240020905225,4,"KY"
781503,8.056731958762887,"NM",35456,12172,"35456_20221231",1.207729072829127,2.5533345450420843,97,9.742497932821585,1.3186215491924143,4,"NJ"
303394,6.320708333333333,"NM",35477,3708,"35477_20221231",0.2734668450079704,2.414399053155026,48,8.654253562289608,0.740244179747559,4,"IA"
365645,12.608448275862068,"NM",35480,5656,"35480_20221231",0,2.656822489687837,29,8.838697483529538,1.2890204267848155,4,"MN"
324032,6.113811320754716,"NM",35492,4211,"35492_20221231",0.015859501510826195,2.711276789848281,53,10.377265430936303,1.2763904887536612,4,"NM"
793048,6.147658914728682,"SI",35497,20095,"35497_20221231",0.26076251732189426,4.053607348849482,129,7.074472760982315,1.2165565534998792,4,"PA"
9191646,13.418461313868614,"N",35498,112516,"35498_20221231",0.7760642246486179,2.002908716586173,685,12.252268537877528,1.4190557536195791,4,"CA"
132351,2.4509444444444446,"NM",35506,7925,"35506_20221231",0,11.109858499314498,54,11.618187495496361,-1.6364767020266857,4,"FL"
9742,0.44281818181818183,"SB",35510,3268,"35510_20221231",0,75.84974602983398,22,72.10693587586465,13.862956493806342,7,"MT"
526405,8.35563492063492,"NM",35513,5246,"35513_20221231",0.4069816350624976,1.7802336170164925,63,11.060155595632457,1.6610642053311446,4,"GA"
780976,0.6470389395194698,"SB",35518,146278,"35518_20221231",0.5983775218183108,30.04122505243244,1207,21.19497899225944,-0.1201067134632288,5,"IL"
1303891,7.3252303370786525,"SM",35519,24405,"35519_20221231",0.570863478646924,3.039805019188079,178,7.7300798178317445,1.0642702650698574,4,"NC"
749305,13.38044642857143,"SM",35521,8076,"35521_20221231",0.3837244093759543,1.7977660750607871,56,12.006646181226625,1.5887911855832821,4,"TN"
2112345,19.030135135135136,"NM",35530,17371,"35530_20221231",0,1.5358097139893354,111,15.072420541911717,1.4296781399426945,4,"NC"
190809,2.9355230769230767,"NM",35533,11970,"35533_20221231",0,16.01603400935617,65,31.791361254998318,19.31975295881698,7,"UT"
3545894,11.780378737541529,"NM",35541,28021,"35541_20221231",0.16570500805298402,1.7352432726790716,301,9.875260094466972,1.4917257543346936,4,"NJ"
370781,5.452661764705883,"NM",35543,5262,"35543_20221231",0.05979488962280549,2.7346698357540546,68,8.645938039368062,0.7180765257646213,4,"MO"
17893084,16.076445642407904,"SB",35546,132057,"35546_20221231",0.6083879745843485,2.1501477105908005,1113,10.047143406291518,1.6242529754532726,4,"CA"
197648,6.815448275862069,"N",35547,2696,"35547_20221231",0,2.4496591089265896,29,11.601063454344398,1.0004756619628983,4,"AZ"
95338,5.9586250000000005,"SM",35558,2145,"35558_20221231",0.6867493862384711,3.2147087022728553,16,8.804315549836682,0.6816427103125444,4,"FL"
661211,7.034159574468085,"NM",35568,7096,"35568_20221231",0.29384156223423885,1.950150636835362,94,10.344226712726606,0.9084301193945626,4,"KY"
41842515,12.90638957433683,"NM",35583,470001,"35583_20221231",0.14609893476827898,1.8401293225514697,3242,10.092477916397623,1.4290353254599604,4,"TN"
303261,4.891306451612904,"N",35585,8231,"35585_20221231",0.33770138203561895,3.631380994287367,62,11.796160772944333,1.4738765693567033,4,"KS"
136092,6.186000000000001,"SM",35597,1802,"35597_20221231",0,2.28978622327791,22,9.359144322669758,1.4646446190389184,4,"MO"
31224,0.26687179487179485,"SB",35602,22262,"35602_20221231",0,195.88342510208875,117,103.13697907508353,19.76362400848464,7,"IL"
177112,7.700521739130434,"NM",35604,1942,"35604_20221231",0.4711904568105561,2.0160924030050054,23,13.205257600242696,1.077028242326245,4,"TN"
387221,4.964371794871795,"N",3579,8094,"3579_20221231",0.4238855224602429,3.428795080827484,78,10.616514230158709,1.1618146143506765,7,"FL"
46141,5.767625,"SM",358,647,"358_20221231",0,1.9459497194516433,8,10.11732735193892,0.48212431390001487,2,"MT"
122305,7.194411764705883,"NM",3598,1240,"3598_20221231",0,1.8204709405199402,17,10.066721292286083,0.5978012051919769,2,"IL"
129190,5.61695652173913,"N",3599,1968,"3599_20221231",0.0011159095220559516,2.633090010437188,23,7.986221036286614,0.9303055970610908,2,"IL"
1023366,6.82244,"SM",35,10738,"35_20221231",0.5413731172862756,1.8440457750773254,150,10.009102078120552,0.9834227026212545,4,"AL"
22467,5.61675,"N",3600,255,"3600_20221231",0.7808521473434052,1.9449456242861634,4,10.537346711259755,0.5958982338238459,2,"IL"
70997,5.461307692307693,"N",3601,821,"3601_20221231",0.47607988852763583,2.03782334208615,13,12.532413831770462,0.7374713671154813,2,"IL"
5883754,7.184070818070818,"N",3603,82701,"3603_20221231",0.8491770238495129,2.412401474788962,819,9.323511873467154,1.2485400768506056,4,"IL"
167353,5.071303030303031,"N",3607,2123,"3607_20221231",0.015968488848671955,2.396024339823174,33,10.904891724901487,1.0826783148993822,2,"IL"
575105,4.8737711864406785,"N",3612,10157,"3612_20221231",0.2025741237134497,2.734258079489453,118,9.993441058970841,1.0368795842897813,2,"IL"
430692,6.333705882352941,"NM",3614,4965,"3614_20221231",0.32378104642453215,2.088642724706827,68,10.628547434263872,1.7749802189496555,2,"IL"
84885,4.467631578947369,"NM",3615,1275,"3615_20221231",0.17570343240367245,3.1038821829705925,19,10.222623972928183,0.8249056252038962,8,"IL"
403007,6.830627118644068,"N",3639,6020,"3639_20221231",0.2190723630605562,2.100095316046763,59,7.57520517455453,0.08928086012881382,2,"IL"
532083,6.334321428571428,"SM",363,7709,"363_20221231",0.42179043330868254,2.6665590851602934,84,8.429774782255155,0.9417951410499302,4,"MT"
6105252,7.033700460829493,"NM",3657,104671,"3657_20221231",0.3684788882818312,2.640644260831319,868,6.876637240646537,0.5967963208686121,4,"IL"
389021,14.962346153846154,"N",3661,3586,"3661_20221231",0.05482284933084895,1.7436471862572867,26,9.489149954352559,1.4555826426655716,4,"IL"
1820094,6.547100719424461,"N",3664,25737,"3664_20221231",0.05966171544515656,2.511153689350551,278,10.447632532167127,0.7612688931313139,4,"IL"
306342,8.279513513513512,"N",3674,7062,"3674_20221231",0.2242928811055369,3.061715720346794,37,13.385829365929197,1.8109722771412957,4,"IL"
303671,5.7296415094339626,"N",3677,3469,"3677_20221231",1.192698037569988,1.6944908284552065,53,10.84208958681515,1.146208924131023,2,"IL"
78474,5.2316,"N",3688,1241,"3688_20221231",0.06261146738511744,2.4787801397130624,15,7.930339316509194,0.9088860512281228,2,"IL"
295443,6.1550625,"N",3691,4479,"3691_20221231",1.124448000948401,2.4121081684557963,48,9.74731394759423,0.8491670608961289,4,"IL"
57017,5.701700000000001,"N",3693,645,"3693_20221231",0,2.2999034073876694,10,6.034380957200939,0.3763781101155781,5,"IL"
105861,5.041,"NM",3698,1222,"3698_20221231",0,2.0962383493033387,21,10.097688176227914,1.0915379199713156,2,"IL"
758643,4.926253246753247,"N",3701,13340,"3701_20221231",0.7243122241945947,2.738222455479185,154,7.757706854894818,1.0879909198404016,4,"IL"
238655,5.423977272727273,"SM",3702,3422,"3702_20221231",0,2.274948657642515,44,8.414771565258189,0.8477364787652548,8,"IL"
6704869,7.491473743016759,"N",3705,74134,"3705_20221231",0.33061125371202094,2.0979020768651466,895,10.224186572540809,1.0002845235037532,4,"IL"
679419,5.070291044776119,"SM",3711,9886,"3711_20221231",0.3572728174931357,2.392243047064832,134,9.210365648906228,0.925355578598734,2,"IL"
363421,6.9888653846153845,"SM",3713,4582,"3713_20221231",0.13517782154669442,2.103670428456619,52,10.095693383714737,1.5164961164819803,4,"IL"
1354398,9.471314685314686,"N",3719,21450,"3719_20221231",0.542145901364706,2.6296406217895494,143,8.550421898629315,1.167928117148477,4,"IL"
280692,7.0173000000000005,"N",3720,2863,"3720_20221231",0.8141422586007446,1.9188449163682846,40,10.852676696737571,1.5023204805101424,4,"IL"
719036,7.901494505494506,"NM",3722,7872,"3722_20221231",0.1773269539145741,2.213132264738086,91,8.360524884074643,0.931353436846177,4,"IL"
844736,15.358836363636364,"N",3732,6166,"3732_20221231",0.058616647127784284,1.2592541390034766,55,13.510554411522774,1.2858856063665542,2,"IL"
111122,5.2915238095238095,"NM",3745,1451,"3745_20221231",0.519595869878983,2.2148982918704374,21,8.332566908856801,0.926713445318591,2,"IL"
524921,4.199368000000001,"N",3747,9430,"3747_20221231",2.6851341587371564,2.8557697848446284,125,10.824063203493397,0.8975007447787339,2,"IL"
150926,4.079081081081082,"N",3749,2479,"3749_20221231",0.4773389609084514,3.0525751918198862,37,10.670667784883111,0.3072269225315498,2,"IL"
261556,7.06908108108108,"N",3759,2380,"3759_20221231",5.76937083164258,1.8985007592509922,37,12.135444639490748,0.8260680653209683,7,"IL"
71690,4.2170588235294115,"N",3761,998,"3761_20221231",0.35790073797231814,2.429329797826515,17,13.139760297717592,0.7946903503027011,2,"IL"
163220,4.663428571428572,"NM",3762,2637,"3762_20221231",0.12573213588442017,2.7521015603197996,35,10.060604585503578,0.8255692694844139,2,"IL"
51407,6.4258750000000004,"N",3770,518,"3770_20221231",1.4020442018515547,2.19357291056241,8,10.196353436185133,0.5701705760306626,2,"IL"
1596193,5.890011070110701,"N",3775,23466,"3775_20221231",1.3867871503307536,2.4590133555570235,271,8.900748760272819,0.8826555657270715,2,"IL"
616678,5.709981481481481,"N",3777,9071,"3777_20221231",1.968647466277798,3.248719959701845,108,8.549452226088167,0.5823147209416506,2,"IL"
1273483,7.318867816091954,"SM",3787,14882,"3787_20221231",1.1556505811617788,2.0629788654846526,174,8.576654195021865,0.7420619230040287,4,"IL"
674242,10.215787878787879,"N",3792,5486,"3792_20221231",1.7154920275497687,1.5540394034532228,66,11.053045692540985,0.9369681380338668,2,"IL"
521415,9.838018867924527,"N",3799,4701,"3799_20221231",2.783923124153323,1.621438862193731,53,10.53588509623079,1.4080447597099266,7,"IL"
64806,7.200666666666667,"SM",3805,727,"3805_20221231",0.7355028516864951,1.8468172869597825,9,10.950532404159457,1.67338520671229,8,"IL"
141958,5.67832,"N",3807,1718,"3807_20221231",0.30016418376494525,2.2027118986559375,25,11.006130755347057,1.1544736224321506,2,"IL"
131457,4.5329999999999995,"N",3808,2201,"3808_20221231",2.0080955911848006,2.8543440608506088,29,7.821565074385954,0.2342470809816609,2,"IL"
1697634,6.264332103321033,"N",3809,26685,"3809_20221231",0.6309458627061804,2.788698860380435,271,8.627180549917242,1.2223549129580524,2,"IL"
444550,8.891,"N",3814,5526,"3814_20221231",1.2731816864676904,1.9425446617942603,50,12.45157267860598,0.6069501331682927,8,"IL"
86092,3.5871666666666666,"NM",3818,1410,"3818_20221231",7.143835147532005,3.107070771284627,24,8.45073559710884,-0.2440702286540719,4,"IL"
265581,5.5329375,"N",3821,3017,"3821_20221231",0,2.24391671061597,48,9.896885567600055,1.2430274590116603,2,"IL"
79555,5.303666666666667,"N",3826,943,"3826_20221231",0,1.9341630976752364,15,10.694310383583016,0.3654814684568142,2,"IL"
90245,7.520416666666667,"N",3827,811,"3827_20221231",0.09740834760021252,1.4582357176325385,12,10.93813764793432,0.7382604025004856,2,"IL"
182933,5.380382352941176,"N",3830,2318,"3830_20221231",0.7151313087386146,2.209997456118036,34,10.349755801129842,0.8042833709067623,2,"IL"
46490438,12.975282723974324,"N",3832,480542,"3832_20221231",0.7734819796279926,2.400624485570761,3583,8.467000407757254,1.1297847273712214,4,"IN"
80500,5.03125,"N",3834,1082,"3834_20221231",1.227042683897253,2.6276922755762917,16,10.37984683800762,1.279923595998184,8,"IL"
97222,4.629619047619048,"N",3837,1693,"3837_20221231",0.48849085929982977,2.814027998495509,21,11.290682230215129,1.3282448460358438,8,"IL"
473810,5.509418604651163,"SM",3840,5738,"3840_20221231",0.22588296737971406,2.141767410720195,86,12.04139413132698,0.9705417313730069,2,"IL"
839634,5.711795918367347,"N",3842,11804,"3842_20221231",0.3383189775801486,2.347117558011484,147,8.030994039334951,0.5623366056351816,4,"IL"
100507,4.369869565217392,"N",3845,1186,"3845_20221231",0.7969891520920966,2.2706154484885626,23,9.664650686170106,0.44680808999426663,2,"IL"
250000,6.097560975609756,"SM",3846,3885,"3846_20221231",0.035305896611687836,2.5196655379637756,41,9.230376983415598,1.721843753130356,4,"IL"
1193379,4.773516000000001,"SM",384,19844,"384_20221231",0.4203239816019498,3.065005074145049,250,10.997940180770255,0.9908098700263281,4,"OH"
56694,4.7245,"SM",3850,771,"3850_20221231",0.5887075194005887,2.1602982292637467,12,9.84154516053264,1.0773532152842498,8,"IL"
296085,3.4833529411764705,"SM",3854,5969,"3854_20221231",0.4293144010725035,3.567195462027876,85,9.539132659243602,1.2825483732540026,8,"AR"
559838,5.281490566037736,"N",3863,7165,"3863_20221231",1.0516560710247809,2.214008050938367,106,9.561092514501231,1.0427310644765981,4,"AR"
2203969,5.709764248704663,"N",3864,30153,"3864_20221231",0.25472908794778576,2.285002522709974,386,9.947669269058146,1.3019184836328526,4,"AR"
967352,5.898487804878049,"NM",3869,12404,"3869_20221231",0.08981480015487295,2.1564529972184983,164,9.165905443396925,1.5878916317526657,2,"AR"
473884,2.6181436464088397,"SM",3873,24812,"3873_20221231",0.34812817512518807,6.906011748531434,181,15.792717341239207,0.8744740240803233,7,"AR"
2396439,7.680894230769231,"N",3887,28132,"3887_20221231",0.2861150596112106,2.3587216420196144,312,10.181003409315133,1.1681218679997838,4,"AR"
27409758,8.51763766314481,"SM",3890,289013,"3890_20221231",0.3724372062334716,2.1431333999592446,3218,9.963609725097468,1.1103341097040547,4,"AR"
272576,4.699586206896552,"N",3896,3445,"3896_20221231",0.2646172442237486,2.4729857923258933,58,9.715342903592127,0.8664900248243577,2,"AR"
60928,3.2067368421052636,"NM",389,1115,"389_20221231",0.872379778051788,3.201415197720655,19,10.223790355977405,0.12993518895394346,8,"OH"
158673,6.898826086956522,"N",3902,2170,"3902_20221231",1.0935959329500198,1.8970775110632685,23,11.825097144530321,0.6691663358044416,2,"ND"
69810,6.346363636363637,"SM",3919,1168,"3919_20221231",0,3.793789365992125,11,10.269067546858421,-0.5807374279844884,2,"ND"
3778066,4.613023199023199,"N",3931,100182,"3931_20221231",0.15463736844207537,4.3391673483654785,819,10.485011312217194,1.2586550585711958,4,"ND"
53976,7.710857142857143,"NM",3934,788,"3934_20221231",0,2.6471685392489364,7,9.266661949908023,0.773445494337763,4,"ND"
4377534,6.390560583941605,"NM",3973,74618,"3973_20221231",0.18445471198087496,2.648683622631865,685,9.255664372503757,1.3483804687171301,4,"SD"
109334,7.809571428571429,"N",3977,1519,"3977_20221231",0,2.3113478097484754,14,8.652647403930771,1.1444363134227187,7,"SD"
34606,8.6515,"N",3985,281,"3985_20221231",0,1.5601879655025106,4,8.829078801331853,0.4240987128449285,2,"SD"
391088,13.967428571428572,"N",3999,2516,"3999_20221231",0.011599133931333126,1.2451665523773463,28,11.437440366388907,1.7608443687652238,2,"SD"
28429,2.5844545454545456,"NM",399,694,"399_20221231",0.112124764283166,4.274167955219144,11,13.147150650152675,0.5536836845623535,2,"OK"
444822,5.702846153846154,"NM",39,5981,"39_20221231",0.20851734469441124,2.2900682066210103,78,9.082862253694296,1.4825714511929793,4,"AL"
1576681,4.160108179419526,"NM",4009,32964,"4009_20221231",0.9259094501169687,3.612424613978938,379,9.676077269849095,0.7776870505391561,2,"SD"
1789159,6.553695970695971,"N",4016,30081,"4016_20221231",1.064771065681891,2.6485447163227547,273,10.303713873860579,0.9628233781008297,2,"SD"
2727087,7.881754335260116,"N",4028,49028,"4028_20221231",0.21088983860519092,2.8364106878950834,346,9.10581607655678,1.3313297152295673,2,"SD"
890423,4.047377272727273,"SM",4029,16537,"4029_20221231",1.1314004965995166,3.284814623110504,220,9.188301346294278,1.0242872516262607,4,"OK"
313956,4.830092307692308,"NM",402,4455,"402_20221231",0.2927345597680175,2.486098479530736,65,10.05077248940942,1.4313530406333355,4,"OK"
403204,6.4000634920634925,"SM",4031,5451,"4031_20221231",0.18964522377033816,2.6635292533872565,63,8.675097255641887,0.4607958895772625,4,"OK"
894928,6.937426356589147,"NM",4032,13965,"4032_20221231",1.1842504919245145,2.6290210955786972,129,7.915488386155871,0.8203660021305736,4,"OK"
377319,5.716954545454546,"N",4033,5835,"4033_20221231",16.338108282066248,3.181433291102107,66,9.980181090428633,0.34118048447628796,4,"OK"
676116,4.199478260869565,"N",4037,11572,"4037_20221231",0.0805616296466797,2.856792537829876,161,9.127743569153036,1.1108809793207124,4,"OK"
135914,6.472095238095239,"NM",4041,1849,"4041_20221231",0.26052473832249734,2.8681774294314764,21,10.252822859400204,0.5624341328890656,2,"OK"
629791,4.226785234899329,"NM",4042,13695,"4042_20221231",3.723682818092274,3.0240153353492527,149,9.15292043562467,1.3371921928537664,4,"OK"
698929,5.824408333333333,"NM",4048,13614,"4048_20221231",1.5518199279330762,2.845402935836624,120,11.2445514977825,1.3116871725765682,4,"OK"
181816,3.081627118644068,"NM",4049,4602,"4049_20221231",2.0344822573376558,3.6788716772587424,59,11.760552833700604,1.4377258031915379,4,"OK"
173255,4.3313749999999995,"SM",404,2931,"404_20221231",0.4421321049601053,3.7834336474910883,40,8.947343442253388,1.3308805769507586,8,"OK"
247372,6.68572972972973,"N",4050,3647,"4050_20221231",0.34900041728310766,2.316441095475001,37,10.91503320010828,1.0482729494772924,4,"OK"
51484,5.1484000000000005,"SM",4051,951,"4051_20221231",8.541388156230806,3.3392459841122997,10,9.222907356074748,0.5294625859182066,2,"OK"
74983,4.6864375,"NM",4054,1309,"4054_20221231",1.916173321577025,3.4334267491810775,16,12.260438630655797,0.9043635541487677,4,"OK"
159479,4.690558823529412,"N",4059,2096,"4059_20221231",1.3291617218685943,2.265371382507836,34,15.72289081654242,0.8352494700779161,7,"OK"
121579,5.526318181818183,"NM",4061,1836,"4061_20221231",1.721653635072998,2.632694367594777,22,12.824047420189258,1.4465443935520756,2,"OK"
1014057,6.259611111111111,"N",4062,11592,"4062_20221231",1.0744409260106171,1.9696973754603906,162,10.958494609462655,2.0742438815573574,4,"OK"
34681050,11.930185758513932,"SB",4063,336052,"4063_20221231",11.021677964062695,1.763158539892959,2907,8.807061251845688,2.0698948024724246,4,"OK"
202309,6.976172413793103,"NM",4067,2228,"4067_20221231",0.9232472835490345,1.7087593120115607,29,13.61467889908257,1.0537003047944922,2,"OK"
93526,5.195888888888889,"NM",406,1283,"406_20221231",0.045876820736322974,2.6329957963181547,18,18.05431426714332,2.3772545608912634,2,"OK"
105911,5.29555,"SM",4071,1536,"4071_20221231",2.168292245859253,2.5196101735203236,20,8.797719523782908,0.8186356073211314,4,"OK"
78556,3.7407619047619045,"SM",4076,1436,"4076_20221231",2.1477924815552174,2.6802328355360467,21,13.377225796797845,0.9602080251920416,4,"OK"
358396,5.875344262295082,"SM",4084,6992,"4084_20221231",0,3.64517471728759,61,9.423333996586582,1.0606663846517532,4,"OK"
310803,7.227976744186046,"N",4086,3961,"4086_20221231",0.568460657614919,2.050204290254069,43,11.427840481565086,2.4225935179511926,2,"OK"
355296,5.004169014084507,"SM",4087,4704,"4087_20221231",0.1194820170081703,2.5685336868519486,71,8.224677215354738,1.8806040478783248,2,"OK"
2702968,9.584992907801418,"N",4091,42301,"4091_20221231",0.9452335363838927,2.4761686184173866,282,7.794613555613818,1.334932009058113,3,"OK"
101135,5.05675,"NM",4092,1588,"4092_20221231",0.007901765254357823,2.5658124480869358,20,10.595824849188377,3.167560081048501,4,"OK"
114723,5.73615,"SM",4094,2573,"4094_20221231",4.494609945519879,3.1141910996050037,20,11.09795179044169,0.1350564430693243,7,"OK"
124741,8.316066666666666,"N",4097,1417,"4097_20221231",0.21720350487473775,2.0556035610378696,15,10.792680109058981,1.5744036529969956,2,"OK"
23106,2.5673333333333335,"N",4098,394,"4098_20221231",0,3.0965514907441873,9,9.406047984728188,0.09729601678567802,7,"OK"
99396,3.012,"N",4111,2341,"4111_20221231",0,4.2262440490492725,33,8.693314749365324,1.0160904748135808,2,"OK"
44845,4.076818181818182,"SM",4122,602,"4122_20221231",1.404107342037924,2.6317603073689284,11,8.222048210619882,0.4716493513206182,7,"OK"
98100,4.905,"N",4123,1480,"4123_20221231",3.0834263546031804,2.5231313288281667,20,13.773479908862779,1.3565899612342869,2,"OK"
434132,1.2882255192878338,"N",4132,19421,"4132_20221231",0.29983243722755154,9.204641968452542,337,12.946839066839825,1.9101600481173975,4,"OK"
92977,9.2977,"N",4134,976,"4134_20221231",2.343132322288507,2.1769764624477306,10,12.424953730871666,1.2643474702705935,4,"OK"
24223,3.4604285714285714,"NM",4144,371,"4144_20221231",0.01531745423910546,2.962094755138816,7,7.368508104531922,2.0611076559983417,4,"OK"
557903,7.340828947368421,"N",4145,6747,"4145_20221231",0.4255882096303406,2.1569422520354555,76,9.961513487781101,1.115878828687191,4,"OK"
484490,5.443707865168539,"N",4146,6800,"4146_20221231",1.1288728867472488,2.4821314693191323,89,9.04678221217605,0.8538797280173591,4,"OK"
1583235,12.871829268292684,"SM",4147,17040,"4147_20221231",1.4155536157461448,1.935008305312003,123,9.180751812318968,1.9973453192922073,4,"OK"
207475,5.607432432432432,"N",4148,2761,"4148_20221231",0.20263309824875195,2.173537217961936,37,7.820324071795193,0.7157041982903716,2,"OK"
325815,8.35423076923077,"NM",414,3089,"414_20221231",0.10631344353181135,1.8164421096451306,39,14.497825689057755,1.0832792263267608,7,"OK"
1225185,6.658614130434782,"NM",4160,20669,"4160_20221231",0.28009749000492157,2.9131222114007884,184,10.030032097797646,1.230864593220002,4,"OK"
73829,6.152416666666667,"N",4161,791,"4161_20221231",0,1.9536386020925582,12,20.356476627496903,1.2510724426724609,4,"OK"
285441,4.530809523809524,"N",4170,5174,"4170_20221231",3.8606850651787727,3.2035105136044915,63,11.088870681697971,1.6222638419045314,4,"OK"
304845,5.255948275862069,"N",4173,4810,"4173_20221231",1.6467169048384873,2.5861321394044703,58,9.339849714297143,0.7990929909138501,4,"OK"
738137,13.181017857142859,"SM",4178,7581,"4178_20221231",0.7622101022012578,1.5462936656687558,56,11.451452990983519,2.150685250990137,4,"OK"
378351,8.225021739130435,"SM",4185,4854,"4185_20221231",0.5413729447436131,2.4136534560723324,46,8.937547507539906,0.688520512075341,4,"OK"
276068,5.751416666666667,"NM",4187,4605,"4187_20221231",0.2842635302571581,2.823082952375316,48,10.4549812917691,1.338826249944065,4,"OK"
181855,7.2741999999999996,"NM",418,2297,"418_20221231",0.677580528108078,2.411321529621382,25,11.463337866487716,1.488477670375667,2,"OK"
1455553,5.410977695167286,"SM",4190,19013,"4190_20221231",0.13492223954903143,2.157030723206419,269,8.977797808960057,0.988710880869949,9,"OK"
159663,7.98315,"NM",4193,2217,"4193_20221231",0.0201523904573633,2.3860518080869837,20,10.515571649027304,1.6189219337101552,2,"OK"
153493,6.976954545454546,"N",4196,2002,"4196_20221231",1.4445399828030954,3.2642985737087327,22,8.591324568021868,1.3761405900662618,2,"OK"
137677,6.258045454545454,"N",4199,1631,"4199_20221231",0.8494677036791881,1.9210211033699993,22,7.746184544032789,1.448831183305007,2,"OK"
265342,5.645574468085106,"NM",41,3633,"41_20221231",0.371469916904119,2.3001706212690305,47,12.401887941136037,1.2657700399578344,7,"AL"
317746,5.884185185185185,"SM",4208,4216,"4208_20221231",0,2.550638123533237,54,9.442540641355766,0.4753446334518888,2,"OK"
50819,7.259857142857143,"SM",4209,625,"4209_20221231",0.816738551895017,2.2186828795785463,7,14.997890861678876,1.081583974945538,4,"OK"
36197,2.7843846153846155,"NM",420,868,"420_20221231",5.511414503133393,4.122565931816853,13,12.867346382421896,0.9170117643306346,4,"OK"
747928,11.16310447761194,"N",4211,9062,"4211_20221231",0.2505148147517827,1.991962563888177,67,9.522882917943646,1.816109934864402,4,"OK"
47596192,10.460701538461539,"N",4214,609563,"4214_20221231",0.8772387848661982,2.216480989804807,4550,9.312587074327555,1.1272075269285293,4,"OK"
82444,5.15275,"NM",4217,909,"4217_20221231",0.40651677663466645,2.029172226567892,16,8.62298195631529,1.1284682280403073,4,"OK"
242225,6.055625,"NM",421,4060,"421_20221231",1.6790273967963696,2.4824490849692675,40,11.004064171122995,1.633451497909778,2,"OK"
53727,4.8842727272727275,"N",4222,617,"4222_20221231",0,2.0346817258707866,11,18.21384693213847,1.3398187213752915,2,"OK"
279787,7.174025641025641,"SM",4228,3463,"4228_20221231",0,1.9644748849989637,39,9.184255361090383,1.0415457051200308,4,"OK"
102381,7.3129285714285714,"NM",4232,1332,"4232_20221231",0,2.0729284245357413,14,14.56142648654717,1.069805019096068,2,"OK"
236003,3.8689016393442626,"NM",4235,3997,"4235_20221231",0.022944853232059498,3.2843931329442118,61,8.99537313493466,0.6998191526745692,4,"OK"
430827,5.190686746987952,"N",4236,7270,"4236_20221231",0.02189621195533173,2.7220828524280547,83,10.4313768362213,1.1520264792010455,4,"OK"
14547035,7.388031995937024,"NM",4239,264449,"4239_20221231",0.6998868917321347,3.2122252090715864,1969,9.072408819373669,1.0596360929642676,4,"OK"
294784,9.50916129032258,"N",4241,1898,"4241_20221231",0.6058180613822035,1.5500462549638243,31,11.182819172886166,1.4652118234959057,4,"OK"
5662457,9.07445032051282,"N",4255,62019,"4255_20221231",0.07448543786031801,1.936155725993958,624,8.649545264188555,1.158618501410676,4,"ME"
2704047,9.904934065934066,"N",4256,23295,"4256_20221231",0.10428476163072749,1.6425122035451485,273,8.81267396348226,1.5316739519885898,4,"ME"
554069,7.589986301369862,"N",4288,7748,"4288_20221231",0.0073170660321307,2.0385728261733806,73,10.554516810359752,1.5521777157060335,4,"LA"
80649,2.781,"NM",428,1599,"428_20221231",0.5748574668472611,3.9451324651213864,29,11.198846135041315,0.8471679139207531,6,"OK"
429484,5.577714285714286,"N",4290,5557,"4290_20221231",0.18878483487525324,2.3916184539832686,77,9.075,1.444429191059966,4,"LA"
453313240,7.226879443930747,"N",4297,9139680,"4297_20221231",1.2597305184788181,3.8045684393130585,62726,10.52934471572185,1.5179712181507932,9,"VA"
293739,4.66252380952381,"N",4318,4139,"4318_20221231",0.6679302755272066,2.88820846887102,63,9.097409008886316,0.9402153227506639,4,"IN"
754653,5.4291582733812955,"N",4319,9439,"4319_20221231",0.10905353621786525,2.222590898074132,139,9.554616658712558,0.7915642302959167,4,"IN"
437457,6.161366197183098,"N",4324,5183,"4324_20221231",0.2714083626673685,2.2333248547399713,71,7.45353139799562,0.6481145388565485,8,"IN"
135498,4.6723448275862065,"N",432,2009,"432_20221231",0,3.0372046635599594,29,8.799244751472285,2.014353453052369,2,"OK"
7794340,8.660377777777779,"NM",4360,77732,"4360_20221231",0.4681912708198137,1.8913535611115102,900,8.886187326754158,1.31295635466659,4,"IN"
417275,8.345500000000001,"N",4364,4558,"4364_20221231",0.18013298593400331,1.8499957848197308,50,12.287583627041828,0.7644019891706844,2,"IN"
17923519,8.454490094339622,"NM",4365,203107,"4365_20221231",0.36677802391877856,2.0665974626622323,2120,9.60220706660095,1.38508872043552,4,"IN"
4973142,5.525713333333333,"N",4382,65532,"4382_20221231",0.31296465879191077,2.498737555729455,900,9.116361178646413,1.4029735990040817,4,"IN"
154151,4.404314285714286,"NM",4398,2824,"4398_20221231",0.31187083020804546,3.0690235948786464,35,9.351502851067943,0.8005313839018322,8,"IN"
560592,4.791384615384615,"NM",4419,11019,"4419_20221231",0.755696414856144,3.6495104385434947,117,11.543752409173035,1.1688099964517582,4,"IN"
430704,2.950027397260274,"SB",4432,13921,"4432_20221231",0.1231363362983128,5.551089615381389,146,11.092794997024287,0.6565672267103687,8,"IA"
1608286,7.961811881188119,"SM",4433,19295,"4433_20221231",0.8781330904809872,1.817039840429588,202,11.809753586744616,1.5492120809571013,2,"IA"
413471,4.807802325581395,"N",4439,6304,"4439_20221231",1.2702890085572367,2.4466495761454463,86,11.990475803942259,0.4493133122986068,4,"IA"
447929,6.053094594594595,"N",4444,7043,"4444_20221231",0.47730976105671474,3.168155517748874,74,8.561176237367944,0.7656085391259656,2,"IA"
546074,7.584361111111111,"NM",444,5558,"444_20221231",0.19316224380258132,2.055263087780559,72,9.861511697978768,1.3562659762372329,4,"PA"
59624,6.624888888888889,"SM",4457,788,"4457_20221231",0.008047857928481368,2.257623076870965,9,9.223702652954389,0.9145659876296482,2,"IA"
551097,5.456405940594059,"NM",445,8255,"445_20221231",1.1790856421728904,2.4894071446420263,101,9.023549810898432,1.0695311290135978,4,"PA"
217904,7.263466666666667,"SM",4464,2747,"4464_20221231",0.04188136152498921,2.071688444318814,30,11.081571661685704,1.5514867464825977,2,"IA"
642549,6.005130841121495,"N",4465,9139,"4465_20221231",1.2478217497506108,2.471553006581732,107,8.92165220380148,0.8259652918214739,2,"IA"
76243,6.353583333333333,"SM",4476,1140,"4476_20221231",0.003286446693834626,2.417661573357446,12,8.186850028266786,1.1532743796839797,2,"IA"
89770,9.974444444444444,"N",4477,850,"4477_20221231",0,1.425572717480021,9,14.207403809457725,0.5109500352798834,2,"IA"
112384,7.024,"SM",4482,1460,"4482_20221231",0,2.398817582072264,16,7.014973958333333,0.4603975862012266,4,"IA"
41703,5.957571428571429,"N",4494,601,"4494_20221231",0,2.5292041195094437,7,12.636423074988684,0.4392965017441891,2,"IA"
1330926,6.42959420289855,"N",4506,20898,"4506_20221231",0.26249454583857906,2.1856307992061077,207,11.221353280207614,1.3134080597326747,2,"IA"
258145,6.79328947368421,"N",4511,3350,"4511_20221231",0.20781552057442695,1.9169263416200975,38,10.977198063876523,1.643297189421398,2,"IA"
133163,5.789695652173913,"NM",4514,2440,"4514_20221231",3.6748365486811174,2.9338315163469977,23,8.972428395618508,0.8635400881031369,2,"IA"
689237,8.509098765432098,"SM",4519,7025,"4519_20221231",0.11815151383060972,1.8542388910671947,81,10.808622024686386,0.9195096069314931,2,"IA"
347101,11.969,"NM",4526,4298,"4526_20221231",0,1.989623021963801,29,8.654324055666004,1.855095493478274,4,"MO"
968802,5.732556213017752,"NM",4533,17435,"4533_20221231",0.17455321419045078,3.119975337596866,169,9.950603854233854,0.7053165209892364,4,"MO"
485347,5.7779404761904765,"SM",4539,6611,"4539_20221231",0.11092114590717651,2.150932626761094,84,11.808371627498719,1.0256361682842248,2,"MO"
671927,5.418766129032258,"N",4540,8195,"4540_20221231",0.16062616349515102,2.0893031077638824,124,13.130321787451079,2.2354530185394363,2,"MO"
717866,8.157568181818181,"NM",4549,7958,"4549_20221231",0.7204590409323377,2.012586770164145,88,8.781922592091133,1.5161496779098547,4,"MO"
105333,8.102538461538462,"SM",4556,1093,"4556_20221231",0,1.9420109247942512,13,14.488678262066523,0.972971060499144,2,"MO"
111197,6.541,"N",4598,1403,"4598_20221231",0.989785772394468,2.144531013550323,17,14.922647683138216,0.6373061923333017,2,"MO"
167884,6.217925925925926,"N",4611,2071,"4611_20221231",0.8846481186243602,1.9265316739690614,27,15.923095883657876,0.5968880532972258,2,"KS"
583090,6.780116279069768,"NM",4619,6544,"4619_20221231",0.018439200686991935,2.0068816381368486,86,10.682257451399261,0.9827657681429705,2,"KS"
167801,7.295695652173913,"NM",4621,1615,"4621_20221231",0.1798531744085283,1.8859374006946883,23,8.07225167537299,1.1564319446017979,2,"KS"
138690,5.3342307692307696,"SM",4624,1836,"4624_20221231",0.022767979114173824,2.3683068950558663,26,10.295178505704822,0.3334095412284713,2,"KS"
106248,6.6405,"SM",4630,1454,"4630_20221231",0,2.308531613100821,16,11.859383243009928,0.86330659826573,2,"KS"
229275,7.906034482758621,"NM",4636,3072,"4636_20221231",0.03997412583854814,2.1628995073169275,29,10.446130900157922,1.2667829506131159,2,"KS"
145351,7.650052631578947,"N",4638,1960,"4638_20221231",0.08333182369884604,2.2050022505930422,19,7.609345634717239,0.9226707809340758,2,"KS"
98135,3.6346296296296297,"NM",4649,2056,"4649_20221231",5.698534874736247,3.6718583856699976,27,7.796603340250216,0.07804162349989367,2,"KS"
39532,5.647428571428572,"NM",4652,588,"4652_20221231",0,2.451307776409069,7,12.145188666927798,0.7989630794955895,2,"KS"
71012,7.1012,"N",4654,790,"4654_20221231",0.3457142857142857,2.1061499578770007,10,17.69278872118473,0.6325400863590993,2,"KS"
230829,5.629975609756098,"SM",4660,3693,"4660_20221231",0,2.9858673321176954,41,9.753544204132082,1.6226493677398584,4,"KS"
143764,4.637548387096775,"NM",4664,2503,"4664_20221231",0.05916284573287975,2.914141932833522,31,7.548654641009499,1.2141694999540549,4,"KS"
1208483,3.9364267100977197,"N",4666,29378,"4666_20221231",0.15067665714584044,5.30302846401762,307,14.232545922030246,1.1434318816093656,4,"KS"
57433,7.179125,"N",4668,659,"4668_20221231",1.557891238419675,2.7107283020178516,8,10.567251041816354,0.6720383426527281,2,"KS"
938981,6.177506578947368,"N",4673,12167,"4673_20221231",0.1731624496664463,2.0194244666711936,152,10.369612344932175,0.719749829555202,2,"KS"
213535,4.448645833333333,"N",4678,3035,"4678_20221231",0,2.5064253798607554,48,9.790484774578937,0.7619679863414258,2,"KS"
16189,5.396333333333334,"N",4683,268,"4683_20221231",0.38351961428884507,3.3554138550114527,3,9.589382516044614,0.11762520893951589,2,"KS"
82181,4.565611111111111,"N",4690,1486,"4690_20221231",4.2070275403608735,2.9602281311376344,18,13.157607575445276,1.1106757063000454,2,"KS"
81928,4.551555555555556,"NM",4693,1035,"4693_20221231",0.12442849701950344,2.116884557093042,18,9.041937270301565,1.0017620168315735,2,"KS"
944900,5.338418079096045,"N",4697,15043,"4697_20221231",0.0012489592006661116,2.8838484562380655,177,11.85266186685863,1.3391974370361897,4,"KS"
1255880,4.550289855072464,"N",4702,23879,"4702_20221231",0.12091790255895679,3.221180923273296,276,9.938255773505256,0.9938708648043215,2,"KS"
3476957,7.795867713004484,"NM",4705,37243,"4705_20221231",0.02137255787993996,1.6974559665289923,446,11.68032355113544,1.2591963546995157,4,"KS"
477900,4.639805825242719,"SM",4707,8077,"4707_20221231",0.11212039725259448,2.7682065828760174,103,8.305149401058667,0.9063218783917535,8,"KS"
184246,6.823925925925926,"N",4722,1722,"4722_20221231",0.16087964429130616,1.708184598879942,27,10.13259740683889,1.0845109696315642,8,"KS"
31168,5.1946666666666665,"N",4728,338,"4728_20221231",0,2.0777349918275756,6,12.734380655903859,0.5298224229160318,2,"KS"
173928,9.154105263157895,"NM",4735,1654,"4735_20221231",0.7727696006893772,1.673420869630751,19,9.722921357016025,1.1904068622245363,2,"KS"
632512,5.911327102803739,"SM",4746,8911,"4746_20221231",0.05714799590391015,2.660317959454086,107,8.26322562288626,1.1275076974867329,8,"KS"
89162,4.4581,"NM",4752,1467,"4752_20221231",0,3.12155346543242,20,7.804883737201764,0.9987979726631722,4,"KS"
281572,4.331876923076923,"N",4756,5011,"4756_20221231",2.2157504428498513,3.0985309506707166,65,14.28318532916176,0.6537615903215573,2,"KS"
240168,7.50525,"NM",4766,2986,"4766_20221231",2.9704843050098444,2.2686191365297015,32,9.52734375,0.8229805079086938,2,"KS"
7415263,6.498915863277826,"N",4767,132544,"4767_20221231",0.49740708693274005,3.593783141684775,1141,10.56478652099852,1.0011032473268522,4,"CO"
155409,6.756913043478261,"N",4769,1770,"4769_20221231",1.6146798177539678,2.06559621848902,23,11.985175953560066,1.0437578894300013,2,"KS"
63957,3.9973125,"N",4770,205,"4770_20221231",0.47069236030092126,0.6937344822550022,16,7.916243532085692,1.0350454975520857,2,"KS"
178446,9.913666666666666,"NM",4773,1801,"4773_20221231",0,1.570853655286373,18,17.734693989701654,1.6460115668558941,8,"KS"
69927,11.6545,"N",4774,444,"4774_20221231",0,1.5558509650731882,6,10.620877871275871,0.6201124371532755,2,"KS"
128342,5.347583333333334,"NM",4775,1702,"4775_20221231",0,2.226201459491314,24,8.474384162006952,0.5325007233829173,2,"KS"
248914,5.185708333333333,"N",4778,3521,"4778_20221231",0.718503437424216,2.508813030251978,48,7.824232284869293,-0.3540311070564638,2,"NE"
464814,6.6402,"N",4779,6787,"4779_20221231",0.2442268443139863,2.9005433810165084,70,10.922583969271525,1.4352487772021236,2,"KS"
2375666,5.486526558891455,"NM",4789,34487,"4789_20221231",0.019087803269208743,2.6320867026294885,433,7.736086322800108,1.348840081864047,4,"KS"
417555,5.799375,"SM",4791,5590,"4791_20221231",0.14551579155946487,2.502945524303326,72,8.64765694708866,1.0541876454008814,2,"KS"
89330,8.933,"SM",4792,722,"4792_20221231",0.21551724137931033,1.570377144546288,10,24.567462098974342,0.8152104882718231,2,"KS"
89849,6.417785714285714,"N",4794,1163,"4794_20221231",0.6114213508335712,2.4437072624574405,14,9.448466560345125,0.5674649079263586,2,"KS"
107353,5.11204761904762,"NM",4796,1612,"4796_20221231",0.9060842677938903,2.7378947516323993,21,9.049216442196965,0.6573757559821193,2,"KS"
7454262,9.225571782178218,"N",4799,81685,"4799_20221231",0.11820532668570569,2.0693344691766913,808,8.361051725716004,1.2321891140884673,4,"KS"
550491,4.745612068965517,"N",4801,8541,"4801_20221231",0.05649837966911138,3.070259316037372,116,9.174162713029721,1.286439810116626,4,"KS"
3476775,7.55820652173913,"N",4832,44789,"4832_20221231",0.19286388020411233,2.1781549435334635,460,9.915107930237976,1.0042965664065235,4,"MD"
1825844,5.741647798742139,"NM",4857,24000,"4857_20221231",0.29714894884145515,2.4422558652110666,318,10.009989437533507,1.463634342232104,4,"MD"
298584,8.781882352941176,"NM",485,4614,"485_20221231",0.030345754862323646,2.494612443517553,34,9.619349722442507,1.3479318734793186,2,"SD"
13827883,12.193900352733685,"SM",4865,158248,"4865_20221231",0.3136545483853974,1.923180573660671,1134,11.459918485966679,1.3428293484736642,4,"MD"
69720,11.62,"NM",492,707,"492_20221231",0,2.0951160828672313,6,8.23206364852496,1.6873418117051526,2,"SD"
1599507,13.788853448275862,"NM",4931,13354,"4931_20221231",0.0969714090014071,1.5995304360559353,116,9.301529111293021,1.3157153406039714,4,"TN"
202043,5.942441176470588,"NM",4945,2784,"4945_20221231",0.8753156186124804,2.52170465404713,34,11.725521629385495,2.1150600817355594,4,"TN"
813453,5.648979166666667,"N",4952,13576,"4952_20221231",0.19331756456516527,2.6111673145489855,144,9.601012565873473,0.9404199149456564,4,"TN"
302444,5.306035087719298,"N",4958,3623,"4958_20221231",0.25076043382679536,2.7034064999944802,57,10.018232289219954,1.131235676913376,4,"TN"
199864,4.542363636363636,"NM",4960,2515,"4960_20221231",0.27703840512792655,2.235539280395172,44,8.827601428628757,0.5617819016544099,4,"TN"
257010,7.139166666666666,"NM",496,3325,"496_20221231",0.17242719201103535,2.360850492307873,36,8.427636340113446,1.0336832533265008,4,"SD"
2399631,7.61787619047619,"N",4972,29620,"4972_20221231",0.3662784255119063,2.2516191811295116,315,9.225719851364403,1.165555277181472,4,"TN"
78672073,11.162325908059024,"SM",4977,1050559,"4977_20221231",0.6210223567878083,2.165956481034815,7048,9.756080285791377,1.1987316155537153,4,"TN"
18013146,6.578943024105187,"N",4988,287440,"4988_20221231",0.9661839663869768,3.443042364108563,2738,8.648451213947633,0.4499956293119252,4,"MS"
1678732,5.0564216867469876,"N",4993,27419,"4993_20221231",0.39272428509482626,2.674184928513743,332,10.57268310146701,1.8184735116948383,4,"MS"
76381,5.875461538461538,"NM",49,1147,"49_20221231",0.8063824311572445,2.431532140219663,13,12.70012072857068,0.7306380905991232,7,"AL"
607298,7.591225,"SM",5005,6544,"5005_20221231",0.02199283970825236,1.8377167220268178,80,12.079493614297471,0.9154562035674472,4,"MS"
434542,4.937977272727273,"SM",5006,6278,"5006_20221231",0.0726108174831562,2.7620229516435,88,11.203613066049334,1.3270657150474627,4,"MS"
454360,4.636326530612245,"NM",5015,6958,"5015_20221231",0.4514023234818497,2.5849872912998504,98,10.825062235997171,1.2571679124161603,8,"MI"
483703,5.971641975308643,"N",5018,6840,"5018_20221231",0.030411023996198622,2.360175643599188,81,6.437715190264578,0.750900940246318,5,"MI"
1272193,5.782695454545454,"NM",5019,17520,"5019_20221231",0.11774976145522463,2.4211515542366446,220,9.370414955786822,1.1917969448157657,4,"MI"
135991,8.4994375,"NM",501,1824,"501_20221231",0.6775400386885182,2.2253171001991703,16,10.767003477560037,1.867409437381134,2,"SD"
931934,4.141928888888889,"NM",5033,23293,"5033_20221231",0.17240137973465636,4.4218275303339665,225,9.352861807922942,1.0286943653757878,4,"MI"
131187,6.247000000000001,"NM",504,1785,"504_20221231",0.052481525084750576,2.3810820871807445,21,10.234074074074075,1.1530883701504464,2,"SD"
1043951,4.578732456140351,"N",5058,21543,"5058_20221231",0.3824952188097649,3.1339012646947753,228,9.950021508888916,1.0700090830166884,4,"MI"
150826,7.5413,"NM",505,1437,"505_20221231",1.4616417792525875,1.6413176555656896,20,13.519102862594146,1.633785534493006,2,"SD"
400183,5.335773333333333,"N",5062,6642,"5062_20221231",0.8333101858281714,2.9209333148171157,75,8.356874053076584,0.5267376617428146,4,"MI"
518565,4.2505327868852465,"NM",5072,9054,"5072_20221231",0.31767504183309075,2.6308265736491885,122,8.647344706283707,0.9591673085003422,4,"MI"
341019,6.089625,"N",5074,3004,"5074_20221231",2.32888627537457,1.9330145574565645,56,5.9791808932475625,0.374745299043952,7,"MI"
56684,4.723666666666667,"N",5076,874,"5076_20221231",1.0552939124367695,2.77715190867318,12,8.78233704236723,0.438677345131535,8,"MI"
113707,4.943782608695653,"N",5087,1510,"5087_20221231",0.024946987651241113,2.4669513125873017,23,7.815284855758466,1.1898247483547657,8,"MN"
997313,8.984801801801801,"N",5093,9333,"5093_20221231",0.1594155667807289,1.5307490501668852,111,9.572633399251142,1.213280534226778,7,"MN"
380971,5.0796133333333335,"NM",5095,6666,"5095_20221231",2.1892648266385133,2.7455158738610783,75,8.859498025093542,1.3366532343319877,2,"MN"
318066,9.638363636363637,"SM",5097,3134,"5097_20221231",0.221171009424487,1.6762752123935138,33,9.154568909704082,1.3113367989632665,2,"MN"
182730,4.350714285714285,"NM",50,3169,"50_20221231",0,3.3995125727303543,42,9.743155788308426,1.012620766345212,4,"AL"
41040,2.28,"N",5105,1320,"5105_20221231",1.5614904156795175,5.441869268949272,18,14.474482394830543,-1.3775553125262892,8,"MN"
86424,7.856727272727273,"NM",5107,913,"5107_20221231",0.3441810289471656,1.9449151352312832,11,12.44092641454119,1.339908441540204,2,"MN"
38280,6.38,"N",5110,538,"5110_20221231",0.01575547502757208,3.174416059008774,6,8.09290755211854,0.5669602510342815,7,"MN"
89675,4.719736842105263,"N",5113,1313,"5113_20221231",0.5877567622534066,2.667919296581415,19,9.124668435013263,0.799235652522894,8,"MN"
118718,11.8718,"N",5115,1219,"5115_20221231",0.04743020513563721,2.1521434379369575,10,6.89492524742051,1.1963332788865573,4,"MN"
239244,6.466054054054054,"NM",5116,3349,"5116_20221231",0.41473864610111394,3.433793945740398,37,9.53020719738277,1.0560400052802,4,"MN"
106973,5.942944444444445,"N",5117,1261,"5117_20221231",0,2.088718114763456,18,7.320609972869304,0.34624807457996365,7,"MN"
1037836,5.930491428571429,"NM",5123,14455,"5123_20221231",0.15309148384797197,2.394497182326667,175,8.997855135609075,0.9929171464636338,4,"MN"
126912,4.881230769230769,"N",5131,1956,"5131_20221231",0.05919929511536978,3.3876912785074382,26,9.075478831658797,0.20678757560928188,4,"MN"
356859,7.930199999999999,"NM",5136,5712,"5136_20221231",0.00930549955023419,2.3598906204369876,45,8.603398217060604,0.9799028327182945,4,"MN"
91913,5.40664705882353,"N",5141,1524,"5141_20221231",0.10958550892799589,2.9384603402427762,17,7.925296963390198,0.6086095441547893,5,"MN"
37047,5.292428571428572,"N",5142,594,"5142_20221231",0.23780448614949545,2.7743999298868327,7,32.48132127408573,0.7339972173836833,2,"MN"
5769427,1923.1423333333332,"N",5146,458,"5146_20221231",1.8305717724916473,0.26891660468012796,3,12.19217596933991,0.15191108149650398,5,"TX"
73321,6.110083333333333,"N",5150,1028,"5150_20221231",0.25270941808992387,2.4613665147443293,12,7.566037995027404,0.6557091627984039,5,"MN"
302447,7.033651162790698,"N",5162,3931,"5162_20221231",0.008840560491535164,2.3953061309852295,43,10.682149298714116,1.357711192397627,4,"MN"
1333552,7.0186947368421055,"SM",5170,21005,"5170_20221231",0.11328918635463163,2.774828851152266,190,8.89682664396354,1.1405639675595047,2,"IA"
53015,4.819545454545454,"NM",5175,762,"5175_20221231",0.12437810945273632,3.737696942479698,11,7.3931265716680645,1.244339657946933,2,"MN"
141757,6.4435,"N",5180,2403,"5180_20221231",2.59805882476788,2.5689949094879965,22,10.483760152164951,1.0741855700082643,2,"MN"
226536,8.712923076923078,"N",5186,2043,"5186_20221231",1.098116294116929,1.979512675063016,26,10.68629012470567,2.3917841734761844,2,"MN"
824512,6.543746031746032,"SM",5193,9818,"5193_20221231",0.7885698736523159,2.146147698119807,126,9.244276569231685,0.8212325954682891,2,"MN"
34497,6.8994,"N",5196,414,"5196_20221231",0.08877709550935858,1.9735687971463658,5,21.012024339825892,1.1402841939067891,2,"MN"
114800,4.783333333333333,"NM",5197,1551,"5197_20221231",0.06117838991027169,2.365462683459977,24,11.819071246374786,1.1588772075916864,8,"MN"
268606,4.974185185185185,"N",5198,4023,"5198_20221231",0.3819822125535863,2.7133994312642917,54,9.921219329413564,0.7962749158801253,4,"MN"
279271,5.941936170212767,"NM",51,3154,"51_20221231",0.5393263487381001,2.5392847005610295,47,18.6583164274621,1.0236706626546122,4,"AL"
124170,4.598888888888889,"N",5214,2316,"5214_20221231",0.6007167643210649,2.903091728746363,27,14.399140777278333,1.4091824663490744,4,"MN"
375385,7.218942307692307,"SM",5219,4835,"5219_20221231",0.06873459608605571,2.3689035448017144,52,10.261331797812415,1.5302061584827018,4,"MN"
90831,6.055400000000001,"N",5221,948,"5221_20221231",0.5807622504537204,2.3764689742460687,15,7.953353152050363,0.6859454208717702,4,"MN"
333048,6.796897959183673,"N",5223,5226,"5223_20221231",0.1402216453893439,2.224007611022071,49,10.932132752270556,1.618344260816617,4,"MN"
329643,7.491886363636365,"NM",5229,4283,"5229_20221231",0.9193103172380686,2.0897635547977944,44,9.636378955477184,1.3852823564381977,8,"MN"
31028,5.171333333333334,"N",5232,554,"5232_20221231",0.13970196913251728,2.803397900378556,6,8.152103976322223,0.22440192009990761,8,"MN"
442713,7.140532258064517,"N",5247,5917,"5247_20221231",0.009350027027421876,2.5014158284629313,62,8.219153340964148,1.1252923786821645,4,"MN"
284787,5.811979591836734,"N",5249,3746,"5249_20221231",0.11379598513539944,2.480374955003501,49,8.591445704464775,1.1262815331448044,4,"MN"
262912,7.73270588235294,"NM",5252,2354,"5252_20221231",0.15342502041987682,1.8177801363017894,34,11.453390298119217,0.16009601282559385,2,"MN"
753204,6.847309090909092,"N",5269,10278,"5269_20221231",0.09095977230715062,2.047031920466194,110,9.368582559435122,1.821443295010509,4,"MN"
32298,6.4596,"SM",526,434,"526_20221231",0,2.651249783079563,5,8.15391375306007,0.6587954006440127,8,"WY"
182089,5.355558823529412,"N",5270,3106,"5270_20221231",0,2.8152637287936217,34,8.254187532377829,1.1859397427240306,4,"MN"
55599,5.559900000000001,"NM",5278,885,"5278_20221231",0.6882272316351229,2.4128696203137836,10,13.939767359360705,1.0959216977761077,2,"MN"
546306,5.4630600000000005,"N",5280,8167,"5280_20221231",0.03707940019356704,2.667799423479635,100,9.541179813253002,0.8518888327033892,4,"MN"
177426,4.9285000000000005,"NM",5283,2996,"5283_20221231",0.37380083124940094,3.030984247435342,36,9.633783678424646,1.0198318922267975,4,"WI"
1540200,5.969767441860466,"N",5285,24308,"5285_20221231",0.022731569669528877,2.8227984855572954,258,8.256482921521629,0.20551783704698934,4,"WI"
593955,6.060765306122449,"NM",5286,8769,"5286_20221231",0.7455927883906569,2.554283399414128,98,12.115317735787299,1.2736640607558791,4,"WI"
554421,5.7156804123711344,"NM",5295,7710,"5295_20221231",0.35998722625971336,2.496889073240104,97,9.885137355477411,0.9388332543256696,4,"WI"
39358786,9.436294893310956,"N",5296,454101,"5296_20221231",0.408696031138428,2.0157223224888856,4171,8.627843985889314,1.0123282597752554,4,"WI"
359891,6.205017241379311,"NM",5297,5301,"5297_20221231",0.05262264471227295,2.5100616826809854,58,10.122696778252994,0.9575703260672314,4,"WI"
227916,5.99778947368421,"NM",529,2926,"529_20221231",0,2.26165543513047,38,7.190058899583393,0.8825972429777444,4,"WY"
311672,8.657555555555556,"NM",52,2380,"52_20221231",0.16325388311021968,1.5714391832328982,36,16.22524991531853,1.3587805027159177,7,"AL"
3658116,11.186899082568807,"N",5304,31493,"5304_20221231",0.13476697853194158,1.859176405416521,327,9.926613381303788,1.4745063835621026,4,"WI"
656128,5.560406779661017,"N",5306,11866,"5306_20221231",0.637339157480281,2.991470047203184,118,9.202090260150394,1.3622466441958707,4,"WI"
264376,5.395428571428572,"N",5317,4017,"5317_20221231",0.040674801626992066,2.4814768792228152,49,8.970103319410859,0.49592109577228205,2,"WI"
644096,7.319272727272727,"SM",5335,8464,"5335_20221231",0.262234755992709,2.287052748424198,88,9.560690003115674,2.302700746702918,4,"WI"
247492,5.892666666666667,"SM",5336,3845,"5336_20221231",0.1665756799507272,2.666824700723006,42,9.430996412946227,1.2173222644548394,2,"WI"
294187,11.76748,"N",5337,1563,"5337_20221231",0.07740039048062164,0.8868247072223031,25,27.904165644542566,2.3354561794210635,4,"WI"
300835,5.898725490196078,"N",5357,4859,"5357_20221231",1.1240474647478156,2.5328834840513696,51,8.613359888573859,0.8267601654446673,4,"WI"
327434,5.744456140350878,"N",5364,5285,"5364_20221231",0.03322029206173438,2.3722692663488223,57,9.520123839009289,0.841753836665955,4,"WI"
127177,7.9485625,"SM",5369,1698,"5369_20221231",0,1.9710534919397429,16,16.247740273891186,1.0861227774564293,2,"NE"
114696,5.461714285714286,"SM",5377,2026,"5377_20221231",0,2.8376320365781833,21,9.141779370882535,0.622937336860117,2,"NE"
29740,7.4350000000000005,"SM",5380,310,"5380_20221231",0,2.043361278473206,4,13.214601987602087,0.5896266375693827,2,"NE"
219353,7.563896551724138,"SM",5384,3079,"5384_20221231",0,2.606829743097809,29,9.560014149697823,0.7868251780034851,2,"NE"
376705,6.976018518518519,"NM",5394,4639,"5394_20221231",0.2680943133624282,1.9660147077740158,54,10.635004272675896,1.712018906880561,2,"NE"
300784,6.994976744186046,"NM",5396,5215,"5396_20221231",0.6582348810470025,2.617841219176018,43,9.555646009294122,0.42340251000262275,4,"NE"
136479,8.5299375,"NM",5401,1200,"5401_20221231",0.0061421288618635226,1.6093366272205718,16,9.91353394222235,0.9018399281439567,2,"NE"
99699,7.669153846153846,"SM",5405,1142,"5405_20221231",0.1426618320156928,1.990565021132916,13,13.577653994054323,0.7373571682291854,2,"NE"
68515,7.612777777777778,"NM",5408,1030,"5408_20221231",0,2.6267127440281315,9,11.897237827715355,1.2398447920455924,2,"NE"
319751,8.4145,"N",5410,3459,"5410_20221231",1.059360074693863,1.7048888008321363,38,10.915410340717473,1.6490828338864398,2,"NE"
1622947,6.266204633204634,"NM",5415,21469,"5415_20221231",0.5920444382033591,2.3512939476759156,259,8.51080736457737,0.9495424750558689,2,"NE"
95693,9.5693,"N",5422,957,"5422_20221231",0.0036783638637534026,1.753950559866858,10,15.931142739752005,0.23566755441730677,2,"NE"
298893,7.1165,"SM",5424,4675,"5424_20221231",0.09571940540016978,2.7489029027295913,42,11.20193732310176,1.232611257982673,2,"NE"
25759,8.586333333333334,"NM",5425,235,"5425_20221231",0,1.9480715982508963,3,17.40652842080691,0.7640979861100603,2,"NE"
419424,8.738000000000001,"SM",5432,4291,"5432_20221231",0.368102322267646,1.5664009837880097,48,11.862490508912696,1.0840693824223204,2,"NE"
554424,6.761268292682926,"SM",5434,7198,"5434_20221231",0.3432182488625506,2.4898074640229066,82,10.415021051792483,0.8218097301949698,2,"NE"
94302,7.2540000000000004,"SM",5438,1328,"5438_20221231",0,2.3512616579291405,13,8.915259868352749,0.5804369783172355,2,"NE"
185854,8.080608695652174,"NM",5439,1901,"5439_20221231",0,1.7241655241580556,23,17.859626203670537,1.0909401289923342,2,"NE"
603542,6.781370786516854,"SM",5442,7178,"5442_20221231",1.2235157829171965,3.049846086827789,89,9.408362516377126,1.6201296988610936,4,"WY"
28274145,6.020899701873935,"N",5452,499244,"5452_20221231",0.6247574730414384,4.030870550949204,4696,10.17369135016078,1.2612969143499233,9,"NE"
152633,6.937863636363637,"N",5460,1971,"5460_20221231",0,1.9383876035072183,22,8.93652245312114,0.5774327785299646,2,"NE"
242687,7.354151515151515,"NM",5469,2655,"5469_20221231",0.4516290040815669,1.9978613275506898,33,11.590328370816176,0.9368081100579727,2,"NE"
373139,7.6150816326530615,"NM",5472,4629,"5472_20221231",0.28319180121466325,1.982381163324266,49,12.050437948756505,1.5865669196383996,2,"NE"
401999,7.309072727272728,"SM",5473,5323,"5473_20221231",0.062292257753682787,2.004649031401379,55,9.819527407714485,1.3016481325483114,2,"NE"
58357,5.8357,"SM",5478,697,"5478_20221231",0.0803305026394308,2.194664408918107,10,9.405636208368916,0.16435081428357987,2,"NE"
384159,9.603975,"SM",5486,3814,"5486_20221231",0.09389080041907358,1.4357331133745683,40,10.814149980869788,2.00655388793856,2,"NE"
217451,8.3635,"NM",5490,2090,"5490_20221231",2.530829572948672,1.808451916509959,26,10.99081289059072,0.4556213571341697,2,"NE"
495220,6.113827160493828,"SM",5495,6821,"5495_20221231",0.3550359906911295,2.418512614741934,81,10.905633209172695,1.152223713243423,2,"NE"
2373745,4.785776209677419,"SM",5496,36185,"5496_20221231",0.09431390494607537,2.657763087499715,496,8.952630480067333,1.4495467935561308,2,"NE"
373802,5.191694444444445,"NM",54,5262,"54_20221231",0.004483148963832196,2.2434897335294472,72,12.246619939865793,0.8584849945859631,4,"AL"
52953767,10.622621263791373,"SM",5510,586025,"5510_20221231",0.38259296167220985,1.9575664625136515,4985,7.094560252831486,1.1344729233084783,4,"TX"
389402,1.395706093189964,"SI",55130,6656,"55130_20221231",1.5402952232511231,4.868053183915165,279,25.8592834616,-0.1480868338745497,7,"IL"
89516,8.951600000000001,"N",5518,628,"5518_20221231",0,1.8362181383167049,10,10.350753597199095,0.42991694136636616,2,"TX"
56997,4.74975,"N",5520,897,"5520_20221231",0,2.7342274933217716,12,10.55157580389996,1.5401882491153969,2,"TX"
872453,14.787338983050846,"N",5529,4888,"5529_20221231",0.6368534256268698,1.079149830623649,59,11.061305519229862,1.5246512237919971,7,"TX"
570735,5.541116504854369,"N",5531,8227,"5531_20221231",0.6175964104116377,2.8035541189097843,103,8.949656808530397,1.0279095202715998,4,"TX"
387024,16.126,"N",5536,2724,"5536_20221231",0.05068112358515196,1.3053595573026262,24,11.653632421240387,1.4203655118688385,7,"TX"
246668,12.333400000000001,"N",5538,1397,"5538_20221231",0,1.2072845491265976,20,8.006040020786106,1.032073090542257,2,"TX"
1206911,4.789329365079365,"N",5544,19259,"5544_20221231",1.3751561810848978,2.790441335205988,252,8.985271333032614,1.5947193177171564,4,"TX"
287284,7.560105263157895,"N",5548,3454,"5548_20221231",0.8038301439981173,2.3891413831224666,38,9.496376012085618,1.572629625080184,8,"TX"
2007809,6.476803225806451,"N",5551,31714,"5551_20221231",0.051588976882315264,2.530067267478308,310,8.676746826399848,0.8966304523742964,4,"TX"
120587,3.014675,"N",5557,2637,"5557_20221231",0.6087437742114,4.054723530211558,40,11.918459229614808,0.6923270471704452,8,"TX"
295858,6.163708333333333,"NM",5558,5364,"5558_20221231",0.2736108257034348,3.413393271643343,48,12.549776236033496,0.7583049366059796,4,"TX"
81439,3.7017727272727274,"N",5559,1496,"5559_20221231",0.10887729781738997,3.3650152774428372,22,10.012812543607048,1.0155956711011445,8,"TX"
179496,5.790193548387097,"N",5564,2232,"5564_20221231",0.8984105044920525,2.290934863359128,31,9.257678942935707,1.0753141370257444,8,"TX"
471040,3.0194871794871796,"NM",5568,14466,"5568_20221231",0.233165189005977,5.428388181621139,156,11.84923172240366,0.8756701732490935,4,"TX"
365026,5.70353125,"N",5569,4299,"5569_20221231",0.275031796246895,1.9848665104627388,64,12.292774967897481,2.2815906425167123,4,"TX"
1907275,12.630960264900663,"N",5574,21645,"5574_20221231",0.16492756285087568,2.0652085999116534,151,9.393420713750109,1.73758946143748,4,"TX"
996094,5.326705882352941,"N",5575,17169,"5575_20221231",0.872618818549163,3.1590605387811133,187,9.25952969142338,1.3844417984328448,4,"TX"
137508,4.583600000000001,"NM",5589,2418,"5589_20221231",0.27247585182763173,3.1047815495441884,30,7.831513260530422,0.7938971481211816,8,"TX"
159402,5.692928571428572,"N",5590,2458,"5590_20221231",1.4933381930101648,3.021939970253082,28,19.79098834820102,1.5002906084914636,4,"TX"
269016,6.256186046511629,"N",5595,4101,"5595_20221231",0.0732127192259239,2.812217230485927,43,12.076953992917321,0.7250805645071675,4,"TX"
1436272,8.114531073446328,"NM",5598,18303,"5598_20221231",0.42351610435331594,2.171612704327338,177,10.519155198489148,0.8897497710064697,4,"AL"
263108,3.059395348837209,"NM",5602,4948,"5602_20221231",0.9485024330583673,3.09331468361178,86,6.439963771073612,0.4725536532146641,7,"AL"
50525,2.8069444444444445,"NM",5605,1034,"5605_20221231",1.3055868513486646,3.342992140432429,18,21.47617725235054,-0.495045720052601,7,"AL"
1272197,4.9695195312500005,"NM",5615,20799,"5615_20221231",0.2208845943995635,2.8233185425241283,256,11.751494430740106,1.261432971719859,4,"AR"
29551,4.221571428571429,"NM",5619,447,"5619_20221231",0,2.9902380544613805,7,11.773608813487733,1.7674259290974481,4,"AR"
222335,6.737424242424242,"NM",5623,2094,"5623_20221231",0.12475509486410905,1.8245260248877908,33,11.442790530846485,1.0415310506444473,8,"AR"
221352,5.675692307692308,"NM",5624,2942,"5624_20221231",0.6302869464256096,2.614799584132916,39,9.24732997646441,1.3643747926462921,4,"AR"
119221,5.419136363636364,"SM",5628,1207,"5628_20221231",0.3074468615491998,2.3104309650862676,22,9.394111232279172,1.389246205299717,8,"AR"
103044,7.360285714285714,"NM",5632,830,"5632_20221231",0.44262263533668184,1.6622007987543188,14,18.54429878411026,0.6591661853869182,8,"AR"
7517872,8.854972909305065,"SM",5633,61627,"5633_20221231",0.1242762088649475,1.3872732135252073,849,16.342202315935076,1.836326511575554,4,"AR"
110550,3.8120689655172413,"SM",5634,1669,"5634_20221231",0.41650836534537833,3.1269700719688056,29,13.999875001116061,1.620959500259533,4,"AR"
504000,4.8,"NM",5635,7243,"5635_20221231",0.2716994286622392,2.5898400078678683,105,10.527403793017344,2.18592371972095,4,"AR"
129592344,9.236144537096429,"NM",5649,1270556,"5649_20221231",1.1395755252953361,3.991312221488978,14031,10.256571011565347,3.643690941622081,3,"DE"
1324883,6.936560209424084,"NM",5673,17564,"5673_20221231",0.20880456594491642,2.3329914004778667,191,7.067445519798246,0.9378235129147063,4,"FL"
831596,7.771925233644859,"NM",5676,6551,"5676_20221231",0.3876446530580355,1.714229363646562,107,5.1454706859511665,1.5356587571437328,8,"FL"
666951,6.291990566037736,"NM",5685,8532,"5685_20221231",0.1796264503002939,2.1587756413441723,106,9.883085154134195,1.3955113392433593,4,"GA"
71268,5.482153846153846,"NM",5686,1738,"5686_20221231",0.21255396878113583,4.1002207269047215,13,8.832288176846205,0.9697325060537807,2,"GA"
1116610,7.494026845637585,"NM",5694,13567,"5694_20221231",0.3585718420649379,2.453897490666408,149,9.648091126513574,1.5316291232077812,4,"GA"
76421,5.878538461538462,"NM",5699,870,"5699_20221231",0.028006497507421724,2.4057395738330154,13,10.216881439903021,1.2747699195754914,4,"GA"
293789,10.492464285714286,"NM",57022,4723,"57022_20221231",0.10210671997539597,2.643465499763512,28,10.520772979789374,1.1211798261555237,8,"NM"
122432,6.443789473684211,"NM",57025,1411,"57025_20221231",0.29340365706701127,2.1952779716213073,19,10.578283751768877,1.4352497996950195,2,"NM"
63191,4.212733333333333,"NM",57031,1703,"57031_20221231",0,4.119457494134413,15,25.362417426269406,0.5716576989558442,7,"CO"
401943,2.2206795580110494,"NM",57033,26946,"57033_20221231",0.4323841287934759,9.181356788882063,181,18.057372259561433,1.7327995804698602,4,"OR"
217009,6.200257142857144,"NM",57034,2988,"57034_20221231",0.04837168805098376,2.542477985861342,35,12.69323131146194,0.9783033240099887,4,"MS"
8748360,9.287006369426752,"N",57038,84238,"57038_20221231",0.6159837760743684,1.9484358764154392,942,9.125761833727662,1.1984527237181142,4,"WI"
2282934,11.414670000000001,"N",57044,36828,"57044_20221231",0.0021501992867631633,2.7628076469779406,200,10.61936511636262,0.7587007318630504,4,"CA"
719653,102.80757142857144,"NC",57047,645,"57047_20221231",0,2.448196230629401,7,98.88351719940682,4.307419374842648,7,"DE"
206924,5.747888888888889,"NM",5704,2930,"5704_20221231",0,3.109710328064978,36,9.015145917990395,1.691522622669557,4,"GA"
110363650,48.768736190897044,"NM",57053,522324,"57053_20221231",0.31869477705020993,0.7420297533370659,2263,8.786697754905383,1.1504625478122283,4,"NY"
2136835,6.960374592833876,"NM",57056,61475,"57056_20221231",1.2171269065257042,4.3010913410076705,307,21.752065895029478,4.229566131976695,4,"UT"
203697,7.544333333333333,"SM",57058,1945,"57058_20221231",0.026815978032350796,1.6564828358829602,27,14.585345391046465,1.5948417144059215,4,"AR"
988598,10.087734693877552,"N",57061,17513,"57061_20221231",0.2087980579976381,2.2758993376060825,98,8.677178853703118,1.1243262581762676,4,"IL"
869275,9.247606382978724,"NM",57069,15431,"57069_20221231",0.05068503097339463,3.071897557110038,94,8.679125951042115,0.7044369398049098,4,"MS"
1510194,9.043077844311377,"NM",57071,29108,"57071_20221231",0.21960204506345787,3.287156270352275,167,9.999627511573497,0.5889282403179998,4,"GA"
398594,7.38137037037037,"NM",57073,6174,"57073_20221231",0,2.3334095045137486,54,8.764867636854683,0.9249704169571602,4,"CA"
245975,7.934677419354839,"NM",57074,2585,"57074_20221231",0.11899742328414149,1.9293414340329176,31,10.478552351883142,0.9678387653482041,4,"ID"
2032759,10.987886486486486,"SB",57077,24998,"57077_20221231",0.23829530491570652,2.061868402775599,185,10.711133416671286,1.1012534657885324,4,"OH"
5913,0.1971,"NC",57081,2661,"57081_20221231",0,76.36363636363637,30,96.22455679579777,23.432601880877744,7,"WV"
4316352,45.91863829787234,"N",57082,19520,"57082_20221231",0.13515015536366112,1.0721009904983687,94,9.069802239634193,1.3619478050108915,4,"IL"
62150,5.179166666666666,"NM",57083,1184,"57083_20221231",2.881346486094856,4.882533663784734,12,19.19632827294027,-1.7574265906780726,4,"FL"
254627,5.786977272727273,"NM",57092,3677,"57092_20221231",0,2.7653998283872374,44,10.358316697921078,0.5589500199409196,4,"TN"
380554,1.5922761506276153,"SB",57093,32943,"57093_20221231",0,394.7430266637829,239,57.729698494170435,33.08350405851943,7,"WI"
1118256,8.601969230769232,"NM",57095,21633,"57095_20221231",0.1477094964570966,3.1298363209626006,130,12.451304879959999,1.0441328700714367,4,"NC"
911313,6.463212765957446,"SM",57097,12674,"57097_20221231",0.21113151544916828,2.4006966142678303,141,8.63836802970722,1.1814900765139815,4,"MI"
146344,9.756266666666667,"NM",5709,1594,"5709_20221231",0,2.1028000098648088,15,11.2571169238386,0.6513675090923071,8,"GA"
552682,6.579547619047619,"NM",57101,11433,"57101_20221231",0.03567981483090969,3.294879674366371,84,10.786737000753579,1.1837790309049883,4,"CA"
644903,14.656886363636364,"N",57102,3147,"57102_20221231",1.9109215173615888,1.2347810134822672,44,10.932499637604398,1.404376290675795,7,"TX"
1776640,27.332923076923077,"N",57103,11355,"57103_20221231",0.17649931973418015,1.4591743059355542,65,9.261862093667705,1.1405959514672122,4,"IL"
13111,0.43703333333333333,"SB",57109,5139,"57109_20221231",0,203.08106668245185,30,69.86506746626686,-9.90765679107349,7,"IN"
714519,10.507632352941176,"N",57123,7494,"57123_20221231",0.6511269504912348,2.7672363701937526,68,13.822301014839761,1.4292011460858762,7,"GA"
563965,6.962530864197531,"NM",57124,7026,"57124_20221231",0.32418623918856154,2.2548933472840713,81,8.482479700244717,1.8441041309820383,4,"AL"
537854,9.96025925925926,"NM",57127,4546,"57127_20221231",1.5579756796492983,1.8840664962882563,54,10.028985301200109,1.4526251975956188,4,"GA"
593983,5.766825242718447,"SB",57129,15279,"57129_20221231",4.738082822752357,3.9313759799249457,103,7.824332541042507,1.9260723170348062,4,"NY"
3907360,9.967755102040817,"N",57134,48245,"57134_20221231",0.0089150425411669,1.8606588473254595,392,12.5094284563181,0.6561349110966725,4,"MA"
204365,5.5233783783783785,"NM",57137,3291,"57137_20221231",0,2.5031570250032473,37,6.015678335177381,0.4502362030926637,4,"AZ"
83217,4.895117647058823,"NM",57141,1355,"57141_20221231",0,3.0080630763925744,17,11.402754899854378,0.9672267859457424,2,"MO"
3721,0.6201666666666666,"NC",57150,805,"57150_20221231",0,31.296335522135138,6,97.1195652173913,-0.3706841770811269,7,"IL"
20738,0.3095223880597015,"N",57160,8142,"57160_20221231",0,77.08558680367766,67,84.52091053467443,14.602487831260138,7,"MO"
604276,7.553450000000001,"NM",57162,7243,"57162_20221231",2.314770615925798,1.9804052880587997,80,9.618212350536544,0.960868244879564,4,"WV"
95133,7.317923076923076,"NM",57167,1684,"57167_20221231",0.36117110631149507,2.822705183690863,13,14.662723239676941,1.1455022421349346,4,"WA"
638480,5.23344262295082,"NM",5716,9520,"5716_20221231",2.0752287671862786,2.545042152260647,122,8.526940379744673,1.08689300166534,4,"GA"
1436616,22.101784615384616,"SM",57176,9739,"57176_20221231",0.0733902915847897,1.3710517208455861,65,11.013662066563693,1.4742082965498702,4,"CA"
13835,0.6917500000000001,"NC",57179,3264,"57179_20221231",0,37.38338450637695,20,92.67401997317036,7.410250354274918,7,"IA"
985123,9.950737373737374,"SM",57184,14384,"57184_20221231",1.225273626478051,2.384317843917242,99,11.32426391063658,1.297920231113538,4,"VA"
153523,4.79759375,"NM",57192,1807,"57192_20221231",1.681175765692736,2.43769752862546,32,9.098475202633459,0.8866120926376871,4,"MI"
942438,4.6887462686567165,"N",57197,20212,"57197_20221231",0.2070570545331742,4.289317260244073,201,11.969565011021812,0.764665054176607,4,"AZ"
37462000,8.286219862862199,"NM",57203,418000,"57203_20221231",1.2326234335410533,8.165291826931705,4521,13.31762434703611,0.2811492423925202,3,"DE"
1640563,15.051036697247707,"NM",57228,13403,"57228_20221231",0.015882220102754654,1.5380519726930715,109,8.311982274141627,1.1087315634434527,4,"PA"
137833,7.254368421052631,"NM",5722,1613,"5722_20221231",0.11111562800655854,2.0757411638476055,19,9.513677357701726,0.5189352909619014,2,"IL"
248781,7.538818181818182,"N",57230,3189,"57230_20221231",0.11775263943112899,2.312994005860832,33,10.809322520709449,2.758520151580234,4,"GA"
2170814,12.334170454545454,"SM",57244,35324,"57244_20221231",0.0060182773258666165,2.6346457258479066,176,13.171368031960572,2.6213861386526167,4,"IA"
398740,13.749655172413794,"NM",57250,3747,"57250_20221231",0,1.6540809746964191,29,9.366093058550794,1.3055126140198943,4,"KS"
589930,5.412201834862386,"NM",57252,13196,"57252_20221231",0.8365950954768843,3.7781993947084396,109,9.221443354912571,1.1577580360036486,4,"GA"
1815328,7.997039647577092,"N",57265,21605,"57265_20221231",0.8111014149473291,2.257043991505201,227,11.523745752706995,1.1972229702243553,4,"WI"
1209386,9.753112903225807,"N",57269,14307,"57269_20221231",0.016156810825063254,1.703310340037614,124,11.024958384188292,1.1260088041670213,4,"OH"
128250,9.160714285714286,"NM",57273,1707,"57273_20221231",0.6273625723004053,1.8417575753200153,14,9.5352136308861,1.4504472633547278,2,"KS"
370251,6.8565000000000005,"NM",57279,6560,"57279_20221231",0,3.0319700270954963,54,10.3126718687889,1.0099180265658854,4,"AZ"
323727,9.521382352941178,"SM",57280,4349,"57280_20221231",0.7186281901156542,2.2078611349290798,34,8.061200139508417,1.0291945164722776,4,"CO"
753516,5.500116788321168,"N",57295,25058,"57295_20221231",0,5.046012283818283,137,11.389117979783235,2.1189450793688143,7,"CO"
555631,7.2159870129870125,"NM",57298,7285,"57298_20221231",0.8047678567687785,2.3510513298189153,77,9.1081587272638,1.3531496898275706,4,"AZ"
454222,7.326161290322581,"NM",57301,3888,"57301_20221231",0.17256405786996687,1.7158424490934896,62,10.540737438429002,1.3703633595764138,2,"KY"
110769,0.30347671232876716,"NC",57304,64066,"57304_20221231",0,123.95571940477296,365,72.52455979583591,1.2262874727635098,7,"PA"
84504,8.4504,"NM",5730,810,"5730_20221231",2.638504772950308,1.4564053963652581,10,13.532353041675686,1.084754896495336,8,"IL"
21228609,75.27875531914894,"SM",57311,36785,"57311_20221231",0.06396948309676341,0.7372147931176547,282,7.16024415226887,1.898899461905374,4,"MO"
233517,8.981423076923077,"SM",57312,2669,"57312_20221231",0,1.70089368216674,26,11.256319952492102,1.448782680316405,4,"NV"
299405,9.658225806451615,"SM",57335,3781,"57335_20221231",1.5435081695073283,1.9435433885307476,31,11.072758099029913,1.8125399609336048,2,"CO"
205907,5.418605263157895,"NM",57336,4608,"57336_20221231",0.26407959582183926,3.4748476397066423,38,9.716458313077919,0.6156388802809627,4,"MN"
103987,2.1663958333333335,"NC",57337,12609,"57337_20221231",0,53.17897900879327,48,75.74057578227166,52.00129408401618,7,"DE"
2303736,9.105675889328063,"NM",57348,28791,"57348_20221231",4.078292731243317,2.506748605686268,253,9.354053898545834,1.1135383291637129,4,"TN"
7206882,277.1877692307693,"SM",57358,9405,"57358_20221231",0.00013537542651720317,0.45913409712821823,26,7.066435843972628,1.3660542513775833,4,"MO"
395211,14.114678571428572,"NM",57359,4040,"57359_20221231",0.020489674358471183,1.9168746964454266,28,9.295168214417652,0.8818917332352976,4,"IL"
46427,4.2206363636363635,"NM",57363,1124,"57363_20221231",0,3.830427795520657,11,13.960219989248646,0.5492381862934559,4,"WY"
3249463,23.893110294117648,"NM",57368,18379,"57368_20221231",0.6157789131131232,1.4850819070598757,136,9.883469787364954,1.5976045707874684,4,"CT"
2085834,10.920596858638742,"NM",57369,23943,"57369_20221231",0,1.973231636280837,191,9.561840703608416,1.0110371260101336,4,"FL"
404874,6.7479000000000005,"NM",57373,5513,"57373_20221231",1.7150905471955555,2.1171248079221447,60,9.575259927168572,1.278323861557599,4,"OR"
776801,4.97949358974359,"NM",57377,15637,"57377_20221231",0.3771067450347612,3.2269428332626324,156,8.691830593770284,0.7692634810767222,4,"PA"
42094,2.630875,"NM",57379,2147,"57379_20221231",0,8.588904055151442,16,44.526392783128124,1.9040378734212209,7,"RI"
33558,1.082516129032258,"NC",57380,7708,"57380_20221231",0,49.43862226361144,31,84.91547464239272,10.05692475177398,7,"TX"
129859,7.638764705882354,"NM",57391,1463,"57391_20221231",2.147752800950105,2.019811090542559,17,8.857082176610689,0.9590022646131273,4,"IA"
183267,4.262023255813953,"NM",57396,3057,"57396_20221231",0.010453846268723584,2.727982948514364,43,12.9724202820517,1.3432927709513336,4,"TN"
14990,1.2491666666666668,"NC",57405,1578,"57405_20221231",0,42.222250990342545,12,87.16662433324866,0.29127721823783753,7,"MN"
15675667,30.261905405405404,"NM",57408,53752,"57408_20221231",0.0025713038956010287,1.2559273232485832,518,12.681909622330506,1.9944675230917146,9,"UT"
169150,9.950000000000001,"NM",5740,1276,"5740_20221231",1.7471392041838778,1.6648794743635873,17,10.772392146236268,0.7315019659115334,4,"IL"
508889,7.951390625,"NM",57414,7274,"57414_20221231",0.06688204276867771,2.2552680261283657,64,8.526894040220506,0.884825917668283,4,"TX"
1501392,5.459607272727273,"N",57415,20913,"57415_20221231",0.3055354362829575,2.858548755150262,275,8.658012358163186,0.6634247012300944,4,"KY"
474952,5.107010752688172,"SM",57416,8600,"57416_20221231",0.568628563554273,3.1795615904078276,93,8.56218563826447,0.5975749398953234,4,"TN"
2129693,9.769233944954129,"NM",57417,36743,"57417_20221231",0.017453018315442853,2.6912414287892688,218,8.403987113358026,0.8925308288607633,4,"CA"
15193,0.4220277777777778,"NC",57418,5749,"57418_20221231",0,72.97481012823698,36,80.4277722935176,11.915188433835738,7,"MI"
200561,6.685366666666667,"SM",57420,2264,"57420_20221231",1.7988997021239437,2.528784232095232,30,11.592236744859425,0.9223760814414884,8,"VA"
732028,7.038730769230769,"NM",57425,10191,"57425_20221231",0.3432674615960195,2.3896733708030515,104,7.066149917547436,1.4369092477659253,4,"FL"
151773,6.8987727272727275,"SM",57429,2723,"57429_20221231",0,2.5578105810447243,22,9.155052527016045,0.7281576595734514,4,"FL"
339087,7.706522727272727,"NM",57444,4793,"57444_20221231",0,2.2525678130549114,44,13.531413962752122,1.642522418942736,4,"CA"
1954652,16.56484745762712,"NM",57449,15086,"57449_20221231",1.2115296940809344,2.2919073983892964,118,16.207119855842627,4.221494111864673,6,"UT"
1817436,21.381600000000002,"N",5744,10488,"5744_20221231",0.6430381547574457,1.3374013944940946,85,9.05010233947181,1.0878582857637586,4,"IL"
348731000,351.1893252769386,"SM",57450,162000,"57450_20221231",0.05867540278219201,0.449418721369518,993,7.3218491317106675,0.7971922609741309,5,"TX"
976516,7.076202898550725,"NM",57451,15741,"57451_20221231",0.3397303174088115,2.8336345224036292,138,10.825072692965412,1.0350865545973864,4,"WA"
2419997,8.897047794117647,"NM",57463,33160,"57463_20221231",0.3556040628863817,2.194503436237338,272,14.051786083759826,1.5572697045334978,4,"CA"
572425,8.418014705882355,"NM",57465,7510,"57465_20221231",0.026381330960504018,2.1444929035020204,68,9.254412243911156,1.4544414437089335,4,"TN"
85343,7.758454545454546,"NM",57468,1024,"57468_20221231",0,2.3332142538179874,11,8.477882185529577,0.5271749377313368,4,"MN"
42132,0.7660363636363636,"SB",57470,10700,"57470_20221231",0,74.60896457387545,55,92.42440206511432,-2.024562377336796,5,"FL"
989626,6.825006896551724,"NM",57483,11641,"57483_20221231",0.06350039663621607,2.1124607416119527,145,9.431202710104063,0.8310096029571421,4,"AL"
230713,5.243477272727272,"NM",57488,6307,"57488_20221231",2.3517416044469295,4.900047950528283,44,10.664074880094656,0.7787827179682204,4,"IL"
336887,5.182876923076923,"NM",57491,5464,"57491_20221231",2.3845534860402506,2.7691858396618803,65,11.72845769951016,0.968838402158331,4,"OK"
165113,7.505136363636364,"NM",57495,1928,"57495_20221231",0,2.382879614601201,22,14.864647478588754,0.6053311077279672,4,"TX"
1404490,8.512060606060606,"NM",57497,15649,"57497_20221231",1.0041614500024505,2.024433540410394,165,9.667323284477497,1.1300740931177515,4,"NY"
327136,6.172377358490566,"NM",5749,4155,"5749_20221231",0.3635027282677297,2.51230118006017,53,9.10760577968199,0.9218043905364343,2,"IL"
554328,9.087344262295082,"N",57505,1861,"57505_20221231",0.11306589480349148,0.6878961720403057,61,8.710163997560898,0.851119427011502,4,"IA"
2132295,15.016161971830986,"NM",57510,29085,"57510_20221231",0.9165357329905252,1.9549373953941653,142,9.890668080046233,1.2310505748144782,4,"CA"
640011,3.200055,"NM",57511,18961,"57511_20221231",0.537607405216466,5.101752435573402,200,9.568704968022237,0.9389779705567279,4,"IN"
67683841,19.7790300993571,"SM",57512,521370,"57512_20221231",1.3657109767403188,1.855256210056731,3422,8.223700633964283,1.642118957733969,4,"AZ"
918760,17.335094339622643,"NM",57522,8042,"57522_20221231",0.0385058625175683,1.7078842582147278,53,8.77915266963484,2.12416068834793,8,"TX"
109549,6.086055555555556,"NM",5753,1107,"5753_20221231",0.7801084722256619,1.8689954804926874,18,9.519178221765268,0.48342118835942754,7,"IL"
539856,9.997333333333334,"NM",57540,6519,"57540_20221231",0.7316065643168543,2.6688097622624416,54,12.997466963466909,1.6939471707561344,8,"AL"
6590970,74.05584269662921,"NM",57542,17902,"57542_20221231",0.007549088266328422,0.5397854259257463,89,13.344375502496572,0.332232162248023,9,"NV"
445281,17.81124,"N",57543,4525,"57543_20221231",0.06066906268072107,1.5872529575708318,25,10.724780165158673,1.6374881845844986,4,"TX"
89067,6.851307692307693,"SM",57548,1070,"57548_20221231",0.18460247535137403,2.4047454846227008,13,11.857936140675614,1.4604264986274695,4,"KS"
653640,8.1705,"NM",57554,10276,"57554_20221231",0.2396834538273869,3.4580976045807605,80,9.298472082052244,1.5051648965684066,4,"AL"
120987397,178.18467893961707,"NM",57565,134183,"57565_20221231",0.015900364528462812,0.37732291065371765,679,8.72775438017007,1.2236295107782145,6,"UT"
156387,5.2129,"NM",57569,2017,"57569_20221231",0.29124748044290927,2.455362918436466,30,10.723791020147447,1.2086159678937125,4,"AL"
14890468,131.77405309734513,"NM",57570,25130,"57570_20221231",3.340840435487001,9.800029530944274,113,14.867602677426456,1.3827497389857637,3,"UT"
174700,5.293939393939395,"NM",57571,4871,"57571_20221231",1.2661586610423186,4.073038732196426,33,18.403910652764154,1.9813263694762286,4,"UT"
280849,5.299037735849057,"NM",57576,4503,"57576_20221231",0.05103465541978411,2.947928925587946,53,8.752430815258041,1.073447417668281,2,"MO"
170835,8.991315789473685,"NM",57579,1860,"57579_20221231",1.1736624116686951,1.9795661365410586,19,10.119137736266552,1.4667251685252403,2,"GA"
648742,11.79530909090909,"NM",57585,7248,"57585_20221231",0.4470038956352684,2.0385911914455193,55,9.855714776637598,1.365062534801759,4,"CA"
323221,5.130492063492063,"NM",57587,6041,"57587_20221231",0.07595193831996079,2.89826135037169,63,8.63818494041734,1.3254899551514407,4,"CO"
1744487,11.327837662337663,"NM",57591,17076,"57591_20221231",0.2501301528704624,1.6537510196264154,154,10.391846518496013,1.7596943554664488,4,"CA"
747614,7.258388349514563,"NM",57598,9769,"57598_20221231",0.007495128166691651,2.1319437441275473,103,9.205592856717189,1.046499121920823,4,"FL"
868853,6.341992700729928,"N",57603,14601,"57603_20221231",0.20644936175162107,2.8760087934834764,137,9.113833793736921,1.0316026673952732,4,"MN"
2863212,7.8444164383561645,"NM",57607,53323,"57607_20221231",0.496207782321746,3.209432803423092,365,8.653450571617737,0.8750349571224167,4,"CO"
525072,6.646481012658228,"NM",57610,6915,"57610_20221231",0.11067397817614555,2.1411676477075026,79,10.62071831249803,1.2376949883451132,4,"CA"
6506460,17.443592493297587,"NM",57614,84584,"57614_20221231",1.0897973438249158,2.690588092014455,373,10.466438975636873,1.539582127541011,4,"MD"
212915,4.731444444444445,"NM",57624,3083,"57624_20221231",0.5002510010857256,2.724225844338136,45,9.259660061614408,0.7552971058084352,4,"PA"
479080,7.150447761194029,"NM",57626,6161,"57626_20221231",1.372496505472009,2.4710504593229206,67,8.597864508273862,0.9525325872573064,4,"MI"
229717,5.890179487179488,"NM",57632,2747,"57632_20221231",1.0092352900020989,2.384958211106884,39,6.9965361511816555,0.5135851134355057,4,"TN"
2632273,4.901811918063315,"SI",57633,47632,"57633_20221231",0.38646303032035384,3.1196750627414525,537,11.276406036980436,1.2822730709913224,4,"WA"
94754,4.307,"NM",57640,1775,"57640_20221231",0.06279898782807854,3.4144754191797606,22,9.430219978362784,0.634830839380354,4,"AL"
265816,10.223692307692309,"NM",57644,2982,"57644_20221231",0,1.8472187921673056,26,8.609623439681581,1.3769135232450347,4,"MN"
152834,5.0944666666666665,"NM",57656,2352,"57656_20221231",0.011883070585439278,3.0515312210181467,30,9.83905067175885,0.844888772631199,4,"TN"
12148275,15.85936684073107,"SM",57665,117156,"57665_20221231",0.4805808345150291,1.8006671972068182,766,11.320497005383794,1.4122826843809337,4,"TX"
588006,9.18759375,"SM",57672,7274,"57672_20221231",0.277998876299279,2.5501483699221517,64,10.110609408066,1.130613101320413,4,"NY"
269252,7.692914285714286,"NM",57684,3056,"57684_20221231",0.11885206841842656,2.3590227108701076,35,10.230803126747317,0.981712064001052,4,"TN"
484526,8.972703703703704,"N",57686,6493,"57686_20221231",0.7583673365620511,2.3106845734148185,54,12.141393019200093,1.5302915366753564,4,"GA"
721066,5.381089552238806,"NM",5768,8849,"5768_20221231",0.918210930504333,2.293898561184887,134,9.023483148942704,1.094986378188715,2,"IN"
312617,6.796021739130436,"N",57694,3985,"57694_20221231",0.7097884093249696,2.535589805554105,46,9.008353552512574,0.620346984492317,4,"GA"
117575,8.398214285714285,"SB",57695,1709,"57695_20221231",0,2.502657403978829,14,9.823921252492681,1.072172697177533,5,"MN"
2119862,12.113497142857144,"N",57701,33507,"57701_20221231",0.18998574379564168,2.86109496002245,175,9.961261173132534,1.027253880416378,4,"IL"
603408,4.310057142857143,"N",57703,17429,"57703_20221231",0.5788523730262641,5.35036321732578,140,13.470636129457924,2.2414545514712425,4,"TX"
965156,8.11055462184874,"NM",57706,14612,"57706_20221231",0.09031537223500619,2.2479010906577197,119,10.514174435066648,1.4924589208465189,4,"OR"
1120128,,"NM",57710,0,"57710_20221231",0,0.20813897240748183,0,8.728526838846122,0.6934702915654152,9,"NY"
2495514,6.672497326203209,"SM",57716,40479,"57716_20221231",0.7518640931769841,2.580857027138782,374,13.641067405714658,1.165152004388819,4,"CA"
243047,6.395973684210526,"NM",57733,3687,"57733_20221231",0.3951456625997337,2.706070751678855,38,8.383100446566377,1.0820084293369139,4,"NC"
333816,7.418133333333334,"N",57734,6435,"57734_20221231",0.8978953447910949,3.306813636161607,45,10.149135128878155,0.20032636371140303,4,"CA"
559029,10.547716981132075,"NM",57740,7932,"57740_20221231",0.045929722638222814,2.514996825597747,53,12.684991517004503,1.1390269517629306,4,"CA"
517001,6.4625125,"NM",57741,6377,"57741_20221231",0,2.649924302992878,80,20.218732184790415,0.7199363103962443,4,"CO"
1924469,11.45517261904762,"SM",57742,23850,"57742_20221231",0.0003763964307581126,2.1707431804649464,168,15.0456464164305,1.6036281126675274,4,"VA"
1544134,7.759467336683417,"NM",57754,24188,"57754_20221231",0.5279039717537096,2.5775415898756044,199,9.452651771910764,0.8832710415690161,4,"IL"
1833451,10.597982658959538,"NM",57756,23390,"57756_20221231",0.6015175306733735,2.0532360952925313,173,8.972666128446974,1.1588914151805003,4,"SC"
48576,0.684169014084507,"NC",57757,10305,"57757_20221231",0,35.67403013756848,71,103.12089356110381,48.17437659949924,7,"TX"
2062088,5.696375690607735,"NM",57777,53034,"57777_20221231",1.191103812449566,4.265431082853386,362,9.875859931762458,1.3179544094046378,4,"PA"
261320,4.839259259259259,"NM",57784,3579,"57784_20221231",0.29734704648139326,2.661493283529869,54,6.518410642945703,0.534872479162092,4,"NC"
146357,7.703,"NM",57785,2378,"57785_20221231",0.9634307534145983,2.5732984154976055,19,8.811933109328567,0.9008854416912623,4,"MN"
38364,0.20515508021390377,"NC",57793,34795,"57793_20221231",0,109.13179627298683,187,91.96400544103798,42.06960775284234,7,"PA"
171623,9.03278947368421,"NM",57799,2583,"57799_20221231",1.1170274733935022,3.0225347832916594,19,9.191456195371797,0.383691316473233,4,"WA"
274404,5.600081632653061,"NM",5779,3313,"5779_20221231",0.7319474632632967,2.0474720227703815,49,8.06188152032656,0.7031425854384229,5,"IN"
181890000,17.551867219917014,"SM",57803,1694000,"57803_20221231",1.0572253528370228,2.538139994885246,10363,9.230460356390944,1.7171767464281593,6,"UT"
632715,2.6696835443037976,"SB",57807,35983,"57807_20221231",3.7027480058791475,8.45258023469183,237,10.299157651333719,-3.050386317240671,5,"NY"
1357568,9.837449275362319,"NM",57813,12175,"57813_20221231",0.0010099877690481168,1.9073132128297414,138,11.581087180227835,1.804564287230848,4,"MO"
2994374,9.882422442244225,"NM",57815,43893,"57815_20221231",0.34623130834127963,2.514323623097523,303,15.77877180259771,0.8946433130009648,4,"FL"
913725,14.503571428571428,"SM",57825,14257,"57825_20221231",0.0016156446098864526,2.342359727620928,63,9.778997929271238,1.821188605963514,4,"TN"
25971989,288.57765555555557,"NM",57833,28235,"57833_20221231",15.949649752816535,4.978501367261859,90,13.24010395654828,7.423402531053669,9,"NV"
3377,,"NM",57834,0,"57834_20221231",0,2.3703703703703702,0,85.17087667161961,-0.4148148148148148,7,"NY"
560988,6.925777777777778,"NM",57841,9566,"57841_20221231",0,2.941581205016221,81,9.919725161880198,1.3274471592630792,4,"OK"
453148,226.574,"NM",57849,271,"57849_20221231",0,0.13701200467521707,2,8.259613368232197,0.7947087175598182,7,"NY"
714840,7.942666666666667,"NM",57857,9507,"57857_20221231",0.012525635489051286,2.5611564624645995,90,7.966867085647222,0.7469547908674117,4,"CO"
224606,4.15937037037037,"NM",57867,2774,"57867_20221231",0.2679792179382007,3.001419514639853,54,11.533514299907742,1.1768625646644448,8,"KY"
247777,4.764942307692308,"NM",57869,3474,"57869_20221231",0.6176232653653883,2.5666167653609078,52,10.359066151446942,0.5682246415899059,4,"KY"
126539,3.514972222222222,"NM",5786,1841,"5786_20221231",1.3072480065426293,2.6072196080565657,36,11.993764732719946,0.8877049554088223,5,"IN"
281866,9.395533333333333,"NM",57872,5418,"57872_20221231",0,3.054513486490375,30,12.594414741363458,0.663678906650453,4,"OR"
1812448,10.12540782122905,"SM",57873,26716,"57873_20221231",0.5231215226669499,2.350689507783301,179,11.669306696280096,1.5937641495992816,4,"CA"
653830,6.473564356435644,"NM",57874,12444,"57874_20221231",0.26880848656498063,3.1994215236132417,101,8.528870693908692,0.6825593578249729,4,"TN"
151320,9.4575,"NM",57882,1554,"57882_20221231",0,2.042015255491074,16,11.572616611574585,2.777032953854902,4,"GA"
94527,2.054934782608696,"NM",57884,10914,"57884_20221231",0,14.896211587447835,46,8.526172073864952,-3.6050439903889586,5,"MO"
162436537,77.9820148823812,"N",57890,550798,"57890_20221231",0.7777582946379531,1.5580744131193816,2083,10.93325610276543,0.47840067073886244,9,"VA"
252801,4.956882352941177,"NM",57892,4544,"57892_20221231",0.8784437806388493,2.855180258814138,51,9.226214821306845,0.7251551983592938,4,"ND"
245708,6.6407567567567565,"NM",57897,3072,"57897_20221231",1.8076652734033365,2.3588091835356186,37,9.629112286083998,0.9620990735408089,4,"IL"
151388,7.5694,"NM",57899,2526,"57899_20221231",0,2.756596859653836,20,10.051935788479698,0.9008622241672044,4,"MO"
147775,4.346323529411765,"NM",57901,3656,"57901_20221231",0.43107552477818656,3.8535823286289657,34,20.75815776199899,1.5642406544366296,4,"TX"
5315215,29.204478021978023,"NM",57903,24169,"57903_20221231",1.564672717255911,0.9856016102256824,182,10.200312803244877,1.5798457835349622,4,"CA"
57843,7.230375,"NM",57910,705,"57910_20221231",0,1.8893079907008528,8,11.211512152279292,1.3952070534164984,2,"IA"
233881,6.87885294117647,"NM",57915,2658,"57915_20221231",0,1.951133205387487,34,7.899119275183292,1.2630761556286754,4,"OK"
9640575,19.128125,"NM",57919,80717,"57919_20221231",0.6168144519336446,1.420933060801422,504,10.636814345586014,1.4916538040172174,4,"NJ"
138146,10.626615384615386,"NM",5791,1041,"5791_20221231",0.16607258587167856,1.4389457090463476,13,10.843282738879893,0.6756025585156632,2,"IA"
628293,19.63415625,"NM",57920,3650,"57920_20221231",3.166493282234602,1.2205804243314946,32,12.040118036235437,2.230674908375708,4,"UT"
316739,7.038644444444445,"NM",57922,4980,"57922_20221231",0,2.5106278662353736,45,11.615257402607428,1.6227301807484649,4,"TX"
602983,8.738884057971015,"NM",57923,7946,"57923_20221231",0,2.146241897103471,69,9.753538749791462,1.1764585213752359,4,"GA"
89703,12.814714285714286,"NM",5792,775,"5792_20221231",0,1.5721105861182267,7,9.122960177288295,1.409859923594688,2,"IA"
300187,7.147309523809524,"SM",57931,3945,"57931_20221231",0.46333925709588686,3.032422787660999,42,9.278338665491676,0.6457107028888535,4,"FL"
215750,8.298076923076923,"NM",57933,3225,"57933_20221231",0,2.5716524408406105,26,7.809917547755725,1.0259100386459314,4,"NV"
2094205,9.4760407239819,"NM",57944,26970,"57944_20221231",0.17885473756071396,2.277769514725019,221,9.294347897259781,1.7612394648236662,4,"CA"
109371,4.755260869565218,"NM",57952,2126,"57952_20221231",0.2591305017125704,3.3413222484829364,23,8.839114995902758,0.672507984302612,4,"MT"
916023,6.785355555555555,"N",57953,12407,"57953_20221231",0.31065815630432775,2.398295225352235,135,9.24042917434988,0.9147742250546389,2,"AR"
223956,6.586941176470589,"NM",57954,3183,"57954_20221231",0,2.5206549279819326,34,10.001876943977692,1.2542345648812518,4,"TN"
226401591,12.235939631411123,"N",57957,2349457,"57957_20221231",0.9629472189308067,2.204301129217765,18503,9.38723364883664,1.027925260427945,4,"RI"
516679,8.470147540983605,"NM",57967,6485,"57967_20221231",0.19381450491185692,2.162117707530198,61,8.160628713058237,1.1875610382934978,4,"PA"
3559321,6.299683185840708,"SM",57968,48237,"57968_20221231",1.3069166490313946,2.6701065123738164,565,11.237468968808477,0.5800725442854469,4,"VA"
377481,5.8074,"NM",5796,4914,"5796_20221231",0.4113276743265763,2.2920576259411285,65,7.642292215172761,0.16469105909968204,2,"IA"
317922,9.634,"NM",57971,7882,"57971_20221231",1.0097126484131125,3.579640131814784,33,9.037058661787519,0.3106985329743641,4,"IL"
55256,3.4535,"N",57974,1879,"57974_20221231",0,4.899977151791933,16,19.79837432703473,-0.2849144018036321,4,"CA"
512247,3.461128378378378,"NM",57978,13246,"57978_20221231",0.10657937746594295,3.9230639010727595,148,8.719487402380718,0.9202421994029257,4,"WA"
238507,6.446135135135135,"NM",5797,2628,"5797_20221231",0.4963878916810708,2.1440834624993963,37,11.624680921381637,0.895307429866121,2,"IA"
228141,6.003710526315789,"NM",57990,3415,"57990_20221231",0,2.379608948836524,38,8.685539090444557,0.8543151916579323,4,"MI"
14594770,26.108711985688732,"NM",57993,77952,"57993_20221231",0.15116032875446714,1.0622882852729898,559,9.69679642671369,1.7270479897017965,4,"AL"
2671340,9.713963636363637,"NM",57997,26603,"57997_20221231",1.0064600736051275,1.871576661268513,275,8.975959271720107,1.168128280396156,4,"AL"
508857,10.6011875,"N",5800,4121,"5800_20221231",0.3414197614925199,1.7711012693165786,48,10.368432060818797,1.5867042989564584,2,"IA"
141945,5.257222222222222,"NM",58010,2130,"58010_20221231",0.7366535155431033,2.359362992466691,27,9.523677421144615,1.4673504292170627,4,"MT"
29626,1.645888888888889,"NC",58011,5440,"58011_20221231",0,112.73695248850528,18,82.51199021469726,78.2205372267484,7,"DE"
956239,6.781836879432625,"NM",58013,13313,"58013_20221231",1.1524026162811931,2.85947417447125,141,10.337959163650968,0.8482487783794044,4,"IA"
824225,9.584011627906976,"NM",58018,12113,"58018_20221231",1.3262122709940813,2.9099879479645607,86,9.226463932627334,0.6209479617383157,4,"MO"
209543,16.118692307692307,"SM",58025,3643,"58025_20221231",0,2.192143999839016,13,15.742217387697158,1.4023181639819295,4,"CO"
447727,7.854859649122807,"SM",58029,5718,"58029_20221231",0,2.1613343460728554,57,9.437277638114457,1.2649743656246184,4,"FL"
339504,7.073,"SM",58030,7163,"58030_20221231",0.026606476903360845,3.2607401685239936,48,9.263094476032684,2.461735363578377,4,"FL"
114018,8.770615384615384,"NM",58037,1330,"58037_20221231",0,3.286705240318233,13,12.534627716710952,1.2919981589848117,4,"CA"
484660,7.693015873015874,"NM",58039,5870,"58039_20221231",0.021931944939026834,2.2161302659652793,63,9.320222135154932,0.7952868813982423,4,"MN"
412577,8.089745098039216,"NM",58049,6405,"58049_20221231",0.133064043696335,2.733026793180577,51,11.604721905787214,0.30508601329347856,4,"KY"
1292126,7.927153374233129,"NM",58054,16020,"58054_20221231",1.138915695732241,2.173595534401913,163,14.328502369487847,1.380195320011684,4,"NJ"
2105040,15.036,"NM",58057,20064,"58057_20221231",0,1.6694764089380976,140,8.951343099516837,0.7402637148300213,4,"MN"
1175415,17.035,"NM",58060,9146,"58060_20221231",0.10582893806171463,1.213491443962992,69,17.51730143262911,2.8211867983702668,4,"CA"
202081,18.371000000000002,"NM",58063,1390,"58063_20221231",0,1.4306752974216708,11,9.191341833821024,2.4711192478498356,4,"MN"
591352,12.58195744680851,"NM",58069,7799,"58069_20221231",0.8366436905836385,2.0103016777917495,47,10.258360313769801,0.971187443152731,4,"CA"
317478,7.559,"NM",58074,4685,"58074_20221231",1.8960254030587982,2.4388390112901313,42,8.188416109292728,1.6621174563002452,4,"GA"
114712,4.7796666666666665,"NM",58076,1412,"58076_20221231",0,2.768537438441842,24,9.398489176187613,0.8923867164640489,4,"MO"
149703,5.98812,"NM",58079,1682,"58079_20221231",0.27540719040811135,2.2373582274640875,25,12.00417967085092,1.6725300576404152,4,"TN"
328171,3.6463444444444444,"SI",58082,18386,"58082_20221231",0.7722064082913656,11.25534115157467,90,8.915697256929485,-0.4907663035950649,6,"TX"
1366149,8.485397515527952,"NM",58088,19214,"58088_20221231",0.48796186765012867,2.8906486359641153,161,8.999482806979998,1.2524480450031934,4,"AL"
1293158,12.554932038834952,"NM",58090,15336,"58090_20221231",2.1510843283162453,2.15375747298888,103,11.684303695722544,2.4007970039652085,4,"CA"
573260,7.077283950617284,"NM",58095,9017,"58095_20221231",0,2.6291756059360365,81,9.414590256715378,0.897542414980227,4,"ID"
200551,8.356291666666667,"NM",58103,3942,"58103_20221231",0.1464818205597698,3.491213143203775,24,11.009092529862722,1.028053806281106,4,"GA"
198703,7.096535714285714,"NM",58106,4173,"58106_20221231",0,3.4391392361889666,28,12.137102636473472,0.42476053927219093,4,"MN"
399771,6.246421875,"SM",58111,5900,"58111_20221231",0.14788955358184333,2.7476106172905355,64,9.781561653723422,1.2641829531724067,4,"AL"
558007,7.971528571428572,"NM",58113,7832,"58113_20221231",0.10463546613375403,2.458090194623402,70,10.070350367517703,0.7284122540303605,4,"FL"
428906,6.598553846153846,"NM",58114,6395,"58114_20221231",0,2.309015985857277,65,8.155921095619892,0.5126789343598416,4,"IL"
2022239,5.293819371727749,"SM",58115,39986,"58115_20221231",0.10516069234171137,3.17841139243661,382,9.840343284248036,1.1997443812897404,4,"MO"
661355,12.967745098039217,"NM",58121,8305,"58121_20221231",0,1.9603621977900691,51,10.581285149391412,1.1774244913491705,4,"MO"
1377862,11.981408695652174,"N",58140,23187,"58140_20221231",0.00042313311027166204,3.032932135987382,115,10.982887675543473,2.430563776955455,4,"NY"
220200,3.4406250000000003,"NM",58148,6087,"58148_20221231",0.3742232475561202,5.02693249840432,64,21.031956474770688,1.957403957287516,8,"UT"
144046,10.289,"NM",5814,1350,"5814_20221231",0.0413378774377865,1.6447619536718445,14,8.879599629715344,1.573280737963743,2,"IA"
149778,4.9925999999999995,"N",58158,3313,"58158_20221231",2.7926043845137394,3.598222694147911,30,12.053054965159138,1.022646112617481,4,"IL"
309468,7.033363636363637,"NM",58164,3793,"58164_20221231",0.025183756050504102,2.2001376180405448,44,11.271826778520433,0.951393334020775,4,"KY"
857886,17.872625,"NM",58165,6914,"58165_20221231",0.3508998466629005,1.4815747758508728,48,11.086437326304265,1.5917223216484393,4,"IL"
28714313,16.762587857559836,"NM",58177,247280,"58177_20221231",1.0113453288173595,1.7662281180133514,1713,10.261410912868643,2.1368427449642984,6,"UT"
345511,10.79721875,"NM",5817,2674,"5817_20221231",2.117635279458882,1.4372370559907488,32,9.049499212142068,1.2448235374670646,2,"IA"
3440092,15.926351851851852,"NM",58181,30502,"58181_20221231",0.33489202224768283,1.5132712417811165,216,9.538215558863806,1.9397215008904078,5,"GA"
585786,15.832054054054055,"NM",58184,3170,"58184_20221231",0.2980033125969978,1.455462375389014,37,8.471494345547516,2.377240791193501,7,"VI"
56215,56.215,"N",58188,178,"58188_20221231",0,1.2928830210966815,1,98.95723218604985,2.5029350965520716,7,"DE"
266220,4.225714285714286,"NM",58196,6562,"58196_20221231",3.801529295414526,4.904446872489319,63,13.439732867011134,1.632581948277942,4,"PA"
292718,10.454214285714286,"SM",5819,2714,"5819_20221231",0.10487365692462948,2.1052880951722885,28,4.509692594695434,1.1150288035946254,8,"IA"
382987,4.614301204819277,"SM",58201,6287,"58201_20221231",0.019964570809262294,2.8691622484274633,83,10.751432211377828,1.3854351687388986,4,"TN"
587688,10.883111111111111,"NM",58203,7705,"58203_20221231",0.13323159284425226,2.419652116468287,54,11.626309097541712,1.6928695122768962,4,"NY"
625916,9.071246376811596,"NM",58208,7594,"58208_20221231",0.019346256100552666,2.101939377342844,69,10.968033324885138,1.723629040800035,4,"TN"
48465,2.8508823529411766,"NM",5820,741,"5820_20221231",11.24479096652776,3.020796092246757,17,10.290796442490256,1.0484411969101113,7,"IA"
4340923,17.64602845528455,"NM",58210,35973,"58210_20221231",0.017948666812915064,1.4667322438397685,246,10.7625721014768,1.4466749391676625,4,"MN"
134359,7.464388888888889,"NM",58214,1844,"58214_20221231",0.11150473314362042,3.449834944666472,18,10.35512988939272,0.17582987071877398,4,"IL"
8114,,"N",58216,0,"58216_20221231",0,-1.5541078177839667,0,87.71712158808933,1.2059876666003582,7,"IL"
366646,6.789740740740741,"SM",58218,7611,"58218_20221231",0,3.579324139383093,54,9.487723552591694,-0.2999681640553159,4,"CA"
319422,7.605285714285715,"NM",5821,3855,"5821_20221231",0.16658912518197236,1.7290156172988773,42,9.976068921506062,1.3755485346642196,2,"IA"
294804,5.459333333333334,"NM",58220,5283,"58220_20221231",0.11011429693301807,2.9869243213559526,54,8.54952102947827,0.6081452127580629,4,"TN"
395535,5.992954545454546,"N",58224,8100,"58224_20221231",0.6296076273579853,4.232307188982835,66,10.745393731106539,-0.44495897121922223,4,"CA"
5999106,8.085048517520216,"NM",58228,80816,"58228_20221231",0.3617295635713169,2.624293009547264,742,10.547272551558583,1.1549980269186184,4,"LA"
186642,5.332628571428572,"NM",58230,2710,"58230_20221231",0.030398832684824902,2.5042348213933985,35,9.198534450661818,1.257315188892731,4,"MO"
390790,11.493823529411765,"NM",58234,3854,"58234_20221231",0.13373716713212447,1.6899009833890168,34,13.346874294741593,1.40242106189399,4,"CA"
849755,15.736203703703703,"NM",58239,6141,"58239_20221231",0.012796147196407771,1.35776242842671,54,12.177954428611615,2.033115289842421,4,"NC"
2345424,16.87355395683453,"SM",58243,19897,"58243_20221231",0,1.3717443470414137,139,11.295828627811982,1.5003907822583797,4,"VA"
2833353,9.081259615384615,"NM",58255,30761,"58255_20221231",0.08269952505895246,1.9688174331554884,312,8.120279340770095,1.1490187218912111,4,"AL"
508763,9.975745098039216,"NM",58257,8871,"58257_20221231",0.038846440791335445,3.2907451664044713,51,10.080346314512868,0.0900886751773198,6,"CT"
936062,10.884441860465117,"N",58259,11251,"58259_20221231",0.03885059557644571,2.0672525875999646,86,8.43034216485361,0.7110870420997457,4,"MI"
250837,6.779378378378379,"NM",58263,3967,"58263_20221231",1.2834857252909508,2.866414642110543,37,13.274502967567155,1.1197195188866935,4,"NY"
1584640,17.80494382022472,"NM",58264,17426,"58264_20221231",0.6354100964795477,1.6877874840944793,89,9.39183973211824,1.6403986110018816,4,"IL"
1498800,5.430434782608695,"N",5826,20405,"5826_20221231",0.3901795811493757,2.7176766335398357,276,8.585718700132213,0.6781050014054909,4,"KS"
237620,8.193793103448275,"NM",58271,2957,"58271_20221231",0.07241307362814045,2.205384202464905,29,11.391121509685744,0.9488134806883378,4,"AZ"
629876,11.66437037037037,"NM",58276,5987,"58276_20221231",0,1.5686949559383694,54,8.238569115544488,1.1729762367611478,4,"CA"
478089,7.5887142857142855,"NM",58278,6025,"58278_20221231",0,2.11657272946663,63,8.95256606588919,0.997439274397933,4,"CA"
1281124,9.931193798449613,"NM",58281,18200,"58281_20221231",0.33778238045136805,2.236537753068515,129,8.826927233028496,1.0632401568546705,4,"CA"
119574,7.473375,"NM",58282,1545,"58282_20221231",0,2.3478694870309975,16,9.410857112454998,1.4163415526227559,4,"MT"
260687,5.667108695652174,"NM",58289,5034,"58289_20221231",0.018551762144583706,3.0976522301021916,46,9.8830443048914,1.0179253787304652,4,"GA"
1854760,9.660208333333333,"NM",58291,30214,"58291_20221231",0.24321307032054607,2.905913619314595,192,9.518986592712167,1.5525623487064848,4,"CA"
757249,8.230967391304349,"NM",58297,16072,"58297_20221231",0.01051775118572761,2.861832321454942,92,9.888279750495311,1.0988448155011865,4,"CA"
167032,6.68128,"NM",58300,1078,"58300_20221231",0.03999466737768298,1.433635868087459,25,8.114335369707183,0.891753726486761,4,"MO"
18977114,149.426094488189,"SB",58303,19979,"58303_20221231",0.061730970783946515,0.4250694042236359,127,7.716740268763654,1.7132086216543618,5,"MN"
638938,11.617054545454545,"NM",58307,7133,"58307_20221231",0,2.014093838863189,55,9.068630717560508,1.1682840777766184,4,"CT"
2833412,8.586096969696971,"NM",58309,35364,"58309_20221231",0.34216332218673906,2.3608377836498713,330,12.353967539807083,1.4418883287158186,4,"TX"
107855,4.9025,"NM",5830,1708,"5830_20221231",0,2.326432681781829,22,14.536135598211164,0.7269017849862687,2,"KS"
1121391,9.043475806451614,"NM",58310,17623,"58310_20221231",0.2575347999673381,2.3962377977887637,124,10.741850197554232,1.7235042659640005,4,"CA"
311835,8.427972972972972,"NM",58311,3883,"58311_20221231",0.01872866747442008,2.280663834271086,37,8.98178713157955,0.9885240697336692,4,"DE"
2303265,15.775787671232877,"N",58314,19167,"58314_20221231",0.2140532689527764,1.8190606145708503,146,8.724179882403533,1.1933830838305168,4,"IL"
2751455,8.213298507462687,"N",58316,34974,"58316_20221231",0.5383968866862698,2.2801249629906946,335,9.886009237182504,1.497653426511142,4,"LA"
238409,6.273921052631579,"NM",58322,4312,"58322_20221231",0.17630609540378184,2.97774630924888,38,10.738718528681078,0.7846125195798637,4,"WA"
160801,6.1846538461538465,"NM",58324,2648,"58324_20221231",0,2.836236567615144,26,13.14510121669128,1.2985733427918342,4,"TX"
5064342,,"NC",58339,,"58339_20221231",2.2063936905660175,0,,0,0,4,"CA"
559190,7.078354430379748,"NM",58341,9224,"58341_20221231",1.52420616040435,2.4252481802510566,79,11.640816119280647,1.3739023240835202,4,"WA"
343376,8.375024390243903,"NM",58348,5633,"58348_20221231",2.353490070389679,2.979619302019718,41,20.24976783836277,2.485458744124874,4,"IL"
329971,7.856452380952381,"NM",58357,3482,"58357_20221231",0.17144149467801828,2.0217098656998296,42,11.724076726280098,1.066742078684215,8,"AL"
172447,9.580388888888889,"NM",58359,1989,"58359_20221231",0,2.17610450130687,18,13.043172714282367,0.8662163548891424,4,"NE"
463902,6.354821917808219,"NM",5835,7387,"5835_20221231",0.4069902192555509,2.097213449303015,73,10.332896082299596,1.5679588597260434,2,"KS"
326196,8.364,"NM",58371,4716,"58371_20221231",0.5473361384921843,3.0366376865298417,39,12.468753124687531,1.128459810115323,4,"PA"
1872528,9.803811518324608,"NM",58374,23818,"58374_20221231",0,2.059498152785535,191,10.237851982504186,1.4978068417476516,4,"GA"
255465,4.912788461538462,"NM",58377,5678,"58377_20221231",0.5688972004147533,3.1834494535887594,52,10.536639320129543,1.1578631818003176,4,"FL"
60067,3.3370555555555557,"NM",5838,997,"5838_20221231",0.8311711157042967,2.9591425578209365,18,11.061398891537914,1.2974454025304216,7,"KY"
549789,6.468105882352941,"SM",58396,8520,"58396_20221231",0.08575267024287062,2.4480966295565705,85,8.819722329790745,1.3723545099135381,4,"WY"
472893,9.45786,"NM",58401,7042,"58401_20221231",1.8166331297374623,2.433642253014216,50,12.436207419074396,1.3680942954831743,4,"CA"
435814,1.8388776371308018,"N",58405,27287,"58405_20221231",1.055359442703472,10.993115342897436,237,12.236831094418383,0.45804647262072645,4,"AZ"
586651,10.666381818181819,"SM",58407,8155,"58407_20221231",0.061075436646958525,2.4301608074544454,55,12.833430157274744,2.1683830223141003,4,"WA"
9135117,10.06070154185022,"NM",58410,157546,"58410_20221231",31.18447259274505,3.515552106509725,908,15.442686019986485,0.8974534378812891,4,"NJ"
582578,10.992037735849056,"SM",58411,5340,"58411_20221231",0,1.7143579775267148,53,9.50731190203088,1.314919027775795,4,"CA"
111370,4.4548000000000005,"N",58413,3560,"58413_20221231",0,4.4325405682447565,25,16.52220564320083,1.4044920599492432,4,"GA"
126128,7.419294117647059,"NM",58423,1279,"58423_20221231",0,2.7448210121367898,17,9.170435169397287,0.6791836178868708,7,"MO"
1363586,8.417197530864197,"NM",58424,21601,"58424_20221231",0.7711394942270191,2.683155412623946,162,10.622992682509883,0.6377731085166048,4,"NY"
94895,4.518809523809524,"N",58426,1617,"58426_20221231",0,3.7872460586391767,21,11.633100104208758,0.15212618718083332,4,"AZ"
362887,8.640166666666667,"NM",58428,4594,"58428_20221231",0,2.2440817696216286,42,12.494790659413994,0.7830871212595507,4,"OR"
1561553,14.195936363636365,"N",58433,16923,"58433_20221231",0.04586619898373859,1.8500350063524376,110,8.839093113508737,1.2224470914104095,4,"OH"
262861,10.110038461538462,"NM",58434,3888,"58434_20221231",0.02151744784357751,2.4688054413499962,26,11.515354585336585,1.6131141493695322,4,"OH"
281839,11.27356,"NM",58443,2942,"58443_20221231",0,1.630862990421765,25,20.22362664073894,1.6457350433029883,4,"NV"
580803,9.075046875,"SM",58446,7446,"58446_20221231",0.6126241081906749,2.328353484816021,64,10.098802363672752,0.9948977840535247,4,"WA"
192744,7.70976,"N",58450,2306,"58450_20221231",0,2.272013656405199,25,8.985000128643836,1.1326900199450738,4,"TX"
15595743,39.583104060913705,"NM",58457,82627,"58457_20221231",0,1.0232029510350746,394,7.287028415113915,0.7874861041755379,4,"PA"
9178296,24.941021739130434,"NM",58458,47793,"58458_20221231",0.26597329822943416,2.0304874486200655,368,8.637823635173133,1.2245276879508553,4,"CO"
4631368,7.889894378194208,"SM",58463,62989,"58463_20221231",0.0906499673309928,2.2341872577285273,587,8.900770412286901,0.9828172542720044,4,"TN"
642608,13.969739130434784,"N",58469,4974,"58469_20221231",0,1.2468117243049914,46,18.270152711147865,2.085862165750902,4,"CA"
333501,5.750017241379311,"NM",58470,3470,"58470_20221231",0.17020963386527677,2.0642178683543797,58,8.680260593161437,0.9683907175806762,4,"PA"
961073,10.334118279569893,"NM",58479,11941,"58479_20221231",0,1.801544512429017,93,8.385178073127264,0.8900725857643584,4,"FL"
110930,4.82304347826087,"NM",5847,1980,"5847_20221231",0.04482294935006724,3.181959641541062,23,10.16096232723262,1.0980810988591274,4,"KY"
2732940,11.482941176470588,"NM",58481,27383,"58481_20221231",0.26734376644164165,1.794636796072567,238,10.40956458700612,1.394534785624336,4,"NJ"
275682,25.062,"NM",58482,2972,"58482_20221231",0,1.855857184757272,11,7.4770499632344585,3.31378565707121,4,"MT"
1335178,19.350405797101452,"NM",58483,13011,"58483_20221231",0,1.533481858373682,69,7.99705301476,1.5107452772873002,4,"TX"
335066,6.838081632653062,"NM",58484,4812,"58484_20221231",0.4885736221672832,2.5762335274287467,49,9.862061838121756,1.6812402993485118,4,"TX"
942994,9.52519191919192,"NM",58485,13459,"58485_20221231",0.037027981815540414,2.243080776049583,99,10.042662673725616,0.9236513129615722,4,"CA"
3552328,13.82228793774319,"N",58486,44891,"58486_20221231",0.07862275361177447,2.019033521493569,257,9.72194013785394,0.7062549301429754,9,"FL"
1719253,7.163554166666667,"NM",58490,27751,"58490_20221231",1.3416423583488022,2.9317645553672573,240,9.295635305856115,0.3986325471125506,4,"CA"
277619,6.456255813953489,"NM",58500,3148,"58500_20221231",0.8000534556874624,2.2056556909460046,43,12.066109082170282,1.4672482275031977,4,"CA"
1031054,12.42233734939759,"N",58504,12874,"58504_20221231",0.057891689911057316,2.1947238492112726,83,12.410255466467087,0.8376081906122851,4,"VA"
343752,6.138428571428571,"NM",58508,5169,"58508_20221231",0.05275744284289449,2.503305104286034,56,10.324574868682992,1.1653316864779812,2,"CO"
678428,8.697794871794871,"NM",58509,7616,"58509_20221231",0.01820177597328425,2.460551321971784,78,10.205855219470454,1.8121011025201343,4,"TX"
476583,7.564809523809524,"NM",58511,7697,"58511_20221231",0.01662339694227281,2.344671758478769,63,9.60872870751464,1.7411776297606314,4,"MN"
1601779,9.101017045454546,"NM",58513,20455,"58513_20221231",0.03283789463852046,2.3389998312508533,176,13.474340895936097,1.6163557090471872,4,"NJ"
162914,5.255290322580645,"NM",58517,2652,"58517_20221231",0.14297770937794768,2.8589625897539905,31,8.53234500575697,1.1759640770550017,4,"TX"
292957,7.511717948717949,"NM",58523,5757,"58523_20221231",0.2917792570639483,2.97631880933338,39,10.550408898688563,0.9406405396946831,4,"GA"
994881,18.088745454545453,"N",58534,7091,"58534_20221231",0.9043677381640072,1.4770065838584765,55,7.6696956711534385,2.2181715849001726,4,"CO"
2170641,8.2848893129771,"SB",58536,29440,"58536_20221231",0.09689130285210114,2.313756173453697,262,14.719150028458868,0.6537076903594624,5,"MN"
322108,8.259179487179487,"NM",58537,4364,"58537_20221231",0.04420600858369099,2.2480379520919316,39,11.690409395076571,0.950198182293145,4,"FL"
1734843,6.401634686346863,"NM",5854,21425,"5854_20221231",0.1620188607368593,2.4260630726259715,271,9.513796987477432,1.1706883985305556,4,"KY"
417378,12.647818181818181,"NM",58556,8322,"58556_20221231",0.5967728709786164,2.4927951337222276,33,12.459903721409868,1.4802745913910538,4,"IL"
2048225,10.95307486631016,"NM",58558,23324,"58558_20221231",0.14135401404473336,1.973429371164565,187,12.165144686996888,1.5781491690096567,4,"AL"
440948,7.874071428571429,"SM",58563,5357,"58563_20221231",0.2518216888126875,2.4904345283064853,56,8.900220796971928,0.8200716496478444,4,"VA"
8421743,14.80095430579965,"NM",58564,84953,"58564_20221231",0.47091691157989546,1.701953306975314,569,10.556818238155966,0.9150268472647762,4,"NY"
491935,7.453560606060606,"NM",58574,7047,"58574_20221231",0.15455054208675126,2.252457509987918,66,11.78158929335316,0.6876679227588398,4,"NJ"
2054918,8.819390557939915,"NM",58581,28038,"58581_20221231",0.004523927860082967,2.1876573184837453,233,9.975353989696544,1.1856679836768451,4,"TX"
2050081,13.399222222222223,"NM",58583,29096,"58583_20221231",0.07834726138714766,2.222077246238505,153,10.229303577216234,1.1731928617197152,4,"CA"
250115,5.684431818181818,"NM",58584,4701,"58584_20221231",0.009600061440393218,3.1560267284555445,44,13.403108741210644,1.2880626074962467,4,"GA"
183214,16.65581818181818,"NM",58586,818,"58586_20221231",1.4576444837703162,0.7472692562919487,11,8.673766691049755,1.3524795133408969,7,"ND"
472444,9.842583333333334,"NM",58588,6876,"58588_20221231",0.047361076286790316,2.4098101205335127,48,10.983080407426696,0.8469935432571191,4,"CA"
947122,14.571107692307693,"SM",58590,17378,"58590_20221231",7.584254437877282,4.195119918081159,65,11.471164080530171,-0.8159677326156909,4,"CA"
1030684,14.724057142857143,"N",58595,11173,"58595_20221231",0,1.3991058649414339,70,8.0770954491091,0.6969517779049104,9,"VA"
4199820,6.2683880597014925,"NM",58596,51085,"58596_20221231",0.21102520139489406,2.3018140384413144,670,10.130378188049875,1.2623077238337386,4,"VA"
229964,7.929793103448276,"NM",58597,5530,"58597_20221231",0,3.6861812135876395,29,10.915743558619726,1.3769673375777811,4,"IL"
249233,6.736027027027027,"NM",58602,3856,"58602_20221231",0.46138703194848874,3.027465999023997,37,9.018479936581032,1.0900468905815706,4,"MN"
423876,7.706836363636365,"SM",58615,6802,"58615_20221231",0.025699790168772035,2.4770128346319846,55,9.38320101281399,1.0002152162382902,4,"PA"
671130,10.168636363636363,"NM",58619,6828,"58619_20221231",0.005192699399656947,1.7201512348559627,66,9.571114428106545,1.9420464175053664,4,"MO"
678002,4.643849315068493,"NM",58626,16533,"58626_20221231",0.14749189781129915,3.9443581428193513,146,15.077803455485858,1.929769119290279,4,"NV"
10891835,10.626180487804879,"NM",58629,121166,"58629_20221231",0.5809084005405202,1.687190573742294,1025,8.812060168525102,0.5312903966609431,4,"TX"
174996,4.861000000000001,"NM",58636,2555,"58636_20221231",0.019544419579599535,2.707444142351565,36,8.757503992950378,0.6173254726499863,4,"AL"
295933,16.44072222222222,"NM",58644,3172,"58644_20221231",0,1.617324561403509,18,8.50899105030687,1.8551178397801733,4,"FL"
12980327,19.726940729483285,"NM",58647,90186,"58647_20221231",0.1167609048242932,1.6552968264207577,658,8.587078301804544,1.0452594332145038,4,"CA"
6596702,14.434796498905909,"NM",58648,71016,"58648_20221231",0.22398300751815323,2.0480974479678427,457,10.330374899818933,1.078193279132632,4,"KS"
405901,9.439558139534883,"NM",58651,6004,"58651_20221231",1.004099814160673,2.852784866862417,43,11.100221045168286,1.2797512874692427,4,"WI"
700124,8.140976744186046,"NM",58657,8718,"58657_20221231",0.46508705903601916,2.1952903173327605,86,10.903544633374825,2.254793572762195,4,"GA"
265627,6.478707317073171,"SM",58658,3774,"58658_20221231",0.05349732978545245,2.4308560585072603,41,25.249038551730607,0.6983245930389828,4,"VA"
9738922,10.33855838641189,"NM",58665,160384,"58665_20221231",1.500989962129628,3.323030674177516,942,7.697413784014591,0.7305129173353755,4,"NC"
351888,8.7972,"NM",58668,4540,"58668_20221231",3.216276102867119,2.2909587463416945,40,12.321025532515165,1.5435042223132034,4,"NY"
1983354,11.666788235294117,"NM",58675,19058,"58675_20221231",0.6754025910087531,2.100661831567266,170,10.340874531807682,1.403588190451561,4,"NY"
201939,11.878764705882352,"NM",58678,1951,"58678_20221231",0,1.5527980375111088,17,12.2693578375635,1.222199203464947,4,"AZ"
619836,9.115235294117648,"NM",5867,4320,"5867_20221231",0,1.2621556709197563,68,8.820621424873213,1.2957942041912665,4,"MD"
63574,4.5409999999999995,"NM",58680,1192,"58680_20221231",0,3.13127129322817,14,15.784162982894484,0.17792971484575537,4,"OK"
341242,14.218416666666668,"N",58687,3769,"58687_20221231",3.268560853472676,1.7219806528915738,24,16.0403362602275,1.6644402674386858,4,"GA"
1406988,8.904987341772152,"NM",58689,19607,"58689_20221231",0,2.3751914200809776,158,8.557708639364266,1.0048341314581604,4,"SC"
406357,11.6102,"NM",58691,4111,"58691_20221231",0.02175882871926938,1.7022051845787871,35,11.21119175162721,1.6417943816050533,4,"NC"
488470,11.91390243902439,"NM",58692,6318,"58692_20221231",0,1.8867421668122986,41,9.146305131067248,1.7679522251221689,4,"FL"
815142,7.618149532710281,"NM",58694,9197,"58694_20221231",0.1238974454237558,1.8973986090962685,107,9.694972959273942,1.215231854850667,4,"FL"
2338603,17.58348120300752,"SM",58696,19125,"58696_20221231",0.244127200432072,1.466272627719507,133,10.74506294474986,1.1950187099570058,4,"VA"
651718,12.068851851851852,"NM",58712,7211,"58712_20221231",0.1564667275618255,1.9993830078336532,54,10.71314711915437,1.4179136760386954,4,"NJ"
3768484,10.240445652173912,"SM",58716,56560,"58716_20221231",0.3694549180367434,2.699944122245047,368,13.105816008095223,0.7019959820938937,4,"TX"
1757159,8.327767772511848,"NM",58719,31280,"58719_20221231",0.04161992575868673,2.6215372577151075,211,9.79539219634006,1.1360868424715467,4,"AL"
1240546,8.003522580645162,"NM",58722,20052,"58722_20221231",1.1620504948560355,2.2036781149351237,155,12.607655559641398,1.7431054607887009,4,"NV"
452616,7.5436,"N",58723,6519,"58723_20221231",0.33858041526936344,2.3094474773710214,60,11.094539363187558,1.6115412411640249,4,"SD"
156946,6.036384615384615,"NM",58724,2502,"58724_20221231",0,2.6607099884333834,26,11.577162679208268,0.848089179391239,4,"NE"
945731,7.446700787401575,"NM",58727,15179,"58727_20221231",0.051486657555470175,2.551960382930165,127,9.467192528594005,1.2223538532565614,4,"NE"
161466,7.6888571428571435,"NM",58732,2051,"58732_20221231",0.12929458656941337,2.077040683148749,21,13.114082050968277,1.8191197126201042,2,"CO"
1136219,12.485923076923077,"NM",58739,13692,"58739_20221231",0,1.9955012445723372,91,8.57485272960783,1.1519609282125223,4,"TX"
399464,6.548590163934426,"NM",5873,5370,"5873_20221231",0,2.4795792048443146,61,6.676376267547369,0.7119313125487836,4,"MD"
1412789,13.328198113207547,"SM",58741,18749,"58741_20221231",0.8157604182825231,2.3788980926013115,106,7.8918739778531855,-0.38578247950565775,4,"CT"
150979,6.039160000000001,"SM",58743,2099,"58743_20221231",0,2.708419526923909,25,10.88001819020805,0.46373293366906587,4,"VA"
167979,4.7994,"NM",58745,3087,"58745_20221231",0,2.932329563595422,35,11.165753079608017,1.213501919277516,4,"NM"
904402,8.374092592592593,"NM",5874,7920,"5874_20221231",0.03976406653853801,1.5575157443217191,108,11.203151094871947,1.288933240221812,4,"MD"
1138686,10.543388888888888,"NM",58752,17083,"58752_20221231",0.5709972099656044,2.3153582284290692,108,10.731967766031717,1.3860515761029721,4,"ID"
370434,8.231866666666667,"N",58764,8919,"58764_20221231",1.1110241254680915,4.011841677922458,45,15.158453779310946,1.4547035414506904,4,"TX"
263299,9.079275862068965,"NM",58768,3923,"58768_20221231",0.0005165129179880789,2.695586389046807,29,9.059642050286802,1.630009948834565,4,"TX"
177682,6.12696551724138,"NM",58772,3482,"58772_20221231",0.2929212822021541,2.9571638576458925,29,11.421714878713193,1.306174030006637,4,"CO"
192927,8.769409090909091,"NM",58778,2773,"58778_20221231",0.45079864555186927,2.5942350332594235,22,9.365098507855413,0.45211183819155265,4,"WA"
378159,11.459363636363635,"NM",58780,4113,"58780_20221231",0.6021032932609182,1.5017512926081202,33,12.17922433395283,1.3621459069661235,4,"WI"
1335312,10.193221374045802,"NM",58783,22990,"58783_20221231",0,2.7642290957968116,131,9.727890780760713,1.00069725373047,4,"AL"
530065,3.9854511278195495,"SM",58789,11887,"58789_20221231",0,3.4443268414090853,133,8.860434662832516,-0.29034756102131337,4,"MI"
909639,9.781064516129032,"NM",58796,18877,"58796_20221231",0,3.0157278017752707,93,9.775708265684004,1.0389710304246367,4,"MO"
152045,6.9111363636363645,"NM",58806,2238,"58806_20221231",0,2.5465141687999524,22,15.992779383589708,1.4343979618120537,4,"NV"
1428073,9.395217105263159,"NM",58811,18757,"58811_20221231",0.08925798328563032,1.887317296171442,152,8.825259076136927,0.871480589303568,4,"FL"
3915530,10.331213720316624,"NM",58816,35488,"58816_20221231",0.6704731296590822,1.5775038783031035,379,14.887446373292375,1.8073014880182208,4,"CA"
3114995,7.846335012594458,"SM",58823,37635,"58823_20221231",0.4965841020128899,2.1817940076178743,397,12.097917125008314,1.301026256803028,4,"TN"
639849,9.409544117647059,"SM",58824,9704,"58824_20221231",0.01948688593473111,2.6100801614887397,68,8.940987508881022,0.6930149370948593,4,"VA"
246107,9.84428,"NM",58826,3529,"58826_20221231",0,2.491128698821159,25,11.292152430299799,1.063002422937719,4,"CO"
497888,9.220148148148148,"N",58827,5529,"58827_20221231",0.00657935617344645,2.190701217743713,54,8.645424553245514,0.8613922263943726,4,"VA"
456028,16.889925925925926,"NM",58852,3927,"58852_20221231",0,1.348060017289906,27,9.958288561928372,1.7474121063552905,4,"TX"
122428,5.322956521739131,"N",58857,2405,"58857_20221231",0.8745606920789403,3.2749622060232078,23,13.76575955367847,0.19264483564842397,4,"VA"
209937,5.383,"SM",58859,3263,"58859_20221231",0.044903726410575724,2.89912058345675,39,9.761750075150058,1.2300055487471409,4,"VA"
521189,6.5148625,"NM",5885,6502,"5885_20221231",0.35389717386980024,2.473540762367704,80,9.666546610863188,0.9351001296755007,4,"MD"
2586119,13.194484693877552,"SM",58862,34996,"58862_20221231",0.06923354203394741,1.9905297950030327,196,10.00309035035089,1.0565662826749411,4,"FL"
823569,8.49040206185567,"N",58864,11247,"58864_20221231",0,2.258510978652905,97,9.426950668783148,1.013458579137355,4,"SC"
2148808,10.533372549019608,"SM",58892,18973,"58892_20221231",0.28314306087844104,2.0726667919439263,204,10.901134601069836,1.4925732666111071,4,"MO"
191806,5.183945945945946,"SM",58899,3111,"58899_20221231",0,2.8092783768250866,37,11.27643424802827,0.8324732980744397,4,"NC"
200262969,9.259858926342073,"SM",588,2626072,"588_20221231",2.2825918321471494,2.559676519734556,21627,8.774866810764987,1.096507096103025,4,"NY"
13301,0.7389444444444444,"NC",58927,5302,"58927_20221231",0,70.33313325330131,18,97.03309243058197,1.17046818727491,7,"NY"
127639,3.6468285714285713,"NM",5892,1898,"5892_20221231",0,2.8459171761695985,35,10.377457257213726,0.38833024297027735,8,"MI"
992695,6.243364779874214,"NM",58935,15528,"58935_20221231",0.004133175786397476,2.8605254405269958,159,9.333145051618864,0.967829620071336,4,"TX"
175816,9.253473684210526,"SM",58952,2704,"58952_20221231",0,2.8788978989828173,19,10.796996721773768,0.9407539624342277,4,"CT"
352615,6.914019607843137,"NM",58961,5015,"58961_20221231",0.05142721137008892,2.4647445877151832,51,8.82903555206047,0.6745306979156059,4,"LA"
36897184,22.903279950341403,"N",58979,234702,"58979_20221231",2.4036538151509195,1.4434425149998804,1611,8.434956618957893,0.9326833924530928,4,"FL"
4123,1.3743333333333334,"NC",58999,452,"58999_20221231",0,53.212055120452064,3,98.84364002011061,4.808168930306335,7,"FL"
1189317,5.858704433497537,"NM",58,15018,"58_20221231",0.9991119343532124,2.392682952389178,203,10.396363044661568,1.2827526993005072,4,"AL"
212638872,29.479948981006515,"NM",59017,2263597,"59017_20221231",0.06518233350692437,1.8202820382033729,7213,8.505324385457408,0.8464721595296719,6,"CA"
14777,0.6716818181818183,"NC",59025,4276,"59025_20221231",0,114.22583569910374,22,42.68951784952354,35.47912424382051,7,"DE"
252978,4.5174642857142855,"SM",5902,4127,"5902_20221231",0.8542970005103102,2.952205545534098,56,9.734966751674333,0.9674830907649198,2,"MS"
7028113,5.991571184995737,"NM",5903,122343,"5903_20221231",0.18864891176429713,3.274279884064769,1173,9.307831326976272,1.1092189154626204,4,"MS"
356681,118.89366666666666,"N",59043,1041,"59043_20221231",0,1.2038152159143338,3,9.907945487271792,1.6781080778067625,7,"DE"
25541,0.945962962962963,"NC",59046,8640,"59046_20221231",0,167.5956135580932,27,67.74179392662805,4.765573077155459,7,"NY"
8094,1.1562857142857141,"NC",59047,1930,"59047_20221231",0,148.78054838068746,7,88.06297056810403,3.1666004371150405,7,"DE"
9523916,7.394344720496895,"SM",59052,118491,"59052_20221231",0.22927597554463228,2.562881888069983,1288,8.596533309492296,1.0517063002248435,4,"CO"
6481,6.481,"NC",59069,444,"59069_20221231",0,10.483032115459629,1,100.61582188536238,11.116889871278117,7,"DE"
5362221,8.804960591133005,"SI",59070,84334,"59070_20221231",0.3236713516485874,2.8794889469705485,609,10.210579777331247,0.9993522900828687,4,"MA"
1132459,8.644725190839695,"NM",59074,8969,"59074_20221231",0.07295296721186376,1.692025434019204,131,10.599012321488154,0.8343410718242957,2,"PA"
557066,4.8440521739130435,"NM",5907,8172,"5907_20221231",0.801164229590432,2.5351736000943257,115,11.534964972637658,1.0864293102505922,4,"MS"
654191,11.681982142857143,"NM",59086,6746,"59086_20221231",0.05925580958901491,1.5677903876661643,56,11.379927914547274,1.5759159503613809,4,"NH"
1644662,6.552438247011953,"NM",59093,12522,"59093_20221231",3.648646537041185,2.1832251503784215,251,13.483667591889715,1.1795481102041971,4,"OK"
310200,10.006451612903225,"NM",59098,5385,"59098_20221231",1.162441638404006,2.4460450185618656,31,9.809671200890554,0.974296725834962,4,"CA"
480145,10.003020833333332,"NM",59099,6805,"59099_20221231",0.1508731719113055,2.478485684529791,48,11.199646542135783,1.418528804516636,4,"CA"
468184,7.431492063492064,"NM",59101,9481,"59101_20221231",0,3.871116846099031,63,9.97219344637697,-0.38610286477320355,4,"TN"
713985,25.499464285714286,"N",59105,4832,"59105_20221231",0,1.0273998985749757,28,6.762957405055984,1.3946604958031346,4,"FL"
498326,10.16991836734694,"NM",59106,5014,"59106_20221231",0,2.055953577926196,49,8.975563017193894,0.6010343552060458,4,"SC"
13041000,61.80568720379147,"SM",59108,28000,"59108_20221231",0,0.8138830967915518,211,7.370406594942016,1.0223986009282304,5,"TX"
819912,9.533860465116279,"NM",59112,13156,"59112_20221231",0,2.588081629380698,86,12.272515345956988,0.6781291652330192,4,"TN"
655136,6.896168421052631,"N",59113,17383,"59113_20221231",0,5.906606212852508,95,9.785070743510373,-2.7703721570328024,4,"NY"
556402,16.364764705882354,"NM",59114,4995,"59114_20221231",0,1.5491386788945345,34,11.146022250248052,1.4883422930058434,4,"AL"
247437,9.164333333333333,"NM",59117,3414,"59117_20221231",0,2.5110420415507937,27,11.169949984689191,0.3823818092589563,4,"NV"
203772,9.262363636363636,"NM",59138,3316,"59138_20221231",0.2284151184426116,3.0055307029136267,22,10.089628140809555,0.1436688641057052,4,"MI"
251784,8.992285714285714,"NM",59140,4194,"59140_20221231",0,2.4583507374636175,28,9.60955498969322,0.6702323638608713,4,"FL"
271656,8.232,"NM",59143,3891,"59143_20221231",0.443986807831703,2.429023730614627,33,11.452796665442195,0.5320407573705428,4,"MA"
372893,16.212739130434784,"NM",59144,2757,"59144_20221231",0,1.8181995689385357,23,12.677649739531343,0.7580617280476523,4,"OH"
267888,12.176727272727275,"NM",59148,3737,"59148_20221231",0,2.2584874824473586,22,16.219721143719447,1.2267470844868509,4,"OK"
16206,,"NM",59149,0,"59149_20221231",0,0.5131889561736632,0,62.636151452282164,0.9878887406343015,7,"NY"
467080,11.677,"NM",59154,8202,"59154_20221231",0,3.4118150542598764,40,15.694606604325333,-0.2690788289347376,4,"NY"
168276,7.011500000000001,"NM",59157,3028,"59157_20221231",0,3.228816105553247,24,12.550255701006721,0.6656018953121787,4,"NC"
176672,7.06688,"NM",59176,2834,"59176_20221231",0,2.6821279544536782,25,13.248238458289805,0.8768015873411537,4,"NH"
463875,3.8022540983606556,"NM",59177,29873,"59177_20221231",0.5324561459646607,33.72602159138732,122,53.05700118353819,30.876221119206303,4,"UT"
156499,5.216633333333333,"NM",59178,3548,"59178_20221231",0,3.5947619761267298,30,11.83457755966754,0.3692647513504828,4,"GA"
120342,5.470090909090909,"NM",59181,2050,"59181_20221231",0,3.509599406144336,22,9.795127006960143,-0.40200685003751396,4,"FL"
135640,7.978823529411765,"NM",59182,3126,"59182_20221231",0,4.133236849007297,17,19.190340473782598,1.245816993670586,4,"GA"
664231,9.76810294117647,"NM",59183,10977,"59183_20221231",0,2.7489925655307204,68,10.26601804911819,0.34133640887163885,4,"VA"
487001,11.595261904761905,"NM",59185,7084,"59185_20221231",4.872621551605123,2.7093416060587967,42,18.326787919713542,-0.9459150673256849,4,"TX"
445109,8.24275925925926,"NM",59188,7700,"59188_20221231",0,2.64925828454701,54,12.440604567864998,-0.08743585235063121,4,"NC"
476439,0.8271510416666668,"N",59190,120448,"59190_20221231",0,55.72811954754329,576,30.200684387265763,-40.59828693099222,7,"UT"
236571,9.46284,"NM",59193,3653,"59193_20221231",0,2.969726566683373,25,21.310193454364498,-0.37697214261541556,4,"DC"
29719,3.3021111111111114,"NC",59194,2729,"59194_20221231",0,17.66579625816353,9,57.13138344153671,61.74471820294688,7,"DE"
91669,4.58345,"NM",59195,3359,"59195_20221231",0,7.464817782290692,20,27.368487368487372,-5.914737660442019,4,"IL"
115866,7.7244,"NM",59199,1254,"59199_20221231",0,2.3079552605050067,15,20.528729680247075,-0.19051517480583785,4,"OH"
35395,3.5395000000000003,"NM",59203,1366,"59203_20221231",0,10.634472608035473,10,49.815439445045506,-9.054578990023195,7,"AZ"
30861,1.54305,"NM",59204,2040,"59204_20221231",0,11.670668219744693,20,67.96150117712229,-10.586683148311026,4,"CA"
918716,21.365488372093022,"NM",59205,6799,"59205_20221231",0.2287501878851646,1.4699504152444751,43,13.326817621284077,0.43332899788426626,8,"UT"
191377,7.088037037037037,"N",59206,2957,"59206_20221231",0,3.455137234522654,27,13.72888222219789,-1.615770687745306,4,"TN"
137668,7.6482222222222225,"NM",59209,3324,"59209_20221231",0,4.829046313866049,18,18.614708403116868,0.6615011596036264,4,"GA"
219890,16.914615384615384,"NM",59219,2713,"59219_20221231",0,2.0319940119936017,13,10.275098838677753,0.6542053335079184,4,"GA"
57614,3.6008750000000003,"N",59239,4348,"59239_20221231",0,16.264621228293592,16,73.93922909543052,-14.767348561249053,7,"TX"
166528,3.700622222222222,"NM",59245,11694,"59245_20221231",0,12.702393834889106,45,44.54257863348772,-10.309738839052445,4,"CA"
113706,5.9845263157894735,"NM",59249,3243,"59249_20221231",0,3.92853238023066,19,21.285314903887894,-1.5165567657848205,4,"OH"
24466,3.495142857142857,"NC",59255,2298,"59255_20221231",0,56.7070944712611,7,70.58798060270178,21.021782338863424,7,"FL"
280936,5.202518518518518,"NM",59257,6258,"59257_20221231",0,4.078994400666209,54,15.86284317080016,-1.6559385232823232,4,"FL"
91932,7.6610000000000005,"SM",59262,1743,"59262_20221231",0,3.890531033923022,12,22.439918619929642,-1.370587480658615,4,"VA"
119426,5.192434782608696,"NM",59265,2763,"59265_20221231",0,4.2361292835963615,23,34.076486166863766,-1.336948373527045,4,"FL"
28014,2.5467272727272725,"NM",59273,1291,"59273_20221231",0,7.224023798676065,11,54.78797456447304,-6.00192962238362,7,"AZ"
24537,0.3556086956521739,"NC",59276,13889,"59276_20221231",0,89.36361725053217,69,63.17487160215458,-13.202675356758037,7,"SD"
116385,5.81925,"NM",59278,2529,"59278_20221231",0,7.278122407972056,20,29.012465502544583,-5.636748092851552,4,"FL"
47521,2.795352941176471,"NM",59281,1497,"59281_20221231",0,8.221457308108773,17,49.19410029498525,-7.183541239336931,4,"FL"
38311,1.36825,"NM",59283,2079,"59283_20221231",0,27.241808971321184,28,64.05943602065899,-26.190865266770164,7,"AZ"
57742,4.811833333333333,"NM",59285,1866,"59285_20221231",0,6.821165074910605,12,37.261084510880146,-5.277689765989227,2,"GA"
104268,7.4477142857142855,"NM",59287,2838,"59287_20221231",0,5.445410912558593,14,35.180182476171055,-3.1960060442238043,4,"MN"
22693,2.836625,"SI",59289,1800,"59289_20221231",0,13.51077424756533,8,96.72668492658615,-12.4840259110739,2,"NH"
39216,1.9608,"NM",59296,1090,"59296_20221231",0,4.842411260709914,20,86.93912722348742,-4.4548143614851075,7,"CA"
87230,4.591052631578948,"NM",59298,1102,"59298_20221231",0,2.782051384249922,19,49.98312919661234,-2.338836321314978,7,"VT"
87299,3.3576538461538465,"NM",59304,1923,"59304_20221231",0,5.490416232255995,26,55.966981868114715,-4.412543106905125,7,"TX"
37038,2.3148750000000002,"NM",59306,100,"59306_20221231",0,4.022895404719478,16,77.51946638385755,-3.763702143744262,7,"FL"
34166,,"NM",59312,0,"59312_20221231",0,0.05496889917546652,0,36.529397902674674,0.8245334876319976,7,"NY"
18464,1.3188571428571427,"NC",59321,2623,"59321_20221231",0,31.57631108810713,14,78.79952230126175,-3.135591805386272,7,"TX"
7738,1.9345,"NC",59322,303,"59322_20221231",0,7.209808538048065,4,97.50928856474474,-5.517302652036782,7,"AK"
1620439,5.568518900343643,"NM",5956,25793,"5956_20221231",0.3609538554190037,3.3529056234721195,291,9.678803845281504,1.0312114794285085,4,"NC"
1780430,10.473117647058825,"NM",5962,18819,"5962_20221231",0.5776513357172053,2.444357002710551,170,8.092107762126496,3.1291771205568133,9,"OH"
3002849,6.967167053364269,"NM",5969,29415,"5969_20221231",0.19892126892170164,2.1025631343401106,431,9.02867075254811,1.2123684265218526,4,"OH"
2641568,7.838480712166173,"SM",597,30408,"597_20221231",0.4476762650134167,2.373474850895966,337,7.912545959330681,1.0960336697453488,4,"NY"
599690,4.314316546762591,"NM",5981,9090,"5981_20221231",0.49081833399922115,2.9657760311600034,139,9.06344058424135,0.961787991954807,4,"OH"
248450,4.5172727272727276,"NM",5994,5076,"5994_20221231",0.09719848121387975,4.10825180635468,55,12.447621062296617,0.819694272665711,4,"OK"
26042,3.25525,"SM",5999,411,"5999_20221231",0,2.494074229649854,8,19.664361197907525,1.33142308500105,2,"OK"
183498,4.475560975609756,"SM",6051,3250,"6051_20221231",0.24444043135029153,3.108642803885749,41,10.901290343549908,1.0417891798513332,5,"PA"
1635354,5.031858461538461,"N",6063,29644,"6063_20221231",0.39848123380264233,3.3397302038918673,325,8.672755079854218,0.577556198416073,4,"SD"
48608,6.0760000000000005,"NM",6064,1033,"6064_20221231",0.4977816253652202,5.350736914898215,8,11.018845194045262,1.0805203786143407,2,"SD"
441923,5.3893048780487804,"NM",6078,13983,"6078_20221231",0.30802700874202404,6.644746046642208,82,5.8928855557794915,-2.2101897416518277,5,"SD"
35969,7.1938,"NM",6084,513,"6084_20221231",0,2.4878899045379925,5,10.860240519986316,0.22548085692859604,2,"SD"
2748882,7.252986807387863,"SM",6085,47102,"6085_20221231",0.028411097078912234,2.6262212574491874,379,12.928222265072886,1.549939655918104,9,"SD"
223362,4.855695652173913,"NM",6088,3221,"6088_20221231",2.539153114067535,2.600768135811689,46,11.200951459585157,0.48843694257926845,7,"TN"
590027,5.673336538461539,"NM",6091,7763,"6091_20221231",0.06934569881551943,2.186022899558885,104,10.390622308761074,0.8909766956855805,8,"TN"
7630619,9.062492874109264,"NM",609,101486,"609_20221231",0.5373785968295915,2.17109560121823,842,8.792709222861793,1.1167272298579727,4,"NY"
242664,3.913935483870968,"NM",6100,7088,"6100_20221231",0.18246422740804763,5.910323580415452,62,7.8352929524456325,-1.5179362063240232,4,"TN"
253565,5.0713,"SM",6101,3627,"6101_20221231",0.07526315789473684,3.15196818280059,50,8.699032880385671,1.1475678163746803,4,"TN"
107455,3.5818333333333334,"NM",6110,1546,"6110_20221231",0.5979510767300857,2.9550744429504756,30,9.976190257310694,0.7828709245951363,4,"TN"
1616263,6.706485477178423,"SM",6123,25649,"6123_20221231",0.1873957653542165,2.977383298167297,241,9.192794888484068,1.0911817531867403,4,"VA"
715514,5.724112,"NM",6137,8032,"6137_20221231",0.3243181344141211,2.4726021865742367,125,10.320028816447541,1.113662650251712,4,"VA"
621921,4.784007692307693,"SM",6139,10447,"6139_20221231",0.08620406554792946,3.1064850819403014,130,10.132995878654185,0.8307617305712026,4,"VA"
78184,2.5220645161290323,"SM",6149,3270,"6149_20221231",0.02370229912301493,14.357463307513488,31,14.504955771075348,-11.290820659306723,2,"WA"
69453,9.921857142857144,"NM",6156,428,"6156_20221231",0.2960172228202368,1.1662146692051987,7,6.840916424653114,0.24946586755964223,7,"WA"
2579261,5.91573623853211,"NM",6158,46280,"6158_20221231",0.09820828016486147,2.60877971196358,436,10.386676379842955,0.8082967329607634,4,"WA"
1638436,6.229794676806083,"NM",6161,26891,"6161_20221231",0.03157244618533152,2.566141715046121,263,10.399843184816879,0.849578745554276,4,"WA"
658250,4.804744525547445,"NM",6176,10192,"6176_20221231",0.07575981187953207,2.8263640424118015,137,7.8709966694255105,1.0097158695648791,4,"WV"
208221,5.4795,"SM",6180,2584,"6180_20221231",0.07018730709060927,2.7373532126180815,38,12.853148296484857,1.3187106027859476,8,"WV"
269358,6.569707317073171,"NM",6186,3416,"6186_20221231",0,2.024304674126001,41,11.361527486915795,0.9282583241303047,2,"WI"
310375,7.218023255813954,"SM",618,3151,"618_20221231",0.5815568684829515,1.9351620573050805,43,7.764804341919951,0.6649772593423829,7,"NY"
351648,6.7624615384615385,"NM",6194,5002,"6194_20221231",0.07965313044011058,2.4240621331746772,52,10.504674540605492,1.0974609657656498,4,"WI"
333630,6.6726,"NM",6195,3633,"6195_20221231",0.006274373527935442,1.9550078066761043,50,8.333683269644924,1.3406721754523139,4,"WI"
43607,6.229571428571428,"NM",6198,647,"6198_20221231",0,2.285529054171502,7,10.347534926682831,0.6952894142186685,7,"WI"
7856868,20.40744935064935,"NM",622,74506,"622_20221231",0.6948846214186595,1.8204306848649228,385,8.436966827274931,1.0979904308861759,4,"NY"
39192000,98.47236180904522,"SM",623,141000,"623_20221231",0.33399658897100626,1.945534490095031,398,24.16968522014183,0.4444234315162404,9,"NY"
1055421,8.31040157480315,"N",6271,11090,"6271_20221231",1.1298431863633815,2.0929548192133742,127,9.14808723196881,1.4284796243280797,4,"VT"
534246,5.683468085106383,"N",6275,7675,"6275_20221231",0.4622312637003609,2.7081023070798174,94,7.9849470966803615,0.583126084404197,5,"VT"
84636,6.045428571428571,"N",6280,1276,"6280_20221231",0.9810725552050472,2.6196424106318688,14,9.814117915383738,1.4313389620981443,5,"VT"
3201942000,14.53637564636289,"N",628,33883000,"628_20221231",0.7490685814289735,2.0551082534524365,220271,8.297824679560554,1.0297430278103181,1,"OH"
679643,6.3518037383177575,"N",6354,11928,"6354_20221231",0.18307849648363025,2.881085435600811,107,7.851694832958307,0.46037526652933497,4,"NJ"
552307127,9.136292049890821,"N",6384,6990919,"6384_20221231",0.9682878425429364,2.3247706342994294,60452,7.9986914772524935,1.0585034895759655,4,"DE"
324646000,7.653315731158208,"SM",639,4667000,"639_20221231",0.16172506738544476,2.527254371879044,42419,6.245502194465807,0.6010416172621185,1,"NY"
2683706,11.822493392070486,"SM",6423,20996,"6423_20221231",0.6103148470486103,1.3197236444541598,227,11.492622174875518,1.6173168140355683,4,"NJ"
182394,4.929567567567568,"N",6442,2699,"6442_20221231",0.26502021259230096,2.626884944518614,37,8.982796564540326,0.5487951675384649,8,"NJ"
371525,5.23274647887324,"N",6464,6196,"6464_20221231",0.5460953999619921,2.6977936155102547,71,8.343464727028811,0.7002147325179722,4,"NJ"
296562,5.113137931034483,"N",6528,4534,"6528_20221231",0.12663422641730668,2.685088462726084,58,11.253697133563453,0.978247301443391,4,"OH"
82579,5.1611875000000005,"N",6530,986,"6530_20221231",0.0023044129508007836,2.4651679756852065,16,9.383316674895534,0.807788209488868,8,"OH"
969379,6.096723270440251,"N",6531,13167,"6531_20221231",0.26123694611335213,2.3750094530840324,159,11.155818907153742,2.420924432669526,4,"OH"
4065303,7.44560989010989,"N",6540,39913,"6540_20221231",0.6153540457772196,2.0478922003779414,546,8.75627975998876,1.3595414144840576,4,"OH"
7197574,5.680800315706393,"SM",6544,108962,"6544_20221231",0.7711778208604694,2.824331933722098,1267,8.580919628956647,1.4874733717296882,4,"OH"
585135605,8.532285466396418,"N",6548,8770554,"6548_20221231",0.9879216031078379,2.453405821760861,68579,8.052658505842425,1.1484999931543238,9,"OH"
182325674,9.612277203711514,"N",6560,2205747,"6560_20221231",0.6410317437097973,2.192222285843802,18968,8.54146821977003,1.3596998652716838,4,"OH"
287699,5.23089090909091,"N",6574,4244,"6574_20221231",0.09102056812004601,3.261258698733259,55,9.053537538653465,0.5972552181890662,8,"OH"
61181,4.706230769230769,"N",6584,630,"6584_20221231",0,2.324486927543421,13,8.399579049623574,0.17171312460649077,2,"OH"
81229,5.415266666666667,"N",6592,1040,"6592_20221231",0.16603238564286246,2.6817947395564725,15,8.803603335318643,0.6065964291853926,8,"OH"
5756441,9.45228407224959,"SM",659,59517,"659_20221231",0.2517403731770855,2.0282675970165687,609,9.170331333283123,1.0668611672987507,4,"NY"
16915645,8.171809178743962,"SM",6600,255821,"6600_20221231",0.28700221764297645,2.666085914538037,2070,9.758992700347168,1.4824000957490147,4,"OH"
1265974,6.843102702702702,"N",6605,14522,"6605_20221231",0.37408334016472117,2.1657979030139933,185,8.157205380316835,1.1603527175045512,4,"OH"
1640057,6.142535580524345,"SM",660,28832,"660_20221231",0.34856339552189164,2.789478199727701,267,9.619912053864939,0.997078269859843,4,"NY"
504958,6.391873417721519,"N",6616,6492,"6616_20221231",0.04586141662640144,2.4242195398923703,79,9.087388617088171,0.9102371959231335,2,"OH"
1915139,6.197860841423949,"N",6623,27953,"6623_20221231",0.03068627353030591,2.540455467785846,309,9.724135583339628,1.2441492890905645,4,"OH"
1361287,5.6720291666666665,"N",6636,17239,"6636_20221231",0.13599610878816235,2.5197505184945324,240,10.054893149845533,1.0397831656772025,9,"OH"
188801,3.7760200000000004,"N",6637,2617,"6637_20221231",0.8459504474409765,2.566183679571907,50,6.841658873931671,0.6293036713201102,8,"OH"
111611,3.986107142857143,"N",6638,1819,"6638_20221231",1.1969006023702813,3.0919482580922515,28,10.398238109048725,0.23515708677112784,5,"OH"
277102,3.552589743589744,"N",6646,7529,"6646_20221231",0.2619401030297739,4.703458779330062,78,7.160437191894037,0.19497194549059382,4,"OH"
9815951,5.767303760282021,"N",6653,169444,"6653_20221231",1.1327325569590474,2.915384338660967,1702,8.335574432442877,1.4765141348735047,4,"OH"
201947,4.696441860465116,"NM",6659,2854,"6659_20221231",0.1972699650809487,2.727284557533242,43,7.140839416601002,0.5085191981012614,8,"OH"
324718,4.775264705882353,"NM",6662,6150,"6662_20221231",0.3818766212962102,3.572758556952116,68,8.067247743416358,1.179027312660375,4,"OH"
241932,4.743764705882353,"N",6671,3744,"6671_20221231",0.11807858506682745,2.7970270397493056,51,8.346035823021312,0.7510574485397459,4,"OH"
206289179,10.690220189666787,"N",6672,2572940,"6672_20221231",0.6247422260588087,2.2738369758123924,19297,9.227495689737083,1.2886508027814203,4,"OH"
79774,3.6260909090909093,"N",6680,1278,"6680_20221231",3.3298668885191347,3.56495618281572,22,12.201819974784986,1.0265385665698468,8,"OH"
259113,5.080647058823529,"NM",6700,3386,"6700_20221231",0.4057345259469399,2.3061761652908905,51,9.25214240717478,0.8480178933320154,4,"OH"
200893,6.927344827586207,"N",6706,2228,"6706_20221231",0,2.353484512351754,29,9.167829685425714,0.7427941151940751,8,"OH"
224435,5.906184210526316,"N",6725,2471,"6725_20221231",0.8545184932310613,2.2322088929649135,38,6.801361986154644,0.5334373705697888,8,"OH"
108095,6.7559375,"N",6728,944,"6728_20221231",2.5019263019534965,1.6496454799154965,16,9.557808954947447,1.204399551400755,2,"OH"
164739,5.680655172413793,"N",6732,1229,"6732_20221231",0,1.6888933059201334,29,6.525454451292144,0.5652419670420453,7,"OH"
591030,6.221368421052631,"NM",6760,5903,"6760_20221231",0.2553473125925131,2.1095194868298637,95,9.877412891646872,1.2947903287166602,6,"WV"
143807,5.531038461538462,"N",6762,1550,"6762_20221231",0.7582768606143834,2.1321176306893985,26,9.269158587234157,0.7373061928263723,8,"WV"
187196,4.35339534883721,"N",6786,3025,"6786_20221231",0.3433349638667639,2.772436805220817,43,11.765284311746653,0.7091410255451087,4,"WV"
84376,7.031333333333333,"N",6787,985,"6787_20221231",1.071194345259783,2.352245229716543,12,11.2328702279236,0.7487592488652164,8,"WV"
253730,4.45140350877193,"NM",6794,3330,"6794_20221231",1.5213851693195886,2.519494966524909,57,9.678396506618935,0.9603703452763802,8,"WV"
163153,4.5320277777777775,"NM",6800,2304,"6800_20221231",0,2.830437813597866,36,10.896386068348072,0.3585763579906207,8,"WV"
358470,5.121,"NM",6803,4759,"6803_20221231",1.138251942818766,2.7897021273216085,70,11.472980703492347,0.7284143429549456,4,"WV"
107865,3.5955000000000004,"N",6805,1562,"6805_20221231",1.616827453532124,3.1533716820292463,30,8.892243891718346,1.1809924832310306,4,"WV"
968038,5.261076086956522,"N",6811,14742,"6811_20221231",0.2672680461282507,2.6638630154235576,184,8.060844718951996,0.8831421212173467,4,"VA"
316208,4.94075,"SM",6813,4012,"6813_20221231",0.6273322407103902,2.400167456511723,64,12.95939530515228,1.0236289817189053,8,"VA"
1674446,7.3764140969163,"N",6821,16060,"6821_20221231",0.33480153480997815,1.5760478316069593,227,10.504021174735616,1.3763109604154526,4,"VA"
3061152,8.526885793871866,"N",6837,35887,"6837_20221231",0.0604797235212639,1.9570953516048883,359,10.121799987802294,1.1458042284855716,4,"VA"
997453,4.472883408071748,"N",6861,14633,"6861_20221231",0.21646053900528833,2.6839922631478084,223,8.792827031571859,1.0493945458748313,4,"VA"
1325130,5.521375000000001,"SM",6862,21741,"6862_20221231",0.395584058399414,3.546253456958769,240,10.540951856890876,1.2765529794052728,4,"VA"
463718,5.586963855421687,"N",6863,6392,"6863_20221231",0.5165442960183717,2.5706516883789226,83,9.61974426266123,0.8752860542947658,4,"VA"
940278,5.9136981132075475,"NM",686,10406,"686_20221231",0.34736246869698684,1.9924189755594777,159,10.520742221666875,1.0158319557165207,8,"PA"
1347151,5.2215155038759695,"N",6892,22751,"6892_20221231",0.20282120007085117,3.016752103240297,258,9.427964847034858,0.7890176488242185,4,"VA"
292726,4.646444444444445,"SM",6913,4691,"6913_20221231",0.26947044246084256,3.2048847963764087,63,11.058000229223271,0.9859097628120804,4,"VA"
1369639,6.648733009708739,"SM",6917,20709,"6917_20221231",0.2903787199002305,2.542734895414991,206,9.355191194914216,1.282750683999637,4,"VA"
2163105,5.707401055408971,"N",6947,32641,"6947_20221231",1.478621045953375,2.3381354896755493,379,9.765358657885818,1.0727948175376731,4,"NY"
257690,7.362571428571428,"N",6954,2963,"6954_20221231",0.5390662038852567,2.2682692573337864,35,9.440823463953581,0.7552771895725432,8,"NY"
753438,6.17572131147541,"N",6959,10706,"6959_20221231",0.21827555935103649,2.400017312455138,122,8.657493152471632,0.8259918355087319,4,"NY"
13173581,16.00678128797084,"SM",6976,122307,"6976_20221231",0.32400442478922964,1.588784865803404,823,9.943130489213804,1.285279982774618,4,"NY"
4739658,7.719312703583062,"N",6985,74198,"6985_20221231",0.3601815683047119,2.7701610653129896,614,8.08491654283843,1.0875268496397605,4,"NY"
15614778,7.087960962324104,"N",6989,179964,"6989_20221231",0.37871457028371014,2.0351860544610547,2203,7.2560101086812505,1.035200735671561,9,"NY"
2048365,7.448600000000001,"NM",698,22071,"698_20221231",0.1739384092504842,1.9971462809611158,275,9.222277290732164,1.4468431377373077,4,"PA"
184388,5.587515151515151,"N",6990,2423,"6990_20221231",1.7058618845954732,2.1704926636108275,33,20.28881875709009,0.6689167061818234,4,"NY"
506511,6.253222222222223,"N",7018,6514,"7018_20221231",0.08186023748208397,2.4331428094622223,81,8.115533362706222,0.7822604197087906,8,"NY"
376554,7.844875000000001,"N",7025,3749,"7025_20221231",0.46854218294571137,1.740962634644663,48,9.561890282528823,0.6736779751729012,2,"NY"
232470,5.81175,"N",7031,2624,"7031_20221231",2.3302565264171244,1.8093239318949332,40,9.87595504817539,0.9549908653047665,7,"NY"
4279384,14.123379537953795,"N",7072,39031,"7072_20221231",0,1.598240995750909,303,9.811023712005666,1.1590624151183602,4,"NY"
3125180,6.883656387665199,"N",7074,42622,"7074_20221231",0.4394893816466422,2.214728342709,454,9.038648487927492,1.1442305652971831,6,"NY"
212703,5.908416666666667,"N",7085,3045,"7085_20221231",2.6122061268107335,2.460502222181326,36,13.3997609691614,0.9321199517837262,8,"NY"
92557,3.428037037037037,"NM",70,1798,"70_20221231",0.9758374170007849,3.0792599607227524,27,12.682659914597771,0.5020877954532454,4,"AL"
683198,5.992964912280701,"NM",7123,9403,"7123_20221231",1.7351915947134393,2.1426808927001257,114,10.535548567089755,1.2522716121565227,8,"NY"
2918941,7.084808252427185,"SM",713,49321,"713_20221231",0.9722900571293254,2.794635316600844,412,9.159347423772203,1.258364254915865,4,"PA"
1753561,7.69105701754386,"N",7151,22005,"7151_20221231",0.29275063262603856,2.2993278470189824,228,8.590114709678083,1.0700531934230324,4,"NY"
1764139000,9.203323160393353,"N",7213,19394000,"7213_20221231",0.6530414990802232,2.0647357616739157,191685,8.725838881399447,0.8960855361930179,1,"SD"
11659908,7.5960312703583055,"N",7230,150061,"7230_20221231",0.25833335480385816,2.2647028388660018,1535,9.862460098132035,1.248815803035591,4,"NY"
167484,,"NM",7274,0,"7274_20221231",0,0.03988598561247014,0,10.003664345914254,0.8626088530219291,7,"NY"
539729,7.009467532467533,"SM",72,6633,"72_20221231",0.0005676432021888322,2.487021997338738,77,9.862745425931397,1.9144630564007146,4,"AL"
460999,6.4929436619718315,"N",7356,6887,"7356_20221231",0.00333597987736938,2.393598569237055,71,9.548322603520973,1.0661770689060026,4,"NY"
217639,4.731282608695652,"SM",737,3338,"737_20221231",0,2.731905054167083,46,8.458000026979267,0.909207690441187,4,"OH"
1326957,6.634785000000001,"NM",7404,14453,"7404_20221231",0.6046811241873615,2.0224326104614425,200,10.379207897283083,1.1448162901188417,4,"PA"
1078774,9.718684684684685,"NM",7461,15744,"7461_20221231",1.4262211333804953,2.70824035183329,111,11.6845460511337,1.1407342834906062,4,"PA"
9776999,6.8658700842696625,"NM",7468,126742,"7468_20221231",0.4054871149792971,2.3545907462388342,1424,9.578445001452275,1.3990279002501969,4,"PA"
1723486,7.8340272727272735,"NM",7472,19283,"7472_20221231",0.25267325816874586,2.0791577415902083,220,8.771665461928382,1.2415118850558389,4,"PA"
1856294,6.490538461538462,"N",7493,27325,"7493_20221231",0.36314424269764295,2.566349439554405,286,9.340175876099226,0.9008168549257891,9,"PA"
2487272,7.086245014245014,"NM",7506,30941,"7506_20221231",0.2506607709069735,1.9868508297612042,351,9.49693817639221,1.333316161808782,4,"PA"
3553618,8.796084158415841,"NM",7514,35807,"7514_20221231",0.10193706054980815,1.8773644696241216,404,9.691179895073763,1.1757249645213308,4,"PA"
921260,5.830759493670886,"N",7526,13390,"7526_20221231",0.30062905923837496,2.5910135237592518,158,13.416140099024092,1.4036517488969105,4,"PA"
1350198,5.466388663967612,"SM",7542,21802,"7542_20221231",0.5208790654252768,2.7922063521732774,247,9.38613066169981,0.6481732497021631,4,"PA"
26819331,8.287803152039556,"N",7551,337843,"7551_20221231",0.884213091756543,2.2954453966960635,3236,10.087175918723487,1.2242059399980596,4,"PA"
549688,8.588875,"NM",7586,5994,"7586_20221231",0.37256558499855513,2.005507662835249,64,8.259951122971632,1.0285888181901113,4,"PA"
204601,9.300045454545455,"N",7590,2412,"7590_20221231",0.5534360635705506,1.9290674884823753,22,13.393223299190907,1.3891635453724895,4,"PA"
2329851,7.467471153846154,"SM",7593,27837,"7593_20221231",0.4024397875905997,1.9761693626294665,312,8.766992122952253,1.3600645131106541,4,"PA"
245314,5.983268292682927,"SM",7599,3193,"7599_20221231",0.0395266482208975,2.1492511943462436,41,8.618219037871032,0.5969688203307723,8,"PA"
706440,5.8870000000000005,"NM",7613,8973,"7613_20221231",0.5326462716929736,2.456950555261691,120,8.203943663508227,0.7798755567532171,4,"PA"
829946,5.970834532374101,"NM",7614,10815,"7614_20221231",0.03673799616934152,2.4314358627410257,139,8.479200710566735,1.0327257461483363,4,"PA"
157425,6.844565217391305,"NM",7631,1769,"7631_20221231",0.10780558295295548,2.1535466891301813,23,9.327344313203572,0.32362690576983943,5,"PA"
706883,7.363364583333333,"SM",763,8596,"763_20221231",0.07142430020796099,1.9862708870699421,96,8.257732299059251,1.108610089127437,4,"OH"
467856,9.17364705882353,"N",7646,4232,"7646_20221231",0.02401678646970093,1.6227787297541711,51,16.64269686284363,0.995108320696351,8,"PA"
1262967,10.185217741935485,"N",7658,12252,"7658_20221231",0.023487098702752972,1.667557041573486,124,9.386053971627563,1.138617661167178,9,"PA"
617196,9.495323076923077,"SM",7659,6445,"7659_20221231",0.6034725684434137,2.0106479956179095,65,10.47098435084552,1.1541392364893956,4,"PA"
684076,6.334037037037037,"N",7666,9750,"7666_20221231",0.40166352681903816,2.5195152075376,108,9.612761955147988,0.5025759179583762,8,"PA"
986974,7.204189781021898,"SM",7675,11229,"7675_20221231",0.2816124408958668,2.1470797909266657,137,11.453190987588016,0.8002648179221132,4,"PA"
393696,4.801170731707318,"NM",769,5680,"769_20221231",1.012870219550804,2.982493990950721,82,10.09944025049873,0.7429646263753962,4,"OH"
1655674,8.27837,"NM",7714,17221,"7714_20221231",0.46372684372309153,1.9002142053012525,200,8.07203739823732,1.0005130024710756,4,"PA"
7207694,8.313372549019608,"SM",7759,96041,"7759_20221231",0.23217004089410598,2.660685066226816,867,9.756846905023865,1.1950069458831754,4,"PA"
180802,10.044555555555554,"N",7789,1436,"7789_20221231",2.0452141205971084,1.5250005623158416,18,16.954896392598837,1.5199397197417845,2,"PA"
2439371,5.878002409638555,"NM",7799,41503,"7799_20221231",1.4548007505535505,2.8397031813050413,415,10.383152797779308,1.1833609172283908,4,"PA"
204702,9.304636363636364,"NM",77,2843,"77_20221231",0,1.8503793371189088,22,17.626080919017863,1.2381077111612113,4,"AL"
1407091,7.253046391752578,"NM",7848,18469,"7848_20221231",0.3807127147759777,2.4766164078963975,194,8.661012152345995,0.828341870441452,4,"PA"
1011490,7.721297709923665,"N",7875,21237,"7875_20221231",0.7029056947402486,3.1348255366250912,131,6.340487813394452,-0.6122231891721478,4,"PA"
351568,5.670451612903226,"N",7886,4117,"7886_20221231",0.6901727137318219,2.157837189736393,62,8.115683747004525,0.6656311773127915,5,"PA"
43726588,11.174696652185025,"N",7888,409531,"7888_20221231",0.4094030669666728,1.8975898760060488,3913,8.972471376269498,1.0682225193778228,4,"PA"
1991078,7.457220973782771,"N",7900,21223,"7900_20221231",0.17899982386001356,1.9572258076343705,267,8.578946758096063,0.9852816948843215,4,"PA"
384898,4.998675324675325,"NM",7909,5830,"7909_20221231",1.2193346184248846,2.5905113517189977,77,6.906363166063115,0.6679278556461287,4,"PA"
514573,6.513582278481012,"NM",7910,7978,"7910_20221231",0.009317406779345174,2.6173566671535555,79,7.383203996355525,0.37503602319696494,8,"PA"
31424000,19.56662515566625,"N",7946,397000,"7946_20221231",0.274487876785442,2.3734031657641195,1606,7.371664634972233,1.057912263809588,9,"PA"
1330782,7.004115789473683,"NM",8011,18590,"8011_20221231",0.06149776055324777,2.1106894933504616,190,15.184546158115463,1.0542940034591914,4,"CA"
1174347,10.579702702702702,"SM",8018,17082,"8018_20221231",0,2.293750734371814,111,10.838267108120858,0.4850619985558609,4,"FL"
972344,4.209281385281385,"NM",8021,6558,"8021_20221231",0.7953956520553177,1.972872127591635,231,9.627188798659555,1.5374146361376049,4,"FL"
155078,5.5385,"NM",8028,2263,"8028_20221231",0.030388978930307946,2.5582579596983437,28,10.1335952848723,1.2277596194710934,8,"GA"
806801,9.839036585365854,"SM",8033,9144,"8033_20221231",0.3678983732085491,2.268639176824978,82,9.210017654749917,1.2992959867271918,4,"GA"
286130,6.812619047619047,"NM",8035,4117,"8035_20221231",0.041410490007892355,2.366607472614091,42,8.560852320171776,0.9802812217837192,2,"IN"
16894686,6.884550122249389,"NM",803,205237,"803_20221231",0.4077530954580722,2.0421756994092295,2454,9.800155576891981,1.1988646810293868,4,"WV"
12354380,23.532152380952382,"NM",8056,86136,"8056_20221231",0.2542181188556091,1.1772180333263391,525,11.264895346430109,1.9660209932736321,4,"IN"
585259,6.727114942528736,"NM",8063,7524,"8063_20221231",0.02569818763531702,2.3187246672997484,87,8.56765456612926,1.5180307924911192,4,"IN"
108170,12.018888888888888,"NM",8067,949,"8067_20221231",1.3700535503164337,1.765726059091918,9,10.902973453952248,1.6302031468813034,8,"IN"
333665,8.780657894736843,"SM",8074,3389,"8074_20221231",0.30295262287059266,1.8938853141019036,38,9.897719620725425,1.517094627225517,5,"IN"
242787,8.0929,"NM",8083,2765,"8083_20221231",1.8325070821529745,1.9545892231903974,30,9.275945696891181,0.7996046822142534,4,"IA"
435210,8.059444444444445,"NM",8094,4822,"8094_20221231",0.11315341043031972,1.7240082023537346,54,8.431355090258123,1.4842289624312617,2,"IA"
643059,8.139987341772152,"SM",8101,6614,"8101_20221231",0.4659061064280652,1.7943131691201633,79,10.236251418797613,1.8226072006963023,2,"IA"
54829,2.8857368421052634,"SM",8108,1542,"8108_20221231",0,4.6467339554370595,19,14.249164578111948,2.7873478644760303,4,"KS"
58081,7.260125,"NM",8110,686,"8110_20221231",0,1.7945689140424204,8,7.77686820254941,0.35047638827591576,7,"KS"
291931,5.033293103448275,"SM",8117,3454,"8117_20221231",0.8968176969451243,3.071341371311234,58,8.593430317054931,0.9683226418935632,4,"KY"
235389,7.133,"NM",8118,2637,"8118_20221231",0.0410852266174605,1.884654733620245,33,11.838382298126122,1.0154644841085305,4,"KY"
450910,1.818185483870968,"NM",8120,31624,"8120_20221231",0.12002450500310481,12.50186761136583,248,11.186924715086386,-0.19943224614478736,8,"KY"
67386,5.6155,"NM",8121,575,"8121_20221231",0.23785385635186773,1.7383720235606162,12,15.627149904123424,1.008076560054481,7,"KY"
242712,4.854240000000001,"NM",8122,3416,"8122_20221231",1.0879397599198104,2.6925278909449277,50,12.955077430106924,-2.4844137050884325,8,"KY"
146488,5.231714285714285,"NM",8126,1434,"8126_20221231",0.9590888655777011,2.3959910147054773,28,17.046825424497055,0.43324769033030547,7,"KY"
3469556,7.642193832599119,"SM",8136,41743,"8136_20221231",0.08168166604564736,2.0214552274547213,454,8.013627852676137,1.3696876784024337,9,"KY"
151459,4.207194444444444,"NM",8140,2406,"8140_20221231",0.3622345551826127,2.7271504867487115,36,9.856489512695159,0.9053512984969992,7,"LA"
1298588,3.597196675900277,"NM",8141,21296,"8141_20221231",0.23103356054629998,2.8239375287944726,361,9.771497986651392,1.759219228962047,4,"LA"
80293,8.029300000000001,"SM",8144,672,"8144_20221231",3.1568579167692685,1.7044228159446644,10,19.618942427171064,0.652493741766298,2,"LA"
1415309,6.180388646288209,"NM",8149,19771,"8149_20221231",0.3568816140160825,2.312635210597032,229,11.375551600589477,1.1472568669116536,4,"LA"
5559387,12.634970454545455,"NM",8152,70432,"8152_20221231",0.16101973587053048,2.1471983827506076,440,8.213639816832211,1.0326942382412772,4,"MA"
366226,3.66226,"NM",8162,8544,"8162_20221231",0.4396243924689746,3.5746801990648356,100,8.02335674688337,0.6918389325913612,4,"MI"
370352,4.9380266666666675,"NM",8165,5227,"8165_20221231",0.054644609673553106,2.618777070708867,75,8.458529682681654,1.174018153908985,4,"MI"
401813,5.151448717948718,"NM",8172,5674,"8172_20221231",0.2219644943683568,2.4826607247611854,78,11.323032231839228,1.0112666059922797,4,"MI"
168005,5.793275862068965,"SM",8183,3367,"8183_20221231",0.03969133067493723,3.746856725685252,29,10.96487842531841,1.3273651065210497,4,"MI"
305797,6.11594,"NM",8188,4926,"8188_20221231",0.010042027745750734,2.378680157570841,50,9.337476069422214,1.3179636233330265,4,"MN"
64121,7.124555555555555,"NM",8190,1219,"8190_20221231",0,2.8425997442293327,9,11.377659156919695,1.1712270661078543,2,"MN"
84963,6.535615384615385,"NM",8191,886,"8191_20221231",0,1.9924447564604018,13,9.060363397958229,0.39893468837406254,7,"MN"
164065,12.620384615384616,"NM",8193,1726,"8193_20221231",0.024478882256576344,2.1145529017712725,13,11.347918399781472,0.9903995938863976,4,"MN"
65941,4.1213125,"NM",8197,1279,"8197_20221231",0.001754324409669836,4.131856671616582,16,9.261878737221114,1.39051052140366,4,"WA"
139874,3.8853888888888886,"SM",81,2179,"81_20221231",0.16571506048599707,2.3683766217364193,36,15.309010274816378,0.48058835181460324,8,"AR"
581176,5.930367346938776,"NM",8200,9214,"8200_20221231",0.024645350695215555,2.3089848481326363,98,8.595138192875465,0.5941602633248896,2,"MN"
167029,5.759620689655172,"NM",8205,2862,"8205_20221231",0.3423673000026135,2.8593633059412533,29,10.043278873107282,0.5591282846444007,4,"MN"
114539,6.737588235294118,"NM",8207,1338,"8207_20221231",0.2477347541317406,1.8685617606955978,17,7.957473945366075,1.165397163069938,2,"MN"
152611,6.936863636363636,"NM",8210,2677,"8210_20221231",0.41235680446642653,2.71763137525861,22,9.344778518538039,0.614466870873611,2,"MN"
170532,7.751454545454546,"NM",8214,2123,"8214_20221231",0,1.6712979517352466,22,9.702865700404576,0.606980443235839,7,"MN"
26621,6.6552500000000006,"NM",8218,437,"8218_20221231",0,4.453299828261726,4,14.021627940961567,-0.17471209676819793,4,"MN"
309602,4.8375312500000005,"SM",8231,4097,"8231_20221231",0.1572197738937775,2.797292629710682,64,9.55131945795241,0.8543277747956592,4,"MS"
474842,5.6528809523809525,"NM",8232,6299,"8232_20221231",1.4917457743971272,2.6252691948913434,84,14.040791102813339,1.7859569518501028,4,"MS"
392055,7.397264150943396,"NM",8234,4436,"8234_20221231",0.9897067763153401,1.8256855702883872,53,11.211202009988664,1.2181379832868626,7,"MS"
1896312,7.378645914396888,"NM",8235,21168,"8235_20221231",0.5942280313479902,2.0579052178237607,257,10.276234002685904,0.9855314404963008,4,"MS"
573794,6.750517647058824,"SM",823,7440,"823_20221231",0.1903700401248328,2.0341915525154706,85,11.2562651252357,1.515282904467525,7,"VA"
183975,5.74921875,"NM",8243,2528,"8243_20221231",1.116212459458321,2.79990963343384,32,12.235545196708882,0.6727164547675074,2,"MS"
188435,4.486547619047619,"NM",8250,3205,"8250_20221231",0.4839419269687638,2.8194610578626103,42,16.287291876321156,0.734127697149223,4,"MS"
176205,5.873500000000001,"SM",8251,2363,"8251_20221231",0.18307525518031378,2.050870517801556,30,11.144102021546477,1.7087797348322082,2,"MO"
1188472,6.909720930232558,"SM",8252,13536,"8252_20221231",0.1478920179970005,2.2445416153609554,172,9.168998863919754,1.1221171210769703,4,"MO"
1300407,6.668753846153845,"SM",8255,14909,"8255_20221231",0.07685581207207313,2.4305243762281172,195,7.468373941494375,0.8951219116580056,4,"MO"
72897,8.099666666666668,"NM",8268,516,"8268_20221231",0,1.537435056622608,9,16.21269333620006,0.9141855214736618,7,"MO"
38279055,12.940856997971602,"N",8273,401620,"8273_20221231",0.09930030983921728,2.0510468647962523,2958,8.456574634245714,0.9962124609168933,4,"MO"
214433,4.4673541666666665,"SM",8274,2974,"8274_20221231",0.4357444028742799,2.3136380758723343,48,9.336403506807093,1.066531837781102,2,"MO"
116885,4.870208333333333,"NM",8276,1541,"8276_20221231",0.340006903693476,2.5208461461447147,24,8.743989847534275,0.8241915413990876,2,"MO"
220071,7.859678571428572,"NM",8282,2627,"8282_20221231",0.5123947078039135,2.1978744487702704,28,8.43676333408388,1.485913409382294,4,"MO"
817248,6.335255813953489,"NM",8283,9382,"8283_20221231",1.5887486617136553,7.284571567541412,129,10.190938214169115,0.27700292921767866,4,"MO"
255661,4.734462962962963,"NM",8295,3772,"8295_20221231",0.5180267039117791,2.440714239553698,54,9.499617611712006,0.922030902688543,4,"MO"
253545,3.728602941176471,"SM",8296,4234,"8296_20221231",0.04336107456626607,2.961312359814112,68,9.102821489967901,1.3743714541216483,2,"MO"
146251,7.31255,"NM",8317,1559,"8317_20221231",1.4386986045817476,1.7174613654049855,20,11.184622692818737,0.7655993350222918,2,"MT"
471646,4.449490566037736,"NM",8321,6315,"8321_20221231",0.14911309280954324,2.33588795360969,106,10.002894604243275,1.2253341406938276,2,"CO"
279424,7.164717948717948,"NM",8322,3544,"8322_20221231",0.3548131381144762,2.1321721714964026,39,11.030806426168402,1.386052556075003,2,"NE"
43748,7.291333333333333,"NM",8323,571,"8323_20221231",0,2.1750446162998216,6,8.80778813324721,0.5623512790005949,2,"NE"
74365,8.262777777777778,"NM",8333,1211,"8333_20221231",0.003928578443890079,2.539335878569367,9,9.440347787805415,-0.002723148395248651,2,"NE"
92832,6.630857142857144,"NM",8383,1271,"8383_20221231",0.38629837276083684,2.0362969676994065,14,10.234908348115896,1.1175428477257745,2,"ND"
415103,7.412553571428572,"NM",8386,4801,"8386_20221231",0.026857512994296725,1.9201371584718927,56,11.356614689956375,1.5826369103099456,2,"ND"
515937,6.369592592592593,"NM",8387,9156,"8387_20221231",0.31652010358839755,2.6427050816578,81,10.401523986006165,1.8749109005330284,2,"ND"
111099,7.935642857142858,"NM",8390,1291,"8390_20221231",0.29288344609060546,2.3519303985834137,14,8.868533361090872,0.911571909359429,2,"ND"
56541,4.038642857142857,"NM",8397,718,"8397_20221231",0,2.9549505587974165,14,12.828530234335645,0.5116944201587269,8,"OH"
87506,9.722888888888889,"SM",8403,830,"8403_20221231",0.15938069216757741,1.7478068706890777,9,21.21173922510113,1.1797138328980556,8,"OH"
1699086,5.85891724137931,"NM",8405,29730,"8405_20221231",0.012650714717822479,2.772305495113745,290,8.938505917857965,0.9654990519943106,4,"PA"
552795,5.9440322580645155,"NM",8421,8042,"8421_20221231",0.18991245795338182,2.4474545454545455,93,8.853488523288156,0.9574545454545456,4,"PA"
1341085,6.325872641509434,"NM",8426,16524,"8426_20221231",0.5308675340720436,2.1185123019739542,212,9.149766268900333,0.9285893386473694,5,"PA"
1439886,6.456887892376681,"NM",8432,19584,"8432_20221231",0.015976049817490998,2.2930555479598143,223,7.477169225336522,1.4045589031506527,4,"TN"
647593,4.260480263157895,"NM",8439,10777,"8439_20221231",0.46185905784759657,2.7245879972524767,152,10.889222707855055,1.1458865720264584,4,"TN"
361769,5.095338028169015,"SM",845,5031,"845_20221231",2.3689624177783126,2.4247022550355544,71,13.005829224337937,1.3517939103558057,8,"WV"
3334965,8.917018716577541,"NM",8468,40266,"8468_20221231",0.2088868990693473,2.1192367202803255,374,9.710637812260348,1.081976710249235,4,"CA"
78975,5.265000000000001,"SM",847,1102,"847_20221231",1.449498053677525,2.6886044837325582,15,9.189495560173814,0.25844358941225176,8,"WV"
163078,5.260580645161291,"NM",8487,1770,"8487_20221231",4.62148061030381,2.278503302937425,31,15.99972350346249,2.072664623350911,2,"IL"
212972,4.346367346938775,"NM",8491,2697,"8491_20221231",0.3699316249974022,2.3509470683184737,49,12.899220660146698,0.7945575455053838,2,"IL"
90094,6.006266666666667,"NM",8499,1368,"8499_20221231",0,2.372453562901407,15,10.848515069636914,1.068253497529055,2,"IA"
77167,7.7167,"NM",8503,884,"8503_20221231",0.1672158559976393,1.8292538382723624,10,12.705834519211221,1.045664181129054,2,"IA"
304254,23.404153846153847,"NM",8506,1287,"8506_20221231",0,0.6307246911425174,13,15.88182082512196,1.2357592904264885,2,"IA"
68200,6.2,"NM",8507,686,"8507_20221231",2.114416880021188,1.5404375465031077,11,10.555869115327283,1.3961541399435882,2,"IA"
136614,7.19021052631579,"NM",8510,1592,"8510_20221231",0,1.925282647878093,19,8.487930716786437,1.415515138274437,2,"IA"
273075,7.380405405405405,"NM",8511,2892,"8511_20221231",0.043911320552640035,1.6625293387530369,37,7.977695658881697,1.4290693365177032,2,"IA"
78832,11.261714285714287,"NM",8513,760,"8513_20221231",1.583094295777205,1.3042758339595724,7,12.997036549226209,1.4902370368483397,2,"IA"
92899,9.2899,"NM",8519,880,"8519_20221231",0,1.7947162318680714,10,10.41080298013245,0.9729193094699686,2,"IA"
130423,10.032538461538461,"NM",8522,920,"8522_20221231",0.00741399762752076,1.1746714927885653,13,13.320494180514428,1.2108982383010736,2,"IA"
686658,6.1308750000000005,"NM",8527,9270,"8527_20221231",0.7950246270254837,2.2249918584868045,112,10.01777010487109,1.3691438171674837,4,"LA"
300671,7.7095128205128205,"NM",8531,2959,"8531_20221231",0.586324950406348,2.0849121568546027,39,9.189461165492634,0.909056304739758,4,"LA"
117936,3.4687058823529413,"NM",8532,2142,"8532_20221231",1.3484652438929334,3.177599576659272,34,12.050135977968996,0.4257152355172016,4,"LA"
172306,6.89224,"NM",8533,2077,"8533_20221231",1.1519501681001587,2.5551940084165747,25,13.458323586299759,1.4207514928968106,2,"LA"
287400,5.86530612244898,"NM",8534,2825,"8534_20221231",0.18686599038974908,1.8480140701505883,49,10.227435664588725,0.7069498460838229,7,"LA"
83141,6.928416666666667,"NM",8535,1107,"8535_20221231",0,2.162516063709646,12,9.017236165709102,0.8835040305307839,4,"MN"
292634,9.754466666666668,"NM",8536,2666,"8536_20221231",0.0310896937665164,1.5583347512903407,30,9.174858927494055,0.8011457092620953,2,"MN"
374064,6.033290322580646,"NM",8537,6579,"8537_20221231",0.1287053779814102,2.7188517845101052,62,8.547839007687836,0.557883237664626,4,"MN"
132160,7.774117647058823,"NM",8541,2545,"8541_20221231",1.4456477822560776,2.8014300044359195,17,10.707627085863704,0.7094379983647376,2,"MN"
317243,5.377,"NM",8544,5202,"8544_20221231",0.10618874507658049,2.5270594217637656,59,9.741621867908506,0.8036103443266017,4,"MN"
283962,7.09905,"NM",8546,3450,"8546_20221231",0,2.0026533577610715,40,9.724981777684045,1.106969626775047,4,"MN"
357316,2.8815806451612906,"SM",8552,8022,"8552_20221231",0.4990918890185018,3.5112647001266684,124,8.318686820268644,0.8870681500479701,7,"MS"
79638,4.684588235294118,"NM",8556,1516,"8556_20221231",3.604451848096376,2.967271147361301,17,13.47547274609306,1.5404136405602762,8,"MS"
98498,3.9399200000000003,"NM",855,1765,"855_20221231",2.5067870112470474,3.472155470540614,25,10.427236454177041,0.7006256501613789,4,"AL"
162064,4.6304,"NM",8560,2854,"8560_20221231",0.08139390511402045,2.7467211804591605,35,9.48330629691538,1.5082629978019018,4,"MO"
114715,6.747941176470588,"NM",8564,1647,"8564_20221231",0,1.9886368622715396,17,19.633210122263293,1.7595838079675359,4,"MO"
240666,6.876171428571428,"NM",8569,3225,"8569_20221231",0.009643589022381162,2.040321790788705,35,9.349717729954582,0.7869149220008578,2,"MO"
121346,4.667153846153846,"NM",8572,1827,"8572_20221231",0.09287638153617535,2.7820156151844206,26,10.505858816804801,1.1242280110627951,4,"MO"
571019,3.884482993197279,"NM",8576,9633,"8576_20221231",0.4703261130882039,2.784549007992352,147,15.015603248876246,0.896305774328876,2,"MO"
64713,4.622357142857143,"SM",8584,1284,"8584_20221231",0.7626096952364931,3.8307764116295924,14,8.234138793000835,0.34699617997125765,8,"MO"
53210,7.601428571428571,"NM",8594,621,"8594_20221231",0.01895518993100311,1.8506814216563787,7,13.804333982278344,1.1013257539918326,2,"MO"
192874,4.8218499999999995,"SM",8595,4335,"8595_20221231",0.7043270718840061,3.3614460256436067,40,9.374175628074424,-0.26802579403965726,4,"NE"
48805,8.134166666666667,"NM",8604,706,"8604_20221231",0,2.3208059720647687,6,11.084152209955922,0.5796667450963615,2,"NE"
347284,6.092701754385965,"NM",861,3751,"861_20221231",0.6432153992137726,1.944148895159674,57,9.483311038073216,1.3689842870580253,8,"AL"
70990,6.453636363636363,"NM",8632,1402,"8632_20221231",0.5056205137465577,2.8193886074156715,11,11.713221063577803,0.45809645748373545,2,"ND"
342836,10.083411764705883,"SM",8637,3849,"8637_20221231",1.9136738780766112,1.8543467583349416,34,11.399955881812277,1.5164823141189463,2,"ND"
119283,6.626833333333334,"NM",8640,1629,"8640_20221231",0.2666804308179347,2.060914775984659,18,10.139458572600493,0.6523759003116908,2,"ND"
181585,5.502575757575758,"NM",8647,2566,"8647_20221231",0.003513456538542618,2.9441972295216874,33,7.595274100022846,0.6848844129976559,4,"OH"
1062292,5.4757319587628865,"NM",8660,16986,"8660_20221231",0.06642311524410495,2.838295664175313,194,10.619160181820437,1.5411797840826864,9,"TN"
45132,2.82075,"SM",8661,658,"8661_20221231",0.3915471871941038,2.8141392911007244,16,13.855585831062669,0.25722991957717556,7,"TN"
12826414,7.300178713716563,"NM",8663,210257,"8663_20221231",0.8619294840258652,2.785778316622184,1757,10.365392329360475,1.0021072002160927,4,"TN"
1245068,8.70676923076923,"SM",8668,18784,"8668_20221231",0.3034993026630352,2.7029433184613074,143,8.218804975155088,0.7139253635424709,4,"VA"
57171,5.197363636363637,"NM",8672,690,"8672_20221231",0.43859649122807015,2.393465909090909,11,9.834386807443765,0.5362215909090909,8,"VA"
68489,13.6978,"NM",8681,635,"8681_20221231",4.882215894382604,1.4714078040639165,5,12.528874866189643,0.5543580504288903,2,"WA"
125298,5.447739130434782,"NM",8693,2476,"8693_20221231",0,3.3257746352363498,23,17.652275847176593,0.8777334621306074,2,"WI"
336853,8.421325,"NM",8695,3967,"8695_20221231",0.044336810730253355,3.027663735381348,40,11.389737431209774,1.6130703378964681,4,"WI"
954617,8.229456896551724,"NM",8698,11301,"8698_20221231",0.06111951479398756,2.0524008715592275,116,8.595957621152246,0.6485405735990651,4,"WI"
110385,5.51925,"NM",8700,1524,"8700_20221231",0.08180543291954501,2.423665400230601,20,12.471557252195497,0.9448493942646555,4,"WI"
590521,4.158598591549295,"NM",8714,10672,"8714_20221231",1.6152326633668828,3.025311418720068,142,9.173086575288938,1.0385673762589893,2,"WI"
276555,6.913875,"SM",8718,7119,"8718_20221231",0.004291734976781714,8.79465105026945,40,10.288583845664617,1.687883388669214,4,"WY"
72876,12.146,"SM",8724,497,"8724_20221231",0,1.3441593690492943,6,11.260084910202355,1.5495170504318254,2,"WY"
50322,3.145125,"SM",8725,1148,"8725_20221231",0.49356467595580694,3.7678063738259326,16,10.049360599188123,0.7498399845194326,4,"WY"
26441420,4.063534654986937,"SM",8728,609439,"8728_20221231",0.5749473750353451,4.180128868093813,6507,8.447693038445928,0.5435627964947681,4,"AR"
258758,5.390791666666666,"NM",872,3211,"872_20221231",1.6124656763820424,2.3447353040696424,48,14.681077318690667,2.3889538281706604,4,"GA"
122824,6.464421052631579,"SM",8730,1616,"8730_20221231",1.066951639441589,2.6597982971680247,19,10.304923472843019,1.7506978244708458,4,"AR"
222097,5.047659090909091,"NM",8735,3688,"8735_20221231",1.0453021478184252,3.0089316451822667,44,11.03356822491661,1.0609914699919671,4,"AR"
530554,6.09832183908046,"SM",8738,5994,"8738_20221231",0.751741547900556,1.715263960270768,87,11.031799977782004,1.3346909265462563,4,"AR"
59629623,12.343122127923825,"SM",873,620972,"873_20221231",0.2979832050323009,1.871647657707028,4831,9.055602151324054,1.3455656787635177,4,"GA"
733792,7.124194174757282,"NM",8745,10458,"8745_20221231",0.33568016332866263,2.6241058366076464,103,11.400603186059701,1.3629503651858241,4,"IN"
258491,7.602676470588235,"NM",8751,2602,"8751_20221231",0.010315375410895788,2.146097918973045,34,9.253410595391138,0.9037633873595959,2,"IA"
234763,5.589595238095238,"NM",8752,3455,"8752_20221231",1.6875083046668535,2.463596969329942,42,10.438578741394824,0.7923210464693772,2,"IA"
59663,4.971916666666667,"NM",8758,1073,"8758_20221231",11.770078042840538,2.263523808626209,12,8.045958540896674,0.8560863814720916,2,"IA"
149663,6.802863636363637,"NM",8760,1606,"8760_20221231",0.4940108930435411,1.91375753130762,22,11.14971902875168,1.1076762788657286,2,"IA"
346622,5.874949152542373,"NM",8761,5087,"8761_20221231",0.20590510894252126,2.4933276529993855,59,9.559030712876867,0.6986460117568887,2,"IA"
131355,7.297499999999999,"NM",8762,1673,"8762_20221231",0.12401979149172557,2.15928829142869,18,9.801268822135595,1.7995310493589913,8,"KY"
140160,6.093913043478261,"NM",876,2270,"876_20221231",2.1175601159683928,2.6386986418062004,23,17.720985094899383,1.1142232126428557,2,"GA"
386869,9.435829268292684,"SM",8772,3054,"8772_20221231",0.11522841315256241,1.5007459313429639,41,15.243519763731772,1.1945352364380275,8,"KY"
1401549,5.767691358024691,"NM",8774,16455,"8774_20221231",0.28016680438219527,2.1318981698948836,243,9.879892649262835,1.1893963700200219,4,"KY"
177083,4.918972222222222,"NM",8775,2579,"8775_20221231",0.03509085779945919,2.4490077983382683,36,9.472040969890275,1.969518969577444,2,"KY"
220902,5.259571428571429,"NM",877,1574,"877_20221231",0.8723186291248874,2.829158361682677,42,10.121947351009885,1.1366276020201718,8,"GA"
523769,5.572010638297872,"NM",8785,8025,"8785_20221231",0.006210868542189713,2.875064222492031,94,9.378097338795154,0.9449811412770176,4,"KY"
462604,3.4015,"NM",8798,7979,"8798_20221231",0.4118643177820368,2.8899454708769463,136,12.704098932041083,1.171922127074897,4,"LA"
71124,4.44525,"NM",8799,1022,"8799_20221231",1.8775851652181996,2.3885126985284626,16,17.965014037577514,0.4866787471458465,7,"LA"
182652,4.806631578947369,"NM",879,3583,"879_20221231",0.24502257799671592,3.1713282659616024,38,12.754865300106449,1.5735641227380015,8,"GA"
932149,5.937254777070064,"SM",8810,12256,"8810_20221231",0.28346375992696293,2.35771885779388,157,9.334083017060511,1.1774533944784225,4,"DE"
807397,6.163335877862596,"NM",8811,9853,"8811_20221231",0.39975952570117396,1.9798207030040487,131,9.028204049378243,1.162105658165217,4,"MD"
580265,6.307228260869565,"NM",8813,7690,"8813_20221231",0.19274956998988985,2.4965539050198258,92,9.751114628327535,0.8595087355378052,4,"MD"
650619,6.638969387755102,"NM",8816,7854,"8816_20221231",0.04658681686256423,1.9924604703518194,98,11.26607800049625,1.0645997174565043,4,"MD"
195449,9.772450000000001,"NM",8821,2153,"8821_20221231",0.01736683975616957,1.718845193454552,20,10.502087627503832,1.7209903980641674,2,"MN"
63130,5.739090909090909,"NM",8822,815,"8822_20221231",3.5445680799069965,2.181274547393586,11,10.121760537609369,1.0390857334334294,2,"MN"
221467,6.513735294117647,"NM",8824,2854,"8824_20221231",0.01591891963598737,2.228234846061834,34,11.577464274966488,1.2571663101614163,8,"MN"
122291,13.58788888888889,"NM",8827,944,"8827_20221231",0,1.5790914785322325,9,9.749974277189011,1.059604139395144,2,"MN"
141914,8.347882352941177,"NM",8831,1127,"8831_20221231",0.3475942491216705,1.4487965746985252,17,10.253274109678204,1.0653130011846514,4,"MN"
90099,4.7420526315789475,"NM",8833,1667,"8833_20221231",1.8718947540295305,2.8411491580469157,19,11.285202252944188,1.333787064549356,2,"MN"
65732,5.975636363636363,"NM",8840,773,"8840_20221231",0.06270757368139908,2.029948916670119,11,10.18793772358543,1.185464673471404,2,"MN"
132260,9.447142857142856,"SM",8842,1156,"8842_20221231",0.3229015006270632,1.8393381420406478,14,7.205016636805733,1.2553368905009046,4,"MN"
542536,8.75058064516129,"N",8843,6477,"8843_20221231",0,1.8608655996387435,62,9.836568150132482,0.940771976992257,4,"MN"
64239,8.029875,"NM",8845,605,"8845_20221231",4.115531840853729,1.7405810937213722,8,10.943748541196607,1.9848731770506876,2,"MN"
87488,6.729846153846154,"NM",8848,1026,"8848_20221231",0.03861817160511164,2.466371313922035,13,7.367434229800199,0.9349268003937017,2,"MN"
399856,3.099658914728682,"SM",8850,12110,"8850_20221231",0.22087740406198936,4.683287795207085,129,10.34067995369545,1.1672482369277317,4,"MN"
1082644,6.6419877300613495,"NM",8851,15983,"8851_20221231",0.2873996059552572,2.040303790785453,163,9.964344871600957,1.4510354587567162,4,"MN"
486051,7.594546875,"NM",8853,6408,"8853_20221231",0.3825905770999811,2.2023311715740244,64,8.730738257273876,1.4962111252287997,4,"MN"
48976,6.996571428571428,"NM",8857,541,"8857_20221231",0.42457260943077213,2.5365728082945704,7,10.719574221516407,0.3595142562937187,8,"MN"
68587,6.858700000000001,"NM",8858,807,"8858_20221231",0.011639004632323844,2.089885079421793,10,11.209048361934478,1.104235520961994,2,"MN"
142279,4.742633333333333,"NM",8863,2615,"8863_20221231",0.7355206790644971,3.4082606266385866,30,9.488925893897271,0.6153206974112119,4,"MN"
86377,5.3985625,"NM",8865,1341,"8865_20221231",0.17627246687021939,3.3749871464036865,16,8.682689872689183,1.2351693981578962,6,"MN"
2576574,6.346241379310345,"N",8866,40615,"8866_20221231",0.45245555046105257,2.574131957355616,406,10.050368703958378,1.2240347218542151,4,"MN"
216517,5.155166666666666,"NM",8867,4211,"8867_20221231",0.38652135690114975,3.041271982800043,42,10.871665304302594,2.1466970919485435,2,"MN"
2402492,5.831291262135923,"SM",8870,31709,"8870_20221231",0.7516165147861807,2.7991676950800084,412,9.601941996529707,1.2042085744501794,4,"MS"
4608467,5.266819428571428,"NM",8879,72558,"8879_20221231",0.3317450314447197,2.6074453978873144,875,8.206320440404314,0.8691702606028747,4,"MS"
2197585,4.983185941043084,"SM",8888,56501,"8888_20221231",0.3217960885452252,3.6263636173152403,441,8.678711139472767,1.341477442559271,4,"MO"
911132,6.850616541353384,"NM",8889,13597,"8889_20221231",0.512380704077502,2.581011480792211,133,9.686369145435176,0.8206415403629385,4,"MO"
948158,7.023392592592593,"NM",8892,10019,"8892_20221231",0.27833168657744245,2.0311406461875245,135,8.843692354632955,1.1788033348985083,4,"MO"
40645,5.080625,"NM",8893,580,"8893_20221231",0,2.5335503485551087,8,10.78266542872199,1.4382376726141122,4,"MO"
127384,5.09536,"NM",8896,1777,"8896_20221231",0.02640327400597674,2.4450435062744464,25,8.17056054837434,1.3608057550458463,4,"MO"
358884,5.201217391304348,"NM",8898,5886,"8898_20221231",0.011322273848063473,2.6823671001457763,69,8.513309017016942,0.6680937096493049,4,"MO"
162018,4.378864864864865,"NM",889,2546,"889_20221231",0.09229211944386556,3.6906512750783915,37,10.017987118901948,1.5449399228570635,4,"GA"
812412,6.154636363636364,"NM",88,12147,"88_20221231",0.05282707936022752,2.564554002783788,132,10.988612397728463,1.3458690209240434,4,"AR"
745123,5.8212734375,"SM",8903,9411,"8903_20221231",0.4493797034987983,2.139046358058002,128,9.644815796266931,1.4301370690415658,4,"MO"
1332650,7.747965116279071,"NM",8904,17828,"8904_20221231",0.028070956452919318,2.4422822937404205,172,9.942239085284445,1.719651724156205,2,"MO"
726776,11.722193548387098,"NM",893,4636,"893_20221231",0.360436110877547,1.0637974447875942,62,18.456711336542412,2.309064635783897,4,"TN"
896699,3.932890350877193,"NM",8941,23530,"8941_20221231",0.0033007614196442834,3.8199155050123377,228,10.415569366901927,1.662470749984066,2,"ND"
322767,10.08646875,"NM",8942,3167,"8942_20221231",0,1.680518905269393,32,10.04291422088492,1.1963346177801824,2,"ND"
238973,7.241606060606061,"NM",8943,2633,"8943_20221231",1.7844983748088954,1.8491941779094911,33,8.587602359397618,0.8259417376467093,2,"ND"
40198,6.699666666666666,"NM",8946,660,"8946_20221231",0.09195402298850575,2.2839758434364072,6,6.823210657033191,0.5448848930663397,2,"ND"
112176,3.7392,"NM",8975,1921,"8975_20221231",0.34286527244273723,3.0620288579308803,30,8.811188811188812,1.4728403902801552,4,"OK"
332437,6.518372549019608,"NM",8980,3713,"8980_20221231",1.8461296742432176,1.9136348054275054,51,13.489553285924261,2.1978461272237206,8,"OK"
235011,4.196625,"NM",898,3851,"898_20221231",1.2038018148646819,2.948524555271955,56,12.634835400773623,0.8881047178082099,4,"MS"
89091,6.853153846153846,"NM",899,1035,"899_20221231",1.1412075756758215,1.9786385570554719,13,11.395399283139312,0.8060716062094784,2,"IL"
982396,5.037928205128206,"NM",89,19377,"89_20221231",0.014833742457520468,3.2846881799470102,195,10.877951540561426,0.7204889017736023,4,"AR"
202556,9.64552380952381,"NM",90040,2322,"90040_20221231",0.35726056291608993,2.117654676597782,21,7.646929746225014,0.778484589242687,4,"CO"
135433,11.286083333333332,"NM",9005,1082,"9005_20221231",1.8572405349107157,1.500579623030355,12,11.292403538409996,1.0855409099365994,2,"SD"
141159,6.416318181818181,"NM",9007,2014,"9007_20221231",0,2.5157290135237553,22,9.804655178616398,1.3377651560117247,2,"SD"
931600,7.828571428571429,"SI",90140,11235,"90140_20221231",0.1770573829887392,2.1264271052064534,119,9.682958119292625,0.6624638289297028,5,"MA"
1636249,8.060339901477832,"SI",90141,31737,"90141_20221231",0.3850106224153738,2.9873058007379534,203,11.167202498200748,-1.2330776714426073,4,"MA"
582843,7.377759493670886,"SI",90146,8041,"90146_20221231",1.1755498410771614,2.652450981438893,79,12.016130252800345,0.21994025312347185,5,"MA"
1398628,8.17911111111111,"SM",90169,21882,"90169_20221231",0.14764796291163798,2.552013171680886,171,9.752893394092348,0.6182746698558496,4,"MA"
1609978,9.415076023391814,"SM",90173,20758,"90173_20221231",0.4209963580473788,2.3450662131902082,171,8.557327668368831,0.8129361571301419,4,"MA"
831740,8.235049504950496,"SI",90175,15036,"90175_20221231",0.5037129158664829,2.6907453051908243,101,11.582412772719056,1.1333957873713372,4,"MA"
693626,6.867584158415841,"SI",90181,10366,"90181_20221231",0.3889072065021789,2.49334935805535,101,11.21766768960982,0.5622938934822803,4,"MA"
6204550,13.06221052631579,"NM",90183,69165,"90183_20221231",0.17932042944549198,1.8132298052029379,475,11.982160064047353,0.4382740873750235,4,"MA"
1738869,6.636904580152672,"SM",90188,21110,"90188_20221231",0.15870181485170737,2.077989155031172,262,10.214928684143429,1.102681474997877,4,"MA"
1307758,12.821156862745099,"SM",90190,14395,"90190_20221231",0.03845472496230141,2.1920401120996287,102,10.557398538250457,1.0274368008285015,4,"MA"
584519,7.898905405405405,"SI",90191,9480,"90191_20221231",0.09742462220896499,2.654205329579168,74,11.524459919978156,0.47965433736726765,4,"MA"
2820893,5.01938256227758,"SI",90196,63766,"90196_20221231",0.1932761257987177,4.073670835803588,562,8.259922629495886,0.016800120132802163,4,"MA"
927993,11.897346153846154,"SI",90203,8650,"90203_20221231",0.3431862217087284,1.8501298558515387,78,20.987390735035085,0.2021423142198478,5,"MA"
1078877,6.200442528735632,"SI",90206,17113,"90206_20221231",0.32799101763200955,2.8419415169430686,174,11.813169761523744,0.7861966217274278,5,"MA"
945137,8.00963559322034,"SI",90208,13548,"90208_20221231",0.09948373759570807,2.5973186052527812,118,12.00927366549942,0.5939957453328009,4,"MA"
4193934,47.12285393258427,"SI",90211,15831,"90211_20221231",0.03174124773785911,0.6878324478232064,89,9.499478590202418,0.9704717813582611,4,"MA"
3668204,11.871210355987056,"SI",90213,37887,"90213_20221231",0.4364819058665871,2.147835304074044,309,9.839226313796983,0.9492878502436136,4,"MA"
2485908,9.488198473282443,"SI",90215,34415,"90215_20221231",0.22553434270603073,3.179401947068756,262,8.287646646948206,0.43002433314526106,4,"MA"
1657767,7.970033653846154,"SI",90227,22764,"90227_20221231",0.12052690708811345,2.1223093134094952,208,11.363397728948533,0.9446579115011181,4,"MA"
275933,6.569833333333333,"SM",90229,4144,"90229_20221231",0.5050327920597621,2.6255333114538892,42,9.877887282215662,0.4769035116508041,4,"MA"
280576,6.0994782608695655,"SM",90234,5135,"90234_20221231",0.13855750136306566,2.8542274800238734,46,7.952493060191855,0.35144950391550794,8,"MA"
1463645,8.086436464088397,"SI",90235,18877,"90235_20221231",0.35808506734656437,2.3468615510002397,181,11.11887651453944,0.7285444304191083,4,"MA"
754110,6.28425,"NM",9023,11249,"9023_20221231",0,2.6805487779448933,120,10.080113149234805,1.0672367261585922,4,"WV"
631830,6.7938709677419356,"SI",90245,8313,"90245_20221231",0.12723446933196986,2.55318695126113,93,8.817501705248732,0.8896808653657224,4,"MA"
185248,4.308093023255814,"NM",9024,2845,"9024_20221231",0.4641049671977507,3.1168102962064936,43,9.885531453478123,1.0288978472543924,5,"WV"
4869275,25.900398936170216,"SI",90250,34492,"90250_20221231",0.01838060189092119,1.2323342431837896,188,11.041439550302837,-0.3888970096254042,5,"MA"
1537046,8.635089887640449,"SI",90251,26463,"90251_20221231",0.0245500756126937,2.814584749323306,178,9.416719586468764,0.4879071826025597,4,"MA"
922461,5.33214450867052,"SI",90253,22723,"90253_20221231",0.29010632876103687,3.9580384225357417,173,14.504579023163695,1.4928439715055328,4,"MA"
383177,6.180274193548388,"SM",90258,6390,"90258_20221231",0.3188410344097323,3.054424850473126,62,11.491726432212909,0.33852010294993723,5,"MA"
1458969,8.433346820809248,"SI",90259,14567,"90259_20221231",0.19537817888750914,2.394478942419038,173,8.787404792604649,0.7969585574484892,4,"MA"
493384,7.25564705882353,"SI",90268,6922,"90268_20221231",1.0769095785060598,2.1589080538251078,68,9.273530273327475,0.5735388695111151,8,"MA"
1503686,8.592491428571428,"SM",90282,24347,"90282_20221231",0.6312811921796224,2.8623534689578496,175,8.813316897366168,0.5235434530764136,4,"MA"
2501503,9.547721374045802,"SI",90290,27987,"90290_20221231",0.12359149813080407,2.129424049564118,262,8.184498173342778,0.8308737887671187,6,"MA"
719795,6.790518867924528,"SI",90291,12214,"90291_20221231",0.4554867016725533,2.864696765006976,106,10.919319391267088,0.5255398840965523,5,"MA"
1130141,8.249204379562045,"SI",90297,17198,"90297_20221231",0.37884475172696275,2.763309148583976,137,11.929734738542413,0.8290387920530894,4,"MA"
334546,4.993223880597014,"NM",902,5334,"902_20221231",1.1347357679703292,2.6554835170641384,67,10.204069460556413,0.9837103035491342,4,"IL"
2550802,8.228393548387098,"SB",90300,30947,"90300_20221231",0.2850256101235312,2.149302967667487,310,9.494013704562876,1.1243037342559932,4,"MA"
2111040,10.247766990291263,"SM",90303,23751,"90303_20221231",0.24749384673895103,1.9917171718712576,206,9.204288824235519,0.9844415240495283,4,"MA"
685436,9.26264864864865,"SI",90308,10336,"90308_20221231",0.23746905372347069,2.339547826430789,74,12.001520663442019,0.6156623513668137,4,"MA"
160308,5.527862068965517,"NM",9030,1628,"9030_20221231",0.1504607861576077,2.502527167045742,29,9.725614410013739,0.8598685873136215,8,"WV"
500594,6.586763157894737,"SI",90311,7515,"90311_20221231",0.4038740081570382,2.715101135828567,76,9.360061337654482,0.4998678807072058,4,"MA"
92312,6.593714285714285,"NM",9035,710,"9035_20221231",0.1583517496998277,1.5003700764230108,14,11.223737782556691,0.6097343475508075,4,"WI"
120707,7.5441875000000005,"NM",9036,2288,"9036_20221231",2.7795723492428657,2.4939167005064955,16,19.637105956602362,1.7360619253131364,4,"WI"
471862,6.291493333333333,"NM",9037,6836,"9037_20221231",0.458123541191719,2.229017701231751,75,12.1251698180076,1.0949833123211916,2,"WI"
364726,7.598458333333333,"SM",90384,3280,"90384_20221231",0.5235442729735488,1.8775835449972609,48,16.156961876801564,1.2110496870694092,5,"PA"
1103928,7.215215686274511,"NM",903,17001,"903_20221231",0.030545275354688022,2.8162580132054518,153,10.22701519026834,0.6135828330840992,4,"IL"
489452,6.89369014084507,"NM",9047,6716,"9047_20221231",0.04488866375919909,2.091038606199615,71,12.17461693394182,1.3673681728465499,2,"IA"
3640409,2.4647318889641165,"NC",90544,233818,"90544_20221231",0,11.033056712177777,1477,17.657339103576135,0.891964012671157,9,"NY"
132305,10.177307692307693,"NM",9057,1127,"9057_20221231",0.5154765103950358,1.9934600665200894,13,12.083010085337472,0.5620255334298062,5,"AL"
417681,5.2210125,"NM",9064,7968,"9064_20221231",0.1444144052426577,3.443331947286298,80,9.153052305225694,1.2379218351811672,4,"GA"
346344,4.440307692307692,"NM",9068,5269,"9068_20221231",0.0366619949694174,2.742886872589902,78,10.159130963840624,1.1600458948438312,4,"GA"
249650,7.1328571428571435,"NM",9069,2576,"9069_20221231",0.9000378728807896,2.074862999771975,35,10.869014813211168,0.6075179106652322,4,"GA"
70153,2.9230416666666668,"NM",9070,1845,"9070_20221231",0.6269247690277167,4.3721090709133446,24,8.577294915899541,0.8207812651622154,4,"GA"
311791,5.668927272727273,"NM",9079,3600,"9079_20221231",1.3655170673865327,2.2944573540679167,55,8.368734716499633,0.7768858210782849,4,"IL"
317162,6.099269230769232,"NM",9080,4192,"9080_20221231",0.059133327173611756,2.441155670159622,52,8.092597570657848,1.0931597025480813,4,"IL"
8334906,7.241447437011296,"SM",9087,104762,"9087_20221231",0.45675233363634976,2.2591389238718054,1151,11.697948504621278,1.5149849061181258,4,"IN"
137585,17.198125,"NM",9096,1070,"9096_20221231",0.3049419213668847,1.5625882929095694,8,14.232023991258998,1.4213196375988095,2,"IA"
567271,7.563613333333333,"NM",9099,6023,"9099_20221231",0.1189089751795001,1.8691124002714026,75,10.915024313087333,1.424483094522591,8,"IA"
246218,6.3132820512820516,"SM",90,3279,"90_20221231",0.6071970711670684,2.3742649801106395,39,9.699003432665847,1.379197988782736,4,"AR"
360036,6.546109090909091,"NM",91005,5490,"91005_20221231",0.023003635852444457,2.4161330983818443,55,14.526935680989823,1.7970907142575063,4,"CO"
804298,7.181232142857143,"NM",9100,7106,"9100_20221231",0.06715124022439042,1.6002060126842108,112,9.937188848734136,1.6141392377033068,2,"IA"
166876,9.816235294117647,"NM",9105,1428,"9105_20221231",0,1.6206728832378576,17,13.721464535366866,1.4020447868253234,2,"IA"
64172,9.167428571428571,"NM",9106,674,"9106_20221231",0,1.7088142953093517,7,10.849174197569337,1.082457318692304,2,"IA"
45143,4.5143,"NM",9120,797,"9120_20221231",0.09618964875263745,3.080332089921764,10,8.82308177331333,0.7530617634436998,2,"ND"
95450,6.817857142857143,"NM",9121,1321,"9121_20221231",0,2.6346340902197443,14,8.744258872651358,1.3554925688466808,2,"ND"
1761840,6.648452830188679,"NM",9123,31081,"9123_20221231",0.7658718924098273,2.681611258908522,265,12.574199137458,2.248308814957963,4,"ND"
291459,3.834986842105263,"SM",91280,9622,"91280_20221231",0.9692614603678598,5.743656149267891,76,8.090736975946458,-0.7305512372629603,7,"AR"
47355,5.9193750000000005,"NM",9128,632,"9128_20221231",0,2.1928353402877936,8,9.031930855222841,0.4444369905745815,2,"ND"
342946,1.1281118421052632,"N",91325,97829,"91325_20221231",0,25.43848466759252,304,70.31188556195067,14.900940279791767,7,"GA"
378747,6.644684210526316,"NM",9137,5915,"9137_20221231",0,2.790868669568524,57,10.22670782005408,1.4383623087985284,4,"OH"
1158800,6.7372093023255815,"SM",9139,13237,"9139_20221231",0.040814829813319985,2.007337356857355,172,8.694660647242904,1.1902900971881034,4,"OH"
154522864,6.611452336128701,"SM",913,2581544,"913_20221231",0.2331201121927113,2.9578100791580035,23372,6.902991067422237,0.8090695809367658,1,"IL"
707197,4.2347125748503,"NM",9155,17956,"9155_20221231",0.12812992944311885,4.138810033510441,167,8.016294669557166,0.9130792011555444,4,"SC"
404813,5.124215189873418,"NM",9168,5677,"9168_20221231",1.5582810350282152,2.378266297271613,79,13.56341887650494,1.241666132643425,4,"TN"
1042457,9.144359649122809,"NM",9172,10373,"9172_20221231",0.01296783158745369,1.736811736188528,114,10.071248899326344,1.367898585273632,4,"TN"
1141295,5.486995192307693,"NM",9176,13885,"9176_20221231",1.7909858840688093,2.159961526980863,208,13.49189900337016,2.8218432340166895,5,"TN"
103146,7.9343076923076925,"NM",9179,1352,"9179_20221231",3.8853079183646964,2.3398838639549187,13,13.728616281458153,1.6619468520266598,8,"TN"
52952,1.5574117647058823,"NM",9189,2687,"9189_20221231",0.6816110807362857,10.502492647212199,34,8.247083631579965,-1.2637060831716764,8,"TN"
130931,4.676107142857143,"NM",9196,2027,"9196_20221231",0.17569368714406883,2.834454854274401,28,8.365695035792822,0.3376926857464322,7,"TN"
2029367,7.71622433460076,"NM",9204,28224,"9204_20221231",0.06994541642736743,2.0326222894940127,263,12.088417403321618,1.257786084851031,4,"UT"
375354,5.774676923076923,"NM",9244,3947,"9244_20221231",0.688251209054327,2.131484334874165,65,9.506519522795973,1.4755606916623867,8,"GA"
394613,7.174781818181819,"NM",9245,3884,"9245_20221231",1.0562812449604904,2.3720184471957286,55,8.795159490101627,0.4173760682347885,7,"GA"
191782,5.327277777777778,"NM",9259,2096,"9259_20221231",0.6485334155237068,1.8370912669043935,36,12.836262128407563,0.5156470766332504,2,"IL"
109133,4.547208333333333,"SM",925,1943,"925_20221231",0.16721609096555348,3.1322636821358043,24,10.66881297973735,1.1722080136402386,4,"IL"
592719,5.754553398058253,"N",9263,8355,"9263_20221231",0.0387003058914589,2.2178629944041,103,8.962681846932322,0.9611177609043835,2,"IL"
125953,8.996642857142858,"SM",9265,1004,"9265_20221231",1.9862951119232526,1.602884398803349,14,12.467707431177041,1.354639561185611,2,"IL"
546694,6.0076263736263735,"N",926,6463,"926_20221231",0.5327503235453026,1.8508004591850356,91,9.529758641852775,0.7953867922009736,7,"IL"
86248,5.073411764705883,"NM",9273,1061,"9273_20221231",0.24126530247520328,2.026908350019321,17,10.452325528321694,1.0163815411997517,8,"IL"
52613,8.768833333333333,"NM",9274,481,"9274_20221231",0,1.7279791338368746,6,12.753083966983944,1.1012697205165825,2,"IL"
1045354,9.503218181818182,"SM",9288,9780,"9288_20221231",0.46853686856730586,1.818500169438944,110,8.930747374358749,1.9307369783627035,2,"IN"
44338,7.389666666666667,"SM",9295,569,"9295_20221231",0,1.8070358956960977,6,10.576395242451966,0.742133386107263,7,"IA"
593725,7.611858974358975,"SM",9298,8330,"9298_20221231",0.39009101319992767,2.2520213755269514,78,12.771360335331677,1.191753967041596,4,"IA"
303001,8.91179411764706,"NM",9299,2472,"9299_20221231",0.7561241154055525,1.4551106232644098,34,8.54823065924067,0.8153813872965904,2,"IA"
133063,11.088583333333334,"NM",9300,1309,"9300_20221231",0.044914502037193486,1.4518650882287245,12,18.681392285422977,1.5871720417174964,2,"IA"
187608,6.2536000000000005,"NM",9306,2342,"9306_20221231",1.504115102727382,2.4425331528290024,30,9.120236324177904,1.4703964769851676,2,"KY"
296662,4.708920634920635,"SM",9309,4121,"9309_20221231",0.8139579240496673,2.5407815984039432,63,11.505589817239729,1.1204153061294932,4,"KY"
191649,6.608586206896552,"NM",9310,2149,"9310_20221231",0.5518304832198485,2.632817249793872,29,10.20364229075793,0.8172248086548792,8,"KY"
149804,3.7451,"NM",9313,2306,"9313_20221231",0.7230281051677244,3.0893075453800605,40,12.742043695737374,1.357589448409016,8,"KY"
1453555,6.547545045045045,"NM",9314,17997,"9314_20221231",0.07698852547186952,2.2295505304299272,222,11.585185367899163,1.4958123953098827,4,"KY"
156842,6.032384615384616,"NM",9315,1918,"9315_20221231",0,2.0827825824238073,26,14.421811000585139,0.9076374988984982,8,"KY"
462319,5.7789875,"NM",9319,6836,"9319_20221231",0.958828648299097,2.682453175639155,80,11.138080500507495,0.6257490722719883,4,"LA"
59038,5.367090909090909,"NM",931,871,"931_20221231",0.1644736842105263,3.0573830927601167,11,7.2853677701479285,0.007089583983211865,2,"IL"
219512,4.479836734693878,"NM",9320,4370,"9320_20221231",0.26814322180898204,3.199954292845016,49,11.182600404113789,0.7119070766284081,4,"LA"
548771,6.3810581395348835,"NM",9322,8801,"9322_20221231",0.31375439148820466,2.7965676173693907,86,11.894232918560466,1.2343661429196253,4,"LA"
160845,4.874090909090909,"NM",9323,2531,"9323_20221231",0.9558243744831432,2.7485186595820403,33,12.5314849653431,0.759245499784589,7,"LA"
663283,34.90963157894737,"NM",9325,2197,"9325_20221231",1.281265560960662,1.2528328493008107,19,8.829474709432581,1.7895213953566451,7,"LA"
286836,4.945448275862069,"NM",9326,4677,"9326_20221231",1.223750401834974,2.706058420184232,58,9.299045697402692,1.2170871714935592,4,"LA"
461368,5.49247619047619,"NM",9327,6710,"9327_20221231",1.797683970382552,2.628593407952731,84,10.099983336110649,1.5162096969702443,4,"LA"
86351,6.642384615384615,"NM",9328,1212,"9328_20221231",2.9338273306910216,2.765346367933366,13,13.596005746449682,0.8775112831349448,4,"LA"
108020,5.401,"NM",9330,1857,"9330_20221231",0.0917462367052907,2.4686264980352712,20,10.652029957376957,1.180156048087827,2,"MN"
98509,8.209083333333334,"NM",9332,1289,"9332_20221231",3.2493055919501073,1.8742362046814776,12,12.654801935536783,0.7344185755021464,7,"MN"
62070,15.5175,"N",9336,294,"9336_20221231",0.17090730415091115,1.1683039978168919,4,25.817593428135794,1.9727566289170877,4,"MN"
116348,7.7565333333333335,"NM",9337,1371,"9337_20221231",0,1.9780005283642415,15,7.7117991437774815,0.7286041929236211,2,"MN"
78487,6.037461538461538,"NM",9340,1127,"9340_20221231",0.03324267150196434,2.4122840340986795,13,13.820617579630886,0.6989925390144205,8,"MN"
40269,8.053799999999999,"NM",9349,312,"9349_20221231",0,2.143612279000882,5,8.537038758248908,0.29961853445125963,2,"MN"
45643,4.5643,"NM",9351,640,"9351_20221231",0.8752040631235263,2.5828613383679464,10,9.486397258556563,0.8325466750576884,8,"MN"
33315,4.759285714285714,"NM",9354,471,"9354_20221231",0.03345824411134903,2.2185070344316915,7,12.475355637113653,0.5929516845612736,2,"MN"
231725,4.213181818181818,"NM",9356,3508,"9356_20221231",0.6046193366013438,2.4368832505873392,55,9.882668287140127,1.2708710124417968,7,"MS"
771444,9.524,"NM",9359,8601,"9359_20221231",0.46713591844987046,1.9988548972660674,81,13.63337538191963,1.2424364663170633,8,"MS"
467010,3.433897058823529,"NM",9366,14783,"9366_20221231",3.322807271285813,5.78643406475305,136,11.455325535489976,3.430465337408785,4,"MS"
454772,5.413952380952381,"SM",9369,6812,"9369_20221231",0.37080328417660113,2.4208611480288096,84,11.467731530696614,2.224102968887843,2,"MO"
332117,5.629101694915255,"NM",9378,5006,"9378_20221231",0.11500904959028027,2.806909433542536,59,10.729972875083286,2.1468925831365535,2,"MO"
115167,6.398166666666667,"N",9385,1052,"9385_20221231",0,1.6857370796585904,18,11.538018985521143,0.6739305450823105,2,"MO"
172631,3.384921568627451,"NM",9388,3769,"9388_20221231",1.5433119118844694,3.771207141588204,51,12.288556645688898,1.2119159708651626,8,"MO"
198121,5.354621621621622,"NM",9392,2468,"9392_20221231",1.1300532018174052,2.188103365096503,37,15.23208220408699,1.300272241353089,4,"MO"
57451653,15.271571770334928,"N",9396,523276,"9396_20221231",0.6313965956297558,1.993376335690199,3762,9.604059097735995,1.1873761660902764,4,"NJ"
62991,4.499357142857143,"NM",93,995,"93_20221231",0.0562971034232271,2.8752119953717648,14,8.938416238566596,2.561379594553898,4,"AR"
30429,3.8036250000000003,"SM",9406,505,"9406_20221231",0.974025974025974,3.866122448979592,8,7.590958539828358,0.7575510204081632,8,"NY"
542205,5.4768181818181825,"N",9410,7442,"9410_20221231",0.9652586653902916,2.7166198681868123,99,11.76625484714582,1.2838757523136548,4,"NY"
45155,7.525833333333334,"NM",9417,617,"9417_20221231",0,2.1044476561119594,6,12.656962143056461,1.6808397856136426,2,"ND"
259560,5.899090909090909,"NM",9420,3690,"9420_20221231",2.7128456778186036,2.4841110920994014,44,9.69749178928261,1.0027392276826934,2,"ND"
59880,5.443636363636364,"NM",9422,1038,"9422_20221231",0,3.4483482202186515,11,10.465400888142943,0.563067001475865,2,"ND"
4229093,9.881058411214953,"NM",9423,49634,"9423_20221231",0.2162776389638763,2.3515911078443503,428,9.439705103012283,1.8389950409611875,4,"ND"
854662,5.275691358024692,"NM",9437,11035,"9437_20221231",0.4961103035309635,2.4472167528687794,162,10.017625631585132,1.0337556375799115,8,"OH"
20474,4.0948,"NM",9438,304,"9438_20221231",0,2.761423910467893,5,9.689958786062196,0.2961923336310446,8,"OH"
67915,4.527666666666667,"NM",9439,808,"9439_20221231",0.9602589462326919,2.5574244677911495,15,12.621052631578946,0.5144244619120129,8,"OH"
39589,2.827785714285714,"NM",9440,666,"9440_20221231",1.5027091093802913,3.4789303544444232,14,7.986085227978632,1.3341877235601294,8,"OH"
1660628,5.973482014388489,"SM",9443,26809,"9443_20221231",0.08935762115214416,2.7380134691415936,278,10.317135543509897,1.2644334667962207,4,"OH"
299515,6.655888888888889,"NM",9450,2354,"9450_20221231",0.45175721150960535,1.5995708331845118,45,28.02453686338424,2.1248239526627883,6,"OH"
970756,8.906018348623853,"SM",9457,9557,"9457_20221231",0.11270797950820306,1.64783309747605,109,11.067154749699872,1.325409222223178,4,"OH"
271327,6.957102564102564,"NM",9462,3452,"9462_20221231",0.032896258564592315,2.4762555923839535,39,9.843237199035752,1.2808602981613877,4,"OH"
755071,6.040568,"NM",9463,8119,"9463_20221231",0.03948590223117043,2.2706154642744143,125,10.124844206032133,1.632114822931782,4,"OH"
453317,8.553150943396227,"NM",9465,4076,"9465_20221231",0.9351996109173942,1.6288936535912222,53,15.307894149815679,1.67855364359485,2,"OK"
198913,4.5207500000000005,"NM",9467,5489,"9467_20221231",0,3.7957222331701255,44,8.79228854467948,1.610352337208891,4,"OK"
379256,3.992168421052632,"NM",9472,7595,"9472_20221231",0.13341327541503042,3.2900528832941776,95,10.389703978711877,1.9014618739478604,2,"OK"
294110,5.655961538461539,"NM",9486,4464,"9486_20221231",0,2.4580578239329727,52,11.067687348912168,1.0209367119363155,4,"OR"
304944,5.082400000000001,"NM",9489,3943,"9489_20221231",0.29955553751547503,2.7353227964352933,60,11.92555394213187,1.4746649583890792,4,"TN"
417178,8.022653846153846,"NM",9499,5661,"9499_20221231",1.3418379399952753,2.9290963920961888,52,9.967365147735888,-1.1742232304452913,7,"TN"
117058,4.335481481481482,"SM",94,1535,"94_20221231",0.45054424988168484,2.598684663116908,27,11.52980779293264,0.7352334172617327,4,"AR"
148047,3.0843125,"NM",9502,5128,"9502_20221231",0.4176294556611993,5.494951957259228,48,13.124675054590828,0.05151064021196265,4,"VA"
553654,4.652554621848739,"SM",9507,8041,"9507_20221231",0.9690780569451117,2.9790562188545575,119,10.277954259578994,1.228823340024009,8,"VA"
427593,8.72638775510204,"NM",950,4866,"950_20221231",0.1693830692212143,1.9638400906047082,49,10.67915573986189,1.172839128118129,2,"IA"
187935,5.5275,"NM",9517,2947,"9517_20221231",0.2127154766872019,2.7671952789605276,34,9.770156612529002,0.7266771246654977,4,"WI"
245352,9.087111111111112,"NM",951,2928,"951_20221231",0,2.0182872435325603,27,13.485518437810734,1.2616876466118214,2,"IA"
176261,6.528185185185185,"SM",9523,2746,"9523_20221231",1.830876205040984,2.817903853052207,27,10.687155798257882,0.5864701896633207,4,"WI"
138702,10.669384615384615,"NM",9526,1067,"9526_20221231",0,1.614475492174602,13,9.219347779793068,0.9682481629512845,8,"WI"
240540,10.933636363636364,"NM",9529,2569,"9529_20221231",0.12857405253168433,1.5288546917418078,22,17.794278281316444,1.3399761970652102,2,"WI"
620990,7.666543209876544,"NM",9536,8937,"9536_20221231",1.0049256948587497,2.4075765914100455,81,7.764393363582621,1.4033271179974744,4,"WI"
6104235,11.078466424682395,"NM",953,67888,"953_20221231",0.009780062415346605,2.0278838677490136,551,9.753169159370042,1.093140031442608,4,"IA"
255293,5.549847826086957,"SM",954,4396,"954_20221231",0.02967637136073972,2.588558439878629,46,12.784755092163442,1.1669933259350982,2,"IA"
452052,7.175428571428572,"SM",955,5622,"955_20221231",0.13526376434046392,2.2582700784235166,63,9.893080538370937,1.4532669607813844,4,"IA"
311290,8.191842105263158,"SM",956,3474,"956_20221231",0.09320249137428867,1.9052248030076737,38,8.613320015047933,0.1667353350157079,7,"IA"
2331206,7.875695945945947,"NM",958,24958,"958_20221231",0.41671008753647354,1.7737569284805612,296,9.432575139871977,1.2955803264379122,2,"IA"
31655,3.1655,"NM",9614,806,"9614_20221231",1.2910284463894968,5.0847330139077975,10,50.8400386224654,-1.831556936222705,4,"AL"
123529,4.575148148148148,"NM",9615,2321,"9615_20221231",2.9212924606462303,3.1228574772997106,27,10.270114845322462,0.8896172304810956,2,"AL"
691261,6.91261,"NM",9620,8189,"9620_20221231",0.6567594325719425,2.2829009703787992,100,8.30579042039486,1.0611358607101777,4,"FL"
4513488,5.892281984334204,"SM",9622,83296,"9622_20221231",0.08921801978721289,3.3482650196415475,766,8.273827706686616,0.8212044055222701,4,"FL"
371460,6.191,"NM",9631,4592,"9631_20221231",0.29282192011271274,2.3264114176405406,60,8.88888888888889,0.8735890156336147,2,"IL"
619628,5.388069565217392,"NM",9632,9946,"9632_20221231",0.651024202417972,2.7641618444501312,115,9.009070906283332,0.8105384348539577,4,"IL"
277387,19.813357142857143,"SM",963,1857,"963_20221231",0.19493397034299365,1.0719258947567702,14,10.260701043018711,1.1351543625054448,2,"IA"
632031,4.546985611510792,"NM",9647,10193,"9647_20221231",0.1553145522749014,2.6464145044975633,139,9.151812344561131,0.7994767061559707,4,"IN"
75271,5.790076923076923,"NM",9658,1009,"9658_20221231",0.008791981712678037,2.1976324372541054,13,9.908193973562913,1.7703150188991406,8,"KS"
126941,8.462733333333334,"NM",9659,1552,"9659_20221231",1.3693426960273478,1.956024792025075,15,11.999969381975168,2.0102278886715528,4,"KS"
73569,8.174333333333333,"SM",9661,753,"9661_20221231",0.8166444147752558,1.9744601580670404,9,14.586380287771789,1.158772500303127,2,"KS"
307645,3.9441666666666664,"NM",9665,5184,"9665_20221231",1.7219595696119985,2.7719870921898213,78,11.109266236669008,0.8796610262773125,4,"KS"
97831,4.446863636363637,"NM",9669,1471,"9669_20221231",1.2199437208283486,2.6582406471183013,22,13.649501196506822,1.1051567239635998,8,"KY"
55262,11.0524,"NM",966,506,"966_20221231",0,1.6737501142491544,5,26.73497818675074,1.2186576486000669,2,"IA"
82442,3.29768,"NM",9672,1485,"9672_20221231",1.0197450637340666,3.2732377715383483,25,9.702110821204665,0.6871582680656125,2,"KY"
740741,4.748339743589743,"NM",9678,10291,"9678_20221231",0.19767079711018976,2.3810695199964895,156,12.437813589590952,1.72540113315879,4,"KY"
285837,15.044052631578946,"SM",968,2207,"968_20221231",0.09518511650905495,1.2491705911864188,19,8.479405806887238,0.7478165644403446,2,"IA"
169561,10.5975625,"SM",969,1994,"969_20221231",0.034131063283006746,1.7117269962069341,16,12.331574270532977,0.825870405603558,2,"IA"
19296982,11.582822328931572,"NM",9712,206237,"9712_20221231",0.39393523070560066,1.8605229659071039,1666,10.784376149796012,1.347543152879344,4,"MA"
792571,6.240716535433071,"SM",9719,12655,"9719_20221231",2.5403332246393693,2.826598892205767,127,9.467209956220275,1.222581786769498,4,"MI"
74448,5.726769230769231,"NM",9727,1268,"9727_20221231",0.2925864643448081,2.5578716887521993,13,8.753689989124243,0.6075103466605916,4,"MN"
105274,9.570363636363636,"NM",9728,1141,"9728_20221231",0.03543121096005459,2.499798736270201,11,7.9793727841858,1.3159551563767575,4,"MN"
58758,6.528666666666667,"NM",9733,889,"9733_20221231",0,2.5966332625759,9,7.433611320090279,0.8606078557206562,4,"MN"
117440,9.786666666666667,"NM",9735,1311,"9735_20221231",0.5562207887519796,1.7900361714409792,12,9.286105151612539,1.9162566707092532,2,"MN"
704321,7.825788888888889,"NM",9737,7936,"9737_20221231",0.4139880182313954,1.7350466997818286,90,9.435004418735438,2.19516159258171,4,"MN"
203883,5.227769230769231,"NM",9745,3300,"9745_20221231",0,2.744360169243668,39,9.900214320282073,0.9383469495193715,4,"MN"
161838,4.149692307692307,"N",9746,3535,"9746_20221231",0.42303683113273105,3.9635003483724285,39,9.650833751292577,0.3440941705680304,4,"MN"
53119,5.3119,"NM",9747,714,"9747_20221231",0.1275380063258851,1.974706255606853,10,13.929482106744043,0.3136190913798511,7,"MN"
689010,11.295245901639344,"NM",9751,7808,"9751_20221231",0.2218889581853773,1.949939761691374,61,11.892981117318925,1.2310898236437808,4,"MN"
39217,7.8434,"NM",9752,288,"9752_20221231",0,1.3049343641363567,5,15.678567806065525,1.2426710942769676,7,"MN"
465002,7.380984126984127,"NM",9760,6257,"9760_20221231",0.10543260546332592,2.2764209341586943,63,8.478865131225646,1.1918964546989308,4,"MN"
106012,8.834333333333333,"NM",9769,1422,"9769_20221231",2.1063693685461025,2.5387646940194846,12,8.436373980656173,0.7086677987760401,4,"MN"
118929,5.9464500000000005,"SM",976,1516,"976_20221231",0,2.316113954481869,20,9.181311954504165,0.9239326190934906,2,"MI"
405041,7.941980392156863,"SM",9770,4816,"9770_20221231",0,2.119151931207891,51,8.817956113332075,1.1720363749496352,2,"MN"
134913,8.994200000000001,"NM",9773,1526,"9773_20221231",0.13030105604460537,1.9841358674158476,15,14.915261900635254,0.7424652832187922,4,"MN"
270007,5.869717391304348,"NM",9775,3872,"9775_20221231",3.017796440711858,2.547445447199317,46,9.084039146440007,1.5470081904523523,8,"MS"
123708,4.265793103448276,"NM",9777,2146,"9777_20221231",5.238433201527594,3.164389653767567,29,8.939966141424664,0.9741966182237743,2,"MS"
523761,6.23525,"SM",977,6018,"977_20221231",0.04381264929788137,2.036238736852158,84,11.689972080492762,1.6184294173370837,2,"MI"
311112,6.763304347826088,"NM",9788,3153,"9788_20221231",0.6617417310181672,1.761609942741285,46,8.425545567207465,1.6436792335846206,4,"MO"
177954,6.590888888888889,"NM",9791,2096,"9791_20221231",0.21006346408893872,2.0216270178750295,27,8.91598168477961,1.443542855491188,8,"MO"
283932,7.673837837837838,"NM",9794,2938,"9794_20221231",0,1.896301657502818,37,9.236601578728708,1.2422688965047688,4,"MO"
828250,27.608333333333334,"NM",9797,3893,"9797_20221231",0,0.9706997169914222,30,9.122416822036595,2.1216623263876846,4,"MO"
382801,10.937171428571428,"NM",9803,2545,"9803_20221231",1.1820894773011834,1.1449425144600973,35,13.922824651129003,1.821373443099961,4,"MO"
113677,9.473083333333333,"NM",9811,973,"9811_20221231",0.7113010749258397,1.5544259495324448,12,11.745980214448682,0.7785280559417999,4,"MO"
67600,7.51111111111111,"NM",9812,788,"9812_20221231",0.042270681552577266,1.8963510854134809,9,15.750696337117015,0.976354253614491,2,"NE"
110827,11.082699999999999,"NM",9818,1300,"9818_20221231",0.018701201552199728,1.8950880718216256,10,12.247743518716478,0.8332488409176797,2,"NE"
66835,8.354375000000001,"NM",9819,717,"9819_20221231",0.5608768638293671,2.0024275402684366,8,16.403916117010265,3.7761737509015325,2,"NE"
127826,4.565214285714286,"NM",9822,2246,"9822_20221231",0.005130415153194196,2.448042126491513,28,8.633855732948664,0.7626623558504125,2,"NE"
563092,6.866975609756097,"SM",982,6059,"982_20221231",0.6477206997784545,1.9120403790652472,82,8.051847816217197,0.7139532839689751,7,"MI"
432448,6.552242424242425,"SM",9831,5661,"9831_20221231",1.898767411494124,2.314933331382889,66,12.879622362933068,1.2502651384937207,4,"NY"
85531000,11.681371210051898,"SM",983,1183000,"983_20221231",0.492481695784881,2.3109124530613636,7322,9.007251062257527,1.2989664991434762,4,"TX"
545969000,10.616181846464961,"NM",9846,7530000,"9846_20221231",0.8535463582938851,2.5085862414254567,51428,8.536346035544048,1.1572475364271877,4,"NC"
58408,4.492923076923077,"SM",9860,855,"9860_20221231",0,2.585014691810119,13,8.236198677533446,0.4902905563276223,7,"OH"
62104,10.350666666666667,"NM",9865,545,"9865_20221231",0.9609691670082434,1.9712822279796178,6,15.530206879045563,1.4362199089565788,2,"OH"
407406,15.08911111111111,"SM",9871,3004,"9871_20221231",0.006641996394344815,1.371444481102418,27,13.179280280792916,1.9823351627758505,2,"OH"
54148,4.165230769230769,"NM",9875,1022,"9875_20221231",0,3.343996472267458,13,8.869119091802204,1.1024164194288322,4,"OK"
49527,4.9527,"NM",9879,741,"9879_20221231",2.2527472527472527,3.3016627966542154,10,10.461443648409213,0.5309582300395228,7,"OK"
125638,4.487071428571428,"NM",9881,1692,"9881_20221231",0.13932007415777176,3.0852213022891184,28,8.770496736859302,1.2670294462428022,4,"OK"
968281,6.05175625,"NM",9888,14861,"9888_20221231",0.6825491258658876,2.6656138716536604,160,10.642995199582892,1.2811220071520317,4,"PA"
4481008,7.493324414715719,"NM",9889,49897,"9889_20221231",0.25163553142614703,2.093357850040759,598,10.827739928311999,1.3410698893049922,4,"PA"
1554014,3.9744603580562665,"NM",9923,31143,"9923_20221231",0.40365255943543954,4.231486722751875,391,9.670377250624517,1.841312509120585,4,"SC"
230830,9.617916666666668,"NM",9932,2514,"9932_20221231",2.2098729792147807,1.8156024567580107,24,11.305873221680358,1.2775376142916721,2,"SD"
268999,7.685685714285715,"NM",9935,3644,"9935_20221231",0.3212199870214147,2.1939772754950435,35,8.351286226488801,0.8783520471539568,2,"SD"
77176,7.016,"NM",9947,805,"9947_20221231",0.7479861910241657,1.8010389486285825,11,10.05060221911815,0.33578692262566795,2,"SD"
1556974,5.76657037037037,"NM",9963,26957,"9963_20221231",0.03219487130080126,3.2692198833908828,270,9.240376564126242,1.0165560146960912,4,"TN"
1173037,4.692148,"SM",9967,21704,"9967_20221231",0.15773955773955775,4.268437732146309,250,7.122913999767253,-0.8027575957134517,4,"TX"
1903412,15.227296,"NM",9978,9555,"9978_20221231",1.814590372302424,0.9392224814949333,125,10.793368407231055,1.1444575497959493,9,"TX"
86622,6.187285714285714,"SM",9986,830,"9986_20221231",0.24234761076866337,1.938476422187952,14,16.23701693646486,0.9889941474535197,8,"VA"
461234,6.684550724637682,"NM",9997,5041,"9997_20221231",0.017874262686664175,2.1996308531418975,69,8.08860296743885,0.8663513443808267,5,"WV"
201384,4.1955,"NM",9998,3317,"9998_20221231",0.6814810568330837,3.2754761737122955,48,10.268659681183891,0.9534878416664765,8,"WV"
117457,5.872850000000001,"SM",999,2082,"999_20221231",0.7754846779237023,3.059202647680014,20,6.891184118961287,0.8301217148953774,7,"MI"
164938,6.343769230769231,"NM",99,2170,"99_20221231",0.48865291547244283,1.9302552293973245,26,13.098517683511263,1.759258470424863,2,"AR"